SDSS_NAME,M_u,M_g,M_r,M_i,M_z,M_FUV,M_NUV,M_2j,M_2h,M_2k,M_W1,M_W2
000011.96+000225.2,-23.254112555140658,-23.38027908532257,-23.662778856711814,-23.64302933406871,-23.845207095563588,-23.187760217832302,-23.041381792431082,-23.925772723021243,-24.393263578496896,-25.032134302376512,-25.482688690214015,-26.330524685688268
000016.43-001833.4,-23.243641451265958,-23.64149275501093,-24.164939423371255,-24.41370534905733,-24.54303254355193,-22.628809456787327,-22.750693167024703,-24.743009277263933,-24.782393007978452,-25.525749541177536,-26.076806759653127,-26.928642476760665
000026.55+264950.7,-22.2622627931975,-22.595885072272857,-23.117840267477106,-23.375733356482126,-23.760999186521996,-21.44928534580094,-21.78251729806582,-24.05912129163408,-24.40565372352437,-24.667211697169588,-24.710956028161316,-25.63276984279629
000037.04+032744.9,-20.57916851318964,-21.25629005860551,-21.902171054752756,-22.2150830046936,-22.277482508058384,-18.112816147001755,-19.474080645224515,-22.33485901106408,-23.25358150468658,-23.745138423726296,-23.71829357594251,-24.36677803397289
000039.08+272053.0,-22.241846184438497,-22.707017474462106,-23.237358265175153,-23.35263966917838,-23.777031538261205,-21.501684359667312,-22.076521978249822,-23.363778181013597,-24.157709746278343,-24.63174928513079,-26.028191414039007,-26.824254325618657
000051.09+111411.2,-24.725485659583434,-24.914789835760317,-25.303424772829484,-25.41876290826266,-25.590635433621806,-22.39325283162999,-23.861812122838966,-26.01634965853665,-25.660094250073257,-26.285363855504485,-26.732497628758924,-27.532409811961674
000051.86-060855.6,-22.812028438480613,-23.072037990604354,-23.46840947539545,-23.648800436363775,-23.891003733006226,-22.464945788580994,-22.547059179277365,-24.343959907485342,-24.582177490835175,-25.33944608558179,-25.302219467583125,-25.90784155327644
000051.97+311151.8,-22.913004751262573,-23.226639217894892,-23.651243388107325,-23.683525176987832,-23.810211097391324,-21.99569749813676,-22.504368452040584,-24.16306745187754,-24.536423463311433,-25.227279636935084,-25.74732512801855,-26.62243333684432
000110.97-105247.4,-23.426116772840697,-23.637468838180283,-24.03492100653262,-24.12241279984653,-24.30318234786975,-23.454399592867798,-23.504325007428,-24.297320303909984,-24.77223610389062,-25.138357515714688,-26.119184897018183,-27.121643755152714
000115.18+081503.3,-23.966343326731014,-24.314537689944363,-24.810249866481396,-24.983364052513668,-25.178935242715532,-22.968683646931186,-23.774331776212307,-25.614954268361295,-25.432784192739284,-25.94826102108122,-26.39814102681693,-27.219689561340093
000133.34+052921.1,-22.569217096685744,-22.836959311754338,-23.12879454073847,-23.24332215871193,-23.192912425029224,-21.82227346315774,-22.07413840269068,-23.212614511061602,-24.475264290216668,-24.156355726145293,-24.903662525885053,-25.499566943900383
000151.30+184805.7,-24.245666477365663,-24.034118180091944,-24.617770432253515,-24.672230022762587,-24.825229373311004,-23.239308712774424,-24.028319888040432,-25.275022769223362,-25.497123770158932,-25.940937910762624,-26.31144577985577,-27.311872266810713
000202.62+085628.4,-21.13550036659925,-21.563299751838336,-22.13947241038147,-22.30287641042632,-22.38094732862689,-19.396186587534018,-20.58175763157426,-22.66159735535182,-23.114357018892175,-23.418456336042656,-23.663987303507742,-24.02989754832901
000217.89+344727.5,-22.2361879144942,-22.754555405611573,-23.201758563188896,-23.5433767096062,-23.812756429826738,-13.877054542349416,-20.894811739760517,-24.002662590866166,-24.313634052950626,-24.705327244067245,-25.57146264474992,-26.336075116983277
000410.80-104527.1,-21.77309332357947,-22.10734482423742,-22.480147635559646,-22.635554477129872,-22.739258794648315,-20.863877816452046,-21.351688634712815,-23.08460983781718,-23.601016711786315,-23.95902003245964,-24.203440601188714,-24.519164742197784
000435.75-011318.6,-22.424512488717564,-22.567675040831666,-22.904730160838806,-22.962015719563404,-23.16386750984536,-17.719630273585885,-17.287414582870905,-23.438541342622173,-23.913224377250973,-24.403652776176223,-24.95727219257818,-25.733447983514573
000453.84+104524.5,-22.70780665900789,-23.213181889512615,-23.745933898342006,-24.004556818560744,-24.24944035749612,-22.70679374745952,-22.387301751700186,-24.59186279356682,-25.074567978128126,-25.040265780904758,-25.17286823823853,-25.54379133125148
000458.79-022629.5,-22.289548793344796,-22.548049547358648,-22.801211618920238,-22.8787163547722,-23.334898441575724,-22.022428194852353,-22.20183034442669,-23.462664616541957,-23.593424962015458,-24.595963534065756,-24.705896534338752,-25.52759790892768
000513.98+094416.2,-23.358672062167816,-23.966759557379092,-24.619804038596268,-24.842060471226446,-25.12053183176349,-21.855927974313758,-22.660580654572257,-25.496120089561188,-25.257197800979366,-25.968139769007237,-27.12696259972342,-28.11280054234116
000545.61+153833.8,-23.352569361299782,-23.480724042517625,-23.803251231015143,-23.823410597012476,-24.029495017542565,-22.55628293517592,-22.882546183820526,-23.997263299583437,-24.10106696293413,-24.971285753335426,-25.602470854224478,-26.439667896199666
000547.54+020302.2,-22.778157754256085,-22.809251459664633,-22.957448548039935,-23.153951462682727,-23.047077745411624,-22.369876234483268,-22.459108049801213,-23.27118944467725,-23.6553555610233,-24.364594441658394,-24.747790610725286,-25.276991993563797
000549.60+235018.7,-23.36832490413888,-23.653231835139845,-24.043884760280257,-24.11677791328248,-24.307339318713474,-22.55395225162391,-22.93455057460722,-24.252181584059848,-24.77294360617327,-25.191000820892334,-25.857193747424525,-26.6503378638923
000555.54+042345.3,-23.22451631950747,-23.408561624335768,-23.74187789895524,-23.79481783193669,-23.94788409583672,-22.479107772197068,-23.050725545912904,-24.699961646838627,-24.888632902672608,-25.08198809993998,-25.47199165037307,-26.30134487929419
000557.23+002837.7,-21.531750041510772,-21.679911560788607,-21.93304950434887,-22.084384196160322,-22.316802098754746,-20.9011397316985,-20.90367421507733,-22.709758385111968,-23.050407616512864,-23.39056353050062,-23.727406960794497,-24.250006320241567
000601.82-052845.0,-21.015144223162093,-21.810333026577847,-22.435133840265763,-22.69088862071795,-22.86032430403247,-19.885931357188515,-20.913030494478075,-23.329984762070584,-23.71224541478447,-24.576498961012295,-24.843975703081263,-25.433453443112402
000614.52+085715.4,-23.545958260611943,-23.762987629505382,-24.318041601295267,-24.431718989475588,-24.562536038521692,-23.504800849012955,-23.34085893304459,-24.5151420711037,-24.998643691209246,-25.644592242660636,-26.466366512261143,-27.408017667751974
000624.49+190338.2,-22.49867445002144,-22.804796077427234,-23.155700314781267,-23.33363268813336,-23.550978468087482,-23.069327359330483,-22.718632707446794,-24.041166523017367,-24.50826479174746,-25.008786616654763,-25.27167774586899,-26.084625613794177
000652.00+061509.2,-23.271053265582488,-23.67013895958374,-24.16739005907062,-24.402085803884503,-24.662073913823455,-22.07989624724752,-22.56094937261304,-24.802767066832402,-25.316589544980694,-25.461558626054053,-25.868585863494115,-26.506032418234362
000701.32+002242.3,-24.460654475418043,-24.634651110760352,-24.97466097866182,-25.18737751565851,-25.3626744281769,-23.154217595134803,-24.486056208466476,-25.548062699827312,-25.817657034296662,-26.086018184416723,-26.937862484063047,-27.78644568488241
000710.01+005329.0,-22.7533906993985,-23.151113572615287,-23.597983406577786,-23.732646575640995,-24.110055160054962,-21.903480155325486,-22.402599166160925,-23.787857818800433,-24.21846217215957,-24.581070220500624,-24.99366898625495,-25.73440297717296
000727.05+024113.1,-22.30350221533217,-22.721444253412496,-23.4661745959275,-23.278928040332563,-23.93862121377787,-21.692446372467852,-21.876068631925467,-24.188355586056296,-24.440863890110865,-24.966909466124267,-25.314842852294632,-26.06524853577525
000729.30+061916.7,-22.883473169422075,-22.9226147678409,-23.101707627389306,-23.210778659212206,-23.58519000971184,-22.98902284091179,-23.085700768568966,-23.487783477873403,-23.410815423230858,-24.300810234916682,-25.130058352443136,-25.75982309407182
000734.61+181246.7,-24.642239633405254,-24.798658068273593,-25.145641035072376,-25.248961782120368,-25.372866611374896,-24.02257970196294,-24.271526833349192,-25.561181526288777,-25.373227645370697,-25.944294965774667,-26.460980323252105,-27.24222038367627
000754.68-040942.9,-23.068469826882254,-23.301357567109555,-23.501943836085015,-23.59375115367585,-23.64596372923216,-23.058928629680235,-23.05586048703387,-24.260956000489653,-24.162576938346202,-24.867303268012915,-25.37633574126401,-26.15944326040469
000814.35+121201.3,-24.478290213683447,-24.67395117791914,-25.103946891526313,-25.185316754501226,-25.36868942407504,-24.48876383831298,-24.37151440736069,-25.146824800578525,-25.06140508799567,-25.477876811891573,-25.97693143161703,-26.80064748862829
000834.71+003156.2,-22.451673786774688,-22.696093589919702,-22.945470289891592,-23.03374631087793,-22.987767013200983,-22.098089668494303,-22.514915241779907,-23.211577605440954,-23.257095815477335,-23.60941116926287,-24.247158397203126,-24.69745704315812
000838.65+360638.7,-23.668573124406873,-23.70259971236986,-24.0967808909757,-24.07715865574817,-24.2058113861392,-22.845065742153764,-23.201122789588922,-24.55079968446207,-24.533095206073504,-25.323025085163334,-25.82039565539244,-26.52712936710198
000844.62-012722.9,-22.483444698093447,-22.53196174836576,-22.81858023828029,-22.959454482391955,-23.240094022605717,-22.099772709315786,-22.204648112637486,-23.477098872006202,-24.21198198857378,-24.55991234981886,-24.81606920041996,-25.575623868618596
000859.26+255305.2,-23.95818134333124,-24.242631387553,-24.314569486798398,-24.668843083060697,-24.853209486902244,-23.471608953234725,-23.728260478666904,-25.02287321378589,-24.974270079469623,-25.520890771488297,-26.295285818759453,-27.110393522196187
000904.54-103428.7,-22.050676956241503,-22.225504952818834,-22.369389108671587,-22.553976819741987,-22.533399542353404,-21.389285511124505,-21.328328974985634,-22.745907783400494,-22.99237924211017,-23.459517886230987,-23.34490901549497,-23.864691737079173
000912.53+265022.9,-24.323156291145917,-24.375051242083302,-24.674163258223523,-24.67937653124587,-24.936363327168294,-23.066683269219233,-23.911292154837355,-25.20982925861818,-25.009120788231293,-25.642218914366186,-26.36401591194822,-27.297042985388433
000928.48+013659.5,-20.387825306843094,-20.70796015804108,-21.240241824371893,-21.37593801129509,-21.43890790458203,-19.435061540064538,-19.9495066577076,-21.609312797763504,-22.11503168294469,-22.75551043562165,-22.98504248834449,-23.442134580358186
000934.85+180343.0,-23.640857175898798,-23.81830334211057,-23.978369662317707,-24.092382998226903,-24.222692229712372,-23.533037830362925,-23.33185900748888,-23.903559932287337,-24.083342851132926,-24.45825643510168,-25.41370156679041,-25.96319748980102
000943.14-090839.2,-22.067307399899363,-22.23366784569345,-22.519934488439443,-22.713607857803567,-22.734358897626617,-20.765486398187175,-21.57123103386411,-23.205180490548248,-23.56657314082981,-23.97294021470771,-24.350603944286078,-24.767579759194494
001008.19+260947.6,-23.599426483049125,-23.86284033813613,-24.251063903197387,-24.380500658348183,-24.540449116244364,-22.246381541977865,-23.52752246705687,-24.851759036153435,-25.046188007187787,-24.845844335642976,-25.864569438129653,-26.722384921034
001018.71-042937.8,-22.197986357747194,-22.402438124917463,-22.68407899764962,-22.84390618406403,-23.018350329893487,-22.45805488844263,-22.213390761958223,-23.49470744760087,-23.917845463250554,-24.099428809572526,-24.67817205075405,-25.50986112258807
001030.55+010006.0,-22.36021585476767,-22.858649496542448,-23.507354332552918,-23.695091665099092,-24.04595510150267,-20.972683971730223,-21.70597094898027,-23.89178893027543,-24.15356727203767,-24.27478469139657,-24.387413757775573,-24.984215383756585
001143.32+054330.4,-22.304943108896047,-22.672145877110502,-23.017783359180847,-23.137630442443125,-23.399756339667928,-22.181844432630427,-22.199710567178187,-23.25506120650988,-24.0307985184698,-24.503233024755495,-24.872916713097272,-25.85608204534285
001147.45+064625.9,-24.76919242470997,-24.879672895634236,-25.238018077727105,-25.404779165158498,-25.612125359958597,-23.86795723842783,-24.204700693635814,-25.119398328087794,-25.345343723294675,-25.791910039513517,-26.791584865294965,-27.54959398197943
001224.01-102226.5,-22.4552064418736,-22.697817284198024,-23.087641954426957,-23.341627863408867,-23.289840611500345,-21.927808722835877,-22.11674657831932,-23.51386831180872,-23.836131108824805,-24.275138214724457,-24.78726350041004,-25.251463080865687
001235.72+020326.3,-23.51222515816212,-23.822587328908885,-24.227995237979524,-24.31115480796602,-24.59623711573399,-22.540123850400068,-22.762867750156484,-24.29876388776037,-24.6161851085264,-24.98661440443574,-25.771955151406743,-26.563629818741223
001327.31+005232.0,-22.525739683496244,-22.884896700928856,-23.308642778890114,-23.39395287703461,-23.690507034694797,-21.438435486405375,-21.902229670500464,-23.841817892567413,-24.174068596466334,-24.908385895622285,-25.351921416550212,-26.111741800430043
001340.44+040859.6,-23.789002221335718,-24.024900996183298,-24.436257900432643,-24.59406815188732,-24.83619869526246,-23.146577152549906,-23.0652302805569,-24.87390757404214,-25.246485619810276,-25.639361510259402,-26.299020303690458,-27.23135009082387
001345.01+320214.4,-22.945148078787703,-23.404782258604378,-23.867144494314367,-24.017003711100116,-24.267284600577252,-21.242317031081562,-23.083053502067955,-25.003360648489195,-25.073533760858375,-25.5782757729784,-25.638193215277102,-26.307993109637163
001456.05+260719.3,-22.52444176709074,-22.632159679880566,-22.875189663945243,-23.02796216825474,-23.233110905584173,-22.473921541926675,-22.72396926392553,-23.21913034974144,-24.055818347662953,-24.31159063271637,-24.786564263997093,-25.38129546484507
001504.34-005439.2,-23.232487565251144,-23.369473576837578,-23.650796340934676,-23.76173327698629,-23.904348171723015,-23.149736732404673,-23.044061221065977,-24.42131253554814,-24.50870109489166,-24.841799770941595,-25.413704780751598,-26.232770239796945
001614.98+205213.5,-23.559105386499173,-23.71902272195521,-24.031621254184937,-24.025617046526207,-24.117121148870773,-23.723893255226347,-23.638485519034738,-24.654978969226963,-24.554703403634928,-25.27453915449846,-25.727194020746,-26.643527557804084
001704.50+203713.9,-22.698300105485057,-22.88518075612913,-23.29915937455488,-23.364606839136513,-23.554001437323876,-22.417258663168365,-22.44534813664387,-23.964358834921043,-24.276942896002563,-24.95043372016066,-25.455192665349667,-26.227649054356444
001714.16+033425.3,-23.154669605209822,-23.307312729903035,-23.556929139219196,-23.61841860178607,-23.841189253761506,-23.373303466940296,-23.080428117958082,-24.09696562287051,-24.610894054848444,-24.667857002531008,-25.503677513584563,-26.31878236326417
001732.40-044848.7,-22.719092566365475,-23.07971018623518,-23.528604536663725,-23.666454736788445,-23.969228107785355,-24.03753966172095,-23.458492223244786,-24.283879610660115,-24.37069353172372,-25.001666214056645,-25.41911228274837,-26.066170735127756
001732.64+210118.4,-23.72680924956715,-23.874724987258737,-24.299699284083808,-24.525186350248124,-24.714234551164612,-23.387077568970845,-23.64874468446116,-24.742849925142476,-25.260422860995906,-25.032619443088176,-25.873210341309985,-26.758426940484963
001753.48+191816.2,-22.871769578451048,-23.305998112153215,-23.60651555588891,-23.715407972025012,-23.499870273833668,-22.799358001748956,-23.1513194250754,-24.627115871764392,-24.655529621913587,-24.939208209258553,-25.46402313065274,-26.30682382421231
001811.20-020144.5,-22.748997900920287,-22.948106610377845,-23.369673618202274,-23.597242590189577,-23.7875156653879,-22.25238358972808,-22.53634258180586,-24.336909014686448,-24.773317103400228,-25.183652457058287,-25.502808184559303,-25.907516222800382
001822.02+011901.9,-20.961464894500153,-21.10207846606965,-21.3767343752173,-21.61539654771263,-21.613196943770006,-20.796267296522288,-20.83866920688287,-22.09039661044363,-22.63117616437402,-23.028792341908023,-23.294657292066407,-23.712746465400816
001822.72+053304.4,-23.20512750819977,-23.40903371657125,-23.84708578401617,-24.09612559110079,-24.270363481548195,-22.519310303754985,-22.754867247341146,-24.648907728292762,-24.860755978403496,-25.096766122314083,-25.915133183221393,-26.875070337920818
001837.92+045106.7,-22.89363622489595,-23.031375629018527,-23.204264583527888,-23.215230587864358,-23.524561156050904,-22.834044118836697,-22.799361824339556,-23.66006397191371,-23.90235245306088,-24.554698544773686,-25.150979235539584,-26.038529126172175
001850.28+012150.7,-21.68984887789645,-21.850780971485626,-22.198943246879132,-22.43082220085772,-22.62403412831913,-21.04611837640245,-21.090262167443242,-22.590827359731072,-23.30861711183902,-23.582628265672817,-23.889848537358535,-24.534032030396354
001855.22-091351.1,-24.055794841828885,-24.443827138269505,-24.94530572020012,-25.151288999097815,-25.30140003245504,-22.959484085025984,-23.3094916588555,-25.43428180907622,-25.65588860536003,-25.90504938152799,-26.571004521509835,-27.538386075369562
001859.75+061931.9,-24.459328245061787,-24.638156428800432,-24.938425931527142,-24.94855273717198,-25.0954203671646,-23.8584051545702,-24.0365685646612,-25.338378900528564,-25.04858515929932,-25.390868331956938,-26.220819375764226,-26.90566242491115
001902.52+040038.8,-24.137119605431163,-24.243916628818898,-24.525434510848232,-24.644604125174386,-24.813174859302357,-22.690385191096095,-23.456748049246567,-24.6682636664452,-24.968498197939,-25.10892384724801,-26.048409309398366,-26.718687984060704
001931.45+051213.3,-23.39932549496804,-23.737989273050157,-24.06894218391274,-24.11140406792441,-24.316683581233256,-22.87507537731975,-23.346770070096554,-24.39479745838984,-24.696346436654437,-25.41556671667573,-26.452596764314407,-27.33639824218733
001941.22+031025.9,-23.721114184289075,-23.921709056424525,-24.41187318095294,-24.50761598351965,-24.75220219034589,-22.050229329392902,-23.409450155285196,-25.048295244541386,-25.41470266585369,-25.498343651410682,-26.417454116638254,-27.38430759180315
002019.22-110609.2,-23.69597307076452,-23.844078434456648,-24.155997274148522,-24.230839584705066,-24.46034118365874,-23.45680420746563,-23.28479882735514,-24.269781897136294,-24.5278122855987,-25.198648202167465,-25.759170130559927,-26.68855017114687
002022.39+271736.8,-21.611044606867647,-22.1837309452351,-22.7877861633769,-22.99388727229525,-23.070044577570613,-19.578444444439178,-20.43126990480959,-23.166944079255288,-23.707649950881603,-23.893774946839386,-24.48450855701422,-25.18693034627867
002025.06+022625.5,-23.083725923896775,-23.337392055707795,-23.783982620899966,-23.77893547015288,-23.96506625898969,-22.730760565929252,-22.938170095534378,-24.08732557138891,-24.171100836262603,-24.97884545488127,-25.570862150809024,-26.357437111583483
002026.46-025458.2,-22.353721188829343,-22.43238901552026,-22.672644268120163,-22.711699072982064,-23.250497745986497,-22.725123152590406,-22.791040493162846,-23.32599653640233,-23.689893787931563,-24.127149224211976,-24.634868803529308,-25.37778954142958
002029.37+192153.0,-23.716648713767224,-23.885661447142216,-24.191141600783606,-24.255363001933883,-24.491891008073647,-22.666888745191024,-22.64532048552485,-24.437160965729326,-24.422593803585244,-24.95390266171971,-25.199348970026133,-25.708675635811847
002033.19+022852.7,-21.096493837026514,-21.22750435464554,-21.5429740993466,-21.821797577257183,-21.977013940132863,-21.110528257490884,-21.06558617285042,-22.467740038460573,-23.18153378262107,-23.14554714239042,-23.073961217222386,-23.52292661046025
002056.81+001147.5,-23.668236493716133,-24.063160200963285,-24.565350754351368,-24.73831399241659,-24.960501806715207,-21.556653481497765,-23.371777284006825,-25.288043726563274,-25.480968088896283,-25.719781502148116,-26.702253147362175,-27.55404566812845
002125.76-023540.5,-22.864101499627814,-23.2130164500512,-23.70533473967997,-23.915804094815226,-24.13428747458454,-22.80928577934482,-22.825744877006038,-24.179785251201746,-24.443916623023885,-24.92593959500687,-26.094064506539365,-26.954284698916453
002140.57-030854.2,-22.909823906356205,-23.064924424656684,-23.319391419927527,-23.354540264501026,-23.69669927899096,-23.016850806856464,-22.91771534415058,-23.846952819535392,-24.201304179475333,-24.31536967165337,-25.103122058257263,-25.85559204918616
002244.29-014550.9,-23.673652720680924,-23.911890675780022,-24.326557059318745,-24.311805131122377,-24.508791266310094,-22.980646667180604,-23.507211687478282,-24.377596700769555,-24.701632179032547,-25.067622668825834,-25.508075249176976,-26.264972299990877
002249.22-103956.2,-23.073831589986558,-23.37473119431011,-23.774422711210676,-23.84832143644985,-24.115305351082668,-22.241353395974023,-22.418317420209455,-24.17644161947924,-24.55750473139254,-25.120953593160475,-25.415827442125522,-26.33364756125074
002255.13-024418.6,-24.028194687142864,-24.192704050392393,-24.41724398342886,-24.450417372491632,-24.587233970931454,-24.382790759821965,-24.22638551226634,-24.79353849403637,-24.884063999066612,-25.18745989845397,-26.04970392579499,-26.856064117427
002303.15+011533.6,-23.59750916167071,-23.788695490510978,-24.08705154690053,-24.12727672346455,-24.302415157220395,-22.921789553549623,-23.2559530786283,-24.51351771763862,-25.065599076152136,-25.140116859833622,-25.367478036979737,-26.10074184122773
002310.68+184551.8,-23.682075850056687,-23.93550635284141,-24.32805160273435,-24.402476768470535,-24.59454191045904,-23.060094243364627,-23.630697861811267,-24.99294344982138,-24.994052669577755,-25.30176287479237,-25.90110383210596,-26.6213477860196
002312.69+072455.4,-23.279219500615074,-23.629154183956963,-24.00864818050153,-24.104807422155332,-24.272261804248956,-20.690494738081398,-22.683849518223102,-24.357916048542787,-25.04558404502762,-25.258059934463873,-26.089194331964496,-27.087416221219467
002320.24+042901.2,-24.07961453557209,-24.174238498954864,-24.536144055030203,-24.69338827497792,-24.781761851096892,-21.292304820910612,-23.51273469698948,-24.79190458506815,-24.937902995980853,-25.662838100416607,-26.082728198136927,-26.720256547624643
002330.58+154744.9,-23.867162208895497,-23.95157747675057,-24.11340402646542,-24.0884174440795,-24.328959544338904,-23.256948682161738,-23.352824465523,-24.09403723868868,-24.396369355208673,-24.931036287993823,-25.695296441608583,-26.490736496997712
002332.33-011444.1,-23.832398016474762,-24.03789916913388,-24.347044358056934,-24.442683724902384,-24.626066915420836,-23.611533314703923,-23.66392996155363,-24.338090231293204,-24.674021519500855,-25.132889835582837,-25.875417525956742,-26.708564979135396
002335.06+242126.1,-21.921127292262305,-22.0525496413282,-22.307365320153828,-22.477086241996126,-22.46499691380631,-21.713370863165483,-21.772605701400106,-22.868860376639244,-23.450146969075266,-23.68231343846907,-23.905850894645518,-24.427386545741104
002341.00+070554.2,-21.35200876779842,-21.487202494721966,-21.83510815471482,-22.049758099409512,-22.015035695441895,-21.309983933872573,-21.39962866848334,-22.541284973679716,-22.69765281685435,-23.1680448604478,-23.825801324342557,-24.2545126139741
002354.40+093920.6,-23.38247501446796,-23.385507408646557,-23.563278361332042,-23.55414121363161,-23.817524342779915,-23.054632766284744,-23.02306884134114,-24.05117650753157,-24.819675993655434,-25.0757434818338,-25.548493639325383,-26.329293901115882
002402.68-024459.7,-22.11214995966797,-22.08827984872055,-22.325334695415638,-22.35418064331126,-22.663393729677512,-22.09699878227514,-21.973197920529344,-23.317504547628612,-24.06360270408693,-24.19799870664544,-24.47090180266804,-25.211642164859047
002422.23+042924.9,-23.70834001359109,-23.844128024967382,-24.235186536608612,-24.38328849823787,-24.549879776263044,-22.887470917682506,-23.672342990146134,-25.028820886747905,-25.092939146805527,-25.139835241005542,-26.439605796668673,-27.31030470598392
002439.84+180753.6,-23.169717324726836,-23.439465464851477,-23.86925266115552,-24.047229359987785,-24.193385042840557,-22.191193319296023,-22.82981361722503,-24.655391230372185,-25.097766109478865,-25.432345150940403,-25.867104632106766,-26.665747652185797
002444.11+003221.2,-23.575102443488575,-23.817102449026436,-24.124360709303616,-24.145960423119487,-24.510899624983075,-23.49110578347827,-23.479581947122966,-24.379286821270263,-24.642759749605144,-25.10612994614429,-25.82487054821927,-26.62449089738514
002450.54-012859.0,-23.744730453009186,-23.88165501183052,-24.278208438637662,-24.39809730360524,-24.55269031100156,-22.982048762657815,-23.274155589694868,-24.30943619285786,-24.837015226570657,-25.325977238778787,-25.829143948592108,-26.564913092197294
002453.19+065648.4,-23.469394125232117,-23.805877279094872,-24.130552864179915,-24.31444278858518,-24.338827020953097,-21.908236657331862,-22.698122813694344,-24.142725174882198,-24.649769132049958,-25.246484304717708,-26.05595520174012,-26.634312091420686
002500.42-031238.5,-24.25223033301897,-24.33834671069129,-24.573789335621807,-24.629358148566013,-24.75765185038425,-24.487077174903334,-24.28042989834583,-24.93098700338057,-25.18125771697525,-25.759209379659033,-26.819108452820885,-27.79301945801299
002611.80+333956.0,-22.873343078907993,-23.134867622082133,-23.50721913951417,-23.552028592012945,-23.79298287603566,-23.226833239817335,-22.76525982883558,-24.091937000777477,-24.688376161951307,-25.03558832395752,-25.616432907348834,-26.63827724163753
002613.14+191308.7,-23.18282708107768,-23.45884893273152,-23.931937798342158,-24.132068582236766,-24.39278429549185,-22.671449217307558,-22.75206566583693,-24.425380976096527,-24.637134470968444,-24.85399674430421,-25.747794964426394,-26.614796338175793
002639.76+254754.9,-23.709688789707887,-23.84154826033414,-24.099844038478693,-24.141068239445467,-24.319889338838532,-23.199086303048077,-23.212182360292815,-24.083800649838782,-24.41828769532921,-24.852977133537763,-25.648054154316995,-26.461990728143682
002708.00+173249.4,-23.705064059605768,-23.836921465899458,-24.338131096584103,-24.553826168209454,-24.85861445631308,-17.232985119885377,-23.92249352835345,-25.264067255787154,-25.427573531114184,-25.947883849208825,-26.486218245676728,-27.413810967416275
002736.28+320853.5,-23.04001496838551,-23.34037455109118,-23.750225208459497,-23.790893091922726,-23.989977460600088,-23.018256038791787,-22.892218906026386,-23.784254508803848,-24.320063054410582,-24.905777397894383,-25.81218522972913,-26.670865410657292
002749.93+070640.2,-26.958090424028196,-26.751527528430955,-27.11989885603081,-27.116914398955245,-27.40830735234781,-25.872559928015388,-26.484690425828223,-27.7022149084966,-28.187338611690777,-28.832974822873723,-29.57551105194738,-30.591778259697552
002752.39+002615.7,-20.687651707972524,-21.131678239640326,-21.5815412238843,-21.85665892909934,-21.87343277389085,-18.886267972514748,-19.783529388387105,-22.36227457532794,-23.0406922137357,-23.32654711544481,-24.12589262389078,-24.574669733256307
002818.88-035610.6,-23.102418609666106,-23.436967222162092,-23.83884212640728,-24.13620972833065,-24.405906365555136,-22.18145894150573,-22.690925680787675,-24.348117308888522,-24.53607853507856,-25.176100820250696,-26.26562855958795,-27.21016084827689
002831.71-000413.2,-21.443879984925633,-21.884017639819977,-22.383962955460436,-22.74839762457884,-22.86955028394002,-19.150681129427543,-20.301731715366824,-23.345965401157635,-23.778228307746275,-24.299776438304967,-24.94597097200935,-25.46689749562691
002909.79+034328.0,-23.879100722427186,-23.998121104950588,-24.381200107262345,-24.493656137317902,-24.696841775156333,-22.736036818169328,-23.934215261091044,-24.72027095738672,-23.58208210617037,-25.16727296083619,-25.95859354288816,-26.72770263556707
002930.91+101243.2,-22.411959638751945,-22.693968816379794,-23.146779933830864,-23.24839595412046,-23.592834469449002,-21.172743754161846,-21.708244777640527,-23.938481037111377,-24.15209015766492,-24.941561153163356,-25.23737132638834,-25.967230075335724
002933.96+323802.5,-24.5538397538725,-24.85949277755782,-25.293455653687452,-25.343621071423733,-25.508079751470685,-23.98394174763121,-24.368102080765706,-25.515579592893435,-25.32969803752081,-25.895036535661895,-26.45510975918406,-27.236756662493026
003003.58+100248.4,-23.862916050525715,-23.956614485902563,-24.230783621490605,-24.23897276475,-24.32433062480665,-22.640779495166235,-23.59393569541784,-24.636003557573712,-25.15044202019291,-25.55758267720392,-26.305395009561877,-27.19471530080999
003016.33+083024.7,-21.509525506064264,-21.694608459041245,-22.0849022845665,-22.412457035533844,-22.85623248074995,-21.397287255010475,-21.57279384070651,-23.353700711950193,-24.05805205023081,-24.586565276304814,-25.235167219338052,-25.90600384256949
003036.14-011443.1,-23.63286663602514,-23.888120445425155,-24.170010696221023,-24.213268167238635,-24.363238354314944,-23.913925093914305,-23.900990020708374,-24.533262443808418,-24.90757814398547,-24.846372532406637,-25.624851816983433,-26.40624518993817
003143.38+193156.9,-23.365435528735595,-23.62289919618025,-23.974704013846427,-24.096657786657065,-24.28910521593364,-23.34691396302957,-23.240391947473725,-24.35565361416998,-25.00239835542556,-25.551803902396347,-25.594715907890897,-26.398250961330575
003224.87+251937.5,-22.67044269743702,-22.70519194004739,-23.022205130477712,-23.08070742834507,-23.303287947519348,-21.41390155570898,-21.628529483727906,-23.44053595610491,-23.866257210186163,-24.27123164410767,-24.7350567398249,-25.377550941340754
003224.91+081258.0,-22.757415912769105,-23.06695393638353,-23.2904257046404,-23.370432055560173,-23.618384082320713,-22.970143158779294,-22.96661451183177,-23.903844168549163,-24.167197173573904,-24.6169716234621,-25.33298909816422,-26.149339607145734
003253.16+220553.4,-23.058544007049154,-23.192679932831382,-23.495717767985692,-23.563485025393895,-24.008707138165263,-23.179391260853716,-23.26036913562582,-24.06929724072957,-24.606315911480642,-24.792986908679115,-25.16573024294126,-26.045160672813708
003302.77+162745.6,-22.995065778562317,-23.552633281252458,-24.174508943574057,-24.41449597673872,-24.714857100415085,-19.50977249030333,-22.36922627287935,-25.228914222818588,-25.824376073130892,-26.06664662861139,-26.708733804479127,-27.697861786650304
003340.21-005525.5,-24.26609994549973,-24.55630661291494,-24.88541484533476,-25.059177926622983,-25.087149403936863,-23.158387294002303,-24.311337154868475,-25.539103337130346,-25.44609032523907,-25.933394423316194,-26.45242008107065,-27.228723813973836
003346.91+231419.9,-24.020513482543723,-24.18050737015882,-24.4928268113663,-24.613728897790452,-24.877356327655455,-23.011747560649617,-23.81841283504429,-25.01061588574909,-24.977271871172494,-25.54774285369836,-26.295279879657553,-27.12138749019802
003428.09+095020.6,-21.238049190295524,-21.535808011041578,-22.12971910894567,-22.48133136941206,-22.61778696023761,-20.71962957479392,-21.220001408360964,-22.519417908261914,-23.55919189606986,-23.932042199586864,-24.472047382964444,-25.19095148446954
003431.74-001312.7,-22.451128809798966,-22.655798783053417,-22.89113912670756,-22.925309038093754,-23.29186156663037,-22.563250421856562,-22.53289522742217,-23.487787749900946,-23.685615253376294,-24.154032167386646,-24.721656733108325,-25.56551747152104
003525.49-035510.8,-24.47669355153144,-24.546519696959326,-24.844960377764274,-24.974752750704475,-25.1348885830222,-22.138485688825384,-23.93874145092757,-25.303764933864404,-25.318911774313914,-25.555282720430263,-26.004845916168566,-26.983591640812193
003530.73+222907.4,-23.23863451740383,-23.610522072054057,-24.01963336006102,-24.04726724059679,-24.2220139942156,-22.766248297621416,-22.946119414930582,-23.977275293330447,-24.47877356251309,-25.214452418911875,-25.67027175409913,-26.271178266771592
003546.82+041152.9,-23.7902592007356,-23.968448749932076,-24.313418169745383,-24.40790013957781,-24.534601306216704,-22.583220935464713,-23.616216506231055,-24.898151007357953,-24.922939631074215,-25.267565942477173,-25.885894135688527,-26.688623564633883
003555.69+080653.9,-23.34960817976665,-23.632483109169165,-24.05857383120245,-24.15365328880628,-24.438446009661362,-20.82957262037703,-22.489177911792744,-24.686451525069938,-25.22373499438435,-25.679664994813884,-26.155785891113766,-26.904874202335886
003612.50+054951.8,-24.279544021566466,-24.392398361647928,-24.59922651430403,-24.582857663781443,-24.856985675922793,-23.946621005307467,-23.968586283230145,-24.62305902281449,-25.014375189149252,-25.117719149226144,-25.66564261142139,-26.426007664454524
003618.41-105503.0,-23.195391035636863,-23.42269518669436,-23.8601467945723,-23.850823400214292,-24.064900134941684,-22.89296825357718,-23.194856976161557,-24.074796575081443,-24.46155650096994,-24.872274254755055,-25.682256970536884,-26.521004969790052
003840.30+040900.3,-23.07192907141514,-23.193739568514765,-23.49257857705002,-23.493345317522284,-23.761836359330662,-22.14568630497839,-22.825764580054933,-24.77519930338966,-25.113377981899664,-25.110617088395653,-25.60033406597015,-26.35856473299411
003853.97+013043.3,-23.8161004820048,-23.802434674512867,-24.04809517070412,-24.263811381667587,-24.30100711587852,-23.73168458730969,-23.558022520882304,-24.681568336976582,-24.47942322745679,-25.098091932446334,-25.277754576131585,-26.147395577462884
003945.02-042439.5,-23.981834461155167,-24.075301114916357,-24.37561471927201,-24.476927957390036,-24.58565925347882,-22.81617623547436,-23.892271976121283,-24.75477648900617,-24.869892723373866,-25.636303808690005,-26.401477767556283,-27.337794684599903
003948.75+032218.6,-24.295054521830803,-24.35079724913177,-24.614058521279702,-24.689239326168984,-24.81725165720206,-22.434367746486174,-24.14321368332493,-24.779457705278535,-24.981706127433608,-25.057967578935244,-25.988735102755957,-26.784389656229397
003952.47-054740.7,-22.64657896566304,-22.821448306628106,-23.329699176099993,-23.448962529104993,-23.71466611323988,-21.382716111480295,-22.053712786431223,-23.854621672950003,-24.101843248096767,-24.390841996274933,-24.62776524077263,-25.194152644985248
004030.88-095359.3,-22.690147509347423,-22.9663046778099,-23.42627463080041,-23.489631408977946,-23.721009727887473,-22.509690889296174,-22.55237241651976,-23.788780524139767,-23.76367045822652,-24.54130623048033,-24.446545980689596,-25.33390929706877
004045.30+040558.0,-23.982115077992454,-24.053838108192213,-24.366714363360504,-24.526645849558186,-24.782370672072368,-22.897750747648576,-23.84140292122926,-24.95236428753308,-25.471866531426112,-25.791803064259728,-25.990418699285566,-26.771373054336475
004046.16+185424.3,-21.512781989994807,-21.549233757378126,-21.867771750048078,-22.196827957866535,-22.010780163535646,-20.85978760274179,-21.303713640989365,-22.36771575978251,-22.75277450767094,-23.410149648998306,-23.896910096267767,-24.39865421319225
004052.14+000057.3,-22.670910098320167,-22.860989134648815,-23.298021248888062,-23.2307936291721,-23.316775076377866,-21.63535490055454,-21.969487128153986,-23.255943819399334,-23.490325098259927,-23.40234053644315,-24.1882993624971,-25.081676548432892
004059.51-065101.5,-20.903387967128293,-21.196107807476075,-21.78806614996689,-22.00678721269333,-22.562571589707233,-18.019500262828043,-19.556188676413736,-22.935813370914357,-23.170102057863993,-23.83550604784338,-24.32846107011044,-25.144194919172662
004117.06+294151.4,-20.632294265999466,-20.822309502897077,-21.211956068115782,-21.442512167856062,-21.475342917640184,-20.191436125125442,-20.276183100395507,-21.37031531289291,-22.143446891297867,-22.746100853837046,-22.957155465245357,-23.505883805176932
004129.79+102626.3,-22.52740680393374,-22.85756993214547,-23.254462351727764,-23.396255434463054,-23.638943809277176,-22.41880996169755,-22.376561876666983,-24.30999938784617,-24.549434199956625,-25.14487522519763,-25.40131145327913,-26.180200478415216
004130.84+183627.6,-24.345690571504644,-24.484717743883508,-24.83796041714362,-25.027304565379037,-25.28628183612978,-23.54987498679053,-24.232631021858573,-25.402986614779756,-25.333360648769876,-25.89672933971315,-26.37076588847811,-27.336063788363827
004135.24+090202.7,-22.794899542359488,-23.085663611585435,-23.445290077392897,-23.579102600180583,-23.8065880896903,-22.234105917720154,-22.357594834886022,-23.708098280237614,-23.963891294301284,-24.58425311100973,-25.10916869119022,-25.854223232512396
004151.99+181617.3,-21.172328561834195,-21.349583034782253,-21.7083932969622,-21.975334891300786,-21.856122984720407,-20.612554553356702,-20.604154392854632,-22.34264152390376,-22.567945753897074,-23.104024600681445,-23.383732457936475,-23.819861873353425
004215.52-062752.0,-22.24762367467194,-22.623958123302057,-23.084604919624564,-23.22572205376427,-23.529117282256223,-22.45316569472546,-22.471568298102788,-23.3941378487148,-23.974410826218786,-24.72736537112747,-25.007964655105635,-25.945029475841313
004222.18-055823.4,-21.41589393370392,-21.805279167654525,-22.256508324649534,-22.35573355061525,-22.42091680168049,-20.096043613421976,-20.37577050269981,-22.51965235529705,-22.821074725564518,-23.252507907327352,-23.617501148540754,-23.900216613188856
004222.29-103743.8,-24.2956393314167,-24.499945328285428,-24.858313574057266,-24.852467394427894,-25.03627221644593,-23.947717725110554,-23.972327244643235,-24.731310987946518,-25.177811851024963,-25.733798327964806,-26.43851635526069,-27.337651499705146
004225.68-023457.4,-23.813503106151202,-24.104333069093865,-24.492371012091418,-24.690963927322883,-24.913550052717028,-21.407914155090612,-23.452132548324833,-25.198525235213523,-25.302402991914718,-25.742348508485012,-26.39259110956626,-27.325880598373697
004319.74+005115.4,-22.522524371484028,-22.596484258342603,-22.834281531735495,-23.003518126120802,-23.372542043721854,-22.348527229815932,-22.57613941831884,-23.332756378404817,-23.897817162249382,-24.222988554078157,-25.038122321440053,-25.68850401630256
004359.86+313720.2,-23.447518943936522,-23.78515074332358,-24.09602552779277,-24.130216755379923,-24.40569866277841,-23.1576927557774,-23.563255159577604,-24.660911918148965,-25.12449026602883,-25.206804543462727,-25.918320073598313,-26.75019417566684
004403.04+245641.8,-22.261601237711027,-22.446740261744566,-22.73400855488198,-22.84381269199637,-23.102175122632808,-22.113465794424584,-22.22898555185139,-23.143106811257383,-23.87661412884992,-24.325427902790377,-24.710343653617645,-25.38468690526695
004404.87+013342.8,-24.14149802145754,-24.265727468087878,-24.542854776861645,-24.570795155696615,-24.725854834903856,-24.07507011465039,-24.00262531704292,-24.6058934195213,-25.022792046121946,-25.54711963431691,-26.329747502664198,-27.159158266807605
004424.97+121318.3,-21.375216393549444,-21.818207862046794,-22.355131509839836,-22.562013607649526,-22.719052816913248,-20.023194497577396,-20.977535523897824,-23.396580179804573,-23.905034521808094,-23.830421451607783,-24.223616953375362,-24.782359102515755
004426.36+345909.1,-22.415328586398182,-22.59799758899108,-22.951479853218807,-23.019997933619617,-23.189965595356846,-22.36153090276515,-22.19605827996124,-23.879818391502358,-24.395275408444704,-24.84005899079161,-25.17376611080353,-26.05508973262899
004426.92+044613.6,-22.662260293297646,-22.7651072104349,-22.981903849536554,-23.093493554698092,-23.304914463025796,-22.532774808949124,-22.2912064054465,-23.85941993555378,-23.851824933135997,-24.633871953673008,-24.8723057842395,-25.80083183788822
004429.22+301625.3,-22.265974383981927,-22.442819807047563,-22.786366154071946,-22.928934687018536,-23.261385973771418,-22.63920791114799,-22.621549012599587,-23.562365107678907,-24.53689010698597,-24.80704403865661,-25.34395363714029,-26.200464833429276
004447.58+332500.3,-22.938856136549486,-23.094535276780654,-23.519469589983068,-23.487772788904294,-23.639682081134445,-22.429230301702965,-22.370031870256657,-23.814420401466137,-24.162599106620398,-24.33276880313347,-25.28044041773551,-26.06531754190332
004517.40+072355.4,-21.354629500234008,-21.682107090419507,-22.016883843468943,-22.16162965832784,-22.10051894639446,-21.05428397413472,-21.207552204714734,-22.4272513651536,-22.460921426299574,-23.175994461863144,-23.130759063544954,-23.527265333082134
004549.40+182532.3,-23.76134555411075,-23.942439685307008,-24.354823645084018,-24.49868394811804,-24.7054123012943,-22.027724222610725,-23.37251361881108,-25.020394244825784,-24.736757558857565,-24.68256389384024,-25.96521614002262,-26.887203338028083
004607.82+245632.5,-23.971113205036257,-24.12815286886271,-24.405741854751323,-24.54601786143285,-24.670793440189456,-22.41953510467944,-23.46113884465926,-24.681627947692498,-24.75483464663648,-25.340599576175713,-25.882151915272495,-26.60735735674466
004607.97+090720.9,-23.305349623151827,-23.443858303631245,-23.6536183015386,-23.803344041332213,-23.747114825962207,-22.14053896168294,-22.417210964954666,-23.526574449777566,-24.099919497679693,-24.605187109116702,-25.735484114897133,-26.263061032642515
004635.69-043221.6,-23.74560647242974,-24.06625356736893,-24.4982245440405,-24.602408450489644,-24.682295009533092,-21.629665580226703,-22.825047274173617,-24.89988718316313,-25.563222002906528,-25.276125332447904,-25.64155802663429,-26.378102909199864
004655.49+041329.4,-23.99718981626135,-24.031509365769033,-24.33036183414655,-24.443370067949044,-24.58260482060006,-22.840174912974724,-23.92892901234812,-24.695409827533204,-25.31435704433901,-25.678138818391677,-26.32577620105296,-27.252803570380408
004704.39+331723.7,-23.225448538104164,-23.52955089976721,-23.82519817737951,-24.040911598979548,-24.273482838157733,-21.74345879953432,-23.154728201203575,-24.744824050840933,-24.13852145486555,-25.485802282476325,-25.47727609890983,-26.356376697871447
004727.16+083115.5,-23.471878388831175,-23.592781154496446,-23.871990760969332,-23.981434095823694,-24.14835077973052,-23.345006503190724,-23.180629047854403,-24.39392308965952,-24.730183242607005,-25.145386617872227,-25.756669053330924,-26.649898266035436
004845.29+212715.4,-22.25649361145182,-22.49166712226159,-22.843498185418966,-22.923522819142118,-23.573605791900917,-22.535131923007533,-22.412112084616695,-23.681476277447697,-24.120110145112747,-24.040913894450917,-23.891912693385194,-24.509036315413976
004905.76-044424.1,-22.583294947530224,-22.84305730648292,-23.1829756021237,-23.343926983349263,-23.62243723318575,-20.32399946817196,-21.602530730306373,-24.126005279071894,-24.566386526455183,-24.986778313921434,-25.68314451224582,-26.536901525059456
004920.66+020856.9,-23.550525921617208,-23.66128660294449,-23.969051423589033,-23.967837622663748,-24.115536723139368,-23.134338550076887,-23.515109523207542,-24.281154982788472,-24.938021369856997,-25.10708224900473,-25.460408244071413,-26.146964247435164
004937.89-015148.2,-23.207167435112655,-23.379400877715273,-23.693539583006313,-23.730962808329632,-23.9635389717081,-23.016973537890873,-23.05580671023711,-24.33868899414,-24.472304986898706,-25.31162115977528,-25.253401028441207,-26.07496474999428
004941.36+284443.2,-22.988065517557022,-23.16923176948217,-23.517479837925656,-23.650355191943504,-23.836127667646185,-22.676771847203625,-22.668530178364463,-24.07363549303306,-24.67781754345866,-25.077081223787143,-25.465481683164175,-26.304325028026966
004950.92+200326.8,-22.13825015246346,-22.425579770923434,-22.6460214336082,-22.789014321330644,-23.14555102507823,-22.48713901619073,-22.647561519380805,-23.689738718806385,-24.59437984669378,-25.02600711097003,-25.05598535786977,-25.978916471900394
005028.90+251847.6,-21.483671844092083,-21.908767847210473,-22.178380684151744,-22.416472292638893,-22.462132421837637,-19.30999257036003,-19.555251361882707,-22.614238385516934,-22.767243174226863,-23.46983624481721,-23.36324175762988,-23.847510990014023
005034.75+331448.1,-21.724712398199557,-21.873357201236608,-22.151654993071258,-22.373302813614888,-22.286947053185063,-21.399323139568153,-21.601974144736197,-22.499132890831383,-22.992293553477573,-23.37148054511601,-23.72374360161595,-24.110168155075364
005036.13+040924.2,-22.193185056427378,-22.458986002604462,-22.730761779639,-22.970106186645317,-23.029261564017485,-21.261514395682518,-21.602813190463067,-23.335243077597248,-23.784392529862803,-24.233932266452992,-24.64890742032526,-25.154134570917964
005044.33+174710.9,-22.821441663589038,-22.976615157761845,-23.368250637646582,-23.465616122672976,-23.61258205475125,-22.400078904796175,-22.372088225330266,-23.957388705764455,-24.236825896979724,-24.880529813826357,-25.389453119511487,-26.32613632612696
005119.10+041601.3,-23.218566867438845,-23.434116093498364,-23.774420880370876,-24.109966672299702,-24.01390935074858,-23.109650117681387,-23.04028647997275,-24.275278910518885,-24.46526500873381,-24.66492433983459,-25.38931296396792,-26.28187531801545
005119.41+254136.7,-23.149157823836145,-23.40742573074316,-23.76194332027265,-23.766831789647643,-23.955541875398254,-23.00775669483501,-23.30330717009618,-24.887168815754592,-24.58411044450386,-24.868348839095358,-24.617105715111652,-25.402619864476286
005121.26+004521.5,-23.100585592976703,-23.362650439858395,-23.851101474452275,-24.082379325807132,-24.31281762836774,-22.55182481015981,-23.129089405198357,-24.569155659602274,-24.612481037611584,-25.095802995461135,-25.765694333451574,-26.558157829738434
005205.27+050536.5,-22.92644757852152,-23.142039304894443,-23.55978478710619,-23.63857062942609,-23.905038540981366,-22.963554914006263,-22.780006402106693,-23.722349316774544,-24.455691716152316,-24.348094607954067,-24.915001615119408,-25.57997470965066
005205.57+003538.1,-23.705124571796244,-24.176925280190716,-24.784543442471556,-25.019420876137612,-25.306109033823347,-22.511369012083325,-23.007041981321684,-25.36625041927689,-25.334339653460972,-25.435792262109587,-25.586219344646913,-26.19510196071715
005212.37+262126.8,-23.906392458979752,-24.02354326071781,-24.380868619037628,-24.41197261027627,-24.652874230058952,-22.795082380492705,-23.71810142804883,-24.825448653087836,-25.34739096260001,-25.611361240141687,-25.784865383059426,-26.73713671640485
005224.31+062457.2,-21.86348534307632,-22.152706836685763,-22.42942189734838,-22.590928909318876,-22.559099774428727,-21.141866195008955,-21.574672334759086,-22.736708038916742,-23.207274915985398,-23.097056215913295,-23.513029743742482,-23.988738338847057
005244.22-005721.8,-22.631177189288405,-23.026727816115987,-23.37673660398534,-23.628685305472466,-23.819497360237374,-21.906633894032634,-23.16222908142181,-24.292652748986466,-24.637086297589256,-25.199212277492208,-26.40831976273908,-27.193834990578527
005312.67-031112.8,-22.3419637423668,-22.59411329186745,-23.011987989990352,-23.09546972679263,-23.30391829379102,-21.845314372621864,-22.08899279740388,-23.346052106822967,-23.914687178775875,-24.03141779369835,-24.743798442407602,-25.4117294441052
005328.81-085755.1,-21.91789574700618,-22.27377280846622,-22.64165811765693,-22.834992187918935,-22.93456937327927,-21.768063657175706,-22.00653132278728,-23.225817862265934,-23.41907454385856,-23.840803233576917,-24.040840679195085,-24.572853969828483
005334.89+323927.1,-22.236055840647342,-22.786607161997313,-23.401927941425086,-23.61084879188092,-23.900008741134993,-19.880964588095445,-20.9866744216222,-23.869827738518982,-24.56322844461279,-25.09641669520949,-25.726919243009974,-26.55223845868551
005346.21-035141.0,-23.851345098388478,-24.05383762863263,-24.31764110688184,-24.412113079887902,-24.544252355522573,-23.191049412526322,-23.673583784842616,-24.792375155950072,-25.759364545599112,-25.308560827269655,-26.040752526930874,-26.792484375249977
005349.92-013030.3,-22.289278486166236,-22.48470037889275,-22.944202418286824,-23.052036487235522,-23.30292375908774,-22.55598744869495,-22.53750891455145,-23.957471215002613,-24.28501946886571,-24.753939380062434,-25.344355610860642,-26.26752993612159
005350.78+352948.8,-21.39817887258112,-21.6734085993572,-22.102160130823616,-22.196277029138468,-22.13627418034343,-20.106238995101016,-20.94508855016089,-22.165034098745007,-22.71029360070967,-23.36093391653489,-23.72705082999812,-24.31401581502839
005434.92+145528.7,-24.785374493419354,-24.814510673129373,-25.11860759258052,-25.24224353130052,-25.39331672900394,-23.86084165535415,-24.266541350986834,-25.33077135360836,-25.712568814563085,-25.89714350700904,-26.469492681126678,-27.288621047155125
005447.28+254443.9,-22.63700927517571,-23.128856305377212,-23.614230508154833,-23.72719623233059,-23.997654396135847,-21.539453686777385,-22.541722641438614,-24.069453849528568,-24.53004044765862,-25.159048512756286,-26.040832106775287,-26.807618325264542
005448.53+225123.5,-23.86131292248476,-24.08703305617505,-24.478432850767643,-24.670659135643778,-24.784876610703837,-23.0393106317618,-23.325447093744,-24.557198271167497,-25.042962484362253,-25.13778046430375,-25.59020316492765,-26.206430494355768
005553.07-040057.0,-23.157315165828354,-23.59596333065528,-24.123013243186023,-24.46816310134277,-24.806060467287814,-21.617425719831477,-22.70031930665825,-24.78100247719757,-25.01086190903335,-24.885092710415535,-25.05395872782037,-25.597861973991932
005617.72+275349.7,-23.342941943756966,-23.55034649765005,-23.91451184816636,-23.94411941306968,-24.173294527853944,-23.76298112034538,-23.72658654035291,-24.627920693292978,-24.819899309510873,-25.468257142895002,-25.741854125315182,-26.60228392537066
005620.84+075559.9,-23.01483228274761,-23.13726399224209,-23.67651863826803,-23.89734266114458,-24.32124706085259,-22.786674899582753,-22.760255091940888,-24.12422074740757,-24.761962707696558,-25.28044170720299,-25.41471851414646,-26.15888921601002
005709.94+144610.1,-23.49957252994277,-23.637338576480424,-23.87036549740883,-24.060490582908013,-23.997869546098244,-22.226841524317805,-22.65887589869889,-24.34646686396846,-24.85160265858186,-25.444476447170377,-26.14208222779797,-26.594339150345675
005713.78+244344.8,-23.22731057375269,-23.333313668453094,-23.72266509708446,-23.81369590243458,-23.983748568745227,-22.519408578915236,-22.796965670880706,-23.971820787240606,-24.56748296752601,-24.90783754585649,-25.81158622170623,-26.6701443809857
005717.89+220320.8,-23.205648654661697,-23.84316924140972,-24.107737947129753,-24.36858475212093,-24.65866584941999,-16.946563916626594,-22.516260967166343,-25.116200188117666,-25.16965766016545,-25.491583985264352,-26.00206652410584,-26.70864620442408
005721.68+094855.5,-23.39552444452342,-23.55470010326523,-24.103207485507347,-24.37660393500524,-24.505888819518546,-21.718962501544674,-22.77367208106432,-24.86352683557616,-24.980155322771072,-25.09111684302884,-25.744078263744182,-26.61299033929607
005812.84+160201.4,-21.95059640495274,-22.65386868624573,-23.2652278804635,-23.538404144951095,-23.572677979820998,-17.79693128075168,-20.24290121057768,-23.8581555553342,-24.398606985173352,-24.876529992701567,-25.563422354730914,-26.012741892808844
005813.15+351027.1,-23.228778946030534,-23.32108989179348,-23.662125721534167,-23.8535941782918,-23.985791817993157,-23.36212328180836,-23.095973242745316,-24.547175940663546,-24.676337527475987,-25.537547210099696,-26.554053309470376,-27.523975796966443
005905.51+000651.6,-24.153534910406876,-24.266513564618233,-24.5550913708218,-24.63484641696362,-24.787030147004575,-23.965192572938566,-24.10782571732693,-25.05798960817135,-25.100882628115848,-26.002881258258693,-26.34623339818299,-27.224529775136165
005921.07+213942.5,-20.887804988045335,-21.202522291380355,-21.63343707082407,-21.674483383590704,-21.88486857907907,-20.41342413273504,-20.78094405435009,-21.869316355249328,-22.327178541805754,-22.654346558414943,-22.747396790254346,-23.11683660690636
005951.74-025858.9,-24.243221530765645,-24.42514586149939,-24.724237437967986,-24.745027838388832,-24.87440206205125,-22.269583176545495,-24.067069215214424,-25.348670360686352,-25.433334540677212,-26.064628516292856,-25.81549585463204,-26.663350377842672
010000.47+191153.2,-22.734986483480508,-23.036682921119503,-23.402988434529718,-23.551763052609978,-23.57816802024722,-22.301133686494367,-22.542851243794974,-23.466744741427576,-23.846491779148355,-24.66227321632056,-25.168571527252826,-25.791584429704915
010000.59+070637.4,-24.33784755582845,-24.535720812594192,-24.953253553697316,-25.066678211232933,-25.2150350560747,-22.15759432197702,-23.598805582010897,-25.3362886719322,-25.35222179103992,-25.37012010100864,-26.51995252083982,-27.256721844247178
010002.32+001642.4,-24.42496254016234,-24.56848891604514,-24.89930061884444,-24.984191034076282,-25.13463050906057,-17.616516710922294,-17.246697551757965,-25.36240736539073,-25.338168263619796,-25.391700930666207,-26.32290340899943,-27.376660022568696
010033.50+002200.1,-23.970052029204552,-24.06960801054483,-24.33959947303678,-24.36890440020249,-24.456375744134125,-17.383474891062843,-16.427732730162063,-24.310678346119197,-24.82049942389493,-25.221507541418095,-25.970073718080894,-26.715005232879527
010113.03-092742.1,-24.21803842130814,-24.40193305534046,-24.604471242740107,-24.630213901410926,-24.87029588745577,-23.93844385925615,-23.947822960390063,-24.533028174839952,-24.882163355037875,-25.254084677738913,-25.988039106794908,-26.668123520457385
010120.12+023429.5,-23.97149875402054,-24.110911997830524,-24.456029700955817,-24.676954868176374,-24.953181021639327,-19.897503907700493,-23.55009260823847,-24.83155174972488,-25.162831120912017,-25.734311950489392,-26.456673916569805,-27.386672396754896
010120.30+045956.4,-21.98131068855849,-22.160673324552832,-22.39591369879225,-22.441562089381804,-22.780888220478225,-21.99185842457832,-21.932616248139624,-22.996119669910684,-23.3579224528294,-24.02437504715795,-24.649851002342768,-25.536195127145188
010125.67+132443.9,-22.45982462528993,-22.88085701211177,-23.30836782435184,-23.441687186650906,-23.742539196404113,-21.37378966733307,-21.539687542123787,-23.99169586063042,-24.232836210679448,-24.76498435015212,-25.237496224708927,-26.04643865856473
010130.52+195507.0,-23.092531609691633,-23.467597965114972,-23.95180682121716,-24.171013465510132,-24.356200013472073,-22.987307926287407,-23.207302085668495,-24.306152446102768,-24.47000788252307,-25.092199743320577,-25.75483155941023,-26.665412710856142
010205.89+001156.9,-24.278270896631355,-24.573981354782436,-24.934761391185756,-25.171844519407895,-25.334744891659636,-21.821092413099333,-23.34352989920667,-25.39436501719774,-25.663645984846223,-26.053538703993024,-26.153571150046364,-26.909057359450973
010208.11+020930.1,-23.268312432960823,-23.466393781020024,-23.89232780442438,-23.994185582998274,-24.22302774666438,-22.481743047549884,-23.17885821640073,-24.901695481272878,-24.92931627518366,-25.407891346096918,-25.563268744952843,-26.2608322040995
010209.82+133152.8,-22.579473664314243,-22.758317349978743,-23.155525349530706,-23.20597585759121,-23.428316541665943,-22.549496110774506,-22.46140424131358,-23.49645725840524,-24.302380730001325,-24.574806656706315,-24.956121680108193,-25.647348115737636
010226.31-003904.5,-24.03602447825669,-24.224117797481878,-24.408272914414702,-24.447372467509403,-24.480636190896398,-23.435689383467306,-23.462180074436507,-24.504555300933653,-24.837506666444934,-25.375028602212485,-26.11551817450507,-26.787389588451077
010228.79+182855.8,-22.67679997786327,-23.24474537309369,-23.736772477221635,-23.95558101558228,-24.311933088632685,-22.02853197168047,-22.828956460927643,-24.716328143747553,-24.678767266149656,-25.211744833498607,-25.73224525743257,-26.564995306850857
010253.25-042150.5,-21.983018390783926,-22.431258629171623,-23.008784931959276,-23.17661434484043,-23.51335162542702,-20.26405844111615,-21.119994367912298,-23.637244703073325,-24.23966907203526,-24.731734591210508,-25.537807325329293,-26.316806951849983
010312.99+022109.9,-23.693388402373152,-23.828020874377632,-23.897341778488638,-23.87631147549309,-24.185985748343317,-23.1613449873281,-23.24893434831744,-23.52431267251789,-24.298945319906966,-24.559482244253793,-25.354011284912268,-26.152032992705884
010320.62+271937.4,-23.060115893344378,-23.330337196761516,-23.602181893110753,-23.737753552993873,-23.866921276743664,-23.185259344877153,-22.986619758716817,-24.035273301693714,-24.750472950439484,-25.53611588764453,-25.970259926106184,-26.799299280409674
010342.73+002537.2,-23.277688301426533,-23.533172860138897,-23.921965815389218,-24.057108977760773,-24.240623271615682,-23.02336827824253,-23.3584802289957,-24.290536191633706,-24.79442761657601,-25.38506631376268,-26.086467845969185,-26.757087936271564
010346.58+084651.0,-23.754599010746226,-24.018773008606612,-24.468064264400013,-24.55691275403797,-24.765627310929105,-20.945275938592296,-23.176873014359185,-24.94364600020802,-24.925430809594033,-25.4108746982816,-26.56100669163153,-27.401523713652956
010352.47+003739.7,-23.644989855933453,-24.10794257028858,-24.696419439400653,-24.96842593737805,-25.19821541069207,-21.714487989075927,-23.145426541065458,-25.11579643219243,-25.56695764379555,-26.538743806071803,-27.63369048787109,-28.62444976688334
010448.57-091013.0,-22.85176830034849,-23.161854232656374,-23.536120440536934,-23.619283077048877,-23.8645000918673,-21.723962079239353,-22.100790953836007,-23.861941656201687,-24.331473145269182,-24.96371096331963,-25.460218329420627,-26.380963646588896
010448.97+102650.8,-21.656059560093375,-21.797408334476533,-22.08642204386083,-22.204653643398867,-22.494432630236602,-21.06782285267633,-21.12623682275481,-22.688490746951764,-23.439935138407883,-23.59088742538226,-23.74722225812754,-24.347280998339244
010450.12+032039.3,-21.88847813173011,-22.162309415260115,-22.44566618703596,-22.609674353656604,-22.535833306377878,-21.409480716426746,-21.731367364349193,-22.742744504176937,-23.334086500251896,-23.506567269588423,-23.96512029872032,-24.579958329235954
010454.15-013129.9,-23.72926872919152,-23.944551315782434,-24.20237224407929,-24.2012027000789,-24.34999076279442,-23.327032562413105,-23.49168204293401,-24.42058676195864,-24.891350297846753,-24.92461011736928,-25.786620473616733,-26.695623076871872
010509.29+005258.7,-23.428858295729302,-23.60459645391368,-23.945502795402017,-24.013738195731893,-24.143702420508717,-23.253811881677983,-23.16785372989334,-24.065984665262796,-24.315669031510968,-24.588676995919077,-25.47211659452458,-26.315901271085124
010525.35+233241.0,-21.83055333518355,-22.444743177129105,-22.898983549010048,-23.162832553394612,-23.511606675066137,-20.60199176516076,-21.36427896243211,-23.526874260215084,-24.275320918869753,-24.78053341794161,-25.5262332988486,-26.283060546030807
010535.66-040158.4,-22.44873682564445,-22.754359692754072,-23.12731293432844,-23.241765394432292,-23.383935432639486,-21.857347251879833,-22.022863578598916,-23.57731203332159,-23.793456708333345,-24.618050899680775,-25.322796214276515,-26.014709810826673
010549.39+085214.6,-23.480960255471302,-23.76543084660531,-24.231096796920692,-24.41527147051991,-24.637063851712785,-23.049525522455582,-23.088237821995893,-24.992957913765412,-24.858137059330364,-25.204961917827564,-25.654963603016146,-26.559294068337433
010636.83+041240.6,-22.750631156893064,-22.985659035117095,-23.468225339620265,-23.681069958201796,-23.94928776011358,-21.099253955371463,-22.092115979008508,-23.906647056525717,-24.658572325262032,-24.656002118982325,-25.27067849450776,-26.033390539375915
010644.15-103410.5,-23.02002149716378,-23.182081469864954,-23.388796756192733,-23.527784375303195,-23.77805560101439,-22.72366225071223,-22.77630994405765,-23.888124494592393,-24.40608747895036,-24.334220012690906,-25.203098532969882,-25.973576219775783
010725.12+040849.1,-22.192054057556884,-22.420177994975038,-22.780062751554492,-23.00252561014526,-23.030157631243785,-21.87209914578442,-22.051403490180235,-23.237049968750593,-23.540459820950705,-23.91424948979122,-24.37727237757741,-24.988044408524953
010735.57+024947.2,-23.458571846589223,-23.607657200629728,-23.99843820926242,-24.17527754960767,-24.37491902454853,-21.850909574665394,-23.046573545127885,-24.631382493568317,-24.878664794152996,-25.0294455202107,-25.00797469258197,-25.738558077667093
010737.01-001911.5,-23.55106267649825,-23.592231703133578,-23.929867644132443,-24.059035389280083,-24.129919278916994,-22.87821942146285,-23.17535121245844,-24.340817957001207,-24.75299552071481,-25.477879501872057,-25.944465849387058,-26.955929986290545
010740.47-045110.4,-23.389700933458887,-23.752626694546112,-24.240244357114527,-24.508315849545287,-24.686308071292714,-21.630761858679,-22.058804192896126,-24.830183345279522,-25.27002168183587,-25.63383785550499,-26.340754282209545,-27.202053860683787
010816.91+315501.5,-21.44314663033193,-21.684149913816583,-22.004144038491326,-22.11209672024752,-22.253278394855105,-21.024711617007117,-21.519842830206937,-22.41972027078545,-23.26871936804169,-23.657552442869633,-24.537722443394546,-25.032078481484948
010900.36+151217.5,-22.408395815767854,-23.03125693142244,-23.626774126600836,-23.870358282247143,-24.059528541305717,-20.272515638006524,-21.23621308783135,-24.20918872092994,-24.27733608869608,-24.636936966496712,-24.390557162033808,-25.14772527507378
011030.90-041531.0,-22.93690454695554,-23.142098774308923,-23.41260291678667,-23.454662236270753,-23.55214479291215,-22.90240361432202,-22.826710744734555,-23.60513440388775,-24.404682283942314,-24.600543267105547,-24.893327443735416,-25.65768642568277
011033.52+015446.1,-23.416595222032846,-23.9159545278444,-24.5807027278035,-24.87883611260535,-25.1453381892833,-22.753106967340628,-23.209075507340568,-25.647909641013996,-25.82333957260058,-26.20428442889827,-26.86839254910787,-27.909001774501387
011126.47+330227.7,-23.016879362819374,-23.173118811952374,-23.353642844450036,-23.446570664859745,-23.787943989656476,-23.506088233057586,-23.44539665546614,-24.165747273679177,-24.42441311782962,-25.284724277385962,-25.48218030964521,-26.35250081704549
011132.32+133519.1,-23.973678948701906,-24.167286409005875,-24.428675285105825,-24.48065055170006,-24.60446219989759,-24.04918494187182,-23.876366560399788,-24.42525107574204,-24.60257408875936,-25.21062762990658,-26.088893168376046,-26.949023033482543
011135.72+203314.0,-23.661608210824454,-23.864903016147533,-24.257047269273343,-24.42288635126764,-24.70089841667677,-22.503584305778876,-23.323711963877855,-24.86524116778283,-25.056557851881806,-25.381206629805895,-25.710975434166922,-26.44878001833849
011152.26+201748.9,-23.97361068527512,-24.187108824642298,-24.56284807437559,-24.69652264947186,-24.843926881314356,-20.09470300749819,-23.792227790685967,-24.944975439405592,-25.33184002019919,-25.15883818808218,-25.679691358396664,-26.39341887063756
011210.19+202021.6,-24.466665585684314,-24.564839127142637,-24.898616992632995,-25.00608265913247,-25.09360019503217,-24.454047588812312,-24.666728777418886,-24.961591671472096,-25.23006665835106,-25.54609287055963,-26.59976673487671,-27.45165797425673
011224.66+321400.6,-24.03954019614153,-24.185030938559283,-24.46134855863892,-24.60818786692073,-24.831593873989416,-21.942937280898022,-23.878414557750947,-25.163011351372237,-25.25650251809103,-25.691801276774942,-26.03373031288104,-26.98181660673592
011254.91+000313.0,-22.5649156422148,-22.595666023257852,-22.717663250900422,-22.88821760504555,-22.864461693807566,-21.78620646868596,-21.85293557564083,-23.053048032391434,-23.40283710884178,-23.80960070589111,-24.247043893599454,-24.72752785158139
011257.34+150340.3,-23.414037729789417,-23.48752921103883,-23.84210407685827,-24.006275592119632,-24.082793441932267,-21.483189460984274,-22.957613032310938,-24.721455962117275,-24.933241501665336,-25.723777675880946,-25.414839930309114,-26.28001118514698
011301.74-000003.9,-23.244995211457876,-23.47318710557148,-23.99431379629409,-24.204023884335516,-24.540556524446046,-21.379972556136526,-22.97361785352448,-25.16692245827457,-24.668190664908185,-25.38934337671946,-26.482435262162888,-27.464341799068116
011305.23+092002.5,-22.59767513371683,-22.75699408608133,-23.025303230569783,-23.052304344412512,-23.23539256136384,-22.150187847497808,-22.274089489999067,-24.317599905382714,-24.43498008648134,-24.363110158046407,-24.725222878904933,-25.549968576689302
011319.04+024240.0,-24.27128673596159,-24.63597950366463,-25.053767663334114,-25.26767356084443,-25.576939859667984,-22.233386516642025,-23.76702174850591,-25.566102966161147,-25.800961783037096,-25.839248649015154,-26.421527143692604,-27.124614547455458
011417.18-005518.7,-23.862390090071127,-23.884032767782234,-24.232557030966156,-24.326401190653133,-24.45816605738339,-22.8091789664976,-23.422478025952667,-24.343289276651365,-24.909081335053664,-25.310455723506905,-25.87537941490783,-26.73956923341247
011427.78+243311.9,-22.45459451170926,-22.682868486098094,-22.89040692986248,-22.979718711434344,-23.224501825780585,-22.51467796048009,-22.54081140313069,-23.26805107418222,-23.984700097120943,-24.399056623136744,-25.183716563169433,-25.939302576664524
011500.58+033425.5,-22.79645246831548,-22.896645345150326,-23.206851362502867,-23.247736805720724,-23.428774033486665,-22.881909582880624,-22.60216535416982,-23.406800498770167,-24.0898237711636,-24.561517228395022,-24.767418201509532,-25.49500979655679
011530.51+103008.6,-23.17256600387195,-23.41744490512098,-23.72594640937797,-23.77058611307602,-23.994306788940108,-22.677188348309702,-22.838021362341777,-23.70961420432704,-24.059535532709546,-24.71251080157137,-25.369093873788906,-26.198621154595852
011623.04+142940.5,-23.19564736500689,-23.43218158517906,-23.806090434136642,-23.853190139855062,-24.068842531648762,-22.854295658699993,-22.804730142189126,-23.75699165371236,-23.96361793491355,-24.288890954250952,-25.355330897643494,-26.154887745491504
011626.21+060414.8,-21.922986662384165,-22.088493101924016,-22.366382089815477,-22.545565120165254,-22.557242150644154,-21.19621916232302,-21.373699977324538,-22.759724906092032,-23.21172441280073,-23.596005042172447,-24.08896130251596,-24.54763331501921
011643.64-014908.8,-22.892755945075198,-23.46461466283325,-23.785565706447137,-23.945899254664653,-24.243200957003925,-20.242268570955776,-22.886914926710308,-24.64910926828624,-24.957223642988662,-24.897773702298647,-24.96881115187609,-25.67118554590818
011645.59-050302.5,-23.18338878677362,-23.48297048346953,-24.018993612546474,-24.187714192799685,-24.371314489372313,-23.021367153180726,-23.09708325055311,-24.166213215958162,-24.48937198897535,-24.959098851310706,-25.693224650073066,-26.39490650367974
011704.49-023650.8,-21.277949178104542,-21.89242412513957,-22.575028675611485,-22.768090294765514,-23.06514781648755,-20.016714697529867,-20.506376801698114,-23.09979838497223,-23.511604695903,-24.149985104899518,-24.609917825726757,-25.287428542046428
011711.57+105439.8,-22.274334439449582,-22.33242680629624,-22.58562871259839,-22.71034334538053,-23.117963542631472,-21.92375807824274,-21.985667800143784,-23.33209697306474,-23.846883095878205,-23.96943639115042,-24.476517185320546,-25.129665019522903
011714.09+072950.8,-22.058150467497875,-22.33177448770076,-22.731420517610328,-22.91024250341775,-23.04788038006118,-21.175681579660512,-21.534136493547987,-23.232224590612358,-23.9347129124249,-24.124860481878894,-24.374157882667994,-25.147620627316243
011741.85-104717.6,-23.610147378985367,-23.883608097575802,-24.182154575382352,-24.167648654370343,-24.342790722070447,-23.422211493203456,-23.507691729961977,-24.430819272003145,-24.67630739581416,-24.927830745444183,-25.508077927736466,-26.306466947153904
011808.82+195036.1,-23.525269323325883,-23.67606097075474,-24.083352662558575,-24.251495955261266,-24.357398797853577,-23.482042101649533,-23.525926630799084,-24.67444501473561,-25.13087152509157,-25.454230704119514,-26.01380008169909,-26.933944124117527
011817.79+330433.2,-20.3655670389179,-20.857435953981867,-21.29952870077716,-21.451649726870947,-21.357900672208864,-19.48644742251667,-20.095623348070546,-21.74433973026916,-22.381780279362435,-22.60724543880572,-23.04787224662632,-23.451162646168644
011852.01+110255.0,-23.655994524003134,-23.87652576766033,-24.282712892347757,-24.395434866059134,-24.66843323676754,-22.603575202655854,-23.378985803384012,-25.07281996073776,-25.18022404021112,-25.37060100956182,-26.1293729340774,-27.063420789948456
011910.02+013127.9,-23.183844251672532,-23.474688830602144,-24.033660734288777,-24.21619019793882,-24.365469611382192,-22.863525750327906,-22.95899908731263,-24.183625194203167,-24.373643866564375,-25.168719628062995,-25.95954570794951,-26.741251585490165
011952.09+105402.1,-23.728241368459205,-23.91140975474648,-24.184541589262704,-24.28866839342696,-24.414390067768345,-22.72100215797344,-22.971545467523782,-24.521051042205414,-24.36964111530709,-25.380127430739474,-25.79098100284095,-26.687865238297988
012016.72-092028.8,-23.29923459182545,-23.423083740954056,-23.545980980494573,-23.517817414106705,-23.734447355711755,-23.16236789237865,-23.200580022531753,-23.957940363859745,-23.970500425486136,-24.72726019059788,-25.049144270302737,-26.054489336899366
012039.20-084238.0,-23.68647505630439,-23.90368730806733,-24.29392842966484,-24.443805860913717,-24.64874888799193,-23.319413926021337,-23.56208021509929,-24.681909571169687,-24.791741229481087,-25.497279462026484,-26.018586170218665,-26.84249356504646
012039.87+065837.4,-23.931229608556116,-24.06222402070088,-24.254271553505383,-24.205664986908882,-24.489556935131926,-24.201116960284267,-24.073621530852108,-24.17482936732949,-24.43264834252244,-25.318838456792708,-26.069906764910158,-26.882376392222266
012046.10+154239.5,-21.896333128147763,-22.091159083955827,-22.361754133732234,-22.597209814430187,-22.65767503009485,-21.70082191944053,-21.957947564237358,-23.034216107670918,-23.455832657710655,-23.703893686138525,-24.308738169727686,-24.828471237902317
012101.32+034412.9,-23.721766517912386,-24.03819733437661,-24.447818422405152,-24.48816511686564,-24.881151320388884,-23.055026662075377,-23.894719279736975,-25.16747769995642,-24.917853208998412,-25.45278224520064,-26.33380229968482,-27.088023566264376
012116.76+250117.9,-21.778266102210637,-22.069253724662154,-22.452991222583574,-22.599040274194117,-22.71214578334182,-21.11485057916124,-21.458569011628363,-22.71883168262696,-22.989508631218893,-23.103562276928557,-23.65462090061656,-24.20808279177779
012130.48-094236.8,-23.09536766895843,-23.315102782964995,-23.731689720663958,-23.79578963227589,-23.935155754836593,-22.642990643232324,-22.73571517267725,-23.869875106039196,-24.14153733771856,-24.879736688993827,-25.345077446000474,-26.224986637201404
012209.02+102020.0,-21.98088556142052,-22.40437700116338,-22.865601760614343,-23.099686727398993,-23.330659568633134,-21.239434516144662,-21.469418360440546,-23.57928707783984,-23.780707254252302,-24.131309733272506,-24.279347198845123,-24.97324334386932
012211.74+213454.3,-23.005593580213965,-23.282112552063648,-24.089745548305366,-24.4355990084213,-24.822849372249774,-20.467106440686415,-22.13899180702244,-25.23443917814652,-24.794983769083302,-25.607215637484764,-26.703029706027237,-27.701360217387233
012248.60-042739.8,-22.634524511518975,-22.84562420966305,-23.399499063241183,-23.558211797473476,-23.870283680719808,-22.580677232484636,-22.72767188278475,-24.34683035330055,-24.716223219165666,-25.071067492562573,-25.5533976834554,-26.328191627038752
012302.02-024400.3,-23.259133601567523,-23.41006633564699,-23.57629446856653,-23.56744716257111,-23.87111882147309,-23.190893387482365,-23.19754717329818,-23.57085771975046,-24.246192643586618,-24.4745730609833,-25.179825547959126,-25.993402894923427
012335.38+261104.8,-22.330804647058724,-22.49269312295635,-22.944055341235497,-22.936622533226682,-23.21202157968176,-21.71519234551673,-21.76832455556287,-24.07444588048038,-24.137431214760014,-24.598651414287435,-25.020815489626983,-25.830298456216852
012402.16+071954.7,-22.377808954077533,-22.682135234177682,-23.028867043028935,-23.16959559826436,-23.409605036254188,-21.654599107873487,-21.999072740930597,-24.007020640881752,-24.382208533266926,-24.931593565259,-25.42821114959944,-26.187545800798162
012419.87+141858.4,-22.90361469862958,-23.16502276250623,-23.33811318913964,-23.40010867000374,-23.62742158209648,-22.554011926310633,-22.52624627823009,-23.337536215916714,-23.74931643698965,-24.136641502341597,-24.996295635430748,-25.70383258827451
012427.47+023812.2,-21.55075810144231,-21.91096694757588,-22.273024049228866,-22.379011770579094,-22.49523361480137,-21.116574147407864,-21.43888555407009,-22.532555510671212,-23.294769476076606,-23.748245926731304,-23.95681558475406,-24.60219213384838
012434.82-040102.5,-23.909466169024853,-24.073616721652062,-24.286177192413906,-24.28360085175829,-24.450641219662202,-24.427570999847717,-24.272596416358283,-24.630120184782843,-24.859617809100357,-25.504358875735097,-25.94354238596297,-26.798506427256342
012443.53-060811.1,-22.92817410872991,-23.258627532187415,-23.75458812338239,-23.96955010215741,-24.214681896909898,-22.046021013479027,-22.671292377682292,-24.31868553672002,-24.662105715007822,-24.477847661383166,-24.816077697629392,-25.52250538451673
012447.76+320727.4,-24.536864165977367,-24.786411020924422,-25.183452861609652,-25.218436630975066,-25.39385249694678,-24.214979893728152,-24.45033237611872,-25.16912346884251,-25.149406396376648,-25.782904293905162,-26.675289079442933,-27.496624945780702
012449.79-095614.4,-23.813807394420664,-23.957455674431827,-24.285401160227405,-24.479617507871886,-24.610031087215198,-23.428260370599098,-23.71406655962218,-24.559641598710332,-24.931898610810514,-25.39529012956507,-26.145286774027102,-27.22012904262591
012506.73-040625.0,-23.377085865748988,-23.584628478989583,-24.092875816315004,-24.40476027885702,-24.657285216722293,-19.091091337962123,-23.086533816587817,-24.94203105257547,-25.28441818727087,-25.6995397696522,-26.60179688247107,-27.483211542586236
012513.46+090348.0,-23.116868902578865,-23.46187923190591,-23.909705047287993,-24.108918721297258,-24.311716080762135,-20.943303889054793,-22.41848341998861,-24.923590532240684,-24.44679399463444,-25.70143472714529,-25.947368268155323,-26.679672115287506
012526.78+085630.5,-24.504096458182257,-24.587281734241554,-24.85362032561342,-25.017158506813495,-25.177921190350773,-23.685853839968882,-24.19122477761091,-25.339796161819766,-25.092213038346994,-25.84224902471385,-26.142213005641207,-27.05003428693469
012602.99-000822.5,-22.472243841765483,-22.769028504591393,-23.227035469035425,-23.304359814821893,-23.54767855188211,-21.882821707271752,-22.235097554462918,-23.95952385678579,-24.250175382651047,-25.068011695447137,-25.639884701288175,-26.430526127775316
012631.75+274335.3,-23.041615555195047,-23.2281303426584,-23.519710335055162,-23.57514654948623,-23.943274329631155,-22.485161682488343,-22.68113973233197,-24.02422243914862,-24.664127476129345,-25.175892895155457,-25.867869213891506,-26.632539417102702
012657.02+315353.0,-22.347836404934974,-22.558146097597277,-22.750238958461313,-22.881121554765844,-23.059734241948004,-22.075121342890505,-22.049201295563865,-22.57098756230694,-23.261719403999773,-23.664746834280525,-24.603097876248135,-25.283920879798888
012747.76+263639.6,-23.988981918381512,-24.118432096984844,-24.33575035555761,-24.312965820971687,-24.594527710418486,-23.382950251451195,-23.403943058763826,-24.163651874046128,-24.355175029501577,-24.726416455646127,-25.572785410007793,-26.387325805959705
012753.05+044330.2,-24.108669764053325,-24.21709942658698,-24.504159637881912,-24.54598724911946,-24.73694743624228,-21.177074325056644,-23.46174355866645,-25.26170880490502,-25.362266450201574,-25.772760652681338,-26.195388033190284,-26.947597141830993
012801.89+090428.0,-23.695260235326117,-23.847635559824635,-24.137661613428463,-24.176497368780296,-24.38125162897701,-22.10538261297675,-23.592771755517564,-25.103920395796045,-25.08698533801407,-25.704929388226493,-26.14918289236798,-27.080599841974056
012810.94+005554.2,-23.5247272520198,-24.01341798551944,-24.27757951480412,-24.515731677795472,-24.68601138269417,-21.847414717422975,-23.232563301129243,-24.938418504069954,-24.830354764372395,-25.699231720146642,-25.35999038954369,-26.007369161115705
012835.96+112751.7,-22.984555204430517,-23.30675128542415,-23.76927894655004,-23.940505668531582,-24.085206502011502,-17.82337341334367,-16.217058655588552,-24.29942161208448,-24.849359270858866,-25.1071447491632,-25.809293828667236,-26.757528252267576
012853.91+050725.2,-24.045909295577797,-24.292712821142974,-24.596246208570825,-24.59556021348733,-24.694919743796497,-23.560157170013976,-24.09303526994886,-25.004754143394386,-25.39442167660583,-25.594016710987336,-25.520739578523767,-26.31717494749112
012857.23-011949.1,-25.14709853937474,-25.42261557913403,-25.916185370108956,-26.08500121347089,-26.23861352989543,-24.503843119989565,-25.12730134380332,-26.468287285841548,-26.303358593821038,-26.662449460419438,-27.17578183549566,-28.031562819563277
012922.45+223110.2,-22.20743825634873,-22.381781962194594,-22.66010350084499,-22.909893910222465,-22.94933058418272,-21.584010761210923,-21.94443776325375,-23.53284972851534,-24.039770761307555,-24.6405642766009,-24.726652062600476,-25.27021908095286
012923.64+085612.2,-23.966626270185746,-23.9886055979208,-24.304956418491212,-24.406990241876546,-24.506844498530263,-22.744734003147187,-23.511786799060026,-24.5603839282917,-24.672285547015868,-25.441659379447945,-26.045314723275823,-26.952417577084915
012924.36+251236.9,-22.5131417221673,-23.4927144156032,-24.09206259173879,-24.31156929927418,-24.566767574007038,-20.168449866360326,-21.926683861622003,-25.658136734032496,-25.631972877329638,-26.007247073376433,-26.474002856195582,-27.3928617685736
012927.87+112146.2,-22.236116692183042,-22.34078668061799,-22.549269659620364,-22.640679835798124,-22.947934255736243,-16.098461406618707,-15.07434247247515,-23.13278044962485,-23.817979574055933,-24.02690991614145,-24.539441618358268,-25.20395156583517
012936.19+211717.5,-22.206378391465744,-22.26973353422744,-22.721003062569135,-22.925616434992435,-23.13799704882027,-21.78756647339914,-21.835279652082928,-23.50815637311229,-24.06225767211935,-24.491142275903886,-25.048597587178264,-25.613400227727407
012937.53+271658.5,-22.694308177880917,-23.279501160260885,-23.88925034312502,-24.104547285427362,-24.336620380711842,-21.379422297449246,-22.076677098499786,-24.815437684247435,-25.05710955758407,-25.472339857772116,-25.734961670045518,-26.601295950010652
012946.71+150457.2,-22.325193178958838,-22.570853618501264,-22.884032728702937,-23.033803576152042,-23.463537826264325,-20.08054206830758,-19.97010945224547,-23.65776382457528,-24.17928369858144,-24.475281644719594,-24.16966147401585,-24.749017406051546
013016.98+011952.0,-21.724787121717128,-21.927539954749125,-22.333154326599434,-22.503949869389814,-22.607841092215285,-20.856604856984767,-21.09558826235285,-22.979829438129354,-23.59987832006464,-24.24158870027628,-24.96873858032947,-25.40737157249406
013022.33+331523.8,-22.61522171217925,-22.738892862039428,-22.83203636716633,-23.02351792143335,-23.31520377879291,-22.309166613506914,-22.3040818813787,-23.47506410470719,-23.883014698310443,-24.57223070432087,-24.995699908714677,-25.854549477548208
013027.10+063107.7,-23.810302770452033,-23.910754679364572,-24.330349259832193,-24.502450168339976,-24.75201425292521,-20.12694714904333,-23.474116032014983,-24.790056361635013,-25.03294129121339,-25.53881036691612,-26.13552606703049,-26.998814657146948
013032.74+311940.4,-23.500482001339222,-23.733982992015648,-24.126449575027657,-24.207379423235405,-24.314886540496328,-22.77974472649923,-23.310981789964487,-24.573584662626867,-24.940658568824677,-25.515359794312058,-26.038348114695015,-26.851848981631218
013041.67+004000.3,-23.808329805325013,-23.906521180271955,-24.133352696366583,-24.220554294637594,-24.327638872974198,-23.70593561131517,-23.560840242170475,-24.638590327981564,-24.79743889122829,-25.266522928626827,-26.009670565563454,-26.858005105142322
013052.46+012711.0,-23.71172560430678,-23.90692297434868,-24.152446864516428,-24.21656340012808,-24.372529558073502,-23.34616466122426,-23.362865507156158,-23.80853093077943,-24.366425093678785,-24.953096102545164,-25.690937610960283,-26.49732523875
013056.74+255009.4,-23.058135011411633,-23.25430974157697,-23.468483445807227,-23.516178011096212,-23.898548129306942,-22.532874155615346,-22.421395183553308,-23.732985470139337,-24.29260155269319,-24.38391893890345,-24.96388348771519,-25.670842031893617
013144.70-031038.5,-22.49660218362283,-22.79770881096981,-23.125385146001467,-23.22422161641954,-23.498719315418317,-21.128454954666793,-21.801199121621092,-23.755470321159002,-24.013424572135914,-24.290507015575038,-24.958916035029198,-25.65006242472721
013151.62+185621.8,-23.818795631126914,-24.036295780585267,-24.48575901091423,-24.52692640735574,-24.744944918984864,-20.462157939460194,-23.14962551011052,-25.100000924933777,-25.170134163069093,-25.750954526704742,-26.712687051792336,-27.623760171404946
013304.82+323039.7,-23.040880402362347,-23.0466575572019,-23.239963823469967,-23.195529542819344,-23.36457723616264,-22.614022033039117,-22.804534528214585,-23.83416020323896,-23.995161988000675,-24.792181551215847,-25.381343816977207,-26.27051595469933
013307.00+033904.5,-23.293582656258227,-23.456308170608203,-23.66489990660453,-23.67819069265361,-23.9862083850292,-23.187826563053495,-23.27150787091881,-23.86495102520675,-24.048927734561264,-24.761162830073005,-25.412648747346523,-26.162481373769268
013324.62+242741.3,-23.3859893750884,-23.741061001450664,-24.019309933542885,-24.14193577077604,-24.468802446901098,-23.133592620327462,-23.230857352065478,-24.175608018086514,-24.75310165617527,-25.214932866958662,-25.805908447190223,-26.656769828863332
013343.24+035735.9,-21.71494547933615,-21.851159068059335,-22.109812002938945,-22.229706989831453,-22.31389202393676,-21.464703323121565,-21.440978675142365,-22.488256663774926,-22.74601961041649,-23.434648966444847,-24.118248383087384,-24.61766921185833
013418.19+001536.7,-23.864879758358263,-24.053531508915434,-24.37666070246211,-24.398786048760048,-24.68903968408356,-23.60762454172956,-23.635859927104327,-24.620016356334464,-25.100456099650852,-25.91951075989889,-26.538324023720104,-27.279841856779775
013419.37+014647.9,-23.176417543495397,-23.418659186830503,-23.64536006020894,-23.616889142397717,-23.94619557307054,-22.424237996336895,-22.671669095178657,-24.11367000593218,-24.62257283535751,-25.1865349628539,-25.749405440206903,-26.65183852696181
013436.22+002624.3,-23.772065605831642,-23.841520186776872,-24.192564184802148,-24.334987283864606,-24.43195552920126,-22.541222349152108,-23.121701175105354,-24.42545471613268,-25.243742572628882,-25.307176218608664,-25.919171234778982,-26.954927106354862
013446.25+274643.1,-23.447229524102916,-23.738759820886592,-24.11979244449714,-24.171969977333976,-24.41492434334631,-23.25650065735344,-23.469924779543955,-24.92652577461375,-24.560762969292043,-25.59096450849642,-25.95031552704222,-26.904949139412842
013529.14+241719.3,-22.286560012525882,-22.576162506810917,-22.920873710225052,-23.085928864616555,-23.455727693538936,-21.501480709803413,-21.817336013643658,-23.762216844460685,-24.431598856167746,-24.793433514519354,-24.935072087884315,-25.648326499248228
013555.89+004016.8,-23.362459192217226,-23.67147700402073,-24.117400477712767,-24.301261055895242,-24.584301397178766,-21.328187786389837,-22.528869018144675,-24.612297493054754,-25.15694691726037,-25.492997958201848,-25.948182761670413,-26.791455245771303
013620.23-023342.0,-24.93177067742664,-25.04656217895106,-25.355391625058807,-25.307219053071766,-25.425495676701868,-24.342225331170443,-24.887729297558643,-25.38323904885443,-25.378993495673953,-25.89815925106349,-26.786545249058776,-27.652308581780854
013625.38+123623.7,-22.470601408191392,-22.531039941035043,-22.79616084494195,-22.85463880617542,-23.148055084617646,-21.962894712758466,-21.964713811722607,-23.493064226747272,-23.687625299833957,-24.425615313058657,-24.538196468419514,-25.235545616287286
013652.05+303915.7,-22.76079440338413,-23.053420257350176,-23.60525109048318,-23.71178793498126,-23.937819594837645,-22.46505198096168,-22.587868085444015,-24.04449614724824,-24.838850558632124,-25.328271078032234,-25.883388108508104,-26.71028789190276
013736.20+292142.0,-23.998722856209202,-24.200756105555435,-24.66984375801447,-24.82253929676798,-24.928009000448018,-23.588944517474104,-23.82083928451086,-25.203394844687036,-25.32746424529994,-25.263181922330435,-25.609588138714262,-26.35985072370743
013759.30+020341.7,-22.49467542185759,-22.659485260938972,-22.905348542674297,-22.947810473253014,-23.151185128979314,-22.772160478925695,-22.40124647798454,-23.842850745909978,-23.776477222807145,-24.08477280437433,-24.1800337640788,-25.204120396826966
013803.57+304026.1,-22.129976936519384,-22.386502563074046,-22.691166866405805,-22.790686781553305,-22.88297163369106,-21.713965798486914,-21.908440089846152,-23.018281914665803,-23.392755218114413,-23.93438059701858,-24.405521433091042,-25.095547911993133
013809.54-010920.2,-23.331497090368206,-23.492017964345266,-23.752393636194775,-23.79514649912234,-23.78959960509527,-22.743130790327488,-23.109843891354366,-24.090373758031216,-24.73580461923617,-25.486353739418895,-25.881362601899227,-26.518700241708995
013850.80+343511.8,-22.942508569925476,-23.315800562175614,-23.768709941696187,-23.895658868589916,-24.14361753286374,-20.968019953040482,-22.852661117244732,-24.575359397443165,-24.94363592079885,-24.780025342459826,-24.865737337781788,-25.55453738142488
013901.55-010615.4,-21.916013582608013,-22.113101126288665,-22.312073609108175,-22.36501987557479,-22.63174192822547,-22.015938658667217,-22.1365281500736,-23.27446440774028,-23.508396759237325,-23.950840950238188,-23.222079983350422,-23.87133846038397
013915.23+221748.6,-23.382752467519133,-23.54467452616492,-23.940561991123317,-23.93949353866552,-24.149538372277945,-22.859075949008705,-23.058068937734475,-24.04569762278696,-24.316924338217394,-25.030850095652085,-25.897936901077745,-26.792860266503066
013926.45+090414.3,-20.758691707164548,-21.49341420318295,-22.07498693734883,-22.322506946960978,-22.423641389372914,-16.53481752441416,-19.193072654836513,-22.592404676068714,-23.018830859278147,-23.46456128346112,-24.370963982542452,-24.945147055407677
013930.17+011518.3,-22.187737573250082,-22.53418389138415,-22.869699145979073,-22.885824796532784,-23.204104048819353,-20.774536138886816,-21.601928832786275,-23.121385052947137,-23.325856772446073,-24.12749190499476,-24.570356750992598,-25.123780008789584
013955.76+061922.5,-24.054812452665047,-24.0712611961947,-24.385269543912006,-24.401827008260433,-24.335806228031355,-23.667225183085396,-23.936820634555886,-24.242489301233007,-24.83163401226863,-25.2166338999449,-26.16611099009637,-27.038762187377237
014001.01+314922.8,-22.81699083337093,-23.327288974618607,-23.856313381899646,-24.110003193443216,-24.404477643682267,-19.23375762410916,-22.065629582185043,-24.605194203262236,-24.941028365872683,-25.07597299223454,-25.661779772955253,-26.49990964656215
014017.06-005003.0,-24.350109345786695,-24.438320762855902,-24.558112217549148,-24.628365482493138,-24.88089709265312,-24.589585343688483,-24.651885163052235,-24.548385503184132,-24.809568484946684,-25.221293475366853,-26.23163156838149,-26.84642397188559
014035.01+234451.1,-23.8098299435948,-23.99944136822483,-24.216037599167322,-24.279844708574796,-24.636994612394517,-23.437469533034676,-23.439899450395345,-24.846245421188385,-25.001379898027707,-25.373146650167488,-25.75679730295706,-26.507586274454976
014047.09+291355.7,-24.40232647567012,-24.613560493600346,-24.86145413756513,-24.863735110532424,-25.01261424050407,-23.836220963036038,-24.11424601341111,-25.063495579175672,-25.136856891097164,-25.703937686264442,-26.33906135418563,-27.21051274699351
014053.59+261917.3,-24.428085916130616,-24.666607573537327,-25.103095768985213,-25.352821146574936,-25.55097156713306,-22.87027807936933,-24.54643631124765,-26.00760341261009,-25.925528686172473,-25.90980359951623,-26.1695101484068,-26.870027395253505
014104.73+185145.9,-22.362591415291774,-22.75754485680435,-23.191530709015492,-23.317312095986633,-23.529415182614,-19.332185854539095,-19.351631367677435,-23.572830576912708,-24.26480462221752,-24.66828237866328,-25.33444456152104,-26.216829758905444
014136.39-001019.7,-22.952986735603535,-22.998107076651255,-23.11390854231481,-23.110505044228535,-23.48934054088227,-23.071316253260743,-23.052497720881313,-23.018774132042147,-23.65050066915954,-24.03348801244213,-24.91980322228962,-25.719780660579254
014149.06+270824.2,-21.536544662109335,-22.08637033948354,-22.797848182716024,-23.008546731213748,-23.30616079059563,-20.64480102981684,-21.15048760763101,-23.561400764604205,-23.904727815306774,-24.223591549095737,-25.012438514952148,-25.844400998900944
014202.17+112436.2,-23.89873696736919,-24.229523779648073,-24.660861990799585,-24.7398138152448,-25.024257087778256,-22.79958485434342,-23.953922991150613,-25.18680553120916,-25.305679408664997,-25.640369520349513,-26.222040783404438,-26.985814680049483
014214.57-031156.1,-20.670880134398427,-21.218868994473283,-21.834184655099772,-22.08685151658119,-22.15858141706123,-19.36722608723182,-20.14271914662525,-22.360851669319906,-22.562095939380203,-22.945536617275668,-24.040478379296214,-24.572231262353316
014214.78+304955.2,-22.40422054705998,-22.689763198210535,-23.033921582000975,-23.08460388100393,-23.419906742232182,-22.13769086359789,-22.11114363722052,-23.55575365708897,-24.05063664841293,-24.461013846065775,-24.813802015925976,-25.65171732450166
014219.01+132746.5,-21.501048068411837,-21.922232205496314,-22.39946177120714,-22.62752263366856,-22.78410538043464,-20.10652307081836,-20.494149299257263,-22.812165175278913,-23.190405641150782,-23.410512374259532,-24.32458673871471,-24.778274773197754
014234.40-011417.3,-21.11918184363979,-21.376166149727148,-21.74861936632192,-21.95834165758213,-21.916061918752696,-20.612203718183594,-20.79098892415139,-22.508595069372884,-22.56845131925971,-23.13992669452595,-22.735924212815362,-23.242732361885153
014302.55+222610.7,-22.209344438463333,-22.552527747524444,-23.058176589431696,-23.228092419759612,-23.349542985448142,-21.554182581738967,-21.800765849808133,-23.62429035455322,-23.875189728021653,-24.3145424951446,-24.80354655040791,-25.362336325703925
014304.00+045019.7,-23.90577687767361,-24.442531665990295,-24.98595585083374,-25.267644421889443,-25.44561417482637,-22.020134694951253,-23.51290230630791,-25.823609313780754,-25.994560304325763,-26.209374995341218,-27.061520511240744,-27.99423874646505
014310.11+332721.0,-22.41699134827505,-22.592150590799385,-22.861043295056906,-22.936712515636163,-23.225978360170203,-21.677938864274065,-21.849535338085172,-23.272274904348308,-23.904438963614627,-24.165534918859223,-24.488991288079248,-25.174562673173256
014323.56-012452.4,-21.041449712457347,-21.963670964380185,-22.891640292448162,-23.255693595782144,-23.632718492434662,-19.273331725657037,-19.90686330263632,-24.185711761732524,-24.660337759846243,-25.424199669801915,-26.04351913264967,-26.875549543348587
014344.83+151622.6,-22.556587173359947,-23.050821069370055,-23.658409015713843,-23.82574206891677,-24.070192909790038,-20.356068265644634,-21.237774663279165,-24.04719739119905,-24.454739255815095,-25.102282114828466,-25.735813536932994,-26.39671637586281
014427.55+194806.9,-21.41690157406786,-21.70913914090267,-22.08169526915966,-22.24291990306532,-22.28682547385512,-20.871395449286652,-21.22318630566274,-22.142614934091963,-23.06372950921331,-23.149487378834763,-23.499934183659878,-23.992059812500802
014552.72+152300.9,-23.97424139895809,-24.081849745820605,-24.377582937711303,-24.459155547116282,-24.573909040873065,-22.420805399724827,-23.50628667959102,-24.844595885048793,-25.055948197016903,-25.81176271461552,-25.808570370664963,-26.604108669817432
014627.33+052432.4,-23.36621351513036,-23.605972812872178,-23.999309971194048,-24.193575608228603,-24.378464469001894,-23.31443958055699,-23.290329875057054,-24.59971326788824,-24.859856161964817,-25.351871697071513,-25.938143272386885,-26.889505822061864
014631.99+133506.3,-24.586073190010694,-24.627375368542403,-24.814252860342076,-24.867214968003466,-24.93405967372156,-20.135767169582934,-22.772083742359126,-25.1309461722527,-25.111063506057246,-25.711954698796138,-26.571323578532162,-27.437426533764885
014648.42+315224.5,-23.470174911222056,-23.600141345539413,-23.89600843399583,-23.984624477198185,-24.259298970116223,-23.414732661232268,-23.337256007016986,-23.66348591717356,-24.137444238212698,-24.442194543732715,-24.862056567168747,-25.61537793149341
014712.48+332011.4,-22.6568580679862,-22.848020027973707,-23.193704449979446,-23.288792385035332,-23.38707746825489,-21.27209973637027,-21.934532542938875,-23.491833943972235,-24.120267191717847,-24.45801721631855,-25.45871520413666,-26.016158072862016
014718.40-082449.8,-25.102462546315586,-25.215340876305625,-25.450327481262335,-25.490962402365444,-25.629686060916125,-25.124521291510746,-24.95905425625563,-25.426573349276868,-25.71819907815085,-26.254271357845553,-26.913329965510407,-27.8043057816424
014723.27+144320.8,-22.350382185952437,-22.487452439786647,-22.998155576845974,-23.079196106834598,-23.288938626770356,-21.990505437128462,-22.25917054301746,-23.202604058289328,-24.128493443793634,-24.790320747234592,-25.03578881935847,-25.80937740812579
014749.24+094431.6,-22.85444100628701,-22.944794769363664,-23.299230142024815,-23.467269188712745,-23.583335708434813,-22.542378039896235,-22.615231839098307,-24.131768445796613,-24.39386622895288,-24.746839228557878,-25.250924131079035,-26.116540430267417
014822.62+132142.6,-23.92965360905815,-24.046959580644106,-24.35639885920818,-24.42777012680764,-24.59495877265853,-22.80070120137388,-23.72835750733383,-24.71025612908841,-25.00160075445312,-25.445499536588063,-25.86701387499669,-26.687784330595136
014837.49+040522.7,-22.009341849868147,-22.266161983926114,-22.60692462690081,-22.701324610546774,-22.992157160034573,-22.061105644281664,-21.97510738321682,-23.194129604439986,-23.752033452714034,-24.08227556221599,-24.45725968238075,-25.111162426029818
014901.18+314548.6,-23.35170939468081,-23.53115645989198,-23.958630930264775,-24.077538988745566,-24.255185468494858,-20.180092590628217,-22.94845216675076,-25.08992680775149,-25.36417386668467,-25.381595345520665,-25.935210340226046,-26.86850050666907
014931.01+074852.7,-23.10089417690045,-23.24822611293803,-23.445688058259737,-23.468425676771478,-23.62725698585485,-23.1303977855821,-23.0663394805031,-23.568496905641833,-23.86245558823638,-24.522612199462483,-25.169732558129493,-26.02732756852903
015007.73+020134.0,-21.017391373867046,-21.26615851285764,-21.65139033003532,-21.874169612617525,-22.024895381659405,-20.69519332678613,-20.829140821887002,-22.11081928510978,-23.341253415193982,-23.098339118557785,-23.958639491643627,-24.452018964189577
015024.71-034056.3,-23.259305734614966,-23.686121890556944,-24.1050430349114,-24.240893297749885,-24.336895436012476,-21.9245871064257,-23.04959808967967,-24.72276572548602,-24.968890319668464,-25.520460638240753,-26.425701397863353,-27.2096630826593
015025.35+091450.9,-21.830001583605473,-21.945625573964314,-22.32798405303895,-22.43242864172578,-22.988985142028234,-22.4540628300022,-22.267416857485276,-23.444422212542282,-23.987321322957612,-24.206735864289843,-24.256372587369007,-24.809242555317553
015044.31+132334.1,-22.767326854708685,-22.977910859592935,-23.547107247546037,-23.670156325943033,-23.879870248227352,-21.96651482165694,-22.140494857148497,-23.822903716208128,-24.248540956890807,-24.393674441673145,-24.910089207043168,-25.61312645186128
015108.77+164205.6,-23.078807836027977,-23.27625485416082,-23.67162636784276,-23.73734688755112,-23.818379437775626,-22.246290841461075,-22.34062397791121,-24.055998825104815,-24.674230254401035,-25.482736077927818,-26.158412101348056,-27.020019538796607
015130.66+323859.2,-21.233951456250175,-22.5111522896076,-23.451110570622212,-23.553148924576416,-23.89720593746008,-22.039343047275963,-22.44453370093816,-24.144101318118253,-24.551158917287875,-25.01402532987543,-25.647108243572603,-26.54382706985384
015136.19+170140.5,-24.453435948144726,-24.62090548669659,-24.841457824206795,-24.811112272277768,-24.958783199815834,-23.92301447532861,-24.28373939449822,-25.314782292029264,-25.575156229406563,-26.070731204724332,-26.653236502788967,-27.638739365134466
015137.28+075650.9,-23.174709629950573,-23.449345113406444,-23.74260454379085,-23.760469023551845,-23.98418676966326,-22.89295800279496,-22.985778798121647,-23.84439527311559,-24.768110324304804,-24.664499580867904,-25.2986527517911,-26.134637640436473
015143.36-030912.9,-23.484313551228098,-23.793449783359193,-24.206380102697857,-24.509102950564028,-24.710970398215892,-22.47918840670367,-23.212946095510564,-24.69732070508864,-25.35311805003766,-25.464357064514545,-25.968628105526037,-26.8345861813456
015217.49+071811.8,-23.63562062217363,-23.757762048100318,-24.21125541562167,-24.439924938835222,-24.730023721826726,-22.65165228947171,-23.169203492477507,-25.057761340741543,-25.110071671246587,-25.36649692258817,-25.729671078341294,-26.622473407017303
015237.06-014358.4,-25.33669489829086,-25.40901503995894,-25.772172842375895,-25.935726078821986,-26.09674507099721,-24.739902214647206,-25.298620260688974,-26.342396168982205,-26.417794261709396,-26.73404086664591,-27.537260360555358,-28.478739402667042
015259.22+321728.7,-21.71757727430471,-22.084583110920473,-22.610036817473162,-22.744901641698792,-23.036636192594546,-21.534748036883748,-21.82980395432576,-23.29204531944681,-23.870816607243917,-24.35768658382041,-24.333858855768227,-24.97500665799666
015308.86+165150.8,-23.06098619638515,-23.26496528870561,-23.71047171608191,-23.827949237132888,-23.985870607153668,-21.400088824663758,-22.222877327199914,-24.307473514495616,-24.57089948729898,-25.174677908864847,-25.844487677961208,-26.733983806814816
015312.60+222600.6,-21.957292785660034,-22.202955482185654,-22.771492077793045,-22.941611818633863,-23.26674291368592,-21.538522957214635,-21.49106391197908,-23.765677030514684,-24.220483278955086,-24.75797438361916,-25.18182890049929,-25.906996791011046
015318.19+000911.4,-23.92252868083114,-24.19691218905187,-24.453477424076322,-24.549305659928116,-24.666511089487766,-20.821521445709394,-23.39254697695044,-24.904956169844017,-25.157317448263115,-25.62989322670782,-25.955827541164613,-26.871679492101517
015322.60+331628.6,-23.662032304936016,-23.869447204066912,-24.32072150154135,-24.51403461822761,-24.704876409915098,-22.343911356725123,-23.15982045317382,-25.102845351467934,-25.251533588839564,-25.271814657457305,-25.214647730406636,-25.778322473641822
015324.15-100034.7,-23.040123543203492,-23.127398938984793,-23.276354556091817,-23.306354914391605,-23.649153791402753,-23.014351958672826,-23.069682176002367,-23.49137793372122,-23.87903513527556,-24.265299468183915,-25.054280553727878,-25.714955456991618
015356.31+305306.4,-22.703158457794252,-22.973543980751185,-23.296217309783493,-23.322219243843005,-23.334096796269183,-22.298358638639943,-22.636371969150417,-23.388047025507003,-23.752663232677282,-24.400820985921484,-25.08122717734121,-25.557209667661617
015433.71+163100.5,-23.46290319818069,-23.47232869635036,-23.97627788320619,-24.256944009086585,-24.538007815778563,-20.76342245348472,-22.748655902572974,-24.874300890703832,-24.873323230800974,-25.573248799696053,-26.349334892121544,-27.3697515403473
015444.01+043708.6,-21.967757193118295,-22.01163328179356,-22.256011252545548,-22.35170456659672,-22.520074076953577,-21.702468418833543,-21.70914090074983,-22.954452336587842,-23.047428007616695,-23.67298851061984,-24.22955113841196,-24.925857147775655
015455.66+071156.3,-24.426148018314077,-24.72566240358271,-25.254124376385537,-25.363115115761065,-25.55041087205214,-22.577398785185576,-23.723559847641475,-25.698515234579745,-25.534003875840856,-26.032508063556282,-26.295385435245294,-27.12512134784555
015530.02-085704.0,-22.135011611997392,-22.29819180501102,-22.62446291658521,-22.960779537550177,-22.849841819237298,-21.805443333482916,-22.108166647931437,-23.650171672060765,-24.301412892916797,-24.81853136181293,-24.955584290335906,-25.214005317723796
015538.38-010631.6,-23.501834846180035,-23.885225597398563,-24.34110600459517,-24.633022840366596,-24.960253988860913,-22.15965359805363,-23.118898153797847,-25.317894554913877,-25.32663808209937,-25.504977395305218,-25.95744409063621,-26.760159500384606
015618.48+093833.4,-23.283189488104075,-23.71404061997516,-23.99364891265667,-24.067609262000463,-24.307938796319995,-23.070844811601074,-23.467689400186178,-24.60057114369186,-24.612445509371426,-25.14761744928306,-25.7191348326956,-26.517326790497318
015629.06+000724.3,-22.017512004987246,-22.21162074933698,-22.474893645545873,-22.503207347656975,-22.865945684732413,-22.08167944170067,-22.253099278200782,-22.80916271497609,-23.198699757317318,-23.670559131771437,-24.38514446317734,-25.163118850589388
015715.32+315419.0,-22.405775693436073,-22.478563977668983,-22.82115025645383,-22.922859593031358,-23.29616552534311,-22.21141473004915,-22.39783261251305,-23.579006894610885,-24.037895063541658,-24.360296507228913,-24.433997153180332,-25.104860676377157
015722.26+113723.9,-22.16946839538711,-22.646685576555374,-23.21618150479816,-23.26547736995053,-23.520928118612233,-20.78743657703187,-21.519150202007868,-23.524306526205894,-24.525798770917437,-24.69413712225541,-25.430484195200773,-26.276801430047577
015730.47+103343.8,-20.14164111836556,-20.506318811558423,-21.10865521831166,-21.249951804253605,-21.48406167006609,-18.151463268969753,-19.5126452083939,-21.80666906838756,-22.29274358444653,-22.328344605734692,-22.966470662269305,-23.509750884661297
015738.88+185721.1,-23.099822797284016,-23.254010916910175,-23.488685481536592,-23.620414066055844,-23.83996607746871,-22.794547081237084,-22.649627197313524,-24.16577668359827,-24.592810244133503,-25.478510978359196,-25.530790625226494,-26.29740170542718
015752.54+270038.2,-23.979713675890885,-24.15161737770715,-24.52213224561133,-24.655818136884317,-24.1859983093922,-21.975520711715248,-23.977266188536053,-25.213867261140265,-25.302481877095698,-25.481370585154245,-26.36721690617591,-27.350720778301373
015836.26+010631.9,-23.5948834411483,-23.978803692725958,-24.57084428091626,-24.85354548545321,-25.023884752029947,-22.54621015330081,-23.05201101018087,-25.273346660856035,-25.031117868673604,-25.636158437396677,-26.25107860375461,-26.97209396351476
015846.05-014940.5,-23.310066908883744,-23.388900230442538,-23.531041366312056,-23.736300472657398,-23.886276111010545,-22.939397113987923,-23.00969455480467,-24.078205233076307,-24.522615687176124,-24.954525235013033,-25.471611410702693,-26.416910479321636
015846.95+174323.7,-21.961235409974936,-22.142229222646108,-22.650121832614566,-22.820523325564242,-22.943735213335763,-21.340083018430086,-21.62049967987176,-23.260589779278696,-23.844599380517618,-24.151436433402264,-24.52937131257675,-25.033721872988718
015913.18+040441.4,-23.55964489536993,-23.642721016347732,-23.998358101605753,-24.17320389468784,-24.30983251980782,-23.150941663033358,-23.50958416962939,-24.638228525801516,-24.842934414534632,-25.482605698479368,-25.73648003984332,-26.612413060252322
020002.14+021655.8,-22.964881382723235,-23.13959985475362,-23.5927415671366,-23.693318663253464,-24.02761397360849,-22.279553957351002,-22.52184344208655,-24.195675207170122,-24.381459121500765,-24.958468541056035,-25.361828744775835,-25.951203518663892
020011.52-093126.2,-22.594902771309595,-22.713742641566924,-22.89890857855993,-22.955113061555387,-23.377271312914797,-22.05031793296227,-22.307420818150167,-23.677984925816407,-23.869669503131963,-24.003208571378572,-24.54995001588742,-25.22031267522057
020115.53+003135.0,-21.85618436251713,-21.943350506126915,-22.149285458791244,-22.242929674050245,-22.861142949573683,-21.83639976452624,-22.342482212685283,-23.168861392207077,-23.363503340199642,-23.864922123146282,-23.808304273663268,-24.456108854516568
020127.32-032735.8,-20.5370669967584,-20.863794188113364,-21.36309115623479,-21.58048732536851,-21.652771276921897,-20.02537474099864,-20.235336036029704,-22.023551114001666,-22.39010254737252,-22.622195210994434,-22.766193061662843,-23.127112327531147
020151.52-012722.9,-21.458314589205067,-21.964461925701972,-22.478064051534304,-22.64846539401452,-22.698748446295063,-20.477920222244204,-20.964141093312456,-22.48094511658142,-22.970785664222095,-23.315398302872666,-24.269593559962622,-24.887845055468933
020258.80+265911.8,-23.541717886729355,-23.72425791712225,-24.08553932726899,-24.34873607994768,-24.429340503013915,-22.017649347755338,-23.017509326869384,-25.166095458686748,-24.816311597497826,-25.566478993055238,-25.50577094909593,-26.074479047421708
020326.22-051020.5,-23.651093380100058,-23.76141539530027,-24.182026370782225,-24.385328909890656,-24.6247812072789,-22.52503578849394,-23.479251142621518,-24.671812407628927,-24.967524903169917,-25.632286810232408,-26.10204991101345,-26.841934508838325
020337.80+044938.0,-22.816804557698216,-23.344877377029476,-23.86589573444462,-24.103966231173377,-24.512382140886913,-19.959619312710736,-22.284001120024744,-25.035395099539432,-24.263816319738332,-24.688389509632966,-25.838306947123723,-26.584359952262247
020343.39+300506.5,-23.509506353676667,-23.772210877996915,-24.162284839545606,-24.240043461302378,-24.403867802310305,-23.529927886793608,-23.66444681550378,-24.810577172298476,-24.855055526281003,-24.86709339335947,-25.568984154805015,-26.340931932004327
020351.67+282235.5,-22.945029505168694,-23.68357554024625,-24.313907596303423,-24.547697619329455,-24.814448577912,-16.65951893171275,-17.98788199485131,-24.689808581542923,-25.32453514093804,-26.019657565835168,-26.58908561579344,-27.503148340632563
020354.68-060844.0,-22.52182908136158,-22.812676695087628,-23.099204978902065,-23.22513106101236,-23.538267876842507,-22.13551345818075,-22.344231069462513,-23.87581914984385,-24.021219009285915,-24.963734209715657,-24.616103481011514,-25.477612028404007
020413.08-090818.9,-23.328960921674593,-23.64092856384566,-24.03103772365377,-24.17725619512915,-24.374419052880715,-22.29972786420385,-23.116611743223444,-24.608927634621363,-24.76794613944536,-25.27008908601532,-26.055833186173498,-27.002265568464555
020421.06-040818.9,-23.00452756093563,-23.266486402676616,-23.680308143042733,-23.868774964321066,-23.92546175001024,-22.564713152766586,-22.892863002227493,-24.506961888427657,-24.63326867941455,-25.380623007675254,-25.80718198772953,-26.82083571057676
020435.18-093154.9,-23.8470897506456,-23.949113712169027,-24.30964573417384,-24.37414011856565,-24.484518418114813,-23.919117025468122,-23.69195107116636,-23.901672031506354,-24.382743599525107,-25.213745915882736,-25.88606731792608,-26.732626219000814
020536.33-041711.3,-21.742062575092156,-22.080368552068474,-22.51663442770949,-22.74679411115811,-23.055584976647705,-21.20166661220171,-22.47494138251746,-23.781439073554655,-24.326810233414037,-24.919047753802097,-24.440475384874745,-24.986467329077342
020541.31-043707.4,-23.939063885250732,-24.106705246598597,-24.416037303594468,-24.490037948031837,-24.611415445230215,-23.81688345454683,-23.764012862744977,-25.051843269907952,-24.957418644833187,-25.450030501474224,-25.845124455222603,-26.66407575293704
020600.31+051953.4,-23.263346537260187,-23.675520760016184,-24.180843085331713,-24.410758473779563,-24.69811620291125,-22.004807342049986,-22.30107236884959,-24.85762713922708,-24.89204127826645,-25.410336829850856,-26.395225284473025,-27.3075902172482
020705.72-023416.3,-23.578130514059307,-23.860015986217114,-24.216183919673185,-24.300399810790562,-24.447377951315325,-23.950911708918934,-23.8135871768117,-24.67000368291645,-24.682902223541227,-25.33613225435419,-25.79004012182119,-26.76474524893772
020833.01-031619.0,-21.22842443908781,-21.53138771666069,-22.08561128283626,-22.32567806544039,-22.436557402861975,-20.74261997518298,-21.072402823785104,-22.895671194765356,-23.364335194259205,-23.474158385047968,-23.25727190546845,-23.921754425238284
020852.73+294322.5,-22.642570838809725,-22.856962658647117,-23.351160007774567,-23.55756413828178,-23.825036564825094,-22.655163776112996,-22.76296662496523,-24.0739198288856,-24.329276413914027,-24.69281588233691,-24.64936419800447,-25.360395074256694
021110.56-013450.4,-22.861271881178812,-22.99455482745735,-23.326027985175802,-23.42931973161565,-23.57563165766339,-23.009324998375124,-22.74169354520364,-23.714376996345816,-24.929119061600524,-24.925272341798248,-25.357442616772197,-26.055667089282142
021301.09+034454.9,-22.948611487950284,-23.124499402934614,-23.523825226608075,-23.66612794792619,-23.805854711994957,-22.889041046914034,-22.658449594334428,-23.86270241424611,-24.43031388160419,-24.944754482819018,-25.261714521206603,-25.972104287145736
021322.56-054100.3,-24.02417912829756,-24.193784154621163,-24.60470767296154,-24.816928668035423,-24.98743694317677,-23.62461212328038,-23.88472262404233,-25.00003918171808,-25.41915969439746,-25.60613136463146,-26.720495106094074,-27.6961901983154
021337.89-042814.7,-21.4018493995033,-22.10246006812176,-22.565574372557176,-22.717273449697664,-22.997078761157134,-20.465063730310455,-21.60232986266366,-23.28110518253037,-24.029656184764388,-24.21296277829499,-25.26183826617186,-26.194344357650785
021346.98-025631.0,-22.555842388968365,-22.708032911490143,-22.99476208697122,-23.07745727441209,-23.373183552227236,-22.913118357148143,-22.900147029206785,-23.57617336236988,-23.843379097095458,-24.17093771291436,-24.721894500919415,-25.39657983270509
021435.69-030839.4,-23.097957402202383,-23.262285105184844,-23.611125004436943,-23.628108418447077,-23.80494171823291,-23.048664324505708,-23.05164303299433,-23.967875024583527,-24.441165089049676,-25.077617968312993,-25.294060896145186,-26.157909911621516
021541.11+030428.9,-23.171096956128494,-23.44642139033603,-23.89090861864044,-24.021664225547347,-24.273499516767494,-22.743871985520663,-22.68497751255822,-24.292319465799526,-24.717377466355238,-25.055633853008253,-25.38699304099389,-26.155179583037008
021558.40-011136.0,-24.21485413112542,-24.243616997900368,-24.555799377536133,-24.70090498647023,-24.841100941483976,-23.369102853905154,-23.993814559749687,-25.06565104838823,-25.22145746453729,-25.55480145201497,-26.64854597855621,-27.564687158332024
021640.73-044404.8,-25.617816722964303,-25.681352226183204,-25.973186042685935,-26.26007563152054,-26.436599811511282,-23.92684355020169,-24.8396751753877,-26.42800896628087,-26.378509700323956,-26.510796691647553,-26.999355292421242,-27.809527193254283
021655.86-005229.0,-21.142260610996818,-21.329965825452543,-21.72341228461949,-21.916553233201725,-22.23203687387155,-20.839921834140156,-20.659566296654884,-22.45379055591773,-22.87844226231941,-23.469042846133593,-24.09872863045028,-24.613946337047068
021707.87-084743.5,-22.604748367480237,-23.07872687193293,-23.493471390679765,-23.671538775234733,-23.558651768145687,-20.919319847413004,-21.998039183139568,-23.845969785111762,-24.128141008723556,-24.619211178111467,-24.956978641516585,-25.499291136772023
021715.25-033212.8,-23.24940529494192,-23.678055893455795,-23.95168144221223,-24.150241838831853,-24.14415329585805,-23.357258152897817,-23.540334535633768,-24.403036057165536,-24.41124111890118,-25.039569755602102,-25.27248526752032,-26.189343761458975
021727.38+034347.6,-23.649939413231213,-23.90738836745573,-24.35266903961166,-24.562077399284426,-24.707278515777492,-22.762225511670305,-23.342275542959964,-25.05148462710753,-25.14119066302592,-25.287366685371428,-25.94608838104314,-26.900578127489805
021808.24-045845.2,-23.7822726039079,-23.951373530787798,-24.18566596220788,-24.2594032383979,-24.270787110460752,-23.061456253487105,-23.47417396036816,-24.636696925279022,-24.826159246366405,-25.570835558908254,-26.151626287113643,-27.055227724468875
022012.23-034111.7,-21.06478224245002,-21.412851127627714,-21.948803481076926,-22.120316946255123,-22.109836113190717,-19.750182871579824,-20.273324109027897,-22.45325587290634,-23.08232486753664,-23.4323677268283,-23.9669602984155,-24.13345294054315
022039.48-030820.3,-22.373251927999622,-22.539128850534354,-23.073298500044924,-23.253201804001627,-23.41861004405299,-21.173318144467235,-21.73850687380311,-23.662911636415384,-24.05779563455205,-24.23011190474843,-24.67518435177244,-25.474737299603085
022113.14+010102.9,-21.423276459897874,-21.758912165816934,-22.26340861709442,-22.509801906961403,-22.799205255333764,-20.15157495982813,-20.8621843337504,-23.31498462534591,-23.612123692513155,-24.036527118837654,-24.099850535970855,-24.652492640310168
022133.83-054842.8,-22.73443790085138,-23.012404200684692,-23.359612016956174,-23.43560317676156,-23.602249350009505,-22.66443421971108,-22.705757792177526,-24.06792812439942,-24.262592871316663,-25.075368591183747,-25.505958014914878,-26.32374529779912
022232.65+032242.8,-25.420122076656682,-25.589379239168537,-25.90660707815303,-26.068507082786546,-26.29161766803843,-17.235261545274298,-25.241098747857933,-26.57798615064946,-26.34945862940485,-26.58256218783556,-26.899182671154964,-27.55060406158668
022331.66-013142.7,-22.698728756704593,-22.81048379399156,-23.134136002980295,-23.18312952950425,-23.35867382331188,-22.452482894648377,-22.544639513906503,-23.318559610676047,-24.036454562677633,-24.18797104436812,-24.90009349901311,-25.72624378740042
022413.71-032919.0,-22.08283091720095,-22.427835676447252,-22.763524490647598,-22.910087686458983,-23.172216616452708,-22.00171908081676,-22.040133099267035,-23.379649579784793,-24.206909593020704,-24.406998272627675,-24.513764687656764,-25.440512658288686
022437.11-054511.2,-22.498314656371207,-22.63235048977326,-23.066259501918136,-23.08178853311365,-23.330201371830515,-22.457887177333134,-22.29824378809293,-23.421089146091038,-23.892647894487563,-24.017945095506445,-24.896378150763123,-25.659251747052494
022614.46+001529.8,-24.202127275500082,-24.311933780541334,-24.75336385801483,-24.89064902497702,-25.051390074684033,-16.942344352286028,-17.813014066729547,-25.0820912883981,-25.139625573453355,-25.544006456583194,-26.095081527680094,-26.885981498386485
022633.47+030834.3,-23.98734762606521,-24.17243449212722,-24.58046559157089,-24.75197895083267,-24.847564979502042,-20.87038268630628,-23.836876694744134,-25.317330237473506,-25.50333459356738,-25.819401450234817,-25.455448853624794,-26.004867324729943
022712.98-044636.4,-24.142939579268894,-24.25733484240874,-24.54505478258198,-24.757006767151392,-25.016299597297976,-23.335278652532217,-23.897984936065072,-25.042988613991966,-25.25004891927658,-25.607402643773906,-25.545746293444704,-26.218453668302104
022841.08+003049.4,-23.52802988164401,-23.637455832780134,-23.865395532827545,-23.91958078983613,-24.119074662554993,-22.8491691190101,-23.22704155427724,-24.609854737268705,-24.791788044964093,-24.964031090101095,-25.587709622507095,-26.3334901919959
022928.40-051125.0,-20.923153726685282,-21.869299743690057,-22.672968108962447,-23.068073216271845,-23.196344749703023,-16.876364878785985,-19.81774519215652,-23.34902319002924,-24.047586475835264,-24.505709265557467,-25.235277312316356,-25.946899471722904
022935.13-055209.6,-22.829918124769296,-22.903887793809112,-23.143365479236905,-23.223391012396974,-23.557082847076025,-21.86088563394178,-22.39788766381592,-23.527881185691633,-23.97388153726254,-24.84561710323463,-25.442799645694567,-25.955728673952848
022948.11+041701.2,-22.065125182694462,-22.25858421012427,-22.664295029878556,-22.68211325034312,-22.95569797345325,-22.325216465869467,-22.181819880335922,-22.971194832546225,-23.62382943963152,-23.85105974970907,-24.39394324878446,-25.104610030322302
023016.88-000743.7,-23.10177184055258,-23.54364037025361,-23.871624310704146,-23.98797533228823,-24.173894946813814,-20.742471454398235,-22.608713823809957,-24.529886773757678,-24.828420885876316,-25.414203159002245,-25.52393902572937,-26.20874915277751
023031.33-024540.0,-23.15336804207272,-23.262476341939315,-23.54559278763625,-23.51101760242571,-23.70787413071212,-22.99015178237644,-22.85246104135524,-23.73721842318611,-24.474725753469496,-24.966033600871942,-25.309298094291645,-26.079469397769554
023035.85+032800.6,-23.11626814786013,-23.55650044544896,-24.079609837765297,-24.230697740301043,-24.43391680900366,-21.5657401483661,-22.42814745074353,-24.95388835710181,-25.06378010240515,-25.629089530477728,-26.05563342153598,-26.906338329190614
023057.39-010033.6,-23.165604344304327,-23.17066837493822,-23.41651013360786,-23.440172709184598,-23.562091736732548,-22.574164324595415,-22.93378331622689,-23.86428908905509,-24.240801961294252,-24.968542739561993,-25.279586001762272,-26.078229710215368
023129.50+263619.7,-22.504591956635373,-22.648667637821152,-22.85551757933294,-22.9588521627283,-23.19839000059654,-22.091554721770056,-22.43322449854736,-23.50118078144789,-23.845018181680906,-24.30475340819646,-24.762795155165737,-25.455674262339894
023204.15+003301.6,-23.854382900040786,-24.023129397038684,-24.27102727620587,-24.35332371086527,-24.437462088754142,-20.88973340450491,-23.638972888397006,-24.598901002477458,-24.8067381017883,-25.20858627778855,-25.277141789533587,-25.99101819419741
023204.90-010511.5,-23.69503638910358,-23.72269126020204,-23.951961234142626,-23.95344373039634,-24.04388284604075,-23.184132186224016,-23.644466922258367,-23.771835546964578,-23.805303324620876,-25.0856064475112,-26.255175434613573,-27.10382102044109
023234.39-073103.6,-23.830481458557095,-24.005589959749866,-24.374940868716816,-24.431603224732232,-24.596286479715648,-23.757837619321823,-23.784043579063795,-24.620443089278307,-24.383192769485486,-25.12366085459778,-25.810228429409936,-26.59017686965354
023245.85+042628.7,-22.57686540002293,-22.801285999646595,-23.04108601734721,-23.072999280871635,-23.354193626806694,-21.681765745844153,-21.955985474983205,-23.6071010937203,-24.20680994018048,-24.387325254884015,-24.80955363719465,-25.477533075987267
023322.16-045506.8,-24.559065727468635,-24.746365203027967,-25.10631890450385,-25.121586478806233,-25.280925771486082,-22.167725202778573,-24.555415863159713,-25.386576598213416,-25.239414441563373,-25.32683148425815,-26.250033683037074,-27.104922732029507
023342.57-074325.8,-22.93011839249814,-23.114065582668008,-23.270472116052193,-23.545926621670635,-23.71978609430401,-23.401861008858084,-23.322000482614097,-23.54485573702018,-23.54019640128702,-24.30174878508708,-24.97000561675805,-25.805986711961605
023348.84-054513.2,-20.54117471057961,-20.831197122411883,-21.259064627065666,-21.39915123352959,-21.50709423100286,-20.737313212271797,-20.58650947419535,-20.544394743957874,-22.264640825940862,-23.05907684462065,-23.176287259233266,-23.635270220673466
023418.41+042322.7,-23.62656991507923,-23.901604426228683,-24.213783391579792,-24.3408824502912,-24.445423944815253,-22.426988174070065,-23.028645239211663,-24.33137471241793,-24.733385027914032,-25.186514644839207,-25.856979748354075,-26.636946680780895
023450.82-021711.8,-23.28856885317776,-23.575072649310087,-23.845362794134207,-24.02708950143646,-24.181229600221364,-22.7631499242951,-23.11276443678123,-24.267237335790586,-24.658333282053523,-25.05566146435525,-25.64734913328733,-26.459459059536606
023519.45-034714.5,-22.842801200872792,-22.96897883246255,-23.16233627847503,-23.305721869576047,-23.613578677728015,-22.7654163467167,-23.00561581004566,-23.73648966882706,-24.322539403916597,-24.826915706753297,-25.319889612354054,-26.150098769119186
023527.75+042530.6,-21.941635377218372,-22.230275714327774,-22.613590834430067,-22.72447227547444,-23.210856274893064,-21.562578823832165,-21.33929519776146,-23.130497363045638,-23.217734272206265,-23.954012721675404,-24.536672747696976,-25.154932219639697
023606.24-084257.2,-24.498741894519174,-24.622075512301983,-24.89601273211571,-24.98876984776863,-25.149021120040437,-21.14034092652113,-24.317540217636147,-25.178386975402915,-25.385579107278332,-25.615718900786636,-26.596736451233305,-27.54459576691735
023739.82+042047.1,-22.941603604863637,-23.169871437980362,-23.59951189309608,-23.714306806457053,-24.01205839568084,-22.448808951024805,-23.254256459943406,-24.73589737454042,-24.791301235854228,-25.21418591698098,-25.23773759862333,-26.167947021976868
024014.70-033136.1,-23.416363077346173,-23.507007053606532,-23.75639241983307,-23.761649757595247,-24.136306413749725,-23.399025738736405,-23.516656353237614,-23.8307578211231,-24.019912937117425,-24.568103172106355,-25.40990876435217,-26.040794008239946
024045.79-045053.4,-23.874127856092137,-23.990114182400593,-24.237080071455008,-24.278032093164523,-24.489884306487852,-23.517596689114868,-23.617234998277333,-24.383745259209103,-24.906032391538705,-25.400382067094565,-25.656786760018864,-26.425294361773474
024131.89-053139.6,-24.121223043963408,-24.286590488482894,-24.651926072067173,-24.872581254555197,-25.068220450514495,-23.40402290612014,-23.884796805342024,-25.313513172337775,-25.369798933856895,-25.422895237102377,-26.386534570070936,-27.310065303821997
024217.03-063143.7,-22.223754788293938,-22.54322406344493,-22.996385922857236,-23.245484827057844,-23.553045397320282,-20.898284516184333,-21.376930813467997,-23.393034791456405,-24.381583034275543,-24.70127200620793,-25.081223882978474,-25.940465893521942
024250.85-075914.2,-23.534949688675717,-23.721630320621134,-24.027474736949586,-24.051394611532576,-24.26269321968962,-23.11655409317617,-23.203274477855327,-24.24249807780317,-24.635852739588895,-25.183806297950994,-25.463193778476285,-26.26166604734772
024546.10-085842.0,-20.999607209516046,-21.263245878427835,-21.601626881370223,-21.754710120578906,-21.781673191385263,-20.337841176321277,-20.483888606504486,-21.97606447604727,-22.40806595418615,-22.62206963343555,-23.25162517100132,-23.56389353397211
024651.91-005930.9,-23.90559097376317,-24.18354343783274,-24.62932169543058,-24.66084768264113,-24.862046263250903,-23.65032366000724,-23.63538446205423,-24.837624581204683,-25.13977624972833,-25.539027490571733,-26.03949881709383,-26.919492059034063
024706.65+002318.1,-20.475625196735606,-21.48840023667024,-22.379888297005152,-22.674494331737662,-23.11233983860524,-15.494765631652536,-16.983920876546385,-23.323618953460233,-23.49971468611994,-24.034521126819968,-24.23594221113831,-24.92314939044082
024743.25-071902.1,-23.50581958193839,-23.64390857624799,-23.819232243150037,-23.857588223298134,-24.11647519915502,-23.45819320747526,-23.56326225193933,-23.885485614271158,-24.284951195410397,-24.957573179318096,-25.387484633384357,-26.100251070560404
025007.03+002525.3,-21.612880593976012,-21.762590886049686,-22.052938275589963,-22.287591447558732,-22.242254944777294,-20.964513890253613,-21.284468658370244,-22.665360279068725,-22.972475903245986,-23.406456579679592,-23.895479606969207,-24.355625223710952
025156.30+005706.5,-22.249042378638983,-22.44493916828986,-22.780312625766015,-22.948854606237603,-23.23916432859445,-21.454087925269764,-21.783892507559226,-23.495213246617006,-24.10550273103793,-24.580418995719597,-25.090194685299412,-25.80656970349785
025221.02+000559.2,-24.604858355963646,-24.876301272306222,-25.261029921369317,-25.326929188445025,-25.521875494109025,-23.440400622180388,-24.288307588671348,-25.774882282587026,-25.61752467287319,-26.040383261343088,-26.47621201919813,-27.319027225096278
025231.19+034112.7,-22.17663291589418,-22.296808934061097,-22.615751886334664,-22.76114247777408,-23.00985554455705,-21.929190120042737,-22.221826070246237,-22.677909594609172,-23.1342740276348,-23.513503977723584,-24.471888354373043,-25.092799940454974
025240.44-043834.4,-25.1036003357024,-25.177678739843692,-25.408580710032638,-25.564641618767777,-25.741434107741156,-19.84708030872949,-24.937186408811424,-25.6604863264747,-25.519799240599113,-26.21010275770913,-27.066378813373436,-27.958742247723194
025405.09-043716.2,-23.66246254543031,-23.745250585086765,-24.2055990758,-24.317210774650434,-24.517374341265075,-20.25096068694632,-23.269549243236444,-24.951744876680497,-24.842639513652006,-25.514168611770597,-25.671398167800444,-26.45482020526807
025508.23-081846.1,-23.68131186295149,-23.746257819762608,-24.105279725584708,-24.287436575030362,-24.49108084756341,-23.3548439772069,-23.291546061071845,-24.338024216499576,-24.333213027224176,-24.722391027033446,-25.45902443488264,-26.322350121200024
025603.18+050326.3,-22.28816093162281,-22.96793022128044,-23.71891215753222,-24.00633984275848,-24.283030083157666,-20.5630679394567,-20.717118785755883,-24.031395471244572,-24.365591112296833,-24.78106786584319,-25.66108372366209,-26.572886974571343
025616.52-012638.1,-25.204763783409582,-25.271581968315,-25.47533236870556,-25.490377657039634,-25.570781563426042,-22.4331117854835,-25.065495694665806,-25.771986479731915,-25.961916651421063,-26.205711564149546,-27.126494889050413,-28.06780772638065
025910.38-002239.7,-22.29792225342055,-22.521298652273547,-22.887564121351904,-22.96127841952433,-23.279097022636886,-22.055299892784987,-22.231748949289955,-23.42410728887977,-23.958635915405733,-24.376920500235475,-24.736196461384633,-25.353231235157693
025937.46+003736.3,-24.87751235696759,-24.972266619255556,-25.291637035900024,-25.340610104428634,-25.468891794414656,-24.834356923888443,-24.616215596484754,-25.474704424583404,-25.891205707589155,-26.43683136230306,-27.308468321378385,-28.270661480916456
030939.45-000339.2,-24.77070823875373,-24.917525333564654,-25.20426995851467,-25.28572005295447,-25.366729073779418,-24.07864972571192,-24.348764403111954,-24.958497054052735,-25.222174917389978,-25.95051019996178,-26.75593601827966,-27.627517789443903
031027.82-004950.7,-21.458635018290835,-21.763179336738038,-22.118539514574707,-22.000337042515444,-22.043657364381666,-20.47106230342328,-20.698214149162258,-21.905276153504207,-22.067197450113724,-22.166085905672553,-22.533514889592038,-22.82179869647793
031209.20-081013.8,-22.402100248964366,-22.742691939210108,-23.075899278710114,-23.24518463728232,-23.32994950661362,-21.456681069140323,-21.93817129180642,-23.47128408909015,-23.8464154118083,-24.389586318256804,-24.93483131543354,-25.532670811404646
031427.45-011152.3,-22.487611975850868,-22.63904314932033,-22.881480454860547,-22.884690553595245,-23.129464821198336,-22.698071874365084,-22.59213887290781,-23.729092008154346,-23.757710004844952,-24.400828869542288,-24.682509580070743,-25.624952071946105
032106.86+041538.9,-23.69059883346693,-23.825327749505288,-24.010245644065044,-24.063800818976674,-24.35970176733689,-23.316197248893932,-23.089672067159768,-24.55388341382652,-24.930106810090678,-25.46257993269624,-26.03797588557786,-26.883728994650983
032205.04+001201.4,-23.565840803110415,-23.70147905263519,-23.996391489869303,-24.027092262184738,-24.308155423463326,-23.557737889158027,-23.554345801930683,-24.422505701401324,-24.803989939025378,-25.314719548704566,-25.900005492488486,-26.776991436205495
032213.89+005513.4,-22.520967638359203,-22.83834413674962,-23.16327651224829,-23.40295939509251,-23.26533545218688,-21.84054171380783,-22.22036592781078,-23.84702534515329,-24.253124493529945,-24.847738701828927,-25.570099650389366,-26.07087524057388
032337.64+003555.6,-21.51223592322707,-21.83839335530276,-22.152204272189834,-22.336556728755998,-22.26504810041198,-21.121898084536358,-21.402245252951875,-22.558012151572104,-23.18949867564871,-23.409337620378697,-24.116977609092782,-24.60422969210006
032524.44-003311.6,-23.552811257308353,-23.78941321579404,-24.166082741516103,-24.206530095292113,-24.432650181396003,-20.89671873470996,-22.960615266510583,-24.793488182807987,-25.839581943438944,-25.20622165861614,-26.154617003665305,-26.91812807300286
032559.97+000800.7,-22.95086179780756,-23.09250709811567,-23.330968705050477,-23.43187323292466,-23.736979884870397,-22.206376208106537,-22.388101825692388,-23.864763495012653,-24.40927218897707,-24.66697078295001,-25.24643557876013,-25.888245572227813
033429.44+000611.0,-22.826344679356318,-23.126763439533576,-23.535591938989775,-23.623576376549604,-23.79544385599492,-22.583736820187866,-22.625866015413585,-23.57704790119539,-23.87417019921893,-24.41100003852002,-25.301666843931255,-25.93696478169698
033438.28-071149.0,-24.215471197576658,-24.39846374383652,-24.632084222703465,-24.688218941209538,-24.838716784874016,-22.843458478053122,-23.577451464411684,-24.843649199203295,-24.916354441409513,-25.739689712755418,-26.561971295710986,-27.297976263164397
033706.22-004747.6,-24.230845771490547,-24.567029936318818,-24.98032379029314,-25.283287490738047,-25.38347139327924,-23.02152914089073,-23.428813982963188,-25.377025022323597,-25.42951545122113,-25.77388906362373,-26.57880401344868,-27.51144783471917
034226.50-000427.1,-23.036860395165085,-23.11108281052335,-23.262464890705825,-23.288779248460862,-23.64373331856047,-22.658688106631413,-22.92943487471947,-23.762166962018625,-24.171956469693686,-24.83704687360334,-25.17103915998078,-25.942926805317512
035011.17-060501.5,-21.96082274076171,-22.246174972669696,-22.595465039349936,-22.78450145937593,-22.82541109843897,-21.631102150757016,-21.783633614279932,-22.966052701507298,-23.594536427019932,-24.01681324532449,-24.560956108374107,-25.000664992492137
035118.00+001256.1,-24.86427586371849,-24.882205348608846,-25.207621981913157,-25.272245233317047,-25.354400538538595,-23.871486388429048,-23.896660991549087,-25.232683941728222,-25.62141927920121,-25.73260610380622,-26.34926152247787,-27.252186148034607
035648.30-061238.5,-23.799839831648406,-23.93501343200088,-24.32395551718219,-24.423776240753465,-24.592532541104227,-23.32487901961559,-23.827568366651736,-24.858139310798833,-24.673965264892406,-25.324814350557855,-26.158392161674076,-27.111725708564006
035918.42-044313.5,-21.759640317847083,-22.10610161095338,-22.438320418427068,-22.667567553183442,-22.726766982706142,-20.44558041599299,-20.782953052048057,-22.78209602648572,-22.83964519138609,-23.732403880083442,-23.827069690296707,-24.297925282320126
040148.98-054056.5,-24.468664133114906,-24.67362672226396,-25.115769469556707,-25.223272508082736,-25.45563147908322,-24.2437723423566,-24.148799370421408,-25.432915730992622,-25.565578130297343,-25.825366333804695,-26.450303358187483,-27.346086766144214
041210.17-051109.1,-23.56266524118535,-24.029476905504836,-24.57653375645587,-24.871285225455036,-25.058915178022577,-22.762034438211334,-23.151722603628563,-25.34506183421836,-25.56647941319277,-25.897752026547156,-26.157616757314194,-27.206995159832932
044428.77+122111.7,-22.233142872617954,-22.404375290645838,-22.59107726474457,-22.51933472214423,-22.60330639293657,-21.897276772780078,-21.84983153011122,-23.360018080145082,-24.0684273940531,-24.59937477452374,-25.37707091102025,-25.715275798048975
071705.94+391922.9,-23.28156653295772,-23.791546083979863,-24.11661410599056,-24.277105876933017,-24.531051795278287,-22.24046796342663,-23.806051954684627,-25.13543029875288,-25.67346202951653,-25.549398558695465,-26.191507417412808,-26.854523034965016
072109.65+392644.8,-22.29626143690676,-22.60909769969832,-23.029719772284157,-23.137074068540297,-23.452574665725678,-20.751207574245612,-21.75552135122514,-23.59256920877893,-23.740462571969115,-24.77523601680503,-25.205934493326712,-25.886141305177137
072119.97+392145.3,-23.08251988355478,-23.599138562571692,-24.04351908747595,-24.27260982643421,-24.469498413562263,-20.999949511724218,-22.037194826384113,-24.378977494951453,-24.689719090447877,-25.20510623225908,-25.76692898837321,-26.473160218745214
072122.98+411735.3,-22.30741557063266,-22.977118244886793,-23.70579312252354,-24.09792741668589,-24.35003467685869,-19.178105670283898,-20.947240862175455,-24.43811941346646,-24.79801736924677,-24.98923941151629,-25.384133379316115,-26.075842702626804
072240.09+413353.1,-21.82714987483766,-22.07515215430755,-22.38917508202014,-22.571777712538807,-22.64166895256931,-20.968117467599804,-21.083497129446492,-23.04647442095481,-23.503192959911505,-23.89135709262485,-24.6041921512438,-25.12258946851363
072325.06+420822.6,-22.528200322003052,-23.067252048426415,-23.70044264305569,-23.93747692050599,-24.239187827711195,-20.427628364652445,-21.346039131341918,-24.257325136335616,-24.392441089558815,-24.912424443199452,-25.171854240738444,-26.014892012854645
072636.99+375908.7,-22.701530818699105,-22.99249318179439,-23.47114216966375,-23.728026511825405,-23.862723854112676,-21.769789910181863,-22.343915478904133,-23.867873262811187,-24.050721558853173,-24.42401791453158,-24.715510060241673,-25.18782884742864
072649.46+161745.2,-22.056637106718757,-22.678729269126865,-23.346534455404566,-23.58601373412096,-23.79928096051147,-20.550343967988987,-20.568989530433424,-24.20305015676809,-24.546234822985507,-24.866390412861637,-25.839469036822525,-26.714619241298713
072756.72+395930.6,-21.583181624664775,-21.841996241210946,-22.129180629922246,-22.26578491982632,-22.361109419315138,-21.019318154754203,-21.227990875420083,-22.369917290863633,-22.587289508731764,-23.152181770778412,-23.987976889745116,-24.43118724027884
072937.05+375435.0,-21.48287035209892,-21.708632303957817,-22.02796731757984,-22.20020027855812,-22.168621304428054,-20.897755851356063,-21.213756063475525,-22.74245641489238,-23.086995470719,-23.559907327215054,-23.90619875707629,-24.370870937364078
072939.02+353613.4,-23.070240800155002,-23.272767368688733,-23.744903792136913,-23.83344895348103,-24.113993010705844,-21.38163682002436,-22.016081688046174,-24.085077814201128,-24.30585497631089,-24.714914377687784,-25.121798641876637,-25.87020949940421
073047.08+263409.6,-22.744840180219423,-23.038801951766573,-23.548847841264408,-23.770879367375805,-24.13660644896772,-22.16526902046091,-22.453424304495496,-24.11073166619252,-24.335172547363506,-24.65109660497919,-24.87148278663858,-25.381385078476608
073056.98+413057.7,-21.365157770503163,-22.309372118438304,-23.042379667394517,-23.390413578623424,-23.786259983002846,-12.26430859167475,-19.984740707616105,-23.819069056477687,-24.2745792772512,-24.912181380068954,-26.046755714021806,-26.7510003743237
073309.20+455506.2,-22.87105950767136,-23.0496904554722,-23.278143968550957,-23.59273942870829,-23.40959007589245,-22.246670295240605,-22.602756351041013,-24.00716457766527,-24.528833728346736,-25.124841366267912,-25.65455189227533,-25.9832308798779
073314.35+431048.9,-23.29419057064276,-23.50596638430999,-23.880072656493592,-23.9348358142969,-24.12456428999656,-22.578630607526833,-22.7790841129196,-24.288598401405626,-24.50981463958798,-25.32219341217201,-25.928836719345814,-26.804198540035525
073356.02+410810.9,-23.3608491927172,-23.560376195685066,-23.9199091437489,-24.064644635448026,-24.116007247130316,-23.280948961606455,-23.02659839694701,-24.28224041443298,-24.685611019969045,-25.224206442637936,-25.75874474983289,-26.622262551086145
073519.38+430918.1,-23.548866365067173,-23.826866614155826,-24.252928978267008,-24.404439342841755,-24.611718016319287,-22.98848610099437,-23.217122582539293,-24.09097324100614,-24.68601536942647,-25.029755471295037,-25.775003216721075,-26.65598770369445
073627.08+274405.8,-23.53921459822768,-23.742577303897413,-24.05914861827312,-24.20894360478594,-24.375910744962162,-22.66071106266867,-23.20721079376927,-24.46575115213164,-24.476764972004922,-25.101730155617762,-25.45642560422791,-26.228661990984133
073658.07+260449.9,-23.795850949092454,-24.057844969025314,-24.406465419007493,-24.533949991521396,-24.656433753000655,-22.506025330126356,-23.899216243729416,-24.810213119472607,-24.733040491667243,-25.167617342062105,-25.871920211272844,-26.596140099549956
073658.67+450145.2,-21.971321724877033,-22.18259103709837,-22.567113182271115,-22.63762603702366,-22.964857462966815,-21.798952749431937,-21.80687645679233,-23.64848034903994,-24.178729458624126,-24.79328423816222,-25.456776081650826,-26.241797831401254
073807.03+212729.5,-25.401457622611343,-25.407183215399787,-25.793138267350162,-25.988394893459937,-26.050907410832657,-25.237053340151938,-24.977989471873727,-26.09322483282837,-26.433941455993082,-26.93228052742738,-27.745593865903118,-28.774280048700593
073843.35+391550.4,-22.53919787584343,-22.78119356641845,-23.17755511499426,-23.303135479544412,-23.580632822234993,-16.693779174690185,-20.379649591687155,-24.572020772523434,-24.605876117167572,-25.25430111477339,-25.00174986690149,-25.857635625688772
073844.88+280153.5,-23.971013122115316,-24.21026057426701,-24.47435902827804,-24.440530958296932,-24.60261149114666,-23.411795207601028,-23.940372737003052,-25.064983228210593,-25.065058547515907,-25.302549808481135,-25.818794313087935,-26.640860463683715
073907.94+254220.6,-22.723234051984157,-23.00661475483155,-23.24168016568497,-23.237544008040437,-23.580840922071566,-23.100529639071006,-23.307092680453774,-24.00912747332006,-24.104703440084396,-24.323815787586796,-25.423913977696294,-26.238640511732182
074125.12+435605.6,-23.67340136243791,-23.785428279965497,-23.995916020803197,-24.016600710306086,-24.22769065543805,-23.38393487014649,-23.21618991060908,-24.287578987476973,-24.74658109845942,-24.81099713701973,-25.72177736472599,-26.516371833746277
074126.38+354702.6,-22.182668093076146,-22.143382768910797,-22.364562973014493,-22.56993027245264,-22.444951230270195,-21.87113352196558,-21.842577902944033,-22.25182640470941,-22.65297388944192,-23.137195822901415,-23.985426577819734,-24.32519796706447
074217.52+392612.0,-20.89759623410537,-21.880916765575193,-22.820295383314146,-23.18619096909946,-23.768828391650214,-17.57968716146921,-18.869899450896146,-24.071633997301337,-24.79117495436016,-25.44716939549736,-25.91126561215744,-26.867167040102338
074218.21+194719.4,-24.15604568014057,-24.382486595557587,-24.70435225151484,-24.6778513830803,-24.855174518063265,-23.47571984527389,-23.734279248216048,-24.357235894783404,-24.928962685896884,-25.230028039586397,-26.282155527586994,-27.008182214267606
074240.04+354024.9,-22.072555922458154,-22.214142777150723,-22.45023905154587,-22.678024214069225,-22.77748387074586,-20.84023427645435,-21.104138940889985,-23.017884635474513,-23.495653512846225,-23.768937719921198,-24.344523993423216,-24.70506932573647
074311.36+352811.5,-21.601849929632913,-21.830083576513836,-22.304023048736997,-22.464917033827902,-22.81420730111316,-21.249704496004522,-21.638678939769935,-23.147492009030326,-23.48957953165931,-23.98578028475343,-24.202495442769713,-24.885695673863605
074344.97+232838.9,-23.675597156157085,-24.082673975223365,-24.470553186877666,-24.47510633009735,-24.698086237754744,-22.341695717452534,-23.32537987613877,-25.27602788414578,-25.181880648298467,-25.491335524464876,-25.580685465911248,-26.365975756052457
074358.27+323512.4,-24.883811807151705,-24.962679644882662,-25.297156846672248,-25.442792157608775,-25.629222636934795,-22.52141236031794,-24.58484154728619,-25.619310407244214,-25.625670917071666,-25.984271013223353,-27.00652916305719,-27.924289032252148
074359.41+185807.8,-23.727626803502893,-23.944640058442555,-24.331925046477615,-24.51827690157967,-24.67106322606827,-22.792643580203574,-23.322804759907115,-24.711278289002475,-24.98901019243907,-25.4953970596015,-26.2859093411977,-27.226568982023817
074420.77+381839.8,-22.975654203185183,-23.15271109197101,-23.303217214078312,-23.30015702554807,-23.577837654040273,-22.651970889994328,-22.661536850965696,-23.32496056924546,-23.85523860936968,-24.28763347973181,-24.586039663554423,-25.297247344488902
074455.95+364743.8,-23.017809252608746,-23.2126283259176,-23.534045737034948,-23.629195880699637,-23.866795839845533,-23.20523004256139,-22.90901715229246,-23.735792226971455,-23.869683585631112,-24.475248663816767,-25.568516557753593,-26.297472685973148
074528.14+191952.6,-23.944286014083065,-24.183978610835204,-24.46519961489832,-24.47660296035054,-24.624945043251007,-23.727367068416672,-23.936132256278107,-24.92531548150614,-24.813404833674888,-25.499729720888606,-25.98669432836772,-26.866330324932875
074541.66+314256.6,-25.298063332781553,-25.510216878273166,-25.766969234632928,-25.845572582751835,-26.12098442125816,-24.971954449970635,-25.09183044020118,-26.043384230826984,-26.374673640184465,-26.833042872311392,-27.491191332129215,-28.32847882416466
074604.90+292250.3,-23.23541972819746,-23.46986607050115,-23.88087512425449,-23.946707196327925,-24.174281911699392,-22.650349368182457,-22.845046550475068,-24.115502692404196,-24.602877932949276,-25.0063448543508,-25.58796134773059,-26.4981411413316
074619.19+444707.8,-23.141634694281294,-23.542622396805342,-24.05321865604158,-24.198285236332953,-24.48582686180138,-22.23234142649526,-22.25803002764364,-24.581848304919035,-24.772443241127917,-25.322480765297797,-25.880747664774983,-26.770770045038713
074631.77+354523.7,-22.175814143675943,-22.881083532086475,-23.45353937751673,-23.689236684890176,-23.988931218376983,-19.509610170653993,-20.499432477951196,-24.2038938497892,-24.502484085353355,-25.009747916317952,-26.007141737265563,-26.869961951362818
074644.79+294059.0,-22.336075591089564,-22.56604547353755,-22.844036990139553,-22.88698361683213,-22.92467504791011,-21.620913686379268,-22.088049278407937,-23.16008216505999,-23.75072281274307,-24.221572788815124,-24.565681721538233,-25.24501070762684
074653.94+391132.2,-23.488779795997754,-24.265717271998916,-24.68930398879874,-24.889949488609773,-25.17439069721409,-18.520325316576297,-22.013621500888583,-25.06593983003164,-25.059404230959156,-25.84417677930634,-25.84266160911705,-26.588386724016427
074704.43+483833.3,-22.16724139508586,-22.499451990010026,-22.858740090247398,-22.932837921966346,-22.913447940901822,-21.004063672212542,-21.557283534565546,-23.279772574548847,-23.635184247904657,-24.0951787896016,-24.555478890540655,-24.94774963217582
074820.96+340752.6,-22.396392575768658,-22.618804163035666,-22.989410785457963,-23.015481119674174,-23.340464404896824,-22.081198357879547,-22.23272536939161,-23.515591040643162,-23.98418869148441,-24.690513066305897,-25.26014169534219,-25.851783385536436
074838.00+285059.4,-21.580809951020044,-22.225828004472657,-22.474231788488897,-22.827514627747934,-22.88904009045211,-20.942557518792835,-21.186955504223327,-22.827491043213733,-23.2204840656916,-23.067026118873105,-23.307423987038085,-23.895954147625993
074840.52+154456.8,-23.89588951088677,-24.06215684510891,-24.414348665379837,-24.334178306187056,-24.525443815254018,-23.527687743488848,-23.567632849739628,-24.48981870472858,-24.736646086834206,-25.354201885389415,-26.100905760550766,-27.0394185636884
074906.50+451033.8,-22.688005913387958,-22.728351909879844,-22.967394831924913,-23.225090737245928,-22.968412993234836,-22.627031339716513,-22.735938608320797,-23.37057747094583,-23.947461124625377,-24.597916429457314,-25.06254679802335,-25.481590193318652
074910.59+284214.5,-23.134858621005502,-23.334363008750923,-23.539471604223788,-23.577344336766366,-23.865629143499984,-23.23496719488719,-23.258067116916337,-24.0398710708072,-24.367384609270616,-24.858917080431883,-25.31890204231897,-25.936255570521368
075004.39+170245.8,-23.52939803698449,-23.66766828417656,-23.879192229519013,-23.89258658928306,-24.18579431100904,-16.087745122583815,-14.922023497081195,-23.857539722428992,-24.333742702583756,-24.78032072048904,-25.646015633518342,-26.375048658570666
075031.38+192754.5,-22.853559256495064,-23.147317715125105,-23.567153732437546,-23.726123875091876,-24.10446569222159,-21.787537761498488,-22.528455021467916,-24.774477403340907,-24.989562473757818,-25.357426278575428,-25.629209345835246,-26.37956094829852
075043.40+311109.2,-22.55170545777395,-22.814482341203274,-23.135347506458352,-23.24285891661712,-23.53549513613876,-21.46429915352532,-21.867633729654905,-23.161929208586912,-23.876783337040198,-24.081388427192714,-24.642650010457977,-25.33026020708579
075051.72+245409.3,-23.50915143701555,-23.81105214536412,-24.260845428499,-24.295968940634324,-24.48114534200118,-23.19022440083418,-23.57214805019081,-24.549969990886225,-24.9061340939031,-25.447552514360165,-26.54009224735843,-27.298575960057452
075053.50+473344.9,-22.49501670979867,-22.836814219634075,-23.18474650653033,-23.322377050352927,-23.599755999018726,-20.682738129000402,-21.644938082201275,-23.497795993554014,-23.74825594710531,-24.69651950360005,-25.128058318136752,-25.674646781580407
075101.86+335647.3,-22.883823225322338,-23.255174432422866,-23.753577651392437,-23.821845774761684,-23.937130279871745,-22.324685909323843,-22.42164630604087,-24.072427440175517,-24.133486248980493,-25.344802795088224,-25.99035784464263,-26.859298562650643
075112.18+174351.7,-21.058581590142932,-21.145734274670296,-21.487213345954995,-21.918986748249203,-21.709359628896895,-20.68813023440927,-20.973371015179886,-22.54241653961968,-22.791132892763052,-23.046787750493593,-23.47672651918721,-23.845906984536196
075126.39+352557.5,-21.20307763367254,-21.14773398842924,-21.45131649350831,-21.652980375270523,-22.06790388496159,-20.591593621044357,-21.800723396985696,-22.516680381258915,-22.629782791585477,-23.644539184038383,-24.50431513347546,-25.134798731705903
075147.71+245352.7,-21.754583485641973,-21.921487713020895,-22.1589357199004,-22.204480690654627,-22.260591943472583,-20.630533092853035,-21.245052290568832,-22.533747373964733,-22.54873405834385,-22.985363269758988,-23.901851960318787,-24.13836331297149
075219.97+222725.7,-21.489253489298193,-21.743692513091105,-22.23742008444841,-22.485127126338636,-22.920048008245796,-20.988805627603202,-21.768701500936213,-23.36642435947972,-23.68480349952893,-24.75311723448244,-24.759407328023446,-25.440184497665477
075304.48+215544.7,-23.086730235569974,-23.32608814534751,-23.64987807910914,-23.686586707566665,-24.04368930025912,-22.801632419107705,-22.896119407187378,-23.814662378171708,-24.38319200469176,-24.815988717834404,-25.68423115602839,-26.4602829026478
075328.18+335051.4,-23.794684527943165,-24.045023501172132,-24.472639968308975,-24.540668695782553,-24.737987168378137,-23.351071708626616,-23.50895046632687,-25.007495734080806,-24.98419234954109,-25.08248836697354,-25.734190490192127,-26.454962205135892
075403.60+481428.0,-22.59510577624993,-22.880943628291327,-23.205926013462935,-23.346141981223578,-23.555218682771283,-22.413367537679964,-22.66441072037466,-23.635976082597114,-23.869106104375494,-24.4448847273594,-25.2274631830407,-25.838000758279193
075409.67+512428.9,-22.774451578598814,-22.862083894953372,-23.01111170448187,-23.20548513088534,-23.341951822001935,-22.34376460793281,-22.213145808429534,-23.2915764407717,-24.263890923065752,-24.39551862067099,-25.104369838620986,-25.76103530128227
075437.80+181240.7,-21.939626204258467,-22.22113117161485,-22.593294768263945,-22.811008465835123,-22.834159106918097,-20.978384041495627,-21.856691593781957,-23.175579568333873,-23.708624296959734,-24.07182957641456,-24.379004718289995,-24.908510655163155
075448.85+303355.0,-24.182461564797634,-24.45004465033439,-24.877958103799006,-24.90685055425663,-25.08378151340293,-22.748271680505884,-23.782517850810525,-25.504111979290542,-25.500396155235805,-25.739238163833544,-25.98834213459528,-26.704020032425525
075537.02+254238.9,-22.125509203555637,-22.882098663274533,-23.7265376926803,-24.258446890285335,-24.790474027812863,-21.066101701243912,-21.562794274356822,-24.748312517553195,-25.166043749459707,-25.599302263268395,-26.442286882156743,-27.257561745865335
075649.17+242613.1,-22.449933647773022,-22.720400119245955,-23.10858901070421,-23.194434355165818,-23.387274360203886,-22.029995148381406,-22.255453108184497,-23.3995037010224,-23.506554780635117,-24.198138883076485,-24.901732051201545,-25.73022353085294
075652.50+361511.0,-23.16859973818845,-23.544648162616543,-23.997424898425578,-24.225175462398447,-24.355583862879065,-21.419104310628132,-23.06020725420622,-24.561869124905716,-24.961928950873947,-25.58321675893944,-26.746945552073583,-27.74371025800325
075730.38+152453.0,-24.142015054598208,-24.402894469915594,-24.699013078734744,-24.724152444766563,-25.069414060917687,-23.51892858715034,-23.756895993399734,-24.910888406354083,-25.14540934871424,-25.530907100718508,-26.109385360408336,-26.870254794893306
075746.05+150419.3,-23.444097433177916,-23.680287586361402,-23.979624339956782,-24.059730409837584,-24.310087251783028,-22.18700518408838,-22.704520725222416,-24.353559484570425,-24.62614816016735,-24.627617776714494,-25.349953415380305,-26.086203215709947
075807.65+113646.0,-23.559986449681766,-23.631332106097343,-23.816838505232113,-23.834508560063433,-24.083853820515692,-23.403098276590146,-23.722922245996866,-24.86586904983243,-24.910448669736677,-25.074019916674928,-25.53928700510735,-26.335599209830264
075819.68+421935.1,-23.022783463818918,-23.20021359185004,-23.397442000773776,-23.494640030494743,-23.334170047700077,-22.63608738473955,-23.061791117545592,-23.403282475860472,-23.887157147270162,-24.631665109234163,-25.67114779580573,-26.217549153194444
075851.52+220457.7,-24.725347005887816,-25.07196344850855,-25.40362071944629,-25.576234517327702,-25.72036703475785,-21.59855207816243,-23.721760485732133,-25.741903099075063,-26.0151372237427,-26.012789984093512,-26.361930486059478,-27.126755886045842
075853.61+111944.1,-22.593323313488323,-22.660759725159654,-22.977049209648687,-22.9132773752683,-23.1757865366958,-22.173596201351817,-22.52888595593537,-23.17692666204079,-24.293027395974722,-24.617500178100723,-24.90611135479115,-25.641110697339656
075949.54+320023.8,-21.63177878556077,-21.858353600235073,-22.124943755677247,-22.24136219897924,-22.162014592821777,-21.37816707918877,-21.612561714912705,-22.269772224473087,-22.83154846914389,-23.146901161601633,-23.91815735547703,-24.3841595707858
075952.64+141358.9,-23.078561744258376,-23.40394188014562,-23.74987797476455,-23.807030757665846,-24.08907177986251,-22.753001450837264,-22.543728441236265,-24.21346760742238,-24.39770511317086,-24.680120204368492,-25.732111404945872,-26.5064095207031
080103.39+495457.4,-22.01225757635205,-22.34203980718545,-22.715954333639395,-22.770948495407428,-23.129425679404573,-21.849467661555245,-21.794402669932953,-23.188195648247113,-23.565372953116693,-24.117715437642865,-24.02111909818515,-24.815943119704293
080105.34+441041.0,-23.748129656369784,-23.953031883776095,-24.30876500820411,-24.392630032158266,-24.623921010097792,-22.928960214997016,-23.117002619879052,-24.742889816855705,-24.82984808231787,-25.518565388826357,-25.905621148491772,-26.636798953777088
080117.89+482717.5,-23.926852722086732,-24.05905810250145,-24.221538865690384,-24.232635365191655,-24.511999742661967,-23.363993665488668,-23.66374454732012,-24.468071392231657,-24.762208358433,-25.1232257779115,-25.952564307202962,-26.747300665841443
080131.96+473616.0,-22.971343137705396,-23.00039620280503,-23.227256757156614,-23.478820097190763,-23.3107829142129,-23.052709203763452,-23.19710781602717,-23.931138601273133,-24.29423523401183,-24.83865509579281,-25.22523272251205,-25.633951488474544
080222.90+345314.1,-24.176065000667666,-24.290310664148898,-24.674938177335644,-24.92963874158068,-25.06483584212695,-23.359641146421534,-23.791522315619805,-25.40165946396535,-25.54548351153929,-26.000514599724653,-26.574024115169458,-27.51286871287172
080235.89+475134.0,-22.58725945492163,-22.803559031517576,-23.16967102842487,-23.27917428246189,-23.5938793108794,-22.22275771362768,-22.34882145714718,-24.05494795287548,-24.51813251425387,-24.603447036569122,-25.3326272259919,-26.213531886566425
080241.97+143147.9,-23.39088571287145,-23.650762203616896,-23.951659762846017,-23.944817296214964,-24.161170323526132,-21.519905250010734,-22.686085974449668,-23.746195426518163,-24.15152586730077,-24.259195101424876,-25.630752926888494,-26.38432207581047
080248.18+551328.8,-21.186964657510828,-22.488843282442936,-23.607817820574926,-24.156613879929843,-24.51861018449441,-19.271428712218434,-19.051953814533054,-24.764619794055655,-24.944086560918617,-25.83787844358555,-26.59536361484202,-27.504070932924947
080334.73+433019.7,-21.29727740219441,-21.78497366519472,-22.203901840574552,-22.347224267306345,-22.422518016976134,-21.59345277929398,-21.84776119576752,-22.57195461818232,-22.87656210508145,-23.325081205059938,-24.051971322520647,-24.346672013954496
080359.23+433258.3,-23.274406006463927,-23.530049548203742,-23.748439026799012,-23.889401913218542,-24.201085845981773,-23.42030687739301,-23.394106445373463,-24.3279438343527,-24.910677568617203,-24.732899793174873,-24.939882525318847,-25.641283666556188
080409.24+385348.7,-21.061173453646184,-21.967311552125825,-22.768786135263685,-23.13243776935906,-23.21442272202612,-19.331650496414856,-20.14358648694691,-23.385323466745046,-23.989174566653183,-24.430779278143554,-25.5028885230944,-25.961484397579735
080424.27+441722.7,-23.035288348645633,-23.40765317128828,-23.809778476682535,-23.933397485034767,-24.056747332106752,-21.72994141057923,-22.473066721644972,-24.03607165740736,-24.37987490719907,-25.128202981229567,-25.555101637313395,-26.257895053347404
080437.22+121110.2,-23.457556697584508,-23.579350880890708,-24.04774452819567,-24.252048765162726,-24.348784715796025,-22.544236148529976,-23.196659239484543,-24.597206808002603,-24.910695175081756,-25.178157691344467,-25.757307136557014,-26.57749110965148
080519.55+380032.2,-23.88883817571757,-24.28064073589038,-24.818234889897273,-25.01687460996119,-25.259703987606443,-21.933724063630496,-23.26910211211355,-25.574478291247026,-25.30263402564662,-26.11493537055604,-26.751785177545496,-27.69114424196991
080534.68+543128.8,-24.384849478861547,-24.534004502130728,-24.753691756104864,-24.734726653412118,-25.012162123485595,-24.171957651898413,-24.05540036463543,-24.640802209954494,-24.884627128221233,-25.032717238028656,-25.286317680032436,-26.105720114967923
080554.11+111432.5,-22.55239288202152,-22.720818929045002,-22.919678940972187,-23.04949735483841,-22.96328826902884,-22.382012581405363,-22.54712416700955,-22.94676929208118,-23.34238294402277,-24.0588006406335,-24.669187179601423,-25.19736028370925
080607.67+454639.8,-20.922514600741877,-21.64603896378488,-22.427160978072777,-22.680517974838228,-23.02375385189025,-17.37602167289335,-19.495389744702628,-23.336463380006908,-23.510357509728255,-24.039714403235354,-24.929263601407154,-25.758144156257114
080644.42+484149.1,-22.930872085372126,-23.07293683397448,-23.30621345563355,-23.487184454881202,-23.750088459837407,-22.95603200019873,-23.11484694935056,-23.80950923726895,-24.141692362979004,-24.92495889257172,-26.20492506572267,-27.028543235648677
080644.65+384318.2,-22.49565399290419,-22.5948144735881,-22.831026165398427,-22.888432359803662,-23.214960768715883,-22.449005996920693,-22.462869570853677,-23.122247111380776,-24.159285685752664,-24.32235500974746,-24.893244321064337,-25.627019079195787
080647.67+083035.3,-23.225474724149258,-23.488902835874267,-23.919025280743575,-24.087074431666487,-24.27551632593519,-23.21251199071334,-23.1848280323638,-24.695215129136233,-24.972239481775073,-25.192882463739494,-26.23245125737335,-27.050450262155653
080652.11+564412.8,-21.74505914878133,-22.190939394319294,-22.598327568946072,-22.75018827679431,-22.78118802434957,-21.03982818727211,-21.40416741059335,-22.82621297444234,-23.29592291329531,-23.710284867197554,-24.85792489674427,-25.4647866044631
080704.88+360353.5,-23.310906729958813,-23.464011295236546,-23.74644261259766,-23.76162811931246,-23.89743405021528,-23.040737053031858,-22.93300579225118,-23.848097482060396,-24.248214575056636,-24.346934686424923,-25.348877069415433,-26.283591524417165
080742.12+412817.1,-23.57867240770188,-23.714231365122597,-23.933802958206968,-23.940209991906496,-24.1372761849373,-23.395869577877367,-23.58273882909765,-24.22159928089386,-24.28352669317322,-24.976274497674893,-25.549769124733647,-26.289892098584414
080816.70+331829.7,-23.777384243361926,-24.028413245150976,-24.47211144056653,-24.686386225330377,-24.80714111380658,-21.71619906216036,-22.888703621705623,-25.18390976474897,-25.331575597738183,-26.090739491405145,-26.41366392227446,-27.39431042889033
080818.34+481758.9,-21.500815805117448,-21.687261726608615,-21.930801489191854,-22.253344837308546,-22.11141946283804,-21.014364529730454,-21.010075544386797,-22.27728937712299,-22.662694362646956,-22.639652949367292,-23.24408470999137,-23.656438849841354
080838.84+051439.9,-22.226407353010906,-22.272279658238972,-22.494413514144306,-22.766345157100375,-23.005267661495726,-22.609442500084764,-22.80002239983261,-23.6227363182066,-23.599138945796035,-24.34498962186881,-24.655796465486688,-25.231478458263112
080904.00+075153.7,-22.507513477645176,-22.916262010912696,-23.199307340864912,-23.349589725533797,-23.558709431091152,-21.667859876418845,-22.666132545622173,-24.384906934644835,-25.166018382063502,-25.12934537665517,-25.618134574121022,-26.32142248536922
080908.13+461925.5,-25.053434302226904,-25.139910733822635,-25.373956197021297,-25.546442917398025,-25.635430935257325,-24.743260973760922,-24.789556062381237,-25.65402531561976,-25.875672670477453,-26.575800645651555,-27.316659182584175,-28.348826642670186
080908.28+202420.4,-21.66446624681713,-21.754819443594304,-21.98970970784554,-22.20917567338119,-22.11987548629416,-21.15342801066951,-20.95740754347544,-22.441722655262595,-22.685581067547528,-23.266463950937503,-23.2031398949501,-23.60658469359366
080954.38+074355.1,-24.819999438723396,-25.009065727984627,-25.345778716735413,-25.385131935375632,-25.506039943179232,-24.684777524562204,-24.764478301789485,-25.358902493238396,-25.664153922728133,-25.78783601342951,-26.51199864254884,-27.322318327358243
081014.48+280337.1,-23.788286235377214,-24.177415447360016,-24.484026632507984,-24.622802530022152,-24.799700970146347,-23.00045313121371,-23.81388309777296,-24.69761625378984,-24.677579668186937,-25.174262557563953,-25.435803278280627,-26.228415609783017
081022.10+114732.6,-23.491781354703658,-23.627511345716094,-24.010546581584304,-24.16263109879858,-24.43438587626873,-22.452486729005127,-22.81934711604657,-24.568820301918688,-24.83097565626912,-24.844009227335576,-25.245368219768718,-26.0456903298387
081025.94+410000.9,-24.106444292119324,-24.395570989098662,-24.798854683130582,-25.028290627026955,-25.131068306847805,-23.834639019875524,-23.608514316529387,-24.957678902701378,-25.31607835448351,-25.60147383653743,-26.722832380338115,-27.544382849009303
081051.08+174035.0,-22.618940788096698,-22.770402060141322,-23.038531111382202,-23.179313295044206,-23.49136448622275,-22.481588837427726,-22.53291555961551,-23.925321013626334,-24.000649452768545,-24.263990514283304,-24.784665572665247,-25.318170679205647
081054.17+232145.4,-24.981047667306612,-25.023292427609196,-25.40116472132694,-25.727233615136797,-25.99949833903899,-24.54939188748045,-24.691490895641977,-26.1013117767495,-26.082016355557748,-26.369352337605097,-26.353499862592617,-27.097015692262634
081054.73+501319.5,-23.482819306535596,-23.48665403280888,-23.669352789639174,-23.759278883075943,-24.061430662922575,-23.014700971951502,-23.17629279006122,-24.172843852480135,-24.526269571744496,-25.141580233831405,-25.76871679021855,-26.367744855550015
081100.60+571412.4,-23.458676051572976,-23.762129081525714,-24.10113121028675,-24.115367111572727,-24.258334174131317,-23.669181777132714,-23.679451592654132,-23.994023989200766,-24.74953563986821,-24.797648324705353,-25.828008761716173,-26.765076308273056
081155.68+444321.1,-23.751500565116537,-24.126747569953878,-24.62258204005716,-24.86648128217771,-25.152507291535233,-18.965635369287963,-23.56895149183781,-25.617699616117346,-25.541157160793368,-25.947877202376883,-26.29828397729321,-27.024598345706092
081222.99+461529.1,-22.811572737947092,-23.01725867246039,-23.225351536830708,-23.365385399234295,-23.583031615311473,-22.635990403828732,-22.575257187753184,-23.302794477324845,-23.665183908806082,-24.035603485694704,-24.58767326515127,-25.153861119935137
081313.10+541646.9,-24.234960284358312,-24.530338115942495,-24.90429585504466,-24.96654494728676,-25.142519875687384,-23.48868287556469,-24.31277293059571,-25.341888405642855,-25.314155670394268,-25.637513641059847,-26.68768053274491,-27.564673420040528
081329.29+483427.8,-21.784009593031804,-22.002480572577838,-22.330628047279067,-22.534745987096574,-22.75394834084996,-21.234540490672686,-21.170175797855652,-22.94971983067047,-23.211414610089022,-23.509750820290577,-23.840149120059042,-24.308399368962164
081335.58+280901.8,-22.30737333600512,-22.534767501022948,-22.898607463436033,-23.05198404770841,-23.221764637247546,-21.425905589025138,-22.082484827490138,-23.658750591564512,-23.911848098482494,-24.50161070257734,-24.800610286274225,-25.4560316299304
081422.12+514839.4,-23.27215247823402,-23.385753925861486,-23.594054044526413,-23.663605793795824,-23.919306893311855,-23.128782997979663,-23.049560099368602,-24.11136021667063,-24.572819330244634,-25.0383032283183,-25.343698643667064,-26.23003544474237
081432.11+560956.6,-23.087150130416106,-23.216308506107275,-23.535580719493762,-23.565778715121358,-23.68108342738004,-23.03741135316647,-22.608659527433115,-23.747080911455985,-24.433410827807432,-24.30399478777948,-24.79904701642051,-25.624185469072025
081441.91+212918.5,-21.449881204002036,-21.56713103458797,-21.823497371696153,-21.970989672752932,-21.969058685851575,-21.12967440467077,-21.415423392815228,-22.102504430484807,-22.559200470853312,-23.00394289999772,-23.56748020323869,-23.844504666833668
081446.27+223645.5,-22.33255370870886,-22.50837548477227,-22.963974366355227,-23.21512574757116,-23.409021930408297,-21.854249527178297,-22.032107537284336,-23.900871070063104,-24.25219402394074,-24.781079675925742,-25.288325685164754,-25.767015252822137
081456.09+532533.5,-21.505010119913294,-21.90053295170667,-22.28474556812452,-22.26612791353769,-22.363931741118346,-19.59915109628063,-20.337258292789894,-22.586952593454274,-22.83615496318153,-23.029351260102437,-23.537867767107727,-23.904315071759996
081501.85+525255.5,-21.52845442347474,-21.663255130071683,-21.969709637282836,-22.25796369808331,-22.16009374762365,-21.02093708045141,-21.167326837996463,-22.614697306537703,-23.08479907947855,-23.317305102745667,-23.65242494879099,-24.055794198321077
081522.84+134834.1,-23.961495164242706,-24.072080273866813,-24.497432491415577,-24.543616371648046,-24.523610074127635,-22.77370220198165,-23.880570281551627,-25.105546077276813,-25.1467079943809,-25.111431415013488,-25.919422517244588,-26.724772444481893
081528.88+333254.2,-22.936153060786456,-23.199193157803794,-23.485033584296353,-23.576019918621505,-23.73373486532105,-22.79199624616333,-22.9986678666816,-24.190412501524463,-24.49594548048024,-25.080768745094776,-25.911000882958422,-26.806049799818062
081550.26+241606.0,-22.196483531608322,-22.98104313947249,-23.77224905909068,-24.09343631636756,-24.43732370212301,-20.309241984773653,-21.35379626372405,-24.90355690663003,-25.136941924961558,-25.48191913074056,-25.951261335620725,-26.787282416088807
081558.06+501232.2,-23.256780789701423,-23.680190964241145,-24.17766075032165,-24.429971680729256,-24.620880498293243,-22.649527777647556,-22.84430041924119,-24.67643714785988,-25.2412880994898,-25.664915971718205,-26.279236138794978,-27.163971125654378
081559.23+274107.5,-23.46965979586925,-23.574570655553355,-23.705507245473658,-23.734058417240586,-23.961559372242498,-22.424544968664943,-22.583749950800488,-23.670560159099153,-23.72774742188537,-24.471487977583624,-24.81582872884472,-25.61562182933736
081607.70+285830.8,-24.2082940551857,-24.288132157106258,-24.641460991571716,-24.813332436833228,-24.909261923918674,-22.230239569939464,-23.874108326294493,-24.828699270725625,-25.108118566066093,-25.3488583466369,-25.972996269691834,-26.807927455267016
081638.06+262050.3,-23.71778850052788,-24.044132948862657,-24.39870988668661,-24.571671964546212,-24.685988487240518,-21.741800295618866,-22.736195937699694,-24.994660093384958,-24.989627015678597,-25.380176188782038,-25.80778114449833,-26.568790765201555
081653.04+302159.3,-23.81593414180161,-24.001759726785206,-24.31628901105796,-24.44860027262095,-24.454917942737172,-22.13929689729266,-23.417278693032667,-25.059606671458774,-25.453843208029994,-25.75878065314765,-25.887854250566082,-26.768872422390377
081707.88+330812.6,-24.23760019378643,-24.343342124635033,-24.70771455178844,-24.82935240235755,-24.917443510566283,-23.042610901005,-23.649255340795378,-25.10907084527163,-25.08444166272242,-25.005509169672848,-26.354319350087536,-27.22616378057961
081724.18+292538.7,-24.173239385899567,-24.2369318629251,-24.51733692173044,-24.501160372883824,-24.639726826181025,-22.737285002275293,-23.361242506545846,-24.67143567421078,-24.889050882670073,-25.39165586019695,-26.019592580227698,-26.67293196998961
081737.27+314707.3,-24.24424699340411,-24.351058947191902,-24.70379718795158,-24.84409958098447,-25.066738424452474,-19.988412848537177,-23.884412669541906,-25.34362555165909,-25.75197322721302,-26.14146805949982,-26.402363505867545,-27.267912280692137
081819.28+562307.6,-22.82476648198339,-23.348762871321384,-24.054834799656014,-24.327120287599204,-24.621394462960474,-15.444595873086476,-21.26304548547566,-25.07908355025255,-25.316999843426466,-25.814305165336155,-26.34967462366897,-27.310480953951576
081931.20+334837.5,-23.486742404468114,-23.872173397394217,-24.326417296087154,-24.431749921930603,-24.825438583162324,-22.414028120019417,-22.93005438951437,-24.916132102316247,-25.368032929361295,-25.94135718831845,-26.76005281638088,-27.559546491613254
082024.21+233450.4,-23.66415609006133,-23.80609902732895,-24.115199534492035,-24.098793972647606,-24.323393768099653,-23.376276870323412,-23.3653209777864,-24.185442781252586,-24.789488681586697,-25.216090487294345,-26.001578353498477,-26.682355168743992
082045.36+243152.9,-24.631714747574517,-24.779256144075664,-25.02518127586848,-25.05824818933346,-25.104877658394496,-24.29363658320302,-24.25661889341432,-24.868530784674984,-25.063946147840383,-25.42438563159195,-26.442631038952097,-27.327865619282942
082148.23+555916.6,-22.813041948561136,-23.043186755191904,-23.379566993182436,-23.401949271846206,-23.643744217054472,-22.671055739034074,-22.68650235891664,-23.483041220573597,-24.00085978143897,-24.747988478363094,-25.407331057557727,-26.172819582319086
082152.93+582122.2,-22.335060519325374,-22.485910816008918,-22.54406761940802,-22.807809708395638,-23.048091892894064,-22.039922225970503,-22.09635649375018,-23.225672244396534,-23.534419490458347,-24.014074844353093,-24.54237230952607,-25.271109176500193
082301.12+132716.2,-23.280733746218285,-23.420150038957495,-23.65879387089914,-23.71436688119911,-23.8604098167674,-23.238219337747555,-23.05048617541394,-23.874758795285747,-24.519110163403404,-25.301531578640606,-25.921274215026326,-26.865274999788575
082308.37+512330.6,-22.0235899045133,-22.25892567939936,-22.65070830590746,-22.82200349362541,-23.019864570719122,-22.071752712637352,-22.271363395937097,-23.604371123482302,-23.817315758136093,-24.281196905636897,-25.000008196299294,-25.63647394623496
082329.15+473205.1,-23.515912663285278,-23.748922778195883,-24.108089511904794,-24.172058560952266,-24.386226988464777,-23.220294820946425,-23.16999766233018,-24.462491350699608,-24.689030286574248,-25.27615702284693,-25.96157188262948,-26.77666966870614
082345.96+410404.0,-24.171329087397535,-24.49368109720159,-24.80046711861671,-24.925530666007596,-25.04798933087708,-22.050202289265723,-23.184406134401975,-25.38121593047691,-25.778409586944054,-25.959837411296494,-26.506206474787238,-27.328508082054416
082431.53+312020.1,-23.749545685160182,-23.823509466905165,-24.14665110166797,-24.404092453895522,-24.46818981525109,-21.51641447380863,-22.735164690635433,-24.818392525764647,-25.10595199068272,-24.979222463857525,-25.763529540103974,-26.64788641920915
082438.99+405707.7,-24.13175481211137,-24.43604380504552,-24.866835563080325,-24.984887426710653,-25.20561827911595,-23.82434041236595,-24.19087177296729,-25.155758997507093,-25.335304407171293,-25.625064575718792,-26.077750395415546,-26.8494574871091
082456.93+215539.4,-23.102810705160103,-23.31430661928346,-23.7143954763063,-23.84456003404878,-23.981922036872035,-22.78078614993934,-22.998831558769872,-24.001608328108844,-24.439926275747826,-24.72222195507538,-25.11453780089504,-25.792925954760026
082531.78+345751.8,-23.481282098847583,-23.632301633804833,-23.945477392154068,-23.88709293045093,-24.099251917578112,-22.227379597566216,-23.172710873848292,-24.092150970548136,-24.77888966940715,-25.313954019760104,-25.99141325418338,-26.807110495439048
082536.84+195950.8,-21.77775353826847,-21.9968761716681,-22.362976189911603,-22.604861029440904,-22.660694812376637,-21.818258112666562,-21.828094587691147,-23.215476939743375,-23.515436194007915,-23.85028724403433,-24.034166963462233,-24.56105172242826
082621.52+242817.6,-21.533712456707853,-21.71848740855038,-22.034533210229526,-22.236428099487117,-22.526041107895338,-21.106478587803387,-21.145132748506192,-23.138223627841782,-23.807968409270106,-24.401813206718654,-24.474134761046592,-24.973166052205787
082628.20+085535.4,-22.656190671349876,-22.877190058080014,-23.264359327117525,-23.36294106429696,-23.44346922189786,-22.463333788020343,-22.463753519159958,-23.750946472939017,-24.001216709930272,-24.645611949462594,-25.213267124098845,-25.767032172857082
082633.51+074248.3,-23.382648493647523,-23.663993476879526,-24.059905444548004,-24.17568832614111,-24.27288429301339,-23.229542900630147,-23.257864310785454,-24.3239583075853,-24.818841161168802,-25.574908484894962,-26.386078058004305,-27.027524505529723
082658.56+190921.5,-22.644996635811545,-22.8442636727007,-23.004914266820283,-23.123787809483062,-23.53544154583137,-22.788946952019163,-23.02150465201561,-23.60791390499653,-24.195511600289457,-24.296903923049467,-24.870400946777686,-25.712067008877764
082658.85+061142.6,-23.227311724243133,-23.548325945531598,-23.995488640833607,-24.09377262522995,-24.29447206693862,-23.16270311316074,-23.05923676843063,-24.173524092771256,-24.250644516196218,-24.85956860026823,-25.454788331093646,-26.367308531698573
082717.36+305253.5,-24.044730716913534,-24.361860815994454,-24.733167057268147,-24.852686530088864,-25.02041518555757,-22.31283055458999,-23.47553970204471,-25.246328107748276,-24.970139331190033,-25.705256166211715,-26.6216914228215,-27.53006909678459
082732.69+142339.3,-21.895264801069594,-22.351134121462557,-23.02873261368861,-23.18517612086564,-23.37278452811205,-19.47495278543607,-20.517069968499285,-23.623795410624997,-23.925302304160272,-24.405782114477937,-24.76692473541833,-25.26144077850137
082733.93+043617.3,-21.555731550636544,-21.835241170277413,-22.217324783406205,-22.54739159541568,-22.5095867413363,-19.398682122295906,-20.336407637493757,-22.85614186861661,-23.06505649041853,-23.81469734216929,-24.615725344651914,-25.005080614535427
082758.52+233302.9,-23.81811683556116,-23.99328578881163,-24.202989551337797,-24.241706210405255,-24.463337935625333,-23.83320349074163,-24.025618568331748,-24.561714021359503,-25.0666950191831,-25.60420936400369,-26.257518570463645,-27.00155720104492
082800.60+401135.1,-21.795040646513105,-22.08739215925607,-22.419367729891913,-22.605342781817566,-22.626345055627723,-19.747635922544244,-20.391198691256335,-22.78941739117132,-22.888094432895592,-23.305986820803255,-24.185365914979737,-24.801300622115985
082802.14+514930.6,-23.425405571476723,-23.636926864704982,-23.79548028473267,-23.878806870018842,-24.100162866026615,-22.66005602100142,-22.72379478139837,-23.902625623213645,-24.416373793370354,-24.961528045286563,-25.106842805532583,-25.880088716252533
082827.84+400333.9,-24.192577170419572,-24.292526714915073,-24.59563681655513,-24.738397999148376,-24.939425443288663,-21.016976551371048,-24.080141747981877,-25.479607143071412,-25.208381152337946,-25.686422562832817,-26.224530182574625,-27.04458910682742
082958.79+513044.5,-23.937580230694223,-24.161960820982298,-24.44723067912798,-24.47955319307704,-24.82949060338395,-23.70836282197792,-23.730773127068392,-24.695485425050872,-25.182238407147796,-25.759343416482228,-26.506896793431906,-27.184275107772372
083017.92+293923.9,-22.899643896065232,-23.221541963174378,-23.67584290764237,-23.978656370888622,-24.072457226957006,-22.934034797404028,-23.145552037351226,-24.396238155374085,-24.651475407918195,-24.935262420154395,-25.379296992247266,-25.955613844764766
083045.40+450235.8,-21.01610513750983,-21.459578371573823,-21.938233788312754,-22.165287374525644,-22.194927155172866,-20.69686368173172,-20.848824819681624,-22.655651935524993,-22.62239778271274,-23.234429822696466,-23.45208109220443,-24.079384963660193
083052.08+241059.8,-24.678561138237146,-24.884058834003124,-25.302188477331164,-25.542752607485962,-25.763075961852124,-23.32574292217687,-24.064427156073112,-26.17150053932623,-26.596220878289618,-27.036643774982707,-27.44432457153478,-28.28274994973894
083054.40+040708.3,-22.833355397439053,-23.23710760554176,-23.674464145355664,-23.825962618091783,-24.13867952274152,-17.985251559118645,-17.34259904064691,-24.609281555803562,-24.684657172751386,-25.089067132396696,-25.945510128287864,-26.91667135128657
083109.39+143448.9,-24.316276141691944,-24.406868650438522,-24.653054700747532,-24.673608587439347,-24.793660177771933,-24.16691553016999,-23.810106311569466,-24.943174440818016,-25.498202372420593,-25.828399913811243,-26.641622032594597,-27.448746746005966
083111.23+123107.8,-24.015967571298727,-24.134323178376256,-24.440174815878255,-24.473455863756683,-24.58559207076938,-22.693042213078655,-23.14966530790892,-24.614963506786946,-24.906800483418944,-25.002272503845038,-25.72118032155373,-26.719216610034835
083111.65+345927.6,-22.77875543638436,-22.962617561369132,-23.296058759525906,-23.323102461073965,-23.62982933802327,-22.7819124181192,-22.666388230205698,-24.206365000527587,-24.432339483487134,-25.065245546462307,-25.07953380334702,-25.928697965496696
083120.98+483154.4,-22.48543046581792,-22.652429014869757,-22.93432449342138,-23.002433287774444,-23.087551434494394,-21.915840132446185,-22.020221481722313,-22.9502102327819,-23.375683359523613,-23.85823614454396,-24.42312283279915,-25.03058678820494
083133.68+213743.4,-22.78199741801817,-22.979948142848844,-23.460579617889042,-23.596677785623623,-23.77919789229264,-23.00452872952856,-22.77322889808402,-23.725943252598096,-24.447466668737885,-24.44586759513068,-25.68334680438608,-26.51351814160624
083144.69+493244.4,-23.431928254142587,-23.7290589710822,-24.091716763259516,-24.17376222437381,-24.309449109028275,-22.239076753333734,-23.144202381314255,-24.89310261630033,-24.666594822758228,-25.264985335816966,-25.382928610240754,-26.20762679445837
083212.88+105618.5,-23.043153309619406,-23.347240344688956,-23.53560132561879,-23.67715577718448,-23.9539831800352,-22.916599683265492,-22.855214170873207,-23.853524466301536,-24.226061630474565,-24.711739303981886,-25.488088231325296,-26.42241098075662
083236.13+240209.9,-23.47751873742113,-23.77485369521726,-24.06258500255285,-24.10760385751107,-24.25575655599301,-23.06393121177128,-23.648420171136326,-24.686370327355924,-24.91266007203948,-25.18549097822943,-25.602801621522403,-26.42917032733936
083250.69+281316.2,-24.63810383374642,-24.74730165612981,-25.02024704990653,-25.099321106928905,-25.150325415696404,-23.282786155922427,-24.12833600646706,-25.01324219626911,-25.64664442727762,-25.6337080607276,-26.39442119065862,-27.22408634792269
083303.21+272241.8,-22.272870893044303,-22.381881965509724,-22.560630989467775,-22.718158388497045,-22.80768339190127,-21.705547703537555,-21.744488886155903,-23.107309941247642,-23.39633444302921,-23.774728137619164,-24.157516612151053,-24.60191893597233
083312.40+401121.1,-22.490233178470117,-22.85333520148108,-23.348347537818825,-23.384145146384025,-23.634813387182433,-21.743404328526587,-22.18132261563562,-23.79387991259748,-24.352696149502737,-24.778009282307895,-25.412446310272507,-26.212854512445873
083314.52+274823.3,-23.97301835720066,-24.281682980313505,-24.645409270914975,-24.729082390029834,-25.01026826168953,-23.42492192009233,-24.029253766237364,-25.17634237683458,-25.12359603469342,-25.544781064197064,-25.603185464372768,-26.314705507104645
083331.02+281430.9,-22.849463478225886,-23.001782974610492,-23.313342585831254,-23.36944948565328,-23.622447838888895,-22.73518530463462,-22.584656266641744,-23.884541664270564,-24.124559394566873,-24.573773689085606,-25.23798779412763,-26.20915310547237
083332.92+164411.0,-23.496406345809532,-23.680900326460716,-24.106483386617576,-24.10191183037786,-24.337240609925217,-23.117647640888414,-23.207327738075378,-23.99373271350134,-24.599252751569807,-24.677846081663233,-25.53492260428188,-26.468319665030684
083343.47+074654.4,-21.93604217656375,-22.11818075124226,-22.355384531628292,-22.588884219673144,-22.479716238430278,-21.41827267477651,-21.57065262872968,-22.220324624300673,-22.529828430309426,-22.998323708344987,-23.386972966449367,-23.832980925864966
083353.88+422401.8,-21.72428040643461,-22.4804635448524,-23.125703315320354,-23.59246511032455,-23.816937964581072,-21.70194228160712,-22.152752619614038,-24.34082274259817,-24.871068101334338,-25.24099555739162,-25.20446540247558,-25.679424686720818
083354.49+565815.9,-23.80828156347029,-24.192428125453155,-24.870912011589034,-25.230021304588316,-25.644200134470072,-22.42178475075903,-23.077331289812957,-26.004917838922978,-25.732136892461483,-26.168207820099358,-26.62692698266238,-27.385492592463912
083406.16+244858.5,-24.02989889363114,-24.3070071530661,-24.73183273783819,-24.864004017433317,-25.081092312548023,-22.549266760228342,-23.76004168308763,-25.43800082669079,-25.43838074440198,-25.866245975345276,-26.31235179414507,-27.225052218811893
083413.36+590301.4,-21.908734238469474,-22.182553695300502,-22.486412251424174,-22.57050032863215,-22.848651476274956,-21.840057039998605,-21.779351864987756,-23.328355314589096,-23.610234570853187,-24.149851515143318,-24.523534031054478,-25.2258937922219
083417.90+491439.2,-21.592147145037575,-21.875503490217653,-22.10710595734865,-22.26968186061177,-22.198872776049953,-21.439689240157854,-21.499357523869037,-22.33075943450348,-22.85453738993999,-23.4247088468232,-24.07577792946458,-24.568054284190143
083443.80+382632.7,-22.486623832216686,-22.683449182141526,-22.927436725482295,-23.02014969784583,-23.344991842660445,-22.411458377465394,-22.628482008024456,-23.503351310880454,-24.000394631839985,-24.537853742252043,-25.03388113511379,-25.70756047510424
083446.95+371656.0,-23.65268821031574,-23.766600426844,-24.192784169876013,-24.279607219396087,-24.515706582687834,-23.819690033837148,-23.51552680929879,-24.404232779525117,-24.932438928457337,-25.20100206488402,-25.956711367876668,-26.879504387452346
083510.36+035901.1,-23.41129058214098,-23.655182491299218,-24.00081070483902,-24.097663301481724,-24.261422267136695,-22.76414696772822,-22.975892582575923,-24.297398761581707,-24.8606164707014,-25.444117069142532,-26.05499925016508,-26.94558225951369
083522.77+424258.3,-23.464921134358505,-24.03903090568009,-24.666333885704915,-24.969474377247113,-25.24207153776765,-18.049851910434,-22.290030324819682,-25.50476571687295,-25.53295052904823,-25.874763870124852,-26.501674232557033,-27.37579467993329
083525.97+435211.2,-23.088465871555723,-23.81094286642078,-24.233026339972824,-24.40119408359814,-24.629886375935538,-20.480598606331167,-21.596396418911088,-24.470815392904864,-24.545995911854785,-25.048760151368757,-25.74897610777754,-26.580198554625717
083535.80+245940.1,-24.113569037867933,-24.38784172517261,-24.792788713434536,-24.83913471964479,-25.058584361052016,-23.517759296517436,-23.87431623931862,-25.48208857584927,-25.88687779410622,-26.51149329743369,-26.869716652030384,-27.56039856665196
083550.97+142344.3,-22.64710549237372,-22.763978956393032,-23.171952073574133,-23.329446725955822,-23.261559359389704,-21.998747681161724,-22.203575877042223,-23.386461425881055,-23.84478579409121,-24.262845540243163,-24.94864300070803,-25.533115957915882
083639.86+111920.9,-22.084701128879352,-22.746970362525126,-23.33737835090609,-23.49148816601938,-23.809765158233894,-20.106780789631507,-20.68070976666083,-23.866408740390266,-24.047808275012823,-24.449689098314156,-25.531668552157793,-26.082784043933337
083643.57+072905.7,-23.762575832850974,-23.926875499219783,-24.078016502230604,-24.079828456736212,-24.219196163169865,-22.38045124764158,-22.99086255521589,-24.2636313882538,-24.857844343229658,-25.625408377167656,-26.154203072134738,-27.061184641041166
083658.90+442602.2,-24.235399540284472,-24.469261039629085,-24.736453810413334,-24.830195352179018,-24.843159474012936,-23.578551367463714,-23.621890604457903,-24.621844351578098,-24.855648358832774,-25.196008287784892,-25.618402289258146,-26.341491460316064
083717.89+191648.0,-21.43535974488342,-21.652872702844917,-21.96323682444494,-22.187601293455476,-22.57883350560849,-21.34482224717419,-21.756253171581363,-22.6047299496551,-23.121894004296504,-23.365757617841137,-23.914779504672367,-24.616690751411095
083743.68+273419.2,-24.368206726994732,-24.56760982758368,-24.922449214948532,-24.96559300564008,-25.13345241199632,-24.114791436692872,-24.317341516930373,-25.512980854108793,-25.234504400943035,-25.959220355195814,-26.554630540661382,-27.411821430657568
083748.17+314239.9,-22.651897351151284,-22.95296964266679,-23.300884499308903,-23.363670058557755,-23.638028054530917,-22.192783879460443,-22.31127137462267,-23.7143959043795,-23.96830667899026,-24.382282466770967,-24.718494768966405,-25.46242870479643
083754.97+175251.2,-21.79264728605216,-21.898128051926044,-22.178339190908524,-22.432996790980404,-22.463455399560825,-20.501946715274492,-21.238198180587908,-22.83762212139548,-23.14462458093029,-23.639479167724016,-24.07340146117277,-24.63078380322278
083809.22+422750.2,-24.522511152744897,-24.648624657159367,-24.959069535013565,-25.154389407955374,-25.33305213906823,-22.192957134946468,-23.825095400302303,-25.355903484937027,-25.309763936732832,-25.829636556274504,-26.829091694677928,-27.663622730559858
083817.01+202804.9,-22.208369034243255,-22.376948670164417,-22.62694207789426,-22.737228152126296,-22.907135769548614,-22.152340897588505,-22.469063540836082,-22.580645876801924,-23.600469723689276,-23.793431052365275,-24.798342415333135,-25.34667743262753
083841.70+430519.0,-24.024408143592968,-24.313103662468905,-24.794300299423355,-25.001933636580624,-25.291393348381664,-21.219284601041917,-23.80336544822873,-25.69632550024152,-25.40502534273012,-25.733617450829406,-26.398334249816223,-27.122388251649525
083856.38+102200.9,-23.41986576305055,-23.637559694307104,-23.910087863422604,-23.931172865781146,-24.061975241645275,-23.857470819984506,-23.708634038106425,-25.417556182128646,-25.457474477209168,-24.90712074487817,-25.290794280550962,-26.150683859362893
083924.60+575230.0,-21.058225019135158,-21.327074704241983,-21.699582011633375,-21.90046688672159,-21.817177214026646,-20.51598797007301,-20.45074686519471,-22.221315263077262,-22.35927860779124,-22.85493422999712,-23.31132269249263,-23.74565805037481
083954.90+111759.6,-23.239177956932508,-23.364374713656474,-23.653040436374535,-23.630282864973207,-23.845855259877666,-23.031815212601987,-23.113349490235436,-23.604713292592013,-23.972187634720342,-24.158967389436196,-25.41567760472366,-26.129450426069315
084021.91+101723.7,-23.544488193910738,-23.75144648461356,-24.13520024341558,-24.27349762334357,-24.424348096586957,-23.634636186279113,-23.46448693560404,-24.47043023306735,-24.7838218876557,-25.292517251204664,-26.03002507535485,-26.95548433935263
084023.54+170742.8,-23.697769860109464,-23.834080175756256,-24.215290078223077,-24.392523556424557,-24.62571860216595,-22.208234278768963,-23.3977963010057,-25.008325318689383,-25.00648275010209,-25.321070455414226,-25.808402664426744,-26.65757066116295
084028.39+442010.8,-23.97726352921074,-24.062819645443533,-24.261432562764465,-24.271318556627627,-24.37323509125039,-23.493282501856875,-23.681782594882666,-24.967324406461312,-24.39596638662338,-25.320594115830822,-25.866936286981208,-26.664813119496756
084038.01+124945.2,-23.784050034217216,-24.00972221226303,-24.32646669727025,-24.400944928635226,-24.538017135852122,-23.00516872435555,-23.324427431972005,-24.949785246640946,-24.903504574892576,-25.412785694084146,-25.814841906036918,-26.680212446757615
084058.64+412520.5,-24.619843265293976,-24.68598500782604,-24.976847976792808,-24.93640057954937,-25.00902730461445,-23.297978925149067,-23.74141073269407,-25.01906422807367,-25.048436618223437,-25.49176223659159,-26.10261864893722,-27.05500645240793
084141.67+405237.6,-24.606136090217273,-24.82373199252724,-25.1422242783719,-25.348172981933093,-25.450203337472857,-23.16736435107624,-23.83036245917973,-25.707843857116185,-25.594607890516222,-26.30715867123598,-26.772366755481148,-27.619990031905843
084142.32+474550.7,-23.417855454480286,-23.739776339137787,-24.018200012245373,-24.080861746952394,-24.239053985809715,-22.829518215526274,-23.16781419706458,-24.736857626176526,-25.069017570887514,-24.919542780322754,-25.56922691456142,-26.349055509604476
084143.96+130356.8,-24.468328113683754,-24.756093247299912,-25.159251304071564,-25.25549714160383,-25.43156383630785,-23.62657249059307,-24.14352760394558,-25.337086973746626,-25.704681222907144,-26.37872079039927,-27.1836639837945,-28.049084846230645
084230.51+495802.3,-22.59409917821135,-22.668287269503715,-22.892113839617615,-23.035786925304908,-23.184362185025652,-22.596427179185277,-22.862429967773867,-23.285789712235662,-23.879887397724644,-24.393610780270755,-25.101139369276737,-25.61757452554889
084252.54+342333.7,-23.39191363028183,-23.64837080609782,-23.81039677677229,-23.721011761272262,-23.89473363113214,-22.8940186592752,-23.289268584177343,-24.1812871248652,-24.443909497682764,-25.121798004418192,-25.594527936107536,-26.577744229147974
084305.35+132317.3,-23.256547233544218,-23.37991150512437,-23.77123512132455,-23.84988460219568,-23.99377156908595,-23.005946234501543,-22.961790626356333,-23.730900224980353,-24.09972964294417,-24.835484833281445,-25.907066863468557,-26.8234515083515
084309.23+364138.4,-22.13977230661264,-22.937835519700915,-23.66682128715299,-24.036980746143737,-24.366469249111045,-21.0009558933431,-21.336701213865904,-24.55887777288555,-25.082240214498857,-25.621085724888932,-26.285651898624717,-27.12650306274127
084311.38+405027.5,-22.764461165122132,-22.967338006332152,-23.16582937665423,-23.256556511864034,-23.50036265131883,-22.357305996508227,-22.68513072037347,-23.621420063404486,-23.815992586297945,-24.559252343621996,-25.168704046101883,-25.949512150909413
084312.42+612943.8,-24.22175896235387,-24.47502530260121,-24.95629257885098,-25.10789097268229,-25.32996814423091,-23.345627355866036,-23.750427040754243,-25.505266682136593,-25.489021507246978,-25.717124180778413,-26.09899566199617,-26.73127496329549
084313.41+535718.8,-22.309185415928646,-22.585488073800725,-22.957194559888322,-23.328342861306616,-23.074944168147425,-21.81133956988022,-22.08098277602074,-23.178208185040532,-23.5212589005791,-23.72265348963617,-24.383815977821172,-24.874265524677696
084349.49+411741.6,-24.966613323321504,-25.087718797894972,-25.295551274312526,-25.42868148205036,-25.58243493991245,-23.807263293674932,-24.25506167485487,-25.292780030004042,-25.407553972309167,-25.472569167015905,-26.603103964034553,-27.573588309170685
084433.01+380135.1,-22.162044698658683,-22.505343803966696,-22.91005904893398,-22.961224336899676,-23.290341741269998,-21.633447789723153,-22.083042176864467,-23.310241047585777,-24.036012468865447,-24.409540488708796,-24.919679798487845,-25.608080213351627
084437.98+412432.5,-23.014029004302657,-23.306437555437025,-23.556693915257487,-23.72678115894741,-23.924527614629113,-21.038069452320286,-21.69320923441688,-24.154321390615085,-24.64410978636056,-25.49480944493735,-25.810944969094354,-26.551730012770644
084504.21+542611.9,-21.732161787909366,-21.80581076430251,-22.05136614680234,-22.193615082690627,-22.301792178005105,-21.070705852754315,-21.763350855612185,-22.528695796507012,-23.13851738418919,-23.511898421912687,-23.921818800438608,-24.631254809005384
084533.28+474934.5,-22.357257591856946,-22.580546858994598,-22.810369959478113,-23.027354944361374,-23.028842646641237,-21.834283267173557,-22.299238992560248,-22.949900217559673,-23.67878475635669,-23.874937610411504,-24.75837888427955,-25.292303555911694
084536.09+273847.3,-23.069701319740386,-23.267487733838866,-23.527015969507115,-23.566766014895393,-23.824741993095113,-22.974870509289346,-22.72149772983031,-24.06808081397945,-24.060663592101555,-24.666710610761225,-25.27364206779266,-26.150756505004228
084545.94+263028.5,-23.566323304050197,-23.716022843353965,-24.063701485305735,-24.203225727558145,-24.375487506967982,-22.695221655275738,-23.357577038705053,-24.74212041458348,-25.036585682169555,-25.351101009686367,-25.951270562479987,-26.851160197423702
084557.21+213615.7,-23.445864325115803,-23.710993338382337,-24.143821692830816,-24.190790484916942,-24.360338741263778,-22.618200634940397,-23.00321255598525,-24.31585040094587,-24.64361581143794,-25.295700507214747,-25.31872692570956,-26.126922094322367
084624.23+581654.4,-23.75402324113486,-23.988383451480352,-24.552097801431213,-24.74312208370657,-24.951700667073403,-20.636839322696265,-23.33253073604399,-25.27176586016644,-25.026168821022218,-25.664902534455884,-26.202962402849224,-27.023061005217745
084650.29+492212.0,-22.4882174921923,-22.803162467847308,-23.247329714450984,-23.349309423509393,-23.53308952241169,-22.08610450262724,-22.069653298591074,-23.638605922185324,-24.07684462818004,-24.548923820355306,-25.349530986786803,-26.15452425154388
084704.39+375836.0,-23.761016690477835,-24.291089120782097,-24.61019567838701,-24.581973752939646,-24.859249868298015,-22.878797698492072,-23.82075587158195,-24.879049557266697,-25.06712836940755,-25.109974583129254,-26.001025873041815,-27.020435846857975
084707.38+571617.6,-22.393110283763487,-22.678711972674893,-23.145262661122217,-23.171491418516364,-23.403351935358355,-22.13763517645172,-22.028393638523735,-23.376684641305125,-24.262462578107332,-24.659100589097317,-25.411542238703742,-26.2131165096154
084716.03+373218.0,-22.388289508114948,-22.609810126449556,-22.937703641845303,-23.259715778931767,-23.5862943745873,-22.230054923831844,-22.388069108552504,-23.813969767407812,-24.1107530056403,-24.438926418657886,-24.71942092667883,-25.71181919567601
084720.11+420250.2,-22.291769168788893,-22.46639858451219,-22.662979274370393,-22.716287965114635,-22.993052676553354,-21.835553762540183,-22.0082522613557,-23.18420508843093,-23.68411276153302,-23.82054093786624,-24.236170914314382,-24.863545361231115
084746.06+383139.3,-23.357756328963642,-23.65363780018384,-23.975130219152085,-24.1027807581144,-24.363234422353973,-22.800421202279804,-23.016041348452724,-24.03870499734847,-24.31944971699994,-24.7921420880026,-25.44009032747189,-26.14549045269545
084746.86+230914.8,-22.574265526558957,-22.851056553830187,-23.3032280812126,-23.435019272385766,-24.109914059470547,-21.436206196252712,-21.969586115167214,-23.89827155978903,-24.60445529304148,-24.877988888682918,-25.79037531062598,-26.547759843983766
084748.42+315713.4,-23.459521274136335,-23.661861753404903,-23.950353040275335,-23.923994930720873,-24.11552195486008,-23.66387940218785,-23.971820369976154,-24.468703797295014,-24.692602839885375,-25.110256702845014,-25.765633295969906,-26.600177393438827
084755.63+263147.6,-22.462354535643737,-22.507171008406075,-22.68520691748295,-22.88077024111813,-23.063290373923582,-21.618467040993067,-21.84549591045828,-23.324935054010965,-23.49781602402235,-23.769563025328992,-24.06071568018235,-24.631183391168637
084808.36+083208.1,-24.24720215716046,-24.402029181889503,-24.826831558298363,-25.016351916404663,-25.086147775708056,-23.953183785179995,-24.07111807188839,-25.09299812382727,-25.10656751905511,-25.544712941275304,-26.460959936281366,-27.29287600920093
084822.24+274554.3,-23.741435801121064,-23.941137133563192,-24.270296936364794,-24.31822019999903,-24.43014375206452,-23.33973718748275,-23.473887854784582,-24.933446679309164,-24.693238065294285,-25.205230760597203,-25.62835487612063,-26.399769722881622
084832.04+423108.4,-22.346142323664186,-22.909160845848305,-23.490149565007506,-23.74838887570097,-23.84787622726682,-18.868597056513153,-20.870591111260737,-24.036333586549343,-24.23044424342245,-24.949205818187473,-25.447749114318356,-26.17836553813663
084842.26+175145.5,-23.504077987830915,-23.688273251804418,-24.035735595196485,-24.148727993355127,-24.384717647244468,-22.53406345785629,-23.428637643812966,-25.109973420351448,-24.529100232618404,-25.329629236060825,-25.815707104922904,-26.713320890093435
084849.61+111729.6,-23.482409194464847,-23.670798921610594,-24.05955864415319,-24.239370790567936,-24.403617986071566,-23.406686429922306,-23.248106681041513,-23.840609632877534,-24.616200690991835,-24.767665721061913,-25.764176270412516,-26.501713665773174
084902.60+300235.2,-24.90798143254381,-25.08307798464232,-25.398545581955236,-25.422939267235126,-25.468033558637448,-24.77339340053817,-24.8303591944982,-25.581349828072593,-25.89954409625315,-26.309429525851275,-26.929217026363588,-27.889292777158865
084931.22+561938.4,-21.7753356530486,-22.063334564805416,-22.523671787584664,-22.682815914463948,-22.823108900844534,-21.52112430527527,-21.522423663809345,-23.367012895263986,-23.8617552656965,-24.008509384848093,-24.6347244258619,-25.244771293217447
084932.72+170020.5,-22.204662528206956,-22.52787708163943,-23.011288934231132,-23.240442595609704,-23.282597766698085,-21.32393531861402,-21.630203100852878,-23.8453976438371,-24.00092391325382,-24.584680405268955,-24.51155799512763,-25.18839054257249
084959.50+431646.6,-24.501567675186084,-24.600530052025928,-24.9289038295537,-25.054791980381935,-25.20933175006573,-23.684762698538865,-23.808738710330314,-24.92516070071803,-25.35352729572816,-25.51468196786909,-26.096532489152267,-27.009531053922423
085042.91+183006.1,-22.384974461742075,-22.4857607065579,-22.670024632080146,-22.8300211850136,-23.096163358085352,-22.343886062152418,-22.296655471179495,-22.96451017339791,-23.32757322527067,-23.90068651811408,-24.399222250109684,-24.912288075736242
085045.32+172002.8,-21.07066801015566,-21.842219520031577,-22.619121934764664,-22.924157480073532,-23.074830199127266,-19.55054463098998,-19.92233255390049,-23.222538430973014,-24.065409608397935,-24.69794780433965,-25.632810233618358,-26.40981926354755
085045.78+201433.3,-23.387389159099012,-23.604186588629027,-23.893460508113012,-23.9125011022407,-24.022527988908603,-23.17747631447339,-23.374445904359693,-24.263406863800093,-24.925937505862144,-24.952833446453212,-25.40091829507777,-26.171963753087653
085051.97+083026.6,-23.168844221891312,-23.40680776826711,-23.77823391113906,-23.918733929955003,-24.049006145737252,-21.144344981621874,-22.405249796191214,-24.446068676724725,-24.606998060995522,-25.277872929639333,-25.937804517593648,-26.862313088717503
085053.12+445122.4,-23.493230076158696,-23.791774616878307,-24.312721202291417,-24.408424538375943,-24.5802654525761,-22.102689573658093,-23.11712371386762,-24.563439637006564,-24.448921501200473,-25.183249805251048,-25.817289730239555,-26.65647158082455
085102.97+512442.4,-23.05144728850118,-23.281756771384746,-23.695945265980104,-23.753944399875042,-23.926438047987727,-22.82999147514527,-22.99637769653331,-23.943320707610372,-24.186315712954343,-24.74011870175984,-25.681839714014878,-26.435850513699155
085116.14+424328.8,-23.489100931610853,-23.508902737265508,-23.86300352544235,-23.95626022139001,-24.08873781532986,-23.380890924236482,-23.507029582541165,-24.06384190651447,-24.66318784042733,-25.25295276054647,-25.799706941298695,-26.69486912767332
085124.45+250450.7,-22.969027431470185,-23.292574682703037,-23.78603108012556,-23.926854616229907,-24.179041561452483,-21.387402594970585,-21.921329484085025,-24.012394534323906,-24.279644056455382,-24.37391142808338,-24.877910308113798,-25.712336861913574
085130.67+044221.3,-24.357197030645803,-24.434474403443783,-24.723973785237433,-24.90553170078039,-25.097586979480486,-17.448214727926,-18.036142528390396,-25.152984330374927,-25.493715538516792,-25.870198360097156,-26.691618355549462,-27.67471051051195
085147.00+073053.7,-24.710578622044697,-24.86618765118205,-25.233525197071323,-25.357169449733146,-25.486381769583172,-20.806222075668213,-24.25899425374496,-25.913929586798243,-25.24990889573496,-26.065731018184884,-26.205866237024914,-27.070677436889845
085201.53+422958.5,-23.369561964066776,-23.52145627384251,-23.868858048310447,-23.960243946969424,-24.16038753382568,-23.112501206388032,-23.007154115089804,-24.071499821887524,-24.673311666808672,-25.452693606489795,-26.546005349388146,-27.495236761810116
085202.21+014336.3,-22.851280044207712,-23.44317667207742,-24.079733489540057,-24.292947009367566,-24.61644569810481,-21.5203955047992,-22.396046686918083,-25.270709262554004,-25.31774274642976,-25.81075554981221,-26.11668019039434,-26.984129087718966
085206.14+465050.5,-21.665157523540973,-22.008429040863987,-22.51113153417415,-22.70762359925033,-22.951916430175526,-19.72868877683961,-20.558112512560054,-23.60057596653511,-23.9223248902578,-24.370309763684023,-24.294197776067097,-24.996388462046948
085206.43+401217.2,-22.56990509099535,-22.783576187351372,-23.266293891776265,-23.340153579995746,-23.438853520766617,-22.174037226097028,-22.642159927590452,-23.24953110066743,-24.134871235801157,-24.43989770132783,-25.45076056731894,-26.232551723625534
085240.12+051215.4,-22.209417584532197,-22.637581351041902,-22.961342985683345,-23.03744781420526,-23.131381522057783,-21.178622295643642,-21.567685070185984,-23.16634429702586,-23.398683665565734,-23.65331048391815,-23.513381560643538,-23.877232439342357
085242.39+442522.4,-22.368982624506238,-22.712328293361363,-22.957804947153708,-23.00229389976819,-23.28279249847465,-21.46291794737135,-21.55430623127915,-22.911440912363513,-23.571619508960854,-24.197645787974288,-24.568555389772396,-25.36763519903501
085255.27+023916.5,-21.425825581684652,-22.259933590888284,-23.020533362538814,-23.22444916029887,-23.551128655244806,-19.038907159134173,-19.892985337238585,-23.858769756647654,-24.205705909308968,-24.390132320943618,-24.925360968614953,-25.86787480305741
085259.22+031320.6,-24.02495154826971,-24.21428703121547,-24.396882580757755,-24.407202771550516,-24.482782907553236,-23.230165915353084,-23.40675958181869,-24.469443468696976,-24.752899819926203,-25.324400002522555,-25.846328110793056,-26.434941073047987
085327.45+502938.2,-23.45970420705518,-23.625898420166106,-23.70813220560966,-23.85348295765654,-24.028467209884372,-21.97577758463008,-22.817700459929814,-23.920249805221907,-23.99790449387938,-24.82291409448136,-25.386930322227762,-26.322387402209035
085334.23+434902.3,-24.268587238770923,-24.572716118686902,-24.953512815093188,-25.045694312082762,-25.194559676951187,-23.62252769212982,-24.072758613205966,-25.550285192079112,-25.888242652163953,-26.561468013312968,-26.89164501114975,-27.812525906625986
085338.72+020318.3,-22.122399283816762,-23.006111102178107,-23.747045309407643,-23.959420990477522,-24.310318525892257,-19.128772353492934,-20.326780369593585,-24.26783790799577,-24.718321036437512,-25.452117385577314,-25.98793791876479,-26.873938904071412
085351.88+465624.2,-23.609055480763512,-23.76131537872534,-24.064663935452334,-24.04449669420801,-24.16425487538126,-22.924385360177983,-23.539241409850884,-24.445047726772774,-24.807700694003564,-25.03038364344733,-25.692658058512006,-26.631867687783835
085357.87+463350.6,-22.704787260295284,-23.078495008183825,-23.477600034690372,-23.72821394632235,-24.04618189215408,-21.327210200105853,-21.877334506069314,-24.05248839721193,-24.549491347766295,-24.82996388003885,-25.387585338436267,-25.99670673129464
085435.84+311020.7,-24.582507825944365,-24.756890666134705,-25.18274646887326,-25.399886633158875,-25.614862749969383,-23.808014700906085,-24.406708309063376,-25.69492579644705,-25.72279268242124,-26.07576894425548,-27.170491943984995,-28.064860296914958
085502.06+083847.1,-23.143575609324294,-23.402914866953438,-23.802772841572903,-23.944555257827066,-24.075679616397004,-23.075425577141008,-22.917750559007136,-24.5010292465757,-24.755882431863434,-25.36196847894924,-26.045031079763113,-26.778295313590867
085502.45+323918.3,-24.089470197788543,-24.097292024218277,-24.449712625640917,-24.534466572447148,-24.70420747819521,-24.11058362224212,-23.706390135394923,-24.564817661288938,-24.77796274992957,-25.48018107699224,-26.182195608411917,-27.03991346351111
085509.71+080916.8,-21.384715581831976,-21.831853412384834,-22.319562721173266,-22.51988848799406,-22.644333457002084,-19.640504004655,-20.586014916297838,-23.491078004521835,-23.871165062827206,-24.562482536108888,-24.746916218970565,-25.340458710289887
085516.20+561656.7,-22.66141778776244,-22.87663264238698,-23.088849191102742,-23.162752958884468,-23.494775207286672,-22.489030792442023,-22.661182620740817,-23.570605241449115,-24.18260194144557,-24.417599524548056,-24.18329357129524,-24.84663773635214
085516.79+150535.6,-23.106956542556283,-23.44573758399629,-23.699075353786206,-23.74158928338214,-23.925026979168663,-23.556946895675335,-23.50153610609516,-24.2280479016641,-24.723222695293558,-25.153823061819217,-26.15903186012335,-26.815544981881892
085550.64+271824.1,-22.430572541362835,-22.67398809716399,-22.929063846274452,-22.99846214382748,-23.089752105158063,-21.768703454258084,-21.950814767803216,-23.09234781994248,-23.896704329419283,-24.0741383734374,-24.693532996357945,-25.224031476499988
085559.00+005745.4,-22.75008157268987,-22.9864512787611,-23.15519555421365,-23.236297404226203,-23.46033048858927,-22.8426826649451,-23.0000847127241,-23.66245351805427,-24.09166782653279,-24.865465388636075,-25.650129671360553,-26.41115001668351
085601.97+210908.5,-21.965266269432526,-22.09036313844157,-22.298131714499682,-22.410595544811905,-22.841648029793216,-22.1329146205617,-22.15646974695111,-23.37877973733166,-23.619466827022432,-24.17585606699196,-24.142227248298695,-24.754190146088906
085632.40+504114.0,-23.33670711827708,-23.523274594439137,-23.76550997800075,-23.8766608778398,-23.778091377771304,-22.978176032881976,-22.71990848905432,-23.960382247848873,-24.50666843352622,-25.142970635318633,-25.627082944529146,-26.312958953977354
085632.99+595746.8,-23.458254496018686,-23.4630924745862,-23.62898201338995,-23.72989830674605,-23.884498251092197,-22.76386703813615,-23.04673163010824,-23.954260630456183,-24.15599872622607,-24.728724044393612,-25.833328786339116,-26.466525719313537
085640.78+105755.8,-22.800025765748703,-23.052646277788725,-23.448726847198955,-23.602049302996583,-23.75812529881815,-21.874495752121977,-22.198395333738826,-23.442054651338406,-23.9392204876012,-24.35907757274689,-24.9677657793185,-25.578158302271802
085643.71+413444.9,-24.106871443327197,-24.177019472913194,-24.437200881802912,-24.317727453142677,-24.555087979835466,-22.798255688092407,-23.290234406128246,-24.67780082698472,-24.90295374176062,-25.381505497663692,-26.09768727168285,-26.851343621573314
085648.66+141321.9,-22.495486209734644,-22.786211571675743,-23.114854212959436,-23.20004000282563,-23.38011209168587,-22.34498709990413,-22.64169277224534,-23.02561124458999,-23.57357943366398,-24.339081919254113,-25.184527196139637,-25.946661839599592
085706.35+190853.5,-23.214163959502798,-23.32765104998769,-23.741574621340124,-23.7834345966894,-23.961780139064924,-21.638872478253234,-22.369889544354045,-24.326657071712706,-25.14458895238236,-26.055700640860007,-26.79519995762305,-27.496588569857078
085725.82+213041.6,-23.21763025564221,-23.652473338759602,-23.99896695329863,-24.178887795465208,-24.4287115864888,-21.049591908458307,-23.221270034247276,-24.81351948429009,-24.343985173091564,-25.32291019028809,-25.361999467463605,-25.942524681020288
085733.19+160017.7,-24.736213415503077,-24.755141681219552,-24.979625670181758,-24.97600934785807,-25.062640950250266,-23.176167847326234,-23.89691698495141,-25.032757633913004,-25.229793497691865,-25.507065356801395,-26.47944629726924,-27.33966387817736
085752.19+462152.7,-23.912747247631298,-24.050276661739773,-24.28306728504669,-24.29867077926495,-24.52123545327693,-23.424751945969923,-23.519945732113484,-24.62028656006313,-24.93108021132474,-25.482228743547598,-26.125410746337828,-27.061576612669338
085813.33+203746.0,-24.309260899224927,-24.433951433196764,-24.750922360137537,-24.802005354938093,-24.874053044087283,-23.782576637311163,-24.335773632615222,-24.754575277501083,-24.676315210229703,-25.087364163425303,-26.096110501061283,-26.870965670769273
085828.69+342343.8,-23.74463558547525,-23.946756698137907,-24.03492355089713,-24.149527754513663,-24.16586979178524,-23.408513790176904,-23.4281570751041,-24.05581071394495,-24.42566702360974,-24.84609093347678,-25.65318810240852,-26.3576545528493
085850.00+255146.0,-23.450432155643917,-23.681554176487804,-24.121106526597483,-24.258181945295753,-24.393785210194796,-21.674408173171397,-23.504930319460186,-25.12023881298914,-25.39062842295822,-25.47863474781165,-25.808820190302075,-26.60024557900502
085905.54+310522.9,-23.404769922900098,-23.67045814819412,-24.101180360972222,-24.179793622744377,-24.32401948972402,-22.444411524475594,-23.27100752084864,-24.643893880894563,-24.861519946401927,-25.477338503313295,-25.641453049938114,-26.36374311346236
085915.65+011800.5,-22.713802954072086,-22.765429441838545,-22.928232593934887,-23.066923688043982,-23.201025694944033,-22.73701157452498,-22.8788939296879,-23.401606704086404,-23.938111464880315,-24.25144834153127,-25.04823807391139,-25.63003710522312
085924.35+463717.2,-24.91009665015461,-25.199987440402516,-25.512660863452847,-25.52050366073508,-25.647175381495842,-23.908011362367095,-25.068174678827283,-26.106120287474884,-25.698284489790307,-26.12587363292411,-26.896075369353927,-27.77839513564594
090007.99+364610.6,-23.716189662999227,-24.01710374288297,-24.35477919015266,-24.46121103807311,-24.72289634487009,-24.125800632541175,-24.028133136083024,-24.320607713823463,-24.610293534239762,-24.43791036050737,-25.863069389620705,-26.73869456050056
090022.27+503138.1,-21.010665695513573,-21.335302056753445,-21.71702147554383,-21.855977358883184,-21.82215525080031,-20.78309382393184,-21.2449375283831,-21.983709471453803,-22.115906536350458,-22.593948093341965,-23.227815988271598,-23.626328020688156
090026.51+204158.7,-23.695320585999085,-23.857882451753678,-24.163168155097182,-24.40282413412292,-24.508069081581457,-23.369890586932183,-23.447719788127717,-24.788893072441912,-25.0952741493459,-25.846947848834176,-26.909513397814326,-27.875381601771096
090112.04+011549.5,-24.487505142454093,-24.620811602558334,-24.968518418490017,-25.138325836370576,-25.1255749610485,-23.616146492075057,-24.306788297037112,-25.23664623820013,-25.494653629976803,-26.036298475970927,-26.847185867825043,-27.741552660776833
090115.69+354059.5,-23.225590522022745,-23.40735345882522,-23.801636822364685,-24.007855725662377,-24.197087423031718,-22.84023315553439,-23.075205198727012,-24.586380831878976,-25.06096791386694,-24.98349477917474,-25.63941312403555,-26.471012708958533
090137.99+532051.2,-21.622795007931458,-21.850794329386435,-22.09414002497075,-22.145962271559082,-22.143501070915406,-20.752000020527326,-21.11620909130084,-22.55072306835055,-22.92455042436552,-23.263872659573373,-23.964501321542794,-24.350290071212093
090216.49+375724.1,-24.246614340519358,-24.452170571382926,-24.796799396640832,-24.86304725161289,-24.944168857335875,-21.35645902335492,-24.146499938465332,-24.872384305921766,-25.117675050254785,-25.543265373901896,-25.760917014288054,-26.448276215385597
090420.88+013038.0,-25.137078784470887,-25.30361564023966,-25.68902278943605,-25.801655071691904,-25.886777398293976,-24.631405333225455,-24.864592576000284,-25.961978260648287,-25.935762285683445,-26.492070942391162,-27.603436169966216,-28.54233034011036
090423.31+400704.6,-23.699984355881313,-23.800072133994092,-24.102913994373665,-24.037993471492218,-24.17376162135461,-23.561274429241706,-23.60234221132691,-24.28369876891935,-24.641328703494565,-25.288601805402465,-25.942149786341353,-26.748424426836678
090429.00+422659.3,-21.52697360298897,-21.69857317965892,-22.017627571407147,-22.244132571848084,-22.261395446888034,-21.28572410619453,-21.60155781931039,-22.52737837355095,-23.087083238482144,-23.59417495054675,-24.13265458782154,-24.657558822986623
090454.99+511444.5,-22.870243837695234,-22.964982820138157,-23.07150517575269,-23.217362781064896,-23.157488300669023,-22.23993593470655,-22.09188742968347,-22.83974917982186,-23.393040477424893,-23.6118871320215,-24.295745614788537,-24.822126667269984
090501.55+533907.5,-23.684475822687585,-23.911586717451016,-24.178089900300506,-24.25806894126276,-24.49650251741077,-22.848041330614585,-23.36352624738106,-24.46104660770356,-24.489602561775566,-24.439076244235814,-25.20987115452217,-26.057119041761542
090511.05+182716.5,-22.344408188762838,-22.436598369667085,-22.686113017219267,-22.788013140143402,-23.124566132152133,-21.851852060567023,-21.985605136066713,-23.56346558964694,-24.137624116938895,-24.601589918962667,-25.0927130682807,-25.837687425131303
090544.26+371028.9,-23.16868792300844,-23.444751067350488,-23.927888085862552,-24.157762320325265,-24.367571416085998,-23.4249039134387,-23.375119885769344,-24.611433111358323,-24.81388836350444,-25.669421659016287,-26.378160505572495,-27.327343628158555
090549.23+270558.8,-22.738416314152133,-22.966640960295546,-23.232936791624027,-23.28788404353765,-23.556151587201317,-23.228822607798296,-22.981930767406052,-23.461085880717278,-24.296110660402938,-24.709205055822995,-25.16762160854229,-25.93158416100804
090615.93+121845.6,-24.162687449193086,-24.291594658180784,-24.61373663887975,-24.624965608761407,-24.728435898204392,-23.63439765794072,-23.79923318915947,-24.675238986521602,-24.989418905866145,-25.595400590891895,-26.13373156261886,-27.01866466829593
090642.11+183428.5,-22.998137987258286,-23.358331753767207,-23.860061276235193,-24.077110894749804,-24.23395229017201,-21.734507234253105,-22.432984321514137,-24.29088426967275,-24.51159683132274,-25.000398466685127,-25.926232719239053,-26.72014547899914
090654.48+391455.3,-21.729316902592082,-22.064773894101435,-22.34587411660979,-22.439440702177873,-22.396607837243053,-21.122115918016807,-21.698616844023945,-22.35542856442828,-23.23306976911914,-22.826802178591684,-23.514445564680653,-24.024800422728436
090725.91+021521.1,-22.360746914740634,-22.851175189627003,-23.35397265361796,-23.48561548182111,-23.67846073409157,-20.61214653762825,-21.648357085334364,-23.61314041567992,-24.220383924081144,-24.962352771600084,-25.643460622118983,-26.2406545646054
090743.66+551512.3,-24.181535567590622,-24.17853623297462,-24.384079421746954,-24.327685424474556,-24.430612433004292,-24.28807295720345,-23.957917831015067,-24.490012896498726,-24.76588943042216,-25.057079685421286,-25.468945012383358,-26.423070263914262
090745.28+532421.4,-24.215400024338027,-24.3142751006891,-24.610622557489236,-24.613690423000783,-24.699053674456284,-23.353387311863926,-24.12802894318169,-25.050514583163544,-24.875515255277417,-25.259011340232938,-26.15172211151342,-27.040303893928975
090802.24+090625.3,-21.509766308544666,-21.719298093040273,-22.11037253982114,-22.36489760236604,-22.301769447647118,-20.649966638911284,-21.23006163011923,-22.58360575366406,-22.861780260210733,-23.774401366998543,-24.524390821853252,-25.130791771217325
090820.56+083513.3,-22.681350899876374,-22.887768649921025,-23.196535521482645,-23.242198586094144,-23.36831875026229,-22.370610299755715,-22.689021033289556,-23.508030446534068,-23.945910827570394,-24.632951728486272,-25.260630532350596,-25.940612953915682
090821.33+273614.3,-22.720449169272253,-22.94147728272255,-23.217968382849648,-23.22374659175467,-23.497867290278798,-22.2835035167139,-22.49351535603518,-23.299414172251414,-23.821484873613617,-24.232183035750985,-24.899787564225544,-25.69287354565694
090840.70+132117.3,-22.495130415838467,-23.016271711973708,-23.74305326501993,-23.869552445563208,-24.0372485520736,-20.58687880090155,-21.290349147224475,-24.225989813054465,-24.192210273316856,-24.95390605114957,-25.658343969799247,-26.390796124878253
090847.39+494006.0,-23.31987030965748,-23.815345363294973,-24.308743582206223,-24.40729831533621,-24.69373771598722,-21.818383184253758,-22.005750298857162,-24.589055655592652,-25.03098565366529,-25.571516729346463,-26.08947588443743,-26.9230111294424
090850.41+254447.0,-22.385715568102935,-23.096989021582342,-23.600771373049866,-23.773352811653407,-24.105091324917584,-20.38575352964366,-20.816598796751155,-24.260824535235283,-24.53586340981657,-25.02367418603758,-25.57227813517464,-26.588311357665976
090851.26+444611.2,-22.722144306005024,-22.959886021663433,-23.20243247561094,-23.380182672057394,-23.274832475808758,-22.187615555939107,-22.15999692599546,-23.71114941309462,-23.99462661981382,-24.170701531064427,-24.23710511557147,-24.76083701845951
090902.21+345926.5,-22.99626754618411,-23.48140378472011,-23.77345937258368,-23.929246600567094,-24.110458493585146,-22.28996051517815,-22.691478459031693,-24.345591685710467,-24.666184617108375,-25.318884209875847,-25.93765532001017,-26.954136471685807
090904.63+232439.7,-23.915696250876934,-24.069939063449905,-24.366467931856956,-24.414768712582234,-24.528480435266175,-23.368167682914727,-24.040844141241074,-24.73052510338171,-24.979353319584536,-25.220446904274976,-26.14883305881651,-27.063175901308743
090916.08+163522.5,-24.964017352466776,-25.005003751785107,-25.297057096708535,-25.474078970407362,-25.62713854233118,-23.315892507749332,-24.82982384399473,-25.753597970292223,-25.65329492799331,-25.962864168893574,-26.761566050266303,-27.695287056903204
090947.85+312443.6,-21.248818845557,-22.149484747526202,-22.94270238631259,-23.227281081691068,-23.39788283862387,-19.144303085348543,-20.211468744212294,-23.92172435291841,-24.28596362537619,-24.816381870367277,-25.404648471038602,-25.91875826802967
091020.40+600215.0,-24.214805381908707,-24.4825409101931,-24.8456834174687,-24.941179601085484,-25.12224530865886,-22.899044917165472,-23.711719294633944,-25.507106603988838,-25.647867362352944,-25.626804426086675,-26.096537819187706,-26.964097676887004
091029.75+101413.5,-23.306820572191274,-23.45648825212285,-23.673120297017253,-23.684087211320175,-23.93663853155463,-23.40953324661543,-23.380617385255718,-24.004861211565895,-24.49056103241538,-24.794773627659442,-25.807091275586984,-26.6124237310171
091110.19+140632.6,-21.429426943804415,-22.422704893463653,-23.198340840373753,-23.647398165139652,-24.214827734942347,-19.72058890364106,-20.5161319339942,-24.16312278257521,-24.673546877241492,-25.03077531025043,-26.05224213989562,-26.94013824751919
091110.49+260312.6,-23.74721270666226,-24.03087465988743,-24.27124604653128,-24.318199666648194,-24.501447992876837,-22.849753774207624,-23.781361500593714,-24.96850105342427,-25.245779790612417,-25.73444009230768,-26.02851078680267,-26.81267446788312
091117.30+531905.6,-24.338506711104436,-24.52916428289653,-24.90564647657049,-25.037285038873332,-25.1419578730465,-22.060489733651302,-24.222800633932113,-25.35414061914885,-25.459096269148,-25.285640885953534,-25.50936871118555,-26.317657597173785
091119.16+031152.9,-24.33002790106491,-24.425674496547106,-24.671438877827924,-24.74943156337258,-24.813924180544497,-23.673165992582177,-23.796260158080546,-24.936528721012255,-25.365518190233544,-25.387259266746963,-26.38768041104461,-27.356181665654066
091120.83+172232.0,-23.610976724649632,-23.722949712829553,-24.055848162983594,-24.19297579735138,-24.306195957267384,-23.365749242539703,-23.36128014576804,-24.41989611206912,-24.860318836488428,-25.61265817787434,-25.935175207498112,-26.913680914373682
091135.00+293803.7,-23.326054853612828,-23.617895532348044,-24.03106761386574,-24.180083903682217,-24.435379071986887,-23.151320764427066,-23.19297935559465,-24.44720674565514,-24.756193205692767,-25.07088332146199,-25.82282520985529,-26.59134545324546
091217.74+245037.8,-25.441444688581463,-25.660558651584704,-25.929498182970065,-26.03636845923803,-26.17237684483616,-25.794384090960726,-25.57202384117234,-26.19619987886261,-26.46764925579087,-27.094863397779292,-27.83823006213402,-28.854792536122524
091239.76+454655.8,-24.309752110206627,-24.539134235056437,-24.88470073633312,-24.9187206846286,-24.992045381243983,-23.77039129776193,-24.48220378181396,-25.267940829543544,-25.104951295476667,-25.977438293009858,-26.536818010724676,-27.34925581608231
091244.03+460236.5,-22.907669191612253,-23.10134653447765,-23.266555794571303,-23.40960706598514,-23.686387052371416,-22.961363503832207,-23.047950247807876,-23.611356980501327,-23.72407786694051,-24.19778609063843,-24.97354557118636,-25.772548451707173
091245.42+213139.1,-24.43999996955315,-24.55013115457323,-24.952314183138952,-25.097808759351665,-25.192274156068535,-24.082320309772204,-24.2005421699984,-25.209919233913688,-25.415865608470366,-25.925728261102314,-26.71328203621134,-27.637018322059745
091257.07+275646.7,-23.392355965675875,-23.516282403560947,-23.861092141573618,-23.908603532817317,-24.119175495086438,-23.309050063715084,-23.321345374332832,-23.696457961509108,-24.247790174113128,-24.55571894954122,-25.654137468415342,-26.46953244209038
091304.06+293558.7,-22.97893508446273,-23.214191160160098,-23.510676029492533,-23.57492739778907,-23.653403037327546,-21.87410453367731,-22.363683766239163,-23.69422463333263,-24.52240470783785,-24.693399128391878,-25.565206494949027,-26.208575988773255
091333.66-004250.9,-23.035394572768247,-23.269364986789807,-23.555889021875736,-23.6762009163788,-24.07463780011653,-22.02812651647066,-22.494493301920595,-23.87337510933266,-24.22239943529388,-25.005921203274966,-25.321491116503406,-26.165220156322082
091354.35+224843.3,-22.092316350353784,-22.662529212288202,-22.86501537133183,-22.901938737638954,-23.16631054461673,-21.69793499374324,-22.3328048900392,-24.482769320543927,-24.625346375809407,-25.244656571346365,-25.462775683895554,-26.27519516943609
091408.41+164059.5,-22.768578054456277,-22.97439427475698,-23.27742574093057,-23.36489092142085,-23.54350895706329,-22.419577077725318,-22.756889830352904,-23.94679765172976,-24.431471785943906,-24.55979892715447,-25.139715407555016,-25.99423698479964
091418.44+130546.9,-21.93486469060615,-22.39806601823333,-22.71023465084719,-22.836822424249643,-23.080505134686685,-21.833076511692415,-21.9634570016159,-23.295094969263758,-23.613978617298944,-24.03276181831258,-23.80188871416596,-24.52607694563129
091431.77+083742.7,-24.347934261592762,-24.587418508991455,-25.004940328032838,-25.155329117950156,-25.32278801046383,-24.02449778563339,-23.924803174673322,-25.206010786307523,-25.498794649065005,-25.821607526774702,-26.51692596492431,-27.402061556271025
091440.38+282330.6,-23.980419307300714,-24.022786733905935,-24.297437643619254,-24.37861909205829,-24.434043490693757,-23.76299427127773,-23.858252985510155,-24.870924095408284,-24.80885558211941,-24.92758140511685,-26.03183066048679,-26.910564400188647
091451.41+421956.9,-23.520584888474218,-23.75540656884329,-24.14263755419437,-24.239940734216884,-24.435010737494615,-23.173128157610073,-22.93305450891281,-23.925465927487725,-24.52323169029271,-24.971331394905583,-25.782007651114007,-26.714284340098622
091514.59+173102.0,-20.988120536268482,-21.332206395868305,-21.780320560061945,-21.947395081357666,-21.98285002521155,-19.88204396685275,-20.60729295143087,-22.449100711508695,-22.679714829569804,-23.24127055171833,-23.7877033043548,-24.312616166719565
091542.24+251939.0,-23.50130308840742,-23.890693564919598,-24.30535167776652,-24.397446538448396,-24.598529831427122,-20.85086251645865,-22.89596414416182,-24.98184146127739,-24.9718972616321,-25.324083057838966,-26.17243782839155,-26.876093063559274
091548.25+124737.5,-23.956359632369725,-24.02818681013935,-24.26477788773269,-24.384352281913102,-24.449766027435977,-22.930995130451684,-23.398453617033525,-24.5345268451818,-24.814407339344886,-25.35420300481431,-25.9853782496043,-26.713942009928715
091557.30+292618.3,-22.345652784823887,-22.749654026870186,-23.182629302959775,-23.355725714032456,-23.5773210713691,-21.409506474017256,-21.58233998734476,-24.08215285120531,-24.373850024212384,-24.900056843861858,-25.07421377480814,-25.859189978863647
091602.61+210616.9,-22.300052022603744,-22.59133362278768,-22.970314233452807,-22.98117864349256,-23.22269274420832,-21.637564495294775,-21.90611016631162,-23.285587697961578,-23.901333455033534,-24.53326335393865,-24.803529191187558,-25.707240792727685
091609.60+000018.8,-24.283232365648757,-24.63598922323007,-24.985014735345317,-25.042325586562303,-25.314783543732958,-23.568556151050565,-24.245833865910072,-25.519386417883833,-25.398339246257613,-25.649276535876538,-25.818290163330225,-26.455623354639236
091615.99+392657.2,-23.604625588472008,-23.794966951360898,-24.049976140893886,-24.059134296807816,-24.31626331692961,-23.541299909391412,-23.751853388383015,-24.43539301278102,-24.9037032619428,-24.89224990923203,-25.75987968468371,-26.572280718779556
091632.93+080809.4,-22.845033947025552,-23.04231087514253,-23.271018951103745,-23.32820219251441,-23.536999543732982,-22.31527143908769,-22.45512348844771,-24.613678254615596,-24.666820903098305,-24.245219173200056,-24.62785066111494,-25.285600355579554
091638.02+183815.2,-24.745376379709445,-24.883137856702913,-25.2307676778286,-25.42288863079333,-25.51286421916478,-23.563641656653907,-24.82121285336896,-25.768200434493373,-25.637610485501977,-25.862921917370453,-26.37172138794599,-27.283512197118537
091640.11+341040.0,-23.84588674738303,-24.223873888767507,-24.690339371057014,-24.914035047777638,-25.203606356376614,-21.141895680400342,-23.434450714505164,-25.607605256947384,-25.959447455240664,-25.80479952815526,-26.545738701379555,-27.331338239168172
091702.10+212337.5,-22.438945105777123,-22.53407470496539,-22.702403073676393,-22.922380954193315,-22.811843246663035,-22.069978519168508,-22.146360172159362,-22.882850745494565,-23.292939997697573,-23.56927959810696,-23.96543145799159,-24.33096001512279
091702.38-004417.5,-23.82626032603542,-23.9292903166255,-24.040574092410306,-24.11454132973545,-24.37804386769136,-23.562889878240178,-24.07041860779887,-24.115461457375076,-24.427640616098515,-25.179208178155577,-25.480801804823578,-26.231030709307213
091706.33+325624.6,-22.258370837585442,-22.92421721281969,-23.491360473467736,-23.599375701644906,-24.039851748804757,-20.8169936647468,-21.577348656968415,-23.865109497541216,-24.227714999347892,-24.90360320947617,-25.878296945141397,-26.669883170669294
091715.91+505646.4,-21.680571532788235,-21.80065577485536,-22.157281866921643,-22.316084588792062,-22.64580571336725,-21.18626638528027,-21.396448154857804,-22.818434379385778,-23.238455626021278,-23.94283345165488,-24.163218618655947,-24.64245751199787
091741.62+034012.8,-23.213770614462025,-23.41989347154803,-23.6884937623795,-23.728336391712553,-23.84473782119977,-23.28062020044114,-23.233397249923424,-24.11285387413141,-24.088903506069315,-24.727001102626584,-25.219559608382305,-26.11797718714347
091833.82+315621.1,-22.21877082337189,-22.868762671458455,-23.457680795441778,-23.757336621931543,-24.273889024795725,-20.011076353469488,-20.655929166602547,-24.43314290982262,-25.05015172024178,-25.87813923306837,-26.38155066860189,-27.29363063379909
091841.83+192041.4,-23.815690048608715,-23.960987703294904,-24.344858066890367,-24.415160116846742,-24.49596232713602,-23.454362539918126,-23.572552655784545,-24.6314662849258,-24.808714720190288,-25.188497433493406,-25.815504000066742,-26.779241249997078
091845.91+060226.0,-24.250080591466393,-24.466970837764396,-24.751147067726226,-24.723442301762123,-24.88296536203578,-23.37101425957612,-24.11188947223422,-25.170059765895562,-24.73803741987948,-25.264678830222724,-25.969727304049023,-26.880389604956164
091848.61+211717.0,-19.127239887791962,-20.859188745109325,-22.015408016527985,-22.530468209755103,-22.791249239611474,-16.454642224503495,-17.184543516814383,-23.340226156956778,-24.036734567899785,-24.67202774396614,-25.40712441837248,-25.858064619919457
091858.15+232555.3,-23.75555812030069,-24.11299079117254,-24.483047441954145,-24.443671693724042,-24.630585708187514,-22.906949636127496,-23.24889975932912,-25.136937202115966,-25.213772616623665,-25.454524311258577,-25.90355443408506,-26.732927732521073
091903.57+350236.3,-21.65388499209395,-22.027188363888744,-22.420228871146385,-22.620480958014177,-22.738579093434392,-19.532106328929135,-20.436204335874915,-23.074023236634044,-23.5829181995502,-24.16089398213163,-24.679265704295673,-25.118529986514865
091916.16+205433.0,-22.02713515227565,-22.529844148764877,-22.77439438230471,-22.833533514402276,-23.303897435171987,-22.53734980349868,-22.69307919718762,-24.68177833992898,-25.067404632301265,-25.531284995829953,-24.878126008076478,-25.600483157746094
091930.31+110854.0,-23.423363303678713,-23.615681478122976,-23.756299617771944,-23.847752393181818,-24.077713023392448,-23.030500385811727,-23.251033506284273,-23.92869508297015,-24.32069332223173,-24.982731995400407,-25.552983651608827,-26.285317378344157
091938.64+360246.9,-23.237528483902334,-23.579662841704536,-24.028633890909983,-24.220923824692893,-24.48969766731264,-19.637466515998433,-21.353054798585834,-24.585205782180687,-24.621469688589485,-25.466740162135583,-26.1631141989583,-27.006446741115234
091941.14+534551.0,-22.11638739172553,-22.55467829741654,-22.850944875150667,-23.223117058037715,-23.448426249663648,-22.60533435768822,-22.733464773974678,-24.192882477076786,-24.57171186451546,-24.85300292656875,-25.42067959718062,-26.17577495747309
091954.28+291408.3,-24.091716864723363,-24.185671745864862,-24.482719118253332,-24.553376385201176,-24.594596618491998,-23.92328331621388,-23.990369536967894,-24.70899674503906,-25.025927604562778,-25.270844826476175,-25.98341155373545,-26.720831304564904
091955.34+552137.1,-22.643599905456554,-22.687867375494832,-22.885857903369367,-23.093998899287254,-22.918650665512597,-22.143275776941536,-22.233077658211986,-23.3591900319302,-23.781662688152394,-24.217076774502974,-24.616524488160877,-24.965299472492408
091956.11+560720.4,-22.354508593091676,-23.071386875264775,-23.62418659336784,-23.81197357986293,-24.08992847748602,-20.496772445482783,-21.078343021909504,-24.194066185055235,-24.564739406178795,-25.3443852763223,-25.59391482107216,-26.600228649889907
091957.60+510609.6,-25.093559303503746,-25.173997660726904,-25.3724040194768,-25.41775938454548,-25.540847944325876,-25.044733332809205,-24.871869491057314,-25.181227878900952,-25.553693919914366,-26.07493479945182,-26.76183506248458,-27.552162898934895
092020.79+280034.6,-23.382433818714745,-23.58500728915043,-24.02770601817799,-24.13757141554236,-24.331914479041913,-22.601844281234946,-23.086361846321978,-23.866716963250955,-24.113582533264598,-25.22991791647905,-26.108686355125222,-26.956795621040754
092024.84+342321.2,-23.800280137701723,-23.816946801531515,-24.269871711951023,-24.54394246160062,-24.675471408224762,-21.349258882640832,-23.398712343515086,-24.739909006903552,-25.186344181077214,-25.92514490115843,-26.532658589917492,-27.185064434619918
092045.61+233900.9,-21.173023627336804,-21.69498232898404,-22.147300499484714,-22.447471317544043,-22.507893407308085,-21.15817698615712,-21.241057643830118,-22.457875125336713,-23.03927875227806,-23.42361702112989,-24.231841638198578,-24.65683347536546
092103.64+252026.1,-22.374481263422645,-22.505445551837482,-22.74472831593749,-22.929160745370424,-23.263852967316755,-22.422925424523733,-22.392477811096096,-23.563770998460004,-23.84485421766718,-24.15568803312953,-24.577501175262658,-25.32357264539304
092105.50+290012.0,-24.9854744508082,-25.1344127541322,-25.511554621209985,-25.652799590957617,-25.81149972873327,-24.365865007177735,-24.776020890505205,-25.92140474546365,-25.899643307328258,-26.272328563493037,-27.022096545362206,-28.012196882254948
092131.37+135048.2,-23.600867668208842,-23.911811362256117,-24.263881107371862,-24.289079560427204,-24.573895823275283,-22.547465890906953,-23.585451597023297,-25.196641345249983,-25.132111561467575,-25.788831459521276,-26.08274371834928,-26.807879037560358
092133.01+321320.4,-24.194604401432105,-24.442233419866593,-24.850526560123942,-24.986193424721744,-25.201779570375486,-23.996170462568184,-23.82523386683522,-24.64218144655573,-24.902253396184175,-25.14748461041105,-26.20589680427287,-26.939491387976528
092149.16+311202.0,-20.035140736241868,-20.237776259742866,-20.59368721627693,-20.605685642676114,-20.70195625972007,-19.647626076313987,-19.723019610127178,-20.792454166815524,-21.20117921975561,-21.61897250944911,-22.312623797030312,-22.63498668804504
092151.23+175855.5,-22.10450663405111,-22.370855595912314,-22.919329794139454,-23.057050245123676,-23.209364512765294,-21.03021111791812,-21.69418423441584,-23.176353874417817,-23.870883687186463,-24.399726045158122,-25.282376607069164,-25.989462918730933
092223.08+062753.7,-23.500771830359135,-23.67127557179086,-23.984510269697363,-24.106825676033097,-24.21271936865006,-23.31142614029122,-23.324759038078838,-24.166373669446553,-24.334732532203624,-25.32317178085884,-26.14114842337539,-27.071575810379922
092226.53+162719.3,-23.92714223168618,-24.104769888235477,-24.38886771726411,-24.392149752417083,-24.601639347278464,-24.170729716699377,-23.946237469441797,-24.72790254028405,-25.007962202086247,-25.597019609248,-26.077514642272394,-26.934526287126154
092227.10+150731.6,-23.421817222727626,-23.550286023956758,-23.892555102064698,-23.97880666162254,-24.149663234950697,-22.847557860123224,-23.136725127215673,-23.96058356816868,-24.987544738603848,-25.258075573689894,-25.630973385133696,-26.4136703168213
092234.57+204020.7,-24.069530166664865,-24.23579858472109,-24.582581170791055,-24.628002716269645,-24.724739105002733,-22.973209961906008,-23.952744099696474,-24.645189859122098,-25.25687032184147,-25.448922399488104,-26.25207740050947,-27.11776770812664
092309.87+453046.4,-22.35257365140844,-22.55202254974765,-22.815551702557244,-22.888697657092884,-22.968400670740355,-22.069483795140957,-22.237638518902685,-22.944643784909953,-23.598146830803415,-24.408463355489758,-25.108025285730594,-25.865873492891737
092313.77+150221.9,-22.30178430928533,-22.33973047746468,-22.49048324818785,-22.59887253124567,-22.789513715105937,-21.584934989577103,-21.879016278644528,-23.014034907696765,-23.55873612515955,-24.0212156855574,-24.36997442238155,-24.974336500544336
092314.20+275428.3,-24.068514463905203,-24.180406090255108,-24.410162310428483,-24.359852389987967,-24.508313994444745,-22.43481435705975,-23.487283902591457,-24.815331279484752,-25.25010285578771,-25.251044672058235,-25.96095553739578,-26.710094901341808
092317.15+011352.5,-23.261104173074507,-23.427158627173302,-23.813208683361044,-23.951827544084757,-24.16923680263313,-22.918434450083623,-22.77437722058681,-24.110450478543026,-24.349208054629194,-25.37616677068726,-25.58900871051914,-26.37719125407006
092331.51+594052.6,-23.439022581703004,-23.653086025276952,-23.873477386427197,-23.967668963461183,-24.1222745295597,-22.50534552058882,-23.011721876922536,-24.281820289345816,-24.711863201646025,-25.403930253641242,-25.936338562641172,-26.87139630376517
092335.47+312408.9,-23.897267867636888,-24.227164244185825,-24.63340142983719,-24.827065297713773,-25.158272500447744,-20.47065867706736,-23.53448795705447,-25.57393933536891,-25.792385428057926,-25.931502324368918,-26.218296234511165,-26.87073966751847
092358.79+584906.2,-24.856513667136838,-25.018706973641045,-25.415362575186098,-25.517780295198,-25.594734093101877,-24.38730979955506,-24.478150746849025,-25.607913648616424,-25.567815525738013,-26.151701308613045,-26.822285612458614,-27.791314443387883
092400.08+024408.5,-22.82547633033874,-23.06785422219565,-23.385078352141214,-23.509576781825675,-23.682454880075934,-22.253348947002685,-22.542996121117827,-23.785543282235853,-24.200407855013907,-24.751517280367434,-25.161040743958647,-25.971667597134743
092423.42+064250.6,-24.036245559582703,-24.25556314208818,-24.58775902926387,-24.68200097442611,-24.866837448091918,-24.44454148602885,-24.23787204582904,-25.12384908092079,-25.143982258235866,-25.626699249351574,-26.150399334402017,-26.986926440158122
092441.08-001729.6,-23.381939299137695,-23.605640032252786,-24.199595025516622,-24.443372708224032,-24.674433676200245,-21.596817099650575,-23.223541781518417,-24.6628726661734,-25.123851670325774,-25.570138208607382,-26.397524810162764,-27.411819081223378
092441.81+295848.3,-24.078473069741,-24.23770152393647,-24.645211890275153,-24.76687569340051,-24.881122582866922,-21.993183069242924,-23.92820237481134,-25.214208670673468,-25.16662633761464,-25.808947302618176,-26.137572615011106,-26.96659219717613
092459.28+252739.7,-22.324400128245166,-22.418994531315438,-22.58018325318881,-22.782018029961964,-22.926271343316117,-21.844397294115808,-22.039949287492746,-23.228445890354006,-23.370948486950912,-23.953079634531324,-24.479281921631966,-25.088898402749855
092507.27+144425.6,-23.386798231317513,-23.925201758744496,-24.258929246393073,-24.5475198280165,-24.858869007249503,-18.46566301941326,-23.375699593688317,-25.63074006379613,-25.783979288212457,-26.112196282625423,-26.316341615929392,-27.189801238632032
092514.35+544427.1,-24.446233252637782,-24.76629448745169,-24.939032974234443,-25.01167185381065,-25.304872055429403,-24.67614513595505,-24.524189225446037,-25.374276971178205,-25.663442568414037,-25.992026526087166,-26.45143589157076,-27.302195791077796
092517.12+181247.0,-23.796282409258634,-24.022770621026602,-24.395278004957202,-24.474955520268324,-24.55034102996079,-23.122909145674505,-23.205049888585197,-24.991662908393668,-25.057758279379662,-25.171675450569573,-26.148822698580208,-27.17550979204297
092554.43+453544.4,-22.72785936686907,-22.961016461011926,-23.227743285715675,-23.317158236811665,-23.52562692606867,-22.91398184359512,-23.01036215626391,-23.42100884273438,-24.01935210842259,-24.337510815533726,-25.582361435257408,-26.210285603489474
092554.70+400414.1,-23.17233637080476,-23.540609169000113,-23.744653450198076,-23.88708793689664,-24.185910150582984,-23.229917641785768,-23.2235084287135,-24.15272198885815,-24.460788533879406,-24.951902285016143,-25.31210105244266,-26.24862734558676
092554.71+195405.1,-23.99500021590288,-23.994590737851958,-24.15338175668892,-24.297905092891483,-24.11488128233094,-23.39841692357725,-23.816154053857126,-24.343878181553517,-24.918096496309325,-25.608776378452934,-26.574857819558968,-26.889755301599134
092646.57+281206.5,-23.22623298901117,-23.352276603445986,-23.501356155898954,-23.512161989192435,-23.661974043118807,-22.852730132085924,-22.964005808411944,-23.837128383393182,-24.22137120043207,-24.849625773790137,-25.487401893738262,-26.298875717331697
092658.87+093248.4,-22.723073290500185,-23.020817041328304,-23.432981970996106,-23.62585036582413,-23.878640423627,-21.999464997208634,-22.17759861326911,-24.18719619504166,-24.27778566309698,-24.464954839443266,-24.434205154099214,-25.088692805480452
092703.01+390220.8,-24.778235525791533,-25.01607247649845,-25.397375847728085,-25.374998531540104,-25.524058371812952,-23.441334019473,-24.189337591506945,-25.914150275678193,-26.1282312162318,-26.593248228732687,-27.046099782120635,-28.02454541425647
092736.82+120757.0,-23.342963913198783,-23.91193894383766,-24.462477797920286,-24.82642000204685,-25.08437874849315,-16.64122200381043,-22.150382623402002,-25.31431484969707,-25.641703231820152,-25.930433988019207,-26.85108888864467,-27.81763502352553
092749.07+403832.0,-24.448823491449325,-24.560356871565876,-24.68642907256524,-24.653208774913658,-24.925556464916795,-24.746494821440084,-24.833945965172,-24.705589143980298,-25.31796321456888,-25.92597806487578,-26.85584458689302,-27.667690310559706
092809.43+383000.5,-24.58433789498952,-24.673650271319662,-25.010753395916666,-25.03458684466385,-25.23518947896178,-23.55373382246958,-24.054236030534568,-25.025086393850884,-25.191471719408348,-25.462715601589867,-25.892795789744138,-26.779448062540276
092820.79+390446.3,-24.689728029158786,-24.819634560247664,-25.239575460478427,-25.464070998350838,-25.37960755174222,-24.30498402919333,-24.014164124231936,-25.47533295169039,-25.358029369467022,-26.02282944001505,-26.93136740291397,-27.810602296251822
092824.89+105239.9,-23.586821806773592,-23.83085055968135,-24.270807619444692,-24.370546291543754,-24.60809674810323,-22.56061955204633,-22.964062629812563,-24.981518402980544,-25.296957041674112,-25.32126517283678,-25.530064590792232,-26.30725127274689
092837.98+602521.0,-22.91513584037542,-23.089871679052393,-23.515525035635896,-23.657916596597875,-23.925387894498158,-22.87385349926069,-23.02548677774528,-24.20691086756019,-24.50645144620918,-25.080013859449878,-25.481692217901813,-26.050524799651075
092845.17+383113.3,-23.733605980040135,-23.934561125442684,-24.33269383738938,-24.39753634014874,-24.556609174716137,-22.672602693173673,-23.063562232822648,-24.84553002407762,-25.18434520074337,-25.154165824260286,-25.90087093166552,-26.746719010488274
092905.48+214054.7,-22.378114626455716,-23.113162241927263,-23.736190727623168,-24.0648458805209,-24.319817181520516,-19.66963082013269,-21.42514876516169,-24.59564037760018,-24.84235259271466,-25.17531690746649,-25.981043222522047,-26.695013951524157
092909.79+464424.0,-23.519365783797742,-23.648540797285683,-23.797558416882133,-23.96194456737108,-23.904049320482837,-23.068690584254483,-23.33305221455427,-23.979700082594615,-24.51476003533266,-25.02404602068807,-25.833426877768066,-26.382110451311952
092939.83+374208.7,-24.32835653343705,-24.56046826826961,-24.96534418480362,-25.02652282123269,-25.351173791878907,-23.668429178100062,-23.952946587537042,-25.042139114975733,-25.244935498878167,-25.940843935634582,-26.814663270508685,-27.674474182978855
092943.41+004127.3,-24.378104402398833,-24.59812786382543,-25.01198819902853,-25.106335410866585,-25.28688085799958,-24.31863552462399,-24.195929892108023,-25.087525314300326,-25.327252213041824,-25.82178274447253,-26.566584658372374,-27.45565858062651
093012.27+265740.9,-22.642015454496722,-22.80275639603192,-23.073180481741236,-23.1257580607901,-23.40525149416518,-22.426701510800726,-22.734211157917443,-23.29488785576615,-24.05024084536877,-24.537002774727345,-25.093159070895005,-25.80203365569972
093017.71+470721.0,-21.588292900584708,-21.71379138220403,-22.044640978640093,-22.381046474377424,-22.231307031157424,-21.23781342105883,-21.489443877305916,-22.56804630419332,-22.879696967590057,-23.28264501382959,-23.70893065171457,-23.928679891272406
093027.34+273022.7,-23.690255957416394,-24.019676252313356,-24.579343811078278,-24.83366632475382,-25.16683203813367,-22.472297828119896,-23.009986924159517,-24.937505196182407,-25.353435503056044,-25.638430840508672,-26.38333676800185,-27.24114233462589
093034.43+204416.6,-22.99996850104722,-23.148475660692142,-23.359586427157986,-23.518879734199317,-23.529018454529158,-22.51993773155074,-22.881924969697977,-23.640838637821126,-24.216733644637255,-24.821897314007828,-25.527552549365044,-26.01869120207684
093131.07+100337.8,-22.903050514968683,-23.49972410254722,-24.09725138527374,-24.403972863336445,-24.613852702604554,-21.389354477313134,-21.656272921721325,-24.8047271850387,-25.33371335743866,-25.489816367957893,-25.88542848887077,-26.660065288029564
093203.97+614051.6,-22.191447394725273,-22.592109277256498,-23.136739604803545,-23.290313210665744,-23.33008991843866,-21.181726643521106,-21.819343367808166,-23.488354403476997,-24.077495191685294,-24.47509211799456,-24.921574771903092,-25.494945285600835
093212.81+281001.1,-22.258006017627125,-22.58340037100022,-22.99512600818619,-23.074033203332593,-23.318826321086647,-20.97174627701864,-21.440726799512703,-23.514814705788815,-23.832053012790023,-24.47169126380762,-24.82962690832602,-25.525003175655513
093251.82+073729.0,-24.44788638063277,-24.684134898794238,-25.03486797231016,-25.196536678957884,-25.372445240023897,-21.1466685430044,-24.15642629848585,-25.558273510151686,-25.25282409266649,-25.780448759113547,-25.824126743343555,-26.560799634398702
093255.45+284036.7,-23.96856883790234,-24.327657493383356,-24.598322193997024,-24.68865906026285,-24.929896406369004,-23.4242234473624,-24.016459165298418,-25.1413318105683,-25.64946314454198,-26.355437894792516,-27.13950712802121,-28.012129640815218
093307.84+174534.7,-24.181380337141047,-24.3533214926221,-24.71030691638426,-24.85229065166581,-24.912602754362783,-21.98116717264107,-23.999670119816805,-25.5177878468925,-25.155564983064735,-25.748291185230553,-26.242637683757952,-27.171218725597384
093324.63+222237.8,-22.263872601240102,-22.441959431112647,-22.688357794758307,-22.746429424395135,-23.084983931985683,-21.014178185775478,-21.379538448768564,-22.806316082186463,-23.667368942423586,-24.094343171374184,-24.506401166243077,-25.10418668628179
093404.75+195617.5,-21.817892927076077,-21.861964495364155,-22.101668626990875,-22.41502889958207,-22.210289346279847,-21.312557405289716,-21.294176637855863,-22.291020883713628,-22.836251619957512,-23.054448185369086,-23.253556072236712,-23.724697234349254
093433.95+030645.1,-21.57869684934113,-22.187378066202275,-22.82392946998689,-22.9917255564194,-23.266828354345108,-19.570364880954013,-20.72766589307754,-23.351108306199244,-24.11684734921619,-24.59844928204222,-25.835160916650945,-26.392472588675563
093456.60+193740.1,-23.039320692740915,-23.212538363119627,-23.597302178180808,-23.64556637436928,-23.83909409759909,-22.480910864158005,-23.15074273518831,-24.439660047988077,-24.498732835082645,-24.91299059807024,-25.1849966465874,-26.120976633939005
093502.53+433110.6,-25.30009234794493,-25.303264872808743,-25.45828843768666,-25.39753068570035,-25.56180802983324,-25.081989063159373,-25.109183284360913,-25.207068222231175,-25.71334737926455,-26.325188390654493,-27.215699061459382,-28.133430143306903
093509.47+481910.2,-21.417966796649164,-21.825516935789228,-22.4119686542104,-22.693010964425614,-22.50640606598108,-19.971731545805863,-20.583111137992443,-22.945260621093972,-23.075931366382278,-23.372283758044542,-23.203387447821946,-23.901659129703823
093511.06+210312.0,-24.04334342202887,-24.363087338436227,-24.68740677609072,-24.83197306443384,-25.012093596785117,-21.77764044419788,-23.291455579561976,-25.100540473079345,-25.4765568942952,-25.6342784736388,-26.44724914575807,-27.401505746451477
093518.19+020415.5,-24.370318823135577,-24.67203694083591,-24.943223131336346,-25.007907650008434,-25.121497074826173,-24.112303718615834,-24.4514192800563,-25.35395980254877,-25.646198252158687,-26.39822953905807,-27.214503334330267,-28.171529852350055
093524.71+031130.8,-22.292468547300498,-22.50073782905341,-22.76843173674389,-22.899557623039076,-23.26432863709407,-21.964431970184,-22.264888444987317,-23.32130213009293,-23.516140921891957,-23.998175863468582,-24.71042407335828,-25.378811536912558
093527.09+261709.6,-22.024986347442226,-21.984113055536582,-22.229270014398,-22.59910542938217,-22.290659137281278,-21.26261585034742,-21.235024943123875,-22.710034211516188,-23.1056768641131,-23.590607141913857,-24.427077246973035,-24.670379382170104
093610.77+475527.8,-22.593545536978702,-22.6423070193675,-22.854413841721218,-22.90025158294991,-23.196532770191663,-21.921200567237626,-22.24216048240942,-23.686060700093016,-24.032920089889206,-24.52804220612702,-25.018637560113234,-25.78824900745333
093636.43+351220.2,-23.606736204691384,-23.78241232826439,-24.108758739825625,-24.20108834841501,-24.35853527062394,-23.84774214256297,-23.75849404468075,-24.12307053800223,-25.139541698191167,-25.017767947124387,-25.949359595696887,-26.63100477232079
093642.95+551119.3,-22.341335327153402,-22.47422143612882,-22.78713218562657,-22.865405215977574,-23.245260657562504,-22.14995100237008,-22.224721574189385,-23.332342812781818,-24.060934424067376,-24.478671223120443,-24.8467306412925,-25.455329154955702
093653.84+533126.8,-22.38750349827385,-22.776080639873648,-23.12879262816895,-23.426578514432432,-23.379311283734832,-21.34940390856289,-21.786463599273425,-23.493171419669633,-23.88473907383445,-24.567975627622403,-25.37093000529935,-25.877906890939997
093704.03+293704.8,-23.429512307798852,-23.543943593656255,-23.836058560399586,-23.82194164535226,-23.99176479083913,-22.976836060504816,-22.975559750322063,-23.640230835735437,-23.93162080153387,-24.488277505333755,-25.218005653579507,-25.988163949908078
093706.85+170021.5,-23.1702192773612,-23.307985590435905,-23.701856022120015,-23.658749025001544,-23.80035658779408,-23.18325790258604,-23.14789112757301,-23.65079194831929,-24.34884645547936,-24.701202458456933,-25.366177584822942,-26.24936066614989
093732.81+543707.8,-23.866570999516096,-24.053861371341377,-24.180869776588285,-24.221324239502987,-24.484947543257015,-24.105220513247083,-23.915989473885585,-24.385568117696927,-24.83562418172402,-25.400626240519024,-26.235644992069282,-27.122777676902533
093800.07+211659.3,-22.950546674247988,-23.172830944763177,-23.69135971641185,-23.736922780576972,-24.381531827196437,-21.530503028551127,-21.901462921948063,-24.35371763193245,-25.072526105732873,-25.67092316298689,-26.326438437811714,-26.97076672859898
093803.46+181859.1,-24.00385569350772,-24.06541715202043,-24.25534896697861,-24.257813305459518,-24.387294353754715,-21.885892751455522,-23.759425506025455,-24.832272176014943,-25.065519602640787,-25.273099090495442,-26.081074932819458,-27.076325011682144
093844.45+005715.7,-20.401840063495474,-21.836307487809858,-22.898628322889756,-23.63531468613177,-23.61052307792461,-17.939638001610884,-18.377845896551566,-24.261840602710617,-24.948060979863957,-25.771062128270074,-26.551236471956106,-27.053726053493723
093855.25+290224.1,-23.054630898622563,-23.456168314367282,-23.793145135514923,-24.028901906482258,-24.37213297574447,-21.496149732846828,-22.88439473161829,-24.790723651874327,-24.85916534398588,-24.950181598859714,-25.693330496720122,-26.416395621342502
093932.88+252356.4,-22.661630241327124,-22.974398493429263,-23.28468969761324,-23.308494960937598,-23.54352830766486,-22.391307959403786,-22.459771252991075,-23.172497824628042,-24.120130645316358,-23.88060452634637,-24.56459074506942,-25.389520352110566
093944.54+392402.8,-24.444266189449298,-24.37822526239957,-24.601111908267402,-24.51044595700305,-24.684986947824008,-22.953548554916804,-23.526481294531262,-24.21835328179221,-24.61714203249802,-25.031415779197463,-25.46580975893663,-26.352679677370578
093946.87+422336.2,-22.75797530003166,-22.909640425568057,-23.28615991054911,-23.299103219451315,-23.48437863950965,-22.850038423142824,-22.704037105613185,-23.85422903334474,-24.032610167005565,-24.821276071604743,-25.285394897791146,-26.04780297408905
093959.98+231016.0,-22.133704197193435,-22.296550180313844,-22.501912025337997,-22.6618062445237,-22.87491673653128,-21.780917136247144,-21.84913199086884,-22.646541635982487,-23.301492587175222,-23.85204531662974,-24.24407447424891,-24.762056204543917
094033.75+462315.0,-23.839052957264776,-24.119200448755464,-24.671153142767988,-24.9426410306359,-25.095139689152468,-23.30067732974378,-23.507852995414183,-25.0872763213884,-25.199472584587454,-25.924097223108237,-26.5193076433662,-27.506276082875313
094035.47+135752.9,-22.026022072520895,-22.485207576476185,-22.986201555489064,-23.13164443402587,-23.507204008683075,-21.771661470895523,-21.934873010821534,-23.575832713740002,-24.68357123395496,-24.75190326842894,-25.401559263739713,-26.23538414944213
094040.86+220250.7,-23.448968069175695,-23.775186382775985,-24.158794782459854,-24.2023136357908,-24.354301775296474,-22.09510047151136,-23.917861955193516,-25.0612069757296,-25.407901376520226,-25.681258984055738,-26.17718799794298,-27.10928441433327
094107.80+174436.3,-23.115569635674845,-23.309247371496753,-23.42290732655919,-23.467201100022958,-23.769883631424104,-18.23217916159907,-16.643356204018207,-23.82750000576463,-23.9519982546895,-24.33866214558911,-24.639052939391323,-25.4215076885665
094204.02+154257.2,-22.34073643556803,-22.9989028862082,-23.581905661143352,-23.83142139039688,-24.046007335285726,-20.356971427656706,-21.10752038410481,-24.09307608257351,-25.15094789158785,-25.372082236369714,-26.04688899066145,-26.951358734145327
094215.12+090015.8,-21.619303884634135,-22.289646076388372,-22.838685169754246,-22.9447484474417,-23.16503678446879,-20.661523708310305,-21.025436403860176,-23.412184962145897,-23.541959517824758,-23.731056510254152,-23.99142215435576,-24.400789616929057
094236.68+192541.1,-23.707887647297362,-23.83538732767419,-24.32159198770295,-24.45048497060719,-24.56240140916476,-23.395518007528548,-23.287608390523687,-24.676044667671736,-25.04860412073375,-25.537537674131514,-26.442282876025438,-27.2799032213629
094254.05+345133.1,-21.881457313190076,-22.273680323141622,-22.644673665760987,-22.94731243914271,-23.187654979195184,-20.780132105646206,-21.430961305735476,-23.45406551018332,-23.655616609800976,-23.76500353655579,-24.41836752917823,-24.921889540433533
094305.15+280536.1,-22.495148912293562,-22.598440630920177,-22.80465392761874,-22.97188096755428,-23.086638943246722,-21.837530203354085,-21.994651611709262,-23.215895826536183,-23.738788610521752,-24.160302167378433,-24.498416964975156,-24.92129299554658
094331.61+053131.4,-24.10347302806157,-24.276251618405173,-24.748723621514518,-24.834975455832115,-24.99079494314885,-23.92710590651398,-23.7501803532617,-24.88393916062033,-25.149619197131297,-25.693075258056552,-26.360523586811183,-27.357849898792644
094418.84+233119.8,-23.751693055176393,-23.993650597268584,-24.41463128868476,-24.541213009162853,-24.669793108441333,-21.884053198515055,-23.788365012828,-25.24994513706933,-25.58085064512467,-25.899905345219857,-26.38646107758539,-27.124649558404368
094427.99+360837.0,-22.40447491393455,-22.426840130387166,-22.657437910336842,-22.867352347768122,-22.846670174745704,-22.16918039106928,-22.314489845418333,-23.153238597832445,-23.53394840403937,-23.91181867620629,-24.130169585028636,-24.486160696064285
094430.79+435421.3,-23.402411494542683,-23.61574391752879,-24.02835818639702,-24.126153266343845,-24.318349602015267,-23.529014244342196,-22.875361989722204,-24.23699732795306,-24.36405343118125,-24.90091670933058,-25.55860972751545,-26.243108161757647
094504.12+165600.4,-22.960477683815604,-23.187679089801517,-23.571310530412248,-23.78125368152631,-23.90356097584517,-21.82934495646738,-22.648232185596363,-24.388638660382874,-25.005709914953492,-25.30803343159046,-24.68618641336487,-25.410723988768897
094506.65+321635.5,-21.267158825460406,-21.721784461248856,-22.228448594265252,-22.541454467932326,-22.566397151837,-20.232722874604953,-20.850405166172436,-22.83024775225447,-23.36540133369664,-23.859790253288974,-24.50253309179381,-25.01413767787095
094532.15+343513.6,-21.865073376547056,-22.13785403819864,-22.611407917054628,-22.8112925020568,-22.98339442257319,-21.296546053946738,-21.661340531846474,-23.306156950688006,-23.852094822878193,-24.099896274470893,-25.112392716682464,-25.73477794661348
094540.03+533219.7,-23.987401401353114,-24.080961260517924,-24.391987364935304,-24.629008930734287,-24.694869598564154,-23.042120594481137,-23.225209324462966,-24.706774263911452,-25.281974372641436,-25.37380067045069,-25.809628927330937,-26.70161807153317
094549.24+344545.9,-23.018037608097824,-23.16313368090833,-23.35002722056962,-23.368940573538477,-23.573818353973664,-23.089751751032182,-22.880445950341844,-23.573665078853644,-24.194264755892085,-24.77628977243738,-25.233462633298906,-26.086782497348636
094600.97+522944.4,-22.963146441524962,-23.09128965105158,-23.40908978818436,-23.387047444809756,-23.608706855698124,-22.956166747183566,-22.906601867006422,-23.940131165198782,-24.216573559270277,-24.666104236341052,-25.04992944481891,-25.82751980374949
094603.94+013923.6,-22.139699441364183,-22.406534172078878,-22.90982830377311,-23.360813247125257,-23.199680903759344,-19.954703063345825,-20.08294227920606,-23.698963211094256,-24.014352711750778,-24.645649491590877,-24.393014175969174,-24.87946743367222
094607.30+495412.8,-24.14035291578708,-24.31726951273269,-24.658724454029915,-24.844905561141726,-24.87108337270562,-23.94272312423222,-23.816057034847635,-24.720416701172734,-25.227765463250496,-25.69991574048525,-26.410234134007442,-27.461747031374635
094610.97+322326.2,-23.080302721139827,-23.232692477868035,-23.651523868345688,-23.71074575108707,-23.887197174460514,-22.847017180546146,-22.80291753811022,-24.075355913895606,-24.251496498559135,-24.682504696531552,-24.971246065015553,-25.792278647838174
094620.86+334746.9,-21.169347251876367,-21.96618278918923,-22.764876988334226,-23.2121272645898,-23.153950543581075,-18.13069392276338,-19.248169123111108,-23.720577380087565,-24.140764522322534,-24.6955330004414,-25.71625744499217,-26.12221938915175
094621.26+471131.3,-21.740732145078997,-21.760680834407534,-21.986448541114584,-22.269752474378276,-22.268357731464512,-21.639652370152586,-21.882394366421476,-22.75846544985433,-23.120765782060797,-23.61336033900085,-23.726209602489728,-24.249875898835583
094636.42+205610.9,-21.766782630528727,-22.50839852058848,-23.040210242198388,-23.231204491975777,-23.428520293349088,-21.335540350942942,-21.784419868557478,-23.72248974027624,-24.25365415509663,-24.934731680228325,-25.85966006811102,-26.6350246674897
094652.57+131953.8,-22.899787963616145,-22.94715179639153,-23.234409127422865,-23.42526635315081,-23.144216649754163,-22.448344689403235,-22.698637634003084,-23.641945970377808,-23.97666017335746,-24.432590673073417,-25.040181383676728,-25.525330457701724
094654.26+165242.4,-22.48121104587567,-22.667031106545853,-22.88146276996689,-23.01102017267653,-23.440427671539872,-21.569923505395046,-22.060534628261102,-23.67210786931167,-24.317874831077305,-24.71396803935694,-25.203555467048737,-25.952669714464363
094659.59+293251.1,-22.251044406397803,-22.313326157645207,-22.51804272894084,-22.56453059841689,-22.897072300991802,-21.523475064359815,-21.629545878857346,-23.08499431451767,-23.55037879320428,-23.796269290073337,-24.462689373562952,-25.103363523822757
094704.51+472142.9,-22.709310488700083,-23.239896452773603,-23.875840053786575,-24.05014833474205,-24.217121880045195,-15.498592652796663,-16.687569061254845,-24.25663611765861,-24.694358163618386,-25.358436735918364,-26.228581041255715,-27.15927754697079
094706.42+083421.3,-24.422748462734063,-24.575136452594116,-24.902802743462154,-24.95714582746091,-25.030850057058753,-22.642427289960576,-23.94046053666044,-25.42375933480452,-25.611005979112146,-25.970998432526287,-26.51413255139622,-27.483242063718027
094715.56+631716.4,-24.531135441154955,-24.795281495590157,-25.070416961022815,-25.13149839094646,-25.3475383892865,-24.913230274883116,-24.837967180985075,-25.284374173568203,-25.493950709745402,-25.96894433062118,-26.740837674085842,-27.553918035893425
094717.79+231101.1,-21.933399153730406,-22.186337807872363,-22.450575698094326,-22.66636641332297,-22.833249001402812,-21.595971434498267,-21.47168979082598,-23.172284480667024,-23.415838802398852,-24.058364110960415,-24.04054918548624,-24.882218118444285
094735.08+583046.4,-24.351224718975413,-24.401885230933363,-24.671768621568567,-24.782862275959573,-24.94700676077205,-23.027384629290914,-24.09595139480945,-25.071789182134285,-25.080845872507265,-25.41875699473578,-26.07200546777244,-26.95409197061666
094814.03+244626.2,-22.04159898073169,-22.31637681884688,-22.775607690787428,-22.931873115915614,-23.1653174928796,-22.42477283713569,-22.22429859427491,-23.652020826880086,-24.040762469978343,-24.423840249587794,-24.79426716816804,-25.54977811581747
094836.89+220053.1,-23.80819997883735,-24.024935920554164,-24.33024204745409,-24.293779334037684,-24.433545096422296,-23.318122453156906,-23.767742763058124,-24.421773143653574,-25.09205694238215,-24.74699575078654,-25.897198835468075,-26.64783580796217
094838.21+184515.7,-22.786704232595852,-22.968343902670924,-23.34448270389848,-23.472393730417437,-23.654304788293718,-22.719950743997227,-22.518756801746132,-23.796247653870537,-23.970226897776314,-24.042748729021852,-24.838105867400866,-25.65165381035443
094855.71+143307.9,-24.350653209752902,-24.418871289607818,-24.703802876758555,-24.79616024922899,-25.035953674561398,-23.666855047093563,-24.182487280856815,-25.310551639147278,-25.374773048510452,-25.64574881530764,-26.661482516140058,-27.465686518892884
094859.47+433518.9,-22.756443483644055,-23.03473325273992,-23.387594771291774,-23.50783999413171,-23.516247399079226,-22.308146769566978,-22.6188551672415,-23.81356305820212,-24.103342951083597,-24.44064380699291,-25.14551609355163,-25.622156257529795
094927.67+314109.9,-22.469108027609174,-23.487697665683203,-24.117740728796804,-24.2925771361893,-24.239938046522962,-17.61879534844162,-19.886198031184673,-24.356968268780168,-24.800530786277868,-25.561335413560645,-26.347417004779253,-27.001915929994308
094945.68+632622.8,-23.529018051620334,-23.610698170408764,-24.018391059796354,-24.192621861193395,-24.351414696691048,-23.8740190319747,-23.31179378145892,-24.246244040423097,-24.63105283223952,-25.22727339671918,-26.014289061027416,-26.98762743857301
094952.91+390203.9,-24.13122793462369,-24.227353965747593,-24.42457035204689,-24.437092502523356,-24.62023007012419,-23.766365595929457,-23.88536739626107,-24.323233288864234,-24.858666946664684,-25.298487022542073,-26.0151023225846,-26.76177427546982
095000.73+483129.3,-23.938937665943843,-24.1482893196678,-24.502347064739535,-24.575028989102403,-24.720890162711136,-24.346131548829344,-24.09707813699464,-24.828098879401207,-25.042827261110645,-25.464435554436356,-26.119041358704823,-27.02707723875505
095017.05+215022.4,-23.4424623996925,-23.495926628867043,-23.716642979319307,-23.69351093642405,-23.877714628917126,-23.196645582792172,-23.11953408383798,-23.985126083669,-24.281964383167644,-24.71226031078496,-25.390887947795115,-26.136760119930685
095048.38+392650.4,-23.227467576949373,-23.259792999414767,-23.445549412031195,-23.6824268293639,-23.580853088995724,-23.377170327400588,-23.478469826060337,-24.047260658851933,-24.499673422799166,-25.18933244810535,-25.65331255982932,-26.2759831816402
095123.92+354248.9,-22.846162175673108,-22.9934747228087,-23.15317130549885,-23.21204420473488,-23.493226766336335,-22.331576109387534,-22.342767777898228,-23.760457129319747,-24.03416809484758,-24.17708844025131,-24.710362591375123,-25.505462496016012
095135.56+174559.8,-22.609156139907654,-23.035589875931425,-23.491580259919655,-23.563924207764792,-23.8144092738599,-21.868461998806712,-22.07164894691884,-23.697381572518115,-24.201567654523878,-24.093390692064567,-25.45405741264834,-26.3354943202058
095155.67+220947.5,-23.02495765098718,-23.272147303835148,-23.462456205484724,-23.55237574956796,-23.633144900634626,-23.278255609433685,-23.133573690354275,-24.05627865316366,-24.482465850658148,-24.58732395887433,-25.292576535613556,-26.142739205125853
095206.38+235245.2,-24.104035756658547,-24.323000841006472,-24.609672418387635,-24.796835873386968,-24.91063759162435,-23.608732745730716,-24.376642060216582,-25.35126799113126,-25.336167946538612,-25.868548299186635,-26.23195855036149,-27.054865851083505
095207.47+213510.2,-24.52057675689393,-24.59612120005667,-25.03437892929235,-25.194160283431366,-25.382736033593233,-22.766996745855952,-24.262642736858936,-25.66885934306191,-25.45298076400932,-25.961199131596857,-26.54309931862557,-27.5073215424964
095236.13+205143.5,-22.6141989766919,-22.669085700318806,-22.80058503627268,-22.89840701282807,-23.126420343372704,-22.34985511444994,-22.568917749591428,-23.33560401747075,-23.755515513504104,-24.344277318086544,-25.298895877889993,-25.91918838320288
095241.49+515848.5,-22.496653204941193,-22.849934471366044,-23.32507630116871,-23.402891309138038,-23.59037937041043,-22.404190847110065,-22.72218627383469,-23.673755055434675,-24.32684064751179,-24.511392537662303,-25.298890133684324,-25.935597241989164
095257.14+050910.3,-24.126686281031475,-24.267999127313463,-24.670418394096988,-24.717224309090124,-24.864876943527744,-23.739139898047295,-23.430453020817012,-24.551681875254673,-24.831366071848493,-25.319256767371034,-26.39714490164294,-27.25364945586213
095302.64+380145.2,-22.658601414577973,-22.78482247252426,-22.911161281778636,-22.98477632136979,-23.152394921410806,-22.695645428857112,-22.785691702384334,-23.20184952588088,-23.638738960291825,-24.11893827018816,-24.620163837621707,-25.16722191290004
095303.08+503025.5,-22.471183155302736,-22.602182586587226,-22.857980600417775,-22.88163415762619,-23.128730470465783,-22.03907461908465,-22.205672353105594,-23.628584323807225,-23.278607879966373,-24.041883753552973,-24.471787162004464,-25.326962962147004
095407.02+212235.9,-21.360145513619806,-22.033984949835194,-22.801819461961628,-23.205357486101608,-23.614682890600374,-20.11481779551041,-20.21874840721945,-23.77428980790547,-23.999854419227482,-24.46809415470585,-25.353869555904055,-26.01380437666607
095427.81+301912.9,-23.627457566000515,-23.804801465108383,-24.03605744105467,-24.029639404654397,-24.207467837866975,-23.026160987729018,-23.158618381748372,-23.782869376072867,-24.420666871834396,-24.604298369747273,-25.480972763935227,-26.333637562113946
095524.74+284629.0,-23.882430794336624,-24.0485378077092,-24.382645290292572,-24.464907737060535,-24.580069017409983,-23.84560205568427,-23.708441096017214,-24.650888074089202,-24.73621408171448,-25.527978986952753,-26.439849618078288,-27.398007205163626
095528.39+435734.5,-23.6001771206077,-23.765939847845402,-24.109708799100417,-24.1662011299977,-24.446672622719504,-23.361096190397554,-22.817366648943572,-24.44361673746243,-24.824001743834962,-25.257421684261555,-25.817528706216304,-26.52331786170253
095614.38+255412.2,-24.860201096934052,-24.95114798267907,-25.212206316770153,-25.414282114381848,-25.7165484267835,-21.527917229407503,-24.118069774042166,-26.00355320402169,-26.12039345440586,-26.54573641722415,-27.51178743162062,-28.545970574431646
095616.39+123436.5,-23.92144739485576,-24.165692467929777,-24.603675926163053,-24.78962696586987,-24.989743138769576,-22.582584066034084,-23.67578706600935,-25.18526285971006,-25.21042325203141,-25.605663459595213,-26.237874918937525,-27.236585304258227
095623.21+323621.6,-23.42792043096223,-23.78041644015736,-24.0673979672145,-24.1447568697558,-24.270406704950926,-23.363114777038714,-23.299175802705744,-24.570409471085476,-25.000991443359887,-25.43940442026303,-26.163253684540607,-27.069237084664135
095649.88+251516.0,-23.561432813674898,-23.832293367128113,-24.1414704861581,-24.13425779393786,-24.397119329856956,-24.752103768507542,-24.862393326022293,-24.78330781708549,-24.90118911317676,-25.295753789524657,-26.78625118416269,-27.637479090637488
095650.13+515212.1,-23.85147554297042,-24.090236818366154,-24.570547269567392,-24.848412738855053,-24.99433788690843,-22.654292623241215,-23.242308769812137,-25.060693353258657,-25.401304230381935,-25.596373130470326,-26.597095761865706,-27.54306911099393
095651.43+164644.7,-22.838354948045836,-23.224269831730602,-23.560877567510186,-23.64769138065389,-23.90171812577726,-22.31551235780772,-22.51272127856981,-23.80773979176101,-23.876036048673484,-24.521935652075044,-25.28039683958925,-26.183213769331097
095659.17+295043.2,-22.923097717628202,-23.195405326972036,-23.597893367871436,-23.737236185168687,-24.064840147987997,-22.66801105824809,-22.840603255843728,-23.89282635340985,-24.48743722485277,-25.113932297074992,-25.9930069111343,-26.773360117543554
095702.18+173712.9,-24.240965591589163,-24.355459394748205,-24.694703363499816,-24.811945232973258,-24.95174165654837,-23.92039592881433,-24.145787756308373,-25.042517736968318,-25.33229267730521,-25.668776586288807,-26.256492050935115,-27.20318324361461
095702.81+563136.0,-23.586960450477836,-23.83959710149406,-24.207054286111855,-24.355258289149628,-24.432263429353668,-23.66228124789683,-23.53303937693092,-24.670635881451936,-24.514433237135083,-24.95179897924985,-25.194856669582354,-25.9904395810307
095711.78+631010.1,-25.24428523271237,-25.46843673675928,-25.80318977860556,-25.86629608897266,-26.074979139558888,-18.712317298679096,-19.10940417310776,-26.343898240283888,-26.263598344462146,-26.534185506924903,-26.91994298754101,-27.876460683560374
095738.18+552257.7,-23.900409553389256,-24.20239788095901,-24.7543924781837,-25.140162459177215,-25.414510621542597,-22.7924336999715,-23.521303496234523,-25.94693496347676,-26.460021699589916,-26.884184297033734,-27.21820504162134,-27.886102914414728
095757.92+302657.2,-22.72386246297133,-22.755343021006528,-22.95516075161864,-23.133324253625755,-23.308336620927705,-22.536934621752383,-22.72968931875656,-23.69688360710852,-24.195385102111867,-24.442437482272425,-25.104734761587373,-25.663902126148187
095758.44-002354.0,-24.26555729726178,-24.458276028993,-24.76740422943899,-24.85265234564103,-24.97391059704919,-24.577866825324772,-24.43276226185007,-24.97187003381708,-25.349661957867294,-25.854268131555834,-26.73125318054705,-27.668312484177868
095802.00+504531.9,-24.408776882493292,-24.45139082170072,-24.734671983447882,-24.79906132015297,-24.835045965984687,-22.43055641765212,-23.92190175402176,-24.744869067148507,-25.14397062523416,-25.25342627192494,-25.99534693484678,-26.938036180906845
095811.91+210422.5,-24.004871078228295,-24.03963154012958,-24.363050808513776,-24.497066974632183,-24.649843495855702,-21.95896728646203,-24.00989933514928,-25.232475688938884,-24.433267924857443,-25.668661348631762,-26.01348922637117,-26.9134711351178
095823.44+065506.6,-22.867120017045306,-22.968776236460197,-23.20067916407121,-23.291645368137136,-23.762968934010594,-23.12145261230484,-23.146963976424612,-23.136025236482716,-24.039557858495087,-24.36665456203488,-25.02730362477675,-25.741443335808956
095830.60+392354.4,-23.31473053341436,-23.62184733227929,-24.159891990009427,-24.307947269284544,-24.556563226063428,-23.164672634582242,-23.10577066063082,-24.47870833788528,-24.85994833825339,-25.087012713842526,-25.53969859759979,-26.441523391241912
095833.44+473854.9,-22.340834503291486,-22.439507584392427,-22.6326937158547,-22.651058356644103,-23.062326324419143,-22.747793620235793,-22.68268393871127,-23.064953066240143,-23.922147646424204,-24.460698155787497,-24.653977982444278,-25.391570639894827
095837.83+141221.2,-23.57543591003423,-23.75332621151856,-24.068711072999225,-24.211272795383557,-24.290676029548006,-22.495505377829225,-23.71853155754839,-24.858992878825468,-24.769466232597175,-24.877628800469225,-25.3490119511025,-26.179871337904363
095844.07+054941.0,-23.58663914347033,-23.931615041633105,-24.221090575963412,-24.19685509958463,-24.40430039205069,-22.675606572230436,-23.676268393062045,-24.669449751273337,-25.18232502557465,-25.42751837918089,-26.037616751811303,-26.84276433875171
095851.67+511045.8,-23.042601318983113,-23.126270672393158,-23.252148070402946,-23.27425310363208,-23.65254901505296,-23.019057509137134,-22.996258108881587,-23.678597037996294,-24.08295453838774,-24.814587011843024,-25.0049617392466,-25.80069301056889
095905.92+430417.1,-23.9866306191073,-24.2734595425983,-24.59313809350403,-24.64852387267162,-24.87181889243261,-22.71257716817093,-23.900531705209502,-25.294629574812458,-24.83109122801127,-25.34098744765117,-26.03605553342239,-26.885832379144386
095914.84+320357.2,-24.31370729690669,-24.486799821864203,-24.7651967816765,-24.78805488104042,-24.932152026649895,-24.65160480226716,-24.437521907661647,-24.78116105070238,-25.2271078314641,-25.53563965571435,-26.1846594119983,-27.057234500556316
095915.65+050355.1,-22.124243035732867,-22.110993946907648,-22.30226035561363,-22.569472931020258,-22.447469787049403,-21.662522461217645,-21.851714478541577,-22.551210816879358,-22.83917911419,-23.41728869698981,-23.82429450177638,-24.085207514101203
095931.67+504449.0,-21.983435098466128,-22.134790652373347,-22.33889135359237,-22.422883033057563,-22.350901352358644,-21.417724438328715,-21.734581931036203,-22.676821700092873,-23.14604597141643,-23.75398134554621,-24.09505255263266,-24.522557084749703
095939.00+204802.8,-22.85235348448704,-22.98375482092281,-23.214604158756167,-23.230414869928,-23.434907960162764,-22.72293205926493,-22.766988745010465,-23.72717773354498,-24.14782589472283,-24.794349943988145,-25.125158044625152,-25.85728008071739
100003.72+313145.7,-22.82174036612353,-22.878400841344757,-22.999737010792472,-23.03256960674694,-23.22682185592564,-23.149243249963163,-23.305245478190812,-23.754449247989335,-24.108557646229844,-24.839604015191476,-25.408767693344586,-26.022752769627886
100021.80+223318.6,-21.672521945509178,-22.047659111821392,-22.686836672806812,-23.062355786910544,-23.42560242027933,-21.01421720687476,-21.35567541861134,-23.663560207623966,-24.145861261186433,-24.047356734464767,-24.556553669642565,-24.99304310704118
100054.96+262242.4,-23.282219690860355,-23.507885776261194,-23.93803988942905,-23.94583784469759,-24.11116847626257,-23.167804297161215,-23.153715424268135,-23.94491384644807,-24.47839517199479,-24.99000156285413,-25.81651006063405,-26.71324502482982
100056.53+011319.0,-22.601007127953395,-22.967839411193516,-23.455391941755902,-23.63871497646594,-23.841618623143454,-21.874743458062607,-21.86770820945473,-23.952782164678943,-24.339893090468774,-25.057101511319814,-24.997656543662302,-25.69912534996069
100102.55+594414.3,-25.64091643240154,-25.724829029941382,-26.10634036618451,-26.26649454579162,-26.334721480682436,-25.169076739408183,-25.165134199092066,-26.35167456336981,-26.377180888956957,-26.678446338592064,-27.397527652160537,-28.435306409091133
100109.21+150323.4,-23.520324216541724,-23.665390969320086,-23.9588562696354,-24.08134657577478,-24.218811102878025,-23.293620087696283,-23.301100864054632,-24.16317320089351,-24.74888564487478,-25.017565350808713,-25.800302475636343,-26.715728512509806
100141.20+201502.8,-23.484599118064015,-23.864463880843527,-24.211839281338953,-24.473199193654906,-24.641515077800243,-22.40543290530915,-22.911666298283375,-24.861998225735384,-25.38672334369686,-25.91630722836179,-26.365602122076943,-27.235031203657616
100157.28+372645.7,-24.418874983194716,-24.583461915153492,-24.939706192600685,-25.073858791301113,-25.24763188966258,-23.79522187922327,-24.19465131435644,-25.623916535865742,-25.563303724643834,-26.023032644634533,-26.48748046237757,-27.402225016424957
100157.97+581646.6,-22.275866168067616,-22.386532605993928,-22.540860372159386,-22.628699033033534,-22.888991780654717,-22.2412738343385,-22.32269210953863,-22.99603971749219,-23.477759267605865,-23.727348890922226,-24.196761253920908,-24.869872831134284
100217.47+233718.1,-22.20466384366043,-22.81578424289743,-23.323611099832846,-23.480719420804625,-23.814861632249055,-21.51284410935379,-22.777466111751995,-24.865676267950082,-25.681177848058415,-25.38395683479698,-25.607704403441733,-26.31988698685902
100226.54+342756.7,-23.801686074739944,-24.05182386874426,-24.405009608976428,-24.512079638506172,-24.642605326290585,-23.88245417104589,-23.844694150834364,-24.94425980561116,-24.989041614640705,-24.976620818273467,-25.4934950847474,-26.293786729211668
100232.95+574831.6,-24.038199366630078,-24.068447239510213,-24.359850457172154,-24.51892181606473,-24.564099726754844,-23.493498183591104,-23.493280240228017,-24.70908956867388,-24.904031910138084,-25.529094154034382,-26.097994318975132,-26.96095343156698
100249.92-002453.4,-24.19896525520312,-24.350342894311428,-24.67770645265305,-24.85679785671058,-24.96511452821107,-23.344370323303846,-23.89996839061645,-24.814817360420346,-25.311950036946612,-25.894777775218834,-26.609839524387997,-27.534204395111892
100254.51+324039.0,-24.211278579473625,-24.48147991783833,-24.90761940903603,-25.084826898385703,-25.27300953122303,-23.4969549197912,-24.334099781038493,-25.310559585176303,-25.136531256287473,-25.52521634165267,-26.74575859852343,-27.565959630586296
100306.76+681316.8,-25.590606440198588,-25.863497869983394,-26.324095482452723,-26.610316982294346,-26.732190124234762,-25.01975300526674,-25.278970241910592,-26.993916241529423,-27.046819486430795,-27.40458199906906,-27.906243227147982,-28.760105929822
100324.56+021831.3,-22.545094516827156,-22.792733167673454,-23.140607865820883,-23.27441419760699,-23.51128193267382,-22.86016742158615,-22.676842906401536,-23.82703048267252,-24.583862901598398,-24.644663925067757,-24.873239374328996,-25.568489346152774
100331.14+210350.8,-22.1428573223188,-22.814117307557044,-23.4101693923455,-23.71559950674099,-24.11863153753616,-20.391160939286895,-20.67482508320575,-24.309044950117226,-24.976203212623727,-25.64514386784562,-26.414698808150487,-27.263812124195045
100336.44+224028.4,-23.64212739653223,-23.84124738042647,-24.26468245349754,-24.45435307256228,-24.716119334032918,-22.33638734451263,-22.970543729089695,-25.08531088976706,-25.83794624622959,-25.250593477124507,-26.265183740718864,-27.177098674909423
100402.60+285535.3,-24.47937994456811,-24.669685080079116,-24.960939580534422,-25.03503276353902,-25.068906418207742,-24.34038659355811,-24.431663168388734,-25.04447692752702,-25.438863945185886,-26.122131640253716,-26.802563064845717,-27.502153918634797
100409.63+564630.2,-24.662523022195295,-24.80556421777788,-25.121739831331972,-25.268015409711552,-25.403949105023443,-23.46240917933255,-24.592101038149544,-25.394993704100987,-25.5268063242947,-25.64694568133668,-26.272101109691864,-27.08649995091893
100417.96+282444.1,-23.075003214095034,-23.22068453271671,-23.39816829393271,-23.463746540667355,-23.488948208496446,-22.546773496972218,-22.93100223743284,-23.326244065058134,-24.05932454225618,-24.49204887419809,-25.45368622569845,-26.031070609210555
100420.13+051300.4,-22.469999635399066,-22.757995068297973,-22.96947894307317,-23.088225812173498,-22.99078710365629,-21.983268289198044,-22.410168921417807,-23.246551602270628,-23.74041208343212,-24.311822062826597,-25.331934937201954,-25.762833867929192
100458.31+202449.2,-23.22170191935733,-23.90037932638207,-24.563458460041463,-24.893387111013293,-25.211932256869705,-20.692664669862577,-21.922892671030482,-25.527037610468724,-25.59903977185442,-25.888938314713872,-26.279867935341017,-27.072991704906563
100502.34+465927.3,-25.085763849492267,-25.12730065181277,-25.46939760251914,-25.55602146086774,-25.7380076121023,-21.754638469691326,-24.6234174125869,-25.918552299682396,-25.828240067406522,-26.17087334058463,-26.986935147901505,-28.0134008005624
100522.94+405834.6,-21.874446453079994,-22.568767644942746,-23.174850225339615,-23.36959912848748,-23.684569087444963,-19.364174351694096,-20.19321632007346,-23.94988688115445,-24.411625583047694,-25.219548267439187,-25.68689677142098,-26.357512884556876
100526.95+264451.2,-22.135945957908387,-22.30128224181772,-22.616347771682033,-22.724064561279686,-23.05301182222448,-22.306860921842357,-22.478970180650414,-23.724879211431,-23.93092726053373,-24.573097042322342,-24.919626095304793,-25.73262725632118
100528.34+423037.5,-22.948102308514283,-23.14872880432013,-23.424399210158153,-23.557829251734915,-23.610464695381804,-22.235614890694105,-22.601895732590467,-23.870633898329245,-24.393339037032177,-24.87801883688744,-25.38253122542174,-26.01181065595021
100541.85+433240.4,-22.85260479921675,-22.93221792319279,-23.131147334641486,-23.107089488920398,-23.110122354716257,-22.373408225526735,-22.856988204100066,-23.678034995499843,-24.269878433018683,-24.93877541269655,-25.30052794269464,-25.90285583294848
100558.91+305252.9,-23.37746605236651,-23.570167200971603,-23.830356561293407,-23.958267563397595,-24.127886008590586,-22.693403478431687,-22.814782736786462,-24.42706183536125,-24.292662857703935,-25.392930326883427,-26.155824632453772,-27.104174713012284
100642.62+270115.4,-23.282969840680096,-23.48193743542698,-23.77845251003361,-23.92988441144924,-24.070777346840003,-23.111113128647528,-23.27184530668095,-24.367368054754078,-24.851465817859115,-25.196153336946953,-25.48876575362736,-26.24028518008014
100649.80+365202.9,-24.445158159867148,-24.626653966658065,-25.12620716285073,-25.371633513169666,-25.669646285978416,-21.128576763911806,-24.144369632755605,-26.174488424700975,-25.907402415178026,-26.258929846295715,-26.973663483773535,-27.722578645430424
100653.60+281704.5,-24.165590874146577,-24.469192318313905,-24.71713551249846,-24.924647755171215,-25.116606599625168,-22.56247396535111,-23.590178453947683,-25.240208344377958,-25.138085640315094,-25.57456505375088,-25.678891150319107,-26.336637592668726
100721.78+611541.4,-24.09585794909167,-24.217551383515534,-24.512092126819244,-24.569113996081995,-24.69087531107984,-23.8632689220995,-24.27614106693172,-24.470250361383705,-25.0408401162423,-25.050776848478403,-26.270169840146252,-27.041623227902416
100744.55+500746.6,-22.4100307742569,-22.526189290021897,-22.736688008635515,-22.935770014469696,-22.890980245012805,-22.736335653008986,-22.37747937665952,-23.120745027735406,-23.450804419328524,-23.96775780082561,-24.24179368171938,-24.718123697916557
100751.17+150543.1,-21.784578160171915,-22.070019498829247,-22.476362253341996,-22.665603013258615,-22.71543138637281,-21.12835287149272,-21.402222895092223,-23.296797791374686,-23.60784920429233,-24.078052674602432,-24.501349624160994,-25.158496212621195
100759.66+611533.9,-20.846289389370565,-20.98169437526254,-21.332193610408606,-21.58653390750653,-21.553899777153454,-20.720032012804754,-20.638175844381244,-21.74302675306975,-22.206478388646996,-22.8659527030311,-22.91655197827319,-23.316467091943768
100818.19+454438.4,-22.137751462350153,-22.168384567664532,-22.467776656328134,-22.541172283710626,-22.833610392389257,-21.80396326643473,-21.746850624630426,-23.159588357220027,-23.636175281597797,-24.074947104939216,-24.363356199172806,-25.011652098610163
100829.62+493416.7,-21.371947306611993,-21.840924963237004,-22.577533038251676,-22.825671009603326,-23.231378120286358,-21.57467039898354,-21.9942291899335,-23.666639664078662,-23.44125162885396,-23.861153682148576,-24.72900623121118,-25.565343764277255
100902.06+071343.8,-23.65852620757174,-23.926236584875873,-24.28419477011878,-24.327677126095608,-24.572479840902503,-23.507864104312816,-23.553535625704765,-24.600642553714245,-24.95388924438124,-25.343985934344943,-25.926321347683228,-26.662248480390897
100943.55+052953.8,-24.67080285967695,-25.042134321429632,-25.481338576975467,-25.68137421260171,-25.846870182592088,-22.509219277479286,-23.93740818383548,-26.175928156712267,-26.011839863035032,-26.421066176253007,-26.64277816826771,-27.392589523239295
100954.77+522052.8,-24.528619461312523,-24.653508755559347,-24.861574527782306,-24.911171778335905,-25.070722581615364,-19.77134253345914,-24.33210558977117,-25.47560064411795,-24.634869677085256,-25.73260560088183,-26.225850129301584,-27.21617089288274
100955.45+302734.4,-24.266298937311298,-24.402112417472363,-24.746113003823183,-24.942475621548155,-25.110160860708685,-23.48243295584001,-24.091187290041,-25.097804128950457,-25.341063812865944,-25.9866174252835,-26.494955707671025,-27.36422219854704
101000.68+300321.5,-22.80887349991125,-22.989999076387782,-23.28498929491694,-23.353044442560112,-23.310408559976693,-22.23052038266568,-22.728755869433055,-23.687174251878073,-23.972839972505945,-24.45589037711401,-25.637210720101976,-26.176996145557098
101023.99+453545.9,-21.081467437884108,-21.560521322530686,-22.335339726771117,-22.67472248884203,-22.690283907763504,-19.7256085127541,-20.638831821562988,-22.838787991761883,-23.28646297145555,-23.949941528456037,-23.81003724968713,-24.138845190266526
101027.52+413239.0,-25.091030524516018,-25.21955257647035,-25.486387225657808,-25.434390217361056,-25.58149328555228,-24.8987094840388,-24.940269321091364,-25.707208039746778,-25.963856537553944,-26.367183754156684,-27.064202703012455,-28.047370246213735
101030.54+255949.4,-24.477970632759273,-24.695603296486226,-24.949915869872225,-24.94606604574347,-25.179761229998363,-24.24774816694004,-24.229903413795647,-24.80487930804545,-25.024693677723608,-25.323112646628633,-26.109368047179153,-26.905027033521513
101041.95+363914.1,-24.16988306815035,-24.290501915349637,-24.569312190772415,-24.653266039773495,-24.86487290964305,-23.322296711230674,-23.97391719701434,-24.711850342310083,-25.019131255173534,-25.273914629385526,-26.411007161953737,-27.244256203082244
101044.50+004331.3,-23.27685675029238,-23.32918549349663,-23.481597707577144,-23.591661521944943,-23.48025731325995,-22.72102401501348,-22.922891828167632,-23.675418804088785,-24.117503898811098,-24.580754210809815,-25.308067265443054,-25.788835888866338
101102.76+613937.9,-21.371979019725007,-21.62084228032585,-22.061792202739564,-22.398597036181016,-22.273932386198503,-20.78707369921875,-20.918474267558974,-22.53863447574023,-22.86963771977034,-23.13294369626561,-23.545021659117115,-24.012733133504025
101227.20+345515.4,-24.263235480426193,-24.390412166305598,-24.78254005672613,-24.960407280293257,-25.012780393518252,-23.43799448710172,-24.181528713133375,-25.188090445791943,-25.465869638223044,-25.76072538558782,-26.651061893008112,-27.548118404008573
101252.22+185635.0,-23.589675275700394,-23.760237570071343,-24.233593306396944,-24.38289147651676,-24.594397799124962,-22.402192891455588,-23.15425832970307,-24.472386970021603,-24.97089439640083,-25.2104879062965,-25.87179537806148,-26.70974676023781
101253.74+285033.6,-23.193978021378246,-23.408675999024045,-23.73738120796809,-23.692500183168914,-23.879409257852977,-22.429283150520504,-22.597159443099393,-23.848767146888648,-24.198571507452243,-24.85522813222486,-25.577876223743424,-26.36741379779314
101300.92+572243.7,-21.32581206099586,-21.50350331627675,-21.8547442902497,-22.12760010598043,-22.006266011773036,-20.999458788843878,-20.946797829727874,-22.244392466288453,-22.44948719700373,-22.80067213010242,-23.501578393210004,-23.747517333988895
101303.17+355123.7,-22.231446282862763,-22.295987102975094,-22.541276006561812,-22.582406406137068,-22.41592539093557,-21.129423993894367,-21.37140342705129,-22.51706196994264,-22.85461352932023,-23.228478102898123,-23.710611046516576,-23.945456218140347
101312.15+020416.4,-22.08074891630242,-22.434877322520816,-22.86420244087323,-22.971746141106248,-22.928735885992047,-21.456907210631623,-21.956970344726084,-23.147593541010174,-23.327840048660754,-23.925910968598394,-24.77595946564813,-25.437946364707358
101317.98+050034.0,-22.04553311741448,-22.207190665007523,-22.46712438143512,-22.6620600384565,-22.900757697739344,-21.59854956636007,-21.67352712557346,-23.051405673967956,-23.633400883590806,-23.503936791808556,-23.985792318294216,-24.466998711261095
101322.77+214609.9,-22.65751430401251,-22.916192199237585,-23.292521008603828,-23.340639849472925,-23.61940621076614,-17.63040456557845,-18.508438238902198,-23.591532409219585,-24.04924541454387,-24.549909366915493,-24.980459048451337,-25.81408921820738
101325.42+221229.4,-22.549396207880932,-22.697150235805065,-22.911812475399923,-23.00928857714844,-23.00772784335265,-22.312374736375567,-22.602924374834217,-23.28137673170081,-23.77912181640137,-24.26859410407707,-25.04249130724479,-25.59856471806102
101326.90+355806.8,-23.617510993825405,-24.083136517109878,-24.625078520625166,-24.78796945111491,-25.075334866836275,-20.56825209243725,-22.026033916124,-25.12753689323323,-25.409947288461563,-25.598698251790378,-25.828896074409418,-26.56420648864355
101331.59+551737.9,-22.042957631540418,-22.47784047725334,-22.856288070027247,-22.962539291404585,-23.312243116109542,-21.03764505872374,-21.93128022480208,-23.526822627610077,-23.733402703005687,-24.651835394973112,-25.088136286997475,-25.794462731966608
101401.86+461953.7,-23.754154814245403,-23.774178203878872,-23.85305743858442,-23.90274058088433,-24.048586526233017,-23.159390168051125,-23.45731425158558,-24.149904080020576,-24.44739310768153,-25.058107513489084,-25.720036984631314,-26.34767750364583
101424.17+573003.4,-22.42334161124836,-22.5506372104694,-22.794801458098245,-22.8989245354042,-23.125565662218595,-22.201217058840427,-22.39954201460932,-23.325587718675344,-23.921347885517886,-24.126125001714932,-25.081721066849468,-25.97498850158812
101424.82+084314.1,-24.055718675354683,-24.120150788790024,-24.440404842205503,-24.51028330586208,-24.686471038918775,-24.31336967384637,-24.183216729240822,-24.55694832964742,-24.99588033030802,-25.79507567069705,-26.268428365616565,-27.058423258898884
101425.44+244903.1,-23.896157418962105,-24.022797627690036,-24.399460398254472,-24.523299975130957,-24.8229003382344,-21.828307616802416,-23.37500929672488,-25.31979949561257,-24.720679485397408,-25.327293349820682,-26.013013591916376,-26.941988452729742
101425.63+031434.5,-20.739664284977557,-22.020569910569854,-23.091322097708062,-23.42833341795588,-23.77146160937888,-18.298330865409856,-19.243096178663134,-23.572309090532702,-24.23778813691296,-25.06370072464149,-25.455053451340586,-26.294378073278317
101443.13+581743.3,-24.44279629361478,-24.66736040201049,-24.99504387876578,-25.102977661404708,-25.23785889340143,-23.709626644261636,-24.527461809945407,-25.324760891580965,-24.962658287130655,-25.723939392321007,-26.342194248593028,-27.033918588765456
101517.56+181240.8,-22.688713378231515,-22.932325721601906,-23.274253992706203,-23.31150179651872,-23.576982719704965,-22.377568467816552,-22.939459494707286,-24.506201532633057,-24.64448261825108,-25.74953734768762,-25.54247665145255,-26.117894172472607
101546.15+334806.3,-24.183621936658604,-24.233330710411078,-24.470267991346162,-24.4743616571485,-24.56341174244526,-22.934211036270053,-23.406571903415884,-24.82339199685117,-25.099884113782007,-25.527150520144374,-25.868034299551375,-26.740552506341658
101557.05+010913.7,-24.988909844970863,-25.188541221810407,-25.541956046651872,-25.567175603176032,-25.768998409133427,-24.68882339955095,-25.147116101581332,-25.99417400359019,-25.918362774233277,-26.092895017393047,-26.7613004171476,-27.5454691430596
101614.97+181504.9,-23.9262734970409,-23.9446435705938,-24.150253609706827,-24.38069994373576,-24.611580739644186,-22.752078206035286,-23.82481197720305,-24.438444821479003,-25.29991727320431,-25.347474166033905,-25.81935361011402,-26.62609019241164
101635.40+614940.9,-24.120371570661195,-24.234311546110273,-24.578080167592272,-24.784100941788044,-25.05557512962964,-23.069948004254517,-23.859196911902313,-25.26130735257854,-25.083376575113327,-25.440654611765286,-26.283878288138045,-27.303776484249145
101636.41+124959.6,-23.117061714684397,-23.21245557628265,-23.45594625902699,-23.541572290273095,-23.7561241293458,-22.821930114576936,-22.98031944185391,-23.852536811118803,-24.24235435373885,-24.430043348666004,-24.80837690881924,-25.79555973938783
101652.60+194309.3,-24.60467872327846,-24.779692248295426,-25.125984840328492,-25.284300281030198,-25.461137298119354,-19.13395550377703,-17.91330028931077,-25.658477088257076,-25.44123863671653,-25.99813406534094,-26.75270488698285,-27.654511528591232
101702.11+353405.4,-23.56794700578143,-23.910482998351537,-24.36179168200051,-24.539659141530134,-24.743795800389282,-22.687502644659574,-23.349689976205735,-25.06332222596136,-24.981434426186567,-24.58425644308362,-26.543314252605533,-27.485331951271572
101707.63+095452.4,-24.244310840656528,-24.39557314196464,-24.760163550643608,-24.742312680475433,-24.909054100578928,-23.161931379146925,-24.480993895687238,-25.310002529206624,-25.234936173909265,-25.72022743718042,-26.203027979101737,-27.01018322519867
101719.02+151620.8,-22.232062037891456,-22.52705526500907,-22.842100667557425,-23.04211212743292,-23.07984848571113,-21.596346589025426,-21.834755810829147,-23.257196011931693,-23.662861860663096,-23.98290106067639,-24.465390577718875,-24.939366752115287
101725.44+374612.9,-20.690181353297813,-21.539313002664645,-22.075646218084113,-22.460797518329034,-22.405385952276546,-17.982355249117653,-19.21450289438397,-22.82947966668574,-23.246948349289056,-23.857412455924045,-24.285347970329592,-24.752582335777294
101730.20+473959.9,-24.211348932847844,-24.32478108408808,-24.668302968131016,-24.854882402114747,-24.889895673366357,-23.469006538432172,-23.704789143208025,-24.982127912778473,-25.116244980409622,-25.987728343579658,-26.521478596407665,-27.510497110809606
101730.98+470225.0,-22.729742082513766,-22.934711917891345,-23.180640108378952,-23.255134596955696,-23.413109386208713,-22.76302119552208,-22.803139705287244,-23.5388904484675,-24.071767869782892,-24.55342643822029,-24.994536327806678,-25.706403540085674
101825.45+380532.7,-23.36976484391708,-23.55063990769082,-23.710322204049177,-23.75321212113468,-24.048274777199698,-23.334131345222094,-23.51715715046289,-23.877625397061667,-24.365071138774805,-24.72885727038127,-25.737008948825594,-26.304286682135103
101828.21+310343.3,-24.485782491953533,-24.637565142637126,-25.06463862721248,-25.173313803151537,-25.319884912418555,-22.287486076993375,-24.39888494628771,-25.693289486906327,-25.49733818267914,-25.721331532561578,-26.18796631369146,-26.939926411307027
101831.46+493356.9,-22.444887032329614,-23.241185374636675,-24.131786805777132,-24.647935061182157,-25.017889797180022,-17.832398490296214,-17.605850295607592,-25.444234086386345,-25.61483478853749,-26.045761765853342,-26.746224555867435,-27.656824233598286
101842.90+311230.1,-22.535830053260394,-22.73405918183416,-23.186799951997333,-23.261933035987223,-23.408254297230748,-22.24175597672568,-22.338454524980882,-23.4784515613586,-23.86808624313612,-24.364833034311577,-24.157237719117543,-24.87533330447886
101900.68+282648.6,-23.86192477552562,-24.053897623491437,-24.44953453661077,-24.625097696202037,-24.705566499241613,-22.550030548565363,-23.122826036255496,-24.6406525734496,-24.831566848468523,-25.686819635499198,-25.84699727944562,-26.737066427346114
101910.23+221445.3,-23.79360103222824,-23.940339132746214,-24.32075244507467,-24.427169887421673,-24.56808904297351,-23.509475637339133,-23.508041761530468,-24.323793113831183,-24.915408053582706,-25.336257555981724,-25.809195792062106,-26.732667369232505
101923.86+534816.0,-24.194887410122416,-24.44132927618316,-24.751480142930255,-24.80768910002815,-24.880794034813423,-23.77470185724145,-24.328447534152673,-25.37641266724555,-25.142400181486046,-25.66826999911399,-25.988813306264127,-26.919851052097044
101942.15+250937.5,-22.951343808171373,-23.535767293838504,-24.21507725760877,-24.541009806723967,-24.86941352563839,-22.26816294091401,-22.534366566492732,-25.409519891636815,-25.16349154545827,-25.616172965301924,-26.408484560125096,-27.26842020075867
101947.28+561915.3,-24.111416741445073,-24.27517434648149,-24.637294788567335,-24.731259310540235,-24.903798968894254,-19.776951001174545,-24.020454838026428,-25.415839070656666,-25.30624271775073,-25.761662650798144,-26.152959204367384,-26.99771406781237
101950.33+343753.9,-23.21414651739018,-23.288854574702647,-23.434315219407427,-23.47414524733845,-23.737040169271054,-23.089187832976677,-23.263588823779443,-23.71792785898353,-23.710865689182114,-24.39151760830779,-25.127751920023403,-25.991148776749565
102002.52+050449.1,-22.554388591240684,-22.784639469016245,-22.98862012761144,-23.071236773582527,-23.435583119964285,-22.088715359012834,-22.161320590588428,-23.914769624396566,-24.169460857392608,-24.31953096535824,-24.402233001506247,-25.260403502457457
102005.99+033308.4,-25.163687601151015,-25.438846110833854,-25.813878073084194,-25.958646076511606,-26.071241551777465,-21.860874520937177,-25.241975043982897,-26.49973006107983,-26.26553703395365,-26.668913866638068,-27.203972616880748,-28.075588643280692
102056.37+100332.7,-24.093149790277796,-24.13982476068614,-24.379743643713716,-24.40644183775624,-24.528260397704944,-24.350589757155056,-23.932372364827206,-24.3495200431194,-24.817904063607767,-25.606444417807385,-26.30389861604393,-27.20635053833299
102134.27+255102.6,-23.572734935798568,-23.77708613166705,-24.021313235304174,-24.03831819833672,-24.18162647232572,-22.628515322482805,-23.447453359840704,-24.77135308740054,-24.44862812470714,-25.449537784665512,-25.55362453780866,-26.454813336281145
102149.30+195903.9,-22.805231981847818,-22.869203156044005,-22.968933475816915,-22.976857471571694,-23.140891619155358,-18.24368521460391,-16.644630355834312,-22.83842379257828,-23.89913098870377,-23.67581188639027,-24.527717906752464,-25.429668621558754
102157.91+263823.9,-23.953561182460234,-24.122420332291686,-24.448788137529817,-24.553249678697927,-24.729202785964578,-21.499050754029014,-23.85919079324607,-25.121922002931328,-24.368731036333255,-25.301961593543826,-26.06698454283886,-26.91763004152277
102217.60+281905.8,-23.16713064777414,-23.349130275566278,-23.78919297806385,-23.875594385636962,-24.054144606917504,-22.938884568940054,-22.979467805920088,-24.2922979664705,-24.31137710721104,-24.830647106507318,-25.300365423612647,-26.053955314216765
102218.99+013218.8,-25.18409597984761,-25.227889435177467,-25.488136925827487,-25.529643496231902,-25.624632966693337,-24.585196036448075,-25.013597486099897,-25.68353918688314,-25.713687761806142,-26.214286074549708,-27.112250983902708,-27.874771588622043
102237.44+393150.1,-23.876555662127394,-24.079594624239927,-24.556538876592064,-24.734938447247703,-25.12843745042421,-23.550862268602526,-23.919058666462085,-25.3126903292094,-25.80325377588726,-26.11977384726025,-26.35720705911819,-27.22025565109203
102325.40+274639.0,-22.415835055417205,-22.631451471516307,-22.873586785342464,-23.027381772133488,-23.233828220111175,-22.380747650441194,-22.36673456864914,-23.16064829902428,-23.18667400828459,-23.87558577070719,-24.31979186013139,-25.07841686886765
102329.79+441414.2,-24.412151548188433,-24.37775287198165,-24.620194576853788,-24.66823100111473,-24.66817374257604,-22.741306635481664,-23.581062440073836,-24.33451393289473,-24.724598726630443,-25.188237981204264,-25.549189798756487,-26.206148605124802
102330.48+223437.2,-19.57655644657519,-19.917835801449673,-20.47170366162541,-20.57813501264071,-20.725521154902296,-18.56479300555064,-18.952353648710957,-21.470442537740347,-21.812560990309812,-22.094069108927787,-22.60320131447294,-22.867777099129125
102349.38+522151.2,-25.1190210855097,-25.240120600431293,-25.565945799198136,-25.640055037444046,-25.770647411093307,-21.949392801543766,-25.00084318356964,-25.789105427118617,-25.89279006062171,-26.312119281601014,-26.967908806317507,-27.84530833776347
102412.23-013348.4,-23.537899387361268,-24.010579659457463,-24.327830975196974,-24.323284800684984,-24.606795420030625,-23.804804243303945,-23.903685138899494,-25.033328335443727,-25.327264232868675,-25.849979805867438,-26.34409191054198,-27.244353547570174
102424.60+571510.9,-20.865435562793014,-21.64141860603469,-22.33007066809764,-22.569435649809517,-22.61865033234685,-18.712360754637054,-19.879135770502085,-22.870708083607834,-23.341247259174764,-23.956286857580633,-24.69183394919403,-25.085022499173217
102432.87-023343.9,-23.166464807884818,-23.541279864935483,-24.078046906527533,-24.349241114170557,-24.431848438768213,-23.381432371236624,-23.58861270951903,-24.66998927461569,-24.920885624293142,-25.487646405684742,-25.64429655101974,-26.52895461843848
102439.31+290014.8,-23.521313321205724,-23.731619816155064,-24.020713443288948,-24.019019618201337,-24.097369727358892,-23.161000295750934,-23.993586516080903,-24.76275006257692,-24.584339223593886,-25.688966101506246,-25.615567903350357,-26.569906730913562
102553.57+401244.1,-23.274646165039478,-23.541942851706224,-23.836769111653126,-23.84360021703181,-24.133389157087176,-22.533682701143896,-22.749533576193773,-24.26457084074564,-24.62209344501517,-25.44227324756379,-26.0127552209283,-26.914977201984723
102555.87+152035.5,-23.292973447514754,-23.522858542646492,-23.896670670361296,-23.892026087350647,-24.023635293619307,-23.03547955581941,-23.2399809464793,-24.253325439052936,-24.698309495699995,-24.563276325058084,-25.28057080462023,-25.981341483871724
102603.41+314938.3,-23.955226325277707,-24.087901288618344,-24.462702985398547,-24.56958179861273,-24.794099915167934,-21.053956029368173,-23.97703148888717,-25.453645247150796,-25.112198825632007,-25.797077349491698,-26.174566528423057,-27.06604688957107
102701.52+294950.1,-23.01293251013233,-23.108624190309076,-23.301211239120452,-23.344481372225413,-23.612985956213738,-22.555584095187424,-22.866152984325986,-24.007876713719543,-24.59159039886668,-24.92007465939224,-25.426327980669786,-26.26930458999678
102706.60+312856.7,-21.990213735757504,-22.10999139433131,-22.472010814946163,-22.640202031549226,-22.62110314556691,-21.667705316810043,-21.707653341355385,-23.323984989758525,-23.771412554650386,-24.35711135598603,-24.51626778682695,-25.02769299139675
102721.01+131151.9,-23.834143196910755,-24.126307268400428,-24.557157702483543,-24.77003155132114,-25.070385013062584,-22.810106135790743,-23.82088488979262,-24.961703245445573,-25.583799550124105,-25.29837112922363,-26.296278075997982,-27.01612438901838
102733.34+470828.6,-22.366619759441726,-22.609445974526366,-22.89672306333578,-22.949004813449324,-23.19167941939439,-22.117971726749573,-22.257084386173464,-22.989395368952,-23.619489589699626,-24.161156018979923,-24.845438684226178,-25.504341920740615
102738.53+605016.4,-22.55181724470971,-22.941764487252556,-23.36913327644882,-23.62727676553335,-23.62314676491111,-22.029207112106906,-21.731223601653785,-23.84903902089044,-23.977824316720564,-24.283713636999142,-24.71601886509041,-25.260130023870254
102745.84+051558.9,-22.712554337536705,-22.88286202592788,-23.19889306358412,-23.30686977999544,-23.568356711248622,-22.3906706071081,-22.35550927570301,-23.84859673678327,-24.529874547712886,-25.144460127330788,-25.785925270818975,-26.255734936763563
102750.57+073315.6,-23.835021198677527,-24.03606320354913,-24.330075496421816,-24.3772340634618,-24.560408433881395,-22.927405194396737,-23.37585450013672,-24.765300330634403,-24.817687350990507,-25.291720080982827,-25.122733448825965,-26.2125334550455
102814.54+211955.1,-23.666847844423586,-23.83629115770458,-24.144029101618333,-24.12451019591551,-24.264787099096452,-23.21532439031845,-23.56587303078267,-24.16230803897438,-24.488238354727116,-25.404317757134713,-26.1525870629468,-26.91394646408467
102821.47+275951.0,-22.371432636599426,-22.377990030100413,-22.625706224757923,-22.70138760043002,-23.138594159349605,-22.72816031581941,-22.827128565333865,-23.141441275156005,-23.673254673510986,-24.29066295334588,-25.04572801767786,-25.708250845585425
102832.78+650247.7,-23.28651974286827,-23.510503382391043,-23.832340695147295,-23.874304419406087,-24.08482041447203,-18.362413617729274,-18.182962089109047,-23.985688000846764,-24.2455716563987,-24.837783824620775,-25.04462322013833,-25.845159106749275
102838.76+111823.1,-23.462183421252792,-23.59021725688254,-23.843871320749045,-23.901723471406314,-24.11943094150116,-23.110386970824738,-23.156784957911608,-24.098692637233246,-24.589643934486062,-25.013726437113785,-25.624698374155354,-26.548790616990374
102839.11+450009.4,-24.032122507166385,-24.388030067399786,-24.707937972338623,-24.98711193745403,-25.266263911892196,-21.79317580812021,-23.329887163412053,-25.132633510730987,-25.20981051719001,-25.705521631359908,-26.0138478750841,-26.83311052354133
102847.00+391800.5,-23.861601780183406,-24.008454655535168,-24.171088090299623,-24.11865179377339,-24.327527628190296,-23.927548797803418,-23.749577172528255,-24.229037595303335,-24.65385981704834,-24.971689972224148,-25.824446997286895,-26.695960563255532
102848.77+320415.3,-22.45378068074456,-22.693449566103613,-23.245866521334897,-23.670531761386655,-23.780220201669124,-20.34307451498284,-21.937156499997922,-23.945994164537417,-24.775014135605428,-25.406125468770878,-26.216971265195838,-27.194367513951786
102905.16+252824.4,-23.80825378411045,-24.013031899768624,-24.349798805811417,-24.505185871561846,-24.660288929313598,-22.63590679054584,-24.140557699571627,-25.08722048212862,-24.74192307712873,-24.93618841870397,-25.257469219054187,-25.809017306914885
102912.58+404219.7,-20.586086024591022,-21.062274044923626,-21.404283461859098,-21.439455827488544,-21.462488511498826,-19.054129310788745,-21.73804261981382,-21.83483646719203,-22.132901943688346,-22.663853607708177,-24.56824509256136,-24.740084716512406
102938.89+240926.3,-22.164375710090788,-22.396148245236162,-22.67409370506815,-22.764928160917165,-22.83461748968276,-21.491630481624988,-21.978148964988844,-23.115163305221287,-23.38362984478592,-23.972881901834878,-24.586440506174885,-25.386362634561365
102950.71+471110.0,-23.798168830066693,-23.856439001668175,-24.190314487387326,-24.224026872015152,-24.31808395188861,-23.776395013493836,-23.58108111227933,-23.995217647419185,-24.45211217633251,-25.29287729303741,-25.660260401233806,-26.454534024473148
102953.43+163739.2,-21.600011104352962,-22.539929382904283,-23.4223732660391,-23.818064028975925,-24.14814726396035,-21.565956957968197,-21.702182912617012,-24.544013203213087,-25.00019405683141,-25.77164346319427,-26.610431356830205,-27.630799392626606
103020.59+255817.4,-22.76678423806802,-22.91007931798511,-23.14163327849315,-23.178824495960566,-23.306679612881737,-22.16083985150321,-22.386797896598527,-23.487100295687522,-23.945887485246615,-24.548940000891957,-25.122341329547552,-25.81618659381823
103024.95+551622.7,-23.72853811509177,-23.93627528390603,-24.424192651596268,-24.564553314337658,-24.847501828020075,-23.605065826330865,-23.438177356470092,-24.549467567017846,-24.786548671512847,-25.22108941826361,-25.888480945148665,-26.6940294887765
103028.27+294834.8,-22.866809261745736,-23.015680726170093,-23.303241971706523,-23.287863130723522,-23.49140398236685,-23.04858223385342,-22.873655659969202,-23.70754254474847,-24.20295967334342,-24.402816729059467,-25.0227512526732,-26.019223656009302
103032.23+253105.4,-24.051683636006366,-24.322436440612307,-24.768181745397683,-25.066820665236232,-25.25480609969789,-20.348064266441053,-22.710181678733694,-25.267870727756858,-25.236547679634427,-25.687099559392248,-26.634834659402053,-27.627512009002178
103045.22+255522.1,-24.30719375704122,-24.50263849757288,-24.92041404088664,-25.166767761249353,-25.32665292971342,-23.104709207482152,-23.833727501230108,-25.570801453639838,-25.771009433031765,-25.91749187318672,-26.193327115055645,-26.925260456196053
103057.52+275602.3,-23.221476152381054,-23.56809881096416,-23.972890212963588,-24.240699089253788,-24.426639757243354,-21.58582934010939,-23.072303891642747,-24.31051734990169,-25.066160517898602,-25.370765867073736,-26.011106938138944,-26.723761659617683
103201.26+475703.5,-23.45724168631351,-23.641159637398435,-23.986503146243294,-24.008209165124036,-24.15093629155858,-22.43983777053764,-23.202923054099692,-24.57744542290863,-24.937427752837642,-25.020533948381033,-25.421071138573136,-26.253262305818126
103212.97+152729.5,-24.946990489752356,-24.993635609663357,-25.276455677371956,-25.318873120796084,-25.36855134792924,-24.8626069817037,-24.720500692206905,-25.476971940366358,-25.668590255182163,-25.551112288898146,-25.68115145199197,-26.392296556634832
103312.52+501849.5,-23.673194535960874,-24.14245526796745,-24.58942220131184,-24.73074254813299,-24.91709976557022,-21.64539621134025,-23.04553236889074,-25.1390365296865,-25.14356457003509,-25.855862742317264,-26.289560723476736,-27.144274378466754
103313.29+235240.0,-23.578638217282947,-23.718377425782098,-23.905443245753922,-23.900948191771313,-24.051938316568595,-23.397396149834766,-23.25879211866827,-23.96473072455479,-24.713306533600104,-25.086628380198853,-26.062211326381874,-26.8241866608388
103320.65+274024.2,-23.487140964062657,-23.78836801938727,-24.09375731037286,-24.202817085810402,-24.43299214722957,-23.35136359983206,-23.220992903359,-24.418678274321685,-24.65309907991726,-25.256774303223967,-26.092478642805535,-26.93629160090893
103326.85+142738.2,-22.656533350951047,-22.740442853012595,-22.878463106530386,-22.99959273713716,-23.352154084567143,-22.67712327063996,-23.066741084719837,-23.298015592271152,-23.816032062766133,-24.6090861825807,-25.035250817172386,-25.790324788139618
103346.39+233220.0,-22.365731438964154,-22.388286588668723,-22.85745281845857,-22.958791420681774,-23.232450005980226,-22.711967878285673,-22.494941455133176,-23.309708418820463,-23.843059782460653,-24.301520048497505,-24.466351638621994,-24.990488329993564
103402.00+261036.8,-23.92969027366608,-24.00295261783457,-24.35622697771202,-24.453450796066218,-24.632680273284002,-21.889219781992196,-23.783175259062254,-24.781440971578817,-25.416330601790392,-25.120598107024506,-25.87274656790765,-26.838931152658613
103430.55+241224.4,-23.55782754136027,-23.751770557454655,-24.00512837504444,-24.02767720627882,-24.230275569157158,-22.389591580784813,-23.43355369942472,-24.467374275494368,-24.53721614983863,-25.1240097328959,-25.911862434229295,-26.72325598354036
103440.91+443105.0,-23.915101173249173,-24.099102151678597,-24.35262826528262,-24.361221573925555,-24.56923972039499,-23.944106223026623,-23.955625817535516,-24.458861350679832,-25.06624651739183,-25.302271683589723,-26.144633124284443,-26.953711731640674
103444.85+160056.6,-24.40652604306502,-24.52042939904412,-24.894718206276977,-25.107878659088346,-25.351292247602046,-22.673896401194384,-24.25320291675462,-25.694446460369523,-25.543881750985477,-25.57928151260749,-26.622309263864764,-27.575333067069273
103457.26+235638.2,-23.18305158788574,-23.35309466837598,-23.773693270253943,-23.7730338296871,-23.91490533706189,-22.868737444980543,-22.767610064437417,-24.176110849887383,-24.48762987420128,-25.077590237098637,-25.605976903711163,-26.42181029894966
103458.42+204912.2,-23.475256551364296,-23.5961688443023,-23.8790483965772,-23.903860011107525,-24.079843623475423,-23.448551680722062,-23.392946862697436,-24.062347337662207,-24.715395819294873,-24.9980579230771,-25.526363867520754,-26.291768668943146
103501.06+171311.5,-24.092152375919213,-24.269874165548607,-24.61136201632536,-24.902397423333024,-25.02608783910443,-22.65189290293171,-23.81565356602148,-25.045510560765326,-25.53958650599183,-25.28015233957117,-25.966731336892963,-26.878676956812118
103521.39+161039.7,-22.507052350493925,-22.86953579765926,-23.3065062261281,-23.334268979393222,-23.561971424041786,-21.471810917180576,-21.88295167522283,-23.658618859948373,-24.303031453772345,-24.570770118931744,-25.08058788005379,-25.97017982880096
103557.67+591934.3,-22.686430799690363,-22.804233257688395,-22.9700952342895,-23.00415029785862,-23.323210483280615,-22.417314545874735,-22.4078535800747,-23.51466247704025,-24.206074368599957,-24.11652701429324,-24.768502751196475,-25.497564327742506
103609.28+275019.9,-22.7132481096696,-22.84380051391373,-22.98373504123195,-23.134396051115278,-23.13416612234273,-22.58595056687013,-22.77145881709803,-23.125971553243524,-23.57340899075176,-23.917295106398313,-24.222106011531917,-24.73499844940114
103621.60+393701.6,-25.04162425776457,-25.878239607339612,-26.29559811607951,-26.259248620373764,-26.564980612109267,-19.30810786421155,-23.979231677997475,-27.149310699441436,-27.20092942855308,-27.2367103820004,-27.823506138699813,-28.46941884467385
103645.15+370701.2,-24.966340730501706,-24.99600435247173,-25.299738734123842,-25.31177713666484,-25.396917550574592,-23.792464766392083,-24.44383554658612,-25.34372921938371,-25.479291599811265,-25.796732458983033,-26.44936826322938,-27.385927153917706
103703.91+230330.3,-23.63228385536048,-23.737157379967847,-24.126368795725043,-24.265026361317073,-24.5325409979445,-21.53604177431019,-23.468698052017952,-24.77443703462811,-25.43295225089188,-25.804899033901833,-25.727087349984934,-26.607892077328664
103817.81+001844.2,-21.111840503722778,-21.425783175247574,-21.944446445270685,-22.099515433556306,-22.205383516943385,-20.913054143842338,-21.088807091415653,-22.81266416794816,-23.04027688080864,-23.795876853981287,-24.300719744914527,-24.846311508561605
103822.46+134657.3,-24.409973783413925,-24.59938311670913,-24.949564737525204,-25.054509564920814,-25.18495666300288,-22.979057553386895,-24.572977243310742,-25.549645899126986,-25.50380886506906,-26.03985578422063,-26.05789703269093,-26.606354476897533
103843.88+443439.6,-24.297489652543536,-24.292887179361426,-24.58610691369423,-24.66617666211536,-24.791251205965096,-22.810247870312928,-23.47690541673436,-24.705673165128978,-25.038969088465272,-25.496442248427318,-26.354837913005504,-27.369789598897807
103848.12+372924.5,-24.130204247762794,-24.370064948662062,-24.747363684097994,-24.825927542317007,-24.956379156523788,-22.794202559608305,-24.139595231543638,-25.41218493319369,-25.320427295051307,-25.431354560580395,-25.899495465664245,-26.60276476478915
103859.58+422742.2,-21.09860752662102,-22.097674783499503,-22.793904047943244,-23.042877137524005,-23.10406807250263,-16.84002431511489,-18.88251973628961,-23.0066276139729,-23.198707422522183,-23.841942932364987,-24.755346211818715,-25.262960894911195
103942.29+230102.8,-20.73862782781467,-21.089453951043488,-21.645502103997014,-21.932459905431628,-21.93882266056405,-14.580678929721126,-16.323376702414986,-22.284673382097793,-22.887230498408957,-23.38697016823467,-23.802714675713364,-24.167767942585694
104002.56+210900.1,-23.546895694075268,-24.349024438919997,-24.941815546927145,-25.36184086726527,-25.771195323588287,-19.894672979760518,-22.923754042035903,-26.25423687766297,-26.20156654483337,-26.43838010924716,-27.131648926798324,-28.070495745197363
104011.18+452125.9,-23.418484205947095,-23.661163106219966,-24.077784247219302,-24.161183894861782,-24.302249499951458,-23.27246858979162,-23.226285253640235,-24.15896198178459,-24.202031037394562,-25.029188060046597,-25.819532839137832,-26.760532100698676
104041.50+600239.3,-22.23839494417762,-22.427549621099143,-22.794329734062067,-22.939629571183804,-23.066030044453232,-22.399285591971772,-22.433983782376032,-23.409948746251477,-23.807201303801627,-24.545313248341113,-25.02650655681135,-25.513526463204308
104053.02+212058.6,-23.287280978209424,-23.42934665601006,-23.974196527525674,-24.02418332970239,-24.20778137376536,-23.141092151239356,-22.996382365831142,-23.9103773807504,-24.37367636144657,-24.81363261919794,-25.32656890397699,-26.11264473316271
104111.97+282805.1,-23.277868533876365,-23.33940365705404,-23.46214006283588,-23.548292507248114,-23.459678692069637,-22.989933959429962,-23.100059646483416,-23.53981709497851,-24.100359820595575,-24.63381732235933,-25.29283145058524,-25.799345735220676
104122.84-005618.4,-22.61486669115385,-22.732595819789612,-23.043952049999277,-23.074898787419365,-23.389730524918214,-22.34370881706182,-22.198625537195834,-23.674391927193774,-24.088549911882144,-24.559825712994574,-25.329327983517437,-26.099882809692108
104127.60+313413.0,-22.703803620918528,-22.747753580585595,-22.954677255591868,-22.94865958186512,-23.17313254454416,-22.395702385864727,-22.470761406923668,-23.568357790332552,-23.777364576411976,-24.392496626204586,-24.451465144642167,-25.11831806623589
104146.77+523328.2,-24.886561896521116,-25.02227562164807,-25.324439842557428,-25.25023827529049,-25.39939752620149,-24.632159559818685,-24.432502460640794,-25.248756498468342,-24.956805976073397,-25.793763489126466,-26.40994934312781,-27.243660193656847
104201.81+181527.7,-23.11641947514798,-23.318035652799395,-23.57783379481606,-23.6081710390059,-23.8912858615991,-23.334228467659194,-23.113734022090014,-23.706114612207376,-23.87789296608095,-24.245231257158384,-24.665813589683616,-25.61803671369725
104218.31+501243.7,-23.32565947848716,-23.474725380807687,-23.7091827866812,-23.721686130577506,-23.92099444553234,-22.684265665675163,-22.822820449207974,-23.56222671742193,-24.230574204394703,-24.699783154083697,-25.104891153514714,-26.0520925605273
104220.58+452614.4,-23.32166872370173,-23.600340614618098,-24.06406429363961,-24.34525281064511,-24.581039885646366,-22.666105966515126,-23.090080622457265,-24.79137348684692,-25.109468860227445,-25.442301657188125,-26.03209611368942,-26.862022277131103
104231.12+221300.4,-24.303497826662603,-24.405516509575122,-24.75330762018208,-24.912646500718306,-25.088756123006643,-21.29111423525818,-24.22599550578371,-25.36362467383821,-25.401683907682372,-25.896112752179036,-26.208947546057843,-27.128520034127583
104335.86+115129.1,-25.779138670120382,-25.950438007480663,-26.259572745184602,-26.353290642006733,-26.479098719310763,-24.91027324152423,-25.47232200296854,-26.429049648606043,-26.38799955069374,-26.795261361821172,-27.721464601535356,-28.681238289886753
104357.05+094544.2,-22.718730733743584,-22.7208032043534,-22.864822892894157,-22.93912028898249,-23.255015464197495,-22.396884647069008,-22.63413495583856,-23.155537177436933,-23.68828826735047,-24.50279214290116,-25.093502189025436,-25.733789651328564
104424.95+465213.1,-23.718467743267226,-23.951898111050564,-24.2540226604658,-24.36293226181084,-24.405870983621117,-23.955409889555668,-24.08833745625196,-24.363305966811872,-24.448960639046614,-25.220164104385415,-25.742627158779463,-26.485345491218485
104430.25+051857.2,-23.798860306220153,-24.129604908488012,-24.592192095639316,-24.83625546296811,-25.12832802837699,-21.54987720350818,-23.113270550172533,-25.329482126831213,-25.615752849030027,-25.920668994047823,-26.58772209295394,-27.547082747715926
104431.98+110105.6,-21.21152071386758,-21.775417876631778,-22.322736548840147,-22.364486354768708,-22.44423743614064,-20.66860665434564,-20.98585292371605,-22.51932922086725,-23.03560308319544,-23.415936934875266,-23.710017607515315,-24.091493556224247
104457.91+083214.2,-23.550503968321376,-23.934152083639223,-24.18137025183025,-24.164831665701424,-24.383733038488984,-22.155700112793713,-23.363715673473642,-24.84230021492723,-25.384056142474186,-25.354522261831416,-26.02669173541782,-26.924471212419526
104505.16+084339.0,-21.443166583682963,-21.85309245504528,-22.349291018455673,-22.620200561378148,-22.48143090918398,-20.487824985260758,-20.81765351340997,-22.58989212965856,-23.045156069197375,-23.63735077981266,-24.71070846607122,-25.136980276765144
104513.81-010246.9,-24.63994606439864,-24.849816775561795,-25.174442684830975,-25.399230810909224,-25.64143609656881,-22.459291251491496,-24.5975225933903,-25.80106310890355,-25.9659056087976,-26.0929497581861,-26.80407237758161,-27.657149246974743
104528.30+293344.7,-22.222458682100598,-22.537918401155693,-22.801061890962263,-23.073707608947284,-23.00402430569483,-21.245798309457218,-21.73890086789528,-23.27755309179439,-23.31221163008546,-23.550810463296582,-24.058217136127787,-24.445782631640974
104529.74+013350.6,-23.98253327392609,-24.184352880963058,-24.55157898426598,-24.751426408457796,-24.82627594125547,-23.553943999849043,-23.62329572941999,-25.00457326656347,-25.060169196982052,-25.364995285529336,-25.91036724502355,-26.953307962489006
104541.76+520235.5,-23.099522928324213,-23.402251861755655,-23.705309597431924,-23.80525246308694,-23.89168114072566,-22.866306678038725,-23.095761610595186,-23.863633073916144,-24.320270186847953,-24.873188432021966,-25.765723092987205,-26.45782934319922
104613.72+525554.2,-23.552717879745945,-23.6644668991689,-24.035391999507443,-24.033805322994013,-24.134683383745195,-23.2987927565719,-23.303680968797295,-24.079833700844524,-24.296533815914835,-24.943975239959318,-25.639029397288944,-26.562993349330103
104642.29+392018.0,-24.266359537243577,-24.369311857261778,-24.565267986249697,-24.506426851586404,-24.623990011254136,-23.704847701954378,-23.62995801889603,-24.374594253060533,-24.77005643981169,-25.41762957644667,-26.24420387193955,-27.011962040416318
104704.46+170046.3,-24.27948759384852,-24.40242440004283,-24.76656553394368,-24.862163162020988,-25.16205077937337,-21.307913105272377,-24.333454025086386,-25.35690842720965,-25.14882452538757,-25.34685822585055,-26.24707883851333,-27.19955151762888
104831.20+393147.0,-23.508434830349877,-23.76462250930334,-24.066045214788065,-24.16435812935408,-24.37056099617685,-23.63598259769641,-23.464680773833198,-24.445504912074835,-24.56802854376674,-25.301911960688592,-25.91384513155509,-26.86972070510148
104839.02+234458.8,-24.174831273541756,-24.278685113656397,-24.557885370398278,-24.720806817213827,-24.941664244188424,-22.706737784118843,-23.99531123975234,-25.158876976194303,-25.22315470445277,-25.36039048729617,-26.300125165133664,-27.159145706886424
104843.47+511905.2,-24.547853860890314,-25.044505736407938,-25.597405289631787,-25.90937951280077,-26.08510949621844,-22.53451711965343,-23.30617850410299,-26.24094534401532,-26.204658290074715,-26.67605767252111,-27.33078780791375,-28.361888317495115
104845.83+353110.7,-24.128935296741197,-24.40928575222314,-24.71438762345123,-24.960372642554358,-25.22545089692364,-22.497139336839737,-23.451092970252343,-25.23568430461072,-25.744375720525642,-26.001197281215013,-26.368765896691173,-27.224033181213017
104927.18+223005.8,-23.923525926870415,-24.050512035644193,-24.333014413078725,-24.440134247011546,-24.55389058147712,-23.94330443549284,-23.650708475159284,-24.558885112959857,-24.846768371298843,-25.509008318584268,-26.30131255256763,-27.31343652828378
104937.78+640219.5,-22.667065636438206,-22.834867418785855,-23.07670741810835,-23.2526120942125,-23.16783792994959,-22.077942366594712,-22.32019403711219,-23.651600994984772,-23.90668497628663,-24.418399293662127,-24.967059016623764,-25.535515877969726
105000.86+294926.9,-22.28574181435212,-22.430972148471227,-22.665041953180648,-22.776410285096773,-22.958063137367827,-22.812090562956325,-22.66527335724434,-23.32873060998665,-23.599351644209694,-23.91686178777822,-24.145350245127222,-24.763346548884424
105115.75+280527.1,-23.635405032498333,-23.86487783036262,-24.043469046156055,-24.10477900235073,-24.37110172845191,-23.159295549335184,-23.166199207707173,-23.5877341317512,-24.20688857616312,-24.81189756025975,-25.57902999674245,-26.319900665467127
105118.22+605008.1,-21.990180557069458,-21.532209931350184,-22.268760579878244,-22.464984073829964,-22.747479557738743,-21.624549984357326,-21.786853185567853,-23.14978976032035,-23.814145740583044,-24.09454896809711,-24.336060268424756,-24.90612606691044
105118.31+325752.6,-24.366896082620062,-24.545308228238984,-24.86233941698227,-24.855508760456537,-24.983692744646607,-23.718860495941495,-24.039639436987017,-24.86427661321512,-24.845039657627577,-25.50577752125047,-26.38937298777068,-27.23577377824197
105122.29+020736.6,-23.672519060109995,-24.030382865478657,-24.426459154848395,-24.569451637274565,-24.668829276644963,-23.61186335563949,-23.593125974638035,-24.87626136033638,-25.222174817373457,-25.85603873937561,-26.930313122298582,-27.885821685972193
105124.28+320044.5,-23.282569785946432,-23.43668988505227,-23.61295205738178,-23.737733347933577,-24.07129282039314,-23.767590032372464,-23.657275405811884,-23.946170244931757,-24.420069674771067,-24.933106728021368,-25.376198887293967,-26.240284732691713
105126.35+183952.4,-22.017872691148987,-22.03624640630509,-22.237556499837783,-22.458440666696774,-22.397012076576292,-21.77404455919829,-21.892272890791283,-23.02212102776741,-23.38649445840914,-23.556756644586557,-24.37265310560785,-24.885963743257463
105143.89+335926.6,-22.40850155241386,-22.43098977493797,-22.718378771865687,-22.97967526075479,-22.8211683822734,-22.532100706247395,-22.632343673820955,-23.13436572511389,-23.46004383225932,-23.893024016605263,-24.346541971088353,-24.88419896536969
105145.97+295540.5,-24.562334909176933,-24.654712897585824,-24.871519329449093,-24.90523150805023,-25.058713334727482,-21.500049814930772,-24.402230186582187,-25.175185756537523,-25.156641307851064,-25.736215938251206,-26.284204428091922,-26.976030938324183
105151.44-005117.6,-24.768067609300438,-24.989505001313834,-25.288031122132573,-25.296824022919107,-25.56152267266084,-24.10327054085311,-24.271155159940278,-25.367571939719845,-25.770564326422143,-26.396254396689457,-27.065290089132137,-27.852923142615687
105205.57+364039.6,-24.69403164088217,-24.717855052604563,-25.017421428327438,-25.068437196204695,-25.262572256857784,-24.826498685179402,-24.55804336441834,-24.508610451719793,-25.01966418720551,-25.66382264876934,-26.971078151028795,-27.827572199723708
105256.96+372831.3,-24.583314894684378,-24.691269060629576,-24.988646134464513,-25.135932592350393,-25.37742281235064,-23.40595729695016,-24.490103762557656,-25.270738572764117,-25.346791482503143,-25.73553176560579,-26.361424281991496,-27.259155162894796
105348.57+515713.6,-21.1524095879744,-21.602404697427456,-22.216919398447196,-22.517290683494014,-22.560300247981885,-20.088505488012736,-20.613667427975905,-22.936157493280216,-23.18651990141603,-23.493835630041943,-23.902038144474126,-24.377482805695518
105416.19+351124.1,-22.397955178579515,-22.546659554752672,-22.760688468962517,-22.8642913006536,-22.81918648369377,-22.30937636820682,-22.179766703287882,-23.172549662288386,-23.49614727511334,-24.070566374862334,-25.201975574932895,-25.66620532960817
105425.87+123502.5,-23.86297407873377,-24.09339818535711,-24.39193695881668,-24.483962569389185,-24.56195017918713,-22.80432703036803,-23.204371029585506,-24.621991440013986,-24.94682161880417,-25.456650972121142,-26.24743121376307,-27.093977862651656
105444.70+483139.1,-24.35310687294423,-24.42193226914059,-24.611680231052233,-24.69886213789602,-24.961538472326268,-24.492019230201738,-24.21633759001589,-24.92246597203948,-25.103202698674416,-25.49209993568403,-26.38237940648748,-26.977236788528096
105449.53+252650.7,-22.801088235484997,-23.272798999381212,-23.65543638880671,-23.903919800197624,-24.21645311924835,-19.58198749620243,-22.087389888734755,-24.586677381928848,-24.665210152649692,-25.029225605289437,-25.293754146178212,-26.045820428958777
105458.86-023947.2,-20.964298367921874,-21.75667645680002,-22.384832063839642,-22.61741781358049,-22.62377476032633,-17.525717710763598,-19.37672157401312,-22.907448426186868,-23.67521910571181,-24.313800085165582,-25.26999677160147,-25.70675386561266
105508.40+372853.6,-22.48181788321949,-22.78408538470426,-23.258260445300742,-23.34672478349714,-23.543553572106504,-21.709741486695755,-22.077491189098865,-23.491747778757222,-23.92968055863418,-24.4399341897648,-24.97765172019555,-25.661073431815343
105540.81+421241.2,-23.5825892222033,-23.753641522429607,-24.02281547500555,-24.103123527435585,-24.164199137414656,-23.771871552305623,-23.346470769204377,-24.390833314837835,-24.37267115941751,-25.177745140875903,-25.286059629236632,-26.159694974852034
105544.09+210642.6,-23.528141217429884,-23.70884534893856,-24.164811530283973,-24.2861478689872,-24.45236021668238,-23.010761390747923,-23.511445028310725,-24.76963019975056,-23.753111615286567,-25.39821270564445,-25.575234388611314,-26.381013474701493
105605.52+095033.2,-23.08037445638308,-23.311124147174567,-23.55084273393765,-23.622903046438683,-23.778836107380766,-22.63037017568719,-22.738790890153457,-23.86788607948715,-24.18564791130188,-24.72874516730484,-25.438119061387724,-26.21959998394524
105625.27+163621.0,-23.09112423951157,-23.329568786098108,-23.742476474000977,-23.84505031318914,-24.02046858445143,-22.259287146874808,-22.492509767562048,-23.77303663137291,-23.594751327366616,-24.204412558682602,-25.132616309760333,-26.046622720803043
105628.25+501952.0,-23.61712802572079,-23.996676948147183,-24.443624204848266,-24.604703122818204,-24.802911307141624,-21.810873563459616,-23.283680816645713,-24.427159476648203,-25.006699211475336,-25.480223089836294,-26.453457562425687,-27.356100677308866
105649.35+124138.5,-23.352982956318705,-23.519014584619686,-23.665875799040524,-23.741428926229542,-23.915810932142065,-23.066773959221948,-22.99484514300691,-24.358467333088306,-24.96631592866063,-25.25009934681167,-25.4827229317025,-26.354558411214377
105720.09+295410.7,-22.57694821151068,-22.748340655278312,-23.11070149456352,-23.156673699231284,-23.392976278857866,-22.49786840017454,-22.673484436105795,-23.7253219854111,-24.332441559224435,-24.676785058504993,-25.06135222928486,-25.846427051867234
105727.54+213722.9,-25.080284939086813,-25.202591479647133,-25.56402693208824,-25.678696204505336,-25.806691796599637,-24.01577604499273,-24.82111401497243,-25.8281029508656,-25.44807220330037,-25.64062487693315,-26.397959294114735,-27.23684922644417
105742.11+651814.4,-23.006571432819296,-23.24357691735562,-23.588011148208036,-23.662021192577832,-23.85347349038171,-22.39556354961271,-22.69885436536018,-23.76405083488299,-24.147128966831133,-24.620509439229387,-25.063761890517643,-25.82656575822256
105829.18+243437.0,-24.616740829463033,-24.631737792077175,-24.87572118925732,-24.980880738473044,-25.1558405773259,-23.811036069991054,-24.437352596291394,-25.33485155094967,-25.44808655249065,-25.741352395402757,-26.487298593520613,-27.457174800621974
105910.89+051935.4,-24.050718863901672,-24.266851595168642,-24.620131449329975,-24.748784797755878,-24.901848195398735,-23.5479006068482,-23.89898649668827,-25.203852750697237,-25.005886233921355,-26.026654207412996,-26.330661087516717,-27.225945332390665
105911.85+175424.3,-23.155273955837547,-23.404341668067975,-23.780095177326253,-23.90490037959976,-24.082373320293378,-23.018764064516365,-23.14670963527887,-24.417014028161255,-24.88282644199239,-25.543390220622257,-26.006128770381615,-26.83104423290887
105927.60+425719.4,-21.571958488048807,-21.75926231757866,-22.064754577207673,-22.282766097318728,-22.37298496388713,-21.620679758915124,-21.78513792305048,-22.925064801677358,-23.44608081081929,-24.01977476024016,-24.41280235154314,-24.99457683451513
105935.49+665757.9,-23.076055775487628,-23.27080241414633,-23.480378900447693,-23.53409302409561,-23.81617248941829,-22.20750927691808,-22.424229708160816,-23.47071539488681,-24.23261088754609,-24.79881120157822,-25.147173683556613,-25.85967650702066
105935.75-000551.2,-22.32925690079975,-22.450556109397496,-22.678994237100955,-22.772233021563263,-22.85217094165976,-21.271993553754317,-21.45341537078471,-23.34416812517979,-23.55454093472424,-24.14877307309944,-24.0110011717478,-24.474063714334374
105945.23+144142.9,-24.458030599036718,-24.644802286263342,-25.041409965424627,-25.22825638420582,-25.34890737292763,-24.715907941164136,-24.588882775837092,-25.66039041543892,-25.82726573992711,-26.32629953713624,-26.62402192613952,-27.524755907789952
105958.82+251708.8,-24.12097122691277,-24.240557672133065,-24.534093549501815,-24.563322426162507,-24.65017797096512,-24.373650085249253,-24.216397023385493,-24.88832411035885,-24.796683501314508,-25.082095178420158,-25.89408827973434,-26.75467798719857
110001.14+231413.1,-23.934037253416047,-24.310167169174495,-24.777654771560716,-24.958845414027486,-25.24234851760813,-22.656474093888214,-22.990536550533324,-25.07178918694182,-25.387422814028326,-25.879596661512764,-26.663568287293685,-27.457176988847042
110011.85+451349.4,-23.347993639896643,-23.48642978900371,-23.777596891269198,-23.817380319542007,-24.115550497403223,-23.770815795888744,-23.4499321938205,-24.289026927163377,-24.632399034315164,-24.949594634922075,-25.741681868053636,-26.611502538752973
110016.20+393524.5,-21.31900044019948,-21.643948916298157,-22.016893563779515,-22.196535127331934,-22.27882268695588,-21.276270959743112,-21.56938632227679,-22.42131596965534,-23.2552422753549,-23.50169349562255,-24.23164199233121,-24.86876492561233
110037.51+430011.5,-22.470837010394987,-22.518338324212284,-22.71805279325587,-22.904395823334603,-23.074694105680543,-21.94123394799103,-22.172653270015942,-23.022622889054166,-23.88352438298254,-24.497331817134548,-25.243057876806347,-25.83142005763291
110046.80+345502.7,-23.86745239716196,-24.01954660491711,-24.39573321698041,-24.491915747712632,-24.632477103374377,-23.805541981093974,-23.76156731391475,-24.29318042161003,-24.672845929421218,-24.777857805570697,-26.10935061426462,-26.913543184720684
110050.94+295525.6,-23.57208167858065,-23.831623357338,-24.121328309396596,-24.141384617741718,-24.279637859205156,-22.776111116728607,-23.56545090751296,-24.373758626825566,-24.68521050857322,-25.156998553776525,-25.838893402343704,-26.5760063153323
110052.33+283801.2,-22.50248420311955,-22.657112570401072,-22.86192722066983,-23.008542197529554,-23.014021516281336,-21.89428735232685,-22.14970337557086,-23.354519671141865,-23.564990442806934,-24.02118999815183,-24.387811344377766,-24.888020120003322
110052.80+252050.6,-21.653537346881937,-21.895578484651075,-22.26495689868294,-22.40281648314766,-22.62925824057588,-21.346098340282744,-21.530827626453735,-22.98618492365363,-23.328991682665023,-23.988169177168853,-24.323177806282658,-25.014351047933562
110057.35+213109.2,-23.747071317672397,-23.783849003789367,-24.05546590973058,-24.202289719664094,-24.36110902637515,-22.73581154526851,-23.06620022933454,-24.014928431910185,-24.352505105458185,-24.70393227031087,-25.647383580184414,-26.483259126289994
110057.71-005304.5,-23.315289896512212,-23.378689516795355,-23.555043833112958,-23.5841110638532,-23.819401238576916,-21.829110513489173,-22.174370765038887,-23.869153303728982,-24.227306802598477,-24.867359649230668,-25.078355330926097,-25.760333498065705
110105.95+465159.6,-24.209643207664822,-24.336390370439428,-24.756363587401648,-24.953552285362175,-25.184032810501567,-23.80703155253094,-23.938940657919495,-25.404737145176597,-25.55157435587387,-25.85562420023806,-26.649611605328584,-27.539844316385462
110108.43+515021.9,-24.092879863946123,-24.30601947186676,-24.758965774967056,-24.95241089690919,-25.197670902577183,-21.59068639601627,-23.87732350936074,-25.328153248129002,-25.67214671945807,-25.704279657482292,-26.715516708839026,-27.69967713017355
110205.92+084435.7,-23.92508364034333,-23.95260744915828,-24.15899786608283,-24.31900424812201,-24.244861883200528,-23.384324866682867,-23.709017196469823,-24.34726667325973,-24.605704585611914,-25.064087938210164,-25.759654285747505,-26.45611439126126
110236.65+052117.0,-23.593319264859222,-23.705473427647576,-23.856925914735637,-23.9001181484709,-24.021381420065627,-22.92503968159541,-22.989873859483737,-24.13972175040321,-24.73188157191955,-25.111379967136894,-25.238211289841555,-26.112390669425878
110246.15+314513.1,-23.318768906881417,-23.527885936428103,-23.84864764124829,-23.93171940661247,-24.06803105276089,-22.849772026405013,-22.868108033024576,-23.534691905881523,-24.153199273858597,-24.594603374126606,-25.330948980313476,-26.24918584179918
110250.34+454230.8,-24.178246329725177,-24.261434256806854,-24.569629526143732,-24.699017643591343,-24.790864384816246,-23.702579200091943,-23.93036069150709,-24.916801859743366,-25.02056738387505,-25.39772634279393,-26.409659622287656,-27.31114920483848
110303.52+115816.6,-23.076316930928787,-23.321955892793937,-23.64295947139169,-23.823497866628138,-24.191494129712204,-20.918719914040906,-22.75147053744284,-25.012187078652193,-25.426710127840064,-25.48352309644835,-25.683463045790237,-26.381420911023596
110312.93+414154.9,-24.011130124289416,-24.265643500254363,-24.79474865970259,-24.83557545056985,-24.94979035906123,-23.094717322507165,-23.723122693005962,-25.069099422460187,-25.68266161160779,-26.51583700137928,-27.63054454815826,-28.450968901422115
110327.43+294810.2,-24.403995663972392,-24.420673978174015,-24.68334462351858,-24.750017242983485,-24.839815819856977,-22.962770483138943,-24.21084146292327,-25.06160913284611,-25.341498557371253,-25.70552536084343,-26.080002238124578,-26.87563888339595
110402.00+205953.1,-21.624210641774045,-21.971047040488173,-22.424004497331488,-22.652344130194205,-22.55430560156347,-20.416929209828236,-21.122107016232953,-22.97289002979297,-23.716133367270974,-24.250812338809784,-24.121691462281753,-24.65917259545471
110409.63+122157.4,-23.733360848580908,-24.074854339876772,-24.172089866374453,-24.28868711861908,-24.416198293941267,-23.840610085489836,-23.803715075383813,-24.50685255927944,-25.209460031440095,-25.75891746853728,-26.42405865011812,-27.123208390567502
110411.40+223946.7,-22.93699836506534,-23.05947197120327,-23.24825357702642,-23.35980231051457,-23.626257540001276,-23.07270593856675,-22.93276117330699,-23.633737881561295,-23.87425231385247,-24.430630871749067,-24.778988011679253,-25.533906816905937
110527.26+671636.4,-22.960015936003828,-23.086368341155435,-23.268989982508778,-23.32631383192016,-23.583278437673687,-22.490885591148903,-22.678174577899444,-23.337517797859846,-23.703688384465515,-24.278799240092834,-24.988870767546693,-25.669718162391618
110535.66+310804.5,-23.765413116656845,-23.854113055977493,-24.22219461412827,-24.264915662877762,-24.394014351379365,-22.75180016240003,-23.354292488381468,-24.280880707268736,-24.2897939374424,-24.96702213362298,-25.694393540460126,-26.678183840160543
110539.64+041448.2,-23.339971233075143,-23.651748356734497,-24.187429502678846,-24.315685311751245,-24.55904301709138,-22.83848950090252,-23.128273724980634,-24.519565651494656,-24.49074995160529,-24.875046117671243,-25.10594314426445,-25.704687546625063
110539.81+342534.6,-25.134898625089978,-25.362482667389965,-25.706878953442423,-25.745371758071506,-25.888612176677928,-24.8069679069992,-24.733907654908307,-25.86115056787267,-26.26334940179331,-26.871953255734915,-27.53125798960778,-28.527577734173896
110606.88+253545.4,-21.128808119348395,-21.3041789082151,-21.613538106886466,-21.92212506812317,-21.762369900465245,-21.03587119476458,-20.882788967938268,-22.28940625215036,-22.41708693149354,-22.898261191768594,-23.403865065375374,-23.79119181209614
110628.80+114336.5,-23.909284709852987,-24.018473595299216,-24.414204605644382,-24.52787988467441,-24.72523124872953,-22.89156018836546,-23.79849628658083,-25.060520523928037,-25.2647772344243,-25.38139364545787,-26.085841512931694,-26.845066750422873
110631.77-005252.3,-24.653823784646963,-24.72937724277304,-24.87943430776751,-24.838495329735125,-25.07354701996092,-24.50396516968793,-24.670269268106058,-25.04460658183679,-25.193151832309876,-25.745111715728935,-26.43883711304982,-27.31064271562963
110704.52+320630.0,-21.859555017958755,-22.148289371613018,-22.819934975432318,-23.024923190560425,-22.955136758021876,-22.082162007042555,-21.78237443869038,-23.306299584576145,-23.64896602160314,-24.009466533819047,-24.51018788799447,-25.32783412515498
110705.74+105746.4,-23.812056780280358,-24.030972804502646,-24.414024756449248,-24.521313867942055,-24.631266839131726,-23.4617731112157,-23.42566611226881,-24.428921813362983,-24.733671040851643,-24.952000624953,-25.92403260078939,-26.749447548728448
110715.04+162802.2,-24.717802627773544,-25.035606709465107,-25.40259160363784,-25.454464619686533,-25.635155286188617,-24.685551475638327,-24.93896110256021,-25.99161597269415,-26.221737273497244,-26.426596078011443,-26.37621541124642,-27.28709711730407
110748.06+150210.5,-22.95358581168884,-23.140788970673285,-23.756814541751602,-23.88778340671012,-24.388315042025386,-21.81312616667979,-22.34342459476641,-24.590285355290078,-24.972353533857067,-25.487668674156843,-25.338496617513695,-25.78280839694142
110913.60+044503.0,-22.917889478313402,-23.413157843258844,-23.741951637741007,-23.861279009246424,-23.97760484733658,-21.601731388769842,-22.394045754339736,-24.268716299629013,-24.93147379341955,-25.050666844767782,-25.90645399551615,-26.826109563159402
110931.16+353025.8,-24.726161031086935,-24.984229981823628,-25.33768456117139,-25.576459505972547,-25.735372116298223,-19.80937626106589,-23.652721053424493,-25.606315024427172,-25.414788726576337,-25.75926572879089,-26.754530657862123,-27.57078248320317
111013.79+523607.2,-24.300979875301742,-24.521559314789304,-24.84807936160329,-25.0374795808668,-25.334544822182465,-21.726423405326514,-23.922788357412905,-25.515076186926503,-25.47035835817313,-26.108314222853107,-27.014270948486956,-27.964884963758575
111016.67+375501.3,-21.409106806821214,-22.232190912529546,-22.809829934250512,-23.053870794110786,-23.113894299821457,-18.13013013664714,-19.586347714609776,-23.260255963933425,-23.69025002882255,-24.032034198501005,-24.773817718968566,-25.55601462784983
111017.86+040411.4,-23.409350427979675,-23.605891103206737,-23.87038522070846,-24.043520776671055,-24.190268798934532,-23.18174399775427,-23.149205838749648,-24.009901552431597,-24.691181268652294,-25.169817130586377,-25.746267388988034,-26.465367080699785
111114.90-013949.6,-22.69346653958975,-23.381472923559436,-23.939043812655797,-24.316712204737073,-24.649283152539013,-17.65491032665457,-22.554058075505797,-25.44211275244954,-24.887897082859567,-25.562630703503665,-26.512826695290425,-27.314583079307948
111138.65+575030.0,-23.339833829738833,-23.52922354870081,-23.935189729329096,-24.012621874455807,-24.143467361142882,-23.11559235129531,-23.121391969869453,-23.81668843498789,-24.089688102500542,-24.45139549980041,-24.896065169734904,-25.829257313219934
111206.94+352741.2,-24.66379361663919,-24.769903380782754,-25.086885581726563,-25.178099933152918,-25.32626248515968,-21.939143302299644,-24.620618671304808,-25.490661863660005,-25.050171135391242,-25.80497277143934,-26.335265420828055,-27.282572823576817
111239.11+353928.2,-23.821088466083182,-24.021832053591044,-24.255603512038906,-24.293224109358146,-24.42292521038568,-24.060224468970556,-23.945298054680485,-24.71200896816848,-24.736138233787653,-25.127041118226305,-25.94997309049519,-27.003591946759038
111307.45+253108.2,-24.479525530455312,-24.55769256476207,-24.837333369502396,-24.90580793921867,-25.003037942522717,-23.891607839944776,-24.316764701411795,-25.208487985382423,-25.210827786472624,-25.583433987088917,-26.421780548251018,-27.366209090124844
111320.62+641053.5,-23.648994392811286,-23.99861541186117,-24.33643165383227,-24.45688975167217,-24.609371982677985,-23.129888240556124,-23.2131580377215,-24.730027720871604,-25.30844719368643,-25.91695956847534,-26.602941412352283,-27.534486576969556
111320.83+462026.3,-22.060359489595065,-22.047335509956255,-22.276754267851178,-22.538216546205586,-22.951377819833073,-22.16459566038617,-22.18952160438705,-23.48436833940707,-23.754781337768577,-24.194339335839196,-24.41383339469994,-24.981450281223044
111324.04+044029.1,-22.928881567814024,-23.158799869357463,-23.348042895808085,-23.43602343359897,-23.697008238177972,-22.43945518259877,-22.48769366666473,-24.168166980602226,-24.20957687546549,-24.546030911089776,-25.233786182793747,-26.084818413611774
111357.36+425326.3,-23.52268002238585,-23.67647241101044,-23.99688989991669,-23.989069910387748,-24.18099837196486,-23.34013222455834,-23.36202546959442,-24.142107137569365,-24.444951362078054,-25.019281766730444,-25.83491909387255,-26.647799426227497
111359.73+350306.8,-22.966342383023044,-23.239396931949628,-23.63323564617119,-23.737731256115897,-23.983734728850425,-23.13842134556545,-23.133058907518844,-23.928706953728184,-24.322129124126334,-25.13157702033218,-25.94677918575998,-26.789863920012746
111432.16+632755.3,-21.342705492388003,-22.03006364797686,-22.795513040409983,-23.193035321583782,-23.612540160659414,-19.926883650058983,-20.38966640713985,-24.364841311015482,-24.834731653187305,-25.32274193168863,-26.1020777058469,-27.013896446538535
111438.71+403720.3,-24.390168755817488,-24.618089257455463,-24.99164858671822,-24.99850947165688,-25.18138973707242,-23.80256684943801,-24.197509594707984,-25.427959066600085,-25.067405636608978,-25.897976722216555,-26.202785051258015,-27.023734046213676
111438.89+324133.5,-18.1324797128697,-20.49998317077818,-22.462764545565985,-23.382844938409818,-23.753000630615592,-17.04319113749973,-17.746900674179454,-24.559942037657272,-25.347368704199397,-26.15514119429361,-27.036398410105484,-27.548538153342893
111455.75+423212.3,-20.495770652419008,-21.340748673868973,-22.129112077965946,-22.48122861463166,-22.784261731934684,-21.57391526161084,-22.17351215464847,-23.521041979032287,-24.071882193347218,-24.605958527312353,-25.197381012095647,-25.796094505102904
111458.11+511738.4,-24.435194543890244,-24.590871484456937,-24.917243357272582,-24.98022942643806,-25.09061428502658,-24.476011977500622,-24.10486549571555,-25.00137596827709,-24.67642350428106,-25.62457031361846,-26.62130225856729,-27.59207631802709
111504.22+251100.3,-24.75594992906991,-24.82689980711569,-25.113515044269953,-25.247169228572044,-25.529991286799905,-20.15329093991401,-24.50797460715806,-25.605485064064325,-25.76689387348948,-25.968638635054656,-27.066020405962796,-28.125708434984855
111506.01+424948.8,-22.89746781255918,-23.04147923903222,-23.25995357691256,-23.303357693772178,-23.510413066255985,-22.529857250873377,-22.895438902119345,-23.64949855653245,-24.221694806255968,-24.873216904474937,-25.855178469022746,-26.440980964572308
111507.65+023757.5,-24.09647274568058,-24.26162916301651,-24.569908534171255,-24.664288960911605,-24.7894405097438,-23.928030026154683,-23.686389220587145,-24.762762816935375,-25.13481645538388,-25.667413763663795,-26.15953837818356,-26.892957840634587
111523.70+615654.0,-24.005442345724614,-24.190842227518875,-24.601177083710244,-24.75656480566266,-24.824717940066783,-22.976063700948014,-23.539203976184606,-24.829263567322734,-25.20258554180779,-24.54667376177017,-25.896749604865995,-26.80416798419734
111527.15+222539.9,-23.2672883733235,-23.281763628089863,-23.4681311929531,-23.41854835829688,-23.62884542678197,-23.402354409605028,-23.419789669470354,-23.598178315718137,-24.45857168416571,-24.475349851945655,-24.94845606188839,-25.685009391599127
111537.94+542725.3,-22.392693807530613,-22.585779586640914,-22.990891294029286,-23.160092451306944,-23.432257075010494,-21.93110598805427,-22.687467077896848,-23.969862526255376,-23.862800268275308,-24.449839967289318,-24.933881098555172,-25.671194570150636
111603.13+020852.2,-22.83620459539144,-22.873259641009344,-23.116844078927556,-23.172956451350846,-23.149428234074993,-22.32537630777069,-22.76367479711523,-23.731593780186905,-24.351537854190436,-24.96415572434428,-25.58659345025805,-26.058095745897436
111706.39+441333.3,-22.82111869210126,-23.082628534817207,-23.374334366325296,-23.59060492941553,-23.406738329311374,-20.78291817959515,-21.39762287596684,-23.88059937006005,-24.160061693967137,-24.831732943396137,-25.545456944235884,-26.097807790563895
111711.27+293414.5,-23.641732700524823,-23.69587837429878,-23.879522670470823,-23.947842139376743,-24.10419334872237,-23.99617654996125,-23.562283289640128,-24.671139531366524,-25.14438942803133,-25.42752413836051,-25.723886362372323,-26.480513967586518
111712.84+242214.5,-22.36764998298482,-22.432701232661266,-22.666613032169362,-22.827127110602625,-22.92128821245002,-22.097681216998488,-22.152408213522804,-23.370966473392425,-23.712828385344697,-24.189534325945985,-24.42691721448861,-25.00883204592006
111724.57+153800.5,-23.951921205809064,-24.106916084189198,-24.53463733321524,-24.713540837436607,-25.074841372879384,-22.990122061263815,-23.295029003246448,-24.905034191954012,-25.400221727088475,-26.02783792588812,-26.53293516958473,-27.53295104073147
111732.16+364047.2,-23.468749242729118,-24.080434495184374,-24.75236121232945,-24.988257225949557,-25.221482160667385,-20.299603319828623,-22.500034064438793,-25.469452667686657,-25.405563750119782,-25.84544943336967,-26.706545458931707,-27.579721709248485
111740.48+530151.2,-21.523851873922556,-21.658630275689816,-21.8811927455516,-21.845959614242773,-21.963788382264333,-21.15467428171675,-21.423337411503027,-22.349378379006836,-23.04221405303973,-23.487496442930897,-23.807284233644516,-24.292839165929593
111755.73+070727.8,-23.44327322838247,-23.630378325247083,-23.930776066965866,-23.965714218416675,-24.128808389124785,-23.155924478711107,-23.389070013152967,-24.0152633520876,-24.563139800100853,-24.895240316610604,-25.742549134740216,-26.642654249957825
111816.35+173846.0,-23.789365255057643,-24.263997912540614,-24.859019360986338,-25.196595571717538,-25.52339985359555,-21.839895069567923,-23.040325576239823,-25.434972205397877,-25.398856021898386,-25.83241672500444,-25.967936803866063,-26.562712289858673
111830.28+402554.0,-23.148273311665147,-23.21938138544577,-23.32707793066263,-23.441733695736637,-23.35547558936041,-22.8517473909803,-23.048927541674225,-23.553870906210868,-24.042822738829223,-24.56009535236827,-25.102326936215405,-25.442881087499554
111908.67+211917.9,-25.011006750823846,-25.00649342243265,-25.093208540622282,-25.261120806457736,-25.07350189905681,-24.52806266771811,-24.670717560903952,-24.90632009449473,-25.435333562033872,-26.070218973289656,-26.964174890741635,-27.372804274242455
111908.72+254505.1,-24.275972850494924,-24.420228900742533,-24.673342935455885,-24.647116163101117,-24.836318495281187,-24.110772796369254,-24.035709441140664,-24.35790338954939,-24.650473453195467,-25.157874727961804,-25.857800624321875,-26.763894698841415
111909.51+153216.4,-24.3968938543232,-24.730617783459138,-24.92956525492548,-25.157582965672773,-25.329513385973595,-21.78863982164877,-22.945151643413457,-25.23872076771648,-25.620062882620388,-26.067756289203853,-26.702350964965408,-27.64374897943415
111915.10+482357.1,-23.82963518476852,-24.00841340340951,-24.19979969975297,-24.223531770434633,-24.506583529494243,-23.97550161079999,-23.918775820091867,-24.31816958667359,-24.77367721648402,-24.954830229192712,-25.8927802352044,-26.803129009831835
111915.46+215247.8,-21.82818402937625,-22.4498409630234,-23.147255038051586,-23.39251647359272,-23.613944118008998,-18.525857376525778,-16.75623399511519,-23.867078999886022,-24.165217315180264,-24.819033796229476,-25.189343887152138,-25.994686564079384
111916.12+110107.1,-22.993965940898864,-23.37402029626855,-23.832661677470476,-23.911249561993003,-24.29251006337023,-21.295770476220987,-21.502424338136866,-24.23395973237441,-24.68886996475723,-25.154961455194197,-25.8242401604197,-26.67063667837538
111930.31+222649.3,-22.904738540165642,-23.018364770081586,-23.1004186486632,-23.203205476318246,-23.538368660816616,-23.525373586239642,-23.508932955397903,-24.221016289224615,-24.604960502930155,-25.239499998640046,-25.69916604284542,-26.533102381360617
111941.12+595108.7,-23.477196307430788,-23.682580730637678,-24.096117323404044,-24.117607446054432,-24.24228080525629,-23.333429971305513,-23.089119991875588,-24.17354109382056,-24.780249146676336,-25.167178558666457,-25.895861368871667,-26.685511414735842
111947.60+233539.5,-20.745534241298447,-20.93713973888284,-21.327704565863357,-21.55250159552228,-21.3856061495213,-19.803202544747318,-20.050051767640685,-21.319192125158313,-21.614624871846747,-21.578209342873496,-22.392355694855556,-22.623586198911696
111947.94+520553.0,-23.092948722139347,-23.1666229412931,-23.38323991940454,-23.44370280093376,-23.68834004271738,-22.838358384991984,-23.04869238996476,-23.82865650969915,-24.095639679164602,-24.820054543260852,-25.398018202922728,-26.038964735132726
111955.86+562910.2,-23.925229988888315,-24.019287788289105,-24.417559177884772,-24.53324589510872,-24.640404684932808,-23.251584496572992,-23.740143624667436,-24.627080087923108,-24.944038055474323,-25.458906753735196,-26.04664003793051,-26.921553189698468
112004.99+041323.3,-23.992381702878472,-24.155807203639608,-24.536627928548313,-24.616396398927716,-24.746768561040252,-24.092995444732832,-23.9781818056617,-24.544489970431698,-24.801799659771845,-25.500227428061223,-26.257484982972954,-27.120989184190183
112007.43+423551.3,-22.294823250859007,-22.469366780707222,-22.713178665988814,-23.03140485495362,-22.885453715473574,-22.015739533912672,-22.136190271588905,-22.75479849955565,-22.90331321442017,-23.28451479782525,-23.933853777928814,-24.489790844231635
112015.89+660744.1,-22.3698311672153,-22.58739086175179,-22.97842135744194,-23.10820478293423,-23.354425952500613,-21.689860346852246,-21.764980103693457,-23.52003566651051,-24.209804626429637,-24.641763950263936,-24.326812874512616,-25.11068614739132
112021.13+404517.2,-24.231118391688938,-24.425612479525867,-24.870768273570736,-24.97471189122168,-25.162073159268715,-23.660720924937642,-23.65879406106134,-24.570657081966576,-24.52790825181726,-24.96686918552048,-26.12426056785518,-26.986118981805596
112021.37+110434.7,-24.223520890494733,-24.379136371398566,-24.553108477344765,-24.5952910223689,-24.807842999017886,-24.039505986056934,-24.170612480036656,-24.508003792902695,-25.10328137051495,-25.57826513469924,-26.31344879742434,-27.142490065606797
112048.06+421212.4,-24.835360136148847,-24.89937639461319,-25.339361444019055,-25.659304794716107,-25.841329421939964,-24.340558190693375,-24.58645449416342,-25.396847510753123,-25.912511640582682,-26.45557145781086,-27.068466878740825,-27.41192398205235
112108.58+535121.0,-21.290524488114325,-21.84476174046789,-22.46028775097273,-22.67032297592973,-22.70320992619355,-19.067581033063394,-20.224988595442998,-23.121821660924724,-23.703770536943768,-24.225295069434203,-24.89073775251544,-25.276425751093033
112119.90+004307.9,-23.122622318238918,-23.31009031355994,-23.768554595084193,-23.911640676354846,-24.14454402864186,-22.39797565274519,-22.639456861956756,-24.16948770549948,-24.373953650987705,-24.977633732324055,-25.43720137923979,-26.17500692775084
112155.44+033858.1,-24.25162121768311,-24.299604767245356,-24.604676653966894,-24.7956584476252,-24.97999570735437,-23.655036943430225,-23.926379939516885,-24.88484864702681,-25.013630838372666,-25.752462419204832,-26.41332136576671,-27.280348812550834
112158.36+651716.2,-23.666648820792027,-23.955313817706276,-24.375178687229006,-24.409672521867712,-24.551464016572712,-21.371225871269704,-22.03670308002914,-24.35902947614486,-24.600555038254807,-25.030638114183184,-25.807003026294808,-26.751386538009967
112209.46+192204.8,-24.141162915339496,-24.2843338266962,-24.70213513594035,-24.77533621897912,-24.89591617503728,-22.91486767221591,-23.864245332889592,-25.041762308182097,-25.041433550261566,-25.74814707763655,-26.360263586891808,-27.337443265249703
112211.55+423709.4,-25.114566652396878,-25.188507154991818,-25.363141982156954,-25.370066754812466,-25.481054825402644,-24.14542737456577,-24.836338671489415,-25.79934660121523,-26.08172096870727,-26.343566556808646,-27.122510328658322,-28.014835717228113
112224.15+031802.6,-23.182767106651735,-23.457865124598772,-23.934421852668304,-23.993135867482472,-24.116294078476017,-23.128725062145648,-22.996765627277906,-24.09064395845515,-24.517604880095853,-25.22407144911702,-25.748243392433594,-26.528215515485062
112252.50+595133.5,-23.082861737637618,-23.26628105585902,-23.49648736808903,-23.64291875434125,-23.542516909275307,-21.45789860738034,-22.657778668595505,-23.587440669989274,-23.773662346892298,-24.351516962433507,-24.89264983244895,-25.467008014941268
112318.08+284945.6,-22.11493387947528,-22.435182335284654,-22.781730782262443,-22.790748693615654,-23.081403404045965,-21.63256289962016,-22.115625169154775,-23.28154593436133,-23.605656225170108,-24.026926964544817,-24.91718882317821,-25.59050089675215
112321.33+541118.4,-24.943396794016547,-24.890649039584336,-25.07089847023275,-25.19630818882297,-25.319938376182076,-22.610767124804127,-24.29155343785866,-25.195617343338323,-25.695837178631145,-25.666600984138398,-26.063851408815484,-26.946504143597053
112417.79+602026.7,-21.469034228671322,-21.591978899754523,-21.869487529225566,-22.040574793085224,-21.909919581412744,-21.308956906831998,-21.559094594131988,-22.159946541731777,-22.653360930811818,-23.01727087579388,-23.72593704387127,-24.171291490522627
112439.18+420145.0,-23.602116596125793,-23.887982453562262,-24.06038357677702,-24.220838223871326,-24.064369242152715,-23.39766715212468,-23.508173000713278,-23.88805685188168,-24.28505317399906,-24.903665495026168,-25.346559502976174,-25.855162669457528
112503.68+251302.3,-22.93211917691939,-23.045262262303304,-23.279803338324122,-23.27926887781387,-23.436075429621006,-22.979942054147365,-23.213481950250724,-23.538561948092106,-23.959550774201197,-24.543351443632073,-24.99881276028978,-25.543326791163043
112511.72+565503.1,-23.563181129979636,-23.747078149905324,-24.036466160857128,-24.153686877454895,-24.254745158493762,-23.782527327554863,-23.758652619358678,-24.436618095733397,-24.64763800213938,-24.951743754317295,-26.180252408778955,-27.051443855340594
112540.84+412231.6,-22.112225869589608,-22.10991961225337,-22.3613565317007,-22.59543717247212,-22.458189848774918,-21.800435600783114,-21.865258138210873,-22.740618058668517,-23.32866079383384,-23.73291982326714,-24.479280641422505,-24.952784369173102
112621.25+343628.9,-23.47836505350241,-23.6692007436668,-23.95451094236121,-24.01184547688284,-24.181383252366555,-20.94326924055064,-22.498031900101065,-24.47990032176296,-24.31544200250002,-24.70079591751761,-25.17209588569387,-26.02647124688429
112624.58+414155.7,-22.665345938042158,-22.97454984129384,-23.313034910815745,-23.43714884150098,-23.69741073882031,-22.041545459860615,-22.45726420635265,-23.970403713844462,-23.994543528467375,-24.365732673616687,-25.16518688165598,-26.053529357933275
112633.02+273853.9,-22.7643159914232,-22.953922393918926,-23.386529254167513,-23.415238778296782,-23.639934643642867,-22.538045141821634,-22.829815049458002,-23.722885430363856,-24.141742886487844,-24.709931262724364,-25.597805998567456,-26.41245370039274
112643.01+154554.8,-23.909444335964448,-24.134647154566174,-24.49996781686846,-24.539159981023396,-24.716479304532662,-23.771908687807134,-23.94414294011983,-24.779498727051582,-25.470043616683707,-25.974652320996107,-26.804213561970318,-27.684192561573077
112703.53+612349.3,-23.23949612548781,-23.51657279279288,-24.020206902675884,-24.40203277331661,-24.67523876376042,-22.657549613306095,-23.28356710295482,-25.236439002647792,-25.029608362461623,-25.693331454481186,-26.46255789038122,-27.33291225199668
112707.67+035825.1,-24.155652562668983,-24.21769934098605,-24.463216832755023,-24.45635729200118,-24.593632947422858,-24.25081545693141,-24.123955458360676,-24.376461513127268,-24.617578789063867,-25.283722527555668,-26.394431072646864,-27.252850190463953
112724.46+454620.9,-22.877172401852167,-23.018043946826513,-23.24606532704635,-23.24092578356772,-23.521039337828892,-21.941015136044136,-22.231452002474384,-23.103513094064564,-23.84174039278166,-24.45211858836028,-24.833130761694665,-25.73317368659518
112736.38+265450.5,-23.57487354959684,-23.80472542171015,-24.274693226374488,-24.368696127650942,-24.480136272434027,-23.457966553481977,-23.42873319178789,-24.200190399402825,-24.355066780211146,-24.91142070521033,-25.484788508778607,-26.303241748568684
112747.56+455345.1,-23.507299202234883,-23.667788599786874,-23.948682547499903,-23.961012732938226,-24.125595395186657,-22.39276279350601,-22.546044795803677,-24.025410707532156,-24.57831749233511,-24.9428546508177,-25.503162592346346,-26.4073516030392
112753.14+320437.6,-23.615082869847466,-23.857966526882784,-24.31047834674639,-24.51075323513869,-24.72876507618836,-22.778882360427325,-23.25766422552635,-24.860934229895864,-25.20411293994011,-24.92077858017428,-25.11359690706826,-25.85013542822075
112756.76+115427.1,-24.034554016473717,-24.204989253949464,-24.564768224380046,-24.647280532253813,-24.755910037195083,-23.978145039054716,-23.83335968583706,-24.757615914397647,-25.311552906450633,-25.878833482573548,-26.711951897766287,-27.603809458108152
112822.41+482310.1,-22.823540673641013,-23.41127852492809,-24.081636791726726,-24.35965454975771,-24.66390497686604,-19.396459671743884,-21.171372041510363,-24.728925163125467,-25.028042995277072,-25.649314013999177,-26.08624533007199,-26.91033157191828
112843.08+462529.2,-24.64496732406428,-24.756093269722363,-25.122951994004037,-25.30474700049753,-25.502052228680288,-22.883989067833063,-24.502350774509896,-25.58432828275415,-25.540145908221866,-25.835618474651568,-26.472747412081066,-27.347312346038436
112946.01-012140.5,-23.8044305428344,-24.14866838271559,-24.493879695402306,-24.521922410243647,-24.729104418235345,-23.610173099320992,-24.209811849809427,-25.02757472355919,-25.300502186132707,-25.32277782919664,-25.785123576636725,-26.546659516420185
113020.40+422204.2,-23.582533307589184,-23.817084658990975,-24.351705956616716,-24.566102416864407,-24.699021249858607,-19.537236149664853,-22.908114822347382,-25.28518048247185,-25.30974376316884,-25.873614300002224,-25.44601511421388,-25.8631358495489
113020.99+022211.5,-22.25538251838601,-22.28951827105872,-22.510372214003798,-22.77620239032822,-22.767601750391865,-21.277516466714484,-21.221077159212808,-22.980293483951797,-23.41110573570548,-23.99662576616281,-24.05548120881962,-24.690517027434645
113039.19+431434.2,-23.17571003243541,-23.308836891937823,-23.568587924639452,-23.577742811883223,-23.73131499442084,-22.726476827604962,-22.95680038625894,-23.872456650132236,-24.078141671953606,-24.955713555206287,-25.032541651579827,-25.96332055791659
113055.99-065728.1,-21.73162855777644,-22.569652741831916,-23.3745414879524,-23.830863007106693,-24.103117763598654,-19.574776857933053,-20.738004661293928,-24.169449658252084,-24.80558379624567,-25.65812055603557,-26.508357395794135,-27.40282274383309
113105.07+610405.1,-22.897564410931004,-23.017446183688634,-23.219346213812567,-23.332475482395814,-23.418182999872645,-21.986795888727404,-22.48355875085093,-23.600471359786045,-24.098126735044456,-24.351467267129845,-25.2939234939352,-25.91354764134246
113109.24+263207.8,-23.016922903837195,-23.04510944071548,-23.20229088543437,-23.342415834259537,-23.299891296892618,-23.111126535028287,-23.233984930206983,-23.995883268167702,-24.213064014256837,-24.839862815818318,-25.15108582990238,-25.732762017944157
113109.48+311405.4,-24.103834376236662,-24.28783076557292,-24.378909614128485,-24.51535465369812,-24.652210650424546,-23.840341230746482,-23.80821685108572,-24.815910135106783,-24.9646908343929,-25.339234478214568,-25.781595948886466,-26.371138425998616
113111.60+251949.8,-23.907675623010466,-24.02204393283243,-24.247042247142375,-24.23970590636073,-24.442152692097924,-23.569469120294027,-23.573498259017782,-24.490955644066485,-24.811032398575524,-25.369980241712483,-25.83986904983588,-26.598182346634076
113113.62+613210.9,-22.41295915334806,-22.65929831119566,-23.05487303561105,-23.139399803096037,-23.164793737860187,-22.245002840055943,-22.419539544778406,-23.500989024554606,-24.288543471900798,-25.052212455965254,-25.475153798626348,-26.25751619390806
113132.36+501026.6,-22.082494501595455,-22.939098029311204,-23.696339556612593,-24.000005104660598,-24.46469387398009,-20.331576665557908,-20.58009143652966,-24.334222445704878,-24.674737476095714,-25.622090306340247,-26.595144187739994,-27.62814025323923
113144.56+290708.7,-22.97208726309147,-23.111710896140398,-23.356926414200604,-23.36021396633588,-23.47369123979729,-22.574782657060428,-22.718463052535135,-23.80858682615629,-24.0241884866187,-24.40343928205294,-24.90502992637201,-25.680752524336317
113210.55+133509.2,-21.912696962078307,-22.15440593815854,-22.374773640443216,-22.591836005250837,-22.614814994564778,-21.991910198747128,-22.193498559116122,-23.213155381811816,-23.73108751979144,-24.12945850339547,-24.689999697185954,-25.27384775225136
113219.12+373752.1,-22.91848391823122,-23.056071197434466,-23.239003943217792,-23.28231309673116,-23.50584014704474,-22.87196184661265,-22.84014438451326,-23.907327549479138,-24.039126564125436,-24.76040958152669,-25.18204540893588,-26.099873913129784
113230.09-024620.9,-22.928009158405416,-23.07974885767701,-23.342424584821956,-23.474496154744635,-23.477567826184476,-17.04790614751456,-20.326278221831146,-23.69355890789815,-24.32054787843775,-24.858845932951947,-25.263164039691095,-26.02141327817223
113245.23+244840.5,-23.11611641366159,-23.36980535620046,-23.826173130143253,-24.07326944590877,-24.370951404000724,-22.108761538443,-22.627558704372206,-24.421295337406224,-24.358013391716767,-24.880316429216496,-25.24044145734695,-26.039066031184905
113246.88+211913.3,-23.802753038337826,-24.229252726669056,-24.84421886442309,-25.18333793934271,-25.43250384872841,-19.397459014814494,-19.151916355718935,-25.90020571852348,-26.01392921538403,-25.958051668469444,-26.687237405032825,-27.46087980638356
113252.60+195923.6,-23.568948541285646,-24.017377899793175,-24.6231913873818,-24.88113766748955,-25.137350951123988,-22.30347747840239,-23.191303412849695,-25.33040497696487,-25.48404936786566,-25.52384915909522,-26.621772182048833,-27.58735858672851
113259.49+102342.2,-24.134296075307383,-24.323090607262692,-24.594823208297775,-24.650581258271334,-24.82488542414167,-23.640073232886916,-23.78670787869386,-24.87991067087936,-25.161602030711204,-25.559414308899655,-26.15642694041511,-27.071227928516812
113312.83+401029.0,-21.960771506273137,-22.097629553206747,-22.25181527676165,-22.4120238860461,-22.535758676233744,-21.881895787383396,-21.982101853947825,-22.58613867257487,-23.075464979836084,-23.40849173040926,-24.010477843636643,-24.604878511214377
113321.24+130643.1,-23.69321585102658,-23.898255716838126,-24.3313647953246,-24.51913676662423,-24.656598943690856,-22.270606287006505,-23.551281442608786,-24.716240624722694,-24.59360080685329,-25.260307341772364,-25.980456215148568,-26.85665877082598
113325.77+242327.8,-23.54809059335539,-23.68145769413687,-23.882933195389626,-23.87985326847534,-24.120316472935492,-23.16179309738573,-23.366655058423373,-24.332142713582474,-24.506385089335517,-25.34647892904989,-25.56626601850757,-26.468972451499987
113327.78+032719.1,-23.59608527305936,-23.739749997990078,-23.964321388014096,-24.044990517944065,-24.228896063386284,-23.095768634895908,-23.185725563246827,-24.554107270422545,-24.982254445691982,-25.41872133187871,-25.5742498124122,-26.433980251587034
113330.30+105223.3,-24.96225087440407,-25.13833658996244,-25.423721307628448,-25.40659042115628,-25.56012755177919,-24.2549285285995,-24.423499050695025,-25.15759238784179,-25.5324816693514,-25.960402945017623,-26.866521957910056,-27.772346111508845
113331.00+564542.6,-23.83241674978457,-24.00461794105764,-24.362267575536023,-24.548084685676532,-24.64029258821561,-23.420085035430386,-23.91217762390275,-24.593467005951442,-25.104390472957732,-25.39773117717399,-26.350869868218354,-27.228055286213564
113335.44+093901.5,-23.741147413396753,-23.886699395449128,-24.171005479946377,-24.16004875028249,-24.284810152070023,-23.006835951393494,-23.48229880339097,-24.058915824810402,-24.397093936530997,-25.101162930468607,-25.65505272662461,-26.479177749329807
113338.63+220026.8,-23.26892743092327,-23.75933534762687,-24.176647604004017,-24.29015398193901,-24.472707259610388,-21.573945305007957,-22.3981592141047,-24.5544116766559,-24.567279711904245,-25.603300496167634,-26.378972578602212,-27.32133250838683
113342.78+353135.4,-21.52188947239285,-21.77935585387094,-22.118249228957577,-22.33794978696695,-22.24490873530564,-21.14866695467146,-21.62062739058119,-22.757425634393538,-23.51377755670255,-23.94496782071035,-24.507232848610293,-24.924801063573963
113401.98+060640.5,-23.71969781835195,-23.80197795907877,-24.056122534791744,-24.08298873758061,-24.329859689478667,-23.210863050029097,-23.216180474986142,-23.964954885335025,-24.341873190192974,-24.932064451890795,-25.130062828979458,-25.71895880617746
113427.80+414722.0,-23.67259150080794,-24.014453406828927,-24.364858361283606,-24.392917229759114,-24.59314306727433,-22.17343489685345,-23.296652527607073,-24.92332204324754,-25.011500845693323,-25.30288312514734,-25.837746023758104,-26.833865466202855
113432.29-005548.1,-22.01611755123565,-22.013590582014793,-22.242169955077912,-22.384532622757305,-22.505197709557283,-21.63076945375223,-21.88461368925046,-23.034057098182572,-23.611617236008517,-24.258345966372296,-24.74113387117639,-25.324544439418638
113517.40+581258.7,-21.1371952783762,-21.765265172410945,-22.27839950069071,-22.517427443504875,-22.772728010722563,-20.56386193018863,-21.033074039401942,-22.732874511833003,-23.09845787860953,-22.910466559784656,-23.43618779034967,-23.95834485366495
113541.20+002235.2,-21.666742033742732,-21.788304401707435,-22.082526437531616,-22.253547200481872,-22.2997788205186,-20.769566530131055,-20.874525775672698,-22.426054506112788,-23.091850687187428,-23.598467494869794,-23.541806941253935,-23.878755492075907
113606.88+635154.1,-23.158900907849006,-23.55307371510057,-24.0393191596411,-24.218285417772513,-24.411245319735634,-20.540317432951824,-22.65065890324524,-24.944682891760035,-24.786119922732816,-25.30129548598979,-25.456398822233407,-26.216150400005482
113615.14+103430.8,-24.724840701725356,-24.881004523353205,-25.176064246929457,-25.230865430000303,-25.328172922545008,-25.046347520845497,-25.0487986560856,-25.309532535915906,-25.512203961036548,-26.051271383685823,-27.03773856344057,-27.85452445267849
113635.95+063113.6,-24.01926091690886,-24.20271905996176,-24.536748585293903,-24.585151697266305,-24.778688422747315,-23.701231175722747,-23.694028708849626,-24.71046944747969,-24.892900158365258,-25.07129252335873,-25.67498309315264,-26.561553347961862
113636.78+390004.9,-25.29804644590289,-25.518101329967003,-25.924732406220258,-26.193182889462793,-26.385653214210027,-22.161544290276602,-24.578443587468474,-26.619748290190103,-26.608309527806252,-26.863351100182125,-27.156956952679145,-28.023632112239678
113655.95+343236.9,-21.48238978878164,-21.92398491596234,-22.25495546295377,-22.391672569699637,-22.409721176795678,-20.41416477293238,-20.99416498655166,-22.912716203166227,-23.245452174514508,-23.983281434253158,-24.313646495215917,-24.697039421640813
113706.84+013947.9,-22.320563958448844,-22.378457153208526,-22.583972600330195,-22.973409474274764,-22.78168526476608,-22.535342295847386,-22.676764761036612,-23.183286797075052,-23.497255982043534,-23.96700345258317,-24.3893285810691,-24.801646167621254
113738.04+103930.1,-22.50112016731343,-22.734436872346834,-22.96336342629707,-23.00288129749026,-23.02024057933634,-21.63654033744823,-22.04766114781623,-23.138704686987758,-23.568994015341673,-24.135134299699153,-24.964507534154635,-25.688687211260905
113801.83+490506.4,-22.766285707922787,-22.996351744840624,-23.24495925091503,-23.282370421849794,-23.60117120386737,-21.555502852226148,-22.125181868543603,-23.44602850371765,-24.23804699054786,-24.503863937293303,-24.779509286670457,-25.461152911678457
113809.20+680738.6,-23.605495839765023,-23.84524300228392,-24.250713447926426,-24.394328426757284,-24.544485550051956,-23.273771745844126,-23.54079374800081,-24.58485202647978,-24.608016939326014,-25.01935221698287,-25.298479635055173,-26.111225509174158
113826.66+173324.6,-23.465662362820158,-23.608646743503385,-23.948066110779703,-24.010901476227534,-24.257129940445488,-23.389012537061845,-23.485351462659796,-24.24400046058978,-24.846560567832867,-25.22840027167441,-26.002310777805068,-26.59340915319902
113832.00+013426.8,-22.646303433323446,-22.801067436596785,-23.086762389159887,-23.226669334529774,-23.468357672920018,-22.505977263416842,-22.648996161233732,-23.90536229519863,-24.160049980584656,-24.422186118998617,-24.747898068921995,-25.34024214047114
113848.67+571417.6,-23.77880025023875,-23.952866148791827,-24.079156141431287,-24.12492467674126,-24.442541401945526,-23.81468571102172,-23.519166207483675,-24.23489371216467,-24.59666391100231,-25.050798700380845,-25.913701077982534,-26.774426283755837
113854.14+652109.7,-22.6783993884554,-22.88040231969997,-23.263873306881816,-23.35692714825736,-23.68418675674908,-22.050286854660726,-22.31534377709491,-24.141964791490484,-24.155829012698913,-24.879827901948822,-25.198646158943664,-25.921269624939647
113858.79+450338.5,-22.93387312863294,-22.96286874340114,-23.091877181873436,-23.21742180178562,-23.46175267094332,-17.164274391392443,-15.509488773757631,-23.442395998919572,-23.8524976811684,-24.328828204025875,-24.623134236368077,-25.253674829046698
113908.96+591154.7,-21.681513605516464,-21.619773985712506,-21.864520200119227,-21.80547473310743,-21.720114776562077,-21.29840137416738,-21.240098815524163,-20.993744220049926,-21.24133593067486,-21.608101956283768,-22.826332449925623,-23.333104826045428
113909.24+035432.5,-23.80045976879956,-23.78447737686733,-24.04756092045823,-23.97912137469606,-24.193368110600794,-23.54169072074413,-23.547107560137547,-24.322265266294913,-24.349113498888915,-25.018079681830503,-25.65362877413271,-26.730220390817372
113923.66+002301.6,-23.707393218473136,-23.90977690203571,-24.198524827423743,-24.26820871340566,-24.487443292382164,-22.241108667630826,-22.89890794490904,-24.00715802979637,-24.737658170250615,-25.026120124594737,-25.75585398094948,-26.689553544522255
113936.62+035311.6,-22.193164017221438,-22.3022896574658,-22.66752488058031,-22.725892183432194,-23.112731351032973,-22.39385798123699,-22.572163716813147,-23.08291487515146,-23.43763486793391,-23.974728080472048,-24.65521883730122,-25.279491694440782
113944.64+121436.0,-23.641551238373417,-23.864305025400384,-24.350308253092066,-24.509038091627414,-24.70212034257089,-22.84319385113451,-22.873148472819025,-24.786127333819003,-24.78863911655723,-25.527421379398465,-26.087940532560147,-26.90707962156779
113949.47+402048.5,-21.603240915612776,-22.312631478904958,-23.09446174811322,-23.288840340750536,-23.65270965118746,-20.350215636213367,-20.909610068631952,-23.300696867217706,-23.51629642165202,-24.219651630516886,-25.291970802859268,-25.918036592367784
114010.12+102928.1,-21.847420747843874,-22.158879258297365,-22.514302014395913,-22.745250071368464,-22.66677536910576,-20.93539911124534,-21.429110646460423,-23.06350696095597,-23.444354577150627,-24.000993303277284,-24.353731149636236,-24.83655217201129
114022.41+081519.3,-23.586107606559967,-23.89432481209356,-24.22498594866427,-24.28853689067779,-24.528892179006437,-22.709799029426005,-23.639587157521028,-24.960914054841222,-25.22174788835674,-25.781274721829007,-25.535324407268096,-26.340589127929714
114046.06+113649.5,-23.762920026505746,-23.959360777113005,-24.20547473238495,-24.262055949078132,-24.37026047029405,-23.73715982846534,-23.84598172625349,-24.63485041294789,-24.530623832050516,-25.470320691290265,-25.71667309860808,-26.556480016452372
114106.45+513237.6,-23.58929817062288,-23.691490145911736,-23.88035388208616,-24.02263313810299,-24.239104498500044,-23.30857217088031,-22.634465505992065,-23.9671779295301,-24.559251800418266,-24.833918448252515,-25.254109753749745,-26.05077879292793
114114.61-032623.8,-23.89036649399208,-24.11457637790742,-24.53678685308779,-24.705864503657846,-24.835717429710588,-22.04531228381991,-23.302459700352795,-25.118801228970298,-25.563245883324527,-25.924246189285032,-26.711455434381072,-27.642816117413826
114115.54+272615.6,-23.33862088965696,-23.495721187492062,-23.689669093985128,-23.69639149944155,-24.02750785350872,-22.75217172567802,-22.84402006603054,-24.34451609980617,-24.635674445973795,-24.987153129682685,-25.58957826013837,-26.310865697102496
114117.63-001250.3,-22.978099005308437,-23.167764661653095,-23.442823544050725,-23.486874164968075,-23.704242207928196,-22.48636939247861,-22.785147992679416,-23.56754382412814,-24.03684543434063,-24.771102042040116,-25.625061857909767,-26.48941691924222
114121.75+014803.5,-23.102701902348453,-23.18944844859821,-23.394106640362853,-23.415927994046136,-23.685338220133385,-23.338902234720273,-23.320278775539915,-23.833386290084402,-24.310917271118562,-24.905283466343246,-25.424044002763782,-26.183416819853925
114126.80+653622.3,-22.822959170059946,-23.29781695106122,-23.921271182761043,-24.208173532361034,-24.47060181848617,-19.38257896889201,-22.41196281214943,-24.58871443408135,-24.78881671598619,-25.44213412640821,-26.414062910800123,-27.31014092745673
114156.99+590348.2,-22.956593631437627,-22.945974504678276,-23.31615275406325,-23.324506008148617,-23.433289143215642,-22.83789394340406,-22.82196610780953,-23.34918168652335,-23.859635693056845,-24.591750236345327,-25.092157816951364,-25.867928709174294
114209.94+600436.0,-21.888031383551745,-22.011065587067133,-22.369851662049175,-22.482499717876017,-22.67101663593339,-21.69004818813994,-21.700567994162366,-23.4216671107792,-23.84039343835982,-24.332629038337977,-24.717068663544126,-25.42384669632457
114212.32+301613.3,-23.827786509504,-24.083015088512273,-24.459844625496096,-24.505339526929113,-24.705761805943574,-23.291371117523358,-23.365339740166764,-24.70090447414196,-25.064591844882234,-25.49058423276867,-26.40586158825548,-27.284307274800135
114212.62+263249.6,-24.399991074341422,-24.593508830294365,-24.94745528736014,-25.09390478385098,-25.21447941481303,-23.996315179044032,-24.13544358507122,-25.120480349217445,-25.347043787199667,-25.97357321091992,-26.786699009187,-27.721918450593236
114231.81+250338.2,-21.94780740009458,-22.132579557063334,-22.378214531859218,-22.513975300847367,-22.445724320873715,-21.898051333765896,-22.18198348073791,-22.978326927438193,-23.630930947614853,-24.271265611170715,-25.303256854845635,-25.641889390941163
114313.45+002937.7,-23.11109233014386,-23.457398201117396,-23.8345264475947,-23.87634575794644,-24.08731682040628,-22.47822337853645,-23.026276076235067,-24.539304122976997,-24.80035019474336,-25.382599473505078,-25.22985229790573,-25.989895874174568
114315.75+111351.7,-23.504323406803746,-23.680054470281952,-24.03733872842242,-24.07785171843963,-24.225532126491228,-23.441813437434696,-23.093684113951895,-24.413337123018668,-24.51718732435514,-25.119411064076633,-25.410261606573286,-26.269705190642398
114327.21+431145.9,-22.880670408261697,-22.95243383735074,-23.16572208266486,-23.264423009345272,-23.438461634716152,-22.737383803947854,-22.806019945446373,-23.60990973872164,-23.764499334789974,-24.380226100807096,-25.096043060873104,-25.733866424039157
114330.98+643248.5,-20.155519082263467,-20.38170843596098,-20.801141022025497,-20.907245595895063,-20.93508859666228,-19.532275585032753,-20.23395982127057,-21.564294186912736,-21.67053348147285,-22.177233142054185,-22.36935143014328,-22.641454316405177
114336.28+482543.0,-23.481567957469828,-23.65812168763537,-23.91303271160538,-24.008888469481153,-24.176303337397837,-23.102874267150913,-23.466770478612393,-24.337678917159067,-24.566667400740133,-25.286581042521796,-26.13906448603541,-27.056448553726682
114337.89+231502.4,-23.94006541959978,-24.202791377083557,-24.569062762576955,-24.681452866467723,-24.816247503531088,-24.044056901688023,-24.41767887580368,-25.24247476611044,-25.226648683820905,-25.349300893507998,-25.77275609977561,-26.4219264290123
114407.29+021038.7,-22.045034981284697,-22.20741545712174,-22.426403154202387,-22.68476756824153,-22.57221477973978,-21.758837611929092,-21.97036830897206,-22.693140389896737,-23.030504451108385,-23.62388628520582,-24.07913757398247,-24.416687070980014
114420.31+113500.8,-22.164280609219166,-23.280564582539544,-24.227548883055274,-24.50374101219659,-24.673308945635426,-18.58847382263868,-20.017195900884197,-25.155282114889104,-25.86654297489992,-26.645063641444835,-27.50186944822328,-28.07580781701612
114421.47+432206.0,-22.06347630631541,-22.135500973779603,-22.413151624362804,-22.710617252463198,-22.68704417147098,-21.974325369177375,-22.07892080106752,-22.818058041125862,-23.258808256143592,-23.759719436966925,-24.22516654062708,-24.597372758294107
114435.62+463757.5,-23.962113755434373,-24.244927823712455,-24.70333022650918,-24.968509838475295,-25.06302325613334,-23.63083142575126,-23.505917249505075,-24.930515606866447,-25.174714441325513,-25.565309164030136,-26.46258756804472,-27.382358891327346
114506.45+034204.7,-24.5722028948743,-24.801118126774004,-25.098592161067774,-25.351476886389943,-25.67811930641662,-21.47741502178753,-24.04768438999848,-25.79793703985548,-25.826101134545052,-26.474615036956006,-27.17320525350389,-28.173765484291515
114552.18+620633.6,-24.7052014189942,-24.805728612510478,-25.091452684044214,-25.252285954868707,-25.331223860712463,-24.499260513540126,-24.814763767281413,-25.435355598787606,-25.478119503448102,-25.897296108436244,-26.729406417339558,-27.692332143535992
114559.55+461309.1,-22.050456985858165,-22.134206201442797,-22.35172837799454,-22.669544278983434,-22.592962852230357,-20.682170351241886,-21.045727881161884,-23.086218983111998,-23.427582129402335,-23.807897280859795,-23.86151685718261,-24.234873530239895
114610.51+164946.1,-21.652001017801236,-16.781332634508015,-22.26063981111907,-18.987148085520854,-18.854703564490723,-23.769413666077167,-23.87721419552742,-24.525248408369198,-25.04527731594118,-25.049451586307928,-26.111982946461016,-26.65662277318839
114631.67+274624.1,-21.49722833974611,-22.189236201089454,-22.79629974645559,-23.044777014657967,-23.422003116773123,-20.126627247786775,-21.30989177825043,-23.712017748375704,-24.07070847604566,-24.089488300516322,-24.29586098080312,-25.003877206534156
114639.47+295404.5,-23.673869897998607,-23.885916485346794,-24.232397401685454,-24.277788833583706,-24.37581585583408,-22.724705761319168,-23.425149560669613,-24.30829166729097,-24.641785522997175,-24.865003901043256,-25.52159625356868,-26.341298748053152
114646.02+371511.7,-23.389451235019298,-23.476243914975647,-23.656624019740654,-23.627094481664194,-23.722547838349865,-22.99713623331489,-23.311156196159008,-23.979688221151807,-24.493785876619583,-25.114577728065782,-25.673103731849686,-26.220497214047374
114742.64+500001.1,-24.27681850976855,-24.357854412159558,-24.640589186539156,-24.696140336204028,-24.825534587075786,-22.655748475671274,-24.12857530267801,-24.818795603469663,-25.549339913602964,-25.480754610858444,-26.017048855780466,-26.97273587686785
114758.59+271459.3,-24.493740945075704,-24.63551384054665,-24.82235670944084,-24.858424387414548,-25.13907929765573,-24.13493766160422,-24.218859540538755,-24.81631129804326,-24.999046264333092,-25.361838769533314,-26.301219544011186,-27.049197117774526
114803.18+565411.4,-23.03114713582047,-23.284973063690696,-23.42862690617839,-23.53990135460299,-23.95781992568009,-23.425745307021717,-23.18174836651696,-23.409687932647863,-24.175158634911593,-24.241012336467232,-24.83723411165315,-25.55465882736291
114804.00+453428.2,-24.48242540396899,-24.510115021284943,-24.7405596080016,-24.7159926852708,-24.81537751445208,-23.79042941530718,-24.128466538876832,-24.711658910319898,-24.8814012443105,-25.461068447720468,-26.027749465100694,-27.005719337959007
114818.88+315410.1,-24.039976162951845,-24.141046979712808,-24.378248363445604,-24.359372509837353,-24.556794688123173,-24.24404820910213,-23.954927100458875,-24.201086795735577,-24.39197765029393,-25.095677442491027,-25.70070408264079,-26.585599332215466
114826.35+070036.9,-23.204867118501234,-23.34369809319602,-23.850980162122234,-23.926220922302306,-24.041561474621826,-23.58652184228641,-23.27322662906086,-24.092957115593734,-24.333920027442836,-24.971384247186716,-25.921317584698322,-26.815801345297025
114839.99+510937.2,-22.085017841752848,-22.292211864363708,-22.564706891694236,-22.648375305770013,-22.702318658721527,-21.150365504878028,-21.58522378670935,-23.095069483156486,-23.20720987504764,-23.149769963722765,-23.79714601550667,-24.435336124829494
114843.92+380136.7,-20.869946729975045,-21.734471633351596,-22.447734284838344,-22.825167060705446,-23.218125220949986,-18.03553807807345,-19.718890542698887,-23.82312259584328,-23.88366894514085,-24.484083724347297,-24.768543392465244,-25.430727389048826
114903.47+220424.3,-23.901601064712825,-24.10380795309021,-24.52225319491506,-24.679137687812702,-24.777497798407133,-23.590203579264035,-23.706000791419434,-24.780365727749732,-24.853534992114398,-24.728214623722934,-25.784841262567507,-26.66590270713694
114928.09+250808.2,-21.54490785596976,-22.668796774081287,-23.376949521755193,-23.70300830056758,-24.093778177893075,-19.871559516074473,-20.487197056140786,-24.573912867238192,-25.31977202066381,-25.736672299463304,-26.437507617939374,-27.258592647904965
114932.02+290919.8,-22.836289018359924,-22.996975987622925,-23.035752205698362,-23.074359345614862,-23.40578889720431,-22.55550491836626,-22.662241270275647,-23.44898820625371,-23.703025449572714,-24.223735149504556,-24.73086065729157,-25.492154321506245
115050.71+353149.1,-21.99228618096592,-22.10831352927792,-22.31901490609543,-22.437544992332878,-22.418227802441386,-20.881093007207564,-20.952638909315635,-22.595758550699003,-22.826759426979827,-23.331779484907432,-23.57257275847115,-24.04603173147571
115050.82+110725.9,-24.021745775945867,-24.264314792652783,-24.638034231660633,-24.7470253167058,-24.937016220874014,-22.92592634217003,-23.325775603109744,-25.2141675316182,-24.83150745628592,-25.168426498923047,-25.641402952743267,-26.39197647294534
115102.13+314643.7,-24.399669052200615,-24.451906070618577,-24.688670910769716,-24.720191267369255,-24.771291183851133,-24.29126966790392,-24.104018566999223,-24.183065676492465,-24.980491210673193,-25.523554793117754,-26.111543553394437,-26.899185836217924
115106.69+471157.7,-22.68520876135117,-23.116241979498493,-23.609441064058895,-23.60321069121546,-24.090360437478715,-22.015237281874878,-22.07485877703391,-24.096527561417595,-24.30157138595624,-24.769451251165105,-25.886005374477705,-26.683952196066148
115109.30+472855.6,-24.67256389767302,-24.876711471286793,-25.18621845180582,-25.275087138878757,-25.375973617982837,-23.58018356133712,-24.478625025168828,-25.717746332350867,-25.29512793069643,-25.945627708444533,-26.513073928109357,-27.285303200675795
115111.43+190800.5,-23.111457295687668,-23.243882582533097,-23.539706219322014,-23.550760130245845,-23.96016887704563,-21.96548559396133,-22.307823777775916,-24.01998279973092,-24.485863235221945,-25.04338146560181,-25.920706241386597,-26.76763070324404
115117.75+382221.5,-24.14983211335464,-24.747550815043365,-25.25098592521311,-25.42313808946578,-25.534070082561403,-21.19418750559561,-23.202683065002105,-25.47936067521057,-25.95100695760927,-26.630712648581635,-27.56363849842263,-28.31265504783809
115139.10+293840.1,-24.17881929419123,-24.29210889458731,-24.58152980651053,-24.624908096288003,-24.690349402353995,-24.19617165538517,-24.12555922276738,-24.6357234026945,-25.018844891536236,-25.431914697669832,-26.170781614380104,-27.08961842509999
115306.70+223629.6,-21.61931246205378,-21.88480518043392,-22.15881351568228,-22.27230951959732,-22.293898401235165,-21.356965807002197,-21.41950236893262,-22.405109976153483,-22.846860257661767,-22.89105606018647,-22.884223146522565,-23.322076425050334
115312.55+091402.3,-23.671514173995472,-23.889410041563384,-24.20733324954611,-24.315259408738726,-24.47859262302139,-23.479610318927666,-23.451821840660074,-24.906760761296137,-25.017055978881082,-25.806122553702885,-26.380228981752982,-27.22611084171131
115315.01+320223.9,-23.840303927083614,-23.91241008918848,-24.206951265041543,-24.239910823385937,-24.40812616867315,-24.293024132228318,-24.06779920853213,-23.87134553034993,-24.612391538044417,-25.05796157638221,-26.31141326286012,-27.163845932494677
115324.46+493108.7,-23.160341308847652,-23.124023283019447,-23.35751143095111,-23.504495415441617,-23.838191287116985,-23.279744162380926,-23.418242537000467,-24.084251398193235,-24.550386195662973,-25.25480801085781,-26.37910094483259,-27.143327346806544
115346.15+561935.2,-20.570368924092417,-20.78832300474147,-21.18485465978815,-21.21553876121459,-21.258975590035973,-20.15252575113935,-20.19589066474997,-21.43091377802411,-21.686554611408546,-22.03148854446426,-22.247995771365247,-22.477892680456566
115349.26+112830.4,-22.94079969380292,-23.006809695397457,-23.15565963401114,-23.458295473756056,-23.217355029253692,-22.68599160085972,-22.75501048450532,-23.62529902848771,-23.922498318160724,-24.52997226938347,-24.753307008133586,-25.284287561655606
115353.35+502633.9,-22.80129487274966,-23.18630630085115,-23.61419740507796,-23.727406206290667,-23.92285697109898,-20.25949868476493,-22.00775467543737,-24.429650910936598,-24.782296499758797,-24.904617182132395,-24.605854397636598,-25.132495297648376
115407.94+252145.3,-22.93125676210363,-22.965487239590075,-23.166662863989234,-23.264812875919716,-23.456637836989746,-22.699749913527505,-22.709281951914342,-23.531516698189783,-23.93516405058499,-24.368758194131924,-25.35459507834667,-26.066240043373067
115412.07+463552.1,-24.262271680987077,-24.449823012931866,-24.682463512541595,-24.70781480064279,-24.81396980253624,-24.116771834490606,-24.151658634421857,-24.85235144823517,-25.08444628139789,-25.75266123807292,-26.583624864723095,-27.499375521121312
115412.54-000153.2,-24.34620703993195,-24.483356379792347,-24.782826894449833,-24.92381758796545,-24.986897464288788,-23.800819324904435,-23.955227863942515,-25.09229085875393,-25.21597785636804,-25.74119468238256,-26.53178799735774,-27.439583471501177
115426.59+583153.3,-23.70893281813093,-24.152771599094574,-24.655373780823506,-24.89534140259107,-25.15186416107438,-23.00211925945977,-23.668579715499195,-25.522245485228375,-25.655042359539102,-25.764942992015104,-25.795464897256593,-26.31788182968501
115504.07+034850.3,-23.81746449330991,-24.292210543070272,-24.52656628561858,-24.5349401447495,-24.685632228859856,-22.013921618708405,-23.761734321550424,-25.321238394459034,-25.60964808031529,-26.02079103004636,-26.599894909279307,-27.410212245591165
115509.55+223838.3,-21.172576104094077,-21.31096982841969,-21.596213605870975,-21.815401782190445,-21.809477658141983,-20.626599423089612,-20.843075243571576,-21.94179049765205,-22.301344766944126,-22.782635990330515,-23.68235841213643,-24.138812280182943
115518.29+193942.2,-25.594921076292973,-25.640595942171352,-25.963123570544788,-26.02483649752334,-26.14737944699346,-23.76701775552196,-25.04862853231351,-26.456482090106608,-26.45565263429448,-26.963727034054884,-27.49990152624488,-28.3843896626695
115549.42+502117.2,-22.34170582224088,-22.676122674164333,-23.00808644851912,-23.150674248660668,-23.23634896541994,-22.017452178843893,-22.25215780361062,-23.482338059626215,-23.861382875576897,-24.381284156777774,-24.786349740200905,-25.416462851514627
115554.41+445628.3,-23.82977851513892,-24.074200428263314,-24.35560957087295,-24.392355368300606,-24.683580430085605,-23.688611242040615,-24.038288378942156,-24.962441900294102,-25.230345010786746,-25.712598406645128,-26.061973619362576,-26.87858401836657
115558.97+593129.2,-22.16198299364811,-22.336309853732523,-22.617405377524367,-22.737282421713772,-22.814372221674567,-21.73571328949677,-22.091029631984753,-23.08469377572066,-23.541801356744333,-23.87599978297466,-24.424654609135636,-24.964057808472482
115651.65+115636.2,-24.596066862024223,-24.856156676130666,-25.21639035497966,-25.28890682464956,-25.47677007628092,-24.043228587694486,-24.220993562728637,-25.55498350868138,-25.716446921570185,-26.07716528072898,-26.45869772357895,-27.296271610477504
115652.89+174554.0,-24.60019183045696,-24.72955297384769,-24.99895644311999,-25.016418792313242,-25.142450285497834,-24.664614878078506,-24.50593367450371,-25.14710849314084,-25.557081934707245,-26.15563491582087,-26.696398329738273,-27.64490810230608
115734.83+163859.6,-24.54958617889942,-24.92482646147403,-25.396663189635248,-25.62493317493749,-25.873381483207748,-20.905632439171626,-24.237184039655233,-25.983653940531465,-25.97560530475616,-26.216990585699865,-26.699356514582533,-27.595996486722772
115758.72-002220.9,-22.604753887186945,-22.75694050061743,-23.007171277385098,-23.116906820998068,-23.2714478152275,-21.996071745382388,-22.413084092289697,-23.660082025571537,-23.988421091115836,-24.44128723578679,-24.87219946520432,-25.448370935327457
115816.72+132624.1,-23.133141125149976,-23.3858526818002,-23.940890626825258,-24.02458370500849,-24.249368403218917,-20.830339074733327,-22.350153487717197,-23.931191032014446,-24.425576996700006,-25.173659804693443,-25.942018266463798,-26.79149612341555
115845.32+443812.4,-23.19381457077334,-23.462865233186427,-23.677032607957454,-23.80708054247038,-24.03355221087633,-22.83175811981335,-22.671296681473496,-24.379667137876,-24.62058875347643,-25.278253374368596,-26.057354958597134,-26.935482324506243
115847.39+271342.5,-23.654785078454285,-23.611256535169517,-23.93489733925956,-24.07690999488589,-24.192552459516342,-23.672843049518885,-23.423116806482568,-24.57297920434927,-25.16873391095799,-25.088657308022896,-25.556060366842573,-26.393472699957265
115901.72+510630.7,-22.479723541381265,-22.680390489147285,-22.94736953048307,-23.100437316342806,-23.257069098773357,-21.79896595929565,-22.158924981077224,-23.592861861298218,-24.032452368935342,-24.509351525128,-24.918247141886287,-25.610024689635466
115931.83+291443.8,-23.156221676261527,-23.527794084208708,-23.98272859483503,-24.236221056403558,-24.526443823607533,-22.17730841299716,-22.52684492995322,-28.163381946208794,-28.747812472324043,-29.204591161773706,-28.14707805076355,-28.94372622997458
115937.47+272819.2,-24.127954712198626,-24.238778535202595,-24.493567834771305,-24.515990645662512,-24.60746679438087,-23.832827421134404,-24.225387009117618,-24.547279168764547,-24.847929676297056,-25.44308686402858,-26.433490170496743,-27.351690223922457
120056.61+261512.4,-22.691241976560747,-22.83708104083576,-23.092540383976115,-23.13216036123466,-23.44702661822899,-22.861717198983456,-23.089780038190657,-24.02388815534643,-24.21593327383579,-24.646932003168946,-25.189529336189867,-25.79862268361929
120216.23+262604.0,-24.478274036753785,-24.653194078452845,-25.033884084671648,-25.266202052973334,-25.342080275740447,-22.82211824914575,-23.97880022808454,-25.519227542603552,-25.659280215279278,-26.179934531759365,-26.92827304188761,-27.839429688392187
120233.08+022559.7,-22.83207828731542,-22.908381967714575,-23.126224495631455,-23.213936204557953,-23.31756622256918,-16.300185527931074,-14.738529463857068,-23.542792653582946,-23.91507194911648,-24.64120519441151,-24.983150258766937,-25.57711506259569
120240.68+263138.6,-23.801984326845584,-23.99044322376507,-24.229938611301787,-24.312286645585626,-24.63271797167775,-23.335777886380974,-23.496462002579598,-24.431809844336357,-24.827646656006998,-25.03439056755109,-25.827163587790817,-26.578033859497683
120303.29+355736.4,-24.92862966154521,-24.92954083623744,-25.21913716497287,-25.429339726398965,-25.661812183971417,-24.20645792471513,-25.069948145709485,-25.60661641786235,-25.830634987068585,-26.169332123226564,-26.94029834920868,-27.938913565183938
120329.85+480313.6,-25.628445210509156,-25.61704438230864,-26.0160021670506,-26.04027859767843,-26.14865625016271,-25.22411914493827,-25.560708346033135,-26.22426036234869,-26.14450798745386,-26.346802861988774,-26.378401669156403,-27.237559957727512
120333.19+513014.2,-24.699633137468616,-24.914150002252864,-25.34330122636477,-25.47571199916012,-25.65036316148606,-24.052429235511386,-24.78827451680894,-25.85236555044997,-25.78240292309982,-25.809220133741647,-26.2923001964543,-27.203445037695122
120347.69+520749.7,-23.485230772808087,-23.57643919015516,-23.804341406517082,-23.874573388229717,-23.671936105751968,-22.64154779513284,-23.04654796853921,-23.582123038679317,-23.879449640011373,-24.281363802489814,-24.99550282383069,-25.51507985148154
120348.08+455951.1,-23.248178346802394,-23.34143925450325,-23.551508159918722,-23.623800120504892,-23.947008429369138,-22.989991108018963,-22.93462675018747,-23.906831116622808,-24.19816888393243,-24.784958796553415,-25.71265900052545,-26.361784742878346
120354.76+371137.2,-22.45203404228657,-22.628278323346628,-22.795774422256287,-22.93669856629488,-23.290588188215054,-22.016351828869457,-22.20510057417277,-23.717741609583275,-23.99730243239648,-24.666067324911005,-24.9146684563903,-25.577939573866278
120407.57+341916.3,-22.867646031221742,-23.249938140547542,-23.767179890506906,-23.885009108685736,-24.09159991719244,-20.19188837454031,-21.721922230251796,-23.563374135751232,-24.44627542022035,-24.84383335545553,-25.86417470018866,-26.801726471257073
120422.32+380836.8,-24.11267317248529,-24.233266628524415,-24.52353272760792,-24.55548586298771,-24.742176230431447,-23.867952098094527,-23.850479537126684,-24.442367232218675,-25.07903810521457,-25.542013111331478,-26.50390791867659,-27.370638466439782
120424.03+433056.9,-25.36849472308737,-25.535361646794865,-25.843656533951687,-25.911748261651738,-26.006800053844145,-24.617432479953962,-24.857555203566946,-25.820377143141208,-26.01868954399462,-26.703350880317387,-27.86996621088034,-28.82321035793164
120442.10+275411.8,-22.017117485037943,-22.03220190141416,-22.32700538412417,-22.663555209270594,-22.497127787071744,-21.614872030756715,-21.66517891260492,-23.604168423320303,-23.95413303955484,-24.59267998109824,-25.105083478150792,-25.531460151337026
120443.35+171522.4,-22.768076396046087,-23.199088100398352,-23.378192510959675,-23.543663414948206,-23.740452465405323,-23.072058974827932,-23.220616442992,-24.742710443840203,-25.007380626276763,-25.541381300469357,-26.082857802660534,-26.992905433290105
120447.91+170256.8,-23.154345829695476,-23.420413325833287,-23.508198109514797,-23.598674441679243,-23.767188337778034,-22.819635447589405,-22.814382924582542,-23.309626132730457,-23.491641223095925,-23.684684355351788,-24.6250156725015,-25.209762701776196
120523.70+380552.7,-24.525706855901106,-24.809522886550898,-25.162270528589914,-25.43784435372818,-25.707973628018202,-20.88961636275558,-24.237430004946983,-25.579516080765305,-25.71197023174826,-26.245485626372364,-27.048216342861437,-27.890111956943766
120547.01+635016.3,-24.07770327182619,-24.332467246433765,-24.68487701558832,-24.791655759995443,-25.006574281609847,-22.17145091538564,-24.08246333067501,-25.396891593951924,-25.369089778567403,-25.678038916503127,-26.531474290567544,-27.38619171452413
120549.42+180311.5,-23.21288809438779,-23.34091755956703,-23.695350129553205,-23.80147331863905,-24.037057327261856,-23.389204457221066,-23.032941654106384,-24.295748713238766,-24.73388815542066,-25.56158405317026,-26.052324456304195,-26.93278284096327
120554.53+510043.0,-23.77910151980859,-23.938362615827423,-24.28840536371186,-24.454245357513894,-24.550369011020326,-23.51501312067058,-23.49341743057952,-24.248393334302847,-24.625164239197886,-25.302033643296635,-26.218429869577413,-27.09068848728555
120608.65+442300.7,-23.567264588431293,-23.92837589028916,-24.38185703389266,-24.600775354044913,-24.862377160930716,-22.45566408546034,-23.557152546880552,-25.347923295231844,-25.300112767784988,-25.2913392530486,-25.27552009057034,-25.944843345393387
120612.26+260325.8,-22.081900728433236,-22.828886070543895,-23.863541817621268,-24.490167293156677,-24.898680337398417,-21.450835980538674,-21.479003500050013,-24.9490464172273,-25.553567661833508,-25.785791415394506,-26.76704120003401,-27.55419220927633
120629.36+281436.1,-22.2716045653564,-22.67530150951563,-22.990325849373832,-23.135079442748832,-23.341999961869224,-20.68905082599888,-21.300422310092333,-23.408975408960906,-23.679922180613964,-24.226709164035803,-25.121366939863677,-25.763480370121364
120629.72+240816.2,-23.068042654631913,-23.268570926793476,-23.574589062637518,-23.552516689117898,-23.864861289368843,-22.19944617157049,-22.72752891208968,-24.140141546539972,-24.649347290886475,-25.222659311455622,-25.49996871714361,-26.421643986503632
120633.07+412536.1,-23.35743534598315,-23.77249053902317,-24.382760914935336,-24.557840458761117,-24.779911892245863,-22.33099885033408,-22.108471731955724,-24.698312275927226,-24.818067737016133,-25.543581201804674,-26.357296260107876,-27.28559726482356
120713.06+174843.4,-21.668994568891094,-22.08313204723718,-22.55732599243092,-22.776092589263218,-22.75009243910783,-19.36501118612824,-20.54394969201246,-23.023318034635047,-23.525706919322,-23.96077963402368,-24.59272816664788,-25.12808975617243
120714.04+292236.8,-22.295148803426798,-22.383129322031934,-22.61610545899189,-22.83182502970198,-23.297286712566283,-22.04771631580983,-22.22470667274392,-22.89587151838595,-23.60363333882876,-24.277551795668384,-25.357789143529416,-26.113213637108686
120720.99+262429.1,-23.278702808065923,-23.333143607557226,-23.605477945618404,-23.788514593458356,-23.952655525503708,-23.46311808201885,-23.53963616026274,-24.474700165089878,-24.69362524740007,-24.98481019279001,-25.35998952446251,-25.962712477143636
120734.62+150643.7,-23.46587278938776,-24.132574518521253,-24.675335467663047,-24.958248214503843,-25.13808601613932,-20.90037527503928,-22.157102013710446,-25.3691290057099,-25.314102800929025,-26.04189938715071,-26.548943566960283,-27.463763065750395
120751.79+604706.6,-22.557975706476668,-22.865242315819625,-23.189028057167146,-23.248918850653677,-23.48194159016368,-21.958373745990986,-21.66891888422281,-23.389786470232526,-24.180935825415258,-24.497813500500456,-24.71013833495235,-25.364520491188014
120754.67+280259.9,-22.433271206645717,-22.791429197638973,-23.10381162029077,-23.23675663588302,-23.680518808007804,-20.99642638148809,-21.664006289999378,-23.72537531445222,-23.959953926861857,-24.41880598203779,-24.914819698420686,-25.65261278580193
120802.73+653238.3,-22.251577453230084,-22.323962703316887,-22.562259407970444,-22.73948530660528,-22.734043246144143,-21.85932939555609,-21.85846151945463,-23.05559057777045,-23.197091013770187,-23.76672376276144,-24.173203247466816,-24.70255037226029
120806.18+171253.6,-23.49963678145106,-23.782780141500492,-24.083437086383196,-24.135421011651268,-24.375981145603966,-23.12480110048652,-23.175812415804266,-24.447649413839308,-24.70390078258724,-25.143045400860668,-25.504990805412326,-26.440543716535757
120821.99+221958.1,-22.985518258108602,-23.363760917457984,-23.783873630433355,-23.922303189771334,-24.141823092388893,-22.525902883089763,-23.278149901706918,-25.22135660285367,-25.235363266268312,-25.43313224798751,-25.483728687960937,-26.227716789177855
120853.62+170001.5,-24.363128388609955,-24.51226550745846,-24.84763877110872,-25.00480837503682,-25.105909277445043,-22.277300637783142,-24.09689103482794,-25.227233025097984,-25.660754069725837,-25.8911054874221,-26.42395307681299,-27.34449956354352
120924.07+103612.0,-23.609709684976444,-24.18866146628777,-24.609386223508043,-24.8009946760157,-25.09523048332615,-22.561709471309225,-23.46065896210267,-24.927209222393753,-25.297586369652997,-25.742719724425484,-26.54216966710116,-27.377567797228217
120934.19+403425.1,-24.030892189950205,-24.10636640795031,-24.385033403373306,-24.399953834310946,-24.49263187846247,-23.83640865842748,-23.78317485178823,-24.284031122777193,-24.59111948955351,-24.729818198063622,-25.78236315542962,-26.632512374505403
120934.46-022245.3,-23.494618402903964,-23.67895414103659,-23.95989278267537,-24.132953419364412,-24.273688771044142,-24.30288033983121,-23.98627759570136,-24.367939355397883,-24.715749744356685,-24.82687531684029,-26.134222114095756,-27.022607155180825
120944.81+023212.7,-22.07562760412174,-22.302241769349063,-22.59790712208087,-22.749314886637507,-22.673019147892752,-21.39324038845887,-21.346056112862918,-22.578762723038825,-22.954540603729672,-22.991546339109206,-23.46140368679108,-23.982270641627156
120945.20+321701.1,-21.280696989456825,-21.612483584414015,-21.875799582311735,-21.969452909248904,-21.96260103748945,-20.450616814711694,-20.79825456157797,-22.04972222916335,-22.78046404329297,-22.91524868692412,-23.966575809766336,-24.357331315549434
120950.85+554113.1,-22.218248555974945,-22.36464800197783,-22.784503093459385,-23.03631772942118,-23.171491630073064,-21.239593744151808,-21.809524704511837,-23.562374842047674,-23.938915992986523,-24.38689772349938,-24.448729429379746,-24.91749629119088
121007.05+574423.4,-21.069714393552207,-21.412514864636456,-21.91396643442984,-22.148606128143502,-22.176470503659964,-20.068149897212248,-20.919306310050363,-22.75347924444093,-23.572838565297815,-23.758692674087392,-24.29446673098038,-24.92333078363493
121018.34+015405.9,-22.433270634080674,-22.520818349934142,-22.698843748348715,-22.83874991931366,-22.79997652145694,-22.10186741783472,-22.093450416626265,-23.110737276302718,-23.421887246563912,-23.801093480612423,-24.370151972622335,-24.75698841006759
121027.06+663142.3,-23.543974871639268,-23.630102508336183,-23.961259423704917,-24.059659096495515,-24.26229954471431,-23.298764883275872,-23.515305485035846,-24.29822949825822,-24.482322553984567,-25.02610408176654,-25.65233813815997,-26.488280842538536
121032.34+450020.6,-23.69214633375865,-23.816401500586473,-24.15733486383452,-24.244380497145983,-24.514739071048623,-23.116469999726895,-23.272342641635408,-24.484911559918775,-24.591458267261736,-24.744800400140807,-25.199717731967873,-26.002978852066565
121037.56+315706.0,-24.005335209389127,-24.192272520412022,-24.45375657085657,-24.500285245895412,-24.97846982461546,-23.74324545796905,-23.99110683050773,-24.558995633060043,-24.861930330812076,-25.153305600542364,-25.486779546668405,-26.214049529853533
121044.02+190939.0,-23.671682849694072,-24.07442339109517,-24.407267195127034,-24.4071620347719,-24.61883358792887,-22.848669527138394,-23.7443631985643,-25.354109990940884,-25.331909937328085,-25.44047135268955,-26.21473842277801,-27.08076881675333
121045.63+272536.4,-22.590192569935514,-22.65958642102298,-22.828391440735174,-22.956695693828376,-22.925611957982802,-21.80413542143223,-22.066564118685633,-23.463385927214333,-23.812806288362037,-24.227802500525335,-24.568282053397006,-24.94534849258871
121114.56+365739.5,-22.375030637263606,-22.5170382928513,-22.77978824182666,-22.90193857671554,-22.85182251067974,-21.719407096959973,-22.023596841222677,-23.203229730473375,-23.569866659716972,-24.074513176804995,-25.132923591895523,-25.644939037526235
121220.02+455138.2,-23.66077528034559,-23.81160089986685,-24.189420399227224,-24.173281951181362,-24.2701453900215,-23.332380082397897,-23.365049677190623,-24.301403303642736,-24.88400764357454,-25.473840864611144,-26.176708353795657,-26.973945897701128
121224.89+185920.1,-21.945815235014557,-22.112425839576684,-22.423438416744585,-22.782492977333302,-22.590116641887473,-21.18726902409276,-21.360096393132036,-22.261349289185734,-22.14503419951287,-22.842910132295398,-23.6627630167086,-24.0099491855679
121232.46+430133.3,-23.92483707484678,-24.135385154061318,-24.517049782067666,-24.69733945046618,-24.90350996511037,-21.4954290371156,-23.162435532004952,-24.993257593911135,-24.995168462285953,-25.78847461328298,-26.23718099094776,-27.206267480592473
121248.04+615340.4,-24.709012662631828,-24.809094277170352,-25.004183297273162,-24.98511729423556,-25.171795380847072,-24.55265626971331,-24.260418275191757,-24.915043779816912,-25.05357275561818,-26.027727374059598,-26.53536970536724,-27.36772958225722
121309.11+140832.2,-23.749064346277528,-24.05987026387793,-24.386127625135195,-24.431360616793132,-24.677540033771866,-23.605292684910673,-23.99258027534255,-24.945578835712812,-24.80991843151457,-25.264264003541598,-26.16316666121311,-26.953271166839045
121340.21+255156.5,-23.71816441483885,-24.0997364487222,-24.49401113921036,-24.653030180736426,-24.833799772304683,-22.816267745706813,-23.35502872728333,-25.213521590618765,-25.114272686670624,-26.080277833725923,-26.677116974013984,-27.68775820170658
121413.55+052254.3,-24.39360818813723,-24.767116859206418,-25.26335509902582,-25.494331401567596,-25.70372753369649,-19.299777273601936,-23.8743502318124,-26.07107339253036,-26.020474017519533,-26.563563709124484,-27.24497671393822,-28.20469960826063
121425.55+293612.6,-22.755469955727172,-23.03082594345228,-23.26471111284103,-23.399430892859826,-23.737325056108492,-21.94387322755995,-22.181664508099065,-23.435448280107085,-23.734076082173335,-24.1761805393517,-24.79386452427992,-25.263123092242168
121427.00+350907.5,-24.263818359430807,-24.409469397268754,-24.720494606296977,-24.89442077967527,-24.988369543622813,-24.08427978322733,-24.327574628468472,-25.067707697470436,-25.19928308178847,-25.717167494474186,-26.449625862061158,-27.351859892898215
121430.55+082508.1,-23.98264502434378,-24.264712872834362,-24.579322741051428,-24.659126743127658,-24.837408617971576,-23.328501801762204,-23.871743690533886,-24.984804820615945,-25.17161444481533,-25.147950180080848,-25.76573411840914,-26.5419779760976
121453.37+185359.7,-24.16033281719738,-24.440191403014516,-24.94953898210259,-25.208582408739005,-25.422662335236815,-18.313297653777482,-16.438337470595485,-25.599136725113393,-25.619069774147384,-25.966464029164452,-26.86223413847731,-27.80963234474835
121507.55+174012.5,-22.647797947802292,-22.887333147949988,-23.189991656771674,-23.255865395884502,-23.49326873174618,-21.683406717594774,-22.29676076401209,-23.707360894638803,-24.153054352186167,-24.771721677686692,-25.388730380693485,-25.953897761575057
121509.22+330955.1,-24.838142164513307,-25.048609306064897,-25.379090947030132,-25.33776246565656,-25.480727990625955,-24.865070377058153,-24.877694339251843,-25.51366136220244,-25.689349980741184,-26.017035408668356,-26.76351229715037,-27.603494894389097
121509.95+462715.1,-24.153453521964675,-24.355292224821746,-24.64308259959488,-24.59830919422442,-24.78982516344378,-23.026820214348685,-23.793160753255933,-24.772561216725496,-25.270330309412383,-25.254251076782385,-25.773682861617406,-26.62927543285465
121537.41+471353.3,-22.847311463090183,-23.187743928443467,-23.83620889069901,-24.027863625462228,-24.153634149905525,-21.75570839335579,-22.006406145264382,-24.24805847225312,-24.842808647166994,-24.895974918167763,-25.416234763733264,-26.391142681893637
121549.90+670621.7,-21.67804505113248,-21.889565653083455,-22.279400656707868,-22.38354470231503,-22.734920138789388,-20.66746571942768,-21.085989792168817,-22.851465228503585,-23.325029607979253,-23.672662714804474,-24.202069142197132,-24.69589259270393
121552.21+182056.8,-23.56412452319521,-23.698791781735792,-23.829825404168396,-23.803867655304277,-24.04952289109442,-23.392038082081278,-23.26418561531146,-24.008307953038415,-24.44714305941741,-25.02325042565025,-25.14139215470624,-26.01973679259096
121620.24+493315.1,-23.78950754002164,-24.022161787294657,-24.35119955010363,-24.46809973652757,-24.523235243113678,-23.09602778823484,-23.411264502861506,-24.969239427988562,-24.918490295597497,-25.172828265139252,-25.65093866746554,-26.520934737391475
121633.56+181907.1,-23.48361367236479,-23.528491909851436,-23.821945415221393,-23.697797840231026,-23.826678075748603,-23.390528916990117,-23.155684740865098,-23.79374238574426,-24.310099459986496,-25.088352499391934,-25.890255837512917,-26.65302461842093
121640.56+071224.3,-24.730763755996286,-24.897864925367244,-25.076097876101446,-25.0591238443301,-25.186868805819948,-24.51048447122265,-24.38847011789537,-25.109736004319384,-25.359819943547926,-26.12791538245014,-26.591326816150357,-27.420677757992618
121649.02+174804.6,-23.56296459531006,-23.739286971558002,-24.013064837699435,-24.045477700281513,-24.27413958508568,-23.438279833554066,-23.551173759450815,-24.237578017664188,-24.76630596807759,-25.245964843260715,-25.51698188905999,-26.471257105599438
121707.70+604850.7,-24.4450760751432,-24.650594571864524,-24.950641229338736,-25.06860380556459,-25.18723314572141,-24.066746843664234,-24.505683696745905,-25.439982632087787,-25.59764715543369,-26.00554158284171,-26.724109438694587,-27.578306367499717
121708.54+662447.4,-24.583886673575183,-24.69086945606203,-24.9061677967151,-24.900978743987945,-25.081573813529754,-24.444859581281538,-24.241163723791068,-24.65980313173423,-24.726730923969736,-25.456380416918687,-26.229029140813186,-27.176211001257343
121715.26+274950.9,-23.455567568053198,-23.565322853465275,-23.694837992073573,-23.739956802242652,-23.953824058932042,-23.015923581637114,-23.162791631473134,-23.668468735017367,-24.036851090782385,-24.486761937572954,-24.748942613139505,-25.565828156575435
121716.08+080942.0,-23.51641127331677,-23.626400816566,-23.804565295392116,-23.83003719693868,-24.25798640852792,-23.38973091534908,-23.579944388938003,-24.556803779613283,-24.695047810002055,-25.055403232610086,-25.417995607703787,-26.090562264042077
121721.41+305630.8,-23.016075436870956,-22.996003520247772,-23.332310538093555,-23.42123923998856,-23.921948257754643,-22.484610638318184,-22.559072205268055,-24.294757026968412,-24.954132324278405,-25.490563485424985,-25.349861627797054,-26.00368589061322
121724.32+314546.9,-23.54782392197341,-23.777066505955545,-23.97376778807395,-24.12472627246937,-24.20082341269759,-22.55917605198595,-23.267190727270155,-24.375611471943213,-24.638136362003756,-24.72535064208205,-25.180037407805084,-25.797638277075066
121729.19+373903.7,-22.592885001963992,-23.455249311115743,-24.390808269895192,-24.912542251961202,-25.43025910078392,-19.1713684921131,-21.6714353514783,-26.244843913450676,-26.147290383442623,-26.479555317374686,-27.013714358080353,-27.832512001064952
121736.47+180420.7,-24.61025360157217,-24.720833855104786,-25.15786924725631,-25.24366845392004,-25.420423056388955,-19.47385401082053,-24.666532972903962,-25.948010396099722,-25.974174193329212,-26.22878667066542,-26.989953905246104,-27.89271304400095
121740.42+654650.5,-21.005161470520296,-22.092777037584607,-22.876013452397807,-23.122267895063988,-23.218961182162037,-16.186582860083345,-19.00352140793495,-23.579108331143317,-23.98001111830272,-24.746395062279277,-25.427173824847333,-26.18414948587638
121740.80+493118.0,-24.240268497645214,-24.635425552143115,-24.92269910083021,-25.00262743031422,-25.192216492967987,-23.43702704305312,-24.166195785970796,-25.51657622610496,-25.31126909787225,-26.08558977965301,-26.54134897852792,-27.35552624688079
121752.16+333447.2,-22.289795929377068,-22.38077831217716,-22.607129011594072,-22.708694143950975,-22.671060150602322,-21.802861654039397,-22.019491475239693,-22.958078924517306,-23.53875064182957,-23.847969835921273,-24.45886086204924,-24.879193031643588
121756.87+252927.5,-23.24200254867477,-23.46997309549079,-23.86478740391375,-23.904730230784384,-24.085795823404755,-23.06567192449872,-23.442536785763313,-24.031652542245897,-24.4707817104294,-24.663619879787472,-25.266180456163305,-26.083117343624796
121830.84+183458.2,-21.77236786151497,-22.162530749827095,-22.608570372823593,-22.817646890026882,-22.760311111456502,-19.944082144299156,-20.388192366496977,-22.979288401411484,-23.429691260553543,-23.827712677745996,-24.569694632846286,-25.134511220978297
121855.80+020002.1,-22.911738700889927,-23.17340085147516,-23.481681765962037,-23.53615063775131,-23.9271244349861,-22.385725025684085,-22.277429735578597,-23.698943075809666,-24.10941884799793,-24.166161997827302,-24.528137495733112,-25.303916573688735
121913.81+004051.2,-20.51294063260159,-21.401684970455708,-22.051788083760233,-22.301816022662255,-22.495290488184146,-18.31632822304365,-19.55635916501964,-22.5656757927244,-23.12225618584743,-23.56957981225653,-23.623745254257923,-24.178459255688825
122011.88+020342.2,-23.99922787874521,-24.118608376846883,-24.25766773364726,-24.509282980779194,-24.477809543282707,-23.881517812331666,-23.754689481233054,-24.616204732275673,-24.878529302475695,-25.30472054939069,-25.786410015089555,-26.271688488630364
122035.09+385316.4,-23.60457880943446,-23.83305093645074,-24.309271810654092,-24.33949441184513,-24.54158498801475,-23.267375675237066,-23.496813293974103,-24.29938855563112,-24.780685279593914,-25.39628301535504,-26.177013054272287,-26.917054161076575
122035.48+484313.9,-23.049157963229764,-23.355858715016947,-23.779689528484035,-23.764629694356504,-23.88721369110251,-21.963584238215635,-22.31458401066386,-23.87459614286042,-24.46273927044963,-25.414313223994743,-25.997118702244126,-26.84471218082732
122039.35+171820.7,-22.62734902295189,-22.782062036371805,-23.15749114925431,-23.16965006595525,-23.32180196638192,-22.700118117036162,-22.76003704087017,-23.22893329396643,-23.88898189613064,-23.81862098866883,-24.335233226707803,-25.013601005171797
122106.87+454852.1,-24.056955922962775,-24.15060459938978,-24.362306820193588,-24.36001401415211,-24.49197871245345,-23.842701806054315,-23.739484228591373,-23.756988456523732,-24.196903668369767,-24.901929198884815,-25.81394688606014,-26.658558281667702
122110.44+410826.6,-21.172455154039444,-22.05800248888383,-22.764324681320694,-23.05539295346056,-23.509182483555502,-18.639424390236254,-20.02843989802123,-23.56252178712326,-23.78795712543518,-24.479378386398338,-25.457715784584135,-26.160880697943004
122115.32-020253.3,-24.235122148768657,-24.355996824198357,-24.676768639438233,-24.68086127923271,-24.819145925994345,-23.31130639257185,-23.972899209049817,-25.002763557086293,-25.11427144715091,-25.46302818401682,-25.718925236447593,-26.602522191629387
122130.57+334934.2,-22.27252069981862,-22.693384991577986,-23.185558150642372,-23.34975447858288,-23.64728289437148,-20.36198502480388,-21.255604806341655,-23.721693042205985,-23.741824991057083,-24.714948587914215,-25.39670532909321,-26.182323695498834
122210.00+271902.4,-23.777028032065562,-23.9042132396508,-24.257381335706988,-24.32373394477724,-24.56133471453915,-23.725330313927266,-23.720693077214634,-24.315057916009216,-24.581081515024962,-24.72398405656131,-25.347210956120048,-26.170045047026484
122222.54+041315.7,-25.00380670643959,-25.241439968276655,-25.61507871320757,-25.949398256022555,-26.28225567699395,-23.11519564147918,-24.254119967546863,-25.485723073695013,-25.66426975181128,-26.19890640396724,-27.465711426816647,-28.23545535748996
122249.86+334750.4,-24.623078237415122,-24.79500895239577,-25.150303068392574,-25.29864095905151,-25.505561528371405,-23.21884951879674,-24.49609447971205,-25.837027833986713,-26.061287748562727,-26.380047005190548,-26.72344030841017,-27.588980634554034
122251.08+442803.8,-21.37108091547238,-21.971848973856098,-22.537282492944303,-22.758043065172206,-22.85386761805637,-18.486354314700534,-19.91494768714308,-23.355718095968502,-23.943147066706754,-24.44016388074313,-24.93192930603533,-25.627228577645443
122300.22+554000.6,-24.35029501555726,-24.62177265539242,-24.98798959311426,-25.09182855037246,-25.213018232553477,-19.96652531816771,-24.49589888109848,-25.565832011697797,-25.37055756924587,-25.550630956514457,-26.37103465453359,-27.15611831994224
122339.33+461118.6,-24.406347385940602,-24.458214160267747,-24.766145454725255,-24.87844785572798,-24.959770097639186,-21.159274168077253,-23.981843672895753,-25.35640185325036,-25.652424337834052,-26.086670815240065,-25.547635986637257,-26.29486965447342
122346.52+274232.6,-23.68287631190577,-23.720362632943317,-23.999640628259428,-24.074864144417965,-24.134765060026094,-23.544589762434637,-23.44663024533737,-23.559087299968525,-25.059533295310686,-25.13077685038417,-25.984805140209364,-26.83342056543748
122400.84+203205.9,-23.15620003071484,-23.393429986725003,-23.650607174052087,-23.733107253266926,-23.85639181399205,-23.07650520043953,-23.07969861349576,-23.98338004448411,-24.692739839284908,-25.09118448644461,-25.640063093949088,-26.498497149317462
122415.83+222246.0,-24.35207819412954,-24.54513489080632,-24.85700682583904,-24.955941243518843,-25.06187586166963,-22.40133858861643,-24.37518212355434,-25.385201517317796,-25.407946131417738,-25.818564758086822,-26.07610325408529,-26.795460699888697
122420.28+435157.9,-22.372660649308614,-22.505672179502103,-22.68599664089619,-22.753222861082758,-22.917943191392418,-22.17221280100967,-22.215699392319465,-23.017115437888386,-23.471426066790375,-23.841415549128158,-24.450619012817395,-25.07477121537006
122454.46+212246.3,-24.914622759894115,-25.10207440824662,-25.231413658245607,-25.163242121452246,-25.484153763560315,-24.627918677365162,-24.89551389902544,-25.459463683351046,-26.017341433003697,-26.570750545605033,-27.977881189400826,-28.78054493297692
122503.37+293931.0,-23.076763871395027,-23.433745708177074,-23.86976958224465,-24.014201359437354,-24.32691298217121,-22.02101806012495,-22.621788263082184,-23.673959637854274,-24.170568727733794,-24.618626093386435,-26.41516598748671,-26.95496085259991
122512.93+121835.6,-22.98549481639593,-23.15991776943024,-23.35390688169353,-23.463748392825348,-23.921515659561084,-23.427199239048864,-23.617913492854612,-24.054427832777936,-24.4186831582323,-24.901163437015406,-25.566507729519106,-26.280688407627476
122517.95+222018.6,-23.310549637903787,-23.367131221309613,-23.574460995180303,-23.58099089358337,-23.815114662075057,-22.461500903717674,-22.90959584063608,-23.768964754780008,-23.938106584338698,-24.83042103278106,-25.402805051268817,-26.27573812444436
122525.89+305920.2,-24.446205033508832,-24.51545464106778,-24.77351692627829,-24.91553463678129,-25.044144984396855,-24.165598928045164,-24.332399781241335,-25.075307265906023,-25.34796459036698,-25.763867018027504,-26.854966349960225,-27.804018435961197
122549.28+472343.7,-22.216454681750946,-22.42220912089287,-22.628133892008563,-22.756616805032536,-22.60226619384339,-21.792163157585268,-22.01795506790677,-22.81033974512954,-23.132846492493073,-23.185375956360218,-23.578509592660687,-24.216457195957076
122557.86+364907.7,-23.825948317513685,-23.943998746893108,-24.29270648763184,-24.313336949044906,-24.4587816571836,-23.670115501564197,-23.663942419773054,-24.568214182108665,-24.79259527482784,-25.504568492352128,-25.92937656363271,-26.875768741525434
122558.27+604939.8,-24.57296012031395,-24.731123836327576,-25.02046506177467,-25.046115939408583,-25.26139617716103,-22.87516040053785,-23.90404519999593,-25.326719604669762,-25.10372939867431,-25.438915007440965,-26.152743641518807,-26.95376390228821
122614.97+120925.4,-22.780184180602944,-23.125561068779913,-24.10079966103891,-24.384670564911858,-24.68770116641775,-18.33282915535207,-22.101065673419495,-25.59977527885606,-25.18640336505892,-25.916333993609413,-26.21166079717685,-27.106157464802
122616.29+104850.6,-23.75108687817917,-24.060598248928045,-24.470861896259386,-24.605533114561,-24.8254732077951,-22.002859997221325,-23.435755508823913,-25.190145464030795,-24.803040995813937,-25.399689619073133,-25.940233765724642,-26.78753113232976
122631.50+205522.0,-23.675821054760497,-23.891457677517266,-24.281663380513212,-24.39141554394471,-24.511149824633236,-23.598358380111048,-23.44234960529695,-24.691255992140285,-24.9020049999958,-24.98516441659789,-26.17639348514067,-27.09029660386764
122644.22+063853.1,-23.947501221810285,-24.025979783684846,-24.639051677884346,-24.786120294389807,-25.236468097538687,-23.191762352071613,-22.681866049372186,-24.803165815630464,-24.97303263070575,-25.381084988214965,-25.159602741516235,-25.475807098372407
122657.83+671624.0,-20.894056126118265,-21.207137052556345,-21.666991347369926,-21.77579326395519,-21.86918140100137,-20.084797422083216,-20.471016895651935,-22.53407037984849,-22.720333674974288,-22.898012242996135,-23.00348776237693,-23.42553477714792
122806.90+670844.1,-23.862156191323443,-24.090587690511526,-24.321972917144596,-24.361577194886046,-24.657718553891918,-23.940165622581397,-24.13477686627768,-24.578180163285538,-24.64268452440898,-25.077641465724646,-25.832266488697524,-26.57338227516954
122811.73+202352.4,-23.948433300083835,-23.974043939016557,-24.37804098680171,-24.52584268950627,-24.73825007582203,-24.0000357024718,-23.911819648628523,-24.745426952674922,-25.378326643806222,-25.265159157787508,-25.554843344677067,-26.292614711496615
122814.04+322621.1,-23.244120272532452,-23.42127167324196,-23.640588657380384,-23.642280959681592,-23.825633768765794,-23.299196748604086,-23.19817778906097,-23.734402667602797,-24.231926643335143,-24.564464573915643,-25.13162710213107,-25.9362589113294
122853.69+191937.2,-23.027780303458968,-23.256272011901697,-23.555735512817368,-23.628492749765904,-23.860337968615692,-23.290569636483994,-22.990132026036754,-23.62940133917057,-24.45461524772519,-24.80516276393379,-25.400251122522697,-26.368980069325676
122855.08+671927.2,-22.902546098082663,-23.2505259438267,-23.745463781730123,-23.91975586193542,-24.069649869366618,-21.60723334160627,-22.23427313687261,-24.094711167734026,-24.939475261530482,-24.956429806338697,-25.848645480639608,-26.76214962714183
122924.14+410509.6,-24.431897503610593,-24.55357002547433,-24.83490692001833,-24.956749918074873,-25.022066760487725,-24.018143925336926,-24.0458459073259,-24.970455353430957,-25.162675321412262,-25.432715670344674,-26.134259075339703,-26.99585421127569
122938.06+492227.9,-23.384750415375336,-23.666275176368828,-24.014557744226458,-24.207317751545993,-24.437082638040586,-23.597582430472034,-23.401611239771707,-24.439131484546213,-24.84428874497954,-25.65359206145189,-26.371234073125603,-27.216842367087924
123022.17+662154.6,-22.498033053525532,-22.593274371607393,-22.91962999939069,-23.13082777393858,-22.99886349176225,-21.9462594191838,-22.18026047331882,-23.54561905759276,-23.973859117775213,-24.49362327678906,-24.916058855544893,-25.42451896887453
123046.35+650606.9,-23.462437003034342,-23.599658780268722,-23.884089038892956,-23.913255796582966,-24.072195500066297,-23.526654251642995,-23.141928674153466,-24.210029337077202,-24.40742983252001,-24.983995874859012,-25.639628067094677,-26.445090653479895
123049.67+071036.9,-23.63652162252595,-23.845241677107076,-24.400685812919125,-24.708516327914136,-24.888080925976872,-20.368611523786186,-22.63993500139716,-25.001486972729023,-25.25183478014213,-25.945585796035022,-26.55953537251421,-27.505356920105594
123107.10+025724.5,-23.870398491349025,-23.980246801337017,-24.2134619708288,-24.25871041402292,-24.364920728554353,-22.659044261552623,-23.18309955627973,-24.703253365156215,-24.717952949289426,-25.290276565628016,-25.93647553670534,-26.687469466468382
123115.20+590707.1,-22.635433706234288,-22.793886683182404,-23.05299553624508,-23.229007949487126,-23.470934957101857,-21.788363476543203,-22.227087705721097,-23.501572431168793,-24.02571797670012,-24.334092298558257,-25.139841557372126,-25.842735792237065
123117.00+395643.4,-22.488511915429893,-22.865913549899652,-23.293575404939773,-23.331535197802104,-23.692468956722013,-21.995154547508427,-22.346358323959823,-23.57805079963853,-23.874226884193217,-24.543515403821633,-25.387025641746078,-26.191005700641476
123118.08+552825.3,-23.463708567125078,-23.62642990034758,-23.850033660560854,-23.877757967229616,-24.043497592443785,-23.085761275717136,-22.833128257262267,-23.956614338737023,-24.969184984579467,-24.893285619852357,-25.37842391945478,-26.22793368798731
123215.16+132032.7,-21.188470876822446,-21.467484273859995,-22.051596951535213,-22.4011979196185,-22.711774333438935,-20.638862794422064,-20.773443806649386,-22.734037414289716,-23.41245422199532,-23.59108400161687,-24.55216934801848,-25.163915015358153
123220.11+495721.7,-22.12011568571389,-22.42726715543282,-22.649223107421268,-22.702617497466253,-22.76126703049122,-21.662712321210694,-21.985729471466954,-22.71248507572118,-22.99914421100937,-23.64955106591189,-24.570872493710237,-25.046603418119485
123229.69+641115.1,-23.684468584448958,-23.825611620021498,-24.16049488166185,-24.40887451403796,-24.481230630685186,-23.434295853854707,-23.445911905404575,-24.910736982233818,-25.48568860946326,-25.014114866360625,-25.71081328388481,-26.588415418990603
123247.41+203745.2,-23.172926899193314,-23.33540090775353,-23.655370145836283,-23.65318108067574,-23.883899404135935,-23.054708373110035,-22.982344028159137,-23.90611575594374,-24.202883398895885,-24.224730596269758,-25.293860807583908,-25.996541814393414
123248.69+141426.5,-23.032720990235276,-23.177071146519484,-23.53089026157278,-23.670692144688918,-23.803976323312042,-21.75122718425019,-22.32830833164163,-23.7150480080498,-24.04067263526568,-24.667839916213598,-25.27232956486235,-26.049166028960702
123250.30+433227.3,-22.44748635303192,-22.70238558191855,-23.115455916989006,-23.201262143546284,-23.58217452865658,-21.7549874678529,-22.223298114757004,-23.689454965438497,-24.118628519946693,-24.494460964711323,-24.890919612921135,-25.61553920662621
123304.05-003134.1,-23.248013709598716,-23.348166263767023,-23.66629798241131,-23.679549180942157,-23.87839785824516,-16.8834976486673,-14.639177411141826,-23.827932397177058,-24.348505423587167,-24.48609363444809,-25.18767147580979,-25.92480552821165
123325.78+093123.3,-24.535933141036548,-24.680452467802652,-24.936760445107268,-24.98528262425078,-25.279354568071362,-24.659978042462807,-24.626054734858595,-24.791955585472007,-25.29193088875734,-25.631187448750897,-26.756635122858626,-27.685907057364023
123335.07+475800.4,-23.408198759923486,-23.516948177551395,-23.597155000805976,-23.715016869295223,-24.04166976406154,-23.13845988401798,-23.290332185718196,-23.889498609449387,-24.360202329408686,-24.72575629916373,-25.6007250993655,-26.396615229896224
123341.67+310102.8,-23.090108566078253,-23.380941227618038,-23.733539969459716,-23.87687542544801,-24.047023777973877,-23.01661702460962,-23.24400467028346,-23.80322188477409,-24.097911608389936,-24.434306608989072,-25.250214236594203,-25.807510276950897
123348.24+060056.0,-24.540710023531048,-24.732226689333686,-25.076842983800518,-25.161588806926044,-25.43152380519392,-23.62551333008372,-24.23390035670463,-25.680368113578975,-26.022426283581307,-26.128277441636573,-27.135419629058262,-28.07300627376819
123413.32+475351.1,-23.158115355099604,-23.622034591181702,-24.14701288821114,-24.247425704556733,-24.50404189921972,-22.16614966554314,-22.527080791389317,-24.660888125484068,-24.63811520362918,-24.815846639084167,-24.94755941601496,-25.799003796226074
123516.14+462309.3,-24.01524528710484,-24.216883547235767,-24.558422360010244,-24.618910258488096,-24.747332967097947,-23.62680322941098,-23.72550206090607,-24.751385325819662,-25.25174716960139,-25.938003486824186,-26.691030184828332,-27.611554828360447
123527.75+121338.8,-24.10064107327266,-24.252203991724915,-24.644103633257718,-24.815987175211315,-24.931140012759894,-23.48411520373294,-23.832263647347744,-25.06051652905097,-25.24491548639084,-25.83971869014864,-26.87538601168316,-27.827317596435215
123532.83+410445.1,-21.408119093317186,-22.030213368962098,-22.63223882943635,-22.859795055622296,-22.965385335248996,-18.92819747728236,-19.788352708103112,-23.55236153667043,-24.06203642693056,-24.490705982079692,-24.96068555897201,-25.26699720196732
123550.26+180242.8,-22.631579167413868,-22.72817598284791,-22.997806525826036,-23.13064889123921,-23.16147849389706,-22.11153418080331,-22.32078769565877,-23.396151027562148,-23.86603793682652,-24.145952624850874,-24.939329318308005,-25.550447097444337
123604.02+264135.9,-21.953091269635568,-22.05569749403712,-22.361190990094304,-22.55356559497743,-22.577179856349936,-21.763300821815626,-21.991009625259718,-23.009215064952944,-23.478363307576483,-23.95412115352613,-24.688666988745403,-25.227853748643117
123609.11+191234.8,-24.409860719696198,-24.6937555343477,-25.04368976433748,-25.22924880041791,-25.491868914785325,-21.030443427791724,-24.200685085544524,-25.955033317473823,-25.72535040950883,-26.026645308309252,-26.407327688683015,-27.270624293547677
123622.15+603020.6,-22.874117030787268,-23.11151902895419,-23.331424719226707,-23.438128757401884,-23.720009151650427,-23.047896758249255,-23.048360379111767,-23.51069417317971,-24.2007562786285,-24.63729671526672,-25.42091580593475,-26.245217919375424
123632.10+494851.0,-22.903506469526715,-23.11147083086746,-23.38228150346547,-23.400782794340863,-23.688985233147886,-23.097567416955503,-22.83588362122021,-23.170062428243433,-23.844870183034736,-23.889757259771347,-24.6064262269496,-25.40746383536464
123638.28+030250.3,-25.146369071089186,-25.367976159654724,-25.74301287910711,-25.88615364509491,-26.013881199308376,-23.710734913895173,-24.822992145500507,-26.360112018979187,-26.138285517476753,-26.542376562547208,-26.366593346137325,-26.868708731866224
123657.20+265701.2,-21.933731828774352,-22.145507902507713,-22.455645082265846,-22.526532846726916,-22.089543600761637,-21.139712588949745,-21.51850108838205,-22.8679164294677,-23.291647282537724,-23.81021342671412,-24.407672106825725,-24.766965485711665
123734.52+253820.0,-22.598953092229003,-22.774344850583184,-23.096310417762613,-23.19035459609058,-23.323233625521873,-22.754343306589174,-22.71249168430609,-23.777385492782333,-24.16773510873573,-24.688007569397023,-25.466117204051088,-26.23389665179997
123820.19+175039.1,-23.900445747506232,-24.418258095908932,-24.96974758745789,-25.020919581271723,-25.181542956559724,-21.140842944938857,-22.6984714180343,-25.119132219167465,-25.80666311395852,-26.76939072640261,-27.75418878437812,-28.787800046976322
123848.61+614354.1,-23.54362737107278,-23.893822119396848,-24.268653486044943,-24.435286939998065,-24.61629046114184,-23.179973394657576,-23.65823242942082,-24.90116763785321,-25.32129123717857,-25.54215137340084,-25.306452551054647,-26.005080890496934
123852.78+152658.3,-22.569588383974455,-22.84584297024382,-23.171549012017262,-23.282482403762746,-23.713252378223583,-21.709183478666255,-22.02111316187641,-23.452106027274468,-24.04891002079053,-24.60457410613585,-24.70181745863053,-25.39142904065351
123931.00+350151.8,-22.81983868490643,-23.021102301586037,-23.43644028901765,-23.440970321564198,-23.59540263041595,-22.300485360790624,-22.512275825970693,-23.988890307857137,-24.48728442008676,-24.921693997511266,-25.402390817868604,-26.41133564981728
123949.27+173627.9,-24.61112770770064,-24.577590425418787,-25.052776208868924,-25.153475302786724,-25.326951640262248,-22.65366007278262,-23.925551529471704,-25.416443612622032,-25.16968720364295,-26.004428779752523,-26.65498890117595,-27.660571797725293
124009.12+242531.2,-24.934257076923828,-24.951197499152716,-25.274967039887574,-25.380649212177666,-25.574831578904206,-23.23304892152061,-24.645611718217236,-25.50363472640291,-25.501850197116585,-26.12244218150969,-26.684170063550415,-27.640292128750627
124021.17+093346.3,-24.230888389115655,-24.39524123892186,-24.668424065287326,-24.761549687297332,-24.818975414567,-23.57719069878448,-23.98778994529684,-24.839989381749312,-25.31286824737258,-25.89694158859366,-26.247160919450604,-27.10719034589839
124035.50+094941.0,-24.438260828230035,-24.585989241405724,-24.958745269980643,-25.071492444082875,-25.200419024403832,-23.39688727700236,-24.49590078059827,-25.554154812106432,-25.487311652957374,-25.65911786376241,-26.044414525628817,-26.924956256343446
124035.60+502846.9,-23.89988029580758,-24.030491706629093,-24.377757001193526,-24.46300510187131,-24.598200731036606,-23.72542342774255,-23.63502815759761,-24.616020154928222,-24.915698321373917,-25.02155567760784,-25.76466867647767,-26.610781727385987
124044.68+330349.8,-24.426796212758173,-24.571357844975893,-24.911905189140647,-24.957204120838426,-25.15444440785069,-23.583288282919696,-24.297382183648395,-25.3342455311691,-25.420127854089625,-25.657035252061466,-25.955062854702195,-26.577699470195956
124116.48+514130.0,-23.96831869990551,-24.24029769678278,-24.568285369651953,-24.591596357186543,-24.765681828732514,-21.014229951964367,-23.743683589314998,-25.251201093354755,-25.130743193412833,-25.671819114757046,-25.935885763398055,-26.850949659461282
124125.42+210023.2,-23.133362347578682,-23.25297122236028,-23.612644279660525,-23.640269473010047,-23.76117034472012,-23.182776103267493,-23.120762040921843,-23.844763644059025,-24.301317405633537,-25.242797840867667,-25.69283162547136,-26.492713894015896
124129.64+285212.0,-23.50227133426478,-23.721879187348875,-24.023682696254742,-24.13638207216736,-24.287820654604253,-23.83633209672613,-23.545978663405002,-24.482430212474043,-25.00074608199849,-25.44610791634888,-25.85944126186975,-26.864608130910426
124135.98+255250.9,-23.283389070190772,-23.38832877323929,-23.68913923999478,-23.86208544090822,-23.95312685854474,-23.26303472190152,-23.039898651693097,-24.277420558491748,-24.16176133323842,-24.970876934069885,-25.339371101122676,-26.139478479305758
124139.72+493405.4,-23.337995107388576,-23.648994217380036,-23.915131513598766,-24.004519616560703,-24.246868023831873,-23.263433029758616,-23.428110215184546,-24.229230465533135,-24.776533672126096,-25.032304630470392,-25.700861939887375,-26.508736911633573
124220.83+192302.5,-23.180337309486923,-23.325938371689617,-23.638186456798216,-23.782306439834493,-23.947840955983896,-23.15239958534127,-23.266328755093166,-23.745017106200994,-24.26068468983515,-25.023498246359573,-25.660803646916822,-26.528352975567486
124237.28+173819.8,-23.03014299415772,-23.227219517160897,-23.456098143873312,-23.39715713015535,-23.601591082485776,-22.94181332631612,-22.89258848614161,-23.76988579238682,-24.438643815668083,-24.665211842365824,-25.444417964632333,-26.270773009174334
124244.58+022954.4,-24.68989284968116,-24.79320941872251,-25.200035144299715,-25.371653445220286,-25.602268344315778,-22.906562347342955,-24.73575291139604,-25.489572305400614,-25.276474950328925,-25.869258425806454,-26.651206210139044,-27.54173837622489
124247.15+020817.5,-23.84958958154932,-24.345498307202693,-24.727961922262438,-24.914039151803298,-25.16595773398095,-21.97442818163617,-23.39654740288858,-25.308806844621177,-25.577886889410635,-26.097918266458286,-27.136093180351008,-28.098463215987138
124307.57+353907.1,-23.828407778588304,-23.967008740704326,-24.222390681955343,-24.261156042496594,-24.41736914894361,-23.740145910658633,-23.454835639827763,-24.600576477231886,-25.130184284429212,-25.208084644710187,-26.057338655808234,-26.855119112707676
124307.85+345943.0,-23.810623827425474,-23.905671253020046,-24.139850689394557,-24.154424906409236,-24.342968251190786,-23.463693565275765,-23.56826775904322,-24.246128830064787,-24.84149481180313,-24.943544442568207,-25.804437493334028,-26.58129843567293
124312.51+480838.4,-23.84078626747669,-24.145769073550507,-24.556397901390817,-24.651882886375557,-24.804015190776784,-22.564384160952734,-23.762071164941105,-24.914311746254974,-24.934981316668846,-25.340437814548384,-25.827769316386725,-26.67487539223057
124326.48+172937.3,-23.767547343969667,-23.9164587491921,-24.224780375507258,-24.256107399887565,-24.47085157405178,-23.663768344233553,-23.58308981438119,-23.986659338419887,-24.19909031125702,-24.735764564582094,-25.32375373658279,-26.116636678228325
124352.31+082824.0,-22.6423009646462,-22.74725023184038,-23.015361333342327,-23.16822854632192,-23.483465370759674,-22.613502383997986,-22.71369951070033,-23.752167695079194,-24.409670796445155,-25.116052337623223,-25.29490023608472,-26.10047157608762
124354.66+371823.8,-23.626309779111562,-23.922413148925596,-24.257433506960183,-24.303505858900724,-24.532471908255296,-23.62505940939057,-23.86039266917454,-24.534004317667364,-24.710778517761728,-25.16522774237417,-26.040499817985943,-26.952379599719077
124456.24-013933.8,-22.9663202749689,-23.330107598866906,-23.673820507910452,-23.812714608497927,-24.087424036056223,-22.537307281703786,-23.001511279855926,-24.06140984745614,-24.29196678402454,-24.761151038915887,-25.521339907844457,-26.523352612080718
124502.76+380514.1,-23.566537022453428,-24.02756241977586,-24.505852619737443,-24.704837903106565,-24.94257593580317,-20.926165386570812,-23.284279979646126,-25.1078281978102,-25.50188990788997,-25.44652966125338,-25.38629023370769,-26.071774655301166
124511.25+335610.1,-24.83865371872136,-24.858490154246606,-25.14846802819019,-25.376136152604232,-25.48175413481485,-24.02971753635721,-24.42674539020478,-25.37499303748204,-25.61205785594277,-26.006050441456054,-26.679284090458324,-27.56634150658065
124526.98+652358.3,-22.77704275411201,-22.93309222028189,-23.253754344195602,-23.35754733674127,-23.41512827851883,-22.69601471370872,-23.095930397428024,-23.781462918635174,-24.286441575127746,-24.783461374046002,-25.582791075710464,-26.254704664510562
124551.03+032128.3,-22.157745713998306,-22.348960299105777,-22.646672658916472,-22.96685078453553,-22.95148220777584,-21.038215074975355,-21.53499616693948,-23.176849373938246,-23.44418029619075,-24.048359321254697,-24.272702260899155,-24.88189875558286
124554.10+294801.4,-23.96382087925291,-24.15275479929327,-24.582103840179347,-24.730132713193406,-24.90352575962657,-23.399217886956666,-23.967839838133266,-24.819819713485963,-25.28451949381745,-25.556192799149727,-26.209190264825704,-27.162418863644774
124627.18+211104.7,-24.658522580965766,-24.798663575480184,-25.137629790889452,-25.15247733398303,-25.288397282374458,-24.328854069100146,-24.562817528705487,-25.45398092192544,-25.231172011614966,-25.928359709186296,-26.49177908335216,-27.41081147246228
124629.84+265220.5,-23.119590438286437,-23.368193013470915,-23.707316946605353,-23.738892409510857,-24.080584691288934,-21.404253153734793,-22.168299739667752,-23.93975928657407,-24.686411635186573,-25.100382571438583,-25.83087868224725,-26.606762775624247
124705.52+395737.7,-22.983400879886197,-23.25417796328068,-23.51572909708628,-23.545448487638925,-23.764362807041383,-23.240272509439563,-23.10278962262547,-24.115857669360643,-24.437579196425908,-25.17173223137486,-25.585309683799583,-26.35114513675725
124711.86+293910.4,-22.334046550385942,-22.379247604132253,-22.504883329607985,-22.706778163682035,-22.575394940736775,-21.753288948289075,-21.80793590233986,-22.4708762521837,-22.707153738502974,-23.244379014573877,-23.691612554485104,-24.077648392468184
124803.81+122807.1,-22.82411604080353,-23.231170631198736,-23.434390548491837,-23.49183253747126,-23.607931112693862,-23.568538459585877,-23.679741764093837,-24.069109170859573,-24.425261888939612,-24.61234697136668,-25.263987393791005,-26.075245307229153
124817.68+110040.8,-23.195456198501546,-23.52921229874702,-23.90104130693813,-24.112865651197087,-24.256714042182313,-23.207729485594736,-23.19721902032412,-24.548762445979747,-24.687469103489093,-25.61786334149952,-25.83353920548679,-26.729141423036733
124840.43+241240.5,-22.88093524809304,-23.165394485982926,-23.640217636558557,-23.726026176722456,-23.94058186895334,-22.087814337955223,-22.294385960629793,-23.53800087758209,-24.59962976163451,-24.8936408541825,-25.81092973027636,-26.75946555482753
124902.54+171454.8,-24.867494367890778,-24.953741595538805,-25.35511436291347,-25.477468570072148,-25.6290995263476,-23.940385440907335,-24.606897680062694,-25.881107356191595,-25.872129458116834,-26.207472370599866,-26.556186043057906,-27.449539636809675
124905.47+475825.4,-24.260362787252905,-24.500751519930457,-24.827390734571324,-24.900693983828305,-25.049148309499564,-24.635417825393496,-24.274026527471186,-25.141375415322937,-25.427936229543768,-26.048470699053617,-26.412959470316814,-27.437119849470292
124931.71+523039.1,-22.566449200227687,-22.61381820043958,-22.74066942203171,-22.8642894560028,-22.682756049867326,-21.72702527603022,-22.011824492843544,-23.074189787873518,-23.32521876392404,-23.799463817406846,-24.286583831395614,-24.742520033473504
125001.99+175302.3,-23.543312848289133,-23.75839192504705,-24.127032445161124,-24.302604382059567,-24.377182245619522,-22.110379339904757,-22.817888150593415,-24.360149305470443,-25.102850140343374,-25.42260707886833,-25.924133692163885,-26.846918818645538
125007.38+481502.9,-19.50762300383816,-20.714679985601816,-21.6291965252964,-22.058685910736525,-22.20069033188942,-13.67043089607222,-18.42792050425334,-22.424507407113506,-23.172507105173487,-23.58590230832006,-24.438915431412404,-24.95950401926202
125036.22+175705.5,-23.57552046015561,-23.526313141943625,-23.654021183644467,-23.671484871850073,-23.961882525182045,-23.709817810329252,-23.659704545318064,-24.09965684564065,-24.61223307177814,-25.356062336658148,-25.98467632042003,-26.83245372997942
125100.31+302541.8,-23.72454244893297,-23.976799993715225,-24.277225495199858,-24.205756709597022,-24.330606166395377,-24.36882574383464,-24.244194674252512,-24.426103789711576,-24.729815583046072,-25.31429429708598,-26.3408493660014,-27.184860614867603
125142.27+240435.2,-21.494459682801278,-21.663258580584095,-22.13559150678741,-22.4575994549129,-22.290280150956,-20.953714615622417,-21.241682566994964,-22.727994119155387,-23.04392635823431,-23.71704915222133,-23.897215726496047,-24.40022117752401
125210.43+295717.4,-23.466093058164198,-23.68188360426153,-23.999722573730647,-24.080147439800427,-24.209644590167628,-23.375966564230016,-23.45243533451776,-24.474190050869897,-24.476167977114432,-25.00320288338305,-25.59976115046309,-26.39709725981747
125224.99+291321.1,-24.56350081629962,-24.641581769441782,-25.04962050506607,-25.148800547321397,-25.295431051989883,-23.95238585827496,-24.518737153628454,-25.490622299957025,-25.33314178653425,-25.892465810236388,-26.714099324600237,-27.707617167826868
125240.06+184505.7,-23.81443868079287,-24.015833848628702,-24.463811152412127,-24.64577117695571,-24.81709166154713,-19.55261106685349,-18.210623044384846,-24.436246789019243,-24.290124499800466,-25.213605207568005,-25.86483488603815,-26.73145484054014
125249.86+112933.1,-24.72766400168497,-24.915726432744744,-25.22696816862996,-25.365447294475885,-25.502435271059337,-23.40930242262194,-24.471608532884304,-25.687834406403276,-25.577787064846603,-26.013972503699573,-26.499211652451844,-27.247110624392597
125304.50+024704.4,-23.286126765115732,-23.483552691061245,-23.698182430608774,-23.71410758521931,-23.868546231673278,-23.482409429402786,-23.293246506700402,-24.091534060099445,-24.51675483313339,-24.687672100223157,-25.237600453827095,-26.133000383832275
125313.42+101926.4,-23.985702774448853,-24.202271196777964,-24.547747635505402,-24.680934031062012,-24.813202965230197,-23.24414662900225,-23.578467151939872,-25.026915857703365,-25.1023209061632,-25.236610685147177,-26.212856675322698,-27.131739211551533
125317.56+310550.6,-25.11167551282026,-25.212994187509672,-25.48894239901805,-25.69300151814833,-25.790201415089673,-24.362256085548506,-24.922782670039346,-25.88805725303105,-25.875972048212148,-26.459063408057506,-27.25394416660538,-28.26275517748924
125327.70+145456.0,-21.622486930250265,-21.856584240888225,-22.18286764977615,-22.502274659514278,-22.687833431113997,-21.105920305672917,-21.54343627959075,-22.307879802270378,-22.66308880775759,-23.106251747292223,-24.015242674144083,-24.43380522960345
125336.70+203730.8,-23.16395398678218,-23.295508578805116,-23.623462432374335,-23.81027618014476,-23.939499269078112,-22.978581061050935,-22.979455679106824,-23.83406603329622,-24.15701690469784,-25.136992426933105,-25.920226512094803,-26.794860985582666
125337.56+471639.4,-23.30452628043984,-23.822930546339133,-24.43554378987665,-24.688856353765285,-24.918204020792935,-20.618158152013915,-22.247464812766083,-25.37307418902122,-25.20299557535521,-25.619971508828506,-26.397852849319023,-27.43951527578753
125415.55+480850.6,-23.555367379598376,-23.85343057791149,-24.124308345663046,-24.162866485128045,-24.3583540619501,-23.371931249418168,-23.239425770246065,-24.05502552371135,-24.934484402650423,-24.928454698070524,-25.781664996523975,-26.616822994546553
125436.40+053720.4,-24.33947925060692,-24.51346927914036,-24.700339660492954,-24.734994889238088,-24.936725806375104,-24.055735347973368,-24.096605142833592,-25.06345313809349,-25.442051227237837,-25.871143273387087,-26.194211140848257,-27.06455010323146
125519.69+014412.2,-24.4581442867849,-24.589846011553472,-24.75819784556215,-24.721021405288294,-25.114246632920615,-24.10544319755755,-24.06890153042769,-24.714881924080416,-25.085937613571673,-25.692512944971774,-26.679220537170714,-27.430739056679915
125524.39+480041.0,-24.159208986874884,-24.302251194135238,-24.60359097568279,-24.8514641856602,-25.050453787745667,-23.155818769531553,-24.468060501667562,-25.638934735633274,-25.46707311539755,-25.62120937592343,-26.471485836005826,-27.511872552977962
125543.36+350952.7,-22.61469471565028,-22.82839565766477,-23.010741797418376,-23.173230224871443,-23.42703113196437,-23.38033164420538,-23.572122821729103,-24.008162971430963,-24.243721977235296,-25.019723023182866,-25.27311961692054,-26.09009924742447
125547.61+401230.7,-24.29571378820668,-24.43175909607053,-24.757965455432736,-24.951397233562734,-25.116649056794568,-22.13382056332084,-24.0734147171746,-25.021421892768004,-25.306409316200618,-25.38428655674944,-26.101906779413177,-26.963360043260572
125550.30-001830.9,-23.801527269767334,-23.937239378563067,-24.211573998732256,-24.206930225064887,-24.30366309627742,-23.23432840444794,-23.651152503241914,-24.68376045064201,-24.635268366058884,-25.035564503498655,-26.020781990999623,-26.85604765007108
125716.34+511758.1,-23.325576720588828,-23.594466380834483,-23.915865692439528,-24.015254264528522,-24.255592794744228,-23.75181566910269,-23.628781215433825,-24.21926273883346,-24.85957276822317,-24.806305098509075,-25.37634946553118,-26.10310164369501
125730.21+354320.1,-23.48242168418524,-23.634571175778312,-23.826602392995245,-23.82619007306334,-23.986165336678685,-23.480447833071118,-23.292889622405273,-23.3868569391216,-24.271078135540282,-24.86387259043909,-25.45203931058351,-26.36544953360807
125739.32+080931.7,-22.328204760122837,-22.72967762950289,-23.15655779627422,-23.240746014102278,-23.247240523658228,-19.108459766240628,-21.079276295479776,-23.362319973037376,-23.833018570399716,-24.893375096071107,-25.72426780122834,-26.26174402352122
125809.31+351942.9,-21.578705001520657,-21.72630941552499,-22.178090128173352,-22.415405674351458,-22.979439572594025,-21.296314624909908,-21.276504110967853,-22.891049132802053,-23.41873150094751,-23.77097657453494,-24.52896976130004,-24.977138569976024
125815.22-015918.7,-23.222971900114285,-23.326998929121128,-23.601436092856442,-23.571742730214712,-23.75336604369223,-23.448892245438536,-23.448990020135067,-23.6400958510072,-23.99157078424938,-24.25427942572973,-25.638334429028024,-26.40874109011559
125844.38+120224.5,-24.401011167743103,-24.534571312281024,-24.91106580157274,-25.080899486030077,-25.369599063606124,-23.342695986188378,-24.526916105986707,-25.5677600829856,-25.83484018350263,-26.274920868925356,-26.611646527527373,-27.562697341219103
125846.66+242739.1,-23.091349912908473,-23.229167155897624,-23.493558426456303,-23.56265478751268,-23.843871573001454,-22.913251001661965,-23.10898005125459,-23.999618730486755,-24.531874228402277,-24.764766958580594,-25.18537412612755,-26.00368503890763
125901.67+413055.8,-24.81762133352834,-25.02829161726768,-25.456792163101415,-25.617523965936247,-25.738754849570057,-24.269597401542455,-24.415486657939503,-25.897070237867368,-25.863920215603425,-26.157919400125717,-26.68517451225452,-27.327356996909693
130002.91-010601.7,-21.978138218908768,-22.185764950762866,-22.576444756399887,-22.65368222455909,-23.008558880473387,-21.395834140574912,-21.9094082204598,-23.200562689377247,-23.144202254420023,-23.699159613340743,-24.067939891036303,-24.648913524662397
130028.53+283010.1,-24.404655271622836,-24.57636429759886,-24.89197384650531,-24.880703379013585,-25.04638593292951,-23.21321381271372,-23.89750753109037,-25.124526410094333,-25.359099526758893,-25.730327107273467,-26.215412023951014,-26.904626797873696
130058.58+193559.4,-23.102725220277758,-23.324664982016284,-23.74951657847579,-23.864284478924166,-24.092196319561612,-22.331914892856215,-22.735203163295825,-24.314004957535417,-24.47856612453648,-24.658564566189533,-25.36126827834067,-25.996206397056017
130101.94+130227.1,-23.469554422074566,-23.743113151658584,-24.15911243763194,-24.174056852421916,-24.340751607465066,-23.4649938980738,-23.685357311922072,-24.50026663234743,-24.99635209579617,-25.55570906999539,-26.381074279744464,-27.09790029280402
130111.46+340629.7,-23.900448304195496,-24.227250016458942,-24.65350990891641,-24.99986641431126,-25.205948884266746,-23.18069095631757,-23.70091239234243,-25.545664303362766,-25.79087802699011,-26.059915700794505,-26.39174425194913,-27.30367615621583
130114.47+155616.3,-23.59331175195256,-23.858522296475197,-24.20714669600128,-24.240790207011322,-24.377272357539088,-23.379825387854215,-23.442844978786596,-24.642610096143063,-24.559297098921554,-24.901601121343095,-25.644188552248615,-26.58448601674587
130203.08+265809.1,-25.103437816456847,-25.17790930973533,-25.44917264371271,-25.513568084819923,-25.643501517746166,-21.309524825357144,-24.57720226474899,-25.587331948537425,-25.75704657647833,-26.25384421031127,-26.85485864932828,-27.66918045368885
130207.79+585431.3,-23.79994436003008,-24.143598846545785,-24.586035588401824,-24.78595913385259,-24.984579782276352,-22.096007789065467,-23.381816604606684,-25.187814402933338,-25.10713489533214,-25.63948415589668,-26.677697658674283,-27.675194946260934
130215.52-024518.2,-23.678819041690332,-23.819836116402602,-24.124151297505332,-24.15968762310724,-24.30952857850784,-18.718972430251373,-16.392953250983894,-24.03210473844848,-24.532213716916697,-24.830518695966372,-25.466710848193458,-26.312919499030492
130223.12+140609.0,-23.149619086629034,-23.383792650617178,-23.65497439455515,-23.74288390263729,-23.78593180986124,-22.807017122942618,-22.937876949583927,-23.77276499331527,-24.183101500495418,-24.61366687628513,-25.1097561567178,-25.690469416125104
130236.35+305146.8,-24.221889707202603,-24.396857822361987,-24.730481792189867,-24.895866766252936,-25.121034425330382,-22.305832782678664,-23.803333755047937,-25.138479054754786,-25.66100816747232,-25.863083141746298,-26.450097205267987,-27.23422790719751
130255.44+241210.2,-24.204762878045642,-24.254893896393003,-24.605945421032036,-24.523793928151623,-24.67722744303982,-24.337518032023883,-24.252782047797037,-24.73869503468956,-24.942525023359167,-25.220196584862737,-25.37770200173703,-26.297001427643895
130307.72+194236.2,-23.33735680099693,-23.673856537078528,-24.040438962614324,-24.015176564338294,-24.14066934837266,-23.339600544344243,-23.65377697453276,-24.252352771168848,-24.8763153196149,-24.782276884238975,-25.7836441901164,-26.51657056364147
130311.36+170430.6,-23.88626621061325,-24.019758220129926,-24.291276964714125,-24.385208920531365,-24.587030630652883,-21.465401128057298,-23.562467973947633,-24.734701642479184,-24.62770059038152,-25.00157439518334,-25.86470432468301,-26.658054911296045
130325.88+174000.1,-23.816481856241978,-24.214728232874606,-24.589580543405035,-24.7868046332918,-25.01731438294108,-20.07279910773254,-23.28222958417942,-25.238180349744887,-25.321089430093952,-25.54987555395592,-25.787361564512643,-26.55635290700791
130343.27+070947.5,-24.853452636928484,-24.891797518147754,-25.162120174564258,-25.184815379306887,-25.3097709921671,-22.6571680874686,-24.355955352448206,-25.365611439510356,-25.543885581725643,-25.73872760034899,-26.57395038280923,-27.451235614816664
130345.98+263314.1,-23.1387030129287,-23.259282833011667,-23.430078399602138,-23.521485004091264,-23.796384949320167,-23.39497274523608,-23.221676327658333,-23.41569961981255,-23.849723543012303,-24.25434189465449,-24.634440886908635,-25.46039254894136
130357.89+500638.3,-22.385941070403383,-22.6516406293952,-22.97377079049261,-22.99475722911605,-23.213795768235187,-22.437094450784684,-22.352530283169948,-23.722069086940216,-23.865180250936266,-24.395596172361444,-25.10708263660446,-25.93062258229823
130416.99+020537.0,-22.29406022148133,-22.423456788345494,-22.71200576689377,-22.82922043916054,-22.843586245908213,-21.909800489547244,-22.06389544404725,-23.17036759531384,-23.58189236428039,-24.096372194874203,-24.875676175367992,-25.521394019260946
130432.98+464245.3,-22.690601491782868,-22.793752928251052,-23.193299822852993,-23.297266678125293,-23.540699618277102,-22.82880044438868,-22.57292050160378,-23.752669340088456,-24.40443627745579,-24.782375885604242,-25.281594272243314,-25.967239828443233
130435.03+184749.0,-24.930574660313006,-25.079882907811,-25.453307801681262,-25.63268434025794,-25.800394243686302,-24.833300778453648,-24.688861907522323,-25.955591419372066,-26.043639007575024,-26.368129684992205,-26.711749921110876,-27.497443451277643
130451.41+245445.9,-24.051250808412004,-24.184714937228758,-24.444321577296385,-24.43271155833077,-24.593786420962182,-24.319847258405478,-24.03931317105304,-24.733953139128015,-24.72653192003853,-25.137671849770232,-25.525886550640255,-26.449205881573857
130456.91+395111.4,-22.47187248338039,-22.64249816335467,-22.872325689215376,-22.93724812427233,-23.099926109936074,-21.769069447341106,-22.089163217761715,-23.642401169438358,-23.89918356246307,-24.617339119161795,-24.835962850697346,-25.481508405915978
130501.45+381034.5,-22.8227767886337,-23.0150318938415,-23.489718667999625,-23.722168803918375,-23.951921078005444,-22.260518537335457,-22.400058535657518,-24.077331202626517,-24.547003196399437,-24.503108651130223,-24.86441266680728,-25.616276363322893
130516.83+261304.0,-21.20829704471658,-21.550439492376544,-21.914823201681685,-22.00592844472642,-22.090552517574714,-19.699981593044182,-20.69513060439392,-22.489828339610348,-22.99251229857696,-23.746797787335353,-23.975600647171795,-24.429162296858685
130522.74+511640.2,-24.441240681941526,-24.567788565465744,-25.054255990218188,-25.23980496002689,-25.345481338242237,-24.023891650541955,-24.369645281626767,-25.36802498041657,-25.798107786467043,-26.021017199611922,-26.57807295717796,-27.559528091296205
130524.25+035730.9,-23.573976045473493,-23.67917684951332,-23.87494404272028,-23.863434736637217,-24.02734934955108,-23.36616209445425,-23.462903760955836,-24.00462050968051,-24.76959663657655,-25.26000594573611,-26.22833662621005,-27.052379537476124
130524.85+221913.8,-23.044723682678594,-23.167510404432186,-23.377554382281126,-23.34555266156343,-23.612264720643786,-23.460755885517983,-23.530252323721392,-23.859277951881403,-24.223347188304025,-24.750402589251433,-25.215686244910103,-25.92267244913724
130543.81+333531.5,-23.264883298693917,-23.424436056665115,-23.60837801165549,-23.60697850976152,-23.788555767435074,-23.35203347292323,-23.38195712817992,-23.916156075641926,-24.46182685701697,-24.879537626393546,-25.447049172624116,-26.286749613338245
130554.16+014929.9,-24.0075216376538,-24.219095734114955,-24.56908683788121,-24.547681983769753,-24.802713028407542,-23.98698625940781,-24.459836658459114,-24.972302556032282,-25.349698718838674,-25.18267428010219,-26.08029567451756,-26.843180419045822
130601.87+580319.8,-23.611554500421505,-23.68924429593787,-24.004707998633673,-23.99781710016613,-24.197120952291044,-23.909430358543396,-23.83839058143459,-24.698738935892578,-25.306747167747037,-25.9916038663886,-26.776173397983253,-27.680270536306846
130608.36+342042.9,-24.407722480851678,-24.581213855149965,-24.87320479846591,-24.93768515794643,-24.998882259951284,-24.26029360722306,-24.563805360845112,-25.32383706541764,-25.49587814674375,-25.42614864057283,-26.3896849874604,-27.156517016482038
130624.96+340135.8,-21.57204851889157,-21.672364273931056,-21.913100560512188,-22.046055684052238,-22.078913654701488,-21.65182311813368,-21.552066718560045,-22.421147186114645,-22.56895897892013,-23.270870208812745,-23.98568460512482,-24.639584551050262
130627.03+244123.8,-24.05759070054145,-24.276863156448584,-24.68756908264934,-24.868341150592805,-25.077747211769797,-23.786576190262874,-24.21325478848001,-25.564383679686618,-25.578710867930496,-25.992659097893014,-26.348098895544137,-27.285552039649215
130631.63+435100.4,-24.615091748014276,-24.709988979415712,-24.982158366011944,-25.17551768744348,-25.223337624949107,-23.679541431154043,-24.112179644971178,-25.492677394793123,-25.543636351390926,-25.75204413587184,-26.04602453406416,-26.800202672459378
130708.76+342421.8,-22.747817789990197,-22.78879399556161,-22.971415652979267,-23.126399635626115,-23.056983318646807,-22.406419099464564,-22.671568584557164,-24.240965288434555,-24.53697430930187,-24.438272555578767,-24.65902018582856,-25.046260175383985
130730.01+092205.1,-22.292967954278414,-22.423974647848883,-22.637297320490667,-22.77158849656346,-22.84116077382535,-22.00419977285028,-22.248706143633747,-23.114791459440774,-23.558004437366264,-24.05647550425672,-24.391861360438813,-24.776425418342512
130730.80+084641.9,-23.398577916924562,-23.555410559147624,-23.723892321172766,-23.78781980530377,-24.087898325673542,-23.00329363211871,-23.15440408558441,-24.040259192503584,-24.3025608879214,-24.915255697128938,-25.6077891369076,-26.35299323737894
130741.65+512803.8,-24.03923505220326,-24.233748004001168,-24.601210111558565,-24.69362303568621,-24.88436722380029,-22.653481177620282,-24.067072544742846,-25.179479818667698,-24.9115092167921,-24.823577451869035,-25.904186065451327,-26.892970501413664
130753.47+115803.3,-25.247697861110517,-25.403227551092606,-25.727474023925666,-25.891854054611446,-26.09398895273418,-24.346778669511185,-25.100631567160946,-26.080183997390545,-26.07444326923452,-26.49039915861376,-27.004773516668827,-27.8861158542291
130753.92+064213.9,-24.45386873353566,-24.618335058147025,-24.876100172580916,-24.821944454593524,-25.02332697153776,-24.061984312523002,-24.06049039981539,-24.665665795313156,-24.71279526932492,-25.203493308132693,-25.9091734683037,-26.73553052154655
130754.27+004422.0,-24.161386388811398,-24.31325760828453,-24.64619073518445,-24.763945798172564,-24.873588430150296,-23.820504074946445,-24.11529231123175,-25.017473517806724,-24.72144247909573,-25.675363536357494,-26.241222128119347,-27.188065585301764
130756.57+010709.6,-22.011783213726854,-22.65416196459764,-23.234272883979333,-23.47443739033281,-23.712816450485967,-19.269467576123045,-20.431681732665925,-24.0755459772031,-24.41263657984814,-25.070161331489654,-25.788353216903012,-26.381598695745684
130815.43+021411.6,-24.409178747121956,-24.664080274325435,-25.05096210541682,-25.178958369429704,-25.35183341211621,-18.48604043112486,-16.362616703627218,-25.48822518323496,-25.50451127603386,-26.193482649001098,-27.315195577368865,-28.207137234551464
130818.89+034437.2,-22.899291695928614,-22.941757805023116,-23.100034271858707,-23.289521837484937,-23.182396697325213,-22.87882882364212,-22.955344370437846,-23.33837674842807,-23.673594970373195,-24.30342955321639,-24.700897102483864,-25.195726396836776
130829.67+300539.0,-24.701381371466635,-25.005289271927627,-25.41409892734458,-25.563541924356535,-25.755045881314445,-21.98088085150652,-24.358460022809822,-26.166274286127504,-26.058726624974607,-26.649723118275173,-27.138963930528167,-28.031034557958026
130832.10+034403.9,-24.037562716849866,-24.21202107121532,-24.41711112700037,-24.437956247434215,-24.537999438329347,-23.360337719088474,-23.531364963052688,-24.369358814606887,-24.60983699916369,-25.06825452803685,-26.33465859169235,-27.127098029348875
130843.86+190439.7,-22.65095983988215,-22.80581442790674,-23.00879278659305,-23.135163453340912,-23.074515015565467,-22.23305595091189,-22.341506546136962,-23.25420816928722,-23.560048618559392,-24.058157065418044,-24.604178389159163,-25.111333216629944
130906.92-022916.5,-24.763923697205968,-24.932788151158835,-25.307007366445028,-25.43368784240034,-25.59811100571508,-23.64181301975525,-24.34992604406204,-25.85629954057943,-25.911106318828768,-26.156785224926832,-26.697042507142108,-27.504500664311596
130915.37+050120.1,-23.4061232310641,-23.864275973700423,-24.27192455173617,-24.350658934602496,-24.500766266651006,-18.084709955689366,-18.252461422921023,-24.716726400681086,-25.06784984018068,-25.176199581784875,-26.15809091312523,-27.03809043009407
130947.00+081948.2,-23.497835705721954,-23.501877441716914,-23.69685586504358,-23.942708629356982,-23.681079355979744,-23.16823255829736,-23.104767448377178,-24.06702430143036,-24.376457851966933,-24.90165980324655,-25.268228741380614,-25.690368708356115
130952.89+011950.6,-23.523372227616328,-23.767141838925447,-24.2288431150418,-24.381205537549413,-24.649397666863564,-21.876839290343405,-22.896721658808065,-24.89979274444711,-25.106102441188803,-25.510510538454174,-25.800991968096984,-26.69941759793963
130956.19+215702.9,-23.714157437810215,-23.792004828310535,-24.06505049825693,-24.071541465057674,-24.232740516407496,-23.72573157140981,-23.352721603030627,-24.182928793073003,-24.632335833309053,-24.700871887584842,-25.675785472630196,-26.49897199385928
131007.99+634103.5,-20.617079444030107,-21.471981265044242,-21.987891381935512,-22.118356532161187,-22.249898399666932,-17.0007858915473,-19.36430650860032,-22.126542571379918,-22.65656043035091,-23.11306190774411,-23.02083229020109,-23.37651520091354
131011.30+075816.3,-23.90588372473186,-24.018851518908928,-24.235488277794435,-24.291282445938386,-24.391010591420624,-23.956389321836483,-23.701411097048265,-24.373125616528277,-24.843725992523,-25.207841099075946,-26.144306372960845,-27.15579874431978
131011.88+195428.1,-22.183994879833058,-22.43060006269083,-22.926975502683256,-23.179691717294382,-23.283725603489675,-21.80149876974996,-21.924485579012483,-23.61980599697825,-23.690453736714915,-24.00614690404263,-24.176531649779374,-24.571404614281736
131116.86+142612.9,-24.649642898801265,-24.75087258768044,-25.153102978181,-25.072819797983534,-25.252593506606672,-23.65037364360515,-24.185673780640897,-24.76112372900995,-25.03136392623008,-25.281657542320033,-26.054862718336313,-27.108324103267854
131140.67+560835.0,-22.312062994458046,-22.341942328607296,-22.806930056515462,-22.911228348946683,-23.377160379328917,-22.31957173484085,-22.368456961964213,-23.649225003706807,-24.099265493255274,-24.438691205549386,-24.629340974633926,-25.268777431351417
131144.20+200111.9,-22.02132301820477,-22.28939065414434,-22.55425126126556,-22.660986154109455,-22.92951738640461,-20.95262971606007,-21.2080243048043,-23.322158346668093,-23.742305554931114,-24.06722475384275,-24.643941931763084,-25.266259422218685
131204.70+064107.5,-23.53254724223522,-23.778424775422035,-24.02670306790726,-24.16969858493435,-24.187823791203904,-22.005253992542947,-22.964516682374413,-24.0711162675893,-24.573863266331543,-25.146729619644898,-26.00140208020422,-26.506377479250457
131206.53+063622.8,-24.258399023990698,-24.32331892187015,-24.60948151335933,-24.701511635911565,-24.686356708841387,-23.90882703417112,-23.853812626402767,-24.72144355139,-24.764978885597085,-25.378409753813315,-26.24184557815014,-27.25040477831519
131211.13+480925.2,-24.35529480451893,-24.58661807511687,-24.889072087229728,-24.88993669689101,-25.082695053793202,-23.61766568653116,-24.164582704169955,-25.1431836107577,-24.997749878944454,-25.076782535493184,-25.868448412607297,-26.731718031404686
131217.75+351521.0,-23.37399164919973,-23.644098852586147,-24.003849770732995,-24.12559079399811,-24.04395794282982,-22.99275343492609,-23.373458497547567,-24.375298808762246,-24.568516303145945,-25.033005335073803,-25.69221868753128,-26.24978071437462
131325.26+194612.1,-23.501694637131127,-23.6369378928833,-24.013780305336983,-24.13783440939953,-24.258862439899474,-22.9774532066112,-23.280708498923463,-24.57619733622667,-24.91665955863075,-25.05439853956159,-25.844789853646716,-26.623605479975012
131359.17-032444.7,-23.51063721507689,-23.697099694341134,-24.00652064098923,-24.072751184051878,-24.262750476351055,-22.63141183805388,-23.079602947542583,-24.439644191680564,-24.948508479781587,-25.471779718119503,-26.067025730048083,-26.89100316329189
131413.39+434416.4,-23.70028774423735,-23.922014885989263,-24.33743984558248,-24.509281124017836,-24.69929103145037,-24.014110463095125,-23.763134246669743,-24.698724506979996,-24.87668779086988,-25.221595643168676,-26.09215249886632,-26.90160937930672
131426.16+372034.0,-22.608164251325036,-23.087841331412875,-23.743539424717863,-23.80395629660917,-24.055855153471747,-20.73809388202915,-21.716603308899177,-24.034628255511652,-24.73338663014358,-25.078278620295947,-25.747803450456484,-26.562055180889185
131426.49+020115.6,-23.237204211270814,-23.426991678368555,-23.777376150933293,-23.76066378595273,-23.81027466007118,-22.832529000935114,-23.17893108333676,-23.96048309777863,-24.28416858028738,-24.967781051969613,-25.648621981940046,-26.204585214380252
131430.78+130745.5,-24.986059756384137,-25.105224268100308,-25.410543012225435,-25.538215868635334,-25.57762583432364,-24.952955658982653,-25.11936698607433,-25.89396047371031,-25.939211570018195,-26.366309628906162,-26.836565826317987,-27.742931768873852
131443.80+234826.7,-25.390260045902068,-25.923271911726545,-26.51026512617133,-26.77406359740951,-27.04802987656942,-24.16288540121634,-25.02643905599266,-27.445448220257344,-28.11834720582193,-28.521365366010595,-30.27431856055986,-30.78170579553138
131448.06+381255.4,-23.83367848154388,-24.126611578930927,-24.427417647908534,-24.51005762134544,-24.655229981405842,-23.099631329508775,-24.10385415457621,-25.103719394048454,-25.178439405605232,-25.405100681916593,-26.062877858928463,-27.013403285728874
131459.85+505932.9,-23.488631232308755,-23.609602108841965,-24.02314966394265,-24.129817240100436,-24.315754742435022,-23.139040443788463,-23.16295932211619,-24.065589427195892,-24.547951820996808,-25.058584431586805,-25.658082497413822,-26.591637328962097
131513.95+155854.9,-23.05152504616638,-23.512643172796977,-24.089316987542006,-24.261283257937375,-24.512966887760644,-18.668445183612043,-22.250850152365594,-24.76341829643295,-24.987852653866273,-25.602425872643163,-26.055627583954518,-27.118089040416553
131520.94+315921.7,-24.117060338212877,-24.279861352100074,-24.568202053201667,-24.63670925941711,-24.798883202797338,-23.069749782944672,-23.706742383266338,-25.00794603741047,-24.9746518413969,-25.771849456109916,-26.123094399252945,-26.913784818930196
131545.20+152556.3,-23.61811522550513,-23.745555039450064,-24.035427007351544,-24.012118420812662,-24.142213441480106,-23.080570331554078,-23.11700028250269,-23.87197480865769,-24.201274999099315,-24.646813361444963,-25.357705185123276,-26.302897501141246
131627.84+315825.7,-23.477227579938013,-23.621332423663798,-23.962093445352107,-23.920530296449314,-24.017771173917996,-22.413964879062267,-22.862346135898573,-23.862541745103314,-24.114065728415596,-24.601344718534847,-25.569711873806995,-26.488178626779387
131831.22+031948.7,-23.533403107041522,-23.687134073147654,-24.02631213797566,-24.085198513260618,-24.274899038962882,-24.0404407626882,-23.7691877266374,-23.91956557747649,-24.679102217228596,-24.926730470604376,-25.807683198738868,-26.729903175885035
131832.15+345337.7,-21.90297970572511,-22.050235613912285,-22.332520737337408,-22.465890213178835,-22.503111620106104,-20.57133933037626,-21.277666816478522,-22.909315767636958,-23.36136790575583,-24.04737299401693,-24.01864703366602,-24.44956667234704
131930.83+425416.0,-23.523291323960386,-23.652766492966087,-23.750876739799732,-23.78843912129586,-24.101744533000083,-23.118484304422207,-23.34927775601033,-24.148843338557427,-24.58281626800593,-24.972986034847306,-25.487551296219895,-26.336322117694078
131946.20+514805.7,-25.337270614221104,-25.381405464935582,-25.7207384970313,-25.925652323725398,-26.048715774256735,-22.986817838417142,-25.021135449881704,-26.4535276677953,-26.21333769312756,-26.65373120065328,-26.613790001759213,-27.292991357854316
131956.81+422208.3,-23.976066873990245,-24.201500609173575,-24.689827666619813,-24.84644280735184,-25.15792761397332,-20.891245396323583,-22.56683070941978,-24.988731463924577,-25.306960358791752,-25.662006377287902,-26.201682290699722,-27.02873652053485
132001.17+071817.1,-25.067211182066178,-25.43202385727511,-25.85194189796583,-26.02525840091143,-26.24960757881312,-14.23109315813071,-17.596948046696365,-26.612485615315357,-26.68880893553967,-26.886643732077307,-27.48638221836831,-28.285366070948545
132052.19+574737.3,-22.818677838502108,-23.203038439526086,-23.911243918904965,-24.064580732837356,-24.31876694398403,-20.75861204098736,-21.57447530407025,-24.11382428179991,-24.186949355536836,-24.33819654351568,-24.21270884934002,-24.907860418408525
132115.86+284719.4,-24.65616801881757,-24.74215882464617,-25.155287662942808,-25.2629856573098,-25.418623883004773,-24.44222742652914,-24.311146016130945,-25.36959365587833,-25.75459654567901,-26.16179722560009,-26.653363044249613,-27.568631253362707
132123.40+045930.7,-21.983039084786572,-22.379982192944,-22.8965358707285,-23.108994974899083,-23.083033981017913,-15.539343761142797,-16.391581370063246,-23.276073937873022,-23.3731011063761,-23.763225317503963,-24.380636896328472,-25.004135232545533
132126.40+173815.6,-22.590419982191143,-22.66617210240955,-22.82152328793716,-22.862017055128273,-23.159775897303657,-22.03352543224418,-22.211795423968745,-23.725501833121093,-24.105343151993562,-24.593553301373994,-25.26031599339286,-25.935803034872674
132136.85+355553.5,-22.49743476014818,-22.916994442389594,-23.310446731437487,-23.556973425065816,-23.6647224172747,-20.798815294464596,-21.625889574492792,-23.690844964830717,-24.073989346467084,-24.603097266500694,-25.419979543421675,-26.082155353550533
132144.97+033055.7,-23.616840408519945,-23.830053834047405,-23.934410675584083,-24.057694136121377,-24.084129539989902,-22.725503558484245,-22.7461713783147,-24.164061775436814,-24.33723967344971,-24.78173948422763,-24.81634923939486,-25.5258598245517
132146.53+265150.1,-24.749215609162206,-24.85445967201288,-25.099449307481027,-25.30299836671857,-25.49694907923766,-21.978724738373195,-22.056404062645445,-25.59220404405461,-25.70403673882525,-26.450413367147114,-27.272974186736796,-28.259245678227725
132147.96+191647.3,-23.85754549932386,-24.058969353507305,-24.553183308429084,-24.785988480528516,-24.93761482878179,-22.63219318581934,-23.70284403428641,-24.876662190803444,-24.926340274338692,-24.851251664647283,-25.656160655272064,-26.450936681818945
132201.35+495835.0,-23.599297735550465,-24.060716000616374,-24.422886212098895,-24.777502800321823,-25.170712868366614,-21.819636927589315,-23.638185048604544,-25.634875159629857,-25.46769929157243,-25.7067662863105,-25.809295395637037,-26.30542558964412
132222.67+464535.2,-23.23307980011575,-23.351160982751065,-23.54635275423364,-23.53821180579185,-23.725254512320546,-23.02487601100764,-23.050162158243108,-23.609069928989335,-23.942929453684407,-24.536077325693114,-25.23066726849235,-26.074719396267515
132232.23+303211.9,-24.4390041642473,-24.716017201493553,-25.025367983801107,-25.183069563048765,-25.388508612831952,-22.711898646294138,-23.736488676422045,-25.343782862812258,-25.641951639526898,-25.649629982493007,-25.682987093301357,-26.401621853899595
132325.24+343059.3,-23.956777818190858,-24.121223120758366,-24.516517619004297,-24.506259919023506,-24.702564196315635,-23.975235423252357,-23.90122861820869,-24.631993933399077,-24.9511622103936,-25.34069736969361,-26.03501075447677,-27.009245827426557
132447.65+032432.6,-23.21909900771353,-23.388335609976636,-23.769993682562067,-23.973074592080884,-24.13647871835231,-22.536516106283337,-22.840384535834573,-24.16165578253015,-24.336934727079896,-24.702739151657216,-24.810101701773792,-25.321095281306434
132500.46+161635.5,-22.58034888724407,-22.74967531498965,-23.066287338121786,-23.097817935336813,-23.38341347694145,-22.389267946943413,-22.325604973502273,-23.80219752166669,-24.016369429532908,-24.56040881747138,-25.03419955290193,-25.888639656809584
132502.65+650415.3,-23.998337418280535,-24.210386298063828,-24.3497251293357,-24.318506286600336,-24.454684009425517,-23.887447094822527,-23.9264505969452,-24.6259203061077,-24.985907851773383,-25.770193753053,-26.245405781118418,-27.072212689761777
132503.79+271718.7,-23.171601876646836,-23.372076766009357,-23.633523769997996,-23.758151120784376,-23.83173884707544,-23.33242416658447,-23.08601101300803,-23.68704177869684,-24.097457728814117,-25.024025238609653,-25.763438233890657,-26.591195773778583
132514.96+330555.6,-22.310317300451164,-22.634138101823485,-23.091861489656505,-23.22728513216791,-23.337916957077923,-21.97256081779833,-22.147425151318032,-23.50468299204648,-24.065555192426608,-24.546511752388835,-25.32128946589468,-25.994274941924754
132518.84+661459.9,-24.98638473154867,-25.062682119326773,-25.30324393988394,-25.366957141787125,-25.415153865743676,-24.417666198997892,-24.564915940276375,-25.33012139308,-25.355874631314883,-25.858878559651814,-26.652313644087915,-27.474532703352907
132644.96+434804.5,-23.853335441946918,-24.002309924355576,-24.4279303615301,-24.65615077136548,-24.839957815093808,-23.14782417538308,-23.752928045195624,-25.277913774545556,-25.612576554096005,-25.88113746145604,-26.014829307821103,-26.90060895176347
132646.21+210057.8,-25.222938952467054,-25.343507176803858,-25.63388481144251,-25.67014055509467,-25.767604624681734,-24.437795158315105,-25.017270025973087,-26.08800467413202,-26.180631402364547,-26.49243988354753,-26.706858439746465,-27.558644796902367
132657.18+273316.7,-23.94453382938974,-24.06206456418886,-24.451297714778416,-24.704690628987674,-24.80821861711489,-22.651834094517493,-23.198267486804955,-24.667620820214463,-24.727794164731574,-25.341795184862768,-26.33431464003668,-27.318826940177946
132722.56+071609.8,-23.11075302578431,-23.391457103136453,-23.781631613367466,-23.91697930747503,-24.12923814664315,-22.673812572141884,-22.875676389779194,-23.872747111081463,-24.40103121802324,-25.003953696594323,-25.9299522419928,-26.774612574876443
132742.36+093633.3,-24.729958718041445,-24.81573756591729,-25.109653672076416,-25.265050001353806,-25.341349164294197,-24.329392046639988,-24.578359273177256,-25.536454039716464,-25.608031696550672,-26.118397967912426,-26.567811902427046,-27.498080358102374
132756.15+111443.6,-23.5233533094777,-23.862052557425102,-24.30318370621287,-24.44006974625803,-24.58073674421824,-22.878097215638928,-23.545106665382086,-24.838991758537006,-25.0168268931072,-25.347144940119712,-25.743017558142064,-26.7389488789505
132850.29+305420.0,-22.30628790280403,-22.481846895653934,-22.78348610289871,-22.996224041598907,-23.225325761885514,-22.436949957123197,-22.485813930644778,-23.16520830491953,-23.5407244817606,-23.850061058916687,-24.31386425552731,-24.991115939845994
132852.42+373439.4,-21.974802852246455,-22.190822830072197,-22.651861622912946,-22.641502726819365,-22.981034827363263,-22.104040364396226,-22.31607822527225,-23.40002747863022,-24.158976693071754,-24.535507933493705,-24.6840592129708,-25.43318428645285
132944.15+102604.0,-22.525260037040326,-22.87595368251298,-23.28321189420508,-23.371789964521867,-23.615509603482234,-21.934663558360032,-22.331370066243778,-23.91254318686408,-24.450725860995906,-24.78243369198387,-25.40462725542251,-26.308821336933107
133045.15+281321.5,-22.88859666831937,-23.056272574868284,-23.512597824531003,-23.56015881563405,-23.77586664664735,-22.83628799473698,-22.69154197741513,-23.3229629504627,-23.967436055945026,-24.39305021701783,-25.000787289976913,-25.840871840885697
133052.54+330330.9,-21.750209072309907,-22.292091563779188,-22.936409001304558,-23.225055402862573,-23.550864849645812,-20.998039294915674,-20.993648442575203,-23.86424351921306,-23.9098013076566,-24.38602118157717,-24.682914896388045,-25.224295186793576
133053.27+311930.5,-22.374519276186756,-22.580982901101578,-22.72049809417992,-22.906405334546307,-22.859076546115826,-22.091552191927306,-22.105549752748573,-22.80408645712688,-23.183769423261026,-23.41039564539806,-23.98764028930451,-24.62543261955726
133108.29+303032.9,-24.562443829328405,-24.650851401304095,-24.98199839992801,-25.21816736661539,-25.40835679443713,-23.400315669045487,-24.413767753894664,-25.625283286460988,-25.676466149761755,-26.37137622092926,-26.49890815281601,-27.158781719813724
133207.15+215400.8,-23.43198445895407,-23.62475565857557,-24.04806077206156,-24.17628499778234,-24.399785954771644,-22.893177117916192,-22.936231661547467,-24.61105506224434,-24.926838644117016,-25.597960924256125,-26.176349376850535,-27.107900758168928
133212.48+413807.7,-23.503927468100994,-23.740845614753372,-24.080218116607966,-24.126233205028143,-24.37775330838282,-22.168155385618512,-22.776071744632997,-24.41210001473402,-24.65880872645337,-25.15992155006403,-25.35309108565278,-26.3813571171623
133221.56+083019.3,-24.022511382939737,-24.18021481050525,-24.588751951394883,-24.733556349690087,-24.950018737634053,-23.96210161088713,-23.970850263797395,-25.006182130872713,-25.075184943825008,-25.55992260062466,-26.184433846610116,-27.097483704854763
133300.83+451809.0,-23.31789719935402,-23.492868248073663,-23.52607309298589,-23.552436240378686,-23.743776065464992,-22.7888749704063,-23.020232984138033,-23.253527655467867,-23.87112113824288,-24.245162790644223,-25.195716975652886,-25.95223024523293
133302.20+584016.5,-23.267497122954783,-23.488903887651674,-23.791524225205535,-23.882969353198554,-24.0375725310598,-23.287074449425276,-23.25946750125232,-24.22238719371444,-24.38684949577823,-24.988972958335076,-25.956802580188917,-26.977942105934616
133309.75+362030.8,-23.739307185678168,-24.122427352473128,-24.410198383925266,-24.626373114130786,-24.860012381522363,-22.214529267550756,-22.717576134592594,-24.96493281820485,-25.25586391293186,-25.841372694454613,-26.651900675262215,-27.410633110238813
133322.95+170158.8,-22.94557235901585,-23.021926146672367,-23.31103524108262,-23.31534434409104,-23.523303738654413,-23.052107447872352,-22.789036278167742,-23.668364178130854,-24.130098552276692,-24.857574517444466,-25.567290782896897,-26.45607846605159
133338.61+254952.5,-23.560515346534604,-23.641527307068465,-23.806424157756677,-23.806807443171227,-24.254137785016066,-23.31165384298395,-23.406269574277253,-24.388142602512392,-25.09775932348737,-25.707073099864488,-26.296045878203767,-27.109897008677848
133343.35+161414.1,-23.765514840285633,-24.063650155325025,-24.51949851587462,-24.83187760202713,-25.045029560923002,-20.2938619959004,-23.009903734832392,-25.405119762849807,-25.658004089217513,-25.78781200197932,-26.75889785453342,-27.742865339072395
133432.34+171146.9,-22.977814786053408,-23.11153757053442,-23.30117831110019,-23.42902690729864,-23.507413434706695,-22.511368414134687,-22.751325137363544,-23.4803982694393,-23.46959618764306,-23.938957176137798,-24.544851234133482,-25.099578825023737
133456.22+321647.4,-23.259735017095206,-23.524702940131586,-23.861991643123194,-23.882380828808344,-24.134325295446178,-22.97932948853048,-23.176784954122763,-24.2972732912819,-24.741552330976493,-25.26616415928132,-25.737256472289072,-26.523165523677818
133511.58+304246.1,-22.84529993542042,-23.011019221789184,-23.31132867768509,-23.380853293763177,-23.654378672844757,-22.58508443469232,-22.556312568552315,-23.404954987903483,-24.190809590691597,-24.369202632357517,-25.439754324418487,-26.171176412244808
133513.67+200759.3,-23.82273800695241,-23.956369453246154,-24.23277633864789,-24.268404766743764,-24.398244543894243,-23.614382140691728,-23.687126235578337,-24.15544795811008,-24.45978087023912,-24.68529481860467,-25.722350443698176,-26.609025014826802
133519.23+501505.0,-23.92265627028169,-24.10959430118836,-24.418483433016846,-24.43954471260397,-24.641600566325074,-24.038546596207595,-24.037907982792195,-24.891430012698425,-25.305244134464804,-25.505942890580094,-25.929325659167368,-26.777748409396263
133540.69+125851.0,-24.16780333117621,-24.277018720347126,-24.494178269627856,-24.501464487129887,-24.61774449198113,-24.037425146906603,-23.886341852237397,-24.5394629821297,-24.773488565877244,-25.49717677113397,-26.43863197646204,-27.18053410873507
133602.01+172513.0,-25.172170082054258,-25.281902632977538,-25.689602412950794,-25.731516361756054,-25.906542658954727,-25.18143700643196,-24.862320343324825,-25.682368107906335,-25.97366541865165,-26.32667921137786,-27.007842037944616,-27.924590538446303
133623.79+414225.3,-22.781550401620297,-23.023743812073956,-23.542143393166384,-23.58188226437414,-23.794038730184777,-22.725672125594862,-22.659719618042594,-23.623383766299092,-24.00858107673103,-24.16442517593684,-25.075299448773116,-25.939322010598474
133628.16+320344.9,-23.265428264888616,-23.394118052588983,-23.642578382181973,-23.691674455616926,-23.815171166983504,-22.958560006561136,-23.014499588115598,-23.63495824609739,-24.00502427287627,-24.679211726171452,-25.456782575256984,-26.140354437117626
133658.54+100808.2,-22.328419699096656,-22.83819761363752,-23.414060572597606,-23.550009536111453,-24.05657211366062,-21.20050704648608,-21.58295726239548,-24.044059891366878,-24.28160765701505,-25.04991592415207,-25.87094940350371,-26.633422772548357
133717.49+270107.1,-22.93572678960957,-23.36754026714302,-24.013162616675782,-24.2764668353644,-24.49560208855351,-21.653427274669845,-22.61009056391393,-24.189980486619127,-24.7285827457399,-25.504474682463513,-26.203385369312926,-27.097708253574943
133719.32+594905.5,-23.399005788371895,-23.789623653590862,-24.344978472637965,-24.455760565133268,-24.664280390797714,-22.367932147041,-22.814828242929586,-24.57108211001759,-25.030237850121036,-25.511487832265686,-26.495525224845792,-27.417830085616444
133733.44+302452.0,-22.69308767927,-22.781698106843717,-23.13232142674124,-23.18639684709335,-23.370852962657334,-23.025457081046635,-23.184520812960006,-23.64215464548251,-23.959987103253308,-24.53721129130965,-25.21423457544614,-25.92839247657109
133821.87+291445.8,-24.526723581543074,-24.730520986172873,-25.099776067151797,-25.246957086080275,-25.34147214045187,-24.619229756106503,-24.37895318579983,-25.31420920468327,-25.357739369825573,-25.853720528929898,-26.347292141160427,-27.12618691642703
133836.72+441442.4,-21.71375448225224,-21.82411285327283,-22.042044539353085,-22.28416936783166,-22.366405949300027,-21.70239992410084,-21.752108956407426,-22.475298264087925,-22.9467412794495,-23.648842726400144,-23.705822293008485,-24.314658640985012
133910.57+063923.2,-23.896136082033028,-24.0809092600833,-24.536457900246297,-24.77197094073911,-24.874134431254586,-23.099422323331975,-23.176076256286198,-24.95497153020959,-24.882928127020353,-25.462983542311214,-26.32899234889116,-27.27354795730622
133912.37+535527.3,-22.135017083887877,-22.183934260550647,-22.489867325670488,-22.723643927879365,-23.04958420802395,-22.338187421212773,-22.74748400587894,-23.36405348942307,-23.917556746214466,-24.481241329334107,-25.28996589885179,-25.8702669332047
133942.71+182955.2,-22.010577003284745,-22.48102884208658,-22.994130021905967,-23.08265846117737,-23.241339415226424,-22.036707218581437,-21.92890778741072,-23.251838137473296,-23.964663050561498,-24.33184058235152,-24.96236586042935,-25.815999819923167
133957.98+613933.5,-21.516692465054636,-21.839591914649848,-22.266934802871965,-22.42631993260666,-22.926522764960037,-20.16589869176523,-20.685042570063423,-23.396903345858593,-23.35276381664624,-24.088278107743342,-24.24161322110859,-24.913329400753753
134026.96+240507.7,-24.15299200462073,-24.084211780970858,-24.395655398691115,-24.64630177420549,-24.654537917600432,-23.588335623144307,-23.577336294156417,-24.460095235016187,-25.1125185239485,-25.41318899472467,-26.348879422396276,-27.21244783200001
134032.01+052158.5,-22.321951939212372,-22.331488982311026,-22.500418107344107,-22.562589689269416,-22.765519436625855,-22.46345309620253,-22.722908043079716,-23.056954903647984,-23.53044375912481,-23.981980463846007,-24.878022814313024,-25.36390271862371
134044.52-004516.6,-23.083842818227875,-23.231190418879926,-23.45806751008028,-23.49066265057868,-23.828543190036097,-23.244078818638712,-23.230722493646976,-24.032084266448056,-24.252804047266217,-24.871595481090548,-25.183585595986923,-25.957361197316214
134100.12+352308.8,-23.288257372383292,-23.547861203769276,-23.89214934483705,-24.049941544359505,-24.29747995906625,-22.305659201114377,-23.259332647277954,-24.75976305416213,-25.08529404788759,-25.453286853679664,-25.665321398628983,-26.6320704284824
134114.52+355339.6,-22.06959850822151,-22.098497135555025,-22.39922403318663,-22.498282895186197,-22.937354425896267,-21.230881055147265,-21.495637862115064,-23.538488599369984,-23.845545923883837,-24.525809921109218,-24.758820904094506,-25.431428685494232
134207.38+041703.9,-23.657590770389746,-23.8944713625691,-24.207967395070792,-24.326058340336264,-24.534657389050068,-22.6302986534716,-23.09578569601892,-24.51364004158435,-24.938190992518845,-25.35637945693256,-25.995011539125397,-26.67699250775301
134208.19+343906.3,-23.41606826497019,-23.506080586521424,-23.675250340212557,-23.68973794214755,-23.859370840267744,-23.115184334881665,-23.122735635160833,-23.856256618262652,-24.13912795080807,-24.8337086065524,-25.078035516779853,-25.93276033004353
134210.98+423507.6,-22.301010459738496,-22.76713398736405,-23.249882296093194,-23.437558690295532,-23.694720317822526,-21.14047284427628,-21.53414976629254,-24.608293210217795,-24.97290649087517,-25.202779317794626,-25.75193853832079,-26.535195886266823
134223.83+575747.6,-22.27260224918813,-22.65309877310189,-23.0620951181167,-23.100595099366004,-23.431072383821125,-21.192792704746214,-21.646201959993427,-23.16163618180099,-23.89493358866552,-24.283058097492333,-25.103263549447856,-25.828472302079952
134226.20+652348.0,-23.079049807031968,-23.5816531314367,-24.105681263901946,-24.297293064867418,-24.570064188968644,-21.37373556590894,-22.252643210779954,-24.629717993585526,-24.952133606322935,-25.207653676209112,-25.998095609180783,-26.867278984728735
134231.22+382903.3,-21.779760560282146,-21.843880674703165,-22.06666884201348,-22.267987353990726,-22.125955914916737,-21.89689127472325,-21.89569358000621,-22.158184637674594,-22.651352285818124,-23.066402521466394,-24.264213633788273,-24.753037821571297
134246.58+613435.4,-23.16873873518464,-23.26486882554056,-23.682820597871835,-23.73739782442259,-23.90859588316632,-23.11736976790522,-22.97858941242653,-23.763670525419165,-24.214330193413847,-24.953095774085444,-25.825084285685804,-26.80392367874546
134246.89+184443.6,-23.317299497163052,-23.55362645718028,-23.89383432782543,-23.887205788682984,-24.240992172259112,-23.50703381011371,-23.347847804799578,-23.963555945835857,-24.43496540180167,-24.992052163622887,-26.05187809782137,-26.747359420572355
134251.60-005345.3,-23.352614377961025,-23.35316002297794,-23.5287811193811,-23.56123591273733,-23.714485680628734,-23.188307058666364,-23.27518601680467,-24.245841707656723,-24.86206252738131,-25.663426554559436,-26.438441472219676,-27.113520880023824
134300.17+284407.5,-24.589714853824123,-24.915094477993133,-25.330242158625968,-25.42146582685746,-25.601770178094004,-24.203236132076178,-25.010019611909662,-25.94747686415623,-25.802661562301232,-26.48462208818459,-26.826554552493274,-27.44122045268261
134445.10+075729.9,-23.654004253431253,-23.78693598290198,-24.10236613038226,-24.247463123365286,-24.303962395600625,-23.286161691562253,-23.743602577509236,-25.07556777361283,-24.99085876967977,-25.31529803092963,-26.1460387805158,-27.045889030871606
134538.44+284935.7,-21.545068194198493,-22.28402035290572,-23.100260085052177,-23.376881109297106,-23.692624610074404,-20.88939557023381,-20.540232984102005,-23.729171299375658,-24.40963386801287,-24.790612966873873,-25.224743673333695,-26.127966790718638
134623.60+234618.3,-22.476621300776824,-22.68663579496668,-23.110779606940564,-23.172217270688076,-23.363328894705866,-22.36869475186278,-22.81033954224231,-23.597778726959852,-24.25428175136732,-24.87892029304475,-25.248212831268994,-25.965472101080074
134701.54+215401.1,-23.44750501413361,-23.811364244606473,-24.011303416165045,-24.00171080766996,-24.162896742738248,-23.56133566337499,-23.377142453431638,-24.500898508397754,-24.074964364399182,-24.492737414736705,-25.599073848525915,-26.476171834284877
134704.91+144137.6,-21.492178753954484,-22.056783392912553,-22.40674555915433,-22.385320088855533,-22.49139908352827,-19.684818461902413,-20.93652500204664,-22.729823897699408,-22.928732254202842,-23.254358670052994,-23.731076882265643,-24.003794036090337
134719.40+590232.7,-26.220842353432168,-26.25972992375344,-26.564245417425024,-26.685324249203592,-26.681377465362107,-26.00695354154586,-26.05474562889967,-26.345882726415653,-26.34947178504179,-26.72680896961943,-28.134358010945427,-28.96523152157051
134737.45+301252.2,-21.939592701085928,-21.946114107635136,-22.24212134139872,-22.461325603601704,-22.206396432755085,-20.94061851101511,-21.39205498027226,-22.72890502901419,-23.14351058696077,-23.571987666019638,-24.11562421760284,-24.420020888075978
134745.58+031050.6,-24.386768539593447,-24.455124565072808,-24.802504335676275,-24.970962697124374,-25.112497101771535,-24.180610045445203,-24.550183224163714,-25.110590974402324,-25.33743777012136,-25.40877939802473,-26.6315923199768,-27.48915412132496
134749.85+582109.4,-24.681950800581586,-24.90250800857054,-25.230628640703756,-25.174431023802697,-25.335607212144044,-24.790201000592447,-24.798296920218828,-25.356176243797233,-25.674596443823283,-26.115002291230887,-26.83169704109139,-27.704504490860707
134804.07+603130.6,-21.993589238922414,-22.16595599824336,-22.374598763381382,-22.52992807275808,-22.46257227202712,-20.980987773068417,-20.95127020137086,-23.14413408577927,-23.549875615485554,-23.996461275225887,-23.829642218155268,-24.388912567897158
134845.44+451809.5,-22.989261928676264,-23.14959140260389,-23.234079111635417,-23.364198420560907,-23.48154251856844,-22.5481383608329,-22.761428261510954,-23.43016695912478,-23.76095804413942,-24.066048135260928,-24.449115872483123,-24.979030636791087
134918.76+223731.9,-22.784177962405717,-22.921364786115216,-23.113274313656326,-23.22428806754551,-23.427128727899657,-21.77284885369634,-22.08957687650858,-23.354096900829372,-23.778876324594126,-24.493590774857154,-24.551789745895043,-25.251742934150364
134948.39-010621.7,-24.762888509299593,-25.110956128123657,-25.56675679907234,-25.74048594214786,-25.954210407657733,-23.722603280165828,-23.868575810363684,-25.95050627256266,-26.05573897827574,-26.11224105386666,-26.433905989509867,-27.195762351774203
135001.92+275506.1,-24.334267343761212,-24.51109898714946,-24.849034222902354,-24.869678714905593,-24.938041243347943,-24.701289964363244,-24.467233614304437,-25.068701453586883,-25.30250484578553,-25.633959968646057,-26.103508098589046,-26.818511349224362
135015.35+362654.1,-22.9710633403425,-23.292523441061853,-23.701447099911146,-23.755068027040473,-23.926470907612,-22.655334997136585,-22.89011561686959,-23.892859351869024,-24.26451389626065,-24.705405197899726,-25.501180881923272,-26.349533895200384
135044.88+252839.0,-24.038308256566918,-24.32851644445533,-24.746001469973052,-24.90161665771046,-25.10092298006439,-21.772542412322952,-23.850892019947363,-25.201706416253494,-25.2984912168025,-25.73868708143185,-26.09216510276698,-26.902957324636954
135045.65+233145.1,-23.180194610353226,-23.393354417530162,-23.548730253542335,-23.618877290379086,-23.942340398550602,-22.515893135545813,-22.856212138134286,-24.090584588869362,-24.618960847054712,-25.03465747024773,-25.7987401856858,-26.56026407814526
135114.75+224323.7,-22.915930490641465,-23.44409121287399,-24.016735820414194,-24.328407613836085,-24.57010601998155,-19.953578089490424,-21.933613431942366,-24.76276144865851,-25.044168550431408,-25.062414071527954,-25.72992158430432,-26.610580145539096
135151.94+394307.5,-23.780910810346537,-24.176572079903863,-24.52203531467877,-24.62167469247031,-24.93511108653198,-21.333283442563886,-23.408367136422857,-25.061466816330274,-24.973381678993345,-25.356258648492386,-26.157027306734754,-26.75775861058854
135259.95+395347.7,-22.415318398949783,-23.06646678112471,-23.535037129073984,-23.756456055466874,-24.045333235230128,-19.39122268559454,-22.001485344977333,-24.97102653746804,-24.88139420677568,-25.3137939010742,-26.19100073115302,-26.963912300597837
135326.12+362049.4,-24.300038258554125,-24.475237325538323,-24.534142422182896,-24.57800355456466,-24.743839197339437,-23.413642018915976,-23.72759997441206,-24.727443284496797,-25.01969920024373,-25.642678773446423,-26.476947825958423,-27.127729288687757
135328.46+194512.5,-24.110968323100494,-24.266904556098265,-24.596117253730295,-24.722750355679455,-24.880605622241283,-23.25061406730686,-23.833794693869912,-25.040407197137657,-24.95025026730965,-25.023449421051108,-26.146029146084494,-27.041062040294452
135335.92+263147.5,-23.439238248662594,-23.578996522775817,-23.71444751051624,-23.815926704972775,-24.131837879878145,-23.10163928633349,-23.272186029697377,-23.85678699360279,-24.226982588000826,-24.733709978724143,-25.0713919508079,-25.826745276447163
135459.64+405218.2,-23.020581435267804,-23.158694545724686,-23.493679222834228,-23.508561507805652,-23.666863017533537,-23.040893048945513,-23.05202805593562,-23.80194810149077,-24.308780899854533,-24.86605524623114,-25.06668412798242,-25.95637910537871
135520.97+385058.2,-24.15628677116161,-24.296637302341615,-24.61898942879791,-24.595489172904067,-24.732402207090132,-22.870053376600254,-23.938539212011506,-24.52188924088633,-24.936911647132785,-25.254052054041896,-25.93282828137468,-26.610216336962846
135529.06+352332.1,-23.275456391643335,-23.46869345870328,-23.593252979558283,-23.668621064798963,-23.83927989472092,-22.56800919526169,-22.552271175231603,-23.421867557635593,-23.520320102564188,-23.77990434295982,-24.59919537912277,-25.23937331859146
135534.82+395910.1,-23.1818904843468,-23.394232771607864,-23.615028923806015,-23.659117949656906,-23.838882477611598,-22.697525014125755,-23.068819956962155,-23.95548454028693,-24.305893115140925,-24.732915860468804,-25.275183566146588,-26.12874893500345
135535.47+155750.0,-25.126988310075546,-25.427342880291086,-25.869007489494464,-26.065739869684528,-26.20409092974836,-24.836698608530245,-25.01106300639002,-26.352339564651263,-26.257808393861648,-26.706497580988266,-27.40014843564197,-28.16903107435812
135548.65+391705.7,-21.992094959111938,-22.242545095969955,-22.7864252547747,-22.867163631602256,-23.111375630351574,-20.032855800664453,-20.91464396725287,-23.085133703175497,-23.80106229598027,-24.02894245367288,-24.48314429948625,-25.194646454368776
135550.20+204614.5,-23.28363559902118,-23.62300427638159,-24.051145885220517,-24.218158640057627,-24.167999672081592,-16.118664185930495,-15.103298185502673,-24.313803619470054,-24.90668717156686,-25.565049971097718,-26.347010017535396,-26.886606161106524
135559.35+334658.3,-23.32383720154481,-23.54938717853486,-23.820970095298172,-23.840750716973687,-24.009092726332927,-23.07845735693604,-23.48567207743532,-24.778950151850314,-25.13798225549611,-24.99522571785038,-25.74009983947845,-26.46131753442892
135559.88+260039.0,-24.90625624637474,-25.164682430498722,-25.534438083948814,-25.68387502093193,-25.892491838925498,-24.07572291936319,-24.792287473553206,-26.169495281362227,-25.970858667828708,-26.288057038606958,-26.865148451114543,-27.677707371072177
135607.37+413615.3,-24.48753590548114,-24.793325344302637,-25.116694099169163,-25.194888850290198,-25.300180234204795,-24.322186106806576,-24.47770790908839,-25.769112102888872,-25.81055817930376,-25.963555960601823,-26.429985425137527,-27.219809936169916
135625.55+251523.7,-22.809544077127356,-22.918851287046934,-23.16498531634139,-23.405910367640725,-23.216792888087465,-22.04314942675076,-22.342293111176456,-23.46607124723013,-23.899881299008644,-24.49556468433879,-25.04858880264426,-25.50204587111045
135632.79+210352.3,-23.487113282132256,-23.571085915902053,-23.722471203213733,-23.820633997529583,-24.03531782800817,-23.20902679245666,-23.23193031726425,-23.70375695582317,-24.323902986502098,-24.770306996331175,-25.580160859947288,-26.235128152793237
135700.96+083709.8,-22.9440088229327,-23.157050909546687,-23.47528252699974,-23.519739323063067,-23.807285340551626,-23.03616763563537,-22.91726702646549,-22.813814706026147,-24.048994427787594,-24.705422214607285,-24.898133323936833,-25.63316775572625
135708.72+201936.1,-22.9084681199484,-23.158291369347413,-23.229593982929007,-23.413492884195218,-23.617182160867472,-22.44130713522456,-22.435862204791082,-23.682110074570737,-24.31905191062725,-24.247484847946904,-24.412777895283295,-25.030004402707725
135729.09-024738.0,-24.149530651070386,-24.312837753396725,-24.559520757619563,-24.599211801323648,-24.755079727129658,-24.56166060653617,-24.215426620236013,-24.716544004252448,-24.688354579225972,-25.219350701597406,-26.013333310095852,-26.893950911320463
135733.90+203146.6,-22.07978379194597,-22.23651411001259,-22.637106570451575,-22.822979104903,-23.030594522275543,-21.4454596534361,-21.89706204453796,-23.478868410050936,-23.504618050783133,-24.42981847030116,-25.169833627719445,-25.81773304592892
135757.34+162010.1,-24.10309020170956,-24.33812645641564,-24.762928119393035,-24.96237199312605,-25.105157682842837,-20.06074143322779,-23.779066321595824,-25.46837959990686,-25.31368425734167,-25.64016928400099,-25.98455126903269,-26.824671698547924
135800.40+404358.1,-22.436040956603538,-22.704560010736074,-23.0019472866588,-23.15442544426357,-23.375146867244947,-22.411351142222927,-22.461522806296273,-23.323452862542208,-23.960637333903183,-24.47678088129695,-24.947067286870105,-25.781579701146722
135803.86+340254.1,-23.02879808000908,-23.29410005623468,-23.640612051615797,-23.70075110535269,-23.834009577054093,-23.44570577553089,-22.95726041000974,-23.914389654755983,-24.332287169340205,-24.987838787480765,-25.688398285150203,-26.64042205156625
135836.38+122836.5,-20.75079011120107,-21.743920315158324,-22.548310774734755,-22.851182085473685,-22.93477353316888,-19.29664778691354,-19.467066732375496,-23.62746889772314,-24.107518626258415,-24.505221562560312,-25.054409058521745,-25.7774489670244
135845.38+265808.4,-21.109779210609585,-21.95958941609598,-22.61092433379282,-22.789447800706263,-23.115960202734072,-16.015763907205418,-19.991482066225153,-22.900913664780017,-23.92885533920557,-24.431060360652207,-24.975587526062803,-25.672579944734608
135850.03+390413.4,-24.426527002436167,-24.61284648332002,-24.9249708704362,-25.033388864999672,-25.168218075679754,-23.708563762455185,-24.243443488124512,-25.4548807627253,-25.45939187391209,-25.695830870829237,-26.320515549677616,-27.17281377497976
135925.82+354640.2,-24.179818494096526,-24.309632216304614,-24.727564015691154,-24.828787738130128,-25.06213135480455,-23.351337997677557,-24.102091952532902,-24.824709638761597,-24.805993706828506,-25.291442727917783,-25.610034754163213,-26.42494391061286
135954.85+225223.6,-22.39301067205626,-22.492460809952522,-22.803559029867397,-22.989335387895267,-23.179458122596305,-21.153035948855912,-21.37477719538644,-23.23159738294581,-23.831573948069597,-24.597216817037978,-25.068091995946265,-25.699617705962307
135955.65+504539.5,-22.544783448213863,-22.773414928355574,-23.171233441925832,-23.189438223594383,-23.333724645045923,-22.245656660991816,-22.333795812403846,-23.530526230953654,-24.042567580935042,-24.475918216847514,-25.134350176609942,-25.835618114667685
140012.56+353930.7,-22.740851421305877,-23.1518256108592,-23.643541622228405,-23.866924702198,-24.063362167136013,-21.399545768171564,-22.19778820432132,-23.921369595644688,-24.51315931940664,-25.054800740882477,-25.7366012084221,-26.873703305037377
140031.96+040457.6,-24.399283209211188,-24.57768264267339,-24.949346750843148,-24.973958464800976,-25.2067400739635,-24.8467514344091,-24.742581373315844,-25.220069908743874,-25.54947302098692,-26.252750852072886,-27.10058891610428,-27.982730739270863
140050.22+532424.5,-21.539558530832327,-21.74599816149861,-22.090269681745156,-22.250961551500215,-22.120706279353186,-20.99775531905647,-21.674473099544638,-22.450326520463427,-22.834716018323718,-23.384856724087015,-24.22470884618162,-24.623446367394127
140104.87+004332.6,-24.19959767044242,-24.404983147702954,-24.75817009005805,-24.97925041438355,-25.16906885286133,-23.923859340479943,-24.308952038043472,-25.28681987529456,-25.576334581186632,-26.017901809011367,-26.598806460343383,-27.416054960574165
140119.10-031547.2,-24.158212615497366,-24.352552268792877,-24.718808744039496,-24.89433729164777,-25.023104195370014,-23.070763039359672,-23.575891048761545,-25.1235888464107,-25.36800301919079,-25.864819602393048,-26.237776051705616,-27.107341597486016
140147.02+232413.2,-21.619611609409294,-21.9554406671552,-22.321901417948148,-22.554319609274685,-22.554867596230068,-20.62400643105915,-20.921771170314415,-22.91061486412062,-23.22699458075866,-23.566389791760308,-23.84191173622589,-24.172555795479788
140147.38+155056.6,-24.13667951001622,-24.162791175352606,-24.441085778893598,-24.637848144397452,-24.647648353141523,-24.347119083588947,-24.00120317668596,-24.649745370348302,-24.95607548842796,-25.37642903330271,-25.882041971752848,-26.83027257866282
140157.48+155815.4,-23.04974892665948,-23.21652938792212,-23.793169446802214,-23.960022510698856,-24.154884935466995,-21.896341226447923,-22.88528834312173,-23.985653799416493,-24.18204717212935,-24.872521703348685,-25.902160593520318,-26.83594906735516
140230.53+074102.5,-24.00299395495742,-24.17779303549831,-24.573936082544027,-24.722648451338145,-24.84257006452122,-23.985996177074046,-23.95703037300032,-24.89113789509433,-24.959610066350844,-25.767648787922834,-26.578703606338046,-27.491871564930676
140234.44+215951.6,-20.286525798506965,-20.769304690164667,-21.193812422535427,-21.23559285005711,-21.297412224575233,-18.30517029813649,-19.36231935963866,-22.03758480509289,-22.43569343261065,-22.948021809059764,-23.529080769853287,-23.92110207815474
140251.19+263117.5,-22.121258297716512,-22.40396737649796,-22.882631942078337,-23.230339564093438,-23.16735136179778,-20.91053326201762,-21.555661639701576,-23.856742142160645,-24.48858604882257,-25.057746357849528,-25.77422951481756,-26.11722464081106
140302.30+332003.4,-23.73694280120025,-23.929005903107672,-24.21794913827316,-24.220070818967333,-24.482202108665682,-23.680840523496794,-23.56738736322465,-24.32220741378102,-24.72280397524558,-25.273337223014476,-25.935580311718308,-26.734450510257805
140320.70+101109.1,-23.74397424826878,-24.07966371985479,-24.40617856110045,-24.51778782508117,-24.757824687415575,-22.82416142596226,-23.623512695053584,-25.154340847415444,-25.527788771094745,-25.67931615297072,-25.794688646033787,-26.667483215971977
140331.29+462804.8,-23.544000990925166,-23.722589366468995,-24.04421147496638,-24.122403663075186,-24.38698354198996,-22.936494345046636,-23.05977342395106,-24.16127598391239,-24.69425735654355,-25.382497158931212,-26.346724693663322,-27.189152766575436
140336.43+174136.1,-22.886753785197833,-23.02359532713872,-23.400276248670696,-23.54081943728523,-23.507952083161097,-21.52610615380729,-22.492646375550432,-24.008501074166634,-24.44779134520573,-24.79941862308382,-25.57841418803103,-25.975793522634337
140356.14+080731.6,-24.093872042060273,-24.30531538751616,-24.555579128898113,-24.687251025333502,-24.860506229038688,-23.87914788523478,-23.834845400607595,-24.831534125462436,-25.27681749458648,-25.844323539739047,-26.626833392948228,-27.500431797120807
140357.70+065545.5,-22.670477804957766,-22.879047348140926,-23.08868951248953,-23.098773374483,-23.291730793192478,-13.93570931979664,-16.810328664117243,-23.991893338866696,-23.258399628861223,-23.28500146751895,-24.511566538573135,-25.316519652895284
140407.17+213321.6,-23.177355204567032,-23.471089991609976,-23.812173534169627,-23.623202248449317,-23.924909662863044,-20.40448913817532,-22.157484351184568,-24.02434129835411,-24.425160031713006,-24.90089001770834,-25.55435968991043,-26.115637593286507
140410.58+093745.2,-23.342711147041122,-23.500320911225334,-23.707586912986688,-23.831922669364335,-24.201449048499782,-23.43639761116446,-23.44097851079461,-24.569766881372743,-24.68978298661265,-25.2914560152109,-25.700971596564127,-26.46491743683192
140438.80+432707.4,-24.190848871274483,-24.826663702601365,-25.339453053297,-25.519974751428325,-25.576158677396055,-19.82361980619874,-22.555348671515436,-25.61065703248247,-26.090902098309872,-26.74740149174328,-27.66539503269317,-28.399620970103403
140447.81+053708.2,-23.249968363748266,-23.640273929098942,-24.14864399503107,-24.34944552721387,-24.54035831021714,-21.569718210729153,-22.592458759223145,-24.524955569670425,-24.901882179895768,-25.769088086744997,-26.422311259505737,-27.3859298956304
140448.69+162222.5,-23.113256668550576,-23.244687304349128,-23.673562924426314,-23.760793940415507,-23.987945364093004,-22.80440248769396,-22.867673272421587,-24.263229325509688,-24.588054737018652,-25.15682936932644,-25.760498109922203,-26.54860448007248
140604.24+572956.6,-22.29039236936607,-22.314457804216485,-22.64437536582074,-22.809523452886342,-22.910803238561208,-22.20753507899256,-22.39870196336976,-23.344708219349872,-23.74564255134592,-24.136802153574592,-24.535852203330954,-25.16945438542784
140621.89+222346.5,-21.847578349651215,-22.128605779659345,-22.34907577691371,-22.287246312852727,-22.20408201013607,-21.270582067725666,-21.532991988432588,-22.462361264785038,-22.820458920221455,-23.208206649137374,-23.742733848306745,-24.051991231868982
140626.60+250921.0,-24.996790555077464,-25.158912069622044,-25.567389049454462,-25.5481845928186,-25.73942864053165,-24.17401060710523,-24.991814649013566,-26.27837839794343,-26.112983019326393,-26.29095148126611,-26.48133019040603,-27.309811684203815
140658.70+144238.3,-23.59826759602482,-23.78126720564781,-23.88828211816914,-23.999741231979996,-24.032654175964055,-23.304536779129005,-23.371311578913215,-23.752119204464247,-24.091097279748233,-24.731400296557776,-25.44720312101708,-26.207633266770753
140742.20+293321.9,-25.032795662482567,-25.238041122994826,-25.58446795148702,-25.605499823936327,-25.733856470634585,-24.785930106913902,-24.72309031811008,-25.63058564020475,-25.791161685947912,-25.94780550657321,-26.49826106314381,-27.306161551237917
140753.62+174836.0,-23.41733727584889,-23.510638021766532,-23.856400771021587,-23.967670049184765,-24.33742744646358,-23.068314366668442,-23.020470265386493,-24.131092032817417,-24.413828107193943,-24.532087970724067,-24.94776141655745,-25.587911464652514
140801.49+260632.1,-24.610941329103234,-24.780842928368596,-25.176409434863377,-25.357496849946898,-25.529532851292743,-21.914103844699515,-24.281813454272392,-25.783747689838908,-25.759611547406163,-26.26099543025302,-26.677745652957743,-27.553474670934758
140808.20+430316.5,-23.078412505138527,-23.17133939630155,-23.370591674569056,-23.457519594404154,-23.521911931270765,-22.46902247227135,-22.42608649252612,-23.715216594032725,-23.81048461441077,-24.460769190276952,-24.64545885056029,-25.319123352008432
140824.76+543817.7,-22.158884242205964,-22.338869991723065,-22.598436558239037,-22.798799055433264,-22.689294647258507,-21.631800982251114,-21.976541238151466,-22.884540443728778,-23.16503456720755,-23.573672606961946,-24.223106055153973,-24.807975625919156
140849.94+344816.0,-24.820299978111322,-24.92357236755936,-25.044982658017435,-25.000550249874102,-25.083152020719865,-24.569360235505496,-24.575423000172815,-24.844794646547356,-25.52539761986528,-26.255695468231526,-27.020656060219395,-27.887614907427334
140854.16+565743.2,-22.862709347352283,-23.105616346921117,-23.59319015237904,-23.791800239708262,-23.962517804638413,-22.18904204168246,-22.31427172057702,-23.9646276873513,-24.216110271459304,-24.572095326567172,-24.74459005905788,-25.533858748632806
140914.38+163058.6,-21.506656534911556,-22.08325015126479,-22.553325854328452,-22.753075764444226,-22.978325463938504,-20.266294495377863,-21.02086446634251,-23.148828274651084,-23.754041742353355,-24.42793441851396,-25.407310596902825,-26.054777369922764
140929.14-015717.6,-24.066741136777377,-24.221569536877247,-24.457906176716705,-24.502120018092644,-24.646425277575105,-23.527259585010313,-23.6258258202351,-24.500413145988446,-24.94320983311288,-25.414511127565206,-26.027470988462873,-26.81127981019219
141038.39+230447.1,-24.89731731586969,-25.01057336078606,-25.18471661327358,-25.197246511504108,-25.24066725498805,-23.91304042311491,-24.486424390396024,-25.04940878957732,-25.33451232250782,-25.852011803307423,-26.268082693396735,-27.20387783597745
141042.69+274155.2,-23.094112625806762,-23.281333723322643,-23.6319214410104,-23.727127835425776,-23.808981728746087,-23.292959087512745,-23.023704750800793,-23.741664686044675,-24.012115199500514,-24.58353204973397,-25.205821072625536,-26.09206436503495
141053.43+091026.9,-22.561243843680817,-22.661637148962203,-22.889913045043897,-23.093523055705077,-22.919192461207075,-21.791874765574498,-21.671209608203917,-23.37399951308278,-23.9596618389112,-24.464840588043945,-24.534520103761103,-25.058102645123245
141156.20-023851.6,-23.854803204409052,-23.987182556462226,-24.295718189704427,-24.47637430377116,-24.58146373362159,-23.48773251061008,-23.49306243240125,-24.64170702235239,-25.002082782048767,-25.63116493588109,-26.526886624884266,-27.560211592804652
141159.73+423950.3,-24.93410709164683,-25.019290761260844,-25.340980336465336,-25.453665117099035,-25.596382286730783,-22.107494675699883,-24.530173418052165,-25.653173578291536,-25.633641266214582,-25.97184169266496,-26.58140906393048,-27.400822278832827
141208.04+573956.1,-21.174080298458247,-22.216704466277836,-22.959267351755326,-23.269895024638434,-23.405824833158103,-17.135081693953325,-19.3930458314505,-23.473316372059056,-24.3492242895044,-24.481220636583682,-25.363604341316023,-25.963874976082437
141215.94+571104.0,-22.650040384652645,-22.864953120410334,-23.157625108944462,-23.247144014674166,-23.44773869044061,-22.863123565467852,-22.885071712755863,-23.544577726058677,-24.18971991378763,-24.29104280979256,-25.14724650622917,-25.82114644833777
141235.06+614009.6,-24.369228576570155,-24.57476332709009,-24.980974363661613,-25.20427651852028,-25.385764337133217,-22.358150540075354,-23.308208099584956,-25.491775560231382,-25.598211156758875,-26.00196898112806,-26.75463125853008,-27.767827884492657
141239.23+093048.3,-22.084217727030477,-22.246655911739925,-22.50746766784975,-22.6210190563692,-22.700817706712016,-21.44943377879897,-21.863658473922502,-22.769796874204594,-23.154230165817225,-23.77922251387631,-23.940041418316707,-24.474889617943663
141241.14+071745.3,-24.400189764500514,-24.694910436951318,-25.113599380313918,-25.462524451777966,-25.655665330834978,-22.584658366761087,-23.850725724886605,-25.7701895700603,-25.589265241707373,-25.992715800516685,-26.17211522008431,-27.004769531593375
141309.14+092011.2,-24.26234769219855,-24.385872136722586,-24.608466772473555,-24.554178741880975,-24.754621836374746,-24.190237353264028,-24.24395404304847,-24.415297621642246,-24.948331705207153,-25.63552820889702,-26.233144985885787,-27.13799010362471
141312.57+564113.3,-23.60151668830249,-23.99298281943648,-24.61373058699603,-24.897226180428223,-25.190073678016827,-21.83707809670109,-22.797542112295698,-25.347526683355177,-25.60612238934732,-25.729981429973318,-25.831757594911924,-26.49236379648912
141315.28+290637.7,-21.53782296825938,-21.90831796747208,-22.32784228349367,-22.579812172781047,-22.668486714959098,-20.3883020953704,-20.806272851039203,-22.820575383452784,-23.555445653805823,-23.65702653641106,-24.019944223622417,-24.545970448061492
141334.49+355142.8,-23.277214389802143,-23.381160748416086,-23.548702943609396,-23.639848039174705,-23.906356919889852,-21.868487347266978,-23.144069566430918,-23.506692828549657,-24.439343224338234,-24.917007344663684,-25.325761162910535,-26.005051405245922
141442.90+450233.8,-24.02324862197629,-24.269797548533777,-24.6888237818768,-24.871727656888897,-25.05677292430465,-21.521571204147175,-22.997010491088222,-25.13333386518578,-25.160022746711423,-25.829382028574706,-26.070350058766422,-26.969073318653503
141456.84+603918.4,-23.7937202432063,-23.80492129102035,-24.10558555640967,-24.162161985845017,-24.164701615246127,-23.036038399459986,-23.39565335380809,-24.154936749394828,-24.46906631252017,-24.696609572760895,-25.482411296429017,-26.334910918608962
141505.67+444807.8,-22.305439490725664,-22.59408491605404,-22.853852875687952,-22.938703219696738,-23.154795812246338,-21.950544101177183,-22.10638509601492,-23.181956008438178,-23.69882397734528,-24.25398815085534,-25.074457416070036,-25.7734585169725
141518.93+261302.7,-22.411784087703694,-22.73893679524426,-23.10522961038245,-23.182609276993063,-23.51503554824763,-21.46919126494356,-21.624056722502075,-23.420889866207677,-23.845063643759577,-23.97349144232329,-24.67385641357739,-25.529651369202575
141535.94+483543.6,-21.812042246535988,-22.132871151936538,-22.70283945379387,-22.88041778778888,-23.097175204821337,-21.917855892410902,-21.999813297128235,-23.406259620504457,-23.922591499051762,-24.39231848331535,-24.7730254495363,-25.23360607058424
141555.65+250114.6,-23.678044622552928,-23.9840896275606,-24.410135835760155,-24.499111176397328,-24.69415861937297,-23.719487544926412,-23.370485567365783,-24.67478170889693,-24.713890434113043,-25.414910632556474,-26.09424071152375,-26.940291582692055
141625.70+535438.5,-20.750531822756283,-20.96307255146329,-21.355938881948813,-21.587099991058587,-21.810399021547678,-20.768145893006384,-20.78012546047784,-22.332372101668483,-22.732466735592617,-22.985093313635478,-23.36488226574886,-23.864593006804768
141628.65+124213.5,-22.941982407709887,-23.034121761326112,-23.170421247157808,-23.23220734888537,-23.58281995139229,-22.5675640441351,-22.753698848324028,-23.443899567851364,-23.757522526277892,-24.21323348296252,-25.081962987247124,-25.824926940063904
141658.31+342852.4,-23.948150326996526,-24.043275966371496,-24.31785073469288,-24.355014057922098,-24.44406219941503,-23.262147875373408,-23.462669945195852,-24.588628452340657,-24.848224044953934,-25.554719448249568,-25.79718154317529,-26.501467770884826
141659.76+535806.6,-23.36199654682194,-23.59724832985083,-24.00152873167906,-24.09069482556911,-24.2625029470843,-20.788817820330667,-22.478284091658878,-24.674065635812727,-25.105533896811664,-25.4758707219823,-25.759762347143102,-26.68851483611679
141721.79+534102.6,-20.88003376169203,-21.169867345461082,-21.59099344421423,-21.677756949280212,-21.78261350857401,-20.10347218354967,-20.168532358648353,-22.2273319681355,-22.075528417705964,-22.731630294138526,-23.021715663007985,-23.553074649305838
141743.92+602952.4,-24.63624549913374,-24.632036832178088,-24.959573988415958,-25.187389053756043,-25.26513085766602,-21.419192880240796,-23.729850024832576,-25.17946727957834,-25.265311426974254,-26.039926345787556,-26.878201305093366,-27.951445029891964
141803.73+170324.6,-24.070838536332342,-24.291699882472795,-24.46423605786742,-24.608174496237957,-24.79227502436122,-22.912105033815294,-23.7186171406186,-24.81433859794574,-25.297109574135295,-25.637299224535496,-26.440218744383365,-27.271213143864117
141821.34+063746.4,-22.777447402828553,-22.99451256620714,-23.32799726577706,-23.383257170283496,-23.522376002856674,-22.17417473037353,-22.337441269261625,-23.22345573051702,-23.729873227623955,-24.04023725932364,-24.83940622213297,-25.501306836028583
141834.80+135705.8,-24.335549003886346,-24.483985609552892,-24.789858977672548,-24.89376209248891,-25.12631370281913,-22.869156629510638,-23.965895151770987,-25.148211506607975,-25.46764374392841,-25.800417107963398,-26.83930845409023,-27.73366383591713
141842.22+423343.3,-24.368834518896364,-24.449813450715922,-24.821843264164503,-24.759752865986396,-24.867966546284176,-24.365508526655614,-24.44579654305158,-24.32480479431243,-24.993564558073647,-25.70505730979703,-26.95274683301461,-27.775557916433954
141916.71+320302.9,-23.49185370924267,-23.671963952848316,-23.957773440236558,-24.034965169349285,-24.126238636579558,-23.816240575891385,-23.826106938803342,-24.182598272220837,-24.59871318142336,-24.93412790143283,-25.400136193468914,-26.20564259197418
141917.02+113347.6,-23.87874501509924,-24.136168036613853,-24.547668408487176,-24.687171405521863,-24.824189856998622,-23.507137913278356,-23.16043920829519,-24.734392406233233,-25.370760202607084,-25.57925737194286,-26.16380371236136,-27.094894808772786
141917.36+310923.2,-23.04864405013364,-23.838091347944594,-24.70141974718451,-25.186235109456057,-25.478782765005946,-20.5958026599851,-21.544098407517573,-25.835107302220102,-25.99057386807949,-26.52877234766198,-27.351486029565034,-28.321250735927126
141920.30+051109.2,-24.269469416478334,-24.5146204793434,-24.825691423666694,-24.80466753283985,-25.06993509157226,-23.606130352251068,-24.57759386125797,-25.52389755251897,-25.568401178589653,-25.568469417705177,-26.291611107689413,-27.05474716778354
141925.75+380249.1,-23.56980855668251,-23.66751227750377,-23.867264148048168,-23.909014138200437,-24.088916624185366,-23.460953911703804,-23.418259756537807,-24.256963291118527,-24.760004094602017,-25.17896004057536,-26.08851993262725,-26.92553522617354
141948.63+322717.2,-25.135111578362146,-25.194564093539356,-25.47945951230874,-25.64028057834206,-25.786047173606125,-23.981352310575065,-24.91159847437698,-25.839502039613862,-25.89743232092708,-26.317456305619263,-26.938054123423694,-27.856651889111518
141956.71+373912.8,-23.981534625883018,-24.11550026870524,-24.346811917701295,-24.37219922981874,-24.582281198845603,-23.78369403584126,-23.912030914056206,-24.697249524235474,-25.06694366103417,-25.389109172364837,-26.05418061256357,-26.924697912084053
142052.43+525622.4,-23.540531738638084,-23.655308124100245,-23.964102622466534,-24.030139771976554,-24.058668886567204,-23.52407231755243,-23.41188333136595,-24.647054920210426,-24.95950202183034,-25.092489184321188,-25.643548375852777,-26.494216886958103
142127.85+473011.7,-22.893525459619838,-23.14138462826055,-23.52831451056885,-23.60257862919914,-23.667003768664063,-22.15566103405345,-22.543706842252615,-23.816421949043587,-23.989469063338834,-24.67334941616675,-25.28436186107493,-26.007109947961183
142129.75+474724.5,-22.33583930993911,-22.478763086372112,-22.78228623407583,-22.81803490126653,-22.803938284793432,-20.52304071670002,-20.935809375705606,-23.22149005176952,-23.744684860335614,-24.245577347051558,-24.821259438099318,-25.057751221766363
142145.91+351839.4,-24.702443849361842,-24.814745770778586,-25.21407204746034,-25.416104856246804,-25.631815193382096,-23.409544981617135,-24.14967818239753,-25.82113873144382,-25.669404001831364,-26.26047930023501,-26.918069713962762,-27.826646891147373
142146.16+073908.3,-22.714920447836867,-22.711668369163895,-22.84790372603065,-23.04971633161519,-22.94811700018426,-22.302691686024353,-22.170008892496753,-23.14768533925035,-23.468488346546962,-24.15399998488536,-24.839377656769628,-25.361591147554385
142204.63+151046.6,-22.357667332359913,-22.375645578724665,-22.570613795798124,-22.763329061480846,-22.86371500516932,-21.962833309614375,-22.284655969509128,-22.976717000078704,-23.370831700814392,-23.990130594834113,-24.27317963615111,-24.919263218256333
142227.78+632438.1,-22.192185715739893,-22.40135574856421,-22.768101147923286,-22.92492125564854,-23.16112599661321,-21.110291822428636,-21.58214467143827,-23.27042260279727,-23.675575032444126,-23.955171144321458,-24.1993795401872,-24.88002633127563
142238.62+143654.9,-21.680987884574105,-21.936041292692035,-22.23428850494081,-22.35104204893834,-22.34755542876067,-21.32203038060826,-21.495843884563605,-22.56027055059118,-22.971312821513933,-23.512437131356883,-24.32837752337311,-25.017275911148573
142240.36-010646.1,-23.746008415968117,-24.081845539265366,-24.42483844577942,-24.482943031676953,-24.68569013632458,-22.711881163692574,-23.86568108780224,-24.8115707415922,-25.00530689445444,-25.23641440917609,-25.77306481313821,-26.586118491710966
142242.49+041439.1,-24.686284863626884,-24.880138095544744,-25.230904338263375,-25.349644985614972,-25.43931138896825,-23.56853852917224,-24.529644044172677,-25.880694826055407,-25.65840410047602,-25.591050166600557,-26.355532779777725,-27.015797281247888
142315.58+235817.5,-23.275715080826753,-23.58004224007371,-23.805450838997857,-23.952028934946114,-24.291399690054906,-22.366192868626072,-22.792122641131648,-24.041821475005566,-24.43987277451462,-25.000022022192294,-25.728810776525137,-26.513982264866893
142322.27+443459.8,-23.556768033007028,-23.79067479343669,-24.06324179566107,-24.183085422283074,-24.35813862807312,-22.27155429149745,-22.849156824283455,-24.411218660258896,-24.955946423523912,-25.276066320760858,-25.578601554405864,-26.294648060334133
142325.33+205448.7,-23.85328284333947,-23.92124681516146,-24.255838643993478,-24.425511079567183,-24.50252418303162,-23.55900854321463,-23.8656175937554,-24.73264081535982,-24.929406683055188,-25.35537813789296,-26.043313795911256,-26.901375889498507
142415.51+600738.5,-24.03332245733148,-24.140502827671273,-24.49518752470862,-24.59775519487801,-24.686345123462832,-23.502957953405893,-23.75640864401818,-24.982180723772213,-24.924858585467042,-24.91284893196664,-25.613707055645644,-26.69679932656276
142424.20+595300.5,-22.55762705584436,-22.74625170025117,-23.046485194891428,-23.024311016703336,-23.081341512868555,-21.082915922462487,-21.288452907129393,-23.378457456527183,-23.833144880651833,-24.27498228286301,-24.177353689863516,-24.66333554374291
142445.56+492318.0,-21.760970030939728,-22.06335852009267,-22.393627962452747,-22.506546952326374,-22.514163356699626,-21.357404246903464,-21.589619627561984,-22.650809308874063,-23.078967234467957,-23.653193342273187,-23.987449098916585,-24.52332969850253
142455.53+421407.6,-23.596355226622975,-23.774564195474067,-23.956497887147936,-24.007534278532276,-24.182255683660586,-23.041052536725935,-22.932841707330006,-24.336653037334216,-24.55778704710921,-25.163941158296485,-25.678765367664884,-26.420850717062205
142540.71+260201.1,-22.064695761955093,-22.220623212745405,-22.54160099567331,-22.645048463187493,-23.103564693717864,-21.87969229767077,-21.88796034612458,-22.861224880448653,-23.407903815057225,-23.77133925103016,-23.850790515879044,-24.542175032437296
142550.71+240403.3,-23.941371310420365,-24.300566676493435,-24.799584750148767,-24.872807805642235,-25.056566336472233,-24.27546901287268,-23.971110218069505,-25.243375304763592,-25.352462176952937,-25.48981770343531,-25.73544154190188,-26.356686234430537
142557.63+334626.2,-22.658570284072287,-22.81397176067921,-23.121688716240374,-23.166824526176867,-23.305422495173605,-22.507607293456154,-22.626132683468942,-23.503724872559808,-23.886448581867597,-24.647552676149964,-25.011760738052875,-25.693089427665345
142609.74+594629.5,-23.71219313690392,-23.9142476471922,-24.395367345481535,-24.716871668778747,-24.900502762600308,-22.933792859827253,-23.620780360361557,-25.242001432900643,-25.10906230831794,-25.78641015463976,-25.983391029720696,-26.947176798825435
142613.31+195524.6,-23.025021966653373,-23.1021813321545,-23.268799132170287,-23.442500685107998,-23.414265431954078,-22.263042498436082,-22.55126851222486,-24.12476770036734,-24.745528906062688,-25.3496832469696,-25.411999075533,-25.948468985137758
142648.78+005323.2,-20.534896313067254,-21.491869105439765,-22.289882321841393,-22.695810455936968,-22.80254722283408,-18.730244350191136,-19.68646030586272,-23.232520075482547,-23.525668226142514,-24.076174227127677,-24.239614538654724,-24.59573794878881
142656.15+483415.4,-24.301872919474796,-24.48251209986763,-24.763771264294984,-24.81450710705782,-24.91463687779947,-24.402223327357763,-24.242969332080087,-25.24383573430083,-25.423960588405784,-25.550438851616395,-26.035977658699252,-26.877872414874645
142656.55+602903.2,-23.276471667180317,-23.608984895914173,-23.884814475527804,-23.973273308726796,-24.206962674588326,-22.937690975956528,-23.132287506605575,-24.28417668789293,-24.645615668799977,-25.396754689169377,-26.048533625156477,-26.931944805630412
142658.57-002056.4,-24.63167860140805,-24.923780248784237,-25.109688120745634,-25.143613777877146,-25.29566646502615,-24.904946305809673,-24.98931931842663,-25.461772249923808,-25.805818227786784,-26.32997389275073,-27.395324898051673,-28.268253575177013
142704.90+291654.5,-23.937752442364374,-24.14804662787168,-24.534280766530184,-24.816744141051515,-24.960971581218732,-23.082368380688713,-23.364607377515952,-25.15366202706451,-25.61411245327145,-25.723676406579216,-25.96704426450045,-26.860592224717525
142712.80+480207.6,-23.655766608410627,-23.859332219912712,-24.239144251798727,-24.259688589814605,-24.426070626292592,-23.210333439782275,-23.501252520931835,-24.777580488748935,-24.77127597537611,-25.310883740608332,-25.97566529581054,-26.937578756574283
142715.08+232911.0,-21.634431955760686,-21.97975181221832,-22.3651923115413,-22.514904086770255,-22.54353110057442,-20.94037828034459,-21.414545687693984,-23.954082003407,-23.647214983649846,-24.657569621191573,-24.4360915536574,-25.13862995762637
142725.04+194952.2,-23.039383746076687,-23.024112776548463,-23.203470793065947,-23.453141407567653,-23.237304919631715,-21.670655849245087,-22.127179727708718,-23.675466751911475,-23.97159558450771,-24.401129506232735,-25.043247199763236,-25.38520289506539
142735.60+263214.5,-23.99855098265821,-24.091501965787828,-24.33462722145324,-24.383428439717644,-24.865937877743953,-23.258269501311023,-23.622745929798302,-24.867886406504653,-25.242132401846288,-25.680485652346423,-26.269358104984935,-27.084958184717557
142748.28+050222.0,-21.953474499387514,-22.100309782301743,-22.34903797741732,-22.420335593827488,-22.32518767405702,-20.487951384626246,-20.878677338370355,-21.694278865563007,-21.99115730367785,-22.584455398301266,-23.226217115582298,-23.464975855886752
142758.73+324741.4,-22.738593940183925,-23.01750048755459,-23.249341121147626,-23.33311349590148,-23.638171219743437,-23.182658955599972,-23.164905697628377,-23.585091920991967,-24.152314912200655,-24.337414344221344,-25.266274316750575,-26.014171525644507
142834.06+213014.2,-22.50470867268158,-22.47120804599321,-22.677355285174905,-22.78208790273506,-23.08647675792959,-21.746246544377062,-22.04686254129654,-23.069734583261315,-23.559551380052348,-23.840990669682903,-24.35917309347846,-24.85737854989929
142840.40+285541.5,-23.86322242387338,-24.01466694778453,-24.224335178791115,-24.258701999721804,-24.368131871767403,-23.723167533251015,-23.61037429362033,-24.710418137897182,-24.94007794193452,-25.74570710775261,-26.263753837378108,-27.11100770341654
142859.03+322506.8,-23.67445535880456,-23.885842713550833,-24.223069425481167,-24.333140803437573,-24.497101722101505,-23.904840436389815,-23.411184025391293,-24.189798652710866,-24.41396198948347,-24.793597031300347,-26.042909229047275,-26.816016879820886
142927.28+523849.5,-23.496530736250662,-23.832397972899976,-24.31030958065232,-24.549975832212084,-24.738299551661125,-20.515854979102674,-22.14479330327516,-24.726089008706744,-25.003902960161664,-25.413664469279453,-26.355450559279433,-27.31671090404149
142943.07+474726.2,-22.714617324260985,-22.802870528157396,-23.060744337541575,-23.31440519517738,-23.12404600937908,-22.560335089217407,-22.700319449748125,-23.75086919318988,-24.116500653688583,-24.633470603532203,-24.98095660662296,-25.547936801403857
142945.12+322233.7,-23.76700543965653,-23.992550190669625,-24.319165681540152,-24.556741767396733,-24.751842391021263,-22.80683891277385,-23.10510247564322,-24.611693323474167,-24.995415482127132,-25.36864919073957,-26.057819658280202,-26.91181671691828
143009.18-005319.2,-23.32037401067863,-23.6337730356959,-24.221546671138437,-24.496016306580994,-24.757085009416652,-23.56601204629013,-23.991704581800505,-24.62068029172413,-25.35100639789605,-25.232071086337623,-25.856968531269597,-26.454974260647866
143040.97+045458.0,-24.028089251542475,-24.097866130624297,-24.413562409813224,-24.502764932798534,-24.58486664042108,-24.18393446727758,-23.977536935404537,-24.487341593137728,-24.9110264393114,-25.175235417006398,-26.17202938327129,-27.016471521746663
143119.23+622416.0,-22.21214790296524,-22.261331431456348,-22.68134060462036,-22.847630514769566,-23.2714762105621,-21.96514889530269,-22.47060490264299,-23.369480051174875,-24.097994095227786,-24.11835237842936,-25.10040738143791,-25.795217493945685
143125.88+244220.6,-23.551943863219876,-23.59845480547558,-23.785871147690944,-23.74116262138141,-23.936581702539485,-23.7633655174595,-23.691598084697617,-23.811133406973262,-24.175183442406404,-24.91322525957161,-25.482238936599316,-26.156069113138695
143129.60+291711.7,-21.914565136849628,-22.164597461242604,-22.53463751335762,-22.68632486086187,-22.729191864527266,-21.231162740506868,-21.67375488474866,-23.16726058670782,-23.645949845977253,-23.857998978197994,-24.418317884518164,-25.05865868538541
143141.90-011330.7,-23.731852565128328,-24.05903000586599,-24.280543365873783,-24.38003229585015,-24.523022442823756,-23.324687392378127,-23.682907244509718,-24.812192512823227,-24.99351247207587,-25.710293528220834,-26.69590278284944,-27.647148917133283
143157.94+341650.2,-24.31859094327638,-24.54428951921292,-24.988259735611276,-25.00950237504515,-25.306472334009324,-24.208204065114618,-24.410854231953977,-25.52823719523545,-25.613587752171902,-25.69279017363974,-26.03721135460275,-26.84848111779252
143216.78+095519.2,-24.3864445602625,-24.428320630269155,-24.70150166834068,-24.792228350909653,-24.622620098800926,-24.084816623757625,-24.242212998903533,-25.033380775751546,-24.823584468036938,-25.928469823701175,-26.5344466728733,-27.455883837580046
143228.31+631030.5,-22.076661508993276,-22.21435151619618,-22.480409177980455,-22.61042918310056,-22.717804587840753,-21.798860088116097,-22.16869239154368,-23.12487340136766,-23.795661665401973,-24.099677913886936,-24.876781887165624,-25.254070447180737
143234.22+560059.9,-22.358863929072744,-22.566836485157086,-22.96621613427487,-23.060137613101897,-23.24948527837338,-22.22751268502582,-22.286972976741264,-23.581508985746826,-23.47856922267839,-23.98624780702095,-24.6459307679145,-25.48434963008539
143255.27+151703.0,-24.43537160481187,-24.44779471078702,-24.69540885670986,-24.753016998749523,-24.90661469866004,-22.900489916114783,-24.248628499421894,-25.243875608201908,-24.79231063286702,-25.455568787643962,-26.16442228176816,-27.133819044343007
143304.84+283442.1,-22.71804960460038,-22.935754446191268,-23.17765994724466,-23.277511718830418,-23.522784974672657,-22.921617757075733,-22.765205808232952,-23.66775001934045,-24.3344528865079,-24.716006940646825,-25.490479378584475,-26.315943427525795
143440.87+322652.7,-24.512206444089465,-24.602679306557416,-24.880332179755133,-24.985272053578512,-25.08555365443574,-23.44629155928246,-24.452964150171177,-25.250017889055673,-25.709518945887332,-25.879626425099787,-26.332016060548554,-27.0961646646149
143447.99+155948.0,-24.10099587077141,-24.26130552286422,-24.616939035140838,-24.641717273472835,-24.824424582922635,-23.42611917636642,-23.931229821059677,-24.72655837784682,-24.991108754160145,-25.279181350303915,-26.23177127453152,-27.173062138042685
143511.53+360437.2,-23.78500299701127,-23.98368732421525,-24.22493882477507,-24.2627217758466,-24.513927803869777,-23.263030164089507,-23.500137536735036,-24.370632264653704,-24.76201045565061,-25.183854468081552,-26.134824114520004,-26.876667055863567
143515.65+023221.6,-23.015196178606903,-23.28940423988123,-23.670961170206272,-23.647337560069126,-24.125391774577157,-22.3036468749401,-22.434579510908602,-24.09488157276435,-24.94736597940325,-25.92178794147737,-26.761691889493825,-27.4084578921838
143531.50+260710.1,-23.433886389730365,-23.656898961026943,-24.161168644579462,-24.37491049997983,-24.62821557522516,-22.866648835503693,-23.039188042041456,-24.89441416504355,-24.933171221065308,-25.057016819322357,-24.99994283012078,-25.6046109649279
143537.28+415359.8,-23.16700603356125,-23.391344261824518,-23.68831270410798,-23.68209212532001,-23.879129518102697,-22.593502024907554,-22.824395041153718,-23.85898874547823,-24.46327028905834,-24.720291205428687,-25.250998234302468,-25.923044736845444
143633.75+065655.0,-23.35516065163924,-23.35052474702734,-23.634434589831425,-23.667269067945057,-23.854322562363116,-22.778987114080955,-22.959240506805262,-24.023651217893587,-24.49289180964014,-25.089547086645098,-25.746703190327228,-26.546530878153895
143641.95+022940.5,-23.831104796381634,-23.96399136236188,-24.245534319770293,-24.273194556816353,-24.362191058187832,-23.340453334073537,-23.693382298631697,-24.946436921919698,-25.21033699229105,-25.421340022499372,-26.10615541625624,-26.937464840240636
143726.14+504555.8,-24.05953030213308,-24.318893739501892,-24.697418441783267,-24.72936840416316,-24.95249237179624,-23.596136418292815,-23.987442652525857,-25.073112831514678,-25.209170568734198,-25.682103896427833,-25.90624490833275,-26.6793764774894
143736.40+615509.8,-23.957510288102693,-24.107902589537623,-24.440006958987645,-24.489309187278753,-24.642487848099833,-23.88338538324996,-23.6753762631869,-24.633576137026765,-25.054418233290118,-25.671284336046128,-26.255303412207027,-27.207410594272954
143816.80+073553.1,-21.470078685225744,-21.806412116632163,-22.16699031739746,-22.288558678793216,-22.24656137760471,-21.369524754873794,-21.764097226326648,-22.457638061280594,-22.934170761704763,-23.35232459768227,-24.218672978884076,-24.746279185008426
143833.49-011413.7,-23.428877888771567,-23.635538563056866,-23.929251268051118,-23.99499396625846,-24.14661671327814,-23.20901688232221,-23.159955598572694,-24.134095266076898,-24.61586186597816,-24.715332787816934,-25.212136621683673,-25.956336918626597
143904.81+450805.6,-23.590813205923606,-23.798397272194993,-24.033463090192207,-24.09298103433216,-24.242937568175012,-23.620804415558457,-23.900335079221016,-24.437705227354847,-25.05975447574195,-25.38746127414375,-26.108938711309417,-26.91653013251825
143912.15+370507.9,-24.371180816068925,-24.50251253561013,-24.7726879655094,-24.82298559739708,-24.993904127125177,-24.08366444961697,-24.501945790794192,-25.235146795751042,-25.363714879060876,-26.0051046146724,-26.562343527805112,-27.40486264745939
143916.86+190732.1,-24.356741445034803,-24.476501641364845,-24.78562194476291,-24.907878734732012,-25.004048362375098,-22.914201877811283,-24.01390759807191,-25.056799235195598,-25.012363607065815,-25.567323850414443,-26.549213549150263,-27.441114931293953
143921.69+414923.5,-23.287417803246214,-23.947758747591497,-24.378365473357697,-24.704240973709954,-25.049096155681035,-18.65488910761239,-22.807580969844405,-25.691367480649717,-25.553857719102023,-25.834510292502888,-25.865894744918272,-26.44108646951801
143940.27+030528.6,-21.861962615713605,-22.064916946983313,-22.337211480412886,-22.49450890230446,-22.417326309789928,-21.71729991696369,-21.919163202018566,-22.695920810288285,-23.301586051744415,-23.74322132845324,-24.103802996355473,-24.55467585160909
143952.91+392358.9,-19.496909997030475,-20.123775797976236,-20.696257409244783,-20.89397440360904,-20.952015941333972,-16.9159606619626,-18.094870359365938,-21.551350019525625,-21.850113738944536,-22.172445139209717,-23.075948789227716,-23.637872976102546
144012.75+615633.0,-22.88896306153065,-23.16474826508491,-23.52808454088999,-23.559332338285202,-23.64776581631661,-14.62959999099023,-13.427305745950944,-23.55066783547264,-24.108504985825622,-24.657888345004114,-25.793024007239453,-26.348416250315328
144021.92-015627.0,-24.028895223500488,-24.15353960347018,-24.5088400882509,-24.671604906205534,-24.71385195402378,-23.736930018512336,-23.82277684336873,-24.87701554216587,-24.99920347726113,-25.132539717035495,-26.183736085642675,-26.90544646768025
144042.94+582319.7,-23.568287126896063,-23.647824765034944,-23.98882969090919,-24.112094420999632,-24.317914443608668,-22.86528759111519,-23.867731026616884,-24.848190901131,-25.618268737626305,-25.640713697231988,-25.42933169908638,-26.316160338831633
144050.77+520446.0,-22.762322043579868,-23.028292468387875,-23.269408268587867,-23.294326250047092,-23.583701093309223,-22.3414820582854,-22.48123736357864,-23.52297231045555,-23.63196748289217,-24.488136847078902,-24.98405659040186,-25.643945504972397
144117.57+345053.4,-23.709783361124618,-23.943756060689914,-24.304164742756335,-24.379738241681945,-24.43403614839461,-15.269610849210123,-15.83674673827174,-24.22357820403639,-24.858577648482225,-25.410631584785175,-26.431164196185147,-27.117869554398467
144134.37+194445.8,-24.05784017115735,-24.106262610965583,-24.41379045921531,-24.535686385722162,-24.621208120256508,-23.044590338155366,-23.654740506697863,-24.812959323444193,-24.813356525527084,-25.35899455128357,-26.106164087373426,-26.933503102052953
144202.82+433708.7,-22.625171544335565,-22.72153185183246,-22.821233857131233,-23.086009164120853,-22.999303561910263,-22.99346893396072,-22.8934535830731,-23.265834332790895,-23.62598192943815,-24.34710209236392,-25.046620791380434,-25.619000581119355
144302.59+404525.1,-22.982447852388738,-23.168773118342948,-23.401473249231508,-23.503905487460916,-23.517559950141937,-22.747793919036656,-22.923013330607187,-23.80843497665958,-24.110707305171136,-24.511140439804063,-25.14656089222711,-25.691689130270483
144314.18-024722.1,-24.116394068873056,-24.4302921347944,-24.892791673717394,-25.069514192728953,-25.225471444707676,-22.099457545987185,-23.466347099949033,-25.39697236168359,-25.33258931630025,-25.50059907107693,-26.421108957253917,-27.36261695441109
144318.56+472556.7,-23.528008428974125,-23.556736134254457,-23.84826969305392,-24.02374818061003,-24.173203716321307,-23.82426358425679,-23.38710983192203,-24.482802364427453,-24.96029641693032,-25.55268678693254,-26.225312888072846,-27.03551106481249
144325.31+080957.4,-23.648039634400977,-23.78899061310246,-24.171398422122618,-24.30346725923704,-24.38013009514178,-21.996089087152633,-23.444458582770046,-24.948244610873957,-24.05741005979814,-25.29665872684985,-25.860466696753818,-26.72080137522862
144404.50+291412.2,-24.177105135106817,-24.27004290927148,-24.656706057259214,-24.695184321281918,-24.841277906301332,-23.888618660787046,-23.665033149849403,-24.48894923365294,-24.933539368633763,-25.201647913195337,-25.927761910030107,-26.853292057279283
144414.66+063306.7,-22.732616627758542,-22.72823530800756,-22.881239662621386,-23.12308018093914,-22.971687467497365,-21.912024415689416,-21.800600605652804,-23.322014122708083,-23.732869504083514,-24.469078808709693,-24.913869509202925,-25.480541228576126
144448.25+234554.3,-23.812315118218486,-23.9836362976333,-24.416486260839232,-24.56522206224435,-24.783246306837516,-23.294795303350778,-23.124280881249298,-24.692245937612068,-24.980070471478886,-25.2388641841244,-26.077873075925684,-27.005150152423585
144510.13+304957.0,-22.727150135683935,-22.723252782875026,-22.85380340519477,-23.06075447251764,-23.30465461686515,-21.825623779831556,-21.850434160210437,-22.988223018274898,-23.49491988070786,-24.11799290794326,-24.277961263287853,-24.964596317981563
144554.74+243708.6,-22.02026862731237,-22.437037528542856,-23.00776660951732,-23.0740897155281,-23.364216879590014,-21.08388593662943,-21.885894227150388,-23.617710619924313,-24.585271587402577,-24.77609778038351,-25.445266231294855,-26.092604291954657
144626.53+213257.9,-24.248468945001992,-24.418921735781893,-24.799585243483154,-24.977064973345133,-25.242275028986285,-21.62891420836424,-24.02609251129596,-25.911233231980315,-25.550190995650883,-26.229532207505123,-26.32921355676956,-27.30921045535291
144645.93+403505.7,-24.174227478602557,-24.295093852358285,-24.477373016735203,-24.402688921175145,-24.400493065359715,-24.152744024373792,-24.15300429121538,-24.60853008285176,-25.001044902170776,-25.65846762086656,-26.321415412042956,-26.929194537501683
144701.77+323411.7,-23.219349301031336,-23.45031034984266,-23.77694898080229,-23.902438841520535,-24.211541883168337,-22.126972747717772,-22.48528645361571,-24.02394291706981,-24.503521610058502,-24.888278342107732,-25.15094674782708,-25.892770010192763
144733.05+345506.7,-23.519625467252325,-24.32995133424597,-25.09916731151057,-25.464889579488705,-25.808939768984892,-22.342007587630142,-22.07300309972017,-25.68835692998554,-26.009421725350588,-26.536035118843266,-27.515063873686618,-28.480829480479382
144740.86+141642.3,-24.243424251654332,-24.396116884563178,-24.70937185207932,-24.782644590609745,-24.844108765066782,-23.04074171103064,-23.878992420995242,-25.103061901902795,-25.231307497195488,-25.53167809444338,-26.23651426336341,-27.11439337405081
144749.07+380516.6,-23.904296018098474,-24.131314451590466,-24.474600737226805,-24.6015502254026,-24.721285963331265,-23.183017244136582,-23.60488566034479,-24.9587179966047,-25.257435280553594,-25.66884272476818,-25.979317028731078,-26.85072285391012
144755.57+100040.0,-23.644306102017516,-23.817203408700387,-24.19099986063975,-24.363501721785045,-24.4983836046224,-23.84962934818313,-23.693242074631275,-24.722715539464414,-25.138513171962533,-26.007513916298823,-26.298858713155813,-27.2181257596354
144818.02+455916.3,-23.118937232482665,-23.52170296379901,-23.926485731217678,-24.025830243850006,-24.255620132574293,-21.891983836629013,-23.503640653769732,-24.852327089315317,-25.063284220901494,-25.403058146033104,-25.895996381482338,-26.740611951318385
144837.68+020628.0,-23.88578764326999,-24.04145674611524,-24.45347353371839,-24.62111023767141,-24.70474750824192,-23.396497908913474,-23.293900895259224,-24.970398801701386,-25.04225886427023,-25.26670654937031,-26.099327057454335,-27.139431130751962
144911.80+550429.8,-22.56613656783791,-22.703252297678805,-22.96440308073347,-23.041750616201885,-23.23897611141377,-22.641843252708522,-22.668419443848986,-23.564060408290427,-23.89637461119226,-24.41133236933219,-25.022820298102875,-25.79478205633282
144916.81+130243.6,-23.37645827664328,-23.795065596375505,-24.193582359897572,-24.35371401268847,-24.61825254723542,-22.51938136347493,-23.583027002172987,-25.15177374620858,-25.084248236102926,-25.673372204527016,-26.101250325343138,-27.013778569798603
144925.60+080207.9,-25.20211562420689,-25.440283967872677,-25.796161231415347,-25.817789124450574,-25.96995394715142,-23.847275104704437,-24.435344676270482,-25.980436115268052,-26.03462119441003,-26.20792863215508,-26.833404924196486,-27.68733476890359
145000.90+142948.6,-21.830949847044074,-22.47914178181509,-23.043796458039804,-23.204995230307183,-23.438516832560428,-19.525333436108273,-21.00204646051945,-23.63768933807977,-24.062979306109376,-24.822703154128785,-25.240233731124306,-25.974858088801053
145005.13+463521.3,-22.76055599855319,-22.88033604807884,-23.205606228702273,-23.10767494105072,-23.462891507373254,-22.178791268742682,-21.978139617889557,-23.484795214450042,-23.678037887681686,-23.99866203040033,-24.496647953965034,-25.14946713192772
145006.93+581456.9,-22.907166749945937,-23.193642587684597,-23.489635930894355,-23.617739987279172,-23.744575759739515,-22.144526061709424,-22.333092453050387,-23.39179606733187,-23.713402418445945,-24.156423091049657,-24.836834996609724,-25.447662870379823
145139.80+474527.6,-24.45609904885476,-24.42038717257137,-24.708111733978892,-24.76829211841618,-24.784303753666634,-22.539376717229,-23.939633899526648,-24.690891728485063,-24.851092048413214,-25.135648862962025,-26.20752107184054,-27.02892396884941
145147.10+141606.7,-24.10239541270515,-24.33758850335863,-24.644906028915667,-24.650162505116285,-24.77292880037896,-23.648100687807805,-23.924544848133216,-24.789174263811937,-25.232471037712173,-25.420937865767524,-25.821770369927616,-26.591916025803755
145203.20+085549.8,-23.25153904788814,-23.44024945417087,-23.863496446142904,-23.89564688172388,-24.13733160448124,-22.592666857803366,-22.638922092647306,-24.147117988898213,-24.43063510667375,-24.83636126322411,-25.582855883789563,-26.38755702680192
145220.74+085220.6,-23.33102530462359,-23.6554034349035,-24.02932265957486,-24.23009949871486,-24.538403269064453,-23.242980207373066,-23.11796055474304,-24.498191952220694,-24.99479146476168,-25.236737618920554,-25.344713033102046,-26.045709645421162
145224.67+452223.6,-24.047894139993055,-24.254986766073426,-24.44817435099274,-24.470992364061015,-24.744190573135352,-23.725270000595224,-24.0041310151999,-24.46369548544006,-24.703181260931284,-25.309175384483748,-25.75112548835788,-26.59370542274758
145255.44+134944.7,-24.04761968660379,-24.16853064198166,-24.427910297889518,-24.458796003596564,-24.552826154312207,-23.048022367257353,-23.980112283103114,-24.83692243072027,-24.60767242832655,-25.340364729699463,-26.122894398295212,-27.068148764319293
145307.12+420004.4,-22.736175601285744,-22.98350158426708,-23.346563910538705,-23.70012119045646,-23.882193194586993,-22.50897239770382,-22.506681379098175,-23.696368264026503,-24.003666085693663,-24.122478445379006,-24.67427825905603,-25.550453324222957
145325.39+123704.3,-24.093816897222183,-24.315684770932886,-24.54615423644484,-24.550381590823584,-24.741502514266003,-23.572880205955393,-23.920507320278794,-24.702067581885142,-24.766012180081525,-25.392029700073735,-25.7239542199295,-26.56255803251455
145335.60+403102.8,-22.919773346261284,-23.118396525354566,-23.529284907496287,-23.58575685622328,-23.709216240624222,-22.6669569815212,-22.889457069626637,-23.93365219495189,-24.319800110130206,-24.802048267769703,-24.822756989157835,-25.28777751385206
145343.93+422623.1,-24.310194902513874,-24.476056311553343,-24.851048988393018,-24.988891598796048,-25.270656861070904,-20.63418128936413,-24.03527242052512,-25.41261457864049,-25.583936874355533,-26.039371409175462,-26.34542947636167,-27.188477853199267
145406.41+382814.8,-24.252634045250314,-24.402494317316254,-24.685942426200214,-24.76740842148031,-24.910972228686102,-23.830130350222383,-23.834154754055486,-24.585725598793733,-25.22102331778861,-25.463722044171757,-26.499193994647236,-27.3566063650589
145427.16+401814.0,-23.200262297733,-23.512541085558155,-23.859009430076213,-23.869039328511494,-24.053593263011297,-23.905892441686806,-23.739533447120493,-24.61540921118067,-24.789741145554835,-25.215622606376673,-25.576445013347413,-26.329687731803812
145434.34+080336.7,-21.50917749815295,-22.092803951736958,-22.647120611555103,-22.73910565715784,-22.818410891944183,-19.623096912042904,-20.489875486303443,-23.28304843392811,-23.87457518929381,-24.386064949301193,-25.05399712538276,-25.381331073064903
145450.02+111434.4,-24.471609074945544,-24.62068487763467,-24.826660381003084,-24.807115315670927,-25.023555663482313,-24.339156499005725,-24.43312787314243,-24.998463035432742,-25.315714096438896,-25.953528802240122,-26.484084389355317,-27.44925828847226
145522.54+120718.3,-24.167509402633375,-24.393046490291812,-24.772484160084666,-24.85594011472051,-25.176114566126365,-18.455016370297567,-17.36425372375397,-24.903990850496204,-24.99266408811965,-25.638551355616332,-26.304658110107994,-27.166727978634913
145535.46+185900.5,-24.75767263672193,-24.801663561462064,-25.026619485743076,-24.997844116643588,-25.11671633923478,-24.19566683454767,-24.48319889427649,-25.48114665485702,-25.338847881826993,-25.956925477172206,-26.728736937072348,-27.684903336875056
145542.91+424957.4,-24.06859564979485,-24.167425372607802,-24.46882231795321,-24.65141301405197,-24.69616647229886,-24.2465509618516,-24.093363288807815,-24.966103615219133,-25.230378731185247,-25.70664579092455,-26.369545704779927,-27.227935539313293
145543.45+300322.3,-24.175577940630586,-24.435139630170145,-24.831545222527968,-24.99075544511847,-25.242786953166654,-23.35813840124512,-23.36019004273025,-24.944798052519417,-25.179854425326592,-25.39110448856506,-25.85889193711789,-26.684790246051797
145551.73+002703.3,-23.82475686085514,-24.072830913931487,-24.319361317170685,-24.30367110906356,-24.46142256621682,-23.227268423933946,-23.514546925518715,-24.472878107978477,-25.11605151223372,-25.48531567146055,-26.152655496802385,-27.026651828612955
145608.65+275008.7,-22.833715646065123,-22.83184975122477,-23.01881357377908,-23.130325825640508,-23.109560679206865,-22.66767331938744,-22.335503068414027,-23.87887125989274,-24.438965506946705,-25.060818815791883,-25.10570184309974,-25.712454645702497
145627.21+312149.1,-23.660321110008354,-23.7969218203841,-24.065510148903652,-24.124936526218836,-24.320453519507137,-23.74894532442712,-23.667239418164215,-24.104578652140546,-24.323184925607876,-24.754678115790643,-25.497412237771243,-26.35045017357859
145712.86+431849.9,-23.941602323128116,-24.394055929094485,-24.78215744070357,-24.886967364567774,-25.033860157715413,-20.72168569288616,-23.26138982053524,-25.344616461656322,-25.107022727893234,-25.948338666976653,-26.577438699748228,-27.49923831058521
145713.29+605303.3,-23.80920907525327,-24.045857541165727,-24.293742347145606,-24.286612452703515,-24.432577184940733,-22.561568830921402,-23.184850394491477,-24.475858314501913,-25.00796644122656,-25.155393734907342,-25.699087585084452,-26.607767256022175
145718.23+315924.5,-22.710781538573116,-22.85773916946257,-23.20862918641654,-23.25211717686465,-23.53217337142999,-21.71193163929643,-22.20326507364417,-23.845019180603927,-23.920560128300746,-24.546976075405478,-25.230636157382214,-25.908269875863585
145724.78+101021.1,-23.983712510656783,-24.13196905016691,-24.395749188549644,-24.49610762101772,-24.570792546409443,-23.178198778487534,-23.62519583816997,-24.50506989919672,-24.8188588855027,-25.587874712978085,-26.64988307237698,-27.553023434310358
145736.70+523454.6,-23.347227403752242,-23.483030918904543,-23.821545080494733,-23.97703578086045,-24.10798951143526,-21.92695284954772,-22.226063993631406,-24.046301673654817,-24.691675254687816,-24.960514391823043,-26.337676620402753,-27.23332463133428
145741.92+253951.9,-23.350619620899113,-23.59966135573218,-24.040256190918043,-24.261436039564927,-24.42848834776904,-21.950231225786247,-23.047499508986547,-24.660257105196365,-25.073083638212402,-25.56458160660761,-25.896448613569632,-26.84304526956291
145748.07+414546.8,-23.93160973559252,-24.0633820803075,-24.344187113401087,-24.3338275463987,-24.563497450531088,-23.31175743847866,-23.322215018404332,-24.434519579780787,-24.876449152650597,-25.32891979766125,-25.65824339609425,-26.51491526116157
145817.42+455514.8,-22.846378713585228,-22.95994258854478,-23.094921079202962,-23.214173501126776,-23.342211743409067,-22.547160912457382,-22.759862775690653,-23.5364311909755,-23.990372530675508,-24.522970430192135,-25.075182793751488,-25.655061497548882
145818.78+151057.9,-23.78855157966795,-23.97792010825525,-24.242414039368867,-24.31823102179922,-24.594755164150097,-23.87721555546622,-23.833888934008176,-24.843395568101997,-25.06110634215006,-25.24443519719396,-26.233923978860876,-26.989993406125485
145824.46+363119.5,-22.694411971396345,-22.90862985895635,-23.2377251578147,-23.26840047193331,-23.228384675604502,-22.084719260012637,-22.485467270537875,-23.374819709345466,-23.60992473266483,-24.051263177626765,-24.40639596687296,-24.911565529963603
145917.61+551100.6,-23.036235825978466,-23.49123543045528,-23.93984358169971,-24.12101924867529,-24.302117094515566,-22.706944683264634,-23.108053904742714,-24.45980454947158,-24.813154760902016,-25.232566683183855,-26.01745502959429,-26.832755107089902
145921.60+112308.4,-24.2286828504145,-24.44374483642718,-24.83490102034778,-24.966292636924607,-25.213740946487494,-21.391735083584717,-24.174409664467937,-25.90370782930794,-25.912153940759012,-26.429144415477044,-27.186693233454175,-28.226114411169316
145934.82+180433.1,-24.43917814858894,-24.496795204867365,-24.76507627820124,-24.857144807727032,-24.90259924651305,-23.856367824633832,-24.06316493359052,-25.080106680496723,-25.08109425661723,-25.508290870270738,-26.435811565104366,-27.392479742264634
145942.16+365035.4,-20.237389150918993,-21.558949586375583,-22.4897699097383,-22.806753129654194,-23.12050297089158,-16.97892277640005,-18.416426150736402,-23.745446942391304,-24.22226316146776,-24.516632789946385,-25.15965917254966,-25.958301280833545
145945.32+614014.0,-24.097011618618314,-24.141907446465645,-24.443183520134067,-24.600809374540926,-24.662972384431512,-23.969899164344643,-23.950474046876,-24.907421746423086,-25.24099343589622,-25.31857276858733,-26.11720139498077,-27.07610859346071
145949.59+531909.0,-23.339741665048205,-23.474742420300306,-23.62005000410633,-23.663799328667793,-23.94558377368229,-23.661502518548144,-23.576714719802442,-23.897681527240582,-24.30375081963755,-24.878453064706367,-25.232956100677974,-26.07418666567819
145958.43+333701.7,-24.804363800496105,-24.90147997981949,-25.22625758443483,-25.1467338436801,-25.296600948886425,-23.332965832996432,-23.920840817003324,-24.709642040226317,-25.320011060575464,-25.823166733583545,-26.78517091280995,-27.606861679940003
150030.67+551709.2,-23.198549849785273,-23.301359172034445,-23.51376723266316,-23.530312664332246,-23.871133424426915,-23.1579453229595,-23.088290091394526,-23.91913032665671,-24.209348007794322,-24.3990579674785,-25.424583055628855,-26.19650186717562
150142.10+553809.6,-23.08391160515441,-23.34793071994083,-23.56085536535585,-23.695150819399334,-23.919225728833563,-22.475895520357994,-22.842558534918105,-24.137494455152076,-24.436034785077172,-24.381011490776974,-24.770924500986798,-25.568999918864623
150155.25+563731.8,-22.36385452677477,-22.55806304882778,-22.858974294637825,-22.9101549303888,-23.231005288546925,-22.256281802434042,-21.779031649504812,-23.58858564740438,-24.074269956732785,-24.722465191187606,-24.915378928655812,-25.6501086204306
150204.10+064516.0,-23.27702914580584,-23.510444571973142,-23.75824981611656,-23.83419244737748,-23.976749201276643,-23.178455326923103,-23.28467828162466,-24.06784495315078,-24.444164597321564,-24.94352422337941,-25.44854416194639,-26.09715958075895
150229.27+261158.7,-23.48897510826257,-23.952524580291627,-24.305455824340875,-24.451806320354947,-24.64152680893866,-22.767978311092424,-23.52164517047436,-25.329378648036403,-25.240932287861344,-25.6794970889147,-26.237676058347894,-27.082805783004552
150235.43+045218.0,-23.726402855335465,-24.065446788786055,-24.377535999973105,-24.397134688694898,-24.689377918189486,-22.696923664983768,-23.86987852671327,-25.29980626686048,-25.069073380806532,-25.41765743821611,-26.27171037555692,-27.117165196897457
150242.38+395208.5,-23.293327228769552,-23.75608451409944,-23.930091338563443,-24.04799262837583,-24.333141391691385,-23.221929245474556,-23.107714894052364,-23.94095524371657,-24.453007112463137,-24.804109755674098,-25.614765291340035,-26.343203053779447
150257.98+502914.8,-24.41742939684238,-24.51382076350509,-24.828265611262143,-24.870347522832628,-24.94950076466003,-24.002377241049196,-23.946660853093867,-24.67318918649901,-25.246469378097792,-25.531590480388523,-26.21362303464615,-27.1698961290122
150307.76+100422.5,-24.14253062511133,-24.303647859045576,-24.566496250821558,-24.77617320327264,-24.91742605669994,-23.172421453438634,-23.472617920687448,-25.115279157054992,-25.198200021178977,-25.33528438156563,-25.705980887151746,-26.620106847957675
150354.83+044639.5,-23.616344799604402,-23.736621591857347,-23.959043133363917,-23.88717313418638,-24.15723085658802,-23.12200263206994,-22.998387769482775,-24.009474436958495,-24.80149906357886,-25.21659578707153,-25.343472160673652,-26.133268453798635
150401.76+445910.9,-24.30313576095619,-24.414710697225544,-24.77786185629271,-24.78547363550798,-24.916367286332434,-23.93714061177651,-23.705608707953715,-24.728814929488983,-24.96512457386888,-25.342668703595994,-26.24979451314591,-27.22862303509097
150423.22+303034.4,-23.608047337283196,-23.708459528031376,-23.995557814853584,-24.06357638452477,-24.139496187593682,-22.998343064480284,-23.223859506921677,-24.437053830606814,-24.69841398241752,-25.180491095838487,-25.033777040444686,-25.815143977294014
150437.67+541149.7,-22.6984170904067,-22.88334764175259,-23.123531178303672,-23.22337360267091,-23.481973693854926,-22.363538170738796,-22.408271623271155,-23.34966530819283,-23.82261205394151,-24.269651267892534,-24.881939495690457,-25.54611497227225
150455.56+564920.3,-23.351454602323457,-23.375876632948987,-23.620084510170678,-23.66927372025743,-23.939450054316783,-22.750078550422852,-22.460668192772832,-23.885558093602548,-24.250244003275732,-24.878519374571347,-25.2402963606187,-25.97831749963298
150524.42+280932.9,-23.41705941105052,-23.52149962828438,-23.684499609160135,-23.659482067306143,-23.851194508033856,-23.63588121203523,-23.260681313959093,-23.78130447851265,-24.278536738770352,-24.941410268619478,-25.383778221020847,-26.214758970175733
150527.60+294718.3,-24.96466112322893,-25.01668566380564,-25.264743710033372,-25.22054605563917,-25.31417087078428,-24.520712543128376,-24.47101172386038,-25.08410949376365,-25.39397978952407,-26.088368506726635,-27.03488491719852,-28.074239624598093
150555.19+532613.8,-24.961754199064096,-25.01170829852357,-25.4089167361783,-25.468057739798024,-25.633502708658316,-24.028404875029853,-24.987159894897005,-26.159208516527027,-26.123401232545312,-26.257765819568693,-26.529409247084526,-27.485130717329458
150610.50+021650.0,-22.405292106678647,-22.550804636880994,-22.791328865264905,-22.91942405136287,-22.90315999279551,-21.261810816747563,-21.77536786851487,-23.283312632350576,-23.847451243474513,-24.24624304415579,-24.75080917729293,-25.16967922424302
150638.55+573459.1,-23.058635023256887,-23.29897312373583,-23.70849145712764,-23.802872068081403,-24.071488310328665,-22.732380403058826,-22.835162258419476,-24.202818882808987,-24.4018190605182,-24.57391914236712,-25.413959698246753,-26.48645617311003
150711.11+235653.4,-23.954452260325056,-24.123786456645835,-24.28709143229225,-24.283396630782043,-24.523285845455952,-23.184536897689526,-23.019334320091144,-24.184797702486392,-24.33565462101944,-24.836233207257585,-25.551640111246982,-26.50907744164918
150715.31+081833.0,-21.381870462216764,-21.505121466262004,-21.802859348821933,-21.91126804919879,-21.964583329112962,-20.366943927280985,-20.666790952962167,-22.32717579367486,-22.754638090693522,-22.937452423843535,-23.20719420183601,-23.504038003989788
150739.49+110403.7,-22.786140825456084,-23.080531012563345,-23.436128708549905,-23.67240424540899,-24.02501736804045,-22.87884629028338,-23.1370075566969,-24.04957699657869,-24.253823158923076,-24.882474387637966,-25.683875057855815,-26.512924787449492
150752.66+133844.5,-22.13571927386929,-22.445228855008317,-22.890568712526527,-23.059831015524896,-23.56598400500277,-21.71538454254819,-22.32505355357402,-23.907299317323996,-24.042951175958716,-24.441800489343038,-24.604685793957167,-25.24085422304659
150847.41+340437.7,-23.966353066387644,-24.13707398150203,-24.765432008720424,-25.042574147028578,-25.45580750247942,-20.24543392829238,-23.649843293091237,-25.71684382001949,-25.490255738381656,-25.998046581392895,-26.81929767456454,-27.87145744945032
150924.97+411312.0,-22.356154225248645,-22.548638740675766,-22.689014753383454,-22.709867547969402,-23.08195914815206,-21.953156016008904,-22.13737897733128,-23.203315998820102,-23.759523706276802,-23.655239628462283,-23.991192719627094,-24.691066399210392
150928.29+070235.7,-22.25011141452919,-22.442900225514503,-22.634664546584265,-22.678362018927068,-23.094777090247845,-22.763792683519956,-22.84343599119429,-23.34419270666871,-23.831739057522917,-24.12011839372661,-24.79304360836864,-25.52604847420835
150949.73+415538.7,-23.977975754196418,-24.16785250215626,-24.486490564340755,-24.570373825378205,-24.698000674314326,-23.53021776154765,-23.824404220665432,-24.341929875671287,-24.665108593750535,-24.940674807107825,-25.687623773635647,-26.625931960080607
150952.19+111047.0,-22.021793187325038,-22.153188792013157,-22.363407789725155,-22.51141326591757,-22.639466532522142,-20.727057223468037,-21.134270860379743,-23.11336748329803,-23.328861485128737,-23.831864098111655,-23.76514935891187,-24.43619686396406
151002.81+400251.9,-20.535303598031476,-21.08956418367152,-21.62860454390205,-21.933256901375945,-22.03839120759664,-19.036528850454197,-20.084217706757904,-22.513246355928437,-23.324474142778516,-23.699382546610053,-23.901061430319764,-24.41892686548293
151036.74+510854.6,-21.40561484434854,-22.139736955560885,-23.401570650197208,-23.999379173119525,-24.49560946212552,-20.99617628576685,-21.185062646681377,-24.781143482021385,-25.223981779019812,-25.191668009075116,-24.611480498266943,-24.99850661756467
151108.36+423721.6,-23.463655728127016,-23.586026488007874,-23.817391277507774,-23.83386184429669,-24.075549020978112,-23.69654977462682,-23.67125918065495,-23.92394040919753,-24.45300659786917,-24.98560416366512,-25.75695082611905,-26.51719463046113
151117.39+243144.6,-23.62946444070383,-23.840564910096017,-24.37776838707883,-24.687874314799544,-24.86293815086867,-22.137552006785572,-23.274126808374813,-25.187000175956236,-25.34449529208757,-25.722350870536047,-26.51522992913668,-27.463563746931545
151132.53+100953.1,-22.426919206654954,-22.82041854144604,-23.25114953010424,-23.48090777932298,-23.531869610071855,-21.651668036270962,-21.92987952095387,-23.89826931873549,-23.92186120697839,-24.23358618682282,-24.57327188974465,-25.128446781951293
151140.32+402721.5,-23.946081158983105,-24.23262564994657,-24.4797816306542,-24.415197969830587,-24.67257512339747,-24.305549063250595,-24.14108169282349,-24.54149090752981,-24.42462820309548,-25.14377591521214,-25.81948000998521,-26.62744036364012
151223.47+020904.0,-23.321131922563463,-23.99329311013808,-24.68916442350627,-25.042492772931972,-25.426810339262172,-21.530512032728733,-22.702842740106718,-25.805233976051298,-25.94168334336063,-26.239030790123042,-26.88814921604765,-27.691151198743785
151228.93+575051.8,-22.61442977728037,-23.322549904847598,-23.978294982553805,-24.062524608896375,-24.27843679252105,-20.67309569243127,-22.03902790419353,-24.263177893787596,-24.553805029503543,-25.22142947984943,-25.446285068854003,-26.39852756232213
151255.78+480019.4,-22.564520163411448,-23.427570947639975,-24.13932954037859,-24.491196931708256,-24.81421656233861,-20.22395567755526,-21.974298511976844,-25.21096693896809,-25.483923679603027,-26.216183261477077,-26.570754609585812,-27.444608778369158
151304.56+304204.2,-23.67181989037197,-23.75819376645441,-23.939772820854902,-23.98346568381192,-24.1972816177083,-23.607359982302338,-23.633980065490302,-24.365283138744722,-24.82509639167044,-25.222432712161368,-25.715105950041707,-26.336061382999873
151306.60+142451.3,-22.955888960494494,-23.052121159099418,-23.24573955531767,-23.23651400258902,-23.44140530183411,-23.030622620093705,-23.04356868775891,-23.695145548163676,-24.385567774011538,-24.858590840017506,-25.517325323211097,-26.23513324320955
151325.90+465407.9,-21.794456234251207,-22.468301113172174,-23.03327286475121,-23.303056006580608,-23.26091191516774,-20.009404513929383,-20.985234275535795,-23.828901449967777,-24.404155645171503,-25.04997034715194,-25.749211598992485,-26.282552215208522
151345.64+152246.3,-23.321252679371323,-23.48666815945067,-23.64770987311302,-23.701949936587692,-23.927086003132146,-23.308234426630452,-23.384372698361403,-23.622815173597182,-24.08795797211742,-24.40898981229501,-25.551435920246682,-26.371729113497118
151351.50+262358.1,-22.24227311388389,-22.616688437525518,-22.96236412836025,-23.079862383075433,-23.20212140902467,-21.02336278238066,-21.551783680885432,-23.050823350095335,-23.896604597980154,-24.350291545480136,-25.472366202894165,-25.97105472157645
151441.63+593847.1,-23.582270171082197,-23.681598834830684,-23.896400986465515,-24.044295576522142,-24.06175206388734,-23.370954965624797,-23.369031481366495,-24.60970105580577,-24.793227123913233,-25.212403837800128,-25.926012575602932,-26.744705401050155
151518.29+551535.3,-23.879062267618238,-24.02946137051028,-24.254063742228713,-24.325975326877778,-24.524308304601817,-23.38627017295615,-23.513793513536168,-24.003328627842517,-24.315921376885203,-24.516237290219255,-25.53402238651652,-26.3099508950217
151535.25+480530.5,-23.77848974475899,-24.028053791055505,-24.340827323171506,-24.362685808554534,-24.587981199956594,-23.485897340097257,-23.765317523061498,-24.499816339066545,-24.97457039359058,-25.38047787565957,-26.245485090775137,-26.9557309442049
151558.06+193744.3,-23.37040482959737,-23.517998738918926,-23.683569436481836,-23.728263066229516,-24.008168553306163,-23.48870531731323,-23.564444263164237,-24.07350438352216,-24.589922192009734,-24.78238512336487,-25.40332415411267,-26.227529104662466
151651.32+064105.5,-23.406895802186547,-23.608064463866864,-23.86030663936408,-23.955395726663554,-24.116713404985056,-22.898292625954223,-22.96467324122348,-24.021218103788772,-24.501370844445784,-24.997667204352428,-25.761515217165265,-26.657964863120746
151737.29+290506.0,-23.51969136283666,-23.62407066882795,-23.848158628989687,-23.87069565936876,-24.030931183976502,-24.010477987181073,-23.834515948039265,-23.798806729360948,-24.239338902192376,-24.71937564256835,-25.699956548501035,-26.540437314186075
151857.79+022023.5,-24.037117890128503,-24.205789269377433,-24.480281532364806,-24.53776178927947,-24.584527990612735,-22.328603591063057,-22.777343133069017,-24.65182972384206,-24.93756802116892,-25.320396579555528,-26.259924050018107,-27.163133491238092
151907.61+440424.6,-24.894277511271817,-25.14453104917427,-25.55131064843776,-25.627766714467413,-25.77225342337848,-24.020053875367477,-24.71418125931604,-25.92122540912458,-25.715606989178536,-25.76661962361382,-26.06728066055616,-26.673014698760042
151911.66+253337.9,-22.615469145504147,-22.673054019399814,-22.836955648711434,-22.8665636899317,-23.206457281939976,-22.29814832170942,-22.317614691801175,-23.41176226744066,-24.082000136010187,-24.52801479048431,-24.77505835391659,-25.535565092153988
151923.50+271115.4,-19.05674043764891,-20.686907317563104,-22.24197819417613,-22.76523561848586,-23.282206526483815,-18.358432702482762,-16.11711883540002,-23.39541685531447,-24.10932523771265,-24.55142833013434,-25.6788423091129,-26.57609744838904
151952.25+191450.0,-22.733754942229027,-22.8675251147616,-23.222664551880268,-23.25420022985543,-23.537381373471224,-22.49498907597528,-22.59032891041779,-23.73743354246838,-24.112940368138506,-24.619387005523127,-25.423063154762414,-26.069524193369606
151953.98+110713.2,-22.68256405637683,-22.85543722035786,-23.059675235609973,-23.175027698547375,-23.554532056314127,-17.231021756091867,-16.651876515555585,-23.546953433968334,-24.101201953649497,-24.72166163657994,-25.07369739074387,-25.67367303014709
152024.30+604500.0,-23.628424530699487,-23.833911226265837,-24.32805230108709,-24.457419361755072,-24.6458134790454,-22.486596541815025,-23.725128317969695,-25.181498393775335,-24.841151771882622,-25.40268190553996,-25.834291921300498,-26.745766005588912
152028.18+421530.3,-24.180024432710688,-24.27481879365898,-24.443204462943225,-24.443325015526383,-24.533889287297235,-24.13734194248601,-24.004461469392577,-24.68973467033181,-25.073154744723407,-25.47683753044821,-26.057478586449523,-26.985014882481835
152045.54+073230.5,-23.935259693867238,-24.16852360553018,-24.841991083897277,-24.839949625699695,-25.007744978265755,-18.37500660043798,-24.37084225774145,-25.503619599980382,-25.661805266677675,-26.04110471701648,-25.88098685653706,-26.53144805211104
152109.39+490434.2,-21.05841006342201,-21.07362726875862,-21.418813875025315,-21.62353643604368,-21.58165726885907,-20.637024521222333,-20.89211409179934,-21.612678377842244,-21.991928952017574,-22.678853464430528,-23.46794112099547,-23.90199069366423
152114.25+222743.8,-22.447510637863015,-22.622779525476105,-22.853181369378397,-23.0342674732295,-22.978588077760065,-21.91478026161774,-22.213362685740638,-23.3616241416309,-23.98786409368534,-24.569811238390482,-25.28120774524604,-25.65850747184166
152139.66+033729.2,-21.408386053559425,-21.63446899649703,-22.029010527155783,-22.463687576870772,-22.24679627555961,-20.95863397381591,-21.078190628605658,-22.573739456392893,-22.913620904583283,-23.28352788181593,-23.75419410258494,-24.08722518054033
152151.22+370153.1,-23.88944328906274,-24.133613471777725,-24.327579580028868,-24.357402936753832,-24.48742888131244,-23.403667899392378,-23.390855133462775,-24.437130153540473,-24.992620910428116,-25.204203252661816,-26.436867251151384,-27.33806797164168
152153.80+594020.0,-22.441085672083773,-22.4853386231402,-22.666066753840735,-22.73077979008473,-22.88552562063824,-22.51950173843784,-22.700318000171023,-22.990993467982545,-23.541230421287647,-24.033426827687492,-24.663658821125004,-25.264841792744008
152223.55+191431.9,-23.520220957665654,-23.73200354748173,-24.05997145305614,-24.152358350940826,-24.358865900182785,-23.738750545537737,-23.643547311871536,-24.54747868537165,-25.03312850862487,-25.69464343752821,-25.83462586108834,-26.706558398082112
152350.42+391405.2,-24.597415715523997,-26.07608134792943,-26.66113807523431,-26.86994987064198,-27.017444006480105,-20.99935892384975,-23.605787414129086,-27.589636808857556,-27.951781350916775,-28.514480779102186,-29.59192089310304,-30.411824398845813
152506.60+103405.9,-23.657638678623147,-23.848688366541886,-24.280192570677265,-24.524847537822037,-24.68598521741365,-23.44035656931101,-23.337407436077672,-24.74564785493048,-24.813743734293052,-25.496731533834964,-25.882276730863385,-26.708213956320897
152510.61+002633.6,-24.719854751444824,-24.95279624426965,-25.388881171644456,-25.56081718603089,-25.709447345513812,-21.374121754021804,-24.693884243310087,-25.784479791584747,-25.98261293687296,-26.532170926723357,-27.52744623129393,-28.393007481193706
152526.46+450651.7,-22.504627765094288,-22.73229555764922,-22.98301315925778,-23.33264528922983,-23.354553820696193,-22.467116608340493,-22.604179783364707,-23.596313753199652,-24.03824789553443,-24.542884878165744,-24.90630128391842,-25.416599427334333
152544.32+563411.8,-23.07525147998322,-23.311676869257834,-23.70338660263877,-23.739472842893182,-23.92075908816065,-23.455820752451082,-23.350240078751966,-24.1327571768299,-24.354778505295833,-24.989788853709204,-25.668884257189614,-26.59250280963608
152624.02+275452.1,-23.05845969232159,-23.30182154111615,-23.573374643933352,-23.705691233262744,-23.606690050437827,-14.03240065635546,-16.459495859535515,-23.65385933527458,-24.043415899884497,-24.521695497735827,-25.039737495614876,-25.59079363977342
152654.61+565512.3,-23.155996361800636,-23.44916531868077,-23.883071458652708,-23.99486936293035,-24.17389995524731,-22.65781926287767,-22.751162895077464,-24.02396011900279,-24.4360301619741,-24.989410375040876,-25.559724294360123,-26.48568902876902
152706.74+180610.6,-21.973716953207663,-22.176319165560137,-22.534451753548815,-22.58513131122539,-22.718257979606758,-21.27917990172497,-21.661573899965724,-22.651816451477075,-23.120936701679046,-23.36586931553923,-24.26823486384918,-24.678377691904014
152727.38+154100.1,-22.696540252345255,-22.816220613613503,-22.985790648715486,-23.268618416954624,-23.14539167636377,-22.097327885734224,-22.245461702701995,-23.02576296641248,-23.13611114003354,-23.714298186046552,-24.560896522419505,-24.978499623167785
152732.08+433401.3,-21.159184934074275,-21.422695094015285,-21.76514867906541,-21.85477200942843,-21.93426336148418,-18.72153165948395,-18.523723102097975,-21.96066247879405,-22.39278621369999,-22.539993521699945,-22.23216952227066,-22.525671430302015
152753.80+061018.9,-23.024137053535277,-23.14855314597501,-23.42498645233971,-23.81575408666735,-23.52220179920416,-22.68304808861986,-22.817375026479205,-23.979746706739128,-24.13746221791771,-24.640848852237834,-25.06208410432226,-25.400775414019712
152757.67+223304.0,-23.198540516711248,-23.3950662366924,-23.606978709007606,-23.701957384149875,-23.605382713245014,-22.723282957607864,-23.117418386511595,-23.78337727109367,-24.164661814333186,-24.44195805197048,-25.058372608366703,-25.70810918863618
152836.83+122136.5,-22.29430309466954,-22.445478562822963,-22.781694752808036,-22.89777810029295,-23.017668343205322,-21.183526180741215,-21.725349105057138,-22.86340025496213,-23.47917551105072,-23.641538498988037,-24.22414357817586,-24.84754392594007
152840.60+282529.8,-24.604404380545137,-24.754021088975612,-24.904997572083285,-24.98745570646027,-25.277134766519232,-24.749316868761657,-24.73430027424762,-25.009181412717393,-25.409026850801144,-25.600573547898026,-26.406936316597488,-27.305987511750832
152907.45+561606.6,-21.67254932403981,-21.652914898267273,-21.94158176525165,-22.353425839310777,-22.035160858000182,-21.782811182059106,-21.901164926651354,-22.43850588831944,-22.71581341770811,-23.126045170421623,-23.688698383240332,-24.158168269462376
152911.55+155655.4,-21.84677020408296,-22.01375151401722,-22.223871412906163,-22.32612983520301,-22.3135774303387,-21.411973397164733,-21.527755404095238,-22.578404340643196,-23.031185906112654,-23.680343901466955,-24.609517816502834,-25.156945347384596
152919.98+453807.4,-21.93453608471275,-22.297019072169512,-22.750686509078765,-22.837324078830445,-23.269952258615326,-20.90568404841889,-21.34370538052758,-23.066796744291413,-23.164407579368056,-23.873104449155495,-24.652573831892916,-25.25151717926104
152922.06+525247.1,-23.93864999881221,-24.10536397538408,-24.306034525935296,-24.31049752872728,-24.479612928499442,-24.235516920079288,-23.967616951612094,-24.50397540618405,-24.97830862870891,-25.27767128998375,-26.05219776673666,-26.924635208518975
152925.98+021646.6,-22.345410728016788,-22.508241025429914,-22.748056518049133,-22.88492565393104,-23.03870789090684,-21.883172998795903,-22.169499569886202,-23.270204554139415,-23.67161676713903,-24.30965706283972,-25.172127687325847,-25.710992193673594
152952.65+393209.9,-23.429234966573123,-23.579876571336722,-23.901978528291817,-23.952300996503652,-24.15528049512991,-23.699624605367227,-23.444643434287876,-23.816946866117593,-24.291782185513693,-24.583508893593205,-25.987943484050287,-26.89627205898901
153036.32+235236.7,-24.849440667271352,-25.291780304352717,-25.70561025607247,-25.810275420039957,-26.08924084852898,-23.311765479950704,-24.37267327689793,-26.121926723215033,-26.19579805740423,-26.73666268832333,-27.23819535876517,-28.099054087075675
153105.76+045855.7,-23.837062134814854,-23.974443967494043,-24.312574328317297,-24.44876307457284,-24.503091995398428,-23.70960713964303,-23.594276539318596,-24.602899115094463,-24.980053433017364,-25.467916616307512,-26.266438948463204,-27.18034270515135
153106.33+455750.6,-24.718629725732242,-24.768052166775146,-24.931282343227043,-25.129076042012876,-25.39051626165789,-22.630727417482667,-23.870448793748242,-25.261993745765878,-25.437315620809823,-25.745215214131534,-26.344238075241933,-27.315789645784072
153108.14+175752.7,-22.773690708446573,-22.893917630896173,-23.090496914069554,-23.19413416571861,-23.435189737481643,-22.875203514541465,-22.619872861480673,-23.28530255220219,-23.809606864071302,-24.39562354977782,-24.80458776654173,-25.588284298374983
153127.24+565410.7,-23.324249810367743,-23.3890538969973,-23.736249138032324,-23.82489351395914,-24.009368956827895,-23.10267091666929,-22.955164845010025,-24.185326997792718,-24.633237743228868,-25.156570739386854,-25.555934856861008,-26.317711145618055
153159.10+242047.1,-24.400196602988565,-24.64471536662053,-25.056366499798997,-25.172450348804603,-25.482593949446635,-24.413700133062473,-24.32003546668295,-25.719457820105806,-25.715369088228798,-25.79616299562649,-26.163306060863736,-26.911338935720455
153206.31+061638.1,-20.231395109775455,-21.60317816658492,-22.696151052897793,-23.159702699264276,-23.697585962375243,-18.801710461518343,-18.367177965488523,-23.9420339325626,-24.70102456001485,-25.0989749756046,-26.1296049469453,-27.005878398980773
153207.62+131435.9,-23.401790390398435,-23.764896778167138,-24.140513869831704,-24.313903801026232,-24.629896821396486,-21.535255051075133,-23.310286200601052,-24.967682361009253,-25.257529035632963,-25.288032281143064,-25.428705710471615,-26.260856916842297
153209.51+061356.1,-24.384727819598698,-24.68482977700876,-25.234856530489125,-25.442450396334657,-25.693009912857292,-20.66443654395081,-23.46336822464613,-25.982480439698378,-26.024124620670065,-26.089091041395925,-26.761108608628206,-27.610551552069158
153301.60+194351.9,-24.425598784501325,-24.599151064041283,-24.937120503912066,-25.02302709864591,-25.183281905151205,-24.406055937324652,-24.318192762987724,-25.099814550165146,-25.3550104340217,-25.703846683153145,-26.690441427383576,-27.60864650028709
153338.11+023320.9,-23.91526332448756,-24.216377089598712,-24.575004507412196,-24.74137289714023,-24.96884371388797,-22.479122691298617,-23.878918886952107,-25.39997768121438,-25.617282677676737,-25.632245014611698,-26.187461397766434,-26.91980244310385
153355.23+154610.0,-22.9154540142499,-22.99277143379096,-23.136274047513577,-23.152732632505337,-23.49973839930643,-22.985238000712872,-23.01853658949659,-24.085963313188692,-24.29384518836351,-24.51749778913713,-24.730708277051033,-25.58693045934806
153400.58+025615.9,-23.2754305563358,-23.47846543979148,-23.781709005712543,-23.82098213753442,-24.015011410204384,-22.5902054398401,-23.03979551501282,-24.084234450955492,-24.388358317555948,-25.174996096048357,-25.59545123894144,-26.447294896582424
153409.11+091634.3,-22.936137962001467,-23.117053244712583,-23.342818915650575,-23.427791721123224,-23.7164994447367,-23.45373109075265,-23.524544926840584,-24.02269288888171,-24.564461754368246,-25.149711443385197,-25.981380670586102,-26.69269665086525
153415.05+465819.2,-22.02571491255261,-22.3978791189223,-22.87915343389826,-23.074650840035314,-23.285737286077183,-21.540615451381793,-21.66821818590828,-23.42495603539825,-23.61211800045496,-23.69443352454395,-23.831096625778617,-24.366543939355697
153430.49+393623.3,-22.815303839555636,-22.969505280446896,-23.165656026989776,-23.21959622438621,-23.407411796970987,-22.122852675713563,-22.369375539998195,-23.247155046056786,-23.74703711439761,-24.33634042509871,-25.424321823701483,-26.030174962971955
153434.46+514941.0,-22.211777589547175,-22.418815387295478,-22.92318998016971,-23.077976638613467,-23.155964050443227,-21.937594764667022,-22.02195275768543,-23.34198501104961,-23.096237049682234,-23.84246755498595,-23.87814445778647,-24.61069938842629
153505.46+070746.8,-24.336332093392336,-24.449570233727286,-24.653840958348308,-24.694046573160083,-24.808347695657158,-22.97185747535745,-23.588313706296535,-24.71475223936142,-25.209706275885242,-25.422231133195904,-26.124336783890353,-27.140951519622206
153600.35+483709.6,-24.323883911629306,-24.482359657607812,-24.86863541685181,-24.976066561886984,-25.185921774708298,-23.846655061292196,-23.8021502364769,-24.81627181072038,-25.13503420897795,-25.597070336467958,-25.750493054635182,-26.523344814606816
153602.46+393207.0,-24.775241459090317,-24.984981216377985,-25.311987103701927,-25.3673006650247,-25.494250402673924,-24.43640571864195,-24.90981916489264,-25.817923346795713,-25.84029823445955,-26.24747110331175,-27.090057085784643,-28.032868802271842
153612.09+524154.5,-24.345943770568724,-24.42786387842471,-24.615431633859576,-24.5874797469517,-24.78604123522168,-24.700677431003882,-24.558611090452793,-24.732562737399174,-24.942633812687408,-25.3659682696868,-26.433117868059803,-27.351361819780276
153612.80+034245.7,-22.51679501707721,-22.666930493787763,-23.02668077201742,-23.20102017001067,-23.4014762448054,-22.64664241237674,-22.698758788619788,-23.480548908817678,-23.91277085139884,-24.57263748701689,-24.478731533912985,-25.216303754494056
153622.91+215202.1,-22.44268800501599,-22.74243796154403,-23.13276145305201,-23.187094593550402,-23.522338658309987,-21.729709393670294,-22.285236888093138,-23.91335139178477,-24.29411584630917,-25.01961803380711,-25.357660013353602,-26.175267215663666
153633.55+161530.8,-23.887745097721304,-24.06163288237443,-24.385116449295825,-24.417563909815748,-24.63590820168143,-23.20082353471248,-23.655983540558083,-24.358583441117297,-24.83034014571966,-24.969077814853744,-25.394701982481397,-26.21137739527447
153636.22+044127.0,-23.101914126001727,-23.598930894868392,-24.1356712506754,-24.367483355625595,-24.638322731287403,-20.67583823103059,-21.744964057760054,-24.68642807860754,-24.921055136623767,-25.259611047207784,-25.468655800552533,-26.02953900481741
153636.86+020644.7,-23.16156074587151,-23.408139510234964,-23.714114720089643,-23.799555119593713,-24.060552004918577,-23.100508506657146,-23.34952380424357,-24.060104705594117,-24.467142710348295,-24.954980390152244,-25.726583779080297,-26.595523099970112
153638.04+353445.0,-21.732134628348728,-22.530210354239795,-23.19016002970951,-23.377769201563893,-23.767479079616933,-19.003697493279034,-19.835499001195736,-23.62775554249841,-24.12172138837918,-24.580095113276748,-25.908856498128646,-26.788315932544602
153644.90+141229.7,-23.408420823875318,-23.464898796063512,-23.576686187651386,-23.560586889546506,-23.893378071096173,-23.425193924043494,-23.52251789862433,-24.155135828184125,-24.472447267037246,-25.418464879865436,-25.90039020445535,-26.678302315212786
153646.97+414059.8,-24.152857083498432,-24.556853006391407,-24.873986974301392,-24.990270814772117,-25.276150846384343,-22.63480513228808,-23.856411213982128,-25.526701447687753,-25.65375406017392,-26.251070427682933,-26.707988236765726,-27.603249780306857
153715.33+023049.7,-23.623076545505402,-23.776833933446188,-24.078889351228938,-24.156689586100835,-24.34517247607695,-23.39898726469699,-23.282724343401842,-24.227117542108036,-24.76940472552281,-25.280321881103,-26.120912430295917,-27.02767145626609
153731.90+052513.9,-22.90917004871165,-23.266530647832713,-23.879766407386683,-23.91185705998424,-24.48693206717706,-22.15521262313812,-22.260525430654535,-24.107406467655707,-24.40460661137026,-24.738856213578554,-25.425201861709613,-26.116572480711678
153801.17+014748.9,-22.770753221696307,-22.97281649239,-23.237462833411726,-23.318963674710208,-23.49018589938678,-22.818536802243354,-22.43240060793949,-23.40390650014733,-23.677181141268242,-24.273417860976892,-25.135375978021717,-25.865611066502073
153803.99+353658.5,-22.990540499549084,-23.319406422575895,-23.75273686745626,-23.87537981240922,-24.09972142045125,-22.92920184397698,-23.19836948480255,-24.09374890993549,-24.412924342794,-24.580875940285292,-25.35013033542693,-26.18011227265408
153931.29+171714.1,-24.0249680962521,-24.097473300608424,-24.409890758213198,-24.41621285568598,-24.572639914522256,-23.206719181442555,-23.442739934582807,-24.80506566988894,-25.318034829608067,-25.16682782764956,-25.31513669305294,-26.054936917441797
153934.80+473531.2,-25.457391514100827,-25.77806927413868,-26.094200681627925,-26.183284051179342,-26.3752178311438,-24.13569607704657,-25.1443275698391,-26.893680116888902,-26.91674215026869,-27.299687146336947,-27.60819303906851,-28.460102778295656
153941.49+504255.7,-22.27805162254015,-22.613142877100035,-22.866004303550504,-22.89477776927915,-22.818021803118228,-21.17357734069354,-21.735795745117432,-22.657935230390393,-22.972072648881287,-23.367635102546,-23.704713233245077,-24.096192290519273
154004.25+355050.1,-22.004680711036002,-22.045179325702467,-22.282081469017616,-22.417582358999038,-22.28622702132455,-21.750374854413636,-21.8911374245441,-22.545145795364867,-22.733192274225946,-23.01175748816937,-23.953108232810102,-24.35380838480355
154005.94+461950.1,-23.936500458224835,-24.077138344879643,-24.34818936134639,-24.572792309500844,-24.627344651404456,-22.483941178108974,-23.36543398674872,-25.185649820303855,-25.330479857119645,-25.670891471269453,-26.783191155583793,-27.83448337202664
154007.66+252835.9,-23.319422168615176,-23.568493981588887,-23.78764679754064,-23.857019663824044,-24.010778233913218,-23.360039977642195,-23.57172241749378,-24.617943831192203,-24.515887226681702,-25.061063489778192,-25.682961311958184,-26.546530917505407
154017.02+555959.8,-24.13401759982909,-24.28939824556168,-24.60456905509864,-24.765570702671656,-24.830750483918607,-23.70036730536812,-23.95867225858568,-25.047828377101602,-24.798254656077646,-25.294681187190626,-25.86529711702419,-26.801899524642618
154019.56-020505.4,-23.62294897930358,-23.800789772284432,-24.098149942622992,-24.238667225425512,-24.480483705549513,-23.005765547914727,-23.064629365808333,-24.60166565679417,-25.125757502588847,-25.7575173730738,-26.370398041469535,-27.090274159922156
154034.15+474357.2,-23.589596411300892,-23.581501715176675,-23.82383720063259,-23.772165834708126,-23.95494300729506,-23.11972669458484,-23.342904153648806,-24.020149718786858,-24.82339043988899,-25.030055249428276,-25.45968495617261,-26.40198652313458
154115.79-014208.6,-23.381219706006533,-23.78089874623615,-24.37309346153212,-24.597745849058605,-24.930159472661668,-21.86560915279906,-22.539970893895887,-24.66655860443998,-24.82546208576191,-25.11378910581536,-25.285942721479028,-25.947549603543667
154201.95-020649.6,-23.506869176687186,-23.69108202717535,-23.959129276616242,-24.02581853632894,-24.278662627191274,-22.750697416797813,-22.82369173094464,-24.35444427883173,-24.884612082085912,-25.522098630453055,-25.909550235921607,-26.72392795460461
154312.15+290121.0,-22.864561075943303,-23.30975392078539,-23.864120631588104,-24.09884051339987,-24.296205862683077,-20.90700708846187,-22.068720948068272,-24.598309615106977,-24.80098132363025,-25.22704051994617,-26.067137455290084,-26.960559564872163
154333.94+102231.8,-23.45114303829321,-23.81240801239163,-24.28354142689289,-24.345282960774618,-24.52820420074835,-21.855873996147533,-22.573607278039134,-24.516178154409655,-24.993248342411263,-25.64393950258153,-26.579002646277857,-27.390604925314783
154340.74+112801.3,-24.08713404925699,-24.304351546570633,-24.641429337614174,-24.68519645989806,-24.94975812118099,-23.71142792433033,-23.76142159438177,-25.001037771460947,-25.35934501180121,-25.93805327222593,-26.516454393197368,-27.254313312202537
154342.46+461233.4,-24.03037562987826,-24.161052412811564,-24.628789170480367,-24.697498922688844,-24.90966701008521,-23.540038157481614,-23.998335694650894,-24.95622441089915,-25.11353486340401,-25.591682535904024,-26.491933042405034,-27.48495441338622
154348.62+401324.8,-22.729381514477303,-23.020549624760054,-23.345604130775495,-23.447109269377822,-23.877297772041004,-22.22859652340122,-22.504208099869324,-23.67666861477962,-23.984551820114614,-24.360634413286686,-25.389583260085143,-25.988952801095408
154356.22+204222.0,-23.409264173422123,-23.629917430441058,-24.04461041962576,-24.090095586794984,-24.22303135503327,-22.00858823873917,-22.647754844912196,-23.782855611001885,-24.180784590774763,-24.665938267306423,-25.26878369642692,-26.048767079466373
154401.98+401607.5,-22.718192372093093,-22.89593463473799,-23.100690372498494,-23.126782312778058,-23.41491169604005,-22.42192338614475,-22.42233696210505,-23.321378497246084,-22.951378288061694,-23.7858332137913,-24.062428983431317,-24.786881680375938
154416.77+074303.4,-22.483408146280524,-23.018992219797045,-23.343854370004635,-23.485576287245316,-23.541529434726318,-20.947931598193758,-21.633924421220538,-23.742916560353123,-23.776597395687908,-24.64113022453674,-25.152068160373133,-25.906305261315367
154420.30+591227.1,-23.974981791405792,-24.21253632939255,-24.567638197412037,-24.69770305292297,-24.834211305648928,-23.571688983778333,-24.016972272203542,-25.32792455424938,-25.328377924901226,-25.825496304640897,-26.40602467141005,-27.390625591072013
154427.26+274324.1,-21.783936493311778,-21.8759198443366,-22.136468228674918,-22.378884217134487,-22.293672206536524,-21.232319141012393,-21.227786192699202,-22.611969881178272,-23.09428874817205,-23.45805240382716,-23.915744819242068,-24.28131553175962
154430.52+282756.8,-23.283776637092643,-23.31481100100555,-23.48043357671496,-23.62450078886671,-23.57757918760078,-22.972587418484895,-22.95811194627827,-23.78213392076549,-24.000969583279293,-24.464596333545643,-25.010157163540487,-25.45362555673582
154458.49+230810.1,-23.00965423912254,-23.36231268246651,-23.927296062431157,-24.12582978028627,-24.066729843974606,-21.88129836694095,-22.436943627314545,-23.948412588498364,-24.134559155181456,-24.190345088946554,-24.062746587582694,-24.46316321673773
154500.30+450345.8,-24.0631172831567,-24.207161340012096,-24.493355355905138,-24.609677820219552,-24.717332582902838,-23.349305556338066,-23.535383949956984,-24.808369399026247,-24.739377286582332,-25.533973228223854,-26.02145495332312,-26.843669468982053
154510.95+345247.0,-24.20534091667146,-24.279538201797987,-24.682232791472863,-24.801184822328704,-24.93214812693394,-24.243516826279077,-23.9714632365364,-24.788494707129725,-25.238286478240656,-25.54654570728683,-26.065740322880657,-26.927053042238537
154530.23+484608.9,-24.383336861532218,-24.4786352266272,-24.832982249263697,-24.8495900779002,-25.021750792081594,-24.43912204901624,-24.387157108610324,-25.03540597458573,-25.57783467062159,-26.32665133485915,-27.01668263245384,-27.85295478644219
154553.48+093620.5,-25.107516837050667,-25.181586645265966,-25.38537672233064,-25.42075994700889,-25.487136862460808,-25.27386568067125,-25.062055413917765,-25.54472846696486,-25.7271341090535,-26.044037747570407,-27.067763766446618,-27.898204531562698
154620.70+115529.0,-23.17866382209171,-23.42200184743452,-23.72909716686173,-23.767914797190393,-23.945757446549884,-22.797838428000198,-22.9810099161049,-24.591114130993585,-24.799581366646848,-25.140727437551458,-25.18682088270159,-25.998139100657248
154620.98+453916.7,-22.798741003409415,-23.23074333683309,-23.79970081743102,-24.060404174018043,-24.16066428174446,-20.110100980934682,-22.01628812507849,-24.192276061800516,-23.9802023878783,-24.15542672247146,-24.419951021351718,-25.413531885433425
154643.57+020817.9,-23.732922762304874,-24.002727587647854,-24.347181934838236,-24.45574204151554,-24.533429346513895,-23.76972102935463,-23.61056088589211,-24.5697165882629,-24.89429833028255,-24.85276000735799,-25.69676362388156,-26.4893059308817
154732.17+102451.2,-22.788119966823473,-23.008922892614788,-23.178222069823857,-23.23163365756035,-23.139557708166734,-21.83546051756718,-22.25801815646131,-23.648072258139734,-24.248002741226482,-24.77374599119855,-25.292408369538375,-25.644256243036022
154741.88+343357.3,-24.52443770978739,-24.57684121553052,-24.81687858660674,-24.889921551570605,-24.985825168918915,-23.646215540837524,-24.485282972274877,-25.161174772637306,-25.611001650742775,-25.724193190459467,-26.52764262372107,-27.439169418869795
154743.53+205216.6,-24.502772234729846,-24.651734970037484,-24.748162397340955,-24.88779927808906,-24.973484136711942,-23.90007429988597,-23.87099964807651,-24.60186892540198,-24.819206122626575,-25.364292478901174,-26.2066852389145,-26.7874181257614
154758.44+234805.8,-23.813138274510532,-23.91236435386654,-24.149735074386943,-24.153504151175603,-24.252510658677238,-23.069951708337157,-23.441315500294888,-24.487004083944047,-24.39895852663066,-25.112075145511728,-25.48369798583214,-26.405635044135373
154833.02+442226.0,-22.885136520087883,-23.07586561243043,-23.434303949334282,-23.40039561595636,-23.75192764080611,-22.208058897302706,-22.5116322694711,-23.72735967142506,-24.396621047584016,-24.81588666340382,-25.313628331636068,-25.964146289758933
154843.65+290859.3,-23.26901534707704,-23.500974474568086,-23.880845143577954,-23.95741712076831,-24.19285262368018,-22.71134383122255,-23.125582543483013,-24.34959092650734,-24.58493187180434,-24.749086679395372,-25.277916761029132,-26.205554533602356
154929.43+023701.1,-23.608302450219128,-23.852649752834395,-24.132070099761748,-24.261414131534984,-24.67495789240955,-23.138017103375002,-23.240565886673515,-24.64713403937366,-25.001122965368385,-25.489603844747894,-26.303261027092358,-27.109898718685415
154943.33+211403.3,-24.92090393197198,-25.085651474252234,-25.416008378115144,-25.468860884035774,-25.65347598837795,-24.78698001063439,-24.473484053025285,-25.46778062615656,-25.766858106482452,-26.09908324204974,-26.74964137347825,-27.558542308475594
154956.87+070044.9,-24.55807953405873,-24.84349900786203,-25.197555608076527,-25.288568141189426,-25.498793216681083,-23.541552638412398,-24.25648792739654,-25.41475411018129,-25.47423467980802,-25.99225753512177,-26.18889674135833,-26.87058853568928
155033.60+104035.8,-22.88453203752448,-23.25450020548835,-23.513558165985184,-23.64618908693439,-23.806914951132622,-22.09639915233987,-22.653550888630512,-24.254000957365594,-24.6194253944453,-25.118431026818644,-25.288679726446997,-26.1027732628066
155043.59+112047.4,-22.145843619742113,-22.35099953458507,-22.60534660221819,-23.091714433813006,-23.380282657810334,-23.024536314942203,-23.048921488104604,-23.627423836721903,-23.92553757037889,-24.51138697531141,-25.725632962328646,-26.593336422612083
155048.29+400144.8,-24.042581434185518,-24.196143893888358,-24.341184539666692,-24.38062629663313,-24.627594534473523,-23.8212663338018,-23.86700484470615,-24.538694655063527,-24.77449127343248,-25.31218266136666,-26.047585548332492,-26.985175347527235
155119.59+255047.0,-23.603604485429525,-23.76109473265971,-24.109863243067657,-24.241088574371776,-24.40905344671453,-23.385319821822705,-23.28457060992218,-24.289892829327176,-24.553428777944724,-25.043964057695316,-25.825128075122766,-26.74200968635291
155121.13+071357.7,-24.48965144600495,-24.824469310037376,-25.23651500152831,-25.501438187241952,-25.73609037745831,-24.047590482007333,-24.084761540740086,-25.730259316127892,-25.87941047813594,-26.27325077133853,-26.794102533266717,-27.553172081581742
155159.43+361621.1,-21.96363645583185,-22.341718618139293,-22.732291127879158,-22.88394235164866,-23.097961577980477,-21.756584695712288,-21.773270766796305,-23.233745678933452,-23.855868984097235,-24.33422994033369,-25.086163683164653,-25.91026591896311
155159.83+154824.6,-23.277099878303023,-23.424150113754948,-23.717013621344258,-23.773691038958603,-23.938632718315507,-23.213658534408005,-22.98456961391654,-24.23027035442747,-24.531189770586494,-24.9751756951311,-25.412287286805594,-26.24164251245841
155239.61+212345.7,-23.82706974961153,-24.00936552110033,-24.46193993517462,-24.660113457136255,-24.785974668344895,-23.700114675841434,-23.48792993359369,-24.77299365843399,-25.39720447362314,-25.49461039831168,-26.420789622958754,-27.399730613284067
155249.50+402802.7,-23.582873477046512,-23.832502587780024,-24.209298633853397,-24.206384655857583,-24.366175673812652,-23.124045044944854,-23.5274936451293,-25.233549435331124,-24.825382781902242,-25.115221475755817,-25.082613297104626,-25.94370861766171
155251.38+314944.8,-24.849337022065406,-25.068181398485752,-25.462207968612645,-25.70182052871628,-25.957355808313565,-16.191437519876956,-24.28611274974377,-26.119210104698592,-26.064836197351894,-26.409467401334034,-27.103263926843585,-28.03844428292507
155304.92+354828.6,-25.10927473285975,-25.325356250122827,-25.724502050298867,-25.903959458238894,-26.061753828190863,-15.812752838452425,-17.960160442014995,-26.25943092364943,-26.439989280316947,-26.660095050930547,-27.413674880701677,-28.27357072104377
155324.26+490726.9,-21.982206010926287,-22.133645300706977,-22.365063214429274,-22.482514929373718,-22.623449098125104,-21.68077574554281,-21.78267906609842,-23.247677470144776,-23.619380769896722,-23.831682539782733,-24.536240796727583,-25.056987780635325
155328.49+095102.0,-23.00745141379416,-22.96319581136809,-23.062411878694483,-23.270260562110494,-23.15404480272176,-22.224859804569174,-22.58063041552864,-23.37537520030363,-23.86913625828856,-24.66213761142173,-25.113882074246497,-25.613321305765826
155340.84+071845.2,-24.251016862504212,-24.44922173361789,-24.770336970333684,-24.80357513615548,-24.923753330689074,-24.281895360220666,-24.34884936415258,-24.880731076995325,-25.15299209803969,-25.224067571375635,-26.037021184277805,-26.90719606907696
155346.76+362154.2,-23.521658574476998,-23.629486823741892,-23.776026765043515,-23.763896964949524,-23.962813970809485,-23.21490128444767,-23.145832560611527,-24.003004687300567,-24.52135722594626,-24.768523552147297,-25.514995833746905,-26.44135386061803
155400.30+204312.5,-24.553072167253465,-24.977085781167936,-25.340122836039754,-25.533841441139273,-25.814743235627688,-21.83573577597687,-24.177189205159433,-26.296162736177028,-26.50423309509948,-26.707971362919942,-27.01884780199703,-27.700798321696123
155412.48+144533.0,-24.265318265512757,-24.430915310872845,-24.791180889858573,-24.94812097072661,-25.069487227334914,-21.214523365589127,-23.687179493747525,-25.349354411903253,-25.6125494589536,-26.065613154854663,-26.648459667808847,-27.662172261815307
155435.22+324646.8,-23.76111620207964,-24.08688818927975,-24.339559102923126,-24.40392017098135,-24.568779572437904,-22.545136333066782,-22.59419000820939,-24.498772774879406,-25.199104842809568,-25.785529464403155,-26.34972303899396,-27.204314430867818
155444.57+082221.4,-22.30577420500738,-22.710944234676987,-23.021430806990818,-23.013437752473497,-22.935138146461505,-20.841538432559563,-21.586575728314514,-23.328440456254118,-23.630328658689145,-24.02239178519723,-24.646879791704905,-24.893447317284593
155449.11+084204.8,-24.363355193527163,-24.628190595692974,-25.036003940590277,-25.189417776815784,-25.30533101102588,-23.010839069915054,-23.734544894550275,-25.440374715143566,-25.625589615070894,-25.990863646319,-26.628533641769273,-27.492424289947756
155527.31+241044.9,-24.320190216422233,-24.451796993160983,-24.80174261374319,-24.92627745535993,-25.10696495434087,-22.123709817680364,-23.84177355587913,-24.962456915224163,-25.38008463964345,-25.706346452247264,-26.094048063610572,-26.888085023005498
155534.61+345948.9,-23.189390157213605,-23.33959938423951,-23.51061096460233,-23.57970815282988,-23.80124659837271,-22.803279156305152,-23.088155252440263,-23.792443681221332,-24.47977702222421,-24.79218760954831,-25.571920741515335,-26.427713596218982
155553.68+173131.3,-23.004528677688317,-23.227854835153423,-23.50014698266825,-23.542053735610942,-23.80936902551777,-22.775852485564254,-22.784749702806916,-23.77928910256255,-23.907476961881937,-24.183146814610538,-24.941304379581208,-25.683690007523115
155557.06-003608.4,-24.13137911483228,-24.33182827552201,-24.712905277513972,-24.839856537979056,-24.931199120377805,-23.488813183175125,-24.218663638052835,-25.163380430071236,-24.953881816525474,-25.527263694804468,-26.25756755169047,-27.224493172131698
155607.43+552436.2,-22.20405697087505,-22.68007883860378,-23.287778184415387,-23.49297719517489,-23.74809555169969,-20.519809833612072,-21.3643529375592,-24.133657497862878,-24.67895910754965,-25.084824904858174,-25.82940565487102,-26.62811290685937
155617.58+550821.0,-23.779787234474945,-23.873377316801367,-24.169177330318917,-24.16052183931333,-24.466644034753873,-23.350458957693196,-23.70059042380774,-24.374781055715818,-24.718533053104448,-25.35720747043624,-26.075258537408008,-26.853956223148817
155620.23+521520.0,-22.448092572702905,-22.423730528177817,-22.69676135394142,-23.01415312089112,-22.9276839729477,-21.628944037086047,-21.666354909732945,-23.328208969574984,-23.630386728813267,-23.980577284694785,-24.263819251019,-24.721688651682154
155650.24+080234.1,-21.389370433694342,-21.563950441259745,-21.86655394052721,-21.97242407117439,-21.930328372568148,-21.12898882546921,-21.628683205655815,-22.433043457842786,-22.679169796649994,-23.346093057227428,-23.91751839999355,-24.449867597873144
155700.38+312020.1,-24.447554420269512,-24.68250292812592,-24.99286070020116,-25.121533383501088,-25.238190357100486,-22.496423012790604,-23.742861530448675,-25.561836785083184,-25.58551703468364,-26.322761554651613,-27.253109153469754,-28.242187913630527
155745.32+345016.9,-22.893444277423733,-23.147059949231767,-23.39759443694768,-23.43868745528156,-23.714822302987198,-22.77416284779171,-22.841661733893535,-23.782359126396017,-23.833053103501115,-24.72261815411076,-25.548127349369324,-26.38109723280962
155756.66+211034.8,-23.614507914356604,-23.781157787935168,-23.95153504088876,-23.92873810823249,-24.198940040024013,-23.52732541944744,-23.524144578556996,-24.22232336853211,-24.670764074450492,-25.549777974801238,-25.939616991014603,-26.778966141426682
155821.86+120533.2,-23.750982466931188,-23.96089193748834,-24.164887323749976,-24.229326940951854,-24.410715636420512,-23.75839779527213,-23.708970812878686,-24.359500082586855,-24.569210980062362,-25.65687760746182,-26.365838394941818,-27.131960789801532
155837.77+081345.8,-23.450706070673622,-23.654331511531392,-23.979115685922306,-24.07433435137853,-24.28326737089655,-23.347338098439522,-23.25325629621864,-24.29733241532319,-24.50743223592708,-25.12098682854467,-25.530108716286634,-26.44639206256203
155837.88+282839.0,-23.845755796361235,-23.969466807931646,-24.098152526099955,-24.209092088109166,-24.399450941701247,-23.77784853633359,-23.427448859544672,-24.508666115703136,-24.984523934250014,-25.562792211481263,-26.062307264000676,-26.783885552737882
155846.72+223549.6,-22.019690728661235,-22.2356287807893,-22.637521575374837,-22.792623114878403,-23.205415600270204,-22.507124457896747,-22.609065259536973,-23.61361449594697,-24.183744388909375,-24.257775816523708,-24.613512911400157,-25.32597784790032
155934.71+430038.3,-21.383239155294085,-22.34147401797812,-23.082961946204428,-23.409504737425085,-23.72172326733688,-19.847166098595117,-19.26434987968854,-24.133419275620746,-24.44481132860026,-24.867260515220913,-25.205363191875662,-26.205110419877602
160007.42+111316.8,-24.445802190112556,-24.585745399109154,-24.871830676617968,-24.92571544502515,-24.99606251100179,-22.759155071385788,-23.443006466467956,-24.936709206634585,-25.206559805527636,-25.495892328669594,-26.19221170456159,-27.055170375439946
160028.71+011026.6,-23.231278022329306,-23.39727101743412,-23.823130101907697,-23.8735135661851,-24.078190715626736,-17.252396560821342,-16.14077212036146,-24.02302280150955,-24.43566397409375,-24.913127892032886,-25.77377099901901,-26.614080774254095
160129.90+415435.5,-24.285370147399096,-24.382107676090524,-24.62619756019791,-24.609872270292183,-24.656982707153023,-22.847039737869807,-23.683078040203757,-25.22007026166931,-25.23121468050914,-25.650364001100943,-25.94176466691618,-26.902443851076768
160143.75+150237.7,-23.559426127704704,-24.135149046535673,-24.70903519839397,-25.01728715700719,-25.21577799261639,-18.071375571811817,-22.124793956389887,-25.477688413630904,-25.58570941888675,-25.89506246387671,-26.585740179328983,-27.42776532340143
160151.56+175410.1,-23.101241569486056,-23.401372580265374,-23.67935584658846,-23.763892697713228,-23.95771719641382,-23.236946013663964,-23.35044514851316,-24.070147449152184,-24.761951131948507,-25.200810612116744,-25.741998970950096,-26.43425342219098
160216.00+111926.9,-21.820201051808645,-22.021434542061247,-22.243730922630608,-22.416076333860406,-22.373893975858916,-21.097607937624772,-22.087100163198922,-22.923368031650334,-23.583648625438517,-24.266408979847384,-24.91467472166747,-25.298531475226635
160226.89+274141.9,-24.118637831471776,-24.29723621243265,-24.644188994782578,-24.73627050078119,-24.855924892662333,-22.821144988330484,-23.731493721929258,-25.449683129055114,-24.689083671928906,-25.526236922177134,-25.855228954502646,-26.716457292154622
160228.93+134040.6,-23.3170299731371,-23.641803908835893,-23.98937216941362,-24.119499416436337,-24.31238662998997,-22.94954109792649,-23.373135383976294,-24.91241731597493,-24.92939715462158,-25.30362663379475,-25.612384946473792,-26.451411292700502
160243.91+174503.9,-23.761348062733276,-23.91959733165878,-24.233799997052447,-24.32691079270625,-24.599235754594876,-22.69424301300369,-23.132309622834764,-24.576482786290143,-24.72098922741865,-25.064817614971517,-25.647428521532504,-26.44412609415669
160317.90+090037.9,-22.95006610513852,-23.13846823711939,-23.364697061809068,-23.47291853506432,-23.707653465009543,-22.582944842307423,-22.891018416477724,-24.134155154505372,-24.312959243184924,-24.774896484302356,-24.71591208681681,-25.567299212847526
160325.52+521222.4,-23.48375925336669,-23.90244333148729,-24.531306173856265,-24.73776526294012,-24.955209587035682,-16.78969413522477,-15.159070828212062,-25.158926463471353,-25.653476741573044,-25.490980267432658,-26.084551010574387,-26.899125806187616
160330.44+251135.4,-20.493268631702943,-21.4868342226344,-22.240274453798662,-22.595078770948604,-23.094772770351007,-17.468236358849587,-19.2250996779089,-23.588997276110213,-24.36943368213486,-24.792523301618736,-25.273555761696148,-26.11448966397971
160410.97+112659.6,-23.973420194976633,-24.085075801734078,-24.304362786512492,-24.26050549577723,-24.49355302623811,-22.99744216585664,-23.57047347369583,-24.440284960171144,-24.881823416997438,-25.38247388857789,-25.848018309148003,-26.653405563766622
160437.35+571436.6,-23.666441692326583,-23.912733773426545,-24.241859366532317,-24.312521247406583,-24.498970235663002,-22.983617922436398,-23.517613444175407,-24.764912302919914,-25.71568154781075,-25.604029739501147,-26.310629177756272,-27.10518743934538
160500.41+055056.8,-23.354352517136423,-23.53240831337123,-23.71007814410984,-23.708035937315394,-23.86180719057073,-23.20360356207002,-23.17974871604699,-24.04773998158348,-24.625937579364955,-24.90897515650516,-25.425179781339974,-26.279915054757293
160519.70+144852.2,-24.018541210453883,-24.101927651111723,-24.27890943837669,-24.277815638174932,-24.480919332955008,-23.441460480223622,-23.660940737386493,-24.231798820643615,-24.73892114307267,-25.21387094415591,-25.6312531479742,-26.41900798231605
160527.53+372801.8,-24.13875314022842,-24.3277447495581,-24.717127449535862,-24.807335337598435,-24.93989201096183,-23.977832796181357,-24.281130471699324,-25.282132062907795,-25.029593252620828,-25.56528057802219,-26.030065357225734,-26.847792567309497
160623.56+540555.7,-24.19441466175144,-24.382513430147668,-24.67718269706553,-24.794172209030616,-24.903570230023025,-23.270836376742608,-23.963529355458085,-25.292767240841364,-25.225719799130584,-25.662535287519038,-26.103680813019583,-26.87917541507616
160708.26+514302.4,-22.67646033064505,-22.84581273225097,-23.078249415319718,-23.185133611804098,-23.490972085080706,-21.818101904071483,-21.787389641340102,-23.52419618191343,-23.904677655420773,-24.2558947200466,-24.51993619310514,-25.264553517264453
160714.26+492332.5,-24.056993208213303,-24.31302698204126,-24.604657329258618,-24.680291147382935,-24.891553157610876,-21.105482253720265,-24.314879770924485,-25.341858718320285,-25.37391436287453,-25.8764610963837,-25.997230541154423,-26.663661346343986
160715.69+401227.7,-23.481741773877264,-23.674798540002627,-23.906228266418115,-23.95563475811236,-24.203136440284364,-22.999058206548185,-23.02197899737887,-24.607395012261062,-24.782727058264744,-24.894758979322667,-25.64574352189565,-26.47981010086005
160739.30+103555.6,-24.023882026116397,-24.23211968424881,-24.581236484610802,-24.53785822513657,-24.733983018329702,-23.191701146677552,-23.565755761353657,-24.374220058628115,-24.90261679470284,-25.273559619469363,-26.10922354568482,-26.97580701758554
160824.42+124951.4,-23.182275442867894,-23.442143988446578,-23.824881663874603,-23.829209949377027,-24.037496668086636,-18.33088349134442,-16.75948218938091,-24.138533464843114,-24.2702206916031,-24.99005118183022,-25.53928980887937,-26.30071992814258
160839.09+354226.5,-24.966975394034407,-24.958607648326144,-25.265707082453666,-25.443854094739542,-25.47725213794515,-20.71488086194134,-24.630387301003204,-25.362622008423894,-25.28733643454806,-25.913123922835226,-26.79989080954774,-27.71242671444685
160847.04+563702.1,-22.728836363860673,-22.940795707002017,-23.189608912668515,-23.296280010825956,-23.535934935961222,-23.280301323383632,-22.85521528137086,-23.950953703110365,-23.94764692638256,-24.85015540685814,-25.60774391383693,-26.444316194681562
160855.43+435259.2,-24.69381852401515,-24.827848775649684,-25.175165922772862,-25.283075857514614,-25.476381961443366,-22.18546490839694,-24.80772679296871,-25.90673899581103,-25.840010957346657,-26.229500293649473,-26.946563047914868,-27.928560605778884
160918.01+525816.3,-23.10039186999782,-23.69849237751217,-24.395061979829865,-24.757754644511483,-25.01837301344935,-16.89995027548465,-22.99771540431689,-25.619892195198272,-25.642919796045227,-26.158364396212523,-27.086248880501117,-27.992228434656553
160918.93+082416.4,-23.939992724364306,-24.096258626651004,-24.39900371834372,-24.38720327656862,-24.535495808457807,-23.092909871305498,-23.47775762975908,-24.674458619280877,-23.346924974171642,-24.84626159452537,-25.317824966856204,-25.96464702459005
160923.21+051608.7,-22.793632408571803,-22.957058278099133,-23.13162981379268,-23.22781783131838,-23.518114623989987,-22.538843410812348,-22.45962206076596,-23.4682909640446,-23.710074882331735,-24.276180373451123,-24.814192623058698,-25.411437461023347
160924.04+134143.3,-23.410772729780135,-23.470701206712928,-23.701526258669194,-23.671177032169034,-23.89223337223941,-22.99480721389309,-23.151568475586203,-23.455482947581395,-24.140898505430453,-24.41258432191456,-25.306508397577364,-26.111121041687955
160953.42+433411.4,-24.059893541522666,-24.19749202386501,-24.384291231645737,-24.39583033150188,-24.452946844764462,-23.115322361456847,-23.833242690461415,-24.989345764268304,-25.43400305931645,-25.946436721308995,-26.434166641170506,-27.245515430241795
161033.12+202420.1,-23.73805924045736,-24.023942266893147,-24.417645745518204,-24.54070502391496,-24.682379111081787,-23.756430968691195,-23.63878653493718,-24.886286071548575,-24.69735490872894,-25.087693200359553,-25.342318043314837,-26.18781942917408
161047.73+330337.5,-21.540013686084258,-21.90512458188575,-22.29350676431871,-22.28490476767333,-22.297101886026468,-21.008906789722655,-21.30694997109658,-22.456293063064017,-22.663382795940386,-22.84168414211834,-23.5303140378753,-23.872417690617766
161131.49+592052.8,-22.173824749385304,-22.3255244282819,-22.59295972519804,-22.795885991498924,-22.831974574668084,-21.09634504221435,-21.753189511194822,-23.181449853389537,-23.346913179818195,-23.80789612757865,-24.261501966391595,-24.686223294176298
161133.46+484810.9,-21.473397328886822,-21.63407495285701,-21.96896491180624,-22.220546631446126,-22.435530627922386,-21.12574622704116,-21.317000637233747,-22.740588369868767,-23.364506096912333,-23.48343642715425,-24.00242896933372,-24.55118193892589
161151.28+252028.7,-23.867765528752255,-24.01123146168068,-24.21714405660481,-24.219242288335135,-24.39287526185581,-23.799855953864622,-23.624697128847558,-24.714455189185028,-24.85830024915236,-25.450671807101006,-26.156173994624762,-27.045329338493495
161203.46+114656.3,-23.647088341206356,-23.889645514518893,-24.268046600429305,-24.335921911064094,-24.44402368681043,-22.624071473576898,-23.311653589384306,-24.78708972102774,-24.950326246874873,-25.22254294236545,-25.856293978741693,-26.769241786413847
161217.97+073145.4,-21.576627968164136,-21.87824100583663,-22.436009341714488,-22.73263965193118,-22.64496379915327,-20.978871412626507,-21.286865313408168,-22.952501782663145,-23.307386005844485,-23.86334914394736,-24.60090933214285,-25.175098984650777
161239.75+200622.2,-24.14851814306771,-24.409635976316693,-24.759539000228884,-24.86485706257464,-25.069259433385874,-23.733561599528667,-24.075400248746952,-25.30836528190324,-25.23000389364598,-25.765059545898662,-26.289060139955343,-27.193487516682126
161252.50+403032.1,-24.7968205231597,-24.80964556119477,-25.10562400160045,-25.222833178914495,-25.360037371530936,-24.258010741314227,-24.49973108846052,-25.368696387595783,-25.583325309229622,-26.033771614431476,-26.757873311732112,-27.72504452840656
161351.68+172014.0,-21.87916350218114,-22.010922550166676,-22.34088358498668,-22.615085273954087,-22.637705567155855,-20.821026695569948,-21.99514231223999,-23.296062821213457,-23.7900951245837,-24.419167832397978,-24.526018177975814,-25.083431136197916
161425.17+375210.7,-24.145218510551835,-24.326209921386454,-24.711020915724024,-24.796291479569266,-24.924369661341178,-23.504156309091936,-24.011864380455197,-24.741664995678182,-25.02302241261454,-25.752281628529033,-26.723838862666597,-27.569452148555158
161428.07+493004.4,-23.711660276292626,-24.032784308427544,-24.435164889355068,-24.568804600929624,-24.728988961554425,-22.79872153169382,-23.29015536266058,-24.682315208349774,-24.93060704755732,-25.75658953173955,-26.43325715735261,-27.32680679645416
161441.77+091505.8,-23.966097143079974,-24.161792740065636,-24.470328128324695,-24.495916798524696,-24.638771853766894,-23.78954593981269,-23.720011600310208,-24.371550952786496,-24.686595154313732,-25.12098316026842,-25.71338792525461,-26.568721272398687
161450.51+093312.3,-24.169208810435297,-24.401838111540123,-24.86733783042981,-25.110884537802118,-25.283562532399248,-22.072294734886913,-23.691852928226627,-25.623073282851706,-25.48894586001103,-26.284262789074138,-26.74490434996937,-27.65272816087966
161521.78+543148.3,-23.240553608154006,-23.406505962640285,-23.790112662476652,-23.876879093187366,-24.096071775209502,-23.287202573513603,-23.075229629975308,-23.868702670531484,-24.26980330046603,-24.43398348080186,-25.070606105443403,-25.768616453658723
161558.18+095347.7,-22.474011219087526,-22.774877079020875,-23.122061116099538,-23.187966257582953,-23.449012289587763,-22.422526802294307,-22.56104481622084,-23.478723917908813,-23.917563684910565,-24.320084425354075,-25.184158451093534,-25.917212765108935
161639.47+552430.2,-23.086353857343468,-23.245587961720954,-23.610467695792156,-23.691043895541767,-23.949795949751163,-22.80949549925822,-22.684586520723844,-23.890537693907152,-24.01878904213771,-25.012121174648875,-25.199807794020302,-26.102431565963055
161644.18+174437.1,-22.13869047184757,-22.80228010031079,-23.464007712217466,-23.765540059741557,-23.94653366451506,-19.337634190685606,-21.45398967836001,-24.207701052363674,-24.762585407617134,-24.67988855815126,-25.78665871234874,-26.679143629747763
161644.68+554638.8,-24.132583654796843,-24.139998075054592,-24.472130303319823,-24.628917239549143,-24.69976209165032,-22.49104379425703,-23.762612887048025,-25.189062148613505,-25.12439747263115,-25.486597406526254,-26.026143137816895,-26.98610494822031
161649.42+415416.3,-23.650403557723966,-23.995238300735295,-24.30812808810912,-24.37910528534775,-24.638605515620778,-23.687261073556858,-23.820212768832913,-24.685680241136396,-24.96594937892537,-25.488183917839958,-26.079004114979902,-26.899888498817504
161711.42+063833.4,-22.859423982085193,-23.02160786678182,-23.142809858481147,-23.287133345717002,-23.19302043457907,-22.095131968271637,-22.071731277486464,-23.33879474398011,-23.69130627808925,-23.988236614671425,-24.053393186457242,-24.67362450794665
161718.95+543242.7,-23.937761837993953,-24.216121090489736,-24.518463093013988,-24.564695443881106,-24.781175582805165,-23.682066924240107,-23.54533122585223,-24.300868745325747,-24.670098530463086,-25.031288032016015,-25.99099838233589,-26.88796839241866
161723.67+085414.7,-22.702588610889457,-22.861334590982935,-23.043463835001358,-23.273961311543314,-23.156914922416107,-22.52571555021248,-22.549224385655247,-23.35409816421259,-23.64947298749981,-24.247850046463437,-25.133744891469654,-25.709423298124303
161815.84+304705.8,-24.195350399517285,-24.365715778415808,-24.791762439090196,-25.011359185299646,-25.10925069605899,-23.68193804405475,-23.943838863391605,-25.21050682374915,-25.38135696677976,-25.847577474796378,-26.246621850651092,-27.036082007986888
161826.93+081950.7,-23.45086644502103,-23.77147464976531,-24.194952080968918,-24.38103896385769,-24.85242815426837,-23.085110509410807,-23.52005477254443,-24.868647648071597,-25.185973123574037,-25.499267153656934,-26.060483033829396,-26.946533696616363
161847.93+215925.4,-22.8613002375745,-23.058342897553153,-23.327774097216018,-23.472852014789428,-23.711378731785178,-22.274175470017347,-22.61623824029325,-22.76332544110733,-23.627989442746912,-24.086990454473014,-25.14334370332563,-25.839212909274217
161911.24+501109.2,-22.16728627974002,-22.3160596298893,-22.68570510532544,-22.980945070389073,-22.89697813541341,-22.061004380417447,-22.16893704182039,-23.291969807243813,-23.837321225184734,-24.223198494323405,-24.351067815887117,-24.84873102216438
161916.54+334238.4,-24.015683569658858,-24.219074020393023,-24.417685535332318,-24.422353557386035,-24.676841658093515,-24.11507126689449,-24.25740237929045,-24.69726032375131,-25.22721682082033,-25.732775765861692,-26.47679858487318,-27.34920589348838
161924.11+260907.2,-24.241647948902795,-24.346218874813456,-24.7669297390609,-24.858648546380522,-25.145410597500415,-24.064909624663287,-23.738242159866108,-25.062684777639227,-24.98820771899464,-25.38782231592852,-25.889489537196514,-26.826825497893534
161940.56+254323.0,-23.38991412161084,-23.55343650837651,-23.8308199566667,-23.86597936598659,-23.91308672505689,-22.757781881811454,-22.991816241549856,-23.93791729347433,-24.489014036423704,-25.127461651776983,-25.566831707652664,-26.165361399743258
162021.81+173623.9,-24.48595544142977,-24.643166739072033,-24.84766494420584,-24.92232722003231,-25.110106305398528,-24.307736801043028,-24.423932679993882,-25.305303428158393,-25.56076305412336,-26.06112192736783,-26.618488759059332,-27.51705693028303
162038.92+265751.1,-23.02234434791539,-23.168589506698726,-23.376667326445023,-23.33617875895529,-23.659535863348765,-22.303233948303106,-22.51796709309194,-23.37988491863221,-24.011399078237865,-24.568328012798624,-25.23601509457689,-26.094564404899604
162054.51+502752.2,-22.71471552104204,-22.852824765068917,-23.06124277820836,-23.28687839760919,-23.360524709214513,-21.88609956343844,-22.450025763432848,-23.4011582619653,-24.035493501353958,-24.251940102588275,-24.94946429172026,-25.445587103583502
162129.63+210930.9,-24.03256379779451,-24.296684990582385,-24.71745312107367,-24.854179504892873,-24.960250804230377,-23.765021689727863,-23.711569132199383,-25.127862495726177,-25.374886286420473,-25.506511407921078,-25.752231074914675,-26.600744387047282
162219.43+475132.4,-23.981541690669502,-24.179324880890853,-24.506509759498577,-24.552344986964226,-24.730836699512906,-18.168819081094917,-15.960792998760159,-24.625802190814795,-24.74533473252111,-25.310984041785403,-26.320667266548572,-27.17209337423825
162318.89+402258.6,-24.000587376318073,-24.26630979882066,-24.604994472397365,-24.71750234989531,-24.91764082161198,-21.778735933949026,-23.42159092696411,-25.280812960523622,-25.406750331798857,-25.857146123119815,-26.180037374897804,-26.85982646669338
162320.78+383233.9,-23.633610046714168,-23.760841444006306,-24.0818517841122,-24.220855672131258,-24.305630896087116,-23.390508905186895,-23.571349223656686,-24.602831098342648,-24.812529350816433,-25.209428648020275,-26.224992145441004,-27.113617305678076
162439.95+323918.9,-21.750162858718923,-22.0267422952451,-22.352380120281985,-22.562196792787987,-22.69384974669909,-20.637946927340348,-20.937208627330634,-22.48568524958894,-22.90834889508919,-23.211790027188254,-23.569546658305452,-24.201978602844985
162552.42+562729.8,-22.642986092182447,-22.872925309552436,-23.190876083869124,-23.293053583551856,-23.38368667118873,-22.15846478161242,-22.359602036801498,-23.13810934494374,-23.796632979135325,-24.10914697804404,-25.12477253864314,-25.5642280211896
162607.24+335915.3,-23.12644583314257,-23.33915898426368,-23.52057258121381,-23.60317424467872,-23.53964629426344,-22.78804954296677,-22.968289499649483,-23.902465732050125,-24.607044790089372,-25.113854853317513,-25.788369071850333,-26.295728776573675
162723.39+145603.4,-24.248150940611428,-24.305464384106834,-24.636672630526235,-24.74326239775798,-24.98085371744817,-22.23328480351288,-23.91378024951314,-25.248374577565816,-25.501341814399076,-25.846434456158242,-26.493763204608644,-27.518453191459518
162741.81+535843.1,-20.39066235080306,-20.92924538267395,-21.353420955076828,-21.464842922309987,-21.503952834524544,-19.84420688080832,-20.28576815260892,-22.016498965495135,-22.292264500448585,-22.423773082531927,-22.73340449389939,-23.249554997114643
162744.89+122733.9,-24.78619274706122,-25.037355522711046,-25.23826311100286,-25.267454650388757,-25.377797240334957,-18.748838246894586,-19.663875531236066,-25.424262599442766,-25.786345103272392,-26.079109027951887,-26.769727674743326,-27.669122143928245
162750.54+473623.5,-21.85160766645691,-22.456649496143914,-23.036867956798453,-23.164068562491163,-23.36652922426211,-21.11590189842276,-21.313498016720008,-23.611575056806647,-24.021679205278613,-24.73474988983997,-25.106745657932944,-25.708409325579684
162825.72+083259.6,-23.651046754321133,-23.761175470383712,-23.920995023402874,-23.925079635414182,-24.20368400089792,-23.166352652474348,-23.360218134481904,-24.315008192733977,-24.547794683287957,-25.25651168484965,-26.168437794360305,-26.924492430594206
162845.13+184859.2,-23.640023491528304,-23.69225039276199,-23.929360762954733,-23.972499414048468,-23.983215015168252,-23.139344662803378,-23.38476052053712,-24.620197281946904,-24.47585124037778,-25.53881388109319,-26.016088593273796,-26.840706935606274
162850.39+562929.1,-23.145311066356935,-23.43711061429475,-23.7745848880469,-23.869762847051103,-24.14079667574894,-21.990381053590454,-22.62609270383936,-24.09707671960559,-24.325837185893892,-24.584351314938175,-24.75631236423315,-25.44542050165385
162853.90+412322.4,-22.971911446335582,-23.25388082889458,-23.69673660720085,-23.82840695546698,-24.243329533001262,-22.398524405016712,-22.315016036023955,-24.469752539155216,-24.33457780225062,-24.362266213853815,-24.874455582810054,-25.85814107857239
162901.30+400759.9,-22.09254174143427,-22.390181446159364,-22.695777129654562,-22.7379370656433,-22.835352481085756,-22.041869717442857,-21.980287860777953,-23.04452021633069,-23.21968929309079,-24.024663629184186,-24.46121975541059,-25.11429184510482
162904.96+361512.1,-22.596153433856298,-22.911821994427488,-23.307081294094345,-23.40394808305697,-23.694273858112613,-22.154901021702386,-22.57972415002881,-24.33094948964736,-24.86157919688915,-25.258270447403692,-25.652409198471126,-26.576869059825203
162914.09+151415.3,-22.020432862814886,-22.79657954792107,-23.493492376647467,-23.89131017947416,-23.95531143733824,-19.359386614972536,-20.476104502891836,-24.10271647401953,-24.570175151419335,-25.055230799714607,-25.778602647450118,-26.45045143169104
162936.43+170117.9,-22.093187809379035,-22.574875256755977,-23.157048643928583,-23.306972148680796,-23.527823868244038,-20.72386149467529,-21.02580874067546,-24.049569005876226,-24.253410225675676,-24.763494116171,-25.256072020507087,-26.172445157612053
163020.78+375656.4,-22.84168425124349,-22.9052717050263,-23.1387552725378,-23.4470633316796,-23.961856650426064,-22.692314548255325,-22.472435743646436,-23.855196352854897,-24.505751151762922,-25.448948976285656,-25.969361100729802,-26.86247433932218
163051.74+471118.9,-22.963440806784103,-23.111021323209496,-23.396128373631292,-23.55178187528286,-23.578608325772862,-22.892412064472914,-23.13049097036204,-23.685561267068408,-23.988821387566865,-24.682330767159893,-24.972816054472297,-25.600709739653738
163057.71+150018.3,-23.9755866226851,-24.032110248443985,-24.294142429994608,-24.345065043734152,-24.557367160557714,-23.67553489285696,-23.778997257183537,-24.49101500424206,-24.669308342925586,-25.34648027267681,-25.60798410433805,-26.28476527571635
163108.20+561227.4,-24.418995578725035,-24.522095976611546,-24.932386640937352,-25.245207593194465,-25.443498782439338,-23.747722429140953,-24.225440934731477,-25.849989350888922,-25.947869265591816,-26.44939005738622,-26.805130124129764,-27.73829716446443
163111.28+404805.2,-22.900566390231877,-23.017722459241522,-23.151444178839064,-23.236805907594082,-23.29653412157424,-23.095150300590753,-23.129212529025168,-23.12404518669935,-23.485628126589035,-24.00594872106648,-24.900653356144367,-25.557161761740353
163124.42+295301.5,-23.04078127284018,-23.172687309051632,-23.377712236219093,-23.563207510300877,-23.67448401172528,-22.722939846893247,-22.99668898570356,-23.840567768186634,-24.155735176327934,-24.63886675885857,-25.128842842612848,-25.71985186303575
163140.87+470511.0,-24.250447595452183,-24.631866498011362,-25.100568784973177,-25.35588253066954,-25.60299470952545,-22.29844908316816,-23.949701676585104,-25.766732257758683,-25.90682640567127,-26.088592395838532,-26.918072259894576,-27.832375101517226
163210.65+215033.3,-21.64151159842331,-21.766252318725524,-22.09334333737875,-22.35344375781772,-22.353097476605523,-20.497999599733795,-21.105154987298697,-22.57867582219323,-22.992998190227134,-23.33310796743308,-23.611312517817517,-24.106861737432663
163224.95+095349.8,-23.16489985869137,-23.571515875461632,-24.170652524181058,-24.41588218728659,-24.75411235926075,-21.544245458387188,-22.413032566869617,-24.87264038018898,-25.10497144866516,-25.617173807156586,-26.064595282318034,-26.92174787874085
163235.08+203941.5,-21.32406093905313,-21.53033630636125,-21.828328300351398,-22.015292666003262,-21.923628671079847,-20.98751203465919,-21.068726610192815,-22.068116381682824,-22.131304550076397,-23.000185517933293,-23.881218105445676,-24.40227307316975
163302.66+234928.5,-26.39446076749494,-26.677055483177877,-27.070708187789503,-27.23509578497115,-27.328908400059962,-24.96575111033342,-25.997636802268275,-27.51993708195391,-27.348406544349903,-27.629540751436767,-28.17210021286506,-28.966775339994786
163334.39+290128.0,-23.87830765291771,-24.124439220367428,-24.50940619137749,-24.648902528472174,-24.759007760124277,-23.58897996805358,-23.55268717124799,-24.808802617276047,-25.227904598400947,-25.6507112225864,-26.444859161679208,-27.44523336792336
163344.28+321601.6,-23.202543356768775,-23.462178147132796,-23.825592960423158,-23.90652374925816,-23.983114258405323,-22.147933201994398,-23.03714822363113,-24.342073222022265,-24.379986777834635,-24.874435530350944,-24.968158770815307,-25.613524773544384
163528.63+501750.3,-22.524658671504227,-22.71299194696466,-23.072148566182094,-23.09946826900286,-23.25060430903084,-22.242844825882283,-22.44454104289817,-23.486989009468946,-24.084033138960134,-24.53041201259127,-25.05761955806942,-25.719519764875237
163600.37+432802.7,-24.451919100219868,-24.76531779801089,-25.08742908670378,-25.252492456376423,-25.533670443093964,-21.309130035795228,-23.390872170218227,-25.817499768537736,-25.93091483028586,-26.168118447397596,-26.852974378837654,-27.81426088956372
163618.36+280618.9,-25.221448917950323,-25.239542808406345,-25.514165567926167,-25.68799860661425,-25.841749676601182,-20.888244830257662,-24.64189423071857,-25.759406205724936,-25.77788499139686,-26.190179562997802,-27.24012024418744,-28.179443768989625
163631.58+461704.3,-22.036280738235074,-22.19975420043688,-22.45103833197355,-22.577910582986366,-22.613116297316346,-21.921558720933128,-22.084452534681507,-22.88927638590254,-23.577679615078594,-24.278248571620967,-24.86252081830638,-25.44508947923129
163636.50+264809.2,-23.11732769035972,-23.466573171380887,-23.86104774500994,-24.2142989867811,-24.2311606707473,-22.64128532128969,-23.0987923145512,-24.48638310150664,-24.843643083695518,-25.201224347849017,-25.46056744065398,-26.279998574873954
163642.91+332729.0,-24.841864910335094,-24.984227885240042,-25.317733435284925,-25.53316648399825,-25.71985435570658,-24.041801179947303,-24.73583641929194,-25.71701476092927,-25.791516702628197,-25.74672486141611,-26.746969966359504,-27.651149284862946
163648.36+490049.6,-23.6355295019043,-23.761695298875274,-23.929733121137225,-23.987230699828405,-24.243411016557268,-23.462471991335665,-23.518846600389995,-23.998240023510302,-24.37110357663195,-25.04457252517333,-25.260117885537113,-25.996458994676793
163709.31+414030.8,-24.211689250893116,-24.675064433674873,-24.90824904504142,-24.978177548243387,-25.082882485078535,-23.995788112565375,-24.409560044448188,-25.62049665816549,-25.648363557841257,-26.03594028108047,-26.742205587635603,-27.58184278402087
163726.91+104959.8,-23.14908210909444,-23.292438022824445,-23.62427391665635,-23.650697430790025,-23.858756718888856,-23.08452820622035,-22.918335575455632,-24.137927076204463,-24.35361191858071,-25.056724654332633,-25.360660659623505,-26.2860553114723
163738.82+335324.4,-24.202802839575472,-24.271520975556708,-24.51926479842111,-24.538243216908246,-24.623053493706028,-23.611723600097026,-24.05796612579879,-24.85561254774092,-24.749462522997543,-25.50902227582851,-26.11851614852672,-27.083076757546078
163745.13+471733.8,-21.9376174540205,-22.49704091905649,-22.804893125952518,-22.909559058276788,-23.334759905163452,-21.321639420966036,-22.0648388846068,-24.2632009516861,-25.33868448268039,-25.67248063802241,-26.797195345492728,-27.694056406459534
163746.55+425449.6,-24.003632219589278,-24.16156542950835,-24.473107542837447,-24.51892435347342,-24.686769787748926,-24.332401888031367,-24.159849312904896,-24.454407861845592,-25.143466532289665,-25.706394547740132,-26.599111313656522,-27.52558499836832
163817.48+382249.9,-23.34522611819316,-23.51907298315103,-23.730099452571636,-23.780777469022553,-23.966401476804652,-23.237780395678943,-23.314244319538993,-23.963693334729193,-24.29538607978546,-25.00245865527342,-25.555806100647604,-26.340117106207163
163821.99+402413.3,-21.368546810459783,-21.47946669226522,-21.824227359285775,-22.213375134831473,-22.258108786308625,-21.77014082142794,-21.2881468379148,-24.0461996529009,-24.143948104951026,-24.02100691958593,-24.09987420554887,-24.509428839006592
164258.80+394837.0,-25.416275860955658,-25.737313600854826,-26.415058085004972,-26.6588549833678,-27.190279096955397,-24.061972415537003,-24.27978560798296,-26.73741939082224,-27.291114037624343,-27.86480488167854,-27.422533154808306,-28.330184322289377
164346.72+375937.3,-23.589404771906395,-23.799244792331837,-24.12417864077904,-24.20425586346068,-24.36100720369483,-22.28340501527938,-22.59123360430368,-24.33478518675352,-24.504673541278162,-24.840393550723693,-25.38398907955758,-26.20448038795568
164346.89+434645.0,-24.34446863612877,-24.442330281404878,-24.755104904007826,-24.873155186259254,-25.058504735109288,-22.787563721245316,-24.119173274961447,-25.26537442431844,-24.706473638145752,-25.711490176104395,-26.19999304278283,-27.11585525751499
164556.72+443054.5,-17.73083221280713,-23.182020435082975,-22.019887634599872,-18.276155772189774,-19.98634832154157,-17.37698210727357,-23.658259803074955,-25.272774373964022,-25.538021132469385,-25.955277472221432,-26.228962859570757,-27.32244287837507
164649.12+382504.6,-22.159380184032997,-22.467545183385784,-22.97820516049481,-23.20081103079478,-23.241610911410735,-21.852612325053542,-22.11907130437558,-23.517084408564514,-24.05746931330794,-24.520939706248743,-25.27166964769493,-25.888637086710045
164722.34+462705.7,-23.561765148638017,-23.817118488375236,-24.197759118813604,-24.123731285734483,-24.295913369304138,-23.014180854158198,-23.361226284626422,-24.604590399767595,-24.92197122412243,-24.522886728912052,-25.23802939016779,-25.96966451505589
164734.49+381004.1,-21.893860478667733,-22.335145830782974,-22.73949299127189,-22.97399741759989,-23.256315982044775,-20.04178609019314,-20.786982156131888,-23.407548373979537,-23.658021140379713,-24.23514075843795,-24.687128851207472,-25.383461707323743
164735.03+401407.4,-23.14681533274198,-23.440054542908566,-23.745281257551422,-23.775665182068852,-23.900012276391116,-21.804300221449022,-22.386918125761145,-24.396047884981357,-24.701428122352706,-24.72683136712907,-24.68963701371445,-25.538259477624397
164824.90+293831.3,-23.60625132809467,-23.83180268476891,-24.167165219828814,-24.28895695310123,-24.545830568377568,-23.208226537640783,-23.322861662436235,-24.528183736529055,-24.92823888248385,-25.112672763620036,-25.835152074028013,-26.77642393389158
164845.39+192956.0,-23.760846398030594,-24.082335319381414,-24.492920791036404,-24.49944003040027,-24.677825433782008,-21.855391939689305,-23.41644228389442,-24.927583422612596,-24.983145075216914,-25.067992832966226,-26.471093995372424,-27.377355456433303
165005.48+414032.4,-23.59792935711471,-23.82000972171839,-24.097678575159,-24.185186222724372,-24.409086049946477,-23.86084693347906,-23.571293543285368,-24.38055617856623,-24.72931661100608,-25.274547252767967,-25.853961615933194,-26.607928527241455
165029.07+190908.6,-23.58854715658283,-24.02469535112723,-24.551248613294607,-24.830942932606703,-24.999187795314118,-21.81299192997548,-22.098747287599686,-24.98306324273385,-25.279606481569814,-25.768022952108872,-26.644446260997675,-27.644774110411838
165051.57+362723.7,-23.166477101081572,-23.310900140505087,-23.577699255953963,-23.689218667078343,-23.88370409213836,-23.320386011720014,-23.11550777629065,-23.76336788232443,-24.23324681879282,-24.990484453224465,-25.73189661797333,-26.51567989937529
165118.62+400124.8,-23.21065042200067,-23.42979308356655,-23.665370006303466,-23.762278537248097,-24.156346814705792,-23.06564724547178,-23.40897232781993,-23.68178607486803,-24.02651287954268,-24.603578330797035,-25.24580661034105,-26.046151569039235
165147.51+515421.2,-21.088339170565963,-22.025171470852165,-22.929783851752216,-23.271779316494836,-23.578701281003656,-19.51847091277537,-19.632446598087178,-24.155018667154696,-24.5387184186214,-25.371630711695317,-26.25226906127235,-27.134189223506766
165255.89+312343.8,-23.418707068742748,-23.67324713024709,-23.864841806425453,-24.003212063324277,-24.12595386990926,-22.802271830108882,-23.26648902892202,-24.748667803699263,-25.015991773365233,-25.519707872529324,-25.465220453464525,-26.341517409554147
165259.05+310442.4,-23.8432460604557,-24.176848444366968,-24.44182072430746,-24.437408609504708,-24.640858401351373,-19.183791314085244,-16.970769425861814,-24.87197367769657,-25.448179033883072,-25.485396283455025,-26.051561408615424,-26.92834781788486
165302.64+265134.8,-23.509094195091517,-23.70102242706142,-23.980442802210952,-24.041122104233644,-24.21112681694306,-22.52046461340396,-23.014231295677824,-23.465905300477587,-24.82934796956358,-25.413623297992185,-26.126689658119677,-27.094993583942916
165321.72+435159.2,-24.4481599230537,-24.622437796901767,-24.966785841103277,-25.07934472571247,-25.23265316504009,-23.135490733895733,-24.490103444215226,-25.598029665164567,-25.391125291698494,-25.901882390795596,-26.611135360234552,-27.38282258580638
165328.00+293945.6,-23.882740645459698,-24.044078592824714,-24.35381898538649,-24.483690333030175,-24.553270422592323,-23.043297472160955,-23.493845151814018,-24.647667411266678,-24.898607742277715,-25.41359692474761,-25.908731268595286,-26.801141770754988
165338.67+634010.6,-21.857699681040117,-22.150029700496653,-22.480283082209343,-22.585747126091878,-22.62718216488906,-21.303917995133492,-21.531021593920695,-22.97643792167805,-22.889374762131435,-23.910383042281826,-24.538487669224857,-25.46299427627524
165445.06+273144.3,-23.5716227159662,-23.85891351637555,-24.097129791915286,-24.091816038798648,-24.375857579571594,-22.439892870649455,-23.01328876496179,-24.32593218408881,-24.768789915995892,-25.307732388008613,-25.99803776686964,-26.840711316590806
165551.37+214601.7,-22.603326871058197,-22.8472776300162,-23.228858876147086,-23.499882162182406,-23.28961041430832,-21.660915822286555,-22.20717427093272,-23.49385650456164,-23.894636503067307,-24.44598409997655,-25.24518986734384,-25.622843077538285
165614.00+351014.7,-24.516358468787377,-24.501008112101985,-24.774528903780276,-24.90721839180487,-24.96063439705297,-23.061990681221886,-24.17953428921442,-24.69965350674593,-25.06232605833408,-25.431311915823336,-26.578377117037842,-27.503171436082912
165638.97+265120.1,-23.616495343824816,-23.846236610378057,-24.24548694681666,-24.484471328170443,-24.593374495479623,-22.58011361782749,-23.023086968420632,-24.715396865804536,-23.667049360281855,-25.702094531222663,-26.249828314749262,-27.265988170966168
165652.55+320551.3,-23.422385821999683,-23.735227318141103,-24.01977381309772,-24.139811898382032,-24.205216851128107,-23.104570362108827,-22.984149326346582,-24.471629312274793,-24.465453425123798,-25.015974318334113,-25.262898872946078,-26.014543389991275
165658.49+275445.4,-23.92968811876538,-24.170567878940293,-24.57979922019011,-24.78631416885492,-24.85780655966324,-20.186598542446163,-23.892689659207946,-25.679715692432517,-25.387449117493873,-25.850489354278935,-25.558589612509586,-26.330155117904372
165722.07+395551.4,-23.585375530761127,-23.692688663995323,-24.128194407008365,-24.24238947914672,-24.430476791274945,-22.050288580945313,-22.454907330536603,-24.46978975854291,-25.045120951561746,-25.506429536053638,-26.132575233463715,-27.147817058382277
165759.07+480653.3,-25.351530855261643,-25.386354716286174,-25.622535221051006,-25.783416687404294,-25.96640722889347,-24.49936864856758,-25.072089247347293,-26.065020980076145,-26.15536738850594,-26.4559959704581,-27.135280491523254,-28.052064335025694
165817.31+480229.6,-23.431401779185194,-23.541442226663165,-23.841220361285853,-23.97392092506044,-24.159816540584817,-20.996805912458296,-23.303406575786738,-24.80606542906482,-24.457210492860405,-25.45842834067009,-26.09554071039063,-26.955165859913592
165905.45+633923.6,-21.540722133834635,-21.875423194197587,-22.375174810672387,-22.467134037189997,-22.7851296934353,-20.437209252551853,-21.000183825130588,-23.038646011091497,-23.15564496906536,-23.833707034159573,-24.48930197733361,-25.248764041522502
165923.68+342241.8,-22.30106993089716,-23.16070553329308,-24.00138001571838,-24.432339866985128,-24.828249125928046,-17.8651645229979,-20.650858586749717,-27.11108210686308,-25.695871576446827,-26.007705480925747,-26.34693620778326,-27.35657312890804
165929.80+424605.6,-22.25445889346476,-22.484413928549632,-22.718826973625507,-22.739479413225677,-22.743065014277985,-21.720444804181824,-22.297313764836126,-23.299176009595463,-24.07554826357641,-24.732718668678466,-25.350385530971735,-25.877500143852558
165931.91+373528.8,-24.054995568308193,-24.304620569697455,-24.593396219330923,-24.629498885353243,-24.728920708566836,-23.450748507092808,-23.917380456833204,-25.00149992608014,-24.67242140984122,-25.39666538388963,-25.738594125213137,-26.56664580169804
170017.17+325706.2,-23.858226288260298,-24.256441112335512,-24.645463678847722,-24.819423338133177,-24.96250333828161,-21.586978266924714,-23.98560514009279,-25.363853437020897,-25.406966565683227,-25.838465944637623,-25.937707935631444,-26.534990224129093
170150.81+474027.8,-23.91701314131883,-24.09530994284315,-24.43437065300452,-24.566095346586028,-24.815837598160925,-23.344576860806765,-23.969817043663483,-25.26397456279205,-25.443355751810703,-26.31940118776624,-26.00136508719972,-26.85854234647788
170231.06+324719.6,-23.094677101682972,-23.310231798805226,-23.56422356087834,-23.6265486347735,-23.610518053684764,-22.349539771306528,-22.858489142416467,-23.842256065324325,-24.418082159141363,-24.95281955606975,-25.791997371522097,-26.109758155807928
170232.50+352618.2,-22.749517360196975,-23.039953481809352,-23.452982399993406,-23.588824839228334,-23.808464334650324,-22.000947746546178,-22.464232273782027,-23.580218471239053,-23.826988389359357,-24.071828051826024,-24.355010674834823,-25.257431178342838
170248.86+421633.0,-22.19374356137006,-23.170315409359567,-23.947732930972446,-24.379189567950746,-24.628448153901292,-19.93726643367399,-20.847686090146535,-25.019836106781415,-25.389422123628254,-25.883439851237195,-26.30430579582373,-27.325125164282728
170302.88+191034.0,-22.704448845434,-23.036914683998827,-23.29240369889571,-23.38170954070839,-23.48060466917653,-22.339626500346785,-22.5341803974888,-23.588548521182858,-24.01870917121595,-24.538660296148425,-25.23950165063148,-25.81524680008504
170306.47+452557.2,-22.075705106501673,-22.190240235165103,-22.442443446168728,-22.51130304572738,-22.467432997132242,-21.334486611653038,-21.805462217167513,-22.894843982078807,-23.368419065976365,-23.878949637401238,-24.302293973693164,-24.712554479975726
170334.04+375410.4,-23.705717547319868,-23.9298835205892,-24.2738216518,-24.394709652018655,-24.581502559879922,-22.83039027489623,-22.949613055500482,-24.382811082653635,-24.490510137886627,-25.15267979356472,-25.58270543812857,-26.256070369043087
170441.38+604430.5,-25.065456554606637,-25.303712954423375,-25.75660755898413,-25.908150119874524,-26.066800609566936,-24.59566076945381,-25.075588066621812,-25.950566552987205,-26.254491429367494,-26.876745121763935,-27.556828818325855,-28.297260660415944
170518.80+240402.0,-24.682245033327767,-24.77352337922307,-25.04594412101474,-25.0884159705454,-25.17707640905444,-24.58029754069202,-24.59441318011825,-25.014519822374297,-25.076854112903238,-25.481525026603016,-26.602120743696585,-27.557731997729785
170524.75+340356.6,-23.500650078573077,-23.84883931007416,-24.321094915030365,-24.400124841069587,-24.589903540331044,-23.2649291810903,-22.91910247778604,-24.03973715408307,-24.34719776307198,-24.765296889171214,-25.71592500323247,-26.61086297537059
170533.69+644004.7,-22.78965293629276,-23.133964110355492,-23.598011385073207,-23.71474283718498,-23.831035163348723,-23.04534167433593,-22.890385060770935,-23.560438806913385,-24.051862127044235,-24.973499260898905,-25.7851924255564,-26.820181620879293
170634.12+361508.0,-23.76327572441368,-24.068200453222936,-24.448714117727405,-24.567098508153798,-24.695553730504574,-22.511321522557342,-24.296482767659548,-25.126764990466704,-25.552790990412277,-25.3779788757526,-25.377509675086714,-25.98517551693433
170659.37+452506.7,-24.293189279446796,-24.351665181535072,-24.66677350432064,-24.729867043201402,-24.88104454361481,-22.92857803158686,-24.29539834882814,-25.310060963087626,-25.6095395612745,-25.6284366879478,-26.13238968151112,-27.154264956361658
170718.04+355347.5,-21.76800323569791,-21.936399046670903,-22.211807079452775,-22.36361517479767,-22.575346032195768,-21.91846051192399,-21.76708613659078,-22.916451219999907,-23.192652635250635,-23.738911592093995,-24.36609030712691,-25.09500687399706
170823.10+412309.5,-24.42162400975506,-24.49033749897267,-24.721253016252728,-24.85108036175518,-24.97711672663564,-23.972482352348713,-24.531668278858774,-25.1589877822783,-25.31414538065185,-26.223768274054414,-26.801692546064913,-27.75153914864291
170827.42+382238.7,-22.643214923293947,-22.890670646515943,-23.161544469407016,-23.202445097861972,-23.41997737847005,-21.75880149580651,-22.201763060485245,-23.161870293722423,-23.9221818099763,-24.15598898186553,-24.6647160883797,-25.49352391539967
171010.90+374905.3,-24.093743093943992,-24.306132623036248,-24.667435476048215,-24.805181931909587,-24.956907448439072,-23.628986037420752,-23.909264575924105,-25.020000777651603,-24.857231442819206,-25.849166960967153,-26.241414179750493,-27.25302863259957
171046.76+321946.6,-22.439537104098584,-22.767115540685783,-23.144534855336918,-23.38507148881528,-23.490676389255235,-21.62610769374253,-21.958794343216372,-23.527762886356467,-24.135543798337658,-24.554283173462093,-24.88927716060105,-25.54841297442264
171131.30+333543.3,-24.133204914047575,-24.310165410945807,-24.766196582293112,-24.763729997230154,-24.932736130550747,-15.55180241365865,-17.805638811393123,-24.526110623769974,-24.912860116606254,-25.56814960580364,-26.276957893868687,-27.22163267876595
171207.44+584754.4,-22.071292546260548,-22.16240579941038,-22.393902865324826,-22.4924137539049,-22.636477214302197,-21.91955026975033,-21.845386073731554,-23.206634237541,-23.67862838897212,-23.985338382414206,-24.46613219295579,-25.121025682358475
171211.10+393403.5,-21.315079714922387,-21.58088887062042,-22.127443402359432,-22.7698303415916,-23.143511540115956,-20.929535151659,-21.224476504728266,-23.57941450287241,-24.070114884374924,-24.59447652142953,-25.266268832801718,-26.03212300796282
171300.67+572530.2,-22.26072389011017,-22.519259697319733,-22.87586945608421,-23.014376209675433,-23.219359593633552,-21.401087393572126,-21.659722245275017,-23.487886586416277,-24.010417244993864,-24.680989071058303,-24.816918581595544,-25.55095651731882
171304.46+352333.5,-21.004575702674227,-21.516775489645312,-21.95109154194632,-21.949107973126008,-22.092503288008313,-18.465280680659475,-19.961890903795705,-22.312002983013183,-22.869636486979214,-23.326288816601505,-23.989297475536336,-24.365302544942562
171352.42+584201.2,-22.943622716768587,-23.320496746547438,-23.788994818703504,-24.02055167779043,-24.260160806555174,-21.825793037750046,-22.077246982361718,-24.352979682420514,-24.853935958130428,-25.003802256136613,-25.82821390570712,-26.735059502173204
171404.20+302700.3,-23.946592627291743,-24.041241883901353,-24.213968287770555,-24.238798555695666,-24.314101773646467,-22.351981745902936,-23.32990212851188,-24.55122701067354,-24.750937724662585,-25.031751458360432,-25.734343611979735,-26.67079910697897
171446.18+400755.6,-20.39354786241164,-20.800171911079524,-21.188688382676315,-21.276097601084572,-21.32640160460843,-20.169499223416203,-20.194389921397686,-21.31243567518386,-21.98145685057867,-22.585860805774146,-22.590103614534463,-22.995327877426615
171510.69+403137.5,-23.341028904623535,-23.621344028720568,-23.874097939056078,-23.958813562260595,-24.082631663068927,-22.665798635788608,-22.91039248189405,-24.50033847966486,-24.52390022605722,-25.001442621235554,-25.34616190633177,-26.20118928296021
171550.38+410337.3,-23.629067409467552,-23.71502571268807,-24.101535879670397,-24.21023728565727,-24.30097257237201,-23.552059757438244,-23.467395220549896,-24.598887232643467,-25.012372319011444,-25.276809040118277,-25.958677386978348,-26.89519930368797
171737.94+655939.3,-22.89231019763814,-22.95800094849236,-23.17107182061058,-23.204366094827396,-23.329743381357158,-22.869479061812378,-23.166046703334487,-23.543070903415806,-23.9744110559765,-24.452708460483755,-25.437717825212715,-25.99436814357797
171750.60+581514.0,-23.113335670426437,-23.13324782423161,-23.258060530693946,-23.351520684414297,-23.529337166286556,-23.094208524532164,-23.183737660394257,-23.556130223398327,-24.002928534724706,-24.350343959046125,-25.415454621497044,-26.120514897280426
171850.29+304201.5,-21.809728377092863,-22.262844242388756,-22.64529430648278,-22.77716226233926,-22.858836722163716,-19.623925654699754,-20.515051425548133,-23.23430721018515,-23.627411495072224,-24.456575165304823,-24.966160415824476,-25.615906360581846
171902.29+593715.9,-21.687397569776444,-21.851625655811706,-22.139841643467282,-22.253893570033327,-22.29297171685539,-21.07896075804973,-21.34449201525066,-22.64060493418,-23.130760071401003,-23.489286344134992,-24.250180947514615,-24.831214638670573
171911.96+291546.5,-23.267927571873035,-23.689231567471698,-24.15845454532257,-24.35277033063874,-24.578394243803114,-22.338482942185962,-22.935024402484665,-25.182964320554156,-25.123246733681125,-24.97357538121986,-25.536482750040985,-26.594764944230057
172026.70+554024.2,-23.698125485705447,-23.748230987702815,-23.91627729272749,-23.954335446082247,-24.127321402965624,-23.19446368446735,-23.394568710760996,-23.919574155304876,-24.462638186397964,-24.565785241777316,-25.11399796015319,-25.82626125960984
172032.27+551330.1,-22.059547055292303,-22.2122532511989,-22.46055119960564,-22.591314478309652,-22.801638182533896,-21.83228065893981,-21.803220763805474,-23.168050613216913,-23.22441953363479,-23.420929026689485,-24.12427946376743,-24.656620191121167
172354.30+374841.3,-24.51413199435005,-24.70226853798506,-25.07121119742095,-25.08273706467078,-25.228341959433973,-23.645064794948606,-24.464167757730227,-25.597672865391463,-25.215256987135508,-25.53206144321672,-26.13105897320828,-26.98094173941219
172422.16+271744.1,-22.96973557199712,-23.065198634960804,-23.24518976894229,-23.25079393099209,-23.392438538008477,-23.318297286484253,-23.23845349450824,-23.546307767507418,-23.95842950126969,-24.67868465030192,-25.408949883326166,-26.247695682909182
172529.82+380451.0,-23.265327925327767,-23.470218714006883,-23.68996377971589,-23.734577099560266,-24.00731745763259,-22.916995752055886,-23.110681888623763,-23.93965819893519,-23.926344830523778,-24.572179155952487,-25.05572742671983,-25.842510571955803
172602.85+382434.2,-22.543711939013097,-22.653844412795895,-22.914490719556373,-23.006567566936056,-23.336297065769234,-22.378654821923625,-22.41761733212935,-23.496521311645285,-24.2028450542804,-24.808856150529298,-25.386210200696073,-26.049711388762358
172634.26+360832.9,-20.854644237673007,-21.440198137114635,-21.95232261523411,-22.088624703977416,-22.137831468894845,-19.727461257494785,-20.224358730313504,-22.523447476220696,-22.956374775291668,-23.161739769049138,-23.607432297606184,-24.09789343561424
172640.44+362054.1,-22.715063461396767,-22.990223169241368,-23.145587539628913,-23.196584552780212,-23.400963647569164,-23.39037637280561,-23.18092906126004,-23.500947597007464,-24.72323796540535,-24.93196319375146,-25.40217154746078,-26.362865139081688
172711.80+632242.1,-22.411146659259835,-22.68972944333054,-22.91546131173482,-23.041765707644124,-23.113423826580213,-21.63896971462822,-22.00346694087579,-23.40178549338242,-23.646735338978655,-23.91657181078843,-24.13498348344056,-24.525295975883072
173052.71+602516.7,-23.7093510692591,-24.012901598065277,-24.4765065748457,-24.724701040382293,-24.987642160147264,-22.819566250344863,-23.39227217236757,-24.994963852467798,-25.414721898959975,-25.22689389083216,-26.11830765557905,-26.89185199584341
173229.43+564811.4,-21.891263578923844,-22.105907207842865,-22.419072428024453,-22.556996756300453,-22.773773549371725,-21.50775119359057,-21.52934044092467,-23.011323311775783,-23.12502633796505,-23.686167427129238,-23.94049684778329,-24.41463953060244
173348.81+585651.0,-23.46247677161412,-23.54333846741308,-23.81126791834114,-23.85864118619724,-24.027971967028137,-23.192642139971337,-23.320989163346162,-23.8819553690864,-24.508161833403467,-24.8301976292069,-25.32434738842052,-26.315954237472248
181125.92+791532.8,-23.707590173604903,-24.133329955136574,-24.910303752111332,-25.167591376244438,-25.43360814048247,-19.58301762829069,-22.46240381435719,-25.29920021411274,-25.393314604134524,-26.01621805851831,-26.926934712522282,-27.807567057526438
203725.23-053746.9,-24.143120293870748,-24.26801507846831,-24.532701734514518,-24.630018587884464,-24.73856213099086,-23.696317641017128,-23.461212022294916,-24.886974804183588,-25.2418910640027,-25.57867816989936,-26.069886038948532,-26.94236254532047
203730.39-053013.3,-23.868761977185684,-23.951406059838394,-24.47124505825603,-24.579629055649324,-24.749408568307324,-24.218142747736426,-23.79356750710571,-24.651563774142126,-25.117889277662307,-25.691322163424456,-26.59128756466471,-27.436557445860846
204045.28-062422.4,-24.253390337789508,-24.29888539520183,-24.648629263357783,-24.884537104563652,-24.904363664902483,-23.674179817713053,-23.916923904701783,-25.027441493031798,-25.314013096009763,-25.647315110727487,-25.947340462352766,-26.710258127584297
204956.61-001201.7,-22.922328814543153,-23.106899834019426,-23.438826210251364,-23.526087317410422,-23.917665894422186,-16.94820568064522,-16.896352210739146,-23.606736796886,-23.997057446098594,-24.692409641761685,-25.22780727304329,-26.010404820384903
205608.47+002928.1,-24.05185524906956,-24.115699370630615,-24.284681224158817,-24.242259819537626,-24.45803129544456,-23.920057785852435,-23.94672347795881,-24.177961137980102,-24.31275804514807,-24.751385852551877,-25.95773614856,-26.89155753402469
205706.58+010030.5,-23.863096048283737,-24.119214173603343,-24.497020907190322,-24.64360992862771,-24.883102695634367,-23.015716124992075,-23.786138913780228,-25.43994702114198,-25.31958060432448,-25.713690520018556,-25.87653192130666,-26.814821797532446
210001.24-071136.3,-26.133743925099047,-26.31325007530568,-26.69394454392417,-26.739412941780568,-26.905449588791317,-25.54278309078629,-25.517850762861222,-26.708719713708664,-26.861661546307424,-27.145134589433916,-27.66982423358439,-28.641551936327144
210522.61+082734.0,-21.274183489514673,-21.45189427097533,-21.810755520307204,-22.02867023892436,-22.117781398735506,-20.707910818894863,-20.861031952437717,-22.62543925629415,-22.871409093556785,-23.463188360163326,-23.929554336108513,-24.276848322317928
210651.11+090936.0,-23.282715199053857,-23.428142793461028,-23.6049695809076,-23.641990528610744,-23.993396097686162,-23.521249534039068,-23.293935846868074,-23.884568725423822,-24.037236991068355,-24.78532579052061,-25.226857012260268,-26.061659179483005
210857.09+071050.4,-23.323358648083847,-23.416810694176625,-23.80194234102346,-24.033297614404486,-24.245068928661855,-21.828851737038654,-22.747757063243437,-24.91674376586994,-25.131017392715933,-25.785692248634884,-25.949161408102842,-26.778406265121696
211055.83+050707.8,-25.97634656390046,-27.146076336078366,-27.199040305672078,-27.239651882372154,-27.684718502131947,-21.308489964623075,-20.296153424584222,-28.098664965672015,-28.469034579057237,-28.760468248283402,-29.536953761093727,-30.52224088500443
211126.12+050112.9,-23.20747446545367,-23.603292443897974,-23.93562253507802,-23.98571328130677,-24.150569971628403,-22.8390235808623,-23.032375035873788,-24.31076412371161,-24.553176551813227,-24.983305096481462,-24.95979018246642,-25.72027321857778
211230.57+001427.3,-24.080285267615206,-24.136632951553793,-24.51907568185565,-24.675033436203744,-24.80316396251687,-22.33993395098983,-23.58795176833533,-24.80223482939654,-25.07253063202015,-25.47868258620614,-25.834357214527177,-26.759299096407283
211248.45+023605.8,-21.579023240932056,-21.60274927476047,-21.889413420953385,-22.351377688953825,-22.20033947283195,-20.839730778458765,-20.830624754853783,-22.395972921098338,-22.532107369157497,-22.99026318837531,-24.16496056536298,-24.33113213914015
211305.31+070313.5,-23.11599414732402,-23.54609873587685,-23.97762499119071,-24.220524733572645,-24.470490274106737,-20.39424589821328,-21.924715853189124,-24.967394782397747,-24.773681107115273,-25.307278299714458,-25.82768604062108,-26.56016952290844
211348.40+003722.1,-22.65272102998954,-22.83563447393645,-23.20238091882344,-23.23486023407104,-23.506281778088233,-21.85081347649498,-22.233857412923566,-23.77916577934858,-23.6900946887623,-24.60953915085264,-25.46777146014866,-26.288906661425713
211843.24-063618.0,-23.202829272668122,-23.20224575527245,-23.35712771700648,-23.386391595581394,-23.890521322587556,-23.30144971933875,-23.29891939176662,-23.54212461511739,-23.855154877264194,-24.610076411866412,-25.57660737379057,-26.19715300742615
212001.32+100106.9,-23.791439899029044,-23.94298564880537,-24.18635250301953,-24.169975909647327,-24.256745356666077,-23.122338175203538,-22.882979681630626,-24.652515319275164,-24.36214202150163,-25.28675099421883,-25.32759552917031,-26.232596933759865
212122.32+032229.7,-23.5726495543598,-23.708845306093558,-24.051701089619787,-24.255886248976037,-24.408702874454097,-22.776756543968528,-23.030381130397966,-24.72374246727209,-24.948887525432966,-25.699266973781892,-25.978696682079594,-26.813481979854153
212130.13-000527.1,-24.272222972943307,-24.378005840519695,-24.73218180108114,-24.756270930226947,-24.91280364563079,-21.452252672050108,-21.220295832806404,-24.3262648356825,-24.992354423272367,-25.420128591754654,-26.29772875260286,-27.267128095356682
212347.83-082842.9,-21.66275005871629,-21.780197245030806,-22.11974220315816,-22.325552378427993,-22.242121279192673,-21.040564680735752,-21.349700336240407,-23.041459962218664,-23.404158267949317,-23.936556941771304,-24.295357733028727,-24.809934162060788
212501.20-081328.6,-24.090760509048184,-24.526855601517422,-24.91278205247012,-24.97241612443137,-25.194938217134244,-17.038306511892422,-18.10997788906803,-25.125180112682006,-25.57183915584104,-26.105520966222556,-26.689235586760432,-27.609683551748898
212521.99-000736.7,-24.350410246017177,-24.440782035453775,-24.349621261197605,-24.751177666973092,-24.875054687944996,-16.140329372616794,-18.561202224977933,-25.26093126011671,-26.755154454018683,-26.87354928513177,-26.120928538400854,-27.05186717755066
212715.34-062041.7,-23.983028734576212,-24.22956623039014,-24.604253610227456,-24.61935938154168,-24.87316628053986,-23.783338287322845,-24.084564160380413,-24.877213601430977,-24.97955326067613,-25.33458204199989,-25.980201020810917,-26.690299992177568
212930.74+001347.0,-21.426811135749592,-22.273726227869894,-23.098895942577524,-23.335155358021957,-23.801168037700748,-19.378293292953227,-20.08802191427026,-24.030807345241804,-24.642734091759113,-25.35200584691834,-25.933027265695614,-26.657770069958644
213004.76-010244.4,-23.0111184322137,-23.673180123356204,-24.15924538816224,-24.364430165385567,-24.603775092655262,-21.90366903659699,-22.468280567770925,-24.936635680817524,-24.95724383041714,-25.30492548673747,-26.117950300027363,-26.87943626657781
213440.84+040613.4,-23.544666709366975,-23.967075057880685,-24.318725112080653,-24.429883513885297,-24.71619274924857,-18.35420550742615,-17.905586772855113,-25.07470099225638,-25.349971674228673,-25.988396214497033,-25.67199392718946,-26.374270351109235
213645.32+015958.4,-23.5072582761964,-23.749853607835696,-24.16463191010975,-24.40131361303779,-24.6930449991175,-22.50919923844615,-23.306023764539425,-25.01423780358239,-25.102863106197557,-25.367104587897554,-26.15101722772776,-27.101998656023078
214100.52+041129.5,-23.89697104547199,-24.178747520044286,-24.546952155772182,-24.643317725190894,-24.841667175001717,-18.60983590244044,-18.11116311327501,-25.12373387990772,-25.896503037417716,-25.604389355817094,-26.276719449115518,-27.099901759017747
214313.98+004715.0,-23.153887629883666,-23.30491181173502,-23.646695941780973,-23.738818922802054,-23.926991453914777,-22.98989642970116,-22.959094857361748,-23.82265499886817,-24.663765201932925,-25.05279151896511,-25.981753648367174,-26.817163608329455
214337.32-004724.1,-22.70796633469732,-22.87241594034403,-23.25924452855957,-23.239554774594996,-23.459665655524827,-22.782294992793656,-22.722974001634935,-23.487952570331316,-24.281236714602322,-24.204220599884163,-24.798318316225636,-25.586831198543546
214410.62-010113.4,-21.632042771114666,-21.86741874033719,-22.299572501318643,-22.491325161020367,-22.64515957091496,-21.009305150065977,-21.187541187296894,-22.747015338127266,-23.227091477816053,-24.034477468153206,-24.337655627784407,-24.94352797560135
214638.87-014946.3,-23.921271966308602,-24.13530057152146,-24.552414384092224,-24.706023108085574,-25.0200641863652,-22.229261957694835,-23.235119352881526,-25.278619984991085,-25.68106412677755,-25.46274711162924,-26.557753672711932,-27.61703365769472
214843.56+001054.5,-24.036824625838594,-24.23851216028135,-24.538553389788795,-24.61411846552069,-24.783219575070063,-22.830170760635532,-23.29972256590699,-25.005692759854803,-25.397200556681806,-25.71716572167349,-26.373372507064044,-27.300702626056115
214854.63+010107.2,-23.583894194104534,-23.731754868484657,-24.104656132970966,-24.327704720492214,-24.48169312663588,-21.616840064272587,-22.406006318949633,-24.681246067586663,-23.554563416798878,-25.469550835491468,-26.120527029842883,-27.058626360500437
214858.70+040508.7,-22.524916544862766,-22.838201831922085,-23.204401355047747,-23.339800840712904,-23.33230196482515,-18.037513762726878,-16.134430656393615,-23.534456462586288,-23.808754710112744,-24.398173458531748,-24.708437328355362,-25.19633210271588
214914.69+023902.8,-24.744782235994634,-24.76480346006075,-25.029506383871407,-25.18343643276067,-25.28389636499473,-23.179705752213405,-24.704838649438532,-25.205002473832902,-25.383135803901403,-25.309094556883178,-26.324862284879853,-27.05357178672313
214937.85+120546.1,-24.661612441314464,-24.931963006535742,-25.282987626667417,-25.329689762929682,-25.52707340299701,-23.749983124831836,-24.45745683755466,-25.88723955466307,-25.94060073732788,-26.05639376938629,-26.50722789910374,-27.29193072799628
215014.76-065314.4,-24.780823099746975,-24.883859257909126,-25.090888578414738,-25.076268301426136,-25.209517170314275,-25.008009163915474,-24.999480507407338,-25.362938845841732,-25.60438780481198,-26.203860007294345,-27.036767285227434,-27.895610901521884
215101.17-083716.2,-21.293539814555064,-21.390407568074092,-21.651417506295793,-21.83397500134099,-21.86597171644373,-20.379091825487645,-20.657769537726082,-22.363120192440434,-22.987881968184166,-23.472566464734616,-23.927593037154374,-24.243721899570193
215408.71-002744.3,-21.495593843983375,-21.908871352218323,-22.386944119690195,-22.61584086979114,-22.698574597199535,-17.823116335159344,-19.926116141051512,-23.079893741832592,-23.6453481096104,-23.963642593532615,-24.156689499513295,-24.549115988749342
215516.13+003250.9,-21.656523806137177,-21.98844791362215,-22.43232764452471,-22.619300853060725,-22.782923479802605,-20.983106092685748,-21.314907848213334,-23.149340068322463,-23.58360874918756,-24.02265309714934,-24.49231809258657,-25.00946041529497
215607.38+044207.6,-22.67845182764001,-22.72218123959195,-22.92713308349011,-23.04594580942625,-23.16772088107099,-22.72320196807617,-22.718070159158966,-23.41586608148408,-23.887906012045796,-24.530153559084475,-24.84827457408285,-25.393636568187063
215631.06+290256.2,-23.946825100856696,-24.184082816226947,-24.49479068132833,-24.630076108252805,-24.84929654189353,-22.678854062805428,-23.65157824569878,-25.352618199281164,-25.488799090510255,-25.847988398484762,-25.76764227894264,-26.59027268029932
215709.16+221103.1,-22.22404291084825,-22.580874036998395,-22.92423419132822,-22.982115904400388,-23.24897715089612,-21.269627513233228,-21.37369566976779,-23.451419495712262,-24.022659038023534,-24.499557266576257,-24.741614015834976,-25.710610070388242
215710.29+065125.3,-23.55475450318338,-23.834275827810128,-24.17714606949783,-24.448811912577543,-24.649453703816004,-21.027260986717287,-23.611300674688763,-24.990160361102102,-25.032373640139582,-25.53796006970466,-25.553382939470435,-26.02511932184962
215747.49+024724.9,-23.202912959797523,-23.38957187452029,-23.76633486584104,-23.966685364560014,-24.15046053916263,-23.425116681791042,-23.442534911423564,-24.653284019447344,-25.187774356347376,-25.58433114412809,-25.812406549871532,-26.699670982543367
215818.98+020849.7,-24.392694660159627,-24.66944842812403,-24.99471846683183,-25.07855999083585,-25.31867692126054,-24.743573659366607,-24.52344303587295,-25.330996956495035,-25.671966742462896,-25.98883875722688,-26.46865387320031,-27.28999758637942
215825.88-001804.7,-22.728223654663957,-23.128241459600375,-23.67649640669943,-23.86172572707355,-24.254057792380433,-21.760192999799994,-21.949311325211113,-23.759274411579753,-23.865764164296028,-24.51514278455027,-24.90932365553488,-25.560393704716756
215918.73+233015.0,-23.422472936990903,-23.86994964754599,-24.14222071879805,-24.351293120993418,-24.664557010691794,-21.075792056798733,-22.43316511630303,-24.749190447421,-25.23643187788329,-25.143084174057666,-26.005442188231466,-26.637765115329117
220041.70+123218.6,-22.466540394156986,-22.52098882535641,-21.809806508535832,-22.784338567260054,-22.99148425803694,-21.90428000862713,-22.020728058299774,-23.351634830941055,-23.622746324434406,-24.01062653365515,-24.490331080686598,-24.97931641262172
220108.56+033150.7,-22.424109976367237,-22.56573121926418,-22.77920069765844,-22.905987259730214,-22.950578046908028,-21.850646559820646,-22.021124593076607,-22.959314709622006,-23.40624552722103,-23.44108859097202,-24.43319136470657,-24.901238419308292
220153.00+012956.4,-20.914584854201582,-21.196077576451398,-21.500724829619813,-21.688196015668815,-21.64089494560988,-20.25357047694343,-20.613065581330495,-22.16332993319747,-22.564399636977356,-22.882200495880525,-23.565371857002262,-24.035891713326933
220225.61+282821.2,-23.629683491958282,-24.010255651786643,-24.40833205852817,-24.621668494621545,-24.619506922591295,-23.373818102214557,-23.836852546464673,-25.181170366683155,-25.388829943198097,-25.94672475935893,-26.783521106194254,-27.755579985063278
220226.45+235631.2,-23.65179136516023,-23.874985602300406,-24.223872777899274,-24.241456824773866,-24.43468293737253,-22.374264717167144,-23.392436290929314,-24.442402087455438,-24.824335634727127,-25.566820261517233,-26.326350873901884,-27.25533374113976
220314.78-013123.3,-23.609959322777026,-24.06909657833462,-24.277428864130883,-24.57307641412826,-24.78250848714504,-22.575524286230884,-23.246444331739028,-25.11086446755244,-25.449609698628176,-25.94881504398194,-26.608045753262072,-27.753323407538385
220355.55+005516.6,-23.115042542843778,-23.589931686918302,-24.013296052139705,-23.995507812086572,-24.311257878617564,-22.52666686237062,-23.30114310458505,-24.77296399365624,-24.958862649013845,-25.01710386677402,-25.88687218265396,-26.57106496342682
220851.96-010603.7,-22.470651392622887,-22.581445524392922,-22.876525603129878,-23.017821651789983,-23.356657818227937,-22.11103685506379,-22.472689111424245,-23.444720558819036,-23.890023064588565,-24.53638994489671,-24.798901194856104,-25.578384717894277
220933.80-031237.7,-23.09055208034245,-23.51860453525007,-23.822564026320546,-23.8948669833368,-24.106331132725177,-20.24797287462605,-22.85665416099412,-25.159693279181145,-25.24411356536395,-25.640305976434153,-25.564200574950778,-26.52302497340799
221116.28+255252.2,-21.31147683125383,-21.41614761338704,-21.783490391341445,-22.010743689199526,-21.968165728003044,-21.019871444768576,-20.867298160920424,-22.359653328409635,-23.08307181336864,-23.512604297300125,-24.07293508048546,-24.608004326969446
221122.24+304117.8,-22.094419098517136,-22.283724711215743,-22.597743019999964,-22.63412669225975,-22.88930069830012,-22.05131294650833,-21.907947589224957,-22.967574857561488,-23.51750857603895,-24.257054381934037,-24.437572731562177,-25.130202479555635
221155.73-001043.9,-21.808716538505642,-22.45431455754319,-23.018190918979002,-23.226962177205476,-23.561709404030974,-14.88419000622127,-18.7751883977349,-23.887148772802576,-24.179850204479955,-24.630440663349226,-25.16846679382267,-25.980719540630883
221217.12+035040.5,-22.22495390300264,-22.31246174387067,-22.58747986586648,-22.76792644293424,-22.706203980421957,-21.87529334764244,-21.890757148612916,-22.414325141451553,-23.029110009885628,-23.47667144349137,-24.621091241278855,-25.138448554528516
221223.17+293104.6,-22.28704313865715,-22.61554638171187,-22.997426239936065,-23.157895608106678,-23.15747460888717,-22.008537370875832,-22.138476575734984,-23.747363594471995,-24.04694384666938,-24.703741745915437,-24.929338248858873,-25.457934335507236
221452.11+211505.1,-23.177087610368456,-23.34029117092455,-23.53217293669722,-23.679901309123956,-23.979989431629004,-23.113355701560554,-23.218642814244753,-23.944681455001877,-24.055681518954874,-24.354000747373053,-25.132257651214257,-25.98657160135198
221520.49+312404.2,-23.954756749577218,-23.997368446352162,-24.25230089354638,-24.347144307365188,-24.550668457663104,-22.71343141095791,-23.391221701390435,-24.951266356509887,-24.294917146037864,-25.46528794060092,-25.767809743815842,-26.56745623541807
221559.40+020439.1,-23.430668354647757,-23.483090930674372,-23.732137700260232,-23.823855686495147,-23.827418329223875,-22.938379506570172,-23.179176216555994,-24.202624802224378,-24.90123567809856,-25.29117055734335,-25.72408751473133,-26.669608590792965
221710.95+223946.7,-22.644412561109913,-22.81665480727541,-23.037614309404937,-23.18526795908354,-23.528346638919952,-22.263013141843746,-22.494782089689224,-23.79104324124959,-24.09233590426177,-24.392314822344833,-24.737973202865916,-25.463231537466335
221712.05+015749.5,-22.054195280788946,-22.775132280024504,-23.442269810396404,-23.609388847778025,-23.79913558748845,-18.451403960453188,-20.546439282591482,-24.014102046496703,-24.454338326737755,-25.048168922674833,-25.726388387415042,-26.418863963887752
221756.92+010119.4,-23.95826824082146,-24.049771985560575,-24.421771665526062,-24.5461088704592,-24.73808971084009,-22.906478502354478,-23.603569513320778,-25.253634294555518,-25.492227839295857,-25.441873991794175,-26.166834668525844,-27.13398540662574
221815.62+010842.2,-23.54756647762482,-23.71559111183667,-24.180098976869377,-24.35599572654454,-24.54539198929298,-22.72392951011658,-23.241562692351405,-24.53682937084436,-25.421457256528786,-25.46651802558585,-26.028459596531988,-26.92852404934695
221825.04+002426.4,-23.146334404273663,-23.443921312576464,-23.89923857650918,-24.06658780994958,-24.261248663525503,-20.178577493805793,-23.089878845877745,-25.117073273700154,-25.593609641342926,-25.677099729343734,-25.536484594552224,-26.21845117658981
221834.76+281337.0,-22.589180578907357,-23.068371504820313,-23.588869961387896,-23.73822937350807,-23.987827254944644,-20.542360007450107,-21.44012731598917,-24.12795240356858,-24.575193938186626,-25.158313107245128,-25.375563950076234,-26.29789979751705
221837.49-001731.7,-20.72159677588773,-21.68187511847384,-22.687864669543924,-23.187049938451285,-23.553898267298024,-19.384988004757034,-19.76127537097972,-23.733505461647866,-24.449591888609188,-25.012877673029053,-25.633904421438896,-26.452442116723226
221924.81+022428.0,-21.8859145592284,-22.065593943137,-22.409137244855106,-22.5927512779375,-22.501930485188854,-21.241732410628664,-21.424199122712327,-22.824741262200966,-23.06148354294377,-23.08840808225493,-23.251405100630887,-23.733033169288458
221944.17+212053.1,-21.786508338558473,-21.9336165377759,-22.242007484299226,-22.48963359500039,-22.81489106687029,-21.345235400909793,-20.7799548463361,-23.12815273861555,-23.625135634609492,-23.946234806167237,-24.50585734704531,-25.155306681838848
221958.83+200047.8,-23.599461289388582,-24.090908929080907,-24.539261385643712,-24.816353910597513,-25.123894820002157,-19.613173950298982,-23.350856566223744,-25.31386036531768,-25.703825808383232,-25.845371551369556,-26.13859522222327,-26.702390852383264
222137.24+301820.5,-22.62567422528137,-22.80317135982834,-23.28563512361784,-23.29902399197858,-23.488344138083313,-22.06842619363862,-22.29498141366352,-23.739548582950285,-23.899172530944966,-24.94462113942019,-25.044341970176003,-25.862635020907227
222203.73-092712.0,-21.457110002219757,-21.687758309891205,-21.981498763698493,-22.231989913476752,-22.048263947146353,-20.943272133744486,-20.788052278003477,-22.30324125266124,-22.22370860932703,-22.65603551619124,-22.887585083385854,-23.33700650233838
222328.20+210126.5,-21.956382934467698,-21.983073497853447,-22.22162712312551,-22.41476835027689,-22.660457539209467,-22.047610584788696,-22.148412000739697,-23.022756821855882,-23.58996201078224,-23.905426520989764,-24.425155642648566,-25.012190787079277
222400.07+303743.0,-23.267716997862966,-23.52793272289064,-23.9230973381795,-24.108636506959083,-24.21825460031395,-22.48061353301085,-23.603915521855246,-25.12147794616541,-24.39241247676148,-25.887568579964654,-25.534568182168318,-26.447676651165764
222422.86+232655.6,-21.95912955755381,-22.220808667783675,-22.828611647021624,-22.89637904352992,-23.13670129548311,-20.00045064603627,-21.093256837620856,-23.668182714861832,-24.156124824165506,-25.148272741482916,-25.646058169080103,-26.530945069709958
222506.08+054240.7,-22.454707919150128,-22.733816525886333,-23.146991302450708,-23.24741370515653,-23.218968619971463,-21.036678116558647,-21.68982946319148,-23.757691355457258,-24.30127831989089,-24.902371510417016,-25.31716364486147,-25.82861613422354
222532.92+194802.6,-22.02843901124943,-22.472676337423408,-22.7603926048038,-22.848711466477763,-22.924434595556686,-20.54995508663777,-21.01208764024966,-22.770196905745244,-22.806004649120645,-23.449549934818084,-23.842601935526645,-24.388818534643846
222537.47+225926.4,-22.028724837586374,-22.3159844776107,-22.648049771645265,-22.754802343029173,-22.71129461376631,-21.547339853845575,-21.825968580500238,-22.720292651272537,-22.848789988220407,-23.15801228567038,-23.69855984893077,-23.949006801931343
222600.52+252053.2,-21.90074057642732,-22.177819129501767,-22.600336708416158,-22.784207575024322,-23.173086440765346,-21.463076266758666,-21.710319275224286,-23.332535691554796,-24.19282947559403,-24.16202592811768,-24.66173205400799,-25.543108752441494
222600.63+191849.6,-24.00895674922005,-24.190734702664873,-24.537645024211507,-24.641066874667512,-24.809817390470403,-23.666491731981782,-24.20120128422171,-25.3095745854404,-25.041977101166346,-25.741663538092347,-26.321116364366787,-27.283567705627735
222632.66-005717.7,-21.332813115444054,-21.48584388062243,-21.836508666830376,-22.013839057530646,-22.03414108124728,-21.255125259746304,-21.513283450888625,-22.391591832844192,-22.95055388699352,-23.409661185089895,-24.434497459752517,-24.719462153695204
222708.31+133614.1,-23.17279899992838,-23.4200566467526,-23.713417907114895,-23.76453993474239,-24.05743064530219,-22.933611034922432,-23.10089274047438,-23.476565313307333,-24.34309725841822,-24.713432694095076,-25.860534733093093,-26.732792609951083
222709.91+315226.6,-22.366423786113053,-22.295994906978773,-22.814122974841062,-23.00830136521056,-23.559257569053344,-20.997126824026584,-21.55381991763284,-23.54759258165667,-24.119232382382418,-24.62575349718672,-25.445315475566616,-26.0635485220393
222720.55-000159.2,-23.1939835256803,-23.501312394276173,-23.92608420279137,-24.078916790170496,-24.36266021551257,-15.551908681681091,-19.291088848225044,-24.741579441003374,-25.108036041083476,-25.61555503542434,-25.628478891175348,-26.30616338652106
222726.27-002855.7,-23.734143691459252,-24.05153958495685,-24.47736903671793,-24.68806437568246,-24.899759733847382,-22.278629278897558,-22.88463570849446,-25.052840544908932,-24.879809523484035,-25.751894276004748,-26.21761099793348,-27.03492910964197
222842.38+052921.1,-23.9878102593111,-24.14839945631412,-24.468009751392895,-24.600405118555802,-24.788497844332735,-21.55646815807055,-23.50254089079759,-25.31921835573267,-25.31454901197633,-26.104458737456813,-25.986733268492326,-26.784683766585516
223010.47-081017.8,-22.69818597289382,-23.169121795720006,-23.69310368922387,-23.89255446735977,-24.244901688976004,-22.90776780815195,-22.9983257779547,-24.326001492998667,-24.823313461589617,-25.065415402435093,-25.805758924570274,-26.487579498395743
223109.07-080900.5,-23.290386649809385,-23.47866372241746,-23.7140750273372,-23.77108720419024,-24.07121056392312,-23.509553949845465,-23.2901881992764,-23.95992773424335,-24.782815756577484,-24.51473074783883,-24.97901036038775,-25.805122897434096
223320.72-082530.1,-23.613381360902537,-23.678323112711865,-23.886915915158358,-24.00760094635457,-24.207557963909306,-23.321114172781257,-23.49687435757207,-24.353012426010874,-25.106828716491076,-25.45566404270587,-25.810570073656546,-26.534622720315618
223335.27+053101.3,-22.964091067004944,-23.191626329769228,-23.62566384462302,-23.748138321586694,-23.92575148042289,-22.53917597271417,-22.665052650983437,-23.934104411616943,-24.193613007667118,-24.46413953866331,-24.79858807906287,-25.64191832593312
223336.01+123158.0,-23.74637992101916,-23.886911591258105,-24.199531187233788,-24.210657331988166,-24.464263996212754,-23.693510222414755,-23.778869619470857,-24.562891485665826,-25.183438081422818,-25.707691473223402,-26.41795388073631,-27.379411841632333
223348.19+282935.7,-24.04216131003671,-24.191623141037294,-24.538746575619452,-24.73486281761943,-25.014770425160574,-20.53017548931309,-22.732578912028607,-24.98754757608354,-25.255787833640422,-25.674354180391898,-26.222704124883514,-27.11581931233626
223456.08+200751.9,-22.70112588769597,-22.85824532894779,-23.109645498412515,-23.195505757227643,-23.48973545665306,-22.725539232167698,-22.541149613232474,-23.396803900617527,-23.786231030860343,-24.335137366009093,-24.581795590331012,-25.092887211161496
223500.73-101216.8,-23.978490152634677,-24.069337297694048,-24.359137209052626,-24.357435332382444,-24.56100776532412,-23.689461839348663,-23.5042739725562,-24.211974994900178,-24.60620012990986,-25.3306406100005,-26.180328937190662,-27.057210234868368
223533.08-081322.0,-23.32309026297172,-23.408939550944257,-23.608288784792087,-23.582433384749027,-23.78452997393422,-23.13452265220839,-23.12183826636009,-23.63880077766749,-23.859412700337405,-24.578673672822404,-25.27147199721558,-26.073839868009046
223556.11+015020.5,-22.570860561637417,-22.779538033185716,-23.28283132207113,-23.43618894474796,-23.636348551018575,-21.005594779910254,-22.15456792262891,-24.03566276298751,-24.791997202735676,-25.59585443742303,-26.65685294848777,-27.741077505017493
223604.29+053548.5,-22.03327572419174,-22.192235976834468,-22.523203918346532,-22.780880384594784,-22.77240466196789,-21.714032234750317,-21.731994352455526,-23.028936796419373,-23.25465085592757,-23.71051461261513,-24.49007866678319,-24.96724497219008
223607.68+134355.3,-24.279322738526595,-24.361443874308655,-24.51689398924625,-24.541860196801604,-24.525822143097717,-24.04969035991221,-24.194668188532216,-24.32613322945913,-24.605614032315103,-25.207959261306577,-26.17996041949207,-26.916451735829913
223628.14+231316.4,-23.33255332553055,-23.55002211926942,-23.82700631918238,-23.978180981395443,-24.15844224446597,-23.14859023495231,-23.286775410793382,-24.878730997143677,-25.17723519947018,-25.3453240697129,-25.943493037362863,-26.694908537025313
223631.59+033717.9,-22.942016386544854,-23.119467611684513,-23.539104037513198,-23.6399854066757,-23.836769301414733,-22.789820288637404,-22.73847013380619,-23.543114513858146,-23.67977643771106,-24.71084087445784,-25.25513174123085,-26.217571271875844
223819.30+041231.6,-24.839614219046716,-25.0845247411605,-25.453220130122197,-25.618238224533705,-25.767485133037596,-23.158030755529683,-24.507228519562396,-26.02122368025118,-25.96501226301209,-26.072115506996223,-26.603101923245593,-27.41795821126853
223930.42-011538.2,-21.410493704064464,-21.99254222221569,-22.76923608361135,-22.94487600329242,-23.21539080613551,-19.805819229245117,-20.367784858231513,-23.794866930347645,-24.087622157961142,-24.716315002284453,-25.000411828434196,-25.811359425612856
224013.41-083628.7,-23.421162288616497,-23.76089209557508,-24.079237844931377,-24.233360784450777,-24.41229120507656,-23.27428541110065,-23.680521768380856,-24.94812000465035,-25.313844837267,-25.441350439119635,-25.9426172537817,-26.989549143458362
224031.43+142414.5,-22.6489247727457,-22.852857609967703,-23.30902713489249,-23.412574953539256,-23.514018298679904,-21.881185824544673,-22.198034074683008,-23.38247059157553,-23.00038190901148,-24.53221063019525,-24.927634860148178,-25.56475917655577
224418.09-011212.5,-22.547674762665054,-22.902835298870603,-23.37333912888349,-23.588135173673287,-23.7339784865104,-21.33126609877529,-22.28224324972313,-24.24374866675698,-24.48802286820637,-24.88184875156261,-25.465615521954412,-26.44002534276687
224446.55-000923.0,-23.168414066768406,-23.35005747400718,-23.829223694836088,-24.092496758940626,-24.20335730029345,-17.385711817528236,-17.15495853352572,-24.219715451909117,-24.592204227114554,-25.179077847398528,-25.726536182726228,-26.594602570353654
224500.75+010748.6,-21.21855068545953,-22.227586039236865,-23.202967200305245,-23.717014877100834,-24.058004540848955,-16.729847273919454,-19.682847664334734,-24.569819495659967,-25.050157635231617,-25.520774081410135,-26.50858475906261,-27.398668040199038
224548.47+193323.5,-23.581987233517808,-23.733160812930297,-23.951171340487424,-24.04216874932667,-24.22468469101381,-23.168759388558843,-23.33411694595706,-24.545291622709208,-24.570591350222852,-24.48867108824344,-25.279362162032662,-26.036503672755504
224624.22+223659.2,-21.584637020184292,-22.109483116472145,-22.731232040191994,-22.923706782589516,-23.25659930127127,-21.381502827237412,-21.252905031815324,-24.133733036880127,-24.191223287939568,-24.695126026962587,-25.03594087627602,-25.827276946775367
224645.75+003629.4,-25.09474085651062,-25.242742705689007,-25.51543142627529,-25.64568071050348,-25.793030157619047,-22.835902651734788,-24.600101318937575,-25.938147395376337,-25.718646028186498,-26.2483689405917,-27.1199567561267,-28.01024603315344
224739.33-003952.7,-24.718132069731936,-24.87488109280479,-25.13073962424282,-25.310828469336766,-25.394779247110403,-23.466122887571732,-24.037121878544486,-25.44718875988366,-25.526199259362542,-25.94931393088318,-26.757791235548808,-27.70346432223091
224741.65+005457.5,-21.867784510711967,-22.504372889622093,-23.036126768145643,-23.266873245607314,-23.476510104470254,-18.81702415338923,-20.31120861855282,-23.579345656501815,-23.45841230426663,-24.118367832612922,-24.5861102802729,-25.27122543942446
224852.36-003658.7,-21.330815463289053,-22.06168337811256,-22.30506704020126,-22.732131813115128,-23.189973031151524,-19.769496709962525,-21.894392913790277,-24.230349263637393,-24.425931004553114,-25.4011342040786,-25.598282067558205,-26.231821773818112
225025.34+141952.0,-22.70969354869926,-22.959496429183737,-23.344376142475575,-23.375834555737292,-23.435347809940296,-22.191740402060965,-22.444320664324025,-23.77913614032231,-24.10910783685397,-24.463410382754915,-24.93442040187262,-25.384926184681557
225156.53-013859.9,-23.109494943286062,-23.673270570423497,-24.26482089441193,-24.523344692385468,-24.780463252655277,-21.60397868832057,-22.17271057834043,-24.96213012980634,-25.12553082076087,-25.925157727032076,-26.171040181896945,-27.195865393359735
225238.79+193308.9,-24.28202852715321,-24.4739023241117,-24.81598811977984,-24.84081597034404,-24.99489933668069,-21.096313497299743,-23.90210631182686,-25.17854323917321,-25.02491034846748,-25.96810483632558,-26.285399081413665,-27.243081511839183
225245.63+180147.7,-23.076134571876153,-23.016237060623027,-23.3670496413673,-23.40195825585773,-23.674878970368383,-22.321238605622916,-22.409615595746306,-23.456553247694796,-23.877246624608922,-24.519130787014877,-25.337358700277118,-26.09367044936172
225307.36+194234.6,-22.959515144898614,-23.439117715461606,-24.013890992045418,-24.175242223754786,-24.421528558175297,-22.723202742189773,-22.984349004151994,-24.529779117613632,-24.673619379099325,-24.92341332125561,-25.334357902624443,-25.863489019261163
225308.65+050501.3,-23.53778972289698,-23.793603194975013,-24.174407164566517,-24.225198637089093,-24.495230150915777,-22.878190494998055,-23.601537145058238,-24.85318178271506,-24.93437534178615,-25.278024969002637,-25.65822271069219,-26.535160409197125
225309.43+005111.9,-23.32048109511488,-23.557494392318507,-24.036122817410632,-24.185079951425763,-24.406779710875256,-22.321209717195913,-22.76199069227654,-24.500787503601593,-25.067708768777607,-25.411000948202215,-25.85272680990527,-26.73168213123568
225350.08+140210.3,-24.859656690173686,-25.056190662185053,-25.37822040905859,-25.461637983185064,-25.588048985655423,-23.960216277272902,-24.759775711712322,-25.81259797266132,-26.854009235862097,-26.21318649070491,-26.76413729477864,-27.751611932819532
225442.28+244734.5,-22.234545853893707,-22.473991856865265,-22.960332277127137,-22.973630598165936,-23.15025445370222,-21.001768945684223,-22.14791353479177,-23.46405963664407,-24.744641096186562,-24.422994903845957,-24.617067284300838,-25.353025196726417
225448.43+261905.0,-22.3729197090846,-22.750655628590597,-23.33793899271873,-23.476103798590714,-23.921861874795862,-21.55185272950651,-22.03499575475239,-24.026313872194535,-23.833513752805,-24.436549173994123,-24.696628062026928,-25.488296508860635
225452.22+004631.3,-19.882547477521307,-20.90664208057567,-21.591450002293055,-21.570864023760233,-21.782031927477362,-17.24197218923827,-18.67314834126669,-22.173848512258367,-22.586863705940665,-22.886899354404964,-23.231610763100363,-23.565043682253457
225541.65+145715.9,-24.909431700680287,-25.012079443522975,-25.387098243752497,-25.538182466702555,-25.648486991434016,-23.45817219005455,-24.199377829497283,-25.768397484295427,-25.80197200158189,-26.219525477496543,-27.055094730070145,-28.04942860199534
225603.37+273209.5,-24.030511818259292,-24.152883809645086,-24.40344955473303,-24.40679600313148,-24.657062256455422,-24.0549337546758,-24.06798770860779,-24.492873503796496,-24.897500802354127,-25.46256880745043,-26.132230322002076,-26.96725600519405
225640.88+070909.5,-23.967261095455644,-24.09122635455131,-24.29901998815902,-24.26381306713771,-24.39820564593535,-19.80009687033922,-18.047808053494993,-24.27597389257151,-24.68562416743668,-25.27023274508253,-25.985686108904854,-26.926933584792458
225738.20+134045.4,-24.34739339541153,-24.55552632278391,-24.79023364171515,-24.809681527324095,-24.96866016006633,-24.662969132606378,-24.43178898557187,-25.163505550262002,-25.310001776039066,-25.728558869290943,-26.594358144563333,-27.41163774928451
225832.47+074940.3,-22.173246120203412,-22.89993610462028,-23.576254622877375,-23.751003908928443,-24.051968609060687,-19.792473821052656,-20.51677569580926,-24.183448627962644,-24.946925789899073,-25.700725255451893,-26.52775798694168,-27.308985293203683
225900.19+173420.5,-23.264438036972074,-23.569607014462694,-23.8981043230661,-23.998237786881226,-24.21415799363093,-20.570297693243546,-22.815034826084275,-24.880284201177776,-25.887354390280738,-25.46692933711094,-25.9229476837632,-26.61650522731864
225905.66+192620.5,-21.986659128122405,-22.292527142721735,-22.71268633898041,-22.891275495577027,-22.98426678209446,-21.50513364856364,-21.559647413967543,-23.068409940575673,-23.260195189623676,-24.44938679587248,-24.736029755698297,-25.535118040681805
225947.54+053447.4,-23.615688305794983,-23.864593075285132,-24.275234651575076,-24.439403083683978,-24.615213960273323,-21.84127215931131,-23.24257650414305,-25.100688943730535,-25.56446183983472,-25.273659792055167,-25.98439325852442,-26.729982077167747
230007.27+001739.2,-20.73794974487113,-21.23137590770939,-21.79508070078124,-22.053322620318657,-22.126961402110997,-19.192204489098728,-19.634281337654294,-22.696397681568868,-22.678041365186434,-23.439932545441803,-23.82773387127512,-24.375957150492766
230018.07+301812.9,-23.32314180507339,-23.501193514710856,-23.80683821230693,-23.941634058856128,-24.1589872864471,-22.746309970107646,-23.317528405276178,-24.833102593440717,-24.950474988332285,-25.347653050999227,-25.271183557433687,-26.156079617391264
230022.05+004300.2,-22.4284009189834,-22.599523371496502,-22.85150342648645,-22.989287364611126,-23.204914837099363,-22.44589063472644,-22.476833677462665,-23.332990597836574,-23.83392018852388,-24.289648540888706,-24.85973188754428,-25.65457109091823
230307.28+254503.5,-19.038708231218173,-20.939983513812656,-22.333162836997555,-22.934847644632743,-23.154280903521425,-18.184451442276856,-16.856711348824057,-23.29344760044945,-24.078201148919995,-24.515275800391535,-25.62876193052808,-26.329179468667302
230307.99+290542.6,-22.24354747950833,-22.88700319914709,-23.459881455401753,-23.705579016172553,-23.894304996370888,-21.104660913649585,-20.734928267123447,-24.54649201910953,-23.22390341507632,-24.822293041647253,-25.38913305629072,-26.333488987983845
230357.50+250040.3,-22.77987991522259,-23.161248986060933,-23.486511088009696,-23.59244537529632,-23.917688487735504,-21.55230166469496,-22.141088665199376,-23.993946003288652,-24.409573973232916,-24.882039529262862,-25.24253226060817,-26.00958223538274
230444.26-000814.9,-23.046010390829927,-23.18852082950533,-23.487226482765625,-23.62395148929973,-23.84133556434196,-22.845987273832993,-22.7430004478654,-24.24658494756622,-24.772753509043902,-25.35138838252768,-25.55282880864733,-26.357981218559456
230449.00-010050.6,-24.1004718101034,-24.346735744133177,-24.75463235700908,-24.833487858351848,-25.00388756730527,-23.358686703834515,-23.958093927467967,-25.33589742888125,-25.643210432643702,-25.458379538788996,-25.806992576920553,-26.730080599308938
230503.02+315516.7,-22.677878685992027,-22.91360536901095,-23.272396686915485,-23.393323321196007,-23.574185344817586,-20.615072948981656,-21.214023730907172,-23.076809933320945,-23.831585180719674,-23.96313599841541,-24.72902701705213,-25.203531389552
230524.41+284846.8,-23.332074196568964,-23.610362031608577,-23.83507491061845,-23.998488680846382,-24.35238676011243,-23.383206982072917,-23.437431921201657,-24.316836914750823,-24.357551377225136,-24.673787685698297,-25.066428074322825,-25.785629338237026
230555.48+005946.2,-23.18921365510619,-23.58347355010629,-23.912369612176704,-24.027177545518786,-24.213733026764178,-22.87626604416837,-23.0439943489553,-24.84182862660411,-25.325076918706156,-25.79654499306864,-26.216853094840946,-27.200873278514877
230705.29+004754.1,-21.972705034490914,-22.20346144216143,-22.515864227228224,-22.60356945578383,-22.916020133306915,-21.202199907389577,-21.552952587593257,-23.30555296309887,-23.936982127236668,-24.438307513912374,-24.67965744966992,-25.468693645632
230720.15+055305.2,-22.32222831750244,-22.586789541922144,-23.11790135547135,-23.32293481921325,-23.544537051842525,-22.13318065085444,-22.101234391494657,-23.978892580125752,-24.07727334747962,-24.73424576262009,-25.40760008225264,-26.34910054845152
230803.20-013729.9,-21.53022240319031,-21.494099505210375,-22.021258671076716,-22.5362037716042,-22.19265081365057,-21.509217739221846,-21.755775015592867,-23.172065061921554,-23.569210595257662,-23.949588228742115,-24.429940071979555,-24.975054064745628
230924.45-022246.7,-22.47750849217314,-22.784227328785583,-23.206073278223965,-23.218677372778718,-23.384437674908803,-22.332973594479974,-22.40386405891804,-23.818825560084534,-23.95531511807347,-25.134346634262144,-24.990877842096616,-25.894072802697075
231011.66+290735.6,-22.50737530605735,-22.662306797985867,-22.949225476756222,-23.015256571386946,-23.522848523079308,-22.42287884106052,-22.469501090496212,-23.937500129757158,-24.323488110879136,-24.490650156053828,-24.72899664968675,-25.726356519791725
231019.71+183710.6,-23.864392038751458,-24.06606451937585,-24.391869733332275,-24.54225127282542,-24.743520753016853,-21.592885548521608,-22.980740821973242,-24.917803258432393,-25.053451262251798,-25.643687661997134,-26.139661170037375,-26.98210754874005
231025.86+341141.1,-23.648372399455482,-23.868608541536517,-24.370539124939793,-24.596577278637852,-24.83019178708839,-22.406181202793814,-23.38405212554386,-25.1777448004318,-25.080472855726004,-25.738974847668675,-26.31552336220361,-27.213287898332254
231032.26-010115.2,-22.12799896218551,-22.4610739539065,-22.872891438641172,-23.033064743679166,-23.03129101567004,-21.504212512194552,-21.774836203150805,-23.3097035627822,-23.40794266046871,-24.1628958930193,-24.162206675127685,-24.707536261140607
231101.69+182744.6,-23.96192006166182,-24.20591486242159,-24.567040015795058,-24.593444342697353,-24.75054652203199,-23.76917520885334,-23.938485877981904,-25.34776493878228,-25.55157045438314,-25.88034371366973,-26.373496956493934,-27.367113614542134
231120.71+245134.2,-23.807749080992934,-23.931501414633928,-24.254542118326512,-24.32066288892643,-24.493442633493924,-23.05531208696361,-23.227313384993266,-24.413586733669266,-24.83680769716739,-25.296753074384714,-26.317274419827715,-27.23473107161457
231131.23-002842.6,-22.24563972093179,-22.792787103629138,-23.329197397436033,-23.572264461402042,-23.94734926860154,-19.39688272872309,-21.079159892132644,-24.132184524157115,-24.553360322350024,-24.807036469456087,-25.50332139028645,-26.076811735099735
231142.77+311513.4,-22.65951699889704,-23.088664416496265,-23.42241211402482,-23.522356621553868,-23.80992917463649,-21.89936853512753,-22.280272890111977,-24.732899188554132,-24.6769614297522,-25.103515345037717,-25.671151958117058,-26.499763500455074
231152.90-001335.1,-22.5262397968226,-22.567051608579373,-22.689404255125762,-22.787526737717812,-23.07931834977008,-22.315194427056188,-22.36216652462456,-23.391457536331707,-23.737438187677252,-24.303662336768284,-24.30520850304413,-24.987879115976504
231210.47+241022.5,-23.46856397623553,-23.78244124597398,-24.16174658489267,-24.301006530274833,-24.438920920501783,-22.80214320072688,-23.289481018353367,-24.481561510321374,-25.04556002274486,-25.215384860961734,-26.27598592297736,-27.142553830153187
231240.03-083919.8,-21.147534983520224,-21.555214490761042,-21.918889473569912,-22.19609405288512,-22.08922575543636,-20.344850396429212,-20.708318861183347,-22.711386648812855,-23.048569528052795,-23.392560762431895,-23.539267619876053,-23.909611124817918
231252.75+205826.3,-22.158573707517778,-22.36645427126179,-22.574069313220342,-22.62323210059697,-23.010068101586388,-22.06344195356661,-21.84706350820769,-23.07024711569816,-23.513989753030046,-24.17866384117928,-24.52401544316105,-25.28484860793903
231318.04-013604.8,-23.889798808173385,-24.06461237025382,-24.505352164744984,-24.66104277738104,-24.868100154227918,-22.92169354378167,-24.18625584957485,-25.015997784925805,-25.07934079547184,-25.456562667122476,-26.36657302870398,-27.222305259776583
231411.55-002148.8,-18.354317456964278,-19.006764685690634,-19.506763304660428,-19.509692013822438,-19.57051359481957,-17.89315278190728,-18.536740046260316,-22.74822552317568,-23.03924870683804,-23.058217500241756,-21.484809896714932,-22.01404713884511
231433.51+230218.5,-23.0841781114718,-23.305284137300394,-23.735373140514433,-23.950759104943945,-24.101694119694066,-22.36561778184224,-22.52882440044009,-24.182036062975794,-24.703866985037006,-25.154562168686965,-25.83231609082387,-26.70685611782151
231446.55+310235.4,-23.361716865956247,-23.49641873303255,-23.71780566855953,-23.758117185279044,-24.00515022336228,-23.118082665364557,-23.188842924862207,-23.941973520213626,-24.459900642920157,-24.85583953985253,-25.63022634662255,-26.412729892777165
231509.34+001026.2,-24.273321889637018,-24.42399316674157,-24.75304802801696,-24.75694334050718,-24.901876599637518,-23.26615098114942,-23.96494080815366,-25.07400679172864,-25.28214224618562,-25.593172633471088,-26.389834826054166,-27.376084265774924
231606.97+043642.4,-21.696425352246948,-22.01218815781721,-22.48924823016782,-22.625773881418823,-22.656798145551484,-21.43066068050309,-21.5995811324489,-23.154577699365895,-23.670689405832444,-24.334278039834185,-24.800397283994542,-25.24076887404994
231635.00-002841.7,-24.42918236311744,-24.481749167373916,-24.79998000017681,-24.845201751591922,-24.953850963044218,-23.091390160282412,-23.833264043741213,-24.83670585412101,-25.41213733446176,-25.58155580825583,-26.395604763325387,-27.348388578243036
231742.60+000535.1,-22.292172342011835,-22.428737317249347,-22.725134590956703,-22.830545301124005,-23.043554580567623,-21.942508995140816,-21.939205776123273,-23.414019098878672,-23.929220906976134,-24.21956093829584,-24.352179203664587,-24.860984746587214
231805.97+182706.7,-23.04898719830712,-23.279927964254142,-23.81369239090249,-23.970578488708718,-24.251133859121037,-22.24614500948944,-22.62652833101087,-24.314297695524388,-24.699562416639385,-24.891819819780068,-25.284098102901254,-25.899816898873617
231857.26-002931.9,-24.253553680126984,-24.374190124074673,-24.770009274541213,-24.9644919908841,-25.223756824560027,-23.249679101952694,-23.877882307728576,-25.439669066530808,-25.764546815260303,-26.147523251275917,-26.720194579657264,-27.626770687696958
231928.83+044951.3,-24.21172514110466,-24.34998952480611,-24.798557924114085,-24.862415468557593,-25.029864128417117,-23.66430385876661,-23.84220250063115,-24.77176501633448,-25.207363405962635,-25.25698837280386,-26.342712356348155,-27.22142438179929
231930.38+004330.9,-23.515127195930255,-24.099861891359925,-24.785557480987727,-25.038632512749285,-25.34759597985235,-18.559657359106367,-23.154709829673248,-25.72214226385948,-25.533059153308432,-26.167458754928354,-26.803354245090237,-27.697557300354372
231939.95+283432.2,-22.998681465949637,-23.191452912016075,-23.378223401421852,-23.37906646863601,-23.698167040153265,-22.45801817964294,-22.34336597990722,-23.574719607958617,-24.015660022651026,-24.16962821497604,-25.028148722391617,-25.765217756817584
232030.21-013948.0,-22.225371225019714,-22.37665549651685,-22.666229910006276,-22.76305452305431,-23.02342883508073,-22.021338710839206,-22.016673988535427,-23.373310902043713,-23.809007548084484,-24.43893578588912,-24.744692626966078,-25.389930348741622
232044.85+051349.9,-22.868836348664473,-23.13847587918252,-23.482125923761313,-23.589055283287,-23.764489946362954,-18.393293573657893,-17.19158918064459,-24.815097192380573,-25.095538656871312,-25.523401428847997,-25.36914759202647,-26.135269752537766
232101.63+075547.7,-24.620026455028526,-24.99624686164919,-25.43374099559281,-25.67941885817626,-25.984655412212827,-18.63601185814187,-23.53713735797661,-26.165770680997646,-26.26034191505272,-26.669637360772352,-27.449759521480097,-28.479171609355607
232134.24+195216.8,-20.98964373775484,-21.592808040749983,-22.129192082523115,-22.361846817472504,-22.387858643878438,-18.513267572066844,-20.208642927596642,-22.988286573090875,-23.26656545962216,-23.726956130795386,-24.339089026863633,-24.759618067470296
232202.60+211356.5,-24.31098915300355,-24.509068515389554,-24.81942948309172,-24.891303332124988,-24.968913181616596,-23.796817265503766,-24.349987644014984,-25.309644873927144,-25.61927722721461,-25.942176314083916,-26.573965697750033,-27.372506010304207
232214.72-103725.1,-24.519796444585495,-24.58361655455422,-24.891219738972172,-25.08236053206913,-25.052594385537734,-24.35284379059814,-24.329307165147114,-24.789791208779736,-25.273541369038117,-25.33822404522045,-26.053934458786266,-26.979041364462898
232229.00+223434.6,-23.754383018669095,-23.98647424427796,-24.378540044512764,-24.624116549656698,-24.95312922002497,-20.377927660341957,-23.22949727455493,-25.00411692512441,-25.448468350549334,-25.699638018939368,-26.69061179559297,-27.7285385979134
232307.25+011121.0,-22.257556605597273,-22.2312098048789,-22.488526712512694,-22.577429591122147,-22.831455020410385,-21.942489883268234,-22.04173338145972,-23.177330037838324,-23.392461979890097,-24.08788805378881,-24.73788768930235,-25.402452914318534
232356.15+163314.2,-24.15911699319358,-24.24344677515475,-24.604677578421967,-24.725488503190395,-24.9137019367149,-23.20673227019722,-23.92882523841002,-24.982544538778267,-25.54690223902532,-25.649096397710448,-26.15152924731814,-27.007513604334456
232517.08+243812.6,-21.277132874496058,-21.607493817416156,-21.980033117892503,-22.048849862483227,-22.057881702188833,-20.274172812452914,-20.537516318600435,-22.702801960395284,-23.22322389072576,-23.488428557114453,-23.272288807575965,-23.65337766047875
232525.32+000352.1,-22.21125220857474,-22.367300126573898,-22.621850895351727,-22.753747330169173,-22.918196258742967,-21.867956823143192,-21.994571033548194,-23.391814364707766,-23.550136441900364,-24.00978603642625,-24.074758560069355,-24.7101037804001
232533.05+165554.9,-23.510961923952106,-23.765351463687168,-24.178497591814697,-24.26847148859095,-24.42812765177796,-22.63131588352287,-23.48888497982112,-24.786945683379827,-24.822575175823275,-23.973059229752877,-24.879483113456054,-25.489869398772036
232550.73-002200.4,-23.61229170571276,-23.85501888831766,-24.424617688600442,-24.673636125755408,-25.007648367978806,-19.888991871239654,-22.91073494595252,-25.185212341227576,-25.124657829145608,-25.703845591264205,-26.616830991718793,-27.544921015646405
232605.03+035903.0,-24.0581120212325,-24.24304420574849,-24.63975942844949,-24.6113336516998,-24.743756744929644,-22.004542599550717,-23.386871844506224,-24.47793483011851,-24.976202028026087,-25.33955709688346,-26.06489719295266,-26.81890368769276
232649.80+043508.5,-23.819757438855753,-24.038891918547254,-24.503300153484265,-24.672846402987318,-24.831079211254867,-23.0181439705026,-23.164471688402102,-24.892248181466616,-24.834262055524803,-25.25554309725308,-25.561203342471472,-26.20841837996695
232654.29+090811.5,-23.455355620224783,-23.773781509932704,-24.29770975026022,-24.441137578127833,-24.8104341448941,-22.61116861537176,-23.30957067522842,-24.90094818582096,-25.04589701063893,-25.327211234345175,-25.2073366603113,-25.925502928878267
232734.66+032332.9,-24.493365671193104,-24.684926111848505,-25.003457631817792,-24.999557074093765,-25.20080152107651,-24.813226107984274,-24.65426410284426,-25.27685375704043,-25.50671431036853,-25.751163621587263,-26.387512876850764,-27.183120968309222
232757.37+271552.9,-24.316132033070534,-24.60555627781178,-24.959410873388723,-25.082285615975906,-25.290117023099004,-22.128212205142734,-23.821815553404395,-25.35766971604744,-25.179969880138007,-25.693194394016125,-25.778906451968364,-26.290894162645685
232800.10+194840.3,-22.72781241131353,-23.28388015898466,-23.99389902704358,-24.40525614234176,-24.715478343811906,-21.2697269093017,-21.878682726406037,-25.04017042309792,-25.07373735114809,-25.641279134171526,-26.040456892996833,-27.01413956917872
232800.95+214838.5,-21.28412039650878,-21.54719949789942,-21.869889370666314,-21.90221311659277,-21.900610893746435,-20.303438863515836,-20.778362455099803,-21.500110526047724,-22.28299153163675,-22.23027449437189,-23.531370132893983,-23.960325608249637
232805.48+065119.0,-23.860637888868357,-23.95770698614201,-24.243641849989118,-24.332946272103907,-24.379846318151838,-23.164499619747087,-23.107702429545387,-24.320483722848426,-24.844113521163436,-25.112292895266584,-25.304624299677283,-26.036158805468112
232810.65+293709.8,-24.327471184178172,-24.545567598382544,-24.96697007624889,-25.104842828049833,-25.329237803404965,-22.171720201727624,-24.333747160658547,-25.89771848016857,-25.88373254751959,-26.296948855017607,-26.733500481743228,-27.547869956073452
232812.20+040200.6,-23.56903522227164,-23.90816179421881,-24.30200635964671,-24.49951159802231,-24.693440672676857,-22.686373410848628,-23.39143374487828,-25.101221374712267,-25.010550389119803,-25.67506377434921,-26.359605026494236,-27.36579248755295
232932.17+043804.4,-22.859986542480527,-22.98217942963608,-23.204266611818916,-23.331297306783846,-23.28065365145681,-22.215626496866616,-22.32687037380843,-23.30269532254896,-23.57715002494276,-23.936202262905816,-24.45252684904025,-24.885949931778722
232941.89+263054.8,-23.93638805817991,-24.119714556003398,-24.55624637546319,-24.644950516678648,-24.909906457396755,-22.69166418282092,-23.502353827662834,-24.880117475560912,-25.4572801320158,-25.517027009424112,-26.035988444518598,-26.94383380361627
233059.48+033810.7,-23.432888982387887,-23.750663461498366,-24.20898127075428,-24.348960039582074,-24.599731129989042,-22.563008502298786,-23.58260225854264,-24.846513653463376,-24.803521755334152,-25.516704165874714,-26.188990860236213,-27.256464878657717
233121.45+192156.6,-23.869972685036725,-24.01463371922343,-24.45502857857489,-24.572058296660284,-24.85726677892956,-21.986655104863093,-23.353198866922746,-24.96991426868389,-25.224246796839957,-25.56387838503581,-26.05119318106336,-26.965001794870663
233128.57+260556.7,-21.35658012733307,-21.541709708713466,-21.918535185087368,-22.045879216367542,-22.074483947133388,-20.555573780153438,-21.037303485342598,-22.149593465865806,-22.697795005446967,-22.851952804279307,-23.553038164121272,-23.92211702739079
233139.32-001516.7,-23.496759433811814,-23.723892412407032,-24.024853300364278,-24.060635052675426,-24.218320030502422,-23.3074172041099,-23.622832287742575,-24.94721070179704,-25.079320593145162,-25.435003730216476,-26.023464146632726,-26.878799085729348
233254.16+240913.9,-23.159029360322105,-23.5362236943662,-23.95944650680083,-24.06869550773279,-24.21598936603846,-22.035339453164507,-22.539384163711638,-24.627349935122446,-24.956341822086017,-25.35538655549325,-26.025253886516026,-26.824004509097307
233309.71+295113.5,-22.762219001086308,-22.894664441086533,-23.164432564669664,-23.186762008963317,-23.49803359456994,-22.561759753505036,-22.58383188019596,-24.030714491559237,-24.033802490672635,-24.52886324973884,-25.09953872798487,-25.81664634006419
233353.27+284430.8,-21.87897925539448,-22.4066985661838,-22.886128847332827,-22.967903170691567,-23.30303879636286,-20.374941036208533,-20.902940361511334,-23.397185270038957,-24.129555914886257,-24.00402154565733,-24.781529332515493,-25.618284014890516
233357.36-012105.3,-22.7884534040548,-23.402211658195853,-23.999973404808504,-24.288350048941545,-24.637462869383373,-21.32605191469073,-22.35359236840841,-25.21347908544636,-25.20453786714798,-25.72703034636073,-25.968631615438035,-26.912753238131987
233412.82+073627.5,-23.581933397939785,-23.793617843373376,-24.054295438550483,-24.14078205496335,-24.4358496393582,-23.0282168717377,-23.13787188912804,-23.925102971988757,-24.239268614184223,-24.563056097704507,-25.416777787713595,-26.250271542521375
233418.72+320453.2,-22.56927218198852,-22.61658587093328,-22.781865296069785,-22.801777798718806,-23.092820267567816,-22.532906384154593,-22.731548040934616,-23.237485154597305,-23.69093940520038,-24.378298874353042,-24.969894329274428,-25.546175088429486
233527.69-001339.3,-23.401466517814097,-23.66063589348118,-24.01128463266942,-24.17944980193667,-24.464806368509322,-22.27321585238461,-23.23739897820206,-24.927065894993422,-25.04264277781113,-25.372960563852597,-26.003740014658803,-26.96393186426499
233547.47-090441.5,-23.9625562759564,-24.085137832250574,-24.394668664562687,-24.544948728568997,-24.618319906502165,-23.562365210010864,-23.808669459060038,-24.80322379401479,-24.949391575738893,-25.162913904340538,-26.146391808229318,-27.09389422745292
233712.05+250214.3,-22.16048664156452,-22.259654867202226,-22.59199787773341,-22.829503704245298,-22.938679396644527,-21.613364614658252,-21.56231209720526,-23.47454814596945,-23.76990268174326,-24.361087878346975,-24.43350501677486,-24.978110922456416
233807.65+032648.8,-20.626901509599787,-21.44095706741796,-22.1707151372917,-22.690197545303445,-22.808867242564133,-18.704436451330036,-19.672315697493538,-23.020630313373807,-23.688464963811327,-23.87960418919741,-24.049833170337735,-24.582349982808633
233811.42+211747.5,-21.424692614535488,-21.736317381802124,-22.26968211497569,-22.50010395399611,-22.48863524995729,-21.01366736109231,-21.134721551148452,-22.7003399224995,-22.943246954730995,-23.44457548372818,-24.10630614178219,-24.70149933036545
233847.03+354054.1,-23.89761809296952,-24.06504942318768,-24.457904880954594,-24.44763890024542,-24.6028805973014,-23.286253809383307,-23.82914919270768,-24.91760158869123,-24.830620723332867,-25.10524663662595,-25.692970618640864,-26.51417161475876
233856.47+310658.7,-22.112843801076945,-22.177651532627007,-22.651440536952748,-22.74531147505422,-22.98566688063055,-21.949083552700117,-22.037773087805817,-23.908778843015835,-24.457006870669154,-24.935261640848,-25.28360197091215,-26.13099869565888
233902.95+302235.4,-24.265226810566368,-24.33491565986008,-24.583994358106303,-24.66106647314014,-24.779232092001003,-18.504440220920674,-17.901972352849295,-25.0477511151719,-25.26895471989795,-25.700017971126655,-26.538193996309595,-27.45298030360689
233908.79-000637.8,-23.153756814826952,-23.37459744881605,-23.729588543878016,-23.83951862896277,-24.095786383506773,-22.473775129563588,-22.785253014997288,-24.137658192411045,-24.72926491197237,-24.748999682052514,-25.40981101277284,-26.34933941342812
233936.09+111034.5,-23.2305431742289,-23.454031573089992,-23.931805669699738,-24.078618204206744,-24.331295337238426,-22.274929025532614,-22.302089665951456,-24.033345753749412,-24.662317969482444,-24.72043421096387,-25.523580138296982,-26.38680906103808
234046.54+145351.0,-23.990128391930174,-24.364596038277334,-24.75266456876209,-25.026121415670936,-25.213793074695946,-22.874543176191455,-23.78053019312711,-25.356337995498947,-25.226154802126203,-25.78604648841056,-26.592853697666534,-27.482343848195832
234055.38+315543.6,-23.449167425716606,-23.542139766085867,-23.917266629306894,-23.992182316564094,-24.101524108999605,-22.732970865502452,-23.01753710465851,-24.53947965643389,-23.998184285908483,-24.785620921286185,-25.563552573315256,-26.30562137281611
234057.93+300209.8,-24.003147224490743,-24.22890488728695,-24.671172331303648,-24.92799240572762,-25.03550188715085,-20.45850322287655,-23.37936807025902,-25.206926053918636,-25.33503623830398,-25.64047049900005,-26.099340243425495,-26.904029777201927
234141.50-003806.6,-22.11153329764056,-22.498361771397803,-22.986183251215756,-23.222829595230337,-23.206983355626477,-20.78864378619079,-21.29195959710498,-23.560356656663892,-24.130131869523463,-24.370591167770595,-24.651420104938133,-25.15178863077425
234145.51-004640.5,-23.570086389945434,-23.695343186572124,-23.910012637426526,-23.989532441218696,-24.12518797294191,-23.52863176782805,-23.338183007287224,-24.35960904081829,-24.788617166473188,-25.233562454880836,-25.676389775913165,-26.609657125295065
234214.73+315435.1,-23.052343565173317,-23.406704068341963,-23.77413506312163,-23.85338190956548,-24.049762066042607,-21.481606712335097,-22.70482125709911,-24.660547720231914,-24.89381634207846,-25.41642831630867,-24.708672745975193,-25.362288631717412
234221.57+034422.6,-22.6438155438802,-22.860185213651494,-23.15853500919499,-23.209594448437866,-23.52364803576263,-22.204906381833062,-21.947861090289074,-23.23007106161803,-23.619841933987075,-24.25012966045956,-25.006824208073102,-25.827583838537006
234252.37-003915.3,-21.199822546034145,-21.536619748660506,-22.06150419111443,-22.30486718035148,-22.663142664278077,-20.813591287681007,-21.065505907200695,-22.932232372466935,-23.511628231257475,-24.138721521152533,-24.740051760491557,-25.529206164918453
234415.08+324713.2,-23.05774722026957,-23.174679686519895,-23.467077977065284,-23.477877750640136,-23.70182035382706,-22.759888407593433,-22.55925600021442,-23.557105383491564,-24.268248388479115,-24.36466178973688,-25.08986470870921,-25.915062812406795
234433.08+260038.8,-20.964528447405108,-21.20820009369258,-21.580697608491406,-21.721205234721463,-21.696268843911923,-20.33817751787363,-20.801648837518854,-22.262181667383047,-22.42216883067167,-22.646521595133223,-23.2501960615231,-23.68686460902118
234438.98-002604.7,-22.895701178834084,-23.065402305506385,-23.414504121516156,-23.509986458696567,-23.697445131468903,-22.8166261428756,-22.795616104686843,-23.681844190558866,-24.13777720404039,-24.67668862403592,-25.41373832979783,-26.104405927032285
234440.02-003231.6,-23.458483384360182,-23.641414849998657,-23.9581412251635,-23.995513602028204,-24.216420195376244,-23.607924737760005,-23.426019118761833,-24.46870301073832,-24.7220889776866,-25.122959475979535,-25.643520440229967,-26.54586284472808
234446.24+274129.1,-22.524844013385998,-22.726111340078987,-23.049505734632675,-23.089013009987205,-23.314144651435075,-22.15076955215594,-22.145387220267548,-23.55319655807102,-24.0901451235108,-24.299207376358268,-24.867613712508874,-25.793759598108046
234500.43-005936.0,-25.066878423138572,-25.115828994292958,-25.45963808133185,-25.476053492613335,-25.581871711863393,-23.92434312043798,-24.348653777186822,-25.450913710437582,-25.5813647646058,-25.717057997423314,-26.44949510929541,-27.403674211421826
234528.45+223934.6,-23.432255946046283,-23.519386284227163,-23.83520963870518,-23.933219594671495,-24.131951284067092,-23.083142685651715,-23.184953170609226,-24.37928286413246,-24.207764727688915,-25.156373600187788,-25.857909616156455,-26.560982571120196
234529.14+244522.8,-22.417913846124566,-22.966818982103618,-23.52789118642701,-23.837610085006595,-24.165715057226127,-17.049495498338306,-21.33274944263873,-24.4948940297102,-24.846260646158186,-25.80252657877313,-26.680148865013603,-27.616621543383722
234618.51+302810.0,-23.829573386844302,-23.923514338199507,-24.31735653583743,-24.39423458692036,-24.597680409468275,-18.45718848338926,-17.256477767899337,-24.283702909266427,-24.58531727441639,-25.329625592099983,-25.888754856726884,-26.77691624177694
234630.14+011030.0,-23.52849267643899,-23.62024927864894,-23.830099799583454,-23.850922955202652,-24.01170949686749,-23.28405437547336,-23.259347449332655,-24.012951553319223,-24.630379830561385,-25.16648199843589,-25.600162235419795,-26.459401318699104
234728.73+242745.7,-21.964245908782893,-22.18259772603621,-22.55799998341355,-22.864860189022536,-22.76035060465328,-20.538561607533683,-21.137330097056186,-22.730680187915052,-23.113342913720174,-23.60851244259825,-24.351787701809226,-24.780485095496054
234731.51+231234.5,-22.783894631587994,-23.46352406665342,-24.208913197388743,-24.5686760745987,-24.928417523969042,-20.775140562870796,-22.142913492388345,-25.50830617490444,-25.833993473841208,-26.10657511866155,-26.503629568872213,-27.19654502162148
234802.93+214119.5,-22.179242406473197,-22.166139073902816,-22.400444249216456,-22.603411078421466,-22.595447037140605,-21.779469897120133,-22.22610109496739,-22.994395642291888,-23.54466982609707,-24.25039861195401,-24.616883533164092,-25.236752883021882
234932.77-003645.8,-22.66767913850113,-22.921295332052637,-23.233779157329398,-23.292829004284314,-23.380170544353508,-22.32874360301435,-22.41264533965205,-23.566495367120393,-23.83203310175682,-24.641361640175024,-25.575795027351997,-26.284165741991703
234947.49-022855.5,-23.33572045731849,-23.81563435236684,-24.421839080934564,-24.684609261407935,-24.958613449079227,-21.079185837002264,-22.454243465028433,-25.19303578366987,-25.655019333913057,-25.63084087642239,-26.265073257719944,-27.178987313484715
234955.70+302940.1,-22.226410887473936,-22.474399962166842,-22.96146719371264,-23.147344137456884,-23.436103310891355,-16.261739815840887,-15.8696427932683,-23.243749669284004,-23.8214584276326,-24.077104666704788,-25.169546279608134,-25.7881278601922
235001.40-093853.2,-23.296942619606718,-23.478029188008588,-23.886578947286196,-23.909470302875125,-24.0546735288889,-23.123942950956938,-23.31836848284831,-23.976891946871124,-24.41734978754996,-25.02511339423499,-25.917532794801055,-26.672273090631712
235023.72+273518.4,-23.661556961081676,-23.79809688366552,-24.16304084451772,-24.24649607912934,-24.38045383293874,-21.77177781642153,-23.44692826168529,-24.927138912798334,-25.04310476355357,-25.02545780415259,-25.2377933736779,-25.939060000124435
235057.48+022740.3,-22.31108037211177,-22.822465246453277,-23.50144661995649,-23.695519895313417,-23.9715684002232,-21.036197477149774,-21.666873945630826,-24.33492446308982,-24.52734448491491,-25.03861959280721,-25.115321067821853,-25.92958572287893
235321.28-015314.2,-23.004268114173158,-23.258455619307373,-23.592720103511876,-23.769859370727094,-23.986517869649262,-23.102683846149255,-23.10760032136239,-24.550340521083996,-24.229498767669103,-25.432906481593392,-25.84246472941154,-26.85557828104167
235321.62-002840.6,-23.35584094864688,-23.686470875469354,-24.03970142298794,-24.100174486970623,-24.254180905526965,-21.326645559170043,-22.78935911566649,-24.70732087500098,-24.715870461837767,-25.295700836150626,-25.540691886232786,-26.38103324389191
235321.81-011528.1,-25.15074935772249,-25.402752366844318,-25.797974292204028,-25.979842037795372,-26.10946821171715,-16.959776929173852,-23.201289160706306,-26.178140745764132,-26.129273931383352,-26.476297411901445,-27.011705180036948,-27.703315908058297
235324.08+000358.1,-23.952601299935743,-24.10017307258865,-24.300744937573683,-24.326264067277542,-24.502237345801024,-23.688515444047777,-23.63690564176331,-24.412383980157212,-25.093203018167138,-25.60709522012817,-26.144308246389635,-27.05238589531603
235409.17-001947.9,-22.68411173855053,-22.969132423505574,-23.46312455243323,-23.593582798206405,-23.874039172535582,-22.08062387593374,-22.30667577871131,-23.76554803618404,-24.515343246987882,-24.57329429020856,-25.58387980955364,-26.493976713548225
235426.17+215411.1,-23.720893038219653,-23.8504221185561,-24.14983649978679,-24.150936421933743,-24.40011426221061,-22.896550164227527,-23.822903760954752,-24.89017451862483,-24.85830286778362,-25.519469136476562,-25.903340604687003,-26.764204058520736
235430.17+230244.2,-22.4969918290058,-22.6970398565551,-23.068640955572185,-23.150834098254315,-23.459434776494113,-21.962533047508824,-22.184225823788207,-23.807419154766382,-23.983662370132528,-24.422430833029164,-24.90019810223983,-25.5960432016971
235437.58+180523.5,-22.875208022703656,-22.973048243392633,-23.32857673741057,-23.341539798285094,-23.508354298510564,-22.148310225461508,-21.81873672879967,-23.48418289296586,-23.80161963511463,-24.5231300284605,-25.14041538776287,-25.954049778692518
235451.67-040503.4,-23.218166757111288,-23.562965233802043,-23.958368811544776,-24.19549330930082,-24.442494786386117,-23.057931515090935,-23.351096524307977,-24.760107027336495,-25.0101427120792,-25.262842598381354,-25.457890394579742,-26.15912325458783
235507.03+030958.1,-23.53298266645711,-23.721014319433568,-23.925728750327455,-23.921334761383196,-24.141722402213066,-23.312259422746358,-23.461996822356934,-24.24727948784246,-24.60763645301114,-25.29800211020933,-26.028876675675292,-26.929005173579323
235507.92+012105.9,-21.08395409666022,-21.819248420074242,-22.620021725307094,-22.81984427283456,-23.21802264724866,-19.517149885242148,-20.13348609630374,-23.231652070076837,-23.954875338685465,-24.43260604823095,-24.971898485109833,-25.789663935238533
235511.96+320934.1,-20.82324355591967,-21.12098885673405,-21.63412878074707,-21.720484910063156,-21.803746052077933,-19.869270066488163,-20.24667788306255,-22.226335254556606,-22.789029774979156,-22.954050171222974,-23.15789060773058,-23.60745229133843
235545.51+004923.1,-22.855375066938095,-23.031476310832534,-23.299870893014138,-23.359323609092023,-23.69343395386941,-22.456975116219912,-22.513872378986694,-23.93875119133789,-24.36560669070317,-24.82996754519429,-25.407546767553868,-26.113447984641233
235622.00-013619.4,-24.655313920766044,-24.897138146030848,-25.221200293667465,-25.238450298627146,-25.349426413274607,-24.41240960071276,-24.30001880233774,-25.498495234066137,-25.56075962648283,-26.048173483219884,-26.737492000855486,-27.69847406776989
235651.40+151848.0,-21.2832309183991,-21.570832211124117,-21.87447935079377,-21.96989122890936,-21.909468952650027,-20.692317964979598,-20.87733865630798,-21.993620196905646,-22.28521056152101,-22.88547400758467,-23.547018218604244,-23.98598928383268
235700.36+052700.1,-23.26550452075179,-23.517533514122064,-23.782350345740415,-23.939276695445518,-24.169508424894353,-23.45360181153043,-23.79788255570769,-24.84474554116389,-25.107560666601827,-25.56168545942672,-25.64975172784694,-26.547304964544235
235720.28+111234.1,-23.767205543218353,-23.946522987717206,-24.309098852253054,-24.309430337746434,-24.47013987004204,-23.727416603394317,-23.68967418389738,-24.712436898680295,-25.357745901532194,-25.27988203698695,-25.917127285063543,-26.700885675857506
235728.89+045812.6,-22.921533060888144,-23.083616951078067,-23.375636300143405,-23.434233932462128,-23.689163510403677,-22.57258427038945,-22.474428775477183,-23.518789222701333,-24.050577047677248,-24.590746470259557,-25.049821646500412,-25.684260134754425
235731.65+031137.4,-21.988510678481816,-22.210637994352005,-22.461178161396564,-22.587202234622715,-22.914830397295542,-21.52309794568052,-21.481644880712487,-23.08084976801247,-23.361269584136288,-23.908754049737215,-24.403426473694896,-25.09808678349846
235736.27+003056.4,-23.819049225204374,-23.991970564741866,-24.34761973314701,-24.52945853752236,-24.76540321697328,-22.89435931896745,-23.532001899169597,-24.842011109554313,-25.335362645826745,-25.04309881485261,-26.01099629635936,-26.919793943268033
235843.55+044912.9,-21.840918889001998,-22.135275523985673,-22.505564794966325,-22.71372510244693,-23.144002944289415,-21.747416920802568,-21.870358555478454,-23.426886502357267,-24.218038498174923,-24.43137613834019,-24.495796974406307,-25.194286187180513
235930.64+011958.5,-21.581252936392982,-22.133116794468172,-22.869939841786547,-23.0573672274214,-23.145151529305945,-19.251006038366082,-20.321857740313163,-23.727270187820977,-24.10787722389041,-25.226935382268177,-26.03233078264384,-26.91378583993351
235941.35+120520.0,-21.566561941533045,-21.79581109072883,-22.125635044196162,-22.339767287122868,-22.304875348892608,-20.808086972901243,-20.967452811572414,-22.78139628096554,-23.11055680343927,-23.615090803119116,-24.13286923485256,-24.52196677037577
235945.78+251909.4,-23.465044255896025,-23.601986279966656,-23.75981443299291,-23.805740012159102,-23.985430626190453,-23.073340405127396,-23.019847992302914,-23.72254453091245,-24.195514538774635,-24.19882588620077,-25.120493660613086,-25.94804394820551
235946.11+220030.2,-24.01547572493279,-24.26240013004204,-24.52567146439034,-24.518591332537795,-24.662677046644784,-23.848794189230322,-24.119475663461667,-24.337931590613476,-24.96603173060897,-25.335127470132775,-26.076378441336153,-26.80742021857091
