SDSS_NAME,M_u,M_g,M_r,M_i,M_z,M_FUV,M_NUV,M_2j,M_2h,M_2k,M_W1,M_W2,community,u_g,g_r,r_i,i_z,FUV_NUV,j_h,h_k,W1_W2,opt_mir
125543.36+350952.7,-22.61469471565028,-22.82839565766477,-23.010741797418376,-23.173230224871443,-23.42703113196437,-23.38033164420538,-23.572122821729103,-24.008162971430963,-24.243721977235296,-25.019723023182863,-25.27311961692054,-26.09009924742447,1,0.21370094201449064,0.18234613975360503,0.16248842745306646,0.253800907092927,0.1917911775237222,0.2355590058043333,0.7760010459475666,0.8169796305039299,2.0998893920490964
125730.21+354320.1,-23.48242168418524,-23.634571175778312,-23.826602392995245,-23.82619007306334,-23.986165336678685,-23.48044783307112,-23.292889622405276,-23.3868569391216,-24.27107813554028,-24.86387259043909,-25.45203931058351,-26.36544953360807,1,0.15214949159307167,0.1920312172169325,-0.00041231993190393723,0.15997526361534398,-0.18755821066584488,0.8842211964186788,0.5927944548988116,0.9134102230245631,1.6258492375201676
125815.22-015918.7,-23.222971900114285,-23.326998929121128,-23.60143609285644,-23.571742730214712,-23.75336604369223,-23.448892245438536,-23.448990020135067,-23.6400958510072,-23.99157078424938,-24.25427942572973,-25.638334429028024,-26.40874109011559,1,0.10402702900684346,0.27443716373531046,-0.029693362641726395,0.18162331347751604,9.7774696531161e-05,0.35147493324218004,0.26270864148035145,0.7704066610875664,2.066591698813312
125846.66+242739.1,-23.091349912908477,-23.229167155897624,-23.493558426456303,-23.56265478751268,-23.84387157300145,-22.913251001661965,-23.10898005125459,-23.999618730486755,-24.53187422840228,-24.764766958580594,-25.18537412612755,-26.00368503890763,1,0.1378172429891471,0.2643912705586793,0.06909636105637773,0.2812167854887697,0.19572904959262516,0.532255497915525,0.2328927301783139,0.8183109127800812,1.6227193386148677
130028.53+283010.1,-24.40465527162284,-24.57636429759886,-24.89197384650531,-24.880703379013585,-25.04638593292951,-23.21321381271372,-23.89750753109037,-25.124526410094333,-25.359099526758893,-25.730327107273467,-26.21541202395101,-26.904626797873696,1,0.17170902597602122,0.31560954890644766,-0.011270467491723224,0.165682553915925,0.6842937183766473,0.23457311666455993,0.3712275805145744,0.6892147739226857,1.3347086449374252
130033.88+200023.8,-23.9766279817111,-24.095905180983674,-24.470130846608537,-24.63976619224076,-24.80586752739488,-21.910247284431865,-23.982415332822235,-24.72518253559533,-25.10825959383806,-25.73042427265512,-26.279537714897952,-27.10183449488136,1,0.11927719927257385,0.3742256656248628,0.16963534563222282,0.16610133515412073,2.0721680483903704,0.38307705824272986,0.622164678817061,0.8222967799834073,1.6397715226571918
130101.94+130227.1,-23.46955442207457,-23.743113151658584,-24.15911243763194,-24.17405685242192,-24.340751607465062,-23.4649938980738,-23.685357311922072,-24.50026663234743,-24.99635209579617,-25.55570906999539,-26.381074279744464,-27.09790029280402,1,0.27355872958401406,0.41599928597335634,0.014944414789979987,0.16669475504314235,0.22036341384827196,0.4960854634487397,0.5593569741992219,0.7168260130595563,2.207017427322544
130112.91+590206.6,-25.426581234256343,-25.48923748745054,-25.82861063597445,-25.837261972526168,-25.947341565328184,-25.34299672455458,-25.26490876431672,-25.768319114578908,-26.219483731887266,-26.767115221051014,-27.47339845029828,-28.322498209888963,1,0.06265625319419854,0.339373148523908,0.008651336551718458,0.11007959280201618,-0.07808796023786257,0.45116461730835766,0.5476314891637486,0.8490997595906826,1.6361364777721121
130136.12+000157.9,-24.732304397521045,-25.296989392452403,-25.620735373328227,-25.676647241418213,-25.88470998046588,-17.859339024223498,-17.013042409417565,-25.9986179703142,-26.40659545262834,-26.598547313390487,-26.918144311333272,-27.96783469950345,1,0.5646849949313584,0.32374598087582385,0.05591186808998572,0.2080627390476657,-0.846296614805933,0.4079774823141413,0.19195186076214554,1.049690388170177,1.2414970699150594
130212.30+304120.7,-23.95381080682323,-24.053767389818116,-24.41736504432666,-24.49836807050525,-24.681180219397493,-22.821793466545014,-23.73791031040385,-24.872000930557263,-25.36188626597099,-25.735204340842422,-25.929872687164604,-26.77256383708322,1,0.09995658299488497,0.36359765450854553,0.08100302617858901,0.18281214889224273,0.9161168438588376,0.48988533541372803,0.3733180748714311,0.8426911499186147,1.4315046166593532
130215.52-024518.2,-23.67881904169033,-23.8198361164026,-24.12415129750533,-24.15968762310724,-24.30952857850784,-18.718972430251373,-16.392953250983894,-24.03210473844848,-24.532213716916697,-24.83051869596637,-25.466710848193458,-26.31291949903049,1,0.14101707471226987,0.30431518110273004,0.035536325601910335,0.14984095540060238,-2.3260191792674796,0.5001089784682158,0.29830497904967146,0.8462086508370312,1.307023225086219
130255.44+241210.2,-24.20476287804564,-24.254893896393003,-24.60594542103204,-24.523793928151623,-24.67722744303982,-24.337518032023883,-24.25278204779704,-24.73869503468956,-24.942525023359167,-25.220196584862737,-25.37770200173703,-26.29700142764389,1,0.050131018347364886,0.3510515246390362,-0.08215149288041701,0.1534335148881958,-0.08473598422684248,0.20382998866960733,0.27767156150357053,0.9192994259068605,0.8539080735854085
130307.72+194236.2,-23.33735680099693,-23.673856537078528,-24.040438962614324,-24.015176564338294,-24.14066934837266,-23.339600544344243,-23.65377697453276,-24.252352771168848,-24.8763153196149,-24.78227688423897,-25.7836441901164,-26.51657056364147,1,0.3364997360815991,0.3665824255357961,-0.025262398276030495,0.1254927840343676,0.3141764301885175,0.6239625484460518,-0.09403843537592849,0.7329263735250677,1.7684676257781078
130343.27+070947.5,-24.853452636928484,-24.891797518147754,-25.162120174564254,-25.184815379306887,-25.3097709921671,-22.6571680874686,-24.35595535244821,-25.36561143951036,-25.543885581725643,-25.73872760034899,-26.57395038280923,-27.451235614816664,1,0.03834488121927038,0.2703226564165,0.022695204742632313,0.12495561286021228,1.6987872649796074,0.17827414221528315,0.1948420186233477,0.8772852320074342,1.3891350035023429
130345.98+263314.1,-23.1387030129287,-23.259282833011667,-23.430078399602134,-23.521485004091264,-23.796384949320167,-23.39497274523608,-23.221676327658333,-23.41569961981255,-23.849723543012303,-24.25434189465449,-24.634440886908635,-25.46039254894136,1,0.1205798200829662,0.17079556659046702,0.09140660448912996,0.2748999452289027,-0.1732964175777454,0.4340239231997529,0.4046183516421884,0.8259516620327254,1.1129558828173707
130357.89+500638.3,-22.385941070403383,-22.6516406293952,-22.97377079049261,-22.99475722911605,-23.213795768235187,-22.437094450784684,-22.352530283169948,-23.722069086940216,-23.865180250936262,-24.395596172361444,-25.10708263660446,-25.93062258229823,1,0.2656995589918161,0.3221301610974088,0.020986438623442183,0.2190385391191363,-0.08456416761473662,0.1431111639960463,0.5304159214251811,0.8235399456937706,2.1123254074884095
130432.98+464245.3,-22.690601491782868,-22.79375292825105,-23.193299822852996,-23.297266678125293,-23.540699618277102,-22.82880044438868,-22.57292050160378,-23.752669340088456,-24.40443627745579,-24.78237588560424,-25.281594272243314,-25.967239828443237,1,0.10315143646818115,0.39954689460194714,0.10396685527229721,0.24343294015180916,-0.255879942784901,0.6517669373673343,0.3779396081484485,0.6856455561999226,1.984327594118021
130451.41+245445.9,-24.051250808412004,-24.18471493722876,-24.444321577296385,-24.43271155833077,-24.593786420962186,-24.31984725840548,-24.03931317105304,-24.733953139128012,-24.72653192003853,-25.137671849770232,-25.52588655064025,-26.449205881573857,1,0.13346412881675818,0.2596066400676236,-0.011610018965615865,0.16107486263141624,-0.2805340873524429,-0.007421219089483344,0.41113992973170355,0.9233193309336052,1.093174992309482
130456.91+395111.4,-22.47187248338039,-22.64249816335467,-22.872325689215376,-22.93724812427233,-23.099926109936074,-21.769069447341103,-22.089163217761715,-23.64240116943836,-23.89918356246307,-24.617339119161795,-24.835962850697346,-25.481508405915974,1,0.1706256799742789,0.22982752586070632,0.06492243505695328,0.1626779856637448,0.3200937704206126,0.2567823930247073,0.7181555566987257,0.6455455552186287,1.8987147264250162
130524.25+035730.9,-23.573976045473493,-23.67917684951332,-23.87494404272028,-23.863434736637217,-24.02734934955108,-23.36616209445425,-23.46290376095584,-24.00462050968051,-24.76959663657655,-25.26000594573611,-26.22833662621005,-27.052379537476124,1,0.1052008040398249,0.19576719320696157,-0.011509306083063109,0.16391461291386378,0.09674166650158966,0.7649761268960411,0.4904093091595598,0.8240429112660728,2.3649018895728346
130524.85+221913.8,-23.044723682678597,-23.167510404432186,-23.37755438228113,-23.34555266156343,-23.612264720643783,-23.460755885517983,-23.530252323721392,-23.859277951881403,-24.223347188304025,-24.750402589251436,-25.215686244910103,-25.92267244913724,1,0.12278672175358807,0.2100439778489438,-0.032001720717698134,0.26671205908035134,0.06949643820340867,0.36406923642262257,0.5270554009474111,0.7069862042271389,1.8701335833466715
130543.81+333531.5,-23.26488329869392,-23.424436056665115,-23.60837801165549,-23.60697850976152,-23.788555767435074,-23.35203347292323,-23.38195712817992,-23.91615607564193,-24.46182685701697,-24.879537626393542,-25.44704917262412,-26.286749613338245,1,0.15955275797119484,0.1839419549903738,-0.0013995018939674253,0.1815772576735526,0.029923655256688164,0.5456707813750405,0.4177107693765727,0.8397004407141253,1.8400706628625976
130554.16+014929.9,-24.0075216376538,-24.219095734114955,-24.56908683788121,-24.547681983769756,-24.802713028407545,-23.98698625940781,-24.459836658459118,-24.97230255603228,-25.349698718838678,-25.18267428010219,-26.08029567451756,-26.843180419045822,1,0.2115740964611561,0.34999110376625353,-0.02140485411145221,0.25503104463778925,0.4728503990513069,0.37739616280639865,-0.16702443873648676,0.7628847445282609,1.5326136907478052
130601.87+580319.8,-23.611554500421505,-23.68924429593787,-24.004707998633677,-23.99781710016613,-24.197120952291044,-23.9094303585434,-23.83839058143459,-24.698738935892575,-25.30674716774704,-25.9916038663886,-26.776173397983253,-27.68027053630685,1,0.07768979551636335,0.3154637026958085,-0.0068908984675459806,0.1993038521249133,-0.07103977710880827,0.6080082318544662,0.6848566986415605,0.9040971383235963,2.7783562978171226
130608.36+342042.9,-24.40772248085168,-24.581213855149965,-24.87320479846591,-24.93768515794643,-24.998882259951284,-24.26029360722306,-24.563805360845112,-25.32383706541764,-25.49587814674375,-25.42614864057283,-26.3896849874604,-27.15651701648204,1,0.17349137429828332,0.29199094331594466,0.06448035948051967,0.06119710200485429,0.30351175362205396,0.1720410813261104,-0.06972950617091911,0.7668320290216428,1.4519998295139693
130635.92+220642.4,-25.02035579012665,-24.996881205680054,-25.273853227935035,-25.37907722861728,-25.553063485528,-19.09598444746372,-17.692984604774814,-25.70503867453685,-25.795993144599407,-26.38024183792228,-26.905819660140757,-27.8478984860596,1,-0.023474584446596225,0.27697202225498074,0.10522400068224513,0.17398625691071956,-1.4029998426889065,0.09095447006255597,0.5842486933228734,0.9420788259188413,1.526742431523477
130730.80+084641.9,-23.39857791692456,-23.555410559147624,-23.72389232117277,-23.78781980530377,-24.087898325673542,-23.00329363211871,-23.15440408558441,-24.040259192503584,-24.3025608879214,-24.915255697128934,-25.6077891369076,-26.35299323737894,1,0.15683264222306548,0.1684817620251451,0.0639274841309998,0.3000785203697731,0.1511104534657015,0.2623016954178148,0.6126948092075359,0.7452041004713408,1.8199693316038292
130753.92+064213.9,-24.45386873353566,-24.618335058147025,-24.87610017258092,-24.821944454593524,-25.02332697153776,-24.061984312523,-24.06049039981539,-24.66566579531316,-24.71279526932492,-25.203493308132693,-25.9091734683037,-26.73553052154655,1,0.16446632461136446,0.2577651144338944,-0.05415571798739549,0.2013825169442356,-0.001493912707609013,0.047129474011761374,0.4906980388077713,0.8263570532428517,1.087229013710175
130815.43+021411.6,-24.40917874712196,-24.664080274325435,-25.05096210541682,-25.178958369429704,-25.35183341211621,-18.48604043112486,-16.362616703627218,-25.48822518323496,-25.50451127603386,-26.193482649001098,-27.315195577368865,-28.207137234551464,1,0.2549015272034758,0.3868818310913831,0.12799626401288577,0.17287504268650622,-2.1234237274976415,0.016286092798900142,0.688971372967238,0.8919416571825991,2.1362372079391605
130832.10+034403.9,-24.037562716849862,-24.21202107121532,-24.41711112700037,-24.43795624743421,-24.537999438329347,-23.360337719088477,-23.531364963052688,-24.369358814606887,-24.60983699916369,-25.06825452803685,-26.33465859169235,-27.127098029348875,1,0.1744583543654592,0.20509005578504969,0.020845120433840236,0.10004319089513558,0.1710272439642111,0.24047818455680314,0.45841752887315934,0.792439437656526,1.8967023442581379
130915.37+050120.1,-23.4061232310641,-23.864275973700423,-24.27192455173617,-24.350658934602496,-24.50076626665101,-18.08470995568937,-18.252461422921023,-24.71672640068109,-25.06784984018068,-25.176199581784875,-26.15809091312523,-27.03809043009407,1,0.45815274263632233,0.4076485780357473,0.07873438286632606,0.15010733204851334,0.16775146723165335,0.3511234394995917,0.10834974160419364,0.8799995169688408,1.8074319785227324
130956.19+215702.9,-23.71415743781021,-23.79200482831053,-24.06505049825693,-24.071541465057678,-24.232740516407496,-23.72573157140981,-23.352721603030627,-24.182928793073003,-24.632335833309053,-24.70087188758484,-25.6757854726302,-26.49897199385928,1,0.0778473905003203,0.27304566994639856,0.006490966800747344,0.1611990513498185,-0.37300996837918277,0.44940704023604994,0.06853605427578557,0.8231865212290792,1.6042440075725217
131011.30+075816.3,-23.90588372473186,-24.018851518908928,-24.235488277794435,-24.291282445938386,-24.391010591420624,-23.956389321836483,-23.701411097048265,-24.37312561652828,-24.843725992523,-25.207841099075942,-26.144306372960845,-27.15579874431978,1,0.1129677941770666,0.2166367588855067,0.055794168143950884,0.09972814548223852,-0.25497822478821774,0.4706003759947208,0.36411510655294066,1.011492371358937,1.853023927022459
131116.86+142612.9,-24.649642898801265,-24.75087258768044,-25.153102978181,-25.07281979798353,-25.252593506606672,-23.65037364360515,-24.185673780640897,-24.76112372900995,-25.03136392623008,-25.281657542320037,-26.054862718336317,-27.10832410326785,1,0.10122968887917594,0.4022303905005593,-0.08028318019746905,0.17977370862314146,0.5353001370357475,0.2702401972201329,0.25029361608995515,1.0534613849315342,0.9820429203527858
131144.20+200111.9,-22.02132301820477,-22.28939065414434,-22.55425126126556,-22.66098615410945,-22.92951738640461,-20.95262971606007,-21.2080243048043,-23.322158346668093,-23.742305554931114,-24.06722475384275,-24.643941931763084,-25.266259422218685,1,0.2680676359395697,0.26486060712121784,0.10673489284389248,0.26853123229515674,0.25539458874423104,0.4201472082630211,0.3249191989116369,0.6223174904556004,1.9829557776536326
131150.53+192053.1,-23.133207994560205,-23.253357388800044,-23.653321008668662,-23.7064469013942,-23.685623012623697,-20.400227406125968,-21.38036894138099,-23.673244363065475,-24.01162071576126,-24.613647758685968,-25.571647915169493,-26.406368526594317,1,0.12014939423983861,0.3999636198686183,0.05312589272553936,-0.02082388877050434,0.9801415352550222,0.3383763526957857,0.602027042924707,0.8347206114248245,1.865201013775291
131325.26+194612.1,-23.501694637131127,-23.6369378928833,-24.013780305336983,-24.13783440939953,-24.258862439899477,-22.9774532066112,-23.280708498923463,-24.57619733622667,-24.91665955863075,-25.05439853956159,-25.84478985364672,-26.62360547997501,1,0.13524325575217233,0.37684241245368355,0.12405410406254802,0.12102803049994648,0.30325529231226156,0.3404622224040814,0.13773898093083758,0.7788156263282886,1.706955444247189
131359.17-032444.7,-23.51063721507689,-23.697099694341134,-24.00652064098923,-24.07275118405188,-24.26275047635105,-22.63141183805388,-23.079602947542583,-24.439644191680564,-24.948508479781587,-25.471779718119503,-26.067025730048083,-26.89100316329189,1,0.1864624792642431,0.30942094664809616,0.06623054306265175,0.18999929229917,0.4481911094887039,0.508864288101023,0.5232712383379159,0.8239774332438081,1.994274545996202
131414.80+335438.5,-23.773044170709777,-23.891683826995628,-24.1832830040818,-24.245726505786493,-24.45278087129543,-23.271212315273797,-24.07349396692848,-25.04057560340897,-25.417018761826704,-25.453238712038917,-26.166622243675658,-26.83663624516628,1,0.11863965628585049,0.291599177086173,0.06244350170469204,0.20705436550893808,0.8022816516546847,0.37644315841773235,0.0362199502122138,0.6700140014906211,1.9208957378891647
131459.85+505932.9,-23.488631232308755,-23.609602108841965,-24.02314966394265,-24.12981724010044,-24.315754742435026,-23.139040443788463,-23.16295932211619,-24.06558942719589,-24.547951820996808,-25.058584431586805,-25.658082497413822,-26.591637328962097,1,0.12097087653321026,0.41354755510068486,0.10666757615778977,0.1859375023345855,0.0239188783277271,0.48236239380091916,0.5106326105899974,0.9335548315482747,1.5282652573133824
131545.20+152556.3,-23.61811522550513,-23.745555039450064,-24.035427007351544,-24.012118420812666,-24.142213441480106,-23.08057033155408,-23.11700028250269,-23.87197480865769,-24.201274999099315,-24.646813361444963,-25.35770518512328,-26.30289750114125,1,0.1274398139449353,0.2898719679014796,-0.023308586538878018,0.13009502066744005,0.03642995094860879,0.32930019044162506,0.4455383623456477,0.9451923160179696,1.3455867643106139
131627.84+315825.7,-23.477227579938013,-23.6213324236638,-23.962093445352107,-23.920530296449314,-24.017771173918,-22.413964879062267,-22.862346135898573,-23.862541745103314,-24.1140657284156,-24.601344718534847,-25.569711873806995,-26.488178626779387,1,0.14410484372578836,0.340761021688305,-0.041563148902792335,0.09724087746868548,0.44838125683630636,0.25152398331228554,0.4872789901192469,0.9184667529723924,1.6491815773576803
131831.22+031948.7,-23.53340310704152,-23.687134073147654,-24.02631213797566,-24.085198513260615,-24.27489903896288,-24.0404407626882,-23.7691877266374,-23.91956557747649,-24.6791022172286,-24.926730470604376,-25.807683198738868,-26.729903175885035,1,0.15373096610613501,0.3391780648280047,0.058886375284956216,0.18970052570226414,-0.27125303605079765,0.7595366397521097,0.2476282533757761,0.9222199771461668,1.7224846854782534
131930.83+425416.0,-23.523291323960382,-23.652766492966087,-23.75087673979973,-23.78843912129586,-24.101744533000083,-23.118484304422207,-23.34927775601033,-24.148843338557427,-24.58281626800593,-24.972986034847303,-25.48755129621989,-26.33632211769408,1,0.12947516900570477,0.09811024683364167,0.037562381496130115,0.3133054117042242,0.2307934515881236,0.43397292944850463,0.39016976684137106,0.84877082147419,1.699112174924032
132048.67+510313.6,-23.95734521957473,-24.098990681864688,-24.45392542275773,-24.466458657695757,-24.60899780421062,-23.58065680114102,-23.665175199731276,-24.83647803691229,-25.121043105430804,-25.607443337753228,-26.03412505274703,-26.960080205571806,1,0.1416454622899579,0.354934740893043,0.012533234938025828,0.14253914651486355,0.08451839859025512,0.28456506851851415,0.48640023232242413,0.9259551528247769,1.5676663950512726
132115.86+284719.4,-24.65616801881757,-24.74215882464617,-25.155287662942808,-25.2629856573098,-25.418623883004773,-24.44222742652914,-24.311146016130945,-25.36959365587833,-25.75459654567901,-26.16179722560009,-26.653363044249613,-27.568631253362707,1,0.08599080582860097,0.41312883829663605,0.10769799436699401,0.15563822569497177,-0.13108141039819543,0.3850028898006812,0.407200679921079,0.9152682091130941,1.3903773869398108
132126.40+173815.6,-22.590419982191143,-22.66617210240955,-22.82152328793716,-22.862017055128277,-23.159775897303657,-22.03352543224418,-22.211795423968745,-23.725501833121093,-24.10534315199356,-24.593553301373998,-25.26031599339286,-25.935803034872677,1,0.07575212021840727,0.15535118552761062,0.04049376719111564,0.29775884217538007,0.1782699917245658,0.3798413188724652,0.48821014938043916,0.6754870414798155,2.3982989382645847
132146.53+265150.1,-24.749215609162206,-24.85445967201288,-25.099449307481027,-25.30299836671857,-25.49694907923766,-21.978724738373195,-22.056404062645445,-25.59220404405461,-25.70403673882525,-26.450413367147117,-27.2729741867368,-28.259245678227725,1,0.105244062850673,0.24498963546814778,0.20354905923754174,0.19395071251909002,0.07767932427224977,0.11183269477063718,0.7463766283218689,0.9862714914909247,1.969975820018231
132222.67+464535.2,-23.23307980011575,-23.351160982751065,-23.54635275423364,-23.53821180579185,-23.725254512320543,-23.02487601100764,-23.050162158243108,-23.60906992898933,-23.942929453684407,-24.536077325693118,-25.23066726849235,-26.074719396267515,1,0.11808118263531497,0.19519177148257683,-0.008140948441791807,0.18704270652869326,0.025286147235469514,0.3338595246950753,0.5931478720087107,0.8440521277751643,1.6924554627005008
132325.24+343059.3,-23.956777818190854,-24.12122312075837,-24.516517619004297,-24.506259919023503,-24.702564196315635,-23.97523542325236,-23.90122861820869,-24.63199393339908,-24.9511622103936,-25.34069736969361,-26.03501075447677,-27.00924582742656,1,0.16444530256751477,0.3952944982459279,-0.0102576999807944,0.19630427729213196,-0.07400680504366974,0.319168276994521,0.38953515930001004,0.9742350729497922,1.5287508354532662
132500.46+161635.5,-22.58034888724407,-22.74967531498965,-23.066287338121786,-23.097817935336813,-23.38341347694145,-22.389267946943413,-22.325604973502276,-23.80219752166669,-24.016369429532908,-24.56040881747138,-25.03419955290193,-25.888639656809584,1,0.1693264277455775,0.3166120231321372,0.03153059721502771,0.2855955416046356,-0.06366297344113647,0.21417190786621632,0.5440393879384722,0.8544401039076526,1.936381617565118
132502.65+650415.3,-23.99833741828053,-24.210386298063828,-24.3497251293357,-24.318506286600336,-24.45468400942552,-23.887447094822527,-23.9264505969452,-24.6259203061077,-24.985907851773383,-25.770193753053,-26.245405781118414,-27.072212689761777,1,0.21204887978329623,0.1393388312718713,-0.03121884273536324,0.1361777228251846,0.039003502122675116,0.3599875456656818,0.7842859012796168,0.8268069086433627,1.9268994945180786
132503.79+271718.7,-23.17160187664684,-23.37207676600936,-23.633523769998,-23.758151120784376,-23.83173884707544,-23.33242416658447,-23.08601101300803,-23.68704177869684,-24.09745772881412,-25.024025238609653,-25.763438233890657,-26.591195773778583,1,0.20047488936252122,0.2614470039886392,0.12462735078637621,0.0735877262910627,-0.2464131535764409,0.4104159501172795,0.9265675097955324,0.8277575398879264,2.005287113106281
132646.21+210057.8,-25.222938952467054,-25.343507176803858,-25.63388481144251,-25.67014055509467,-25.76760462468173,-24.437795158315105,-25.017270025973087,-26.08800467413202,-26.180631402364547,-26.49243988354753,-26.706858439746465,-27.558644796902367,1,0.12056822433680381,0.2903776346386522,0.03625574365215911,0.09746406958706189,0.5794748676579822,0.09262672823252771,0.31180848118298243,0.8517863571559019,1.0367178846517966
132657.18+273316.7,-23.94453382938974,-24.06206456418886,-24.451297714778416,-24.704690628987677,-24.80821861711489,-22.651834094517493,-23.198267486804955,-24.667620820214463,-24.727794164731574,-25.341795184862768,-26.33431464003668,-27.318826940177946,1,0.11753073479911791,0.38923315058955765,0.253392914209261,0.10352798812721176,0.5464333922874616,0.06017334451711065,0.6140010201311945,0.9845123001412652,1.6296240110490032
132659.18+104420.6,-24.423096270308,-24.57271190512602,-24.856491860789344,-25.00404240264176,-25.260519896201327,-22.99450650884277,-24.02996820096117,-25.297142969056896,-25.475875776667998,-26.2659859144409,-26.83437572016848,-27.71322836203554,1,0.14961563481801932,0.2837799556633236,0.14755054185241434,0.2564774935595686,1.0354616921184032,0.17873280761110166,0.7901101377729027,0.8788526418670592,1.8303333175267227
132722.56+071609.8,-23.11075302578431,-23.391457103136453,-23.781631613367463,-23.91697930747503,-24.12923814664315,-22.673812572141884,-22.875676389779198,-23.872747111081463,-24.40103121802324,-25.003953696594323,-25.9299522419928,-26.774612574876443,1,0.2807040773521443,0.39017451023100946,0.13534769410756908,0.21225883916811839,0.20186381763731376,0.5282841069417756,0.6029224785710845,0.8446603328836417,2.0129729345177694
132852.42+373439.4,-21.97480285224645,-22.1908228300722,-22.651861622912943,-22.641502726819365,-22.981034827363263,-22.104040364396223,-22.31607822527225,-23.40002747863022,-24.158976693071757,-24.535507933493705,-24.6840592129708,-25.43318428645285,1,0.21601997782574855,0.4610387928407427,-0.010358896093578096,0.3395321005438987,0.21203786087602694,0.758949214441536,0.3765312404219472,0.7491250734820483,2.0425564861514367
132944.15+102604.0,-22.52526003704033,-22.87595368251298,-23.28321189420508,-23.371789964521867,-23.615509603482234,-21.934663558360032,-22.331370066243775,-23.91254318686408,-24.450725860995902,-24.78243369198387,-25.40462725542251,-26.308821336933107,1,0.35069364547264925,0.40725821169210263,0.08857807031678533,0.24371963896036775,0.3967065078837422,0.5381826741318214,0.3317078309879662,0.904194081510596,2.0328372909006447
133045.15+281321.5,-22.88859666831937,-23.056272574868284,-23.512597824531003,-23.56015881563405,-23.77586664664735,-22.83628799473698,-22.69154197741513,-23.3229629504627,-23.967436055945026,-24.39305021701783,-25.000787289976916,-25.840871840885697,1,0.16767590654891507,0.4563252496627186,0.047560991103047456,0.21570783101330093,-0.14474601732185022,0.6444731054823265,0.42561416107280436,0.8400845509087809,1.4406284743428657
133207.15+215400.8,-23.43198445895407,-23.62475565857557,-24.04806077206156,-24.17628499778234,-24.399785954771644,-22.893177117916192,-22.936231661547467,-24.61105506224434,-24.926838644117016,-25.597960924256125,-26.17634937685053,-27.107900758168928,1,0.19277119962150024,0.4233051134859913,0.1282242257207784,0.22350095698930517,0.04305454363127481,0.31578358187267597,0.6711222801391088,0.9315513813183962,2.000064379068192
133300.83+451809.0,-23.31789719935402,-23.492868248073663,-23.52607309298589,-23.55243624037869,-23.743776065464992,-22.7888749704063,-23.020232984138037,-23.253527655467867,-23.87112113824288,-24.245162790644223,-25.19571697565289,-25.95223024523293,1,0.17497104871964098,0.03320484491222686,0.0263631473928001,0.19133982508630254,0.23135801373173592,0.617593482775014,0.3740416524013419,0.7565132695800401,1.6432807352741996
133302.20+584016.5,-23.267497122954783,-23.488903887651677,-23.79152422520553,-23.882969353198558,-24.0375725310598,-23.28707444942528,-23.25946750125232,-24.22238719371444,-24.38684949577823,-24.98897295833508,-25.95680258018892,-26.977942105934616,1,0.22140676469689424,0.3026203375538543,0.09144512799302618,0.15460317786124378,-0.027606948172959278,0.16446230206378942,0.6021234625568503,1.0211395257456957,2.073833226990363
133309.75+362030.8,-23.739307185678168,-24.122427352473128,-24.410198383925263,-24.626373114130782,-24.860012381522363,-22.21452926755076,-22.717576134592598,-24.96493281820485,-25.25586391293186,-25.841372694454613,-26.651900675262212,-27.410633110238813,1,0.38312016679495997,0.28777103145213445,0.2161747302055197,0.23363926739158103,0.5030468670418387,0.29093109472701073,0.5855087815227513,0.7587324349766007,2.0255275611314296
133322.95+170158.8,-22.94557235901585,-23.021926146672367,-23.31103524108262,-23.31534434409104,-23.523303738654413,-23.052107447872352,-22.789036278167742,-23.66836417813085,-24.13009855227669,-24.857574517444466,-25.567290782896897,-26.45607846605159,1,0.07635378765651879,0.2891090944102537,0.004309103008420578,0.2079593945633711,-0.26307116970460953,0.46173437414583773,0.7274759651677769,0.8887876831546926,2.251946438805856
133338.61+254952.5,-23.560515346534604,-23.641527307068465,-23.80642415775668,-23.806807443171227,-24.254137785016063,-23.31165384298395,-23.406269574277253,-24.388142602512392,-25.09775932348737,-25.707073099864488,-26.296045878203767,-27.109897008677848,1,0.08101196053386062,0.16489685068821558,0.0003832854145464637,0.447330341844836,0.09461573129330247,0.709616720974978,0.6093137763771175,0.813851130474081,2.48923843503254
133456.22+321647.4,-23.25973501709521,-23.524702940131583,-23.861991643123197,-23.882380828808344,-24.134325295446175,-22.97932948853048,-23.176784954122763,-24.2972732912819,-24.741552330976493,-25.26616415928132,-25.737256472289072,-26.523165523677815,1,0.26496792303637307,0.3372887029916143,0.020389185685147027,0.25194446663783054,0.1974554655922809,0.44427903969459237,0.5246118283048276,0.7859090513887423,1.854875643480728
133511.58+304246.1,-22.84529993542042,-23.011019221789184,-23.31132867768509,-23.380853293763177,-23.65437867284476,-22.58508443469232,-22.556312568552315,-23.404954987903483,-24.1908095906916,-24.36920263235752,-25.439754324418487,-26.171176412244808,1,0.16571928636876265,0.3003094558959063,0.06952461607808758,0.27352537908158325,-0.02877186614000493,0.7858546027881168,0.1783930416659203,0.7314220878263207,2.05890103065531
133513.67+200759.3,-23.82273800695241,-23.956369453246158,-24.23277633864789,-24.268404766743764,-24.398244543894243,-23.614382140691728,-23.687126235578337,-24.15544795811008,-24.45978087023912,-24.68529481860467,-25.722350443698176,-26.6090250148268,1,0.133631446293748,0.27640688540173386,0.03562842809587252,0.12983977715047956,0.07274409488660893,0.3043329121290377,0.2255139483655526,0.8866745711286228,1.4539456769544117
133519.23+501505.0,-23.92265627028169,-24.10959430118836,-24.41848343301685,-24.43954471260397,-24.641600566325074,-24.038546596207595,-24.037907982792195,-24.891430012698425,-25.305244134464804,-25.50594289058009,-25.929325659167368,-26.777748409396263,1,0.1869380309066706,0.3088891318284901,0.02106127958711923,0.2020558537211059,-0.0006386134154006129,0.41381412176637866,0.20069875611528687,0.8484227502288952,1.4897809465633998
133540.69+125851.0,-24.16780333117621,-24.27701872034713,-24.494178269627856,-24.501464487129887,-24.61774449198113,-24.037425146906603,-23.8863418522374,-24.5394629821297,-24.773488565877244,-25.49717677113397,-26.43863197646204,-27.18053410873507,1,0.10921538917092022,0.21715954928072634,0.007286217502031178,0.11628000485124446,-0.15108329466920267,0.23402558374754534,0.7236882052567246,0.7419021322730295,1.937167489332154
133602.01+172513.0,-25.172170082054254,-25.281902632977538,-25.689602412950794,-25.731516361756054,-25.906542658954727,-25.18143700643196,-24.862320343324825,-25.68236810790633,-25.97366541865165,-26.32667921137786,-27.007842037944616,-27.924590538446303,1,0.10973255092328316,0.4076997799732567,0.04191394880525934,0.17502629719867357,-0.3191166631071347,0.2912973107453176,0.35301379272621247,0.9167485005016864,1.2763256761885629
133623.79+414225.3,-22.781550401620297,-23.02374381207396,-23.542143393166384,-23.58188226437414,-23.794038730184777,-22.725672125594865,-22.659719618042597,-23.62338376629909,-24.00858107673103,-24.16442517593684,-25.07529944877312,-25.939322010598477,1,0.2421934104536625,0.5183995810924245,0.03973887120775643,0.21215646581063652,-0.065952507552268,0.3851973104319413,0.15584409920581166,0.8640225618253581,1.4934171843989787
133628.16+320344.9,-23.265428264888616,-23.394118052588983,-23.642578382181973,-23.691674455616926,-23.815171166983504,-22.958560006561136,-23.0144995881156,-23.63495824609739,-24.00502427287627,-24.67921172617145,-25.456782575256984,-26.140354437117622,1,0.12868978770036676,0.2484603295929908,0.049096073434952814,0.12349671136657747,0.055939581554465434,0.3700660267788791,0.674187453295179,0.6835718618606386,1.7651081196400575
133719.32+594905.5,-23.39900578837189,-23.789623653590866,-24.344978472637965,-24.455760565133268,-24.664280390797718,-22.367932147041,-22.814828242929583,-24.57108211001759,-25.03023785012104,-25.511487832265686,-26.495525224845792,-27.417830085616444,1,0.39061786521897446,0.5553548190470998,0.11078209249530246,0.2085198256644496,0.44689609588858303,0.4591557401034514,0.48124998214464654,0.9223048607706517,2.0397646597125245
133733.44+302452.0,-22.69308767927,-22.78169810684372,-23.13232142674124,-23.18639684709335,-23.37085296265733,-23.025457081046635,-23.18452081296001,-23.64215464548251,-23.959987103253308,-24.53721129130965,-25.21423457544614,-25.92839247657109,1,0.08861042757371962,0.3506233198975188,0.05407542035210966,0.18445611556398234,0.15906373191337408,0.31783245777079827,0.5772241880563413,0.714157901124949,2.027837728352793
133942.71+182955.2,-22.010577003284745,-22.48102884208658,-22.994130021905967,-23.08265846117737,-23.241339415226424,-22.03670721858144,-21.92890778741072,-23.251838137473296,-23.964663050561494,-24.33184058235152,-24.96236586042935,-25.815999819923167,1,0.4704518388018357,0.5131011798193867,0.08852843927140341,0.15868095404905347,-0.10779943117072222,0.7128249130881983,0.367177531790027,0.8536339594938163,1.8797073992519806
134026.96+240507.7,-24.15299200462073,-24.084211780970858,-24.395655398691115,-24.64630177420549,-24.654537917600432,-23.588335623144307,-23.577336294156417,-24.460095235016187,-25.1125185239485,-25.41318899472467,-26.34887942239628,-27.21244783200001,1,-0.06878022364987402,0.31144361772025775,0.25064637551437485,0.008236143394942275,-0.010999328987889356,0.6524232889323116,0.30067047077617204,0.8635684096037295,1.7025776481907897
134032.01+052158.5,-22.32195193921237,-22.331488982311026,-22.500418107344107,-22.562589689269416,-22.76551943662585,-22.46345309620253,-22.72290804307972,-23.056954903647984,-23.53044375912481,-23.981980463846007,-24.878022814313024,-25.36390271862371,1,0.009537043098656994,0.1689291250330811,0.06217158192530903,0.20292974735643554,0.25945494687718806,0.47348885547682684,0.451536704721196,0.4858799043106856,2.315433125043608
134044.52-004516.6,-23.083842818227875,-23.23119041887993,-23.45806751008028,-23.49066265057868,-23.828543190036097,-23.244078818638712,-23.230722493646976,-24.032084266448056,-24.252804047266217,-24.871595481090548,-25.183585595986923,-25.957361197316214,1,0.1473476006520542,0.22687709120035038,0.032595140498401065,0.3378805394574158,-0.013356324991736557,0.22071978081816113,0.618791433824331,0.7737756013292909,1.6929229454082417
134114.52+355339.6,-22.06959850822151,-22.098497135555025,-22.39922403318663,-22.4982828951862,-22.937354425896267,-21.230881055147265,-21.495637862115064,-23.538488599369984,-23.84554592388384,-24.525809921109214,-24.758820904094502,-25.431428685494232,1,0.02889862733351478,0.30072689763160554,0.09905886199956981,0.4390715307100663,0.26475680696779946,0.30705732451385614,0.6802639972253743,0.67260778139973,2.260538008908302
134157.21+262912.8,-24.39037586157325,-24.3905300206422,-24.676442859547716,-24.837246617165885,-24.998772405369245,-23.521650339276952,-24.139420501078465,-24.854361095906597,-25.27147039490221,-25.588451911750184,-26.507475742354952,-27.33612705477684,1,0.0001541590689484451,0.2859128389055172,0.16080375761816867,0.1615257882033596,0.6177701618015128,0.4171092989956122,0.3169815168479744,0.8286513124218864,1.670229125189067
134207.38+041703.9,-23.657590770389746,-23.8944713625691,-24.207967395070792,-24.326058340336264,-24.534657389050068,-22.6302986534716,-23.09578569601892,-24.51364004158435,-24.938190992518845,-25.35637945693256,-25.9950115391254,-26.67699250775301,1,0.23688059217935376,0.31349603250169267,0.1180909452654717,0.20859904871380408,0.4654870425473199,0.4245509509344956,0.41818846441371704,0.6819809686276095,1.6689531987891364
134208.19+343906.3,-23.41606826497019,-23.506080586521424,-23.67525034021256,-23.68973794214755,-23.859370840267744,-23.115184334881665,-23.122735635160836,-23.85625661826265,-24.13912795080807,-24.8337086065524,-25.078035516779853,-25.93276033004353,1,0.09001232155123517,0.1691697536911363,0.014487601934987993,0.1696328981201951,0.007551300279171613,0.2828713325454224,0.6945806557443284,0.854724813263676,1.388297574632304
134223.83+575747.6,-22.27260224918813,-22.65309877310189,-23.0620951181167,-23.100595099366004,-23.431072383821125,-21.19279270474621,-21.646201959993427,-23.16163618180099,-23.89493358866552,-24.283058097492333,-25.103263549447856,-25.828472302079952,1,0.38049652391375943,0.4089963450148133,0.038499981249302095,0.3304772844551209,0.453409255247216,0.7332974068645299,0.38812450882681304,0.7252087526320956,2.0026684500818526
134246.58+613435.4,-23.16873873518464,-23.26486882554056,-23.682820597871835,-23.73739782442259,-23.90859588316632,-23.11736976790522,-22.97858941242653,-23.763670525419165,-24.214330193413847,-24.953095774085444,-25.825084285685804,-26.80392367874546,1,0.09613009035592057,0.4179517723312749,0.05457722655075514,0.17119805874373029,-0.1387803554786906,0.4506596679946817,0.7387655806715969,0.9788393930596548,2.087686461263214
134246.89+184443.6,-23.31729949716305,-23.55362645718028,-23.89383432782543,-23.887205788682984,-24.240992172259112,-23.50703381011371,-23.347847804799574,-23.963555945835857,-24.43496540180167,-24.992052163622887,-26.05187809782137,-26.747359420572355,1,0.2363269600172302,0.3402078706451519,-0.0066285391424472095,0.35378638357612857,-0.15918600531413674,0.4714094559658122,0.5570867618212176,0.695481322750986,2.1646723091383855
134251.60-005345.3,-23.352614377961025,-23.35316002297794,-23.5287811193811,-23.56123591273733,-23.714485680628734,-23.188307058666364,-23.27518601680467,-24.245841707656723,-24.86206252738131,-25.66342655455944,-26.43844147221968,-27.113520880023824,1,0.0005456450169134541,0.17562109640316237,0.03245479335623003,0.15324976789140266,0.08687895813830693,0.6162208197245853,0.8013640271781313,0.6750794078041444,2.8772055594823485
134445.10+075729.9,-23.654004253431253,-23.78693598290198,-24.10236613038226,-24.24746312336529,-24.303962395600625,-23.286161691562253,-23.74360257750924,-25.07556777361283,-24.99085876967977,-25.31529803092963,-26.1460387805158,-27.045889030871606,1,0.13293172947072662,0.3154301474802814,0.14509699298302792,0.05649927223533524,0.45744088594698695,-0.08470900393305669,0.3244392612498572,0.8998502503558079,1.8985756571505092
134623.60+234618.3,-22.476621300776824,-22.68663579496668,-23.110779606940564,-23.17221727068808,-23.363328894705862,-22.36869475186278,-22.81033954224231,-23.59777872695985,-24.25428175136732,-24.87892029304475,-25.248212831268997,-25.965472101080078,1,0.2100144941898563,0.4241438119738845,0.06143766374751536,0.1911116240177826,0.44164479037953086,0.6565030244074705,0.6246385416774309,0.7172592698110805,2.0759955605809175
134745.58+031050.6,-24.386768539593447,-24.455124565072808,-24.802504335676275,-24.97096269712437,-25.11249710177153,-24.180610045445203,-24.550183224163717,-25.110590974402324,-25.33743777012136,-25.40877939802473,-26.6315923199768,-27.48915412132496,1,0.06835602547936048,0.34737977060346736,0.16845836144809567,0.14153440464716027,0.3695731787185146,0.22684679571903388,0.07134162790337228,0.8575618013481616,1.6606296228524293
134749.85+582109.4,-24.681950800581586,-24.90250800857054,-25.23062864070376,-25.174431023802697,-25.335607212144044,-24.790201000592447,-24.798296920218828,-25.356176243797236,-25.674596443823283,-26.115002291230887,-26.83169704109139,-27.704504490860707,1,0.2205572079889535,0.3281206321332206,-0.05619761690106273,0.16117618834134717,0.008095919626381232,0.318420200026047,0.4404058474076038,0.872807449769315,1.6572660172886948
134918.76+223731.9,-22.78417796240572,-22.921364786115216,-23.113274313656326,-23.22428806754551,-23.427128727899657,-21.77284885369634,-22.08957687650858,-23.35409690082937,-23.77887632459413,-24.493590774857157,-24.551789745895043,-25.251742934150364,1,0.1371868237094951,0.19190952754111024,0.111013753889182,0.20284066035414838,0.3167280228122422,0.4247794237647611,0.7147144502630276,0.6999531882553214,1.3275016783495346
135001.92+275506.1,-24.33426734376121,-24.51109898714946,-24.849034222902358,-24.869678714905596,-24.938041243347943,-24.701289964363244,-24.46723361430444,-25.068701453586883,-25.30250484578553,-25.633959968646057,-26.10350809858905,-26.81851134922436,1,0.17683164338825108,0.33793523575289797,0.020644492003238923,0.06836252844234636,-0.23405635005880399,0.23380339219864865,0.33145512286052536,0.7150032506353092,1.233829383683453
135015.35+362654.1,-22.9710633403425,-23.292523441061853,-23.701447099911142,-23.755068027040476,-23.926470907612,-22.655334997136585,-22.89011561686959,-23.892859351869024,-24.26451389626065,-24.70540519789973,-25.501180881923272,-26.349533895200384,1,0.32146010071935294,0.4089236588492895,0.05362092712933375,0.17140288057152375,0.23478061973300512,0.3716545443916246,0.4408913016390805,0.8483530132771122,1.7461128548827958
135045.65+233145.1,-23.180194610353222,-23.39335441753016,-23.54873025354233,-23.61887729037909,-23.9423403985506,-22.515893135545813,-22.85621213813429,-24.09058458886936,-24.618960847054712,-25.03465747024773,-25.7987401856858,-26.56026407814526,1,0.21315980717693606,0.15537583601217264,0.07014703683675805,0.32346310817150936,0.34031900258847614,0.5283762581853537,0.4156966231930177,0.7615238924594578,2.1798628953067123
135205.17+185335.4,-24.18806963711318,-24.222894880053687,-24.49724429720542,-24.54279075922747,-24.63110552307766,-22.02350169640266,-23.37005768549308,-24.62149291006396,-25.270767670083117,-25.52464213866628,-25.584691770914883,-26.220591401272262,1,0.034825242940506485,0.27434941715173267,0.04554646202204893,0.08831476385019243,1.3465559890904188,0.6492747600191571,0.2538744685831631,0.635899630357379,1.0419010116874148
135326.12+362049.4,-24.300038258554125,-24.475237325538323,-24.534142422182896,-24.57800355456466,-24.74383919733944,-23.413642018915976,-23.72759997441206,-24.7274432844968,-25.01969920024373,-25.642678773446423,-26.476947825958423,-27.12772928868776,1,0.17519906698419874,0.05890509664457255,0.04386113238176392,0.16583564277478047,0.3139579554960825,0.292255915746928,0.622979573202695,0.6507814627293378,1.8989442713937628
135335.92+263147.5,-23.439238248662598,-23.578996522775817,-23.71444751051624,-23.81592670497277,-24.131837879878145,-23.10163928633349,-23.272186029697377,-23.85678699360279,-24.226982588000823,-24.733709978724143,-25.0713919508079,-25.826745276447163,1,0.13975827411321973,0.1354509877404233,0.10147919445653031,0.31591117490537357,0.17054674336388587,0.37019559439803373,0.5067273907233201,0.7553533256392626,1.2554652458351292
135459.64+405218.2,-23.020581435267804,-23.15869454572469,-23.493679222834228,-23.50856150780565,-23.666863017533537,-23.040893048945517,-23.05202805593562,-23.80194810149077,-24.308780899854533,-24.86605524623114,-25.06668412798242,-25.95637910537871,1,0.13811311045688512,0.3349846771095386,0.014882284971420745,0.15830150972788815,0.01113500699010217,0.5068327983637637,0.5572743463766088,0.8896949773962888,1.5581226201767713
135520.97+385058.2,-24.15628677116161,-24.296637302341612,-24.61898942879791,-24.595489172904067,-24.73240220709013,-22.870053376600254,-23.938539212011506,-24.52188924088633,-24.936911647132785,-25.254052054041896,-25.93282828137468,-26.610216336962846,1,0.14035053118000107,0.3223521264562983,-0.023500255893843303,0.13691303418606182,1.068485835411252,0.4150224062464538,0.31714040690911105,0.6773880555881675,1.337339108470612
135534.82+395910.1,-23.1818904843468,-23.394232771607864,-23.615028923806012,-23.659117949656903,-23.8388824776116,-22.697525014125755,-23.068819956962155,-23.95548454028693,-24.305893115140925,-24.732915860468804,-25.275183566146588,-26.12874893500345,1,0.21234228726106608,0.2207961521981474,0.044089025850890806,0.1797645279546991,0.37129494283639985,0.3504085748539971,0.42702274532787854,0.853565368856863,1.616065616489685
135559.35+334658.3,-23.32383720154481,-23.54938717853486,-23.82097009529817,-23.840750716973687,-24.009092726332927,-23.07845735693604,-23.48567207743532,-24.778950151850317,-25.13798225549611,-24.99522571785038,-25.74009983947845,-26.46131753442892,1,0.22554997699005241,0.2715829167633075,0.019780621675518972,0.1683420093592396,0.4072147204992831,0.3590321036457915,-0.14275653764572738,0.7212176949504716,1.8993491225047627
135607.37+413615.3,-24.48753590548114,-24.79332534430264,-25.116694099169163,-25.1948888502902,-25.300180234204795,-24.322186106806576,-24.47770790908839,-25.769112102888872,-25.81055817930376,-25.963555960601823,-26.429985425137527,-27.21980993616992,1,0.30578943882150256,0.3233687548665216,0.07819475112103902,0.1052913839145937,0.15552180228181456,0.04144607641488918,0.15299778129806185,0.7898245110323927,1.2350965748473257
135632.79+210352.3,-23.487113282132256,-23.571085915902053,-23.722471203213733,-23.820633997529583,-24.03531782800817,-23.20902679245666,-23.23193031726425,-23.70375695582317,-24.323902986502095,-24.770306996331172,-25.580160859947288,-26.23512815279324,1,0.0839726337697968,0.15138528731167966,0.09816279431585073,0.21468383047858808,0.02290352480759239,0.6201460306789244,0.44640400982907735,0.6549672928459529,1.7595268624177045
135700.96+083709.8,-22.9440088229327,-23.157050909546687,-23.47528252699974,-23.519739323063067,-23.807285340551623,-23.03616763563537,-22.91726702646549,-22.813814706026147,-24.048994427787598,-24.705422214607285,-24.898133323936836,-25.63316775572625,1,0.21304208661398505,0.31823161745305484,0.044456796063325754,0.28754601748855535,-0.11890060916988077,1.235179721761451,0.6564277868196875,0.7350344317894155,1.3783940008737687
135733.90+203146.6,-22.07978379194597,-22.23651411001259,-22.63710657045157,-22.822979104903,-23.030594522275543,-21.4454596534361,-21.89706204453796,-23.478868410050936,-23.504618050783133,-24.42981847030116,-25.169833627719445,-25.81773304592892,1,0.15673031806661797,0.40059246043898256,0.18587253445142693,0.2076154173725442,0.4516023911018614,0.02574964073219732,0.9252004195180277,0.6478994182094766,2.3468545228164466
135800.40+404358.1,-22.436040956603534,-22.704560010736078,-23.0019472866588,-23.15442544426357,-23.375146867244947,-22.411351142222927,-22.461522806296276,-23.323452862542208,-23.960637333903183,-24.47678088129695,-24.947067286870105,-25.78157970114672,1,0.2685190541325433,0.2973872759227234,0.15247815760476868,0.2207214229813772,0.05017166407334983,0.6371844713609747,0.5161435473937672,0.8345124142766132,1.7926418426065354
135803.86+340254.1,-23.02879808000908,-23.29410005623468,-23.6406120516158,-23.70075110535269,-23.834009577054093,-23.44570577553089,-22.95726041000974,-23.914389654755983,-24.332287169340205,-24.987838787480765,-25.688398285150203,-26.64042205156625,1,0.2653019762256008,0.3465119953811211,0.06013905373688999,0.13325847170140293,-0.48844536552114803,0.4178975145842223,0.6555516181405601,0.9520237664160476,1.9876471797975128
135954.85+225223.6,-22.39301067205626,-22.49246080995252,-22.8035590298674,-22.989335387895267,-23.179458122596305,-21.153035948855912,-21.37477719538644,-23.23159738294581,-23.8315739480696,-24.597216817037975,-25.068091995946265,-25.699617705962307,1,0.0994501378962589,0.3110982199148822,0.18577635802786574,0.19012273470103835,0.2217412465305273,0.5999765651237894,0.7656428689683743,0.6315257100160423,2.0787566080509983
135955.65+504539.5,-22.544783448213863,-22.77341492835557,-23.171233441925832,-23.189438223594383,-23.333724645045923,-22.245656660991816,-22.33379581240385,-23.53052623095365,-24.04256758093504,-24.475918216847514,-25.134350176609946,-25.835618114667685,1,0.22863148014170775,0.397818513570261,0.018204781668551107,0.14428642145153958,0.0881391514120331,0.5120413499813878,0.43335063591247547,0.7012679380577396,1.9449119530155627
140031.96+040457.6,-24.399283209211188,-24.57768264267339,-24.949346750843148,-24.973958464800976,-25.2067400739635,-24.8467514344091,-24.742581373315844,-25.220069908743877,-25.54947302098692,-26.25275085207289,-27.10058891610428,-27.982730739270863,1,0.17839943346220366,0.3716641081697567,0.02461171395782813,0.23278160916252233,-0.10417006109325655,0.32940311224304253,0.7032778310859698,0.8821418231665845,2.1266304513033027
140035.91+553534.4,-25.198707939633707,-25.32683560289248,-25.72726676326267,-25.9041187890314,-26.032065675482134,-24.24684135541474,-24.895379273033605,-26.126269567804744,-26.240403438951297,-26.67738906663045,-27.362267678189745,-28.27450071412836,1,0.12812766325877334,0.40043116037018933,0.17685202576873138,0.12794688645073293,0.6485379176188637,0.11413387114655293,0.43698562767915305,0.9122330359386162,1.4581488891583447
140119.10-031547.2,-24.15821261549737,-24.35255226879288,-24.718808744039496,-24.89433729164777,-25.023104195370014,-23.070763039359672,-23.575891048761545,-25.1235888464107,-25.36800301919079,-25.864819602393048,-26.237776051705616,-27.107341597486016,1,0.19433965329551128,0.3662564752466153,0.1755285476082733,0.1287669037222443,0.5051280094018722,0.2444141727800897,0.4968165832022571,0.8695655457804001,1.3434387600578468
140147.38+155056.6,-24.13667951001622,-24.16279117535261,-24.4410857788936,-24.63784814439745,-24.647648353141523,-24.347119083588947,-24.00120317668596,-24.649745370348302,-24.95607548842796,-25.37642903330271,-25.882041971752848,-26.83027257866282,1,0.026111665336390644,0.2782946035409921,0.1967623655038473,0.009800208744074723,-0.345915906902988,0.30633011807965715,0.4203535448747502,0.9482306069099735,1.2441938273553994
140230.53+074102.5,-24.00299395495742,-24.17779303549831,-24.573936082544027,-24.722648451338145,-24.84257006452122,-23.98599617707405,-23.95703037300032,-24.89113789509433,-24.959610066350844,-25.767648787922838,-26.57870360633805,-27.49187156493068,1,0.17479908054088966,0.39614304704571524,0.14871236879411853,0.11992161318307382,-0.028965804073731505,0.06847217125651284,0.8080387215719931,0.9131679585926307,1.856055154999904
140232.55+020939.7,-24.555803013763597,-24.729800123562534,-24.967054342911197,-25.06149904099924,-25.385881290607077,-18.854428961231832,-17.69266031175904,-25.917690980946425,-26.05784432447646,-26.776114891780534,-26.39090611484556,-27.399939463216548,1,0.17399710979893612,0.23725421934866375,0.09444469808804357,0.32438224960783657,-1.1617686494727906,0.1401533435300344,0.7182705673040743,1.0090333483709877,1.329407073846319
140242.42+334313.1,-23.868337701734934,-24.024539853427346,-24.33215172513969,-24.413889033886587,-24.565841642363093,-23.31465131175657,-23.85150580625937,-24.810270519110624,-25.217305869523123,-25.40151220878611,-26.18000923572912,-27.024648925914885,1,0.15620215169241192,0.30761187171234283,0.08173730874689866,0.15195260847650616,0.5368544945028013,0.4070353504124995,0.18420633926298535,0.8446396901857653,1.7661202018425328
140302.30+332003.4,-23.73694280120025,-23.929005903107672,-24.21794913827316,-24.220070818967333,-24.48220210866568,-23.680840523496794,-23.56738736322465,-24.32220741378102,-24.72280397524558,-25.27333722301448,-25.935580311718308,-26.734450510257805,1,0.19206310190742215,0.2889432351654868,0.002121680694173733,0.2621312896983454,-0.1134531602721438,0.40059656146456035,0.5505332477689002,0.7988701985394968,1.715509492750975
140331.29+462804.8,-23.544000990925166,-23.722589366468995,-24.04421147496638,-24.122403663075183,-24.38698354198996,-22.93649434504664,-23.05977342395106,-24.16127598391239,-24.69425735654355,-25.38249715893121,-26.34672469366332,-27.18915276657544,1,0.17858837554382845,0.3216221084973867,0.07819218810880102,0.26457987891477686,0.12327907890442091,0.5329813726311592,0.6882398023876597,0.8424280729121207,2.2243210305881362
140356.14+080731.6,-24.093872042060276,-24.30531538751616,-24.555579128898117,-24.687251025333502,-24.860506229038688,-23.87914788523478,-23.834845400607595,-24.83153412546244,-25.27681749458648,-25.844323539739047,-26.626833392948228,-27.500431797120807,1,0.2114433454558835,0.25026374138195706,0.13167189643538535,0.17325520370518532,-0.04430248462718467,0.44528336912404143,0.567506045152566,0.8735984041725793,1.939582367614726
140407.17+213321.6,-23.177355204567032,-23.471089991609976,-23.812173534169627,-23.62320224844932,-23.924909662863044,-20.40448913817532,-22.157484351184568,-24.02434129835411,-24.42516003171301,-24.90089001770834,-25.55435968991043,-26.115637593286507,1,0.2937347870429434,0.3410835425596517,-0.18897128572030653,0.3017074144137233,1.752995213009246,0.40081873335889995,0.47572998599532923,0.5612779033760766,1.9311574414611101
140410.58+093745.2,-23.34271114704112,-23.500320911225334,-23.707586912986688,-23.83192266936433,-24.201449048499786,-23.43639761116446,-23.44097851079461,-24.569766881372743,-24.68978298661265,-25.2914560152109,-25.700971596564127,-26.46491743683192,1,0.15760976418421535,0.20726600176135435,0.12433575637764349,0.36952637913545416,0.004580899630152402,0.12001610523990536,0.6016730285982526,0.7639458402677946,1.8690489271997954
140448.69+162222.5,-23.113256668550576,-23.244687304349128,-23.673562924426317,-23.760793940415507,-23.987945364093004,-22.80440248769396,-22.867673272421587,-24.263229325509688,-24.58805473701865,-25.15682936932644,-25.760498109922203,-26.54860448007248,1,0.13143063579855152,0.42887562007718927,0.08723101598918959,0.22715142367749763,0.06327078472762793,0.3248254115089608,0.5687746323077931,0.7881063701502775,1.9997041695066962
140742.20+293321.9,-25.032795662482567,-25.238041122994822,-25.58446795148702,-25.605499823936327,-25.733856470634585,-24.785930106913906,-24.72309031811008,-25.63058564020475,-25.791161685947912,-25.94780550657321,-26.49826106314381,-27.30616155123792,1,0.20524546051225556,0.3464268284921985,0.021031872449306377,0.12835664669825775,-0.06283978880382435,0.16057604574316287,0.15664382062529825,0.8079004880941092,0.8927612392074842
140809.67+021852.8,-24.684506366631325,-24.86242255816618,-25.175536552573693,-25.311894354440604,-25.547561192248857,-23.456719471885314,-24.53786112275769,-25.990219212203307,-26.237101486669214,-27.13374392871424,-26.74874627330515,-27.6062369741602,1,0.17791619153485527,0.3131139944075123,0.13635780186691093,0.23566683780825315,1.0811416508723752,0.24688227446590716,0.8966424420450245,0.857490700855049,1.4368519188645479
140849.94+344816.0,-24.82029997811132,-24.92357236755936,-25.044982658017435,-25.000550249874102,-25.083152020719865,-24.569360235505496,-24.575423000172812,-24.84479464654736,-25.52539761986528,-26.25569546823153,-27.020656060219395,-27.88761490742733,1,0.10327238944804051,0.12141029045807628,-0.044432408143332935,0.0826017708457627,0.006062764667316145,0.6806029733179209,0.7302978483662486,0.8669588472079361,2.0201058103452922
140929.14-015717.6,-24.066741136777377,-24.221569536877247,-24.457906176716705,-24.502120018092644,-24.646425277575105,-23.527259585010317,-23.6258258202351,-24.50041314598845,-24.94320983311288,-25.41451112756521,-26.027470988462877,-26.81127981019219,1,0.15482840009986987,0.23633663983945752,0.044213841375938756,0.14430525948246142,0.09856623522478358,0.44279668712443154,0.4713012944523278,0.7838088217293127,1.5253509703702335
141009.07+474249.1,-24.36256769416413,-24.52933516708392,-24.86294651436803,-24.88593219097253,-24.97784559406535,-22.883130928342112,-23.95033017864647,-25.229548808404143,-25.37106289835453,-25.98484992388084,-26.62175400749973,-27.62998924553721,1,0.16676747291979055,0.33361134728410846,0.022985676604498906,0.09191340309282126,1.067199250304359,0.1415140899503875,0.6137870255263103,1.0082352380374786,1.7358218165272028
141038.39+230447.1,-24.89731731586969,-25.01057336078606,-25.18471661327358,-25.197246511504108,-25.24066725498805,-23.91304042311491,-24.486424390396024,-25.04940878957732,-25.33451232250782,-25.852011803307423,-26.26808269339673,-27.20387783597745,1,0.11325604491637264,0.17414325248751794,0.012529898230528858,0.043420743483942204,0.5733839672811136,0.28510353293049917,0.5174994807996036,0.9357951425807194,1.0708361818926235
141042.69+274155.2,-23.09411262580676,-23.281333723322643,-23.6319214410104,-23.727127835425776,-23.808981728746087,-23.292959087512745,-23.023704750800796,-23.741664686044675,-24.012115199500517,-24.58353204973397,-25.205821072625536,-26.09206436503495,1,0.18722109751588434,0.350587717687759,0.09520639441537426,0.08185389332031079,-0.2692543367119491,0.2704505134558417,0.5714168502334545,0.8862432924094144,1.47869323719976
141046.64+614645.8,-24.491884063957208,-24.518451887528165,-24.88026780810021,-25.10829680688157,-25.239134244721274,-23.64327848985221,-24.197493646064824,-25.389131014481457,-25.500387397741232,-25.95799363947935,-26.787947009354635,-27.71593636130714,1,0.026567823570957216,0.36181592057204526,0.22802899878135818,0.13083743783970547,0.5542151562126136,0.11125638325977505,0.4576062417381195,0.9279893519525046,1.6796502024730664
141156.20-023851.6,-23.85480320440905,-23.987182556462223,-24.295718189704427,-24.47637430377116,-24.58146373362159,-23.48773251061008,-23.49306243240125,-24.64170702235239,-25.002082782048767,-25.63116493588109,-26.526886624884263,-27.56021159280465,1,0.13237935205317442,0.30853563324220445,0.180656114066732,0.10508942985043035,0.005329921791169312,0.36037575969637814,0.6290821538323215,1.033324967920386,2.0505123211131036
141215.94+571104.0,-22.650040384652645,-22.86495312041033,-23.157625108944465,-23.247144014674166,-23.44773869044061,-22.86312356546785,-22.885071712755863,-23.54457772605868,-24.18971991378763,-24.29104280979256,-25.14724650622917,-25.82114644833777,1,0.21491273575768588,0.2926719885341349,0.089518905729701,0.20059467576644252,0.021948147288014752,0.6451421877289505,0.10132289600493039,0.6738999421086014,1.9001024915550033
141309.14+092011.2,-24.26234769219855,-24.385872136722583,-24.608466772473555,-24.55417874188097,-24.754621836374746,-24.190237353264028,-24.24395404304847,-24.41529762164225,-24.948331705207156,-25.63552820889702,-26.233144985885787,-27.13799010362471,1,0.12352444452403333,0.2225946357509727,-0.054288030592584136,0.2004430944937745,0.053716689784440774,0.5330340835649068,0.6871965036898651,0.9048451177389225,1.6789662440048154
141334.49+355142.8,-23.277214389802143,-23.38116074841609,-23.5487029436094,-23.639848039174705,-23.90635691988985,-21.868487347266974,-23.14406956643092,-23.506692828549657,-24.439343224338234,-24.917007344663684,-25.32576116291053,-26.00505140524592,1,0.10394635861394619,0.1675421951933096,0.09114509556530592,0.26650888071514345,1.2755822191639474,0.9326503957885777,0.4776641203254499,0.6792902423353873,1.6859131237358262
141456.84+603918.4,-23.7937202432063,-23.80492129102035,-24.10558555640967,-24.162161985845017,-24.164701615246127,-23.036038399459983,-23.39565335380809,-24.154936749394828,-24.46906631252017,-24.69660957276089,-25.482411296429017,-26.33491091860896,1,0.011201047814047627,0.30066426538932234,0.05657642943534569,0.002539629401109522,0.35961495434810686,0.31412956312534135,0.22754326024072213,0.8524996221799412,1.3202493105839999
141505.67+444807.8,-22.305439490725664,-22.59408491605404,-22.853852875687952,-22.938703219696738,-23.154795812246338,-21.950544101177183,-22.10638509601492,-23.181956008438178,-23.69882397734528,-24.25398815085534,-25.07445741607004,-25.7734585169725,1,0.2886454253283759,0.25976795963391197,0.08485034400878533,0.21609259254960023,0.15584099483773883,0.5168679689071034,0.5551641735100574,0.6990011009024606,2.135754196373302
141555.65+250114.6,-23.678044622552928,-23.9840896275606,-24.410135835760155,-24.499111176397328,-24.69415861937297,-23.71948754492641,-23.370485567365783,-24.67478170889693,-24.713890434113043,-25.414910632556477,-26.09424071152375,-26.94029158269205,1,0.30604500500767173,0.42604620819955485,0.08897534063717316,0.19504744297564258,-0.3490019775606257,0.03910872521611353,0.7010201984434339,0.8460508711683019,1.5951295351264214
141628.65+124213.5,-22.941982407709887,-23.034121761326112,-23.170421247157808,-23.23220734888537,-23.58281995139229,-22.5675640441351,-22.753698848324028,-23.443899567851364,-23.75752252627789,-24.21323348296252,-25.081962987247124,-25.824926940063904,1,0.0921393536162256,0.13629948583169593,0.061786101727562937,0.35061260250691717,0.18613480418892792,0.31362295842652443,0.45571095668463,0.7429639528167797,1.8497556383617528
141658.31+342852.4,-23.94815032699653,-24.043275966371496,-24.31785073469288,-24.355014057922094,-24.44406219941503,-23.262147875373408,-23.46266994519585,-24.588628452340657,-24.84822404495393,-25.554719448249568,-25.79718154317529,-26.501467770884823,1,0.09512563937496665,0.27457476832138283,0.03716332322921545,0.08904814149293472,0.20052206982244059,0.25959559261327314,0.7064954032956372,0.704286227709531,1.4421674852531972
141659.76+535806.6,-23.36199654682194,-23.59724832985083,-24.00152873167906,-24.09069482556911,-24.2625029470843,-20.788817820330667,-22.47828409165888,-24.674065635812727,-25.105533896811664,-25.4758707219823,-25.759762347143106,-26.68851483611679,1,0.23525178302889316,0.40428040182822755,0.08916609389005004,0.1718081215151912,1.6894662713282145,0.43146826099893687,0.3703368251706358,0.9287524889736858,1.6690675215739965
141803.73+170324.6,-24.070838536332342,-24.291699882472795,-24.46423605786742,-24.60817449623796,-24.79227502436122,-22.91210503381529,-23.7186171406186,-24.81433859794574,-25.29710957413529,-25.637299224535496,-26.440218744383365,-27.27121314386412,1,0.2208613461404525,0.17253617539462596,0.1439384383705402,0.18410052812325972,0.8065121068033108,0.48277097618955267,0.3401896504002053,0.8309943994807547,1.8320442481454045
141821.34+063746.4,-22.777447402828557,-22.99451256620714,-23.32799726577706,-23.383257170283496,-23.522376002856674,-22.17417473037353,-22.337441269261625,-23.22345573051702,-23.729873227623955,-24.04023725932364,-24.83940622213297,-25.501306836028583,1,0.21706516337858162,0.3334846995699223,0.055259904506435475,0.13911883257317825,0.16326653888809517,0.5064174971069342,0.3103640316996845,0.6619006138956145,1.4561490518494722
141834.80+135705.8,-24.335549003886342,-24.48398560955289,-24.789858977672548,-24.89376209248891,-25.12631370281913,-22.86915662951064,-23.965895151770987,-25.14821150660797,-25.46764374392841,-25.8004171079634,-26.83930845409023,-27.73366383591713,1,0.14843660566654648,0.30587336811965926,0.10390311481636161,0.2325516103302192,1.0967385222603454,0.3194322373204379,0.3327733640349919,0.8943553818269017,1.9455463616013198
141842.22+423343.3,-24.368834518896364,-24.44981345071592,-24.821843264164503,-24.7597528659864,-24.867966546284176,-24.365508526655614,-24.44579654305158,-24.32480479431243,-24.993564558073647,-25.70505730979703,-26.95274683301461,-27.775557916433957,1,0.08097893181955484,0.37202981344858443,-0.062090398178103356,0.10821368029777645,0.08028801639596495,0.6687597637612157,0.7114927517233838,0.8228110834193458,2.1929939670282117
141916.71+320302.9,-23.49185370924267,-23.67196395284832,-23.95777344023656,-24.034965169349285,-24.12623863657956,-23.816240575891385,-23.826106938803346,-24.18259827222084,-24.59871318142336,-24.93412790143283,-25.400136193468917,-26.20564259197418,1,0.1801102436056503,0.2858094873882422,0.0771917291127231,0.09127346723027685,0.009866362911960636,0.4161149092025198,0.3354147200094708,0.805506398505262,1.3651710241196326
141920.30+051109.2,-24.269469416478334,-24.5146204793434,-24.825691423666694,-24.80466753283985,-25.06993509157226,-23.606130352251068,-24.57759386125797,-25.52389755251897,-25.568401178589653,-25.568469417705177,-26.291611107689413,-27.05474716778354,1,0.24515106286506594,0.3110709443232942,-0.021023890826842973,0.2652675587324076,0.9714635090069024,0.044503626070682145,6.823911552444883e-05,0.7631360600941264,1.4869435748495619
141925.75+380249.1,-23.56980855668251,-23.66751227750377,-23.867264148048168,-23.90901413820044,-24.08891662418537,-23.460953911703804,-23.418259756537807,-24.256963291118527,-24.760004094602017,-25.17896004057536,-26.08851993262725,-26.92553522617354,1,0.09770372082126144,0.19975187054439658,0.04174999015227243,0.17990248598492897,-0.042694155165996506,0.5030408034834899,0.4189559459733445,0.8370152935462905,2.1795057944268095
141956.71+373912.8,-23.981534625883015,-24.11550026870524,-24.34681191770129,-24.37219922981874,-24.582281198845603,-23.78369403584126,-23.912030914056206,-24.697249524235477,-25.06694366103417,-25.38910917236484,-26.05418061256357,-26.924697912084053,1,0.13396564282222556,0.2313116489960514,0.0253873121174486,0.21008196902686294,0.12833687821494522,0.36969413679869234,0.3221655113306703,0.8705172995204826,1.68198138274483
142052.43+525622.4,-23.540531738638084,-23.655308124100245,-23.96410262246653,-24.030139771976557,-24.058668886567204,-23.52407231755243,-23.41188333136595,-24.647054920210422,-24.95950202183034,-25.092489184321188,-25.643548375852777,-26.494216886958103,1,0.11477638546216085,0.3087944983662858,0.06603714951002715,0.028529114590646998,-0.11218898618648154,0.3124471016199166,0.1329871624908492,0.8506685111053258,1.6134086038762199
142127.85+473011.7,-22.89352545961984,-23.14138462826055,-23.52831451056885,-23.60257862919914,-23.667003768664063,-22.15566103405345,-22.54370684225261,-23.816421949043587,-23.989469063338834,-24.67334941616675,-25.28436186107493,-26.007109947961183,1,0.24785916864070856,0.3869298823083014,0.07426411863028903,0.06442513946492312,0.3880458081991627,0.17304711429524744,0.6838803528279165,0.7227480868862521,1.6817832318757908
142214.32+154104.9,-24.504581054864857,-24.64566902372433,-24.949661957476312,-25.171642027673386,-25.215662519888397,-23.817030742969507,-24.1913131682352,-25.161046722421528,-25.37032824508108,-25.71631077404989,-26.564611772531887,-27.3945203400573,1,0.14108796885947328,0.30399293375198155,0.22198007019707333,0.044020492215011586,0.3742824252656938,0.2092815226595519,0.3459825289688112,0.8299085675254148,1.392969744858501
142315.58+235817.5,-23.275715080826757,-23.58004224007371,-23.805450838997857,-23.952028934946117,-24.291399690054902,-22.366192868626072,-22.792122641131648,-24.04182147500557,-24.43987277451462,-25.000022022192294,-25.728810776525137,-26.513982264866893,1,0.3043271592469523,0.22540859892414744,0.14657809594826077,0.339370755108785,0.42592977250557595,0.3980512995090493,0.5601492476776748,0.7851714883417564,1.7767818415790195
142325.33+205448.7,-23.85328284333947,-23.92124681516146,-24.25583864399348,-24.425511079567183,-24.50252418303162,-23.55900854321463,-23.8656175937554,-24.73264081535982,-24.929406683055188,-25.35537813789296,-26.043313795911256,-26.901375889498507,1,0.06796397182198888,0.3345918288320213,0.16967243557370182,0.0770131034644379,0.3066090505407679,0.19676586769536897,0.42597145483777155,0.8580620935872503,1.6178027163440731
142332.41+200648.2,-23.79047987391863,-23.82454141061625,-24.098177100685945,-24.195564643472764,-24.31201161327651,-22.989774516441283,-23.30049577920835,-24.34578777450444,-25.126823766386156,-25.620593314209252,-26.17631990007004,-27.063066054356653,1,0.034061536697617356,0.2736356900696961,0.09738754278681938,0.11644696980374647,0.3107212627670677,0.7810359918817156,0.4937695478230957,0.8867461542866124,1.980755256597277
142455.53+421407.6,-23.596355226622972,-23.774564195474067,-23.956497887147936,-24.00753427853228,-24.182255683660586,-23.041052536725932,-22.93284170733001,-24.336653037334216,-24.55778704710921,-25.163941158296485,-25.678765367664884,-26.420850717062205,1,0.17820896885109505,0.1819336916738692,0.05103639138434346,0.17472140512830592,-0.1082108293959223,0.22113400977499253,0.6061541111872764,0.7420853493973212,1.671231089132604
142557.63+334626.2,-22.658570284072287,-22.81397176067921,-23.12168871624037,-23.166824526176867,-23.305422495173605,-22.507607293456157,-22.626132683468946,-23.503724872559808,-23.8864485818676,-24.647552676149964,-25.011760738052875,-25.693089427665345,1,0.15540147660692227,0.30771695556116185,0.045135809936496685,0.13859796899673782,0.11852539001278828,0.3827237093077933,0.7611040942823628,0.6813286896124708,1.844936211876007
142656.15+483415.4,-24.3018729194748,-24.48251209986763,-24.763771264294984,-24.81450710705782,-24.91463687779947,-24.402223327357763,-24.242969332080087,-25.24383573430083,-25.423960588405784,-25.550438851616395,-26.03597765869925,-26.877872414874645,1,0.18063918039283067,0.2812591644273539,0.050735842762836825,0.10012977074164908,-0.1592539952776768,0.18012485410495316,0.12647826321061117,0.841894756175396,1.2214705516414277
142656.55+602903.2,-23.27647166718032,-23.608984895914173,-23.884814475527804,-23.9732733087268,-24.20696267458833,-22.937690975956528,-23.13228750660557,-24.28417668789293,-24.645615668799977,-25.396754689169377,-26.04853362515648,-26.93194480563041,1,0.3325132287338519,0.27582957961363164,0.08845883319899528,0.23368936586152955,0.1945965306490436,0.36143898090704596,0.7511390203694006,0.883411180473928,2.075260316429681
142658.57-002056.4,-24.63167860140805,-24.92378024878424,-25.109688120745638,-25.143613777877142,-25.29566646502615,-24.904946305809677,-24.98931931842663,-25.461772249923808,-25.805818227786784,-26.32997389275073,-27.395324898051676,-28.268253575177013,1,0.2921016473761888,0.18590787196139757,0.03392565713150475,0.1520526871490091,0.08437301261695396,0.34404597786297586,0.5241556649639456,0.8729286771253371,2.2517111201745337
142735.60+263214.5,-23.99855098265821,-24.091501965787828,-24.33462722145324,-24.383428439717644,-24.865937877743956,-23.258269501311023,-23.622745929798302,-24.867886406504653,-25.242132401846288,-25.680485652346423,-26.26935810498493,-27.08495818471756,1,0.09295098312961869,0.24312525566541154,0.048801218264404866,0.4825094380263124,0.36447642848727924,0.37424599534163505,0.4383532505001355,0.8156000797326293,1.8859296652672874
142758.73+324741.4,-22.738593940183925,-23.01750048755459,-23.249341121147623,-23.33311349590148,-23.63817121974344,-23.18265895559997,-23.164905697628377,-23.585091920991967,-24.15231491220065,-24.337414344221344,-25.26627431675057,-26.014171525644507,1,0.27890654737066356,0.23184063359303408,0.08377237475385613,0.30505772384196206,-0.01775325797159155,0.5672229912086841,0.18509943202069223,0.7478972088939351,1.9331608208490927
142840.40+285541.5,-23.86322242387338,-24.01466694778453,-24.224335178791115,-24.258701999721804,-24.368131871767403,-23.72316753325101,-23.61037429362033,-24.710418137897182,-24.94007794193452,-25.74570710775261,-26.263753837378108,-27.11100770341654,1,0.15144452391114882,0.20966823100658516,0.0343668209306891,0.10942987204559884,-0.11279323963068322,0.2296598040373361,0.8056291658180932,0.8472538660384323,2.0050518376563033
142859.03+322506.8,-23.67445535880456,-23.885842713550836,-24.223069425481167,-24.333140803437573,-24.497101722101505,-23.90484043638981,-23.411184025391293,-24.189798652710863,-24.41396198948347,-24.793597031300347,-26.042909229047275,-26.81601687982089,1,0.21138735474627524,0.33722671193033094,0.11007137795640531,0.16396091866393192,-0.4936564109985184,0.2241633367726088,0.3796350418168757,0.7731076507736141,1.7097684256097025
143040.97+045458.0,-24.028089251542475,-24.097866130624297,-24.413562409813224,-24.50276493279853,-24.58486664042108,-24.18393446727758,-23.977536935404537,-24.487341593137728,-24.9110264393114,-25.1752354170064,-26.17202938327129,-27.016471521746663,1,0.06977687908182162,0.31569627918892706,0.08920252298530684,0.08210170762254876,-0.20639753187304422,0.4236848461736713,0.2642089776950023,0.8444421384753724,1.6692644504727596
143123.67+202142.7,-23.885922905207124,-23.997299611459763,-24.284457015306533,-24.4090102237447,-24.530725750115383,-23.26583363051217,-23.417751983923505,-24.837703683452837,-25.182765215015664,-25.873636405279434,-26.49930456882065,-27.23021110736097,1,0.11137670625263851,0.2871574038467699,0.12455320843816864,0.12171552637068217,0.15191835341133597,0.34506153156282693,0.6908711902637705,0.7309065385403173,2.09029434507595
143125.88+244220.6,-23.55194386321988,-23.59845480547558,-23.785871147690944,-23.74116262138141,-23.936581702539485,-23.7633655174595,-23.691598084697617,-23.811133406973266,-24.175183442406404,-24.91322525957161,-25.48223893659932,-26.15606911313869,1,0.04651094225570063,0.1874163422153643,-0.04470852630953459,0.19541908115807516,-0.07176743276188446,0.36405003543313796,0.7380418171652074,0.6738301765393722,1.74107631521791
143141.90-011330.7,-23.731852565128328,-24.05903000586599,-24.280543365873783,-24.38003229585015,-24.52302244282376,-23.324687392378127,-23.68290724450972,-24.812192512823227,-24.99351247207587,-25.710293528220834,-26.69590278284944,-27.647148917133283,1,0.3271774407376604,0.2215133600077941,0.09948892997636705,0.14299014697360946,0.3582198521315938,0.18131995925264377,0.7167810561449635,0.9512461342838421,2.315870486999291
143304.84+283442.1,-22.71804960460038,-22.935754446191268,-23.17765994724466,-23.277511718830414,-23.522784974672657,-22.921617757075733,-22.765205808232952,-23.66775001934045,-24.3344528865079,-24.716006940646825,-25.490479378584475,-26.315943427525795,1,0.2177048415908871,0.2419055010533917,0.09985177158575453,0.24527325584224258,-0.15641194884278065,0.6667028671674515,0.38155405413892396,0.8254640489413205,2.21296765975406
143440.87+322652.7,-24.512206444089465,-24.602679306557416,-24.880332179755133,-24.985272053578512,-25.08555365443574,-23.44629155928246,-24.452964150171177,-25.250017889055677,-25.70951894588733,-25.879626425099787,-26.332016060548558,-27.0961646646149,1,0.09047286246795139,0.2776528731977166,0.10493987382337977,0.10028160085722604,1.0066725908887157,0.45950105683165177,0.17010747921245795,0.7641486040663423,1.3467440069700451
143447.99+155948.0,-24.10099587077141,-24.26130552286422,-24.61693903514084,-24.641717273472835,-24.824424582922635,-23.42611917636642,-23.93122982105968,-24.72655837784682,-24.991108754160145,-25.279181350303915,-26.23177127453152,-27.173062138042685,1,0.16030965209280978,0.3556335122766221,0.024778238331993663,0.18270730944979974,0.5051106446932607,0.26455037631332345,0.28807259614377045,0.9412908635111634,1.5900540010586859
143511.53+360437.2,-23.78500299701127,-23.98368732421525,-24.22493882477507,-24.2627217758466,-24.513927803869777,-23.263030164089507,-23.50013753673504,-24.370632264653704,-24.76201045565061,-25.183854468081552,-26.134824114520004,-26.876667055863567,1,0.19868432720398133,0.24125150055981948,0.037782951071530846,0.2512060280231765,0.23710737264553217,0.39137819099690674,0.4218440124309417,0.7418429413435632,1.872102338673404
143515.65+023221.6,-23.015196178606903,-23.28940423988123,-23.670961170206272,-23.64733756006913,-24.12539177457716,-22.3036468749401,-22.4345795109086,-24.09488157276435,-24.94736597940325,-25.92178794147737,-26.761691889493825,-27.4084578921838,1,0.27420806127432584,0.38155693032504345,-0.023623610137143203,0.4780542145080311,0.1309326359684988,0.8524844066389008,0.9744219620741177,0.6467660026899757,3.114354329424696
143517.70+634259.2,-23.144222714934106,-23.352768679692225,-23.7250217926114,-23.86337232396196,-23.9740937517851,-22.20012049895661,-22.670189211768875,-24.03627100712888,-24.55600683534493,-25.354707552326577,-25.72204708400348,-26.703615192665453,1,0.2085459647581196,0.37225311291917507,0.13835053135056086,0.11072142782314032,0.4700687128122638,0.5197358282160494,0.7987007169816458,0.9815681086619712,1.85867476004152
143537.28+415359.8,-23.16700603356125,-23.39134426182452,-23.68831270410798,-23.68209212532001,-23.879129518102697,-22.593502024907558,-22.82439504115372,-23.85898874547823,-24.46327028905834,-24.720291205428687,-25.250998234302468,-25.923044736845444,1,0.22433822826327088,0.29696844228345753,-0.006220578787967668,0.19703739278268628,0.23089301624616354,0.604281543580111,0.2570209163703474,0.672046502542976,1.568906108982457
143633.75+065655.0,-23.35516065163924,-23.35052474702734,-23.634434589831425,-23.667269067945057,-23.85432256236312,-22.778987114080955,-22.959240506805266,-24.023651217893587,-24.49289180964014,-25.089547086645094,-25.746703190327228,-26.54653087815389,1,-0.004635904611898667,0.2839098428040856,0.032834478113631604,0.18705349441806263,0.1802533927243104,0.4692405917465514,0.596655277004956,0.7998276878266637,2.079434122382171
143641.95+022940.5,-23.831104796381634,-23.96399136236188,-24.245534319770293,-24.273194556816357,-24.362191058187832,-23.340453334073537,-23.693382298631697,-24.946436921919695,-25.21033699229105,-25.42134002249937,-26.10615541625624,-26.93746484024064,1,0.13288656598024673,0.28154295740841206,0.027660237046063685,0.08899650137147574,0.3529289645581599,0.2639000703713563,0.21100303020831745,0.8313094239844006,1.8329608594398827
143726.14+504555.8,-24.05953030213308,-24.31889373950189,-24.697418441783267,-24.72936840416316,-24.95249237179624,-23.59613641829281,-23.987442652525857,-25.07311283151468,-25.2091705687342,-25.682103896427837,-25.90624490833275,-26.6793764774894,1,0.2593634373688083,0.37852470228137847,0.031949962379894004,0.22312396763307873,0.39130623423304556,0.1360577372195202,0.47293332769363516,0.77313156915665,1.176876504169588
143736.40+615509.8,-23.957510288102693,-24.107902589537623,-24.440006958987645,-24.489309187278756,-24.642487848099837,-23.88338538324996,-23.6753762631869,-24.633576137026765,-25.05441823329012,-25.671284336046128,-26.255303412207027,-27.207410594272957,1,0.15039230143493043,0.33210436945002186,0.049302228291111305,0.15317866082108011,-0.20800912006305694,0.4208420962633568,0.6168661027560063,0.9521071820659301,1.7659942249282707
143825.78+200929.8,-23.67182895004606,-23.806364008539717,-24.192646588842848,-24.47609773689016,-24.57069461611748,-23.861316709797723,-23.614865804662905,-24.798939872746548,-24.85931866799487,-25.23483634162467,-26.05592646608015,-26.886773548354604,1,0.13453505849365754,0.38628258030313134,0.28345114804731253,0.09459687922731774,-0.24645090513481804,0.06037879524832235,0.37551767362980115,0.8308470822744525,1.579828729189991
143833.49-011413.7,-23.428877888771567,-23.635538563056866,-23.92925126805112,-23.99499396625846,-24.14661671327814,-23.20901688232221,-23.159955598572694,-24.134095266076898,-24.61586186597816,-24.715332787816934,-25.212136621683676,-25.9563369186266,1,0.206660674285299,0.29371270499425606,0.06574269820733747,0.1516227470196796,-0.04906128374951635,0.48176659990126325,0.0994709218387726,0.7442002969429247,1.2171426554252172
143904.81+450805.6,-23.59081320592361,-23.798397272194997,-24.033463090192207,-24.09298103433216,-24.24293756817501,-23.620804415558457,-23.900335079221016,-24.437705227354847,-25.05975447574195,-25.38746127414375,-26.108938711309417,-26.91653013251825,1,0.20758406627138726,0.23506581799721005,0.059517944139951595,0.14995653384285035,0.27953066366255896,0.6220492483871034,0.32770679840179895,0.8075914212088335,2.0159576769772585
143912.15+370507.9,-24.371180816068925,-24.50251253561013,-24.7726879655094,-24.82298559739708,-24.993904127125177,-24.08366444961697,-24.501945790794192,-25.23514679575104,-25.36371487906088,-26.0051046146724,-26.562343527805112,-27.40486264745939,1,0.1313317195412047,0.2701754298992718,0.050297631887676886,0.17091852972809818,0.4182813411772237,0.12856808330984038,0.6413897356115221,0.842519119654277,1.7393579304080333
144021.92-015627.0,-24.028895223500488,-24.15353960347018,-24.5088400882509,-24.67160490620553,-24.71385195402378,-23.736930018512336,-23.82277684336873,-24.87701554216587,-24.99920347726113,-25.132539717035492,-26.183736085642675,-26.90544646768025,1,0.12464437996969124,0.3553004847807202,0.16276481795463127,0.042247047818250394,0.08584682485639306,0.12218793509525838,0.13333623977436204,0.7217103820375748,1.5121311794371444
144050.77+520446.0,-22.762322043579868,-23.028292468387875,-23.269408268587867,-23.29432625004709,-23.583701093309223,-22.3414820582854,-22.48123736357864,-23.52297231045555,-23.63196748289217,-24.488136847078906,-24.98405659040186,-25.6439455049724,1,0.2659704248080068,0.24111580019999224,0.02491798145922175,0.28937484326213436,0.13975530529323876,0.10899517243661805,0.8561693641867372,0.6598889145705407,1.689730340354771
144318.56+472556.7,-23.528008428974125,-23.556736134254457,-23.84826969305392,-24.02374818061003,-24.173203716321307,-23.82426358425679,-23.38710983192203,-24.482802364427453,-24.96029641693032,-25.55268678693254,-26.22531288807285,-27.03551106481249,1,0.02872770528033186,0.2915335587994612,0.17547848755611284,0.1494555357112759,-0.43715375233476195,0.47749405250286614,0.5923903700022208,0.8101981767396396,2.2015647074628184
144404.50+291412.2,-24.177105135106817,-24.27004290927148,-24.65670605725921,-24.69518432128192,-24.84127790630133,-23.88861866078705,-23.665033149849403,-24.48894923365294,-24.933539368633763,-25.201647913195337,-25.927761910030107,-26.853292057279283,1,0.09293777416466398,0.38666314798772916,0.03847826402271082,0.1460935850194076,-0.2235855109376459,0.44459013498082456,0.2681085445615743,0.9255301472491766,1.2325775887481853
144510.13+304957.0,-22.72715013568393,-22.723252782875026,-22.85380340519477,-23.06075447251764,-23.30465461686515,-21.82562377983156,-21.85043416021044,-22.988223018274898,-23.49491988070786,-24.11799290794326,-24.277961263287853,-24.964596317981563,1,-0.0038973528089059073,0.13055062231974546,0.20695106732286916,0.24390014434750995,0.024810380378880836,0.506696862432964,0.6230730272353995,0.6866350546937099,1.2172067907702129
144740.86+141642.3,-24.24342425165433,-24.396116884563178,-24.70937185207932,-24.782644590609745,-24.844108765066785,-23.04074171103064,-23.87899242099524,-25.103061901902795,-25.231307497195488,-25.53167809444338,-26.23651426336341,-27.11439337405081,1,0.15269263290884894,0.31325496751614423,0.07327273853042371,0.06146417445703989,0.8382507099645977,0.12824559529269308,0.30037059724789117,0.8778791106873989,1.4538696727536653
144749.07+380516.6,-23.904296018098474,-24.131314451590463,-24.474600737226805,-24.6015502254026,-24.721285963331265,-23.183017244136582,-23.60488566034479,-24.9587179966047,-25.257435280553597,-25.66884272476818,-25.97931702873108,-26.85072285391012,1,0.22701843349198825,0.3432862856363421,0.12694948817579643,0.11973573792866432,0.42186841620820914,0.2987172839488963,0.4114074442145821,0.8714058251790391,1.3777668033284804
144755.57+100040.0,-23.64430610201752,-23.817203408700387,-24.19099986063975,-24.363501721785045,-24.4983836046224,-23.84962934818313,-23.693242074631275,-24.722715539464414,-25.138513171962533,-26.007513916298823,-26.298858713155813,-27.2181257596354,1,0.17289730668286651,0.37379645193936284,0.17250186114529598,0.13488188283735525,-0.15638727355185367,0.4157976324981192,0.8690007443362902,0.919267046479586,1.9353569913707673
144911.80+550429.8,-22.56613656783791,-22.703252297678805,-22.96440308073347,-23.041750616201885,-23.23897611141377,-22.64184325270852,-22.668419443848983,-23.564060408290427,-23.89637461119226,-24.41133236933219,-25.022820298102875,-25.79478205633282,1,0.1371157298408967,0.26115078305466355,0.07734753546841588,0.19722549521188526,0.026576191140463834,0.3323142029018342,0.5149577581399285,0.7719617582299456,1.9810696819009905
145005.13+463521.3,-22.76055599855319,-22.88033604807884,-23.205606228702276,-23.10767494105072,-23.462891507373254,-22.17879126874268,-21.97813961788956,-23.48479521445004,-23.67803788768169,-23.99866203040033,-24.496647953965034,-25.14946713192772,1,0.11978004952564802,0.3252701806234377,-0.09793128765155501,0.3552165663225324,-0.20065165085311776,0.19324267323165145,0.32062414271863915,0.6528191779626873,1.3889730129143132
145139.80+474527.6,-24.45609904885476,-24.42038717257137,-24.70811173397889,-24.76829211841618,-24.784303753666634,-22.539376717229,-23.939633899526648,-24.690891728485063,-24.85109204841321,-25.135648862962025,-26.20752107184054,-27.02892396884941,1,-0.0357118762833899,0.28772456140751856,0.06018038443729168,0.016011635250453793,1.400257182297647,0.16020031992814765,0.28455681454881443,0.8214028970088698,1.439228953424358
145147.10+141606.7,-24.10239541270515,-24.33758850335863,-24.644906028915667,-24.650162505116285,-24.77292880037896,-23.648100687807805,-23.924544848133216,-24.789174263811937,-25.232471037712173,-25.420937865767524,-25.821770369927616,-26.591916025803755,1,0.23519309065348182,0.3073175255570355,0.0052564762006177546,0.12276629526267513,0.2764441603254113,0.4432967739002365,0.18846682805535053,0.7701456558761386,1.1716078648113317
145203.20+085549.8,-23.25153904788814,-23.44024945417087,-23.863496446142904,-23.89564688172388,-24.13733160448124,-22.59266685780337,-22.638922092647302,-24.147117988898213,-24.43063510667375,-24.83636126322411,-25.582855883789563,-26.38755702680192,1,0.1887104062827305,0.4232469919720323,0.03215043558097719,0.24168472275735908,0.046255234843933124,0.28351711777553845,0.40572615655035804,0.804701143012359,1.687209002065682
145224.67+452223.6,-24.04789413999305,-24.254986766073426,-24.44817435099274,-24.47099236406101,-24.744190573135352,-23.725270000595224,-24.0041310151999,-24.46369548544006,-24.703181260931284,-25.309175384483748,-25.75112548835788,-26.59370542274758,1,0.2070926260803745,0.19318758491931476,0.022818013068270915,0.2731982090743408,0.2788610146046757,0.23948577549122518,0.6059941235524633,0.8425799343897005,1.2801331242968672
145325.39+123704.3,-24.093816897222183,-24.315684770932886,-24.54615423644484,-24.550381590823584,-24.741502514266003,-23.572880205955396,-23.920507320278794,-24.702067581885142,-24.766012180081525,-25.39202970007373,-25.7239542199295,-26.56255803251455,1,0.22186787371070338,0.2304694655119519,0.004227354378745218,0.19112092344241915,0.347627114323398,0.06394459819638243,0.6260175199922067,0.838603812585049,1.1735726291059159
145406.41+382814.8,-24.252634045250318,-24.40249431731625,-24.685942426200214,-24.76740842148031,-24.910972228686106,-23.830130350222383,-23.834154754055486,-24.585725598793733,-25.22102331778861,-25.46372204417176,-26.49919399464724,-27.3566063650589,1,0.14986027206593278,0.2834481088839631,0.08146599528009801,0.1435638072057941,0.004024403833103207,0.6352977189948774,0.24269872638314993,0.8574123704116623,1.7317855731669276
145427.16+401814.0,-23.200262297733,-23.512541085558155,-23.859009430076213,-23.86903932851149,-24.053593263011297,-23.90589244168681,-23.739533447120493,-24.61540921118067,-24.789741145554835,-25.215622606376677,-25.576445013347413,-26.32968773180381,1,0.3122787878251536,0.3464683445180583,0.010029898435277573,0.18455393449980662,-0.1663589945663162,0.17433193437416605,0.42588146082184153,0.753242718456395,1.7074056848359227
145450.02+111434.4,-24.471609074945544,-24.62068487763467,-24.826660381003084,-24.807115315670927,-25.023555663482316,-24.339156499005725,-24.43312787314243,-24.998463035432746,-25.315714096438896,-25.95352880224012,-26.48408438935532,-27.44925828847226,1,0.14907580268912568,0.20597550336841408,-0.019545065332156497,0.216440347811389,0.09397137413670364,0.3172510610061501,0.6378147058012225,0.965173899116941,1.6769690736843934
145522.54+120718.3,-24.16750940263337,-24.39304649029181,-24.772484160084662,-24.85594011472051,-25.176114566126365,-18.455016370297567,-17.36425372375397,-24.903990850496204,-24.99266408811965,-25.63855135561633,-26.304658110107997,-27.166727978634917,1,0.22553708765843794,0.3794376697928534,0.08345595463584843,0.32017445140585465,-1.090762646543599,0.08867323762344625,0.6458872674966791,0.8620698685269197,1.4487179953874865
145542.91+424957.4,-24.06859564979485,-24.1674253726078,-24.46882231795321,-24.65141301405197,-24.69616647229886,-24.2465509618516,-24.09336328880781,-24.966103615219133,-25.230378731185247,-25.70664579092455,-26.369545704779927,-27.227935539313293,1,0.09882972281294755,0.30139694534541306,0.18259069609875667,0.04475345824689114,-0.15318767304378866,0.2642751159661145,0.4762670597393033,0.8583898345333658,1.718132690727959
145551.73+002703.3,-23.82475686085514,-24.072830913931487,-24.319361317170685,-24.30367110906356,-24.46142256621682,-23.227268423933943,-23.514546925518715,-24.47287810797848,-25.11605151223372,-25.48531567146055,-26.152655496802385,-27.026651828612955,1,0.24807405307634767,0.2465304032391984,-0.015690208107123738,0.15775145715326033,0.2872785015847725,0.6431734042552399,0.3692641592268302,0.8739963318105701,1.848984387738824
145627.21+312149.1,-23.660321110008358,-23.7969218203841,-24.06551014890365,-24.12493652621884,-24.320453519507137,-23.74894532442712,-23.66723941816421,-24.104578652140543,-24.32318492560788,-24.754678115790643,-25.497412237771243,-26.35045017357859,1,0.13660071037574184,0.2685883285195487,0.05942637731519085,0.1955169932882974,-0.08170590626290775,0.21860627346733708,0.43149319018276344,0.8530379358073468,1.3724757115524042
145713.29+605303.3,-23.80920907525327,-24.045857541165727,-24.293742347145606,-24.286612452703515,-24.432577184940733,-22.5615688309214,-23.18485039449148,-24.475858314501917,-25.00796644122656,-25.155393734907346,-25.69908758508445,-26.60776725602217,1,0.23664846591245592,0.24788480597987927,-0.007129894442091,0.14596473223721773,0.6232815635700817,0.5321081267246441,0.147427293680785,0.9086796709377225,1.4124751323809335
145718.23+315924.5,-22.71078153857312,-22.85773916946257,-23.20862918641654,-23.25211717686465,-23.53217337142999,-21.71193163929643,-22.20326507364417,-23.845019180603927,-23.920560128300743,-24.54697607540548,-25.23063615738221,-25.908269875863585,1,0.14695763088944958,0.35089001695397215,0.043487990448110025,0.2800561945653399,0.4913334343477409,0.07554094769681541,0.6264159471047392,0.6776337184813741,1.9785189805175598
145724.78+101021.1,-23.983712510656783,-24.13196905016691,-24.395749188549644,-24.49610762101772,-24.570792546409443,-23.17819877848753,-23.62519583816997,-24.50506989919672,-24.8188588855027,-25.587874712978085,-26.64988307237698,-27.55302343431036,1,0.1482565395101254,0.2637801383827352,0.1003584324680773,0.07468492539172189,0.4469970596824382,0.31378898630597973,0.7690158274753855,0.9031403619333815,2.153775451359259
145736.70+523454.6,-23.34722740375224,-23.483030918904543,-23.821545080494733,-23.97703578086045,-24.10798951143526,-21.92695284954772,-22.226063993631406,-24.046301673654817,-24.691675254687816,-24.960514391823043,-26.337676620402757,-27.23332463133428,1,0.13580351515230404,0.3385141615901901,0.15549070036571777,0.1309537305748094,0.29911114408368533,0.6453735810329988,0.26883913713522745,0.8956480109315237,2.360640839542306
145741.92+253951.9,-23.350619620899117,-23.59966135573218,-24.040256190918043,-24.261436039564927,-24.42848834776904,-21.950231225786247,-23.047499508986547,-24.660257105196365,-25.0730836382124,-25.56458160660761,-25.896448613569632,-26.84304526956291,1,0.2490417348330638,0.4405948351858626,0.22117984864688367,0.16705230820411288,1.0972682832003002,0.4128265330160339,0.49149796839521187,0.9465966559932788,1.6350125740047048
145748.07+414546.8,-23.93160973559252,-24.0633820803075,-24.344187113401087,-24.3338275463987,-24.563497450531088,-23.31175743847866,-23.32221501840433,-24.434519579780787,-24.8764491526506,-25.32891979766125,-25.65824339609425,-26.51491526116157,1,0.13177234471497812,0.2808050330935892,-0.010359567002385717,0.2296699041323862,0.010457579925667204,0.4419295728698138,0.45247064501064926,0.8566718650673195,1.3244158496955478
145818.78+151057.9,-23.78855157966795,-23.97792010825525,-24.242414039368867,-24.31823102179922,-24.594755164150097,-23.87721555546622,-23.833888934008176,-24.843395568102,-25.06110634215006,-25.24443519719396,-26.23392397886088,-26.989993406125485,1,0.1893685285873019,0.2644939311136163,0.07581698243035362,0.2765241423508762,-0.04332662145804278,0.2177107740480615,0.1833288550438965,0.756069427264606,1.9156929570616583
145848.62+525450.5,-24.85410528533693,-25.26534995563928,-25.6170515476713,-25.63992137846484,-25.73788589522742,-22.806061334855716,-24.21292168038155,-26.105968158784854,-26.497022868112904,-26.56969593748406,-26.326142988970837,-27.18553500077568,1,0.4112446703023487,0.35170159203201834,0.022869830793542434,0.09796451676258044,1.4068603455258355,0.3910547093280492,0.07267306937115592,0.859392011804843,0.6862216105059957
145945.32+614014.0,-24.097011618618318,-24.141907446465645,-24.443183520134067,-24.60080937454093,-24.662972384431512,-23.969899164344643,-23.950474046876,-24.907421746423086,-25.24099343589622,-25.31857276858733,-26.11720139498077,-27.07610859346071,1,0.04489582784732704,0.30127607366842213,0.15762585440686294,0.06216300989058254,-0.01942511746864284,0.333571689473132,0.07757933269111206,0.9589071984799382,1.5163920204398416
145949.59+531909.0,-23.339741665048205,-23.474742420300306,-23.62005000410633,-23.663799328667796,-23.94558377368229,-23.661502518548144,-23.57671471980244,-23.897681527240582,-24.30375081963755,-24.878453064706367,-25.23295610067797,-26.07418666567819,1,0.13500075525210065,0.14530758380602293,0.04374932456146752,0.2817844450144946,-0.08478779874570463,0.40606929239696754,0.5747022450688171,0.8412305650002203,1.5691567720101744
145958.43+333701.7,-24.804363800496105,-24.90147997981949,-25.22625758443483,-25.1467338436801,-25.296600948886425,-23.332965832996432,-23.920840817003324,-24.70964204022632,-25.320011060575464,-25.823166733583545,-26.78517091280995,-27.606861679940003,1,0.09711617932338612,0.32477760461533833,-0.07952374075473045,0.14986710520632585,0.5878749840068913,0.6103690203491432,0.5031556730080808,0.821690767130054,1.63843706912985
150030.67+551709.2,-23.198549849785277,-23.301359172034445,-23.51376723266316,-23.530312664332246,-23.871133424426915,-23.1579453229595,-23.088290091394526,-23.91913032665671,-24.20934800779432,-24.3990579674785,-25.42458305562885,-26.19650186717562,1,0.10280932224916839,0.21240806062871442,0.016545431669086952,0.3408207600946689,-0.06965523156497255,0.2902176811376087,0.18970995968418336,0.7719188115467688,1.8942703912966046
150155.25+563731.8,-22.36385452677477,-22.55806304882778,-22.858974294637825,-22.9101549303888,-23.231005288546925,-22.25628180243404,-21.77903164950481,-23.58858564740438,-24.074269956732785,-24.72246519118761,-24.91537892865581,-25.6501086204306,1,0.1942085220530103,0.30091124581004536,0.05118063575097409,0.32085035815812546,-0.4772501529292299,0.48568430932840556,0.6481952344548247,0.7347296917747919,2.0052239982670095
150242.38+395208.5,-23.293327228769552,-23.75608451409944,-23.930091338563443,-24.04799262837583,-24.333141391691385,-23.22192924547456,-23.107714894052364,-23.94095524371657,-24.453007112463137,-24.804109755674094,-25.614765291340035,-26.343203053779447,1,0.46275728532988936,0.1740068244640014,0.11790128981238723,0.2851487633155543,-0.11421435142219494,0.5120518687465676,0.3511026432109574,0.7284377624394125,1.5667726629642047
150257.98+502914.8,-24.41742939684238,-24.51382076350509,-24.828265611262143,-24.870347522832628,-24.94950076466003,-24.0023772410492,-23.946660853093867,-24.67318918649901,-25.246469378097792,-25.531590480388523,-26.21362303464615,-27.1698961290122,1,0.09639136666271142,0.31444484775705206,0.042081911570484465,0.07915324182740235,-0.05571638795533218,0.5732801915987835,0.28512110229073073,0.9562730943660505,1.3432755118135233
150330.72+274853.1,-23.74013362835437,-23.95250365643984,-24.33424643656925,-24.4452359078024,-24.597995653993397,-22.325297828008708,-23.60796612765734,-25.03440249427352,-25.19987880743076,-25.83201177273321,-26.093095544629104,-26.970835536417788,1,0.2123700280854699,0.3817427801294073,0.11098947123315028,0.1527597461909984,1.2826682996486305,0.16547631315723876,0.6321329653024499,0.8777399917886832,1.6478596368267056
150354.83+044639.5,-23.6163447996044,-23.736621591857347,-23.95904313336392,-23.88717313418638,-24.15723085658802,-23.12200263206994,-22.998387769482772,-24.00947443695849,-24.80149906357886,-25.21659578707153,-25.34347216067365,-26.133268453798635,1,0.12027679225294818,0.22242154150657356,-0.07186999917754022,0.2700577224016385,-0.1236148625871678,0.7920246266203677,0.41509672349267035,0.7897962931249864,1.4562990264872688
150401.76+445910.9,-24.30313576095619,-24.414710697225544,-24.77786185629271,-24.78547363550798,-24.916367286332434,-23.93714061177651,-23.705608707953715,-24.728814929488983,-24.96512457386888,-25.342668703595997,-26.24979451314591,-27.22862303509097,1,0.11157493626935278,0.363151159067165,0.007611779215270786,0.13089365082445426,-0.23153190382279476,0.23630964437989732,0.3775441297271165,0.9788285219450579,1.464320877637931
150423.22+303034.4,-23.6080473372832,-23.708459528031376,-23.995557814853584,-24.06357638452477,-24.13949618759368,-22.998343064480284,-23.22385950692168,-24.43705383060681,-24.69841398241752,-25.180491095838487,-25.033777040444686,-25.815143977294014,1,0.10041219074817676,0.28709828682220717,0.06801856967118525,0.07591980306890989,0.22551644244139624,0.2613601518107096,0.48207711342096715,0.7813669368493272,0.9702006559199177
150428.37+101856.5,-24.42044700844898,-24.495010639316085,-24.780539473337644,-24.868674106312763,-24.98496904233731,-23.941838820270178,-24.78572670167014,-25.079132646761195,-25.40166671883813,-25.773795351143782,-26.55042626229245,-27.32810425863603,1,0.07456363086710383,0.2855288340215587,0.08813463297511959,0.11629493602454488,0.8438878813999615,0.32253407207693385,0.3721286323056532,0.7776779963435807,1.6817521559796873
150437.67+541149.7,-22.6984170904067,-22.88334764175259,-23.123531178303672,-23.22337360267091,-23.48197369385493,-22.3635381707388,-22.408271623271155,-23.34966530819283,-23.82261205394151,-24.26965126789253,-24.881939495690457,-25.54611497227225,1,0.18493055134588943,0.2401835365510827,0.09984242436723889,0.25860009118401805,0.0447334525323555,0.4729467457486791,0.4470392139510224,0.6641754765817929,1.6585658930195457
150455.56+564920.3,-23.351454602323457,-23.375876632948987,-23.62008451017068,-23.66927372025743,-23.939450054316783,-22.75007855042285,-22.460668192772832,-23.885558093602548,-24.25024400327573,-24.878519374571347,-25.2402963606187,-25.97831749963298,1,0.024422030625530056,0.2442078772216938,0.04918921008674815,0.2701763340593537,-0.28941035765001644,0.36468590967318093,0.6282753712956186,0.738021139014279,1.5710226403612708
150524.42+280932.9,-23.41705941105052,-23.52149962828438,-23.68449960916013,-23.659482067306143,-23.851194508033856,-23.63588121203523,-23.260681313959093,-23.78130447851265,-24.278536738770352,-24.94141026861948,-25.383778221020847,-26.214758970175733,1,0.10444021723386143,0.16299998087574963,-0.025017541853987524,0.19171244072771287,-0.3751998980761364,0.49723226025770373,0.6628735298491293,0.830980749154886,1.724296153714704
150527.60+294718.3,-24.96466112322893,-25.01668566380564,-25.26474371003337,-25.22054605563917,-25.31417087078428,-24.520712543128376,-24.47101172386038,-25.08410949376365,-25.39397978952407,-26.088368506726635,-27.03488491719852,-28.074239624598093,1,0.05202454057670991,0.24805804622772953,-0.04419765439419976,0.09362481514511245,-0.049700819267997076,0.30987029576042247,0.694388717202564,1.0393547073995713,1.814338861559353
150711.11+235653.4,-23.954452260325056,-24.123786456645835,-24.28709143229225,-24.283396630782043,-24.523285845455952,-23.18453689768953,-23.019334320091144,-24.184797702486392,-24.33565462101944,-24.836233207257585,-25.551640111246986,-26.50907744164918,1,0.16933419632077928,0.16330497564641533,-0.0036948015102069576,0.23988921467390867,-0.16520257759838586,0.15085691853304795,0.5005785862381451,0.9574373304021933,1.2682434804649425
150739.49+110403.7,-22.786140825456084,-23.080531012563345,-23.436128708549905,-23.67240424540899,-24.02501736804045,-22.87884629028338,-23.1370075566969,-24.04957699657869,-24.25382315892308,-24.882474387637966,-25.68387505785581,-26.51292478744949,1,0.29439018710726117,0.3555976959865603,0.2362755368590861,0.3526131226314604,0.25816126641352,0.20424616234438986,0.6286512287148867,0.8290497295936774,2.01147081244682
150813.03+484710.7,-24.50459091199944,-24.709975750130276,-25.014046905257405,-25.10153006026975,-25.25091355111292,-22.676275071581472,-23.44677438431177,-24.92004896138953,-25.142170845446245,-25.38096255065072,-26.30170250141441,-27.135372982219625,1,0.2053848381308363,0.30407115512712934,0.08748315501234316,0.14938349084317082,0.7704993127302977,0.2221218840567154,0.238791705204477,0.833670480805214,1.2001724411446624
150842.19+332802.6,-24.19736855179591,-24.249252171955497,-24.47658207071592,-24.531646230193328,-24.704570567798587,-23.152840313474314,-24.031498025194484,-25.208839732541374,-26.079304822984284,-26.236235648060493,-26.131539423215123,-27.103133166943845,1,0.05188362015958603,0.22732989876042353,0.05506415947740706,0.17292433760525938,0.8786577117201695,0.8704650904429094,0.15693082507620915,0.9715937437287216,1.5998931930217957
150924.97+411312.0,-22.356154225248645,-22.548638740675766,-22.689014753383454,-22.7098675479694,-23.08195914815206,-21.953156016008904,-22.13737897733128,-23.203315998820106,-23.7595237062768,-23.655239628462283,-23.991192719627094,-24.691066399210392,1,0.19248451542712175,0.14037601270768718,0.020852794585945134,0.3720916001826602,0.18422296132237648,0.5562077074566929,-0.10428407781451554,0.6998736795832983,1.281325171657695
150928.29+070235.7,-22.25011141452919,-22.442900225514503,-22.634664546584265,-22.678362018927068,-23.094777090247845,-22.76379268351996,-22.84343599119429,-23.34419270666871,-23.83173905752292,-24.12011839372661,-24.79304360836864,-25.52604847420835,1,0.19278881098531286,0.19176432106976193,0.04369747234280297,0.4164150713207775,0.07964330767433125,0.4875463508542097,0.2883793362036897,0.7330048658397068,2.114681589441574
150949.73+415538.7,-23.977975754196414,-24.16785250215626,-24.486490564340755,-24.570373825378205,-24.69800067431433,-23.53021776154765,-23.824404220665432,-24.341929875671287,-24.66510859375053,-24.940674807107825,-25.687623773635647,-26.625931960080607,1,0.18987674795984688,0.318638062184494,0.08388326103744959,0.1276268489361243,0.29418645911778185,0.3231787180792445,0.27556621335729403,0.9383081864449601,1.1172499482574416
151108.36+423721.6,-23.463655728127016,-23.586026488007874,-23.81739127750777,-23.83386184429669,-24.075549020978112,-23.69654977462682,-23.67125918065495,-23.92394040919753,-24.45300659786917,-24.98560416366512,-25.75695082611905,-26.51719463046113,1,0.12237075988085877,0.2313647894998958,0.016470566788918006,0.24168717668142392,-0.025290593971870834,0.5290661886716386,0.5325975657959496,0.7602438043420818,1.9230889818223602
151140.32+402721.5,-23.946081158983105,-24.23262564994657,-24.4797816306542,-24.415197969830587,-24.67257512339747,-24.305549063250595,-24.14108169282349,-24.54149090752981,-24.42462820309548,-25.14377591521214,-25.81948000998521,-26.62744036364012,1,0.2865444909634647,0.24715598070763178,-0.06458366082361522,0.25737715356688184,-0.16446737042710424,-0.11686270443432889,0.7191477121166585,0.8079603536549094,1.404282040154623
151304.56+304204.2,-23.67181989037197,-23.75819376645441,-23.939772820854905,-23.98346568381192,-24.1972816177083,-23.607359982302334,-23.633980065490302,-24.36528313874472,-24.82509639167044,-25.222432712161368,-25.715105950041707,-26.336061382999876,1,0.0863738760824404,0.18157905440049404,0.04369286295701613,0.21381593389637743,0.026620083187967936,0.45981325292571995,0.39733632049092904,0.6209554329581692,1.7316402662297854
151306.60+142451.3,-22.95588896049449,-23.052121159099418,-23.24573955531767,-23.23651400258902,-23.44140530183411,-23.030622620093705,-23.04356868775891,-23.69514554816368,-24.385567774011538,-24.858590840017506,-25.517325323211097,-26.23513324320955,1,0.09623219860492682,0.19361839621825183,-0.00922555272865111,0.20489129924509086,0.012946067665204453,0.6904222258478576,0.4730230660059682,0.7178079199984531,2.280811320622078
151345.64+152246.3,-23.321252679371323,-23.48666815945067,-23.64770987311302,-23.70194993658769,-23.927086003132143,-23.30823442663045,-23.384372698361403,-23.622815173597186,-24.08795797211742,-24.40898981229501,-25.55143592024668,-26.37172911349712,1,0.16541548007934637,0.16104171366234965,0.05424006347466914,0.2251360665444544,0.07613827173095444,0.4651427985202332,0.3210318401775929,0.8202931932504427,1.8494859836589903
151441.63+593847.1,-23.5822701710822,-23.681598834830684,-23.896400986465515,-24.044295576522146,-24.06175206388734,-23.3709549656248,-23.36903148136649,-24.60970105580577,-24.793227123913237,-25.212403837800128,-25.92601257560293,-26.744705401050155,1,0.09932866374848359,0.21480215163483152,0.1478945900566302,0.017456487365194562,-0.0019234842583095713,0.18352606810746863,0.41917671388689115,0.8186928254472257,1.8817169990807834
151443.06+365050.4,-23.91209097881548,-24.04268598195457,-24.248855145763187,-24.308026499532662,-24.737548843604312,-23.987545250454936,-24.12809691227344,-24.655942750637124,-25.01326750587037,-25.59839919539887,-26.16436428247212,-26.99225291520248,1,0.13059500313908856,0.20616916380861738,0.05917135376947513,0.4295223440716498,0.14055166181850254,0.3573247552332468,0.5851316895284988,0.8278886327303603,1.856337782939459
151518.29+551535.3,-23.87906226761824,-24.02946137051028,-24.254063742228716,-24.325975326877774,-24.524308304601817,-23.38627017295615,-23.513793513536168,-24.00332862784252,-24.315921376885203,-24.51623729021925,-25.53402238651652,-26.3099508950217,1,0.15039910289203817,0.22460237171843644,0.07191158464905811,0.1983329777240428,0.12752334058001935,0.3125927490426825,0.2003159133340482,0.7759285085051815,1.2080470596387443
151535.25+480530.5,-23.77848974475899,-24.028053791055505,-24.340827323171503,-24.36268580855453,-24.587981199956594,-23.485897340097257,-23.765317523061498,-24.499816339066545,-24.97457039359058,-25.38047787565957,-26.245485090775137,-26.9557309442049,1,0.2495640462965163,0.31277353211599745,0.021858485383027926,0.22529539140206367,0.2794201829642411,0.4747540545240341,0.4059074820689901,0.7102458534297611,1.8827992822206063
151558.06+193744.3,-23.37040482959737,-23.517998738918926,-23.68356943648184,-23.72826306622952,-24.008168553306163,-23.48870531731323,-23.56444426316424,-24.07350438352216,-24.58992219200973,-24.78238512336487,-25.40332415411267,-26.227529104662462,1,0.14759390932155725,0.16557069756291298,0.04469362974768032,0.2799054870766433,0.07573894585101115,0.5164178084875708,0.19246293135514136,0.8242049505497917,1.675061087883151
151651.32+064105.5,-23.406895802186547,-23.608064463866864,-23.86030663936408,-23.955395726663557,-24.116713404985056,-22.898292625954223,-22.96467324122348,-24.02121810378877,-24.501370844445784,-24.997667204352428,-25.761515217165265,-26.657964863120743,1,0.20116866168031677,0.2522421754972157,0.09508908729947763,0.1613176783214989,0.06638061526925654,0.4801527406570152,0.4962963599066441,0.896449645955478,1.8061194905017075
151737.29+290506.0,-23.51969136283666,-23.62407066882795,-23.848158628989687,-23.87069565936876,-24.030931183976502,-24.010477987181076,-23.834515948039265,-23.798806729360948,-24.239338902192376,-24.71937564256835,-25.699956548501035,-26.540437314186075,1,0.10437930599129075,0.22408796016173582,0.022537030379073286,0.16023552460774226,-0.17596203914181174,0.4405321728314284,0.48003674037597577,0.8404807656850402,1.829260889132275
151857.79+022023.5,-24.037117890128503,-24.205789269377437,-24.48028153236481,-24.53776178927947,-24.58452799061273,-22.328603591063057,-22.777343133069017,-24.65182972384206,-24.93756802116892,-25.320396579555528,-26.259924050018107,-27.16313349123809,1,0.16867137924893427,0.2744922629873727,0.057480256914661965,0.04676620133325926,0.4487395420059599,0.28573829732686207,0.38282855838660623,0.9032094412199818,1.722162260738635
151911.66+253337.9,-22.615469145504147,-22.67305401939981,-22.836955648711434,-22.8665636899317,-23.206457281939976,-22.29814832170942,-22.31761469180117,-23.41176226744066,-24.082000136010187,-24.52801479048431,-24.77505835391659,-25.535565092153988,1,0.05758487389566369,0.16390162931162422,0.02960804122026417,0.33989359200827707,0.01946637009175234,0.6702378685695258,0.4460146544741228,0.760506738237396,1.908494663984893
151952.25+191450.0,-22.733754942229027,-22.8675251147616,-23.222664551880268,-23.25420022985543,-23.537381373471224,-22.49498907597528,-22.59032891041779,-23.73743354246838,-24.112940368138503,-24.619387005523127,-25.423063154762414,-26.06952419336961,1,0.13377017253257506,0.355139437118666,0.03153567797516388,0.28318114361579205,0.09533983444250893,0.37550682567012217,0.5064466373846237,0.6464610386071961,2.168862924906982
151953.98+110713.2,-22.68256405637683,-22.85543722035786,-23.059675235609973,-23.17502769854737,-23.554532056314127,-17.231021756091867,-16.651876515555585,-23.546953433968334,-24.101201953649497,-24.72166163657994,-25.07369739074387,-25.67367303014709,1,0.1728731639810306,0.2042380152521126,0.11535246293739831,0.3795043577667556,-0.5791452405362811,0.5542485196811633,0.620459682930445,0.599975639403219,1.8986696921964992
152028.18+421530.3,-24.180024432710688,-24.27481879365898,-24.443204462943225,-24.443325015526383,-24.533889287297235,-24.13734194248601,-24.004461469392577,-24.68973467033181,-25.073154744723407,-25.47683753044821,-26.057478586449523,-26.985014882481835,1,0.09479436094829197,0.1683856692842447,0.000120552583158684,0.09056427177085169,-0.13288047309343298,0.38342007439159786,0.4036827857248042,0.9275362960323115,1.6141535709231398
152151.22+370153.1,-23.88944328906274,-24.133613471777725,-24.327579580028868,-24.357402936753832,-24.48742888131244,-23.403667899392374,-23.39085513346277,-24.437130153540476,-24.99262091042812,-25.204203252661816,-26.436867251151384,-27.33806797164168,1,0.24417018271498492,0.1939661082511428,0.02982335672496461,0.13002594455860716,-0.012812765929602676,0.555490756887643,0.21158234223369732,0.9012007204902979,2.0794643143975513
152223.55+191431.9,-23.520220957665654,-23.73200354748173,-24.05997145305614,-24.152358350940823,-24.358865900182785,-23.738750545537737,-23.643547311871536,-24.54747868537165,-25.03312850862487,-25.69464343752821,-25.83462586108834,-26.706558398082112,1,0.21178258981607812,0.3279679055744076,0.09238689788468335,0.20650754924196235,-0.09520323366620076,0.4856498232532189,0.6615149289033404,0.8719325369937714,1.6822675101475184
152544.32+563411.8,-23.07525147998322,-23.311676869257838,-23.70338660263877,-23.739472842893186,-23.92075908816065,-23.45582075245108,-23.35024007875197,-24.1327571768299,-24.354778505295837,-24.989788853709204,-25.66888425718961,-26.59250280963608,1,0.23642538927461842,0.3917097333809316,0.036086240254416424,0.18128624526746506,-0.10558067369910873,0.22202132846593514,0.6350103484133669,0.9236185524464702,1.9294114142964247
152600.55+415910.7,-24.744918079035248,-25.03091639637976,-25.2816229922464,-25.33566375438363,-25.560258700227955,-23.10409102230125,-23.32007238738188,-26.09623301085901,-26.403610691860496,-26.89263244073353,-26.33510945759899,-27.22782035237976,1,0.28599831734451087,0.25070659586664235,0.0540407621372303,0.2245949458443235,0.21598136508062993,0.307377681001487,0.4890217488730322,0.8927108947807696,0.9994457032153576
152654.61+565512.3,-23.15599636180064,-23.44916531868077,-23.883071458652708,-23.99486936293035,-24.17389995524731,-22.65781926287767,-22.751162895077464,-24.02396011900279,-24.4360301619741,-24.98941037504088,-25.559724294360123,-26.48568902876902,1,0.29316895688013034,0.4339061399719384,0.11179790427764047,0.1790305923169626,0.0933436321997938,0.4120700429713082,0.5533802130667809,0.9259647344088968,1.5648549314297746
152840.60+282529.8,-24.604404380545137,-24.75402108897561,-24.904997572083285,-24.98745570646027,-25.277134766519232,-24.749316868761657,-24.73430027424762,-25.009181412717396,-25.409026850801144,-25.600573547898023,-26.406936316597488,-27.305987511750832,1,0.1496167084304716,0.15097648310767653,0.08245813437698502,0.2896790600589618,-0.015016594514037251,0.39984543808374795,0.19154669709687866,0.8990511951533442,1.4194806101372173
152922.06+525247.1,-23.93864999881221,-24.10536397538408,-24.306034525935296,-24.31049752872728,-24.47961292849944,-24.235516920079288,-23.967616951612094,-24.50397540618405,-24.97830862870891,-25.27767128998375,-26.05219776673666,-26.92463520851897,1,0.16671397657187015,0.20067055055121585,0.004463002791982973,0.16911539977215995,-0.2678999684671943,0.47433322252485866,0.29936266127484146,0.87243744178231,1.7417002380093827
152952.65+393209.9,-23.429234966573123,-23.57987657133672,-23.901978528291817,-23.95230099650365,-24.15528049512991,-23.699624605367227,-23.44464343428788,-23.816946866117597,-24.291782185513693,-24.583508893593205,-25.987943484050287,-26.89627205898901,1,0.1506416047635959,0.32210195695509825,0.050322468211831506,0.20297949862626297,-0.25498117107934704,0.4748353193960959,0.29172670807951206,0.9083285749387215,2.035642487546639
153000.14-012636.6,-24.24558744640044,-24.44114329594102,-24.80869486712358,-24.9690426327572,-25.19155476445621,-18.87127191696215,-20.125263247809368,-24.94483578063385,-25.605578174705258,-25.880480957212093,-26.828762441611733,-27.783360776909387,1,0.19555584954058247,0.36755157118255966,0.1603477656336203,0.22251213169900907,1.2539913308472173,0.6607423940714092,0.2749027825068353,0.9545983352976535,1.859719808854532
153102.48+435637.6,-23.68179897762808,-23.830450328473145,-24.303576488511187,-24.371946971763528,-24.53696502810663,-23.778110697706147,-23.584463751238097,-24.530085465965826,-24.820468615349533,-25.367072029481104,-26.056522623219813,-27.054599485447746,1,0.1486513508450642,0.4731261600380421,0.06837048325234107,0.16501805634310074,-0.19364694646804992,0.29038314938370746,0.546603414131571,0.9980768622279328,1.684575651456285
153105.76+045855.7,-23.83706213481485,-23.974443967494043,-24.312574328317297,-24.44876307457284,-24.503091995398428,-23.70960713964303,-23.5942765393186,-24.602899115094463,-24.980053433017364,-25.467916616307512,-26.266438948463204,-27.18034270515135,1,0.13738183267919268,0.33813036082325354,0.1361887462555451,0.05432892082558638,-0.11533060032443032,0.3771543179229013,0.48786318329014833,0.9139037566881463,1.8176758738903622
153108.14+175752.7,-22.773690708446573,-22.893917630896173,-23.090496914069558,-23.19413416571861,-23.435189737481643,-22.875203514541465,-22.619872861480676,-23.28530255220219,-23.809606864071306,-24.39562354977782,-24.80458776654173,-25.588284298374983,1,0.12022692244959998,0.19657928317338502,0.10363725164905091,0.2410555717630345,-0.2553306530607884,0.5243043118691162,0.5860166857065146,0.7836965318332538,1.6104536008231207
153112.98+091138.7,-24.41676810051272,-24.55020054451091,-24.960233398740428,-25.075239872036747,-25.30854928366998,-23.19652898626846,-24.74900891000564,-25.238774715225134,-25.62499716760201,-26.60256158648145,-27.06982588225732,-28.13917557008565,1,0.13343244399819199,0.41003285422951663,0.11500647329631875,0.2333094116332326,1.5524799237371774,0.38622245237687736,0.9775644188794388,1.069349687828332,1.9945860102205728
153127.24+565410.7,-23.324249810367743,-23.3890538969973,-23.736249138032324,-23.82489351395914,-24.009368956827892,-23.10267091666929,-22.955164845010025,-24.18532699779272,-24.633237743228868,-25.15657073938685,-25.555934856861008,-26.317711145618052,1,0.06480408662955739,0.3471952410350241,0.0886443759268154,0.18447544286875228,-0.1475060716592651,0.44791074543614684,0.5233329961579827,0.7617762887570443,1.731041342901868
153301.60+194351.9,-24.425598784501325,-24.599151064041283,-24.937120503912062,-25.02302709864591,-25.183281905151205,-24.40605593732465,-24.318192762987724,-25.099814550165146,-25.3550104340217,-25.703846683153145,-26.690441427383576,-27.60864650028709,1,0.17355227953995822,0.3379694398707791,0.08590659473384576,0.16025480650529644,-0.08786317433692403,0.2551958838565547,0.34883624913144473,0.9182050729035147,1.6674143287376673
153355.23+154610.0,-22.9154540142499,-22.99277143379096,-23.136274047513577,-23.152732632505337,-23.49973839930643,-22.985238000712872,-23.01853658949659,-24.08596331318869,-24.29384518836351,-24.51749778913713,-24.730708277051036,-25.58693045934806,1,0.07731741954106042,0.1435026137226174,0.016458584991760006,0.3470057668010931,0.03329858878371894,0.20788187517482015,0.22365260077362237,0.8562221822970244,1.577975644545699
153400.58+025615.9,-23.2754305563358,-23.47846543979148,-23.781709005712543,-23.82098213753442,-24.015011410204384,-22.5902054398401,-23.03979551501282,-24.08423445095549,-24.388358317555948,-25.17499609604836,-25.59545123894144,-26.447294896582424,1,0.20303488345568255,0.3032435659210613,0.03927313182187575,0.19402927266996528,0.44959007517271843,0.30412386660045954,0.7866377784924126,0.851843657640984,1.7744691014070213
153409.11+091634.3,-22.936137962001467,-23.117053244712583,-23.34281891565057,-23.427791721123224,-23.7164994447367,-23.45373109075265,-23.524544926840584,-24.02269288888171,-24.56446175436825,-25.1497114433852,-25.981380670586105,-26.69269665086525,1,0.18091528271111557,0.22576567093798872,0.08497280547265262,0.2887077236134772,0.07081383608793246,0.5417688654865387,0.5852496890169512,0.7113159802791458,2.553588949462881
153430.49+393623.3,-22.81530383955564,-22.969505280446896,-23.165656026989776,-23.21959622438621,-23.407411796970987,-22.122852675713563,-22.369375539998195,-23.247155046056783,-23.74703711439761,-24.33634042509871,-25.424321823701483,-26.030174962971955,1,0.15420144089125642,0.19615074654288023,0.05394019739643241,0.18781557258477832,0.246522864284632,0.4998820683408276,0.5893033107011014,0.6058531392704722,2.2047255993152746
153505.46+070746.8,-24.336332093392336,-24.44957023372729,-24.653840958348308,-24.694046573160083,-24.80834769565716,-22.97185747535745,-23.588313706296532,-24.71475223936142,-25.20970627588524,-25.422231133195904,-26.124336783890357,-27.14095151962221,1,0.11323814033495339,0.20427072462101847,0.04020561481177509,0.11430112249707847,0.6164562309390824,0.49495403652381853,0.21252485731066528,1.016614735731853,1.4302902107302735
153612.09+524154.5,-24.345943770568724,-24.42786387842471,-24.615431633859576,-24.5874797469517,-24.78604123522168,-24.70067743100388,-24.558611090452796,-24.73256273739917,-24.942633812687408,-25.3659682696868,-26.433117868059803,-27.35136181978028,1,0.08192010785598569,0.18756775543486626,-0.02795188690787498,0.19856148826998066,-0.14206634055108225,0.2100710752882371,0.42333445699939176,0.918243951720477,1.8456381211081023
153622.91+215202.1,-22.44268800501599,-22.74243796154403,-23.13276145305201,-23.1870945935504,-23.522338658309987,-21.72970939367029,-22.285236888093134,-23.91335139178477,-24.29411584630917,-25.01961803380711,-25.3576600133536,-26.175267215663663,1,0.29974995652803926,0.39032349150797785,0.054333140498389554,0.3352440647595891,0.5555274944228437,0.3807644545244031,0.7255021874979377,0.8176072023100645,2.1705654198032
153633.55+161530.8,-23.887745097721304,-24.06163288237443,-24.385116449295825,-24.417563909815748,-24.63590820168143,-23.20082353471248,-23.655983540558083,-24.358583441117297,-24.83034014571966,-24.969077814853744,-25.3947019824814,-26.21137739527447,1,0.17388778465312527,0.32348356692139646,0.03244746051992209,0.21834429186568372,0.45516000584560246,0.4717567046023632,0.13873766913408403,0.8166754127930709,0.9771380726656531
153636.86+020644.7,-23.16156074587151,-23.408139510234964,-23.714114720089643,-23.799555119593716,-24.060552004918577,-23.100508506657143,-23.34952380424357,-24.06010470559412,-24.46714271034829,-24.954980390152244,-25.726583779080297,-26.595523099970112,1,0.2465787643634556,0.3059752098546795,0.08544039950407267,0.260996885324861,0.24901529758642837,0.4070380047541704,0.48783767980395254,0.8689393208898153,1.9270286594865809
153644.90+141229.7,-23.40842082387532,-23.464898796063512,-23.576686187651383,-23.560586889546503,-23.893378071096173,-23.42519392404349,-23.52251789862433,-24.155135828184125,-24.472447267037246,-25.41846487986544,-25.90039020445535,-26.678302315212783,1,0.056477972188190506,0.1117873915878711,-0.016099298104879978,0.3327911815496698,0.09732397458083852,0.3173114388531211,0.946017612828193,0.777912110757434,2.3398033149088455
153715.33+023049.7,-23.6230765455054,-23.776833933446188,-24.078889351228938,-24.156689586100835,-24.34517247607695,-23.39898726469699,-23.28272434340184,-24.22711754210804,-24.76940472552281,-25.280321881103,-26.12091243029592,-27.02767145626609,1,0.15375738794078941,0.3020554177827499,0.0778002348718978,0.18848288997611462,-0.11626292129515292,0.5422871834147713,0.5109171555801879,0.906759025970171,1.9642228441950849
153801.17+014748.9,-22.770753221696307,-22.97281649239,-23.23746283341173,-23.318963674710208,-23.49018589938678,-22.818536802243354,-22.43240060793949,-23.40390650014733,-23.67718114126824,-24.27341786097689,-25.13537597802172,-25.865611066502076,1,0.20206327069369223,0.2646463410217308,0.08150084129847812,0.17122222467657267,-0.3861361943038659,0.27327464112090993,0.5962367197086493,0.7302350884803559,1.8164123033115125
153931.29+171714.1,-24.0249680962521,-24.097473300608424,-24.4098907582132,-24.41621285568598,-24.572639914522256,-23.206719181442555,-23.442739934582807,-24.80506566988894,-25.318034829608067,-25.16682782764956,-25.31513669305294,-26.0549369174418,1,0.07250520435632524,0.3124174576047771,0.00632209747277912,0.15642705883627528,0.23602075314025228,0.5129691597191268,-0.15120700195850745,0.739800224388862,0.8989238373669579
154005.94+461950.1,-23.936500458224835,-24.077138344879643,-24.34818936134639,-24.572792309500844,-24.627344651404456,-22.48394117810897,-23.36543398674872,-25.18564982030385,-25.330479857119645,-25.670891471269453,-26.783191155583797,-27.83448337202664,1,0.14063788665480814,0.2710510164667461,0.22460294815445536,0.054552341903612245,0.8814928086397487,0.14483003681579376,0.3404116141498079,1.0512922164428424,2.2103988460829527
154019.56-020505.4,-23.62294897930358,-23.800789772284432,-24.098149942622992,-24.238667225425512,-24.480483705549517,-23.005765547914727,-23.064629365808333,-24.60166565679417,-25.125757502588847,-25.7575173730738,-26.37039804146953,-27.09027415992216,1,0.1778407929808523,0.29736017033856044,0.14051728280252007,0.24181648012400458,0.05886381789360584,0.5240918457946755,0.6317598704849523,0.7198761184526283,2.131730816044019
154034.15+474357.2,-23.58959641130089,-23.581501715176675,-23.82383720063259,-23.77216583470813,-23.95494300729506,-23.11972669458484,-23.342904153648806,-24.020149718786858,-24.82339043988899,-25.03005524942828,-25.45968495617261,-26.40198652313458,1,-0.008094696124214096,0.24233548545591432,-0.05167136592445942,0.18277717258693116,0.22317745906396524,0.8032407211021315,0.20666480953929067,0.9423015669619694,1.6875191214644794
154201.95-020649.6,-23.506869176687182,-23.69108202717535,-23.95912927661624,-24.02581853632894,-24.278662627191277,-22.750697416797813,-22.82369173094464,-24.35444427883173,-24.884612082085912,-25.52209863045305,-25.909550235921607,-26.72392795460461,1,0.18421285048816927,0.26804724944088676,0.06668925971270312,0.25284409086233595,0.07299431414682545,0.5301678032541837,0.6374865483671392,0.8143777186830015,1.8837316995926656
154251.47+324824.5,-24.581504164518464,-24.65746684106467,-24.96274467377556,-25.03905668714516,-25.221939164008983,-22.20428993680451,-24.33173273281459,-25.13956838959289,-25.632985547855164,-25.98061371133656,-26.63642310111645,-27.55725328477757,1,0.07596267654620803,0.30527783271088893,0.07631201336959847,0.1828824768638242,2.1274427960100795,0.4934171582622753,0.3476281634813958,0.9208301836611206,1.5973664139712902
154333.94+102231.8,-23.45114303829321,-23.81240801239163,-24.28354142689289,-24.345282960774615,-24.52820420074835,-21.855873996147533,-22.57360727803913,-24.51617815440965,-24.993248342411263,-25.64393950258153,-26.579002646277857,-27.390604925314783,1,0.3612649740984182,0.47113341450126,0.061741533881725985,0.18292123997373366,0.7177332818915971,0.47707018800161194,0.6506911601702683,0.8116022790369257,2.2337196855032424
154340.74+112801.3,-24.08713404925699,-24.304351546570636,-24.641429337614174,-24.68519645989806,-24.94975812118099,-23.71142792433033,-23.76142159438177,-25.001037771460947,-25.35934501180121,-25.93805327222593,-26.516454393197368,-27.254313312202537,1,0.2172174973136478,0.3370777910435372,0.04376712228388513,0.2645616612829329,0.049993670051438954,0.3583072403402632,0.5787082604247189,0.7378589190051699,1.8312579332993089
154342.46+461233.4,-24.03037562987826,-24.161052412811564,-24.628789170480367,-24.697498922688844,-24.90966701008521,-23.54003815748161,-23.99833569465089,-24.95622441089915,-25.11353486340401,-25.591682535904024,-26.491933042405037,-27.48495441338622,1,0.13067678293330331,0.46773675766880274,0.06870975220847697,0.2121680873963676,0.4582975371692797,0.1573104525048592,0.47814767250001466,0.9930213709811824,1.7944341197161933
154348.62+401324.8,-22.729381514477303,-23.02054962476005,-23.34560413077549,-23.447109269377822,-23.877297772041004,-22.22859652340122,-22.504208099869324,-23.67666861477962,-23.98455182011461,-24.36063441328669,-25.389583260085143,-25.988952801095408,1,0.29116811028274725,0.32505450601544084,0.1015051386023309,0.43018850266318154,0.27561157646810486,0.307883205334992,0.3760825931720788,0.5993695410102653,1.9424739907073203
154356.22+204222.0,-23.409264173422123,-23.629917430441058,-24.04461041962576,-24.090095586794984,-24.22303135503327,-22.00858823873917,-22.6477548449122,-23.782855611001885,-24.180784590774763,-24.665938267306423,-25.26878369642692,-26.048767079466373,1,0.22065325701893457,0.4146929891847009,0.04548516716922535,0.132935768238287,0.6391666061730312,0.3979289797728782,0.48515367653165953,0.779983383039454,1.1786881096319348
154510.95+345247.0,-24.20534091667146,-24.279538201797987,-24.682232791472863,-24.801184822328704,-24.93214812693394,-24.24351682627908,-23.9714632365364,-24.788494707129725,-25.238286478240656,-25.54654570728683,-26.065740322880657,-26.927053042238537,1,0.07419728512652668,0.40269458967487637,0.11895203085584072,0.13096330460523475,-0.27205358974267924,0.44979177111093094,0.30825922904617187,0.8613127193578798,1.2645555005519533
154530.23+484608.9,-24.383336861532214,-24.4786352266272,-24.832982249263697,-24.8495900779002,-25.021750792081598,-24.43912204901624,-24.387157108610324,-25.03540597458573,-25.57783467062159,-26.32665133485915,-27.01668263245384,-27.85295478644219,1,0.09529836509498679,0.354347022636496,0.01660782863650212,0.17216071418139833,-0.05196494040591659,0.5424286960358629,0.7488166642375589,0.8362721539883502,2.1670925545536406
154553.48+093620.5,-25.107516837050667,-25.181586645265966,-25.38537672233064,-25.42075994700889,-25.487136862460808,-25.27386568067125,-25.062055413917765,-25.54472846696486,-25.7271341090535,-26.044037747570407,-27.067763766446618,-27.898204531562698,1,0.07406980821529885,0.20379007706467434,0.03538322467824884,0.0663769154519187,-0.2118102667534849,0.18240564208864285,0.31690363851690506,0.8304407651160801,1.6470038194377281
154620.70+115529.0,-23.17866382209171,-23.42200184743452,-23.72909716686173,-23.767914797190397,-23.945757446549884,-22.7978384280002,-22.9810099161049,-24.591114130993585,-24.799581366646848,-25.140727437551455,-25.18682088270159,-25.998139100657248,1,0.24333802534280835,0.30709531942721213,0.03881763032866559,0.17784264935948713,0.18317148810469774,0.20846723565326286,0.3411460709046068,0.8113182179556588,1.4189060855111926
154636.70+200623.1,-24.294259518513883,-24.31933766601764,-24.54976825585535,-24.55649114074646,-24.68193855635227,-23.17490794343026,-24.035453977248974,-24.70134272870786,-25.22952080178789,-25.41555922007028,-26.22204476049239,-27.096640228801107,1,0.025078147503755588,0.23043058983771303,0.006722884891107839,0.1254474156058123,0.8605460338187143,0.5281780730800278,0.18603841828238998,0.8745954683087156,1.665553619745932
154643.57+020817.9,-23.732922762304877,-24.00272758764785,-24.34718193483824,-24.45574204151554,-24.53342934651389,-23.76972102935463,-23.61056088589211,-24.5697165882629,-24.89429833028255,-24.85276000735799,-25.69676362388156,-26.4893059308817,1,0.26980482534297323,0.34445434719038914,0.10856010667729876,0.07768730499835286,-0.15916014346252183,0.3245817420196495,-0.04153832292455917,0.7925423070001401,1.2410215823660202
154741.88+343357.3,-24.52443770978739,-24.57684121553052,-24.81687858660674,-24.889921551570605,-24.985825168918915,-23.646215540837524,-24.48528297227488,-25.161174772637303,-25.61100165074277,-25.724193190459467,-26.52764262372107,-27.439169418869795,1,0.05240350574313268,0.24003737107621959,0.07304296496386442,0.09590361734830921,0.839067431437357,0.44982687810546906,0.11319153971669493,0.911526795148724,1.637721072150466
154833.02+442226.0,-22.885136520087883,-23.07586561243043,-23.43430394933428,-23.40039561595636,-23.75192764080611,-22.208058897302703,-22.5116322694711,-23.72735967142506,-24.396621047584016,-24.81588666340382,-25.313628331636068,-25.964146289758933,1,0.1907290923425471,0.3584383369038484,-0.03390833337791932,0.35153202484974955,0.3035733721683975,0.669261376158957,0.41926561581980337,0.6505179581228653,1.9132327156797082
154929.43+023701.1,-23.608302450219128,-23.852649752834395,-24.132070099761748,-24.261414131534984,-24.67495789240955,-23.138017103375,-23.240565886673515,-24.64713403937366,-25.001122965368385,-25.489603844747894,-26.30326102709236,-27.10989871868541,1,0.24434730261526738,0.2794203469273526,0.12934403177323617,0.41354376087456757,0.10254878329851635,0.35398892599472376,0.4884808793795088,0.8066376915930498,2.041846895557377
154943.33+211403.3,-24.92090393197198,-25.085651474252234,-25.416008378115144,-25.468860884035774,-25.65347598837795,-24.78698001063439,-24.473484053025285,-25.46778062615656,-25.76685810648245,-26.09908324204974,-26.74964137347825,-27.558542308475594,1,0.1647475422802529,0.33035690386290995,0.05285250592062951,0.18461510434217487,-0.3134959576091063,0.299077480325888,0.33222513556729183,0.8089009349973431,1.2807804894424777
155033.60+104035.8,-22.88453203752448,-23.25450020548835,-23.513558165985184,-23.64618908693439,-23.806914951132622,-22.09639915233987,-22.653550888630512,-24.254000957365594,-24.6194253944453,-25.118431026818644,-25.288679726447,-26.1027732628066,1,0.36996816796386867,0.25905796049683616,0.1326309209492038,0.1607258641982341,0.557151736290642,0.3654244370797066,0.4990056323733434,0.8140935363596,1.6424906395126122
155043.59+112047.4,-22.145843619742116,-22.35099953458507,-22.60534660221819,-23.091714433813006,-23.380282657810334,-23.024536314942203,-23.048921488104604,-23.627423836721903,-23.92553757037889,-24.51138697531141,-25.72563296232865,-26.593336422612083,1,0.2051559148429547,0.25434706763311965,0.48636783159481567,0.28856822399732707,0.02438517316240052,0.29811373365698657,0.5858494049325209,0.8677034602834333,2.6339185285156432
155048.29+400144.8,-24.04258143418552,-24.19614389388836,-24.34118453966669,-24.38062629663313,-24.627594534473523,-23.8212663338018,-23.86700484470615,-24.538694655063527,-24.77449127343248,-25.31218266136666,-26.04758554833249,-26.985175347527235,1,0.15356245970284021,0.14504064577832665,0.039441756966443364,0.24696823784039168,0.045738510904349994,0.23579661836895482,0.5376913879341778,0.9375897991947468,1.6669592516993568
155119.59+255047.0,-23.603604485429525,-23.76109473265971,-24.109863243067657,-24.241088574371776,-24.40905344671453,-23.385319821822705,-23.28457060992218,-24.289892829327176,-24.553428777944724,-25.04396405769532,-25.82512807512277,-26.74200968635291,1,0.1574902472301858,0.34876851040794676,0.13122533130411895,0.16796487234275403,-0.10074921190052422,0.26353594861754814,0.4905352797505955,0.9168816112301421,1.5840395007509933
155159.43+361621.1,-21.96363645583185,-22.341718618139293,-22.73229112787916,-22.88394235164866,-23.09796157798048,-21.756584695712288,-21.773270766796305,-23.23374567893345,-23.855868984097235,-24.33422994033369,-25.086163683164653,-25.91026591896311,1,0.37808216230744307,0.3905725097398687,0.15165122376949824,0.21401922633182124,0.016686071084016874,0.622123305163786,0.4783609562364539,0.8241022357984562,2.202221331515993
155159.83+154824.6,-23.277099878303023,-23.424150113754948,-23.717013621344258,-23.773691038958603,-23.938632718315507,-23.213658534408005,-22.98456961391654,-24.23027035442747,-24.531189770586494,-24.9751756951311,-25.412287286805597,-26.24164251245841,1,0.14705023545192475,0.2928635075893098,0.056677417614345416,0.16494167935690385,-0.22908892049146345,0.3009194161590223,0.44398592454460584,0.8293552256528116,1.6385962478469942
155239.61+212345.7,-23.82706974961153,-24.00936552110033,-24.46193993517462,-24.66011345713625,-24.785974668344892,-23.700114675841437,-23.48792993359369,-24.77299365843399,-25.39720447362314,-25.49461039831168,-26.420789622958758,-27.399730613284067,1,0.18229577148880338,0.452574414074288,0.19817352196163185,0.12586121120864036,-0.21218474224774653,0.6242108151891514,0.09740592468853748,0.9789409903253095,1.760676165822506
155340.84+071845.2,-24.25101686250421,-24.44922173361789,-24.770336970333684,-24.80357513615548,-24.923753330689078,-24.281895360220663,-24.34884936415258,-24.880731076995325,-25.15299209803969,-25.224067571375635,-26.037021184277805,-26.90719606907696,1,0.19820487111368124,0.32111523671579434,0.03323816582179617,0.12017819453359735,0.06695400393191875,0.2722610210443648,0.0710754733359451,0.8701748847991553,1.2334460481223246
155346.76+362154.2,-23.521658574477,-23.62948682374189,-23.776026765043515,-23.763896964949524,-23.962813970809485,-23.21490128444767,-23.145832560611527,-24.003004687300567,-24.52135722594626,-24.768523552147297,-25.514995833746905,-26.44135386061803,1,0.10782824926488743,0.14653994130162573,-0.012129800093990895,0.1989170058599612,-0.06906872383614271,0.5183525386456935,0.24716632620103596,0.9263580268711245,1.7510988687973814
155424.41+140048.5,-25.079170475215825,-25.247956222044117,-25.548068483539492,-25.662668370395743,-25.957350517839604,-19.689362677397483,-18.869059579950264,-26.22781539866831,-26.53541186405578,-26.735850023295185,-27.045945877011462,-27.76057233523214,1,0.1687857468282914,0.30011226149537507,0.11459988685625078,0.29468214744386145,-0.8203030974472192,0.30759646538747276,0.200438159239404,0.7146264582206783,1.3832775066157197
155435.22+324646.8,-23.76111620207964,-24.08688818927975,-24.33955910292313,-24.40392017098135,-24.568779572437904,-22.545136333066782,-22.59419000820939,-24.49877277487941,-25.199104842809568,-25.785529464403155,-26.34972303899396,-27.204314430867814,1,0.3257719872001097,0.252670913643378,0.06436106805822206,0.1648594014565532,0.049053675142609166,0.7003320679301588,0.5864246215935864,0.8545913918738535,1.9458028680126098
155507.17+243817.7,-25.00772788706952,-25.20402786403121,-25.45697009267364,-25.55328938284534,-25.833827220313136,-24.26801864681101,-25.1491755748988,-25.48821592794808,-25.967127109290107,-26.20172728469254,-27.16608635654566,-28.065298748716963,1,0.19629997696169,0.25294222864242855,0.09631929017169938,0.28053783746779715,0.8811569280877869,0.4789111813420277,0.23460017540243427,0.8992123921713038,1.6127969737003198
155534.61+345948.9,-23.189390157213605,-23.33959938423951,-23.51061096460233,-23.57970815282988,-23.80124659837271,-22.803279156305152,-23.088155252440263,-23.79244368122133,-24.47977702222421,-24.79218760954831,-25.57192074151533,-26.427713596218982,1,0.1502092270259041,0.17101158036281916,0.06909718822755195,0.22153844554282998,0.2848760961351111,0.6873333410028799,0.3124105873241021,0.8557928547036511,1.992212588685451
155553.68+173131.3,-23.00452867768832,-23.227854835153423,-23.50014698266825,-23.542053735610946,-23.80936902551777,-22.77585248556425,-22.78474970280692,-23.77928910256255,-23.907476961881937,-24.183146814610534,-24.941304379581208,-25.683690007523115,1,0.22332615746510243,0.272292147514829,0.04190675294269397,0.2673152899068256,0.008897217242669342,0.12818785931938592,0.2756698527285977,0.742385627941907,1.3992506439702623
155617.58+550821.0,-23.779787234474945,-23.873377316801367,-24.16917733031892,-24.16052183931333,-24.466644034753877,-23.3504589576932,-23.70059042380774,-24.374781055715815,-24.718533053104448,-25.35720747043624,-26.075258537408008,-26.853956223148817,1,0.09359008232642196,0.29580001351755314,-0.008655491005590932,0.30612219544054753,0.35013146611454005,0.34375199738863316,0.6386744173317922,0.7786976857408092,1.9147366980946785
155700.38+312020.1,-24.447554420269512,-24.68250292812592,-24.99286070020116,-25.121533383501088,-25.23819035710049,-22.496423012790604,-23.742861530448675,-25.561836785083184,-25.58551703468364,-26.322761554651613,-27.253109153469754,-28.242187913630527,1,0.23494850785640864,0.31035777207523907,0.12867268329992854,0.11665697359940097,1.2464385176580706,0.02368024960045645,0.7372445199679731,0.9890787601607727,2.1315757699686664
155745.32+345016.9,-22.893444277423733,-23.147059949231767,-23.39759443694768,-23.43868745528156,-23.7148223029872,-22.77416284779171,-22.84166173389353,-23.782359126396017,-23.833053103501115,-24.72261815411076,-25.548127349369324,-26.38109723280962,1,0.2536156718080349,0.2505344877159139,0.04109301833387846,0.27613484770564156,0.06749888610181998,0.05069397710509804,0.8895650506096437,0.8329698834402954,2.109439894087764
155756.66+211034.8,-23.614507914356604,-23.781157787935168,-23.95153504088876,-23.92873810823249,-24.198940040024013,-23.52732541944744,-23.524144578557,-24.22232336853211,-24.67076407445049,-25.54977797480124,-25.939616991014603,-26.77896614142668,1,0.16664987357856376,0.17037725295359252,-0.02279693265627003,0.2702019317915223,-0.0031808408904403507,0.4484407059183795,0.8790139003507527,0.839349150412076,2.0108788827821122
155821.86+120533.2,-23.750982466931188,-23.96089193748834,-24.164887323749976,-24.229326940951854,-24.410715636420512,-23.75839779527213,-23.70897081287869,-24.35950008258685,-24.56921098006236,-25.65687760746182,-26.365838394941814,-27.13196078980153,1,0.2099094705571538,0.20399538626163505,0.0644396172018773,0.18138869546865877,-0.049426982393441676,0.20971089747550664,1.0876666273994609,0.766122394859714,2.136511453989961
155837.77+081345.8,-23.450706070673625,-23.654331511531392,-23.979115685922302,-24.07433435137853,-24.28326737089655,-23.34733809843952,-23.25325629621864,-24.29733241532319,-24.50743223592708,-25.12098682854467,-25.530108716286637,-26.44639206256203,1,0.2036254408577669,0.3247841743909099,0.09521866545622615,0.208933019518021,-0.09408180222087736,0.2100998206038902,0.6135545926175894,0.9162833462753923,1.455774364908109
155837.88+282839.0,-23.845755796361235,-23.96946680793165,-24.098152526099955,-24.209092088109166,-24.399450941701247,-23.77784853633359,-23.427448859544672,-24.508666115703136,-24.984523934250014,-25.562792211481263,-26.06230726400068,-26.78388555273788,1,0.12371101157041409,0.1286857181683061,0.11093956200921085,0.19035885359208038,-0.3503996767889177,0.4758578185468778,0.5782682772312491,0.7215782887371986,1.8532151758915134
160007.42+111316.8,-24.44580219011256,-24.585745399109157,-24.871830676617968,-24.92571544502515,-24.99606251100179,-22.759155071385788,-23.44300646646796,-24.936709206634585,-25.20655980552764,-25.495892328669598,-26.19221170456159,-27.055170375439943,1,0.1399432089965984,0.2860852775088105,0.05388476840718326,0.07034706597663742,0.6838513950821721,0.2698505988930542,0.2893325231419581,0.8629586708783528,1.2664962595364386
160026.42+340935.2,-23.828779625806888,-23.869977386733837,-24.172033672578483,-24.277494145697265,-24.28081853373236,-23.867198831034504,-23.67223963836701,-24.52646425345793,-24.844312912906908,-25.260046787699157,-25.86188588041469,-26.736576918153144,1,0.04119776092694849,0.30205628584464606,0.10546047311878226,0.0033243880350966037,-0.1949591926674934,0.3178486594489769,0.41573387479224877,0.8746910377384545,1.5843917347174248
160028.71+011026.6,-23.231278022329303,-23.39727101743412,-23.823130101907697,-23.8735135661851,-24.078190715626736,-17.252396560821342,-16.14077212036146,-24.02302280150955,-24.43566397409375,-24.91312789203289,-25.77377099901901,-26.61408077425409,1,0.16599299510481913,0.4258590844735757,0.05038346427740237,0.20467714944163617,-1.111624440459881,0.4126411725841983,0.47746391793914,0.840309775235081,1.9002574328339108
160151.56+175410.1,-23.101241569486056,-23.40137258026537,-23.67935584658846,-23.763892697713228,-23.95771719641382,-23.236946013663964,-23.35044514851316,-24.070147449152184,-24.761951131948507,-25.200810612116744,-25.741998970950096,-26.43425342219098,1,0.3001310107793138,0.27798326632309056,0.08453685112476705,0.19382449870059304,0.11349913484919583,0.6918036827963228,0.4388594801682366,0.6922544512408848,1.9781062732368682
160317.90+090037.9,-22.95006610513852,-23.13846823711939,-23.364697061809068,-23.47291853506432,-23.707653465009543,-22.582944842307423,-22.891018416477724,-24.13415515450537,-24.312959243184924,-24.77489648430236,-24.71591208681681,-25.567299212847526,1,0.18840213198086886,0.2262288246896773,0.10822147325525222,0.2347349299452226,0.3080735741703009,0.17880408867955566,0.46193724111743606,0.8513871260307155,1.242993551752491
160410.97+112659.6,-23.973420194976637,-24.08507580173408,-24.30436278651249,-24.26050549577723,-24.49355302623811,-22.99744216585664,-23.57047347369583,-24.440284960171144,-24.88182341699744,-25.38247388857789,-25.848018309148003,-26.653405563766626,1,0.11165560675744501,0.2192869847784067,-0.04385729073525724,0.23304753046087967,0.5730313078391909,0.4415384568262972,0.5006504715804496,0.8053872546186227,1.5875128133707719
160437.35+571436.6,-23.666441692326583,-23.912733773426545,-24.24185936653232,-24.312521247406583,-24.498970235663,-22.9836179224364,-23.517613444175407,-24.764912302919917,-25.71568154781075,-25.604029739501147,-26.310629177756272,-27.10518743934538,1,0.2462920810999627,0.3291255931057755,0.07066188087426184,0.18644898825641576,0.5339955217390049,0.9507692448908323,-0.11165180830960253,0.7945582615891063,1.9981079303496898
160500.41+055056.8,-23.354352517136423,-23.53240831337123,-23.71007814410984,-23.708035937315397,-23.86180719057073,-23.20360356207002,-23.17974871604699,-24.04773998158348,-24.625937579364955,-24.90897515650516,-25.42517978133997,-26.279915054757293,1,0.17805579623480838,0.17766983073860843,-0.002042206794442336,0.15377125325533214,-0.023854846023027676,0.5781975977814753,0.28303757714020605,0.8547352734173224,1.717143844024573
160519.70+144852.2,-24.018541210453883,-24.101927651111723,-24.27890943837669,-24.27781563817493,-24.480919332955008,-23.441460480223625,-23.660940737386493,-24.23179882064361,-24.73892114307267,-25.21387094415591,-25.6312531479742,-26.41900798231605,1,0.08338644065783996,0.1769817872649675,-0.001093800201761752,0.20310369478007928,0.2194802571628678,0.5071223224290584,0.47494980108324114,0.7877548343418503,1.3534375097992708
160708.26+514302.4,-22.67646033064505,-22.84581273225097,-23.07824941531972,-23.185133611804098,-23.490972085080703,-21.818101904071483,-21.787389641340106,-23.52419618191343,-23.904677655420773,-24.2558947200466,-24.51993619310514,-25.264553517264453,1,0.16935240160592002,0.23243668306875165,0.1068841964843763,0.30583847327660507,-0.030712262731377393,0.3804814735073414,0.35121706462582836,0.7446173241593144,1.334802581301041
160715.69+401227.7,-23.481741773877264,-23.674798540002627,-23.906228266418115,-23.95563475811236,-24.203136440284364,-22.999058206548185,-23.02197899737887,-24.607395012261065,-24.782727058264744,-24.894758979322667,-25.64574352189565,-26.47981010086005,1,0.1930567661253626,0.2314297264154881,0.0494064916942456,0.24750168217200397,0.022920790830685434,0.17533204600367824,0.11203192105792326,0.8340665789644,1.6901087637832894
160739.30+103555.6,-24.0238820261164,-24.23211968424881,-24.5812364846108,-24.53785822513657,-24.733983018329702,-23.191701146677552,-23.565755761353657,-24.374220058628115,-24.90261679470284,-25.273559619469363,-26.10922354568482,-26.97580701758554,1,0.20823765813241124,0.3491168003619869,-0.043378259474227576,0.1961247931931318,0.3740546146761048,0.5283967360747255,0.37094282476652296,0.8665834719007215,1.5713653205482494
160824.42+124951.4,-23.18227544286789,-23.442143988446578,-23.824881663874603,-23.829209949377027,-24.03749666808664,-18.33088349134442,-16.75948218938091,-24.138533464843118,-24.2702206916031,-24.99005118183022,-25.53928980887937,-26.30071992814258,1,0.2598685455786871,0.38273767542802517,0.004328285502424478,0.20828671870961202,-1.5714013019635082,0.13168722675998268,0.7198304902271211,0.7614301192632098,1.7100798595023434
160847.04+563702.1,-22.728836363860676,-22.940795707002017,-23.189608912668515,-23.29628001082596,-23.535934935961222,-23.280301323383632,-22.85521528137086,-23.950953703110365,-23.94764692638256,-24.85015540685814,-25.60774391383693,-26.44431619468156,1,0.21195934314134135,0.24881320566649734,0.10667109815744524,0.23965492513526243,-0.4250860420127722,-0.003306776727804106,0.9025084804755785,0.8365722808446279,2.3114639030109707
160923.21+051608.7,-22.793632408571803,-22.957058278099133,-23.13162981379268,-23.22781783131838,-23.518114623989987,-22.538843410812348,-22.45962206076596,-23.4682909640446,-23.71007488233173,-24.276180373451123,-24.814192623058695,-25.411437461023347,1,0.1634258695273303,0.17457153569354844,0.09618801752569794,0.290296792671608,-0.07922135004638875,0.2417839182871333,0.5661054911193908,0.5972448379646522,1.5863747917403153
160924.04+134143.3,-23.41077272978013,-23.470701206712928,-23.701526258669197,-23.671177032169037,-23.89223337223941,-22.99480721389309,-23.151568475586203,-23.455482947581395,-24.140898505430453,-24.41258432191456,-25.306508397577364,-26.111121041687955,1,0.05992847693279657,0.2308250519562698,-0.030349226500160142,0.22105634007037267,0.15676126169311289,0.6854155578490584,0.2716858164841085,0.8046126441105912,1.6353313654083266
160951.81+353843.8,-24.01302449741307,-24.105998325910296,-24.404688371589238,-24.605884452142387,-24.753494572237205,-23.24311762420657,-23.74879477549824,-25.183875591776257,-25.35036218495338,-25.734437737599904,-26.258077620855897,-27.16979784743916,1,0.09297382849722524,0.2986900456789421,0.20119608055314941,0.1476101200948179,0.5056771512916711,0.16648659317712244,0.38407555264652515,0.9117202265832631,1.6521931687135094
160953.42+433411.4,-24.059893541522666,-24.19749202386501,-24.384291231645737,-24.39583033150188,-24.452946844764465,-23.115322361456847,-23.83324269046141,-24.989345764268304,-25.43400305931645,-25.946436721308995,-26.434166641170503,-27.245515430241795,1,0.1375984823423444,0.18679920778072656,0.011539099856143764,0.057116513262585045,0.7179203290045635,0.44465729504814533,0.5124336619925458,0.8113487890712925,2.0383363096686224
161144.01+370330.8,-24.208353655715825,-24.284923173049403,-24.503482017615344,-24.562488932624664,-24.708395315554203,-23.397799160360524,-23.9552331927011,-24.79722363610926,-25.286640311629007,-25.82064314226893,-26.29085163163181,-27.04681748955672,1,0.07656951733357786,0.21855884456594055,0.05900691500931998,0.14590638292953884,0.5574340323405771,0.4894166755197489,0.534002830639924,0.7559658579249096,1.7283626990071461
161151.28+252028.7,-23.86776552875225,-24.01123146168068,-24.21714405660481,-24.21924228833513,-24.39287526185581,-23.799855953864625,-23.62469712884756,-24.714455189185028,-24.85830024915236,-25.450671807101006,-26.15617399462476,-27.04532933849349,1,0.14346593292842869,0.20591259492412917,0.0020982317303221976,0.17363297352067875,-0.17515882501706415,0.1438450599673331,0.5923715579486455,0.8891553438687332,1.9369317062896272
161203.46+114656.3,-23.64708834120636,-23.889645514518893,-24.268046600429305,-24.33592191106409,-24.44402368681043,-22.624071473576898,-23.311653589384303,-24.78708972102774,-24.950326246874877,-25.22254294236545,-25.856293978741693,-26.769241786413847,1,0.2425571733125338,0.37840108591041144,0.06787531063478625,0.10810177574633784,0.6875821158074054,0.163236525847136,0.2722166954905738,0.912947807672154,1.5203720676776022
161252.50+403032.1,-24.7968205231597,-24.80964556119477,-25.10562400160045,-25.22283317891449,-25.360037371530936,-24.258010741314227,-24.49973108846052,-25.368696387595783,-25.583325309229625,-26.03377161443148,-26.757873311732112,-27.72504452840656,1,0.012825038035071401,0.2959784404056798,0.11720917731404157,0.13720419261644423,0.24172034714629476,0.2146289216338424,0.45044630520185436,0.9671712166744477,1.5350401328176204
161425.17+375210.7,-24.145218510551835,-24.326209921386454,-24.711020915724024,-24.796291479569263,-24.924369661341174,-23.504156309091936,-24.0118643804552,-24.741664995678185,-25.02302241261454,-25.752281628529037,-26.7238388626666,-27.56945214855516,1,0.18099141083461845,0.3848109943375704,0.08527056384523846,0.12807818177191166,0.5077080713632647,0.2813574169363555,0.7292592159144959,0.845613285888561,1.9275473830973375
161428.07+493004.4,-23.711660276292623,-24.032784308427544,-24.435164889355068,-24.568804600929624,-24.728988961554425,-22.79872153169382,-23.29015536266058,-24.68231520834977,-24.93060704755732,-25.75658953173955,-26.43325715735261,-27.32680679645416,1,0.3211240321349216,0.4023805809275238,0.13363971157455623,0.16018436062480035,0.49143383096676274,0.2482918392075497,0.8259824841822301,0.8935496391015505,1.864452556422986
161441.77+091505.8,-23.96609714307997,-24.16179274006564,-24.47032812832469,-24.495916798524696,-24.63877185376689,-23.78954593981269,-23.720011600310208,-24.371550952786496,-24.68659515431373,-25.12098316026842,-25.71338792525461,-26.568721272398687,1,0.19569559698566863,0.30853538825905247,0.02558867020000477,0.14285505524219388,-0.06953433950248211,0.31504420152723256,0.4343880059546912,0.8553333471440752,1.2174711267299152
161558.18+095347.7,-22.47401121908753,-22.774877079020875,-23.122061116099538,-23.187966257582957,-23.449012289587763,-22.422526802294307,-22.56104481622084,-23.478723917908813,-23.917563684910565,-24.320084425354075,-25.18415845109353,-25.917212765108932,1,0.3008658599333458,0.3471840370786623,0.06590514148341953,0.26104603200480625,0.1385180139265323,0.43883976700175253,0.40252074044351005,0.7330543140154013,1.9961921935105735
161639.47+552430.2,-23.086353857343468,-23.245587961720958,-23.61046769579216,-23.691043895541767,-23.949795949751163,-22.80949549925822,-22.684586520723844,-23.890537693907152,-24.01878904213771,-25.012121174648875,-25.199807794020305,-26.10243156596305,1,0.15923410437748942,0.3648797340712022,0.08057619974960772,0.2587520542093955,-0.12490897853437488,0.12825134823055606,0.993332132511167,0.9026237719427463,1.5087638984785379
161649.42+415416.3,-23.65040355772397,-23.99523830073529,-24.30812808810912,-24.37910528534775,-24.638605515620775,-23.687261073556854,-23.820212768832917,-24.6856802411364,-24.96594937892537,-25.48818391783996,-26.079004114979902,-26.899888498817504,1,0.34483474301132233,0.31288978737383033,0.07097719723862994,0.25950023027302294,0.13295169527606276,0.2802691377889701,0.5222345389145922,0.8208843838376012,1.6998988296321507
161718.95+543242.7,-23.937761837993957,-24.216121090489736,-24.518463093013988,-24.564695443881103,-24.781175582805165,-23.682066924240107,-23.54533122585223,-24.300868745325747,-24.67009853046309,-25.03128803201601,-25.99099838233589,-26.88796839241866,1,0.278359252495779,0.30234200252425225,0.046232350867114747,0.21648013892406226,-0.13673569838787714,0.3692297851373425,0.3611895015529214,0.8969700100827716,1.4263029384547856
161847.93+215925.4,-22.8613002375745,-23.058342897553157,-23.327774097216015,-23.472852014789428,-23.711378731785175,-22.274175470017347,-22.61623824029325,-22.76332544110733,-23.627989442746912,-24.08699045447301,-25.14334370332563,-25.839212909274217,1,0.19704265997865633,0.2694311996628578,0.14507791757341337,0.23852671699574657,0.34206277027590204,0.8646640016395821,0.4590010117260981,0.6958692059485863,1.6704916885362024
161916.54+334238.4,-24.015683569658854,-24.219074020393023,-24.41768553533232,-24.422353557386035,-24.676841658093515,-24.11507126689449,-24.25740237929045,-24.69726032375131,-25.22721682082033,-25.73277576586169,-26.47679858487318,-27.34920589348838,1,0.20339045073416884,0.19861151493929796,0.004668022053714083,0.25448810070747996,0.1423311123959614,0.5299564970690227,0.5055589450413578,0.8724073086152018,2.0544450274871444
162021.81+173623.9,-24.48595544142977,-24.643166739072036,-24.84766494420584,-24.92232722003231,-25.110106305398528,-24.307736801043028,-24.42393267999388,-25.305303428158396,-25.56076305412336,-26.06112192736783,-26.61848875905933,-27.51705693028303,1,0.1572112976422666,0.20449820513380246,0.07466227582647278,0.18777908536621624,0.11619587895085104,0.2554596259649635,0.500358873244469,0.898568171223701,1.6961615390270168
162038.92+265751.1,-23.02234434791539,-23.168589506698726,-23.376667326445023,-23.33617875895529,-23.659535863348765,-22.303233948303102,-22.51796709309194,-23.37988491863221,-24.011399078237865,-24.568328012798624,-25.23601509457689,-26.094564404899604,1,0.1462451587833371,0.2080778197462969,-0.04048856748973506,0.32335710439347665,0.21473314478883765,0.6315141596056542,0.5569289345607586,0.8585493103227151,1.8998363356216004
162053.53+261836.3,-24.6901949262751,-24.738277922238066,-25.039934798738216,-25.09934268750959,-25.25942755189588,-23.60756567171155,-24.005069758869418,-24.775095064417822,-25.56867826573683,-25.73369459044281,-26.605029734528177,-27.64412916460991,1,0.0480829959629645,0.30165687650015016,0.05940788877137493,0.16008486438628822,0.39750408715786634,0.7935832013190058,0.16501632470598082,1.039099430081734,1.5056870470185864
162129.63+210930.9,-24.03256379779451,-24.296684990582385,-24.71745312107367,-24.854179504892876,-24.960250804230377,-23.765021689727863,-23.711569132199383,-25.127862495726177,-25.374886286420477,-25.50651140792108,-25.752231074914675,-26.60074438704728,1,0.2641211927878757,0.42076813049128603,0.1367263838192052,0.10607129933750059,-0.05345255752848033,0.2470237906942998,0.1316251215006048,0.848513312132603,0.8980515700217993
162219.43+475132.4,-23.981541690669506,-24.179324880890853,-24.506509759498577,-24.552344986964226,-24.730836699512903,-18.16881908109492,-15.96079299876016,-24.625802190814795,-24.74533473252111,-25.310984041785403,-26.32066726654857,-27.17209337423825,1,0.19778319022134738,0.32718487860772427,0.04583522746564839,0.17849171254867713,-2.2080260823347597,0.11953254170631311,0.5656493092642947,0.851426107689683,1.7683222795843427
162320.78+383233.9,-23.633610046714168,-23.760841444006303,-24.0818517841122,-24.220855672131258,-24.30563089608712,-23.39050890518689,-23.57134922365669,-24.602831098342648,-24.812529350816437,-25.209428648020275,-26.224992145441004,-27.11361730567808,1,0.12723139729213528,0.3210103401058966,0.13900388801905805,0.08477522395586234,0.18084031846979798,0.20969825247378893,0.3968992972038379,0.8886251602370763,2.004136473309746
162744.89+122733.9,-24.78619274706122,-25.03735552271105,-25.23826311100286,-25.26745465038876,-25.37779724033496,-18.748838246894582,-19.663875531236062,-25.424262599442766,-25.786345103272392,-26.079109027951887,-26.76972767474333,-27.669122143928245,1,0.2511627756498278,0.200907588291809,0.029191539385902132,0.11034258994619961,0.91503728434148,0.36208250382962603,0.29276392467949464,0.8993944691849158,1.5022730243545688
162825.72+083259.6,-23.651046754321133,-23.761175470383712,-23.920995023402877,-23.925079635414185,-24.20368400089792,-23.166352652474348,-23.360218134481904,-24.315008192733977,-24.54779468328796,-25.25651168484965,-26.168437794360305,-26.924492430594206,1,0.11012871606257946,0.15981955301916528,0.004084612011308053,0.2786043654837336,0.19386548200755627,0.23278649055398404,0.7087170015616877,0.7560546362339018,2.243358158946119
162901.30+400759.9,-22.09254174143427,-22.390181446159364,-22.69577712965456,-22.7379370656433,-22.83535248108576,-22.041869717442857,-21.980287860777956,-23.04452021633069,-23.21968929309079,-24.024663629184182,-24.46121975541059,-25.11429184510482,1,0.2976397047250927,0.30559568349519495,0.04215993598874235,0.09741541544245891,-0.061581856664901125,0.17516907676010263,0.804974336093391,0.6530720896942306,1.723282689767288
162904.96+361512.1,-22.596153433856298,-22.911821994427488,-23.307081294094345,-23.40394808305697,-23.694273858112613,-22.154901021702383,-22.57972415002881,-24.33094948964736,-24.86157919688915,-25.25827044740369,-25.65240919847113,-26.576869059825203,1,0.31566856057118997,0.3952592996668578,0.09686678896262535,0.29032577505564205,0.42482312832642677,0.5306297072417898,0.39669125051453946,0.9244598613540731,2.248461115414159
163020.78+375656.4,-22.84168425124349,-22.9052717050263,-23.1387552725378,-23.4470633316796,-23.961856650426064,-22.692314548255325,-22.47243574364644,-23.855196352854897,-24.50575115176292,-25.448948976285656,-25.9693611007298,-26.86247433932218,1,0.06358745378281228,0.2334835675114988,0.30830805914180104,0.5147933187464631,-0.21987880460888576,0.650554798908022,0.9431978245227377,0.893113238592381,2.5222977690501978
163057.71+150018.3,-23.9755866226851,-24.032110248443985,-24.294142429994608,-24.345065043734152,-24.557367160557718,-23.67553489285696,-23.778997257183537,-24.49101500424206,-24.669308342925586,-25.34648027267681,-25.60798410433805,-26.28476527571635,1,0.05652362575888503,0.262032181550623,0.05092261373954443,0.21230211682356526,0.10346236432657818,0.17829333868352748,0.6771719297512249,0.6767811713782983,1.262919060603899
163334.39+290128.0,-23.87830765291771,-24.124439220367428,-24.50940619137749,-24.64890252847217,-24.75900776012428,-23.58897996805358,-23.55268717124799,-24.808802617276047,-25.227904598400947,-25.6507112225864,-26.444859161679208,-27.44523336792336,1,0.2461315674497193,0.38496697101006205,0.13949633709468046,0.11010523165210984,-0.036292796805589944,0.41910198112489994,0.42280662418545134,1.0003742062441532,1.7959566332070374
163528.63+501750.3,-22.524658671504227,-22.71299194696466,-23.072148566182094,-23.09946826900286,-23.25060430903084,-22.242844825882283,-22.44454104289817,-23.486989009468942,-24.08403313896013,-24.53041201259127,-25.05761955806942,-25.71951976487524,1,0.1883332754604332,0.35915661921743336,0.027319702820765457,0.15113604002798198,0.20169621701588625,0.5970441294911879,0.44637887363114004,0.6619002068058215,1.95815128906656
163648.36+490049.6,-23.6355295019043,-23.761695298875274,-23.929733121137225,-23.987230699828405,-24.243411016557268,-23.462471991335665,-23.518846600389995,-23.998240023510306,-24.37110357663195,-25.04457252517333,-25.260117885537117,-25.996458994676797,1,0.12616579697097308,0.16803782226195096,0.057497578691179996,0.2561803167288623,0.05637460905433045,0.3728635531216433,0.6734689485413803,0.7363411091396799,1.2728871857087114
163726.91+104959.8,-23.14908210909444,-23.292438022824445,-23.62427391665635,-23.650697430790025,-23.858756718888856,-23.08452820622035,-22.918335575455632,-24.137927076204463,-24.35361191858071,-25.056724654332637,-25.360660659623505,-26.2860553114723,1,0.1433559137300051,0.33183589383190437,0.026423514133675496,0.20805928809883056,-0.16619263076471924,0.2156848423762483,0.703112735751926,0.9253946518487943,1.7099632288334803
163746.55+425449.6,-24.00363221958928,-24.16156542950835,-24.473107542837447,-24.51892435347342,-24.68676978774893,-24.332401888031367,-24.159849312904896,-24.454407861845592,-25.143466532289665,-25.70639454774013,-26.59911131365652,-27.52558499836832,1,0.15793320991906867,0.31154211332909654,0.04581681063597287,0.16784543427550958,-0.1725525751264705,0.6890586704440729,0.5629280154504634,0.9264736847118016,2.0801869601830987
163817.48+382249.9,-23.34522611819316,-23.51907298315103,-23.73009945257164,-23.780777469022556,-23.96640147680465,-23.237780395678943,-23.314244319538997,-23.963693334729196,-24.29538607978546,-25.00245865527342,-25.555806100647604,-26.340117106207163,1,0.17384686495786994,0.21102646942060943,0.05067801645091663,0.1856240077820921,0.07646392386005374,0.33169274505626234,0.7070725754879597,0.7843110055595588,1.775028631625048
164115.99+505329.4,-23.61994948525437,-23.700410275076408,-24.00664630695148,-24.006682108664595,-24.142096902490767,-22.652910811043675,-22.848756267895183,-24.348828352594825,-24.55823315382154,-24.958266160240026,-25.277390539158613,-26.038135071226865,1,0.08046078982203753,0.3062360318750734,3.580171311412528e-05,0.13541479382617183,0.195845456851508,0.20940480122671445,0.4000330064184858,0.7607445320682515,1.2707084304940182
164346.72+375937.3,-23.589404771906395,-23.79924479233184,-24.12417864077904,-24.20425586346068,-24.36100720369483,-22.28340501527938,-22.59123360430368,-24.33478518675352,-24.50467354127816,-24.840393550723693,-25.38398907955758,-26.20448038795568,1,0.20984002042544603,0.3249338484471984,0.0800772226816413,0.15675134023414827,0.3078285890243002,0.16988835452463746,0.3357200094455344,0.8204913083981005,1.1797332160968992
164722.34+462705.7,-23.561765148638017,-23.81711848837524,-24.197759118813604,-24.123731285734483,-24.295913369304134,-23.0141808541582,-23.361226284626422,-24.604590399767595,-24.92197122412243,-24.52288672891205,-25.23802939016779,-25.96966451505589,1,0.25535333973722274,0.38064063043836427,-0.07402783307912131,0.17218208356965192,0.3470454304682207,0.31738082435483506,-0.39908449521038136,0.7316351248881006,1.1142981044333062
164735.03+401407.4,-23.14681533274198,-23.44005454290857,-23.745281257551422,-23.77566518206885,-23.90001227639112,-21.804300221449022,-22.386918125761145,-24.39604788498136,-24.701428122352706,-24.72683136712907,-24.68963701371445,-25.5382594776244,1,0.2932392101665897,0.30522671464285267,0.030383924517426664,0.12434709432227109,0.5826179043121229,0.30538023737134523,0.025403244776363465,0.8486224639099511,0.9139718316456005
165005.48+414032.4,-23.59792935711471,-23.82000972171839,-24.097678575159,-24.18518622272437,-24.40908604994648,-23.86084693347906,-23.571293543285368,-24.38055617856623,-24.72931661100608,-25.274547252767967,-25.853961615933198,-26.60792852724145,1,0.22208036460367708,0.27766885344061265,0.08750764756536711,0.22389982722211244,-0.2895533901936922,0.34876043243984967,0.5452306417618864,0.7539669113082539,1.6687753932088292
165051.57+362723.7,-23.16647710108157,-23.310900140505087,-23.577699255953963,-23.689218667078343,-23.88370409213836,-23.32038601172001,-23.11550777629065,-23.76336788232443,-24.23324681879282,-24.990484453224465,-25.73189661797333,-26.51567989937529,1,0.14442303942351842,0.266799115448876,0.11151941112438024,0.19448542506001587,-0.20487823542936212,0.4698789364683904,0.7572376344316432,0.7837832814019592,2.042677950894987
165118.62+400124.8,-23.21065042200067,-23.42979308356655,-23.665370006303466,-23.762278537248097,-24.156346814705792,-23.06564724547178,-23.40897232781993,-23.68178607486803,-24.02651287954268,-24.603578330797035,-25.24580661034105,-26.046151569039235,1,0.2191426615658827,0.23557692273691444,0.09690853094463137,0.3940682774576949,0.3433250823481515,0.3447268046746501,0.5770654512543558,0.8003449586981866,1.4835280730929519
165255.89+312343.8,-23.418707068742748,-23.67324713024709,-23.864841806425453,-24.00321206332428,-24.12595386990926,-22.80227183010888,-23.26648902892202,-24.748667803699263,-25.015991773365236,-25.519707872529324,-25.465220453464525,-26.341517409554147,1,0.2545400615043434,0.19159467617836157,0.13837025689882765,0.12274180658497968,0.4642171988131416,0.2673239696659735,0.5037160991640874,0.8762969560896217,1.4620083901402445
165259.05+310442.4,-23.8432460604557,-24.176848444366968,-24.44182072430746,-24.437408609504708,-24.640858401351373,-19.183791314085244,-16.970769425861814,-24.87197367769657,-25.448179033883072,-25.485396283455025,-26.051561408615424,-26.92834781788486,1,0.3336023839112663,0.26497227994049055,-0.004412114802750722,0.20344979184666556,-2.2130218882234303,0.5762053561865024,0.03721724957195249,0.8767864092694353,1.614152799110716
165302.64+265134.8,-23.50909419509152,-23.70102242706142,-23.980442802210952,-24.041122104233644,-24.21112681694306,-22.52046461340396,-23.014231295677824,-23.465905300477587,-24.82934796956358,-25.413623297992185,-26.12668965811968,-27.09499358394292,1,0.19192823196990005,0.279420375149531,0.06067930202269167,0.1700047127094173,0.4937666822738649,1.3634426690859947,0.5842753284286033,0.9683039258232391,2.0855675538860368
165328.00+293945.6,-23.882740645459695,-24.044078592824714,-24.35381898538649,-24.48369033303017,-24.553270422592323,-23.043297472160955,-23.493845151814018,-24.64766741126668,-24.898607742277715,-25.41359692474761,-25.90873126859529,-26.801141770754988,1,0.16133794736501983,0.30974039256177477,0.12987134764368236,0.06958008956215167,0.45054767965306297,0.25094033101103363,0.5149891824698933,0.8924105021596986,1.425040935565118
165445.06+273144.3,-23.5716227159662,-23.85891351637555,-24.09712979191529,-24.091816038798648,-24.375857579571598,-22.43989287064945,-23.01328876496179,-24.32593218408881,-24.76878991599589,-25.307732388008613,-25.99803776686964,-26.84071131659081,1,0.28729080040935173,0.23821627553973812,-0.0053137531166420615,0.2840415407729502,0.5733958943123376,0.442857731907079,0.5389424720127245,0.8426735497211695,1.9062217280709923
165613.82+420909.7,-23.8453676550638,-24.29824403568424,-24.59106397978674,-24.622367725881432,-24.786771035883408,-21.60035338371328,-23.431090591598853,-25.205521300876924,-25.494002389017417,-25.73335964452588,-26.25874863976108,-27.043097546609022,1,0.45287638062044167,0.29281994410249723,0.031303746094693,0.16440331000197617,1.8307372078855728,0.2884810881404931,0.23935725550846243,0.7843489068479421,1.6363809138796483
165614.00+351014.7,-24.516358468787377,-24.501008112101985,-24.77452890378028,-24.90721839180487,-24.96063439705297,-23.06199068122189,-24.17953428921442,-24.69965350674593,-25.06232605833408,-25.431311915823336,-26.57837711703784,-27.503171436082912,1,-0.015350356685392086,0.273520791678294,0.13268948802459235,0.053416005248099196,1.1175436079925305,0.36267255158815104,0.36898585748925683,0.9247943190450734,1.6711587252329672
165722.07+395551.4,-23.585375530761127,-23.692688663995323,-24.128194407008365,-24.24238947914672,-24.430476791274945,-22.050288580945317,-22.454907330536603,-24.46978975854291,-25.045120951561746,-25.50642953605364,-26.132575233463715,-27.14781705838228,1,0.10731313323419656,0.43550574301304223,0.11419507213835445,0.18808731212822494,0.4046187495912861,0.5753311930188367,0.4613085844918956,1.015241824918565,1.8901857543169953
170150.81+474027.8,-23.91701314131883,-24.09530994284315,-24.43437065300452,-24.566095346586028,-24.815837598160925,-23.344576860806765,-23.969817043663483,-25.26397456279205,-25.443355751810703,-26.31940118776624,-26.00136508719972,-26.85854234647788,1,0.17829680152432203,0.3390607101613696,0.13172469358150707,0.24974225157489727,0.625240182856718,0.17938118901865252,0.8760454359555361,0.8571772592781599,1.4352697406136912
170416.25+433044.3,-24.356390266894728,-24.44702698366429,-24.620919607796992,-24.80251609307752,-24.85864017264846,-23.342073431903856,-23.91489085184716,-24.88847329019333,-25.238547153616487,-25.29210873049473,-26.264147408977596,-27.23633768116036,1,0.09063671676956275,0.17389262413270146,0.1815964852805294,0.05612407957093879,0.5728174199433056,0.3500738634231588,0.05356157687824137,0.9721902721827647,1.4616313159000747
170441.38+604430.5,-25.06545655460664,-25.30371295442337,-25.75660755898413,-25.908150119874524,-26.066800609566936,-24.59566076945381,-25.07558806662181,-25.950566552987205,-26.25449142936749,-26.876745121763932,-27.55682881832585,-28.297260660415944,1,0.23825639981673064,0.4528946045607576,0.15154256089039464,0.15865048969241258,0.47992729716799687,0.303924876380286,0.6222536923964412,0.7404318420900928,1.6486786984513273
170524.75+340356.6,-23.50065007857308,-23.84883931007416,-24.321094915030365,-24.400124841069587,-24.589903540331044,-23.2649291810903,-22.91910247778604,-24.03973715408307,-24.34719776307198,-24.76529688917121,-25.71592500323247,-26.61086297537059,1,0.3481892315010775,0.47225560495620655,0.07902992603922243,0.1897786992614563,-0.34582670330425813,0.30746060898890804,0.41809912609923217,0.8949379721381199,1.3158001621628834
170533.69+644004.7,-22.78965293629276,-23.13396411035549,-23.598011385073207,-23.71474283718498,-23.831035163348723,-23.04534167433593,-22.89038506077093,-23.560438806913385,-24.051862127044235,-24.973499260898905,-25.7851924255564,-26.820181620879293,1,0.34431117406272804,0.4640472747177178,0.11673145211177172,0.11629232616374452,-0.15495661356499824,0.4914233201308491,0.92163713385467,1.0349891953228934,2.070449588371421
170718.04+355347.5,-21.76800323569791,-21.936399046670903,-22.21180707945277,-22.36361517479767,-22.575346032195768,-21.91846051192399,-21.76708613659078,-22.916451219999907,-23.192652635250635,-23.738911592093995,-24.36609030712691,-25.09500687399706,1,0.16839581097299217,0.27540803278186843,0.15180809534489725,0.2117308573980985,-0.15137437533320863,0.2762014152507284,0.54625895684336,0.7289165668701507,2.0024751323292413
170823.10+412309.5,-24.42162400975506,-24.49033749897267,-24.721253016252728,-24.85108036175518,-24.97711672663564,-23.972482352348717,-24.53166827885877,-25.1589877822783,-25.31414538065185,-26.22376827405441,-26.801692546064917,-27.75153914864291,1,0.06871348921761111,0.23091551728005655,0.12982734550245212,0.12603636488045922,0.5591859265100538,0.15515759837355247,0.9096228934025596,0.9498466025779919,1.9506121843097368
170827.42+382238.7,-22.643214923293947,-22.890670646515943,-23.161544469407016,-23.20244509786197,-23.41997737847005,-21.75880149580651,-22.201763060485245,-23.161870293722423,-23.9221818099763,-24.15598898186553,-24.6647160883797,-25.49352391539967,1,0.2474557232219965,0.27087382289107254,0.04090062845495268,0.21753228060808283,0.44296156467873615,0.7603115162538785,0.23380717188922873,0.8288078270199719,1.4622709905177302
171131.30+333543.3,-24.13320491404757,-24.310165410945807,-24.766196582293112,-24.763729997230158,-24.932736130550747,-15.55180241365865,-17.805638811393123,-24.526110623769974,-24.912860116606254,-25.56814960580364,-26.276957893868687,-27.22163267876595,1,0.17696049689823568,0.45603117134730553,-0.002466585062954607,0.16900613332058967,2.2538363977344726,0.38674949283628024,0.6552894891973864,0.9446747848972628,1.5132278966385293
171300.67+572530.2,-22.26072389011017,-22.519259697319733,-22.87586945608421,-23.014376209675437,-23.219359593633552,-21.401087393572126,-21.659722245275017,-23.48788658641628,-24.010417244993864,-24.680989071058303,-24.816918581595544,-25.55095651731882,1,0.2585358072095616,0.35660975876447765,0.13850675359122633,0.20498338395811544,0.25863485170289024,0.5225306585775833,0.6705718260644389,0.7340379357232756,1.802542371920108
171404.20+302700.3,-23.946592627291743,-24.041241883901357,-24.213968287770555,-24.238798555695663,-24.314101773646467,-22.351981745902936,-23.32990212851188,-24.55122701067354,-24.750937724662585,-25.031751458360432,-25.73434361197973,-26.67079910697897,1,0.09464925660961399,0.17272640386919846,0.024830267925107563,0.07530321795080397,0.9779203826089429,0.19971071398904527,0.28081373369784757,0.9364554949992367,1.4955450562840689
171550.38+410337.3,-23.629067409467552,-23.71502571268807,-24.1015358796704,-24.21023728565727,-24.30097257237201,-23.552059757438244,-23.467395220549896,-24.598887232643467,-25.012372319011444,-25.27680904011828,-25.958677386978348,-26.89519930368797,1,0.08595830322051867,0.38651016698232965,0.10870140598687072,0.09073528671473952,-0.08466453688834719,0.4134850863679773,0.26443672110683636,0.9365219167096228,1.7484401013210764
171750.60+581514.0,-23.11333567042644,-23.13324782423161,-23.258060530693943,-23.351520684414297,-23.52933716628656,-23.094208524532164,-23.183737660394257,-23.556130223398327,-24.002928534724703,-24.350343959046125,-25.415454621497044,-26.120514897280422,1,0.019912153805169197,0.12481270646233256,0.0934601537203541,0.17781648187226295,0.08952913586209377,0.4467983113263756,0.34741542432142225,0.7050602757833779,2.063933937082748
172026.70+554024.2,-23.698125485705447,-23.74823098770281,-23.91627729272749,-23.954335446082247,-24.127321402965624,-23.19446368446735,-23.394568710761,-23.91957415530488,-24.462638186397964,-24.56578524177732,-25.11399796015319,-25.82626125960984,1,0.050105501997364854,0.16804630502467788,0.03805815335475771,0.1729859568833767,0.2001050262936488,0.5430640310930848,0.10314705537935609,0.7122632994566516,1.1596625140709413
172422.16+271744.1,-22.96973557199712,-23.065198634960804,-23.24518976894229,-23.25079393099209,-23.39243853800848,-23.318297286484253,-23.23845349450824,-23.546307767507415,-23.95842950126969,-24.67868465030192,-25.40894988332617,-26.247695682909185,1,0.09546306296368456,0.1799911339814848,0.0056041620497992994,0.14164460701639214,-0.07984379197601399,0.4121217337622767,0.72025514903223,0.8387457995830161,2.1581559523340808
172529.82+380451.0,-23.265327925327767,-23.470218714006883,-23.68996377971589,-23.734577099560266,-24.00731745763259,-22.91699575205589,-23.110681888623763,-23.93965819893519,-23.926344830523774,-24.572179155952487,-25.05572742671983,-25.842510571955803,1,0.2048907886791156,0.21974506570900587,0.044613319844376775,0.27274035807232266,0.19368613656787304,-0.01331336841141706,0.6458343254287122,0.7867831452359724,1.3211503271595646
172602.85+382434.2,-22.543711939013097,-22.65384441279589,-22.914490719556373,-23.006567566936056,-23.336297065769237,-22.378654821923625,-22.41761733212935,-23.496521311645285,-24.2028450542804,-24.808856150529294,-25.386210200696077,-26.04971138876236,1,0.11013247378279445,0.2606463067604814,0.09207684737968336,0.32972949883318137,0.0389625102057245,0.7063237426351137,0.6060110962488956,0.6635011880662844,2.379642633760021
172640.44+362054.1,-22.715063461396767,-22.990223169241368,-23.145587539628917,-23.19658455278021,-23.400963647569164,-23.39037637280561,-23.18092906126004,-23.500947597007464,-24.72323796540535,-24.93196319375146,-25.40217154746078,-26.362865139081688,1,0.2751597078446011,0.1553643703875487,0.050997013151292236,0.20437909478895477,-0.20944731154556706,1.2222903683978856,0.20872522834611118,0.9606935916209061,2.205586994680573
173348.81+585651.0,-23.46247677161412,-23.54333846741308,-23.81126791834114,-23.85864118619724,-24.027971967028137,-23.192642139971337,-23.32098916334616,-23.8819553690864,-24.508161833403467,-24.8301976292069,-25.32434738842052,-26.315954237472248,1,0.08086169579895852,0.26792945092806164,0.04737326785609852,0.16933078083089725,0.12834702337482184,0.6262064643170682,0.32203579580343344,0.9916068490517276,1.4657062022232807
203725.23-053746.9,-24.143120293870748,-24.26801507846831,-24.53270173451452,-24.630018587884464,-24.73856213099086,-23.696317641017128,-23.46121202229492,-24.886974804183588,-25.2418910640027,-25.57867816989936,-26.06988603894853,-26.94236254532047,1,0.12489478459756143,0.2646866560462122,0.09731685336994289,0.10854354310639636,-0.23510561872220848,0.3549162598191131,0.33678710589665783,0.8724765063719424,1.4398674510640639
203730.39-053013.3,-23.868761977185684,-23.951406059838398,-24.47124505825603,-24.579629055649324,-24.749408568307324,-24.218142747736422,-23.79356750710571,-24.65156377414213,-25.117889277662307,-25.691322163424456,-26.59128756466471,-27.43655744586085,1,0.08264408265271328,0.519838998417633,0.10838399739329319,0.16977951265799973,-0.4245752406307126,0.4663255035201779,0.5734328857621485,0.8452698811961383,2.011658509015387
204045.28-062422.4,-24.253390337789508,-24.29888539520183,-24.648629263357783,-24.88453710456365,-24.904363664902483,-23.674179817713053,-23.916923904701783,-25.0274414930318,-25.314013096009763,-25.647315110727487,-25.947340462352766,-26.710258127584297,1,0.04549505741232096,0.3497438681559544,0.23590784120586505,0.01982656033883501,0.24274408698872918,0.28657160297796125,0.3333020147177237,0.7629176652315302,1.062803357789118
204956.61-001201.7,-22.922328814543157,-23.106899834019423,-23.438826210251364,-23.526087317410425,-23.917665894422186,-16.94820568064522,-16.896352210739146,-23.606736796886,-23.997057446098594,-24.692409641761685,-25.22780727304329,-26.010404820384903,1,0.18457101947626597,0.3319263762319409,0.08726110715906188,0.39157857701176013,-0.05185346990607442,0.3903206492125939,0.6953521956630908,0.7825975473416129,1.7017199556328642
205608.47+002928.1,-24.05185524906956,-24.11569937063061,-24.284681224158817,-24.242259819537622,-24.45803129544456,-23.920057785852435,-23.94672347795881,-24.177961137980105,-24.31275804514807,-24.75138585255188,-25.95773614856,-26.89155753402469,1,0.06384412156105057,0.16898185352820505,-0.04242140462119437,0.21577147590693713,0.026665692106373484,0.13479690716796355,0.4386278074038117,0.9338213854646931,1.7154763290223762
210001.24-071136.3,-26.133743925099047,-26.31325007530568,-26.69394454392417,-26.739412941780568,-26.90544958879132,-25.54278309078629,-25.517850762861222,-26.708719713708664,-26.861661546307424,-27.14513458943392,-27.66982423358439,-28.641551936327144,1,0.17950615020663463,0.3806944686184899,0.045468397856396336,0.1660366470107526,-0.024932327925068165,0.15294183259875993,0.28347304312649513,0.9717277027427542,0.9304112918038214
210651.11+090936.0,-23.282715199053857,-23.428142793461028,-23.6049695809076,-23.641990528610744,-23.99339609768616,-23.521249534039068,-23.293935846868077,-23.884568725423826,-24.037236991068355,-24.78532579052061,-25.226857012260268,-26.061659179483005,1,0.14542759440717035,0.1768267874465721,0.03702094770314446,0.3514055690754141,-0.22731368717099087,0.15266826564452884,0.7480887994522547,0.8348021672227368,1.5848664836495239
211055.83+050707.8,-25.97634656390046,-27.14607633607837,-27.19904030567208,-27.239651882372154,-27.684718502131947,-21.308489964623075,-20.296153424584222,-28.09866496567201,-28.46903457905724,-28.7604682482834,-29.536953761093727,-30.52224088500443,1,1.1697297721779094,0.05296396959371208,0.04061157670007276,0.44506661975979256,-1.0123365400388522,0.370369613385229,0.29143366922615854,0.9852871239107017,2.297301878721573
211126.12+050112.9,-23.20747446545367,-23.60329244389797,-23.93562253507802,-23.98571328130677,-24.150569971628403,-22.8390235808623,-23.032375035873788,-24.31076412371161,-24.553176551813227,-24.983305096481462,-24.95979018246642,-25.72027321857778,1,0.395817978444299,0.33233009118005086,0.05009074622874721,0.16485669032163486,0.19335145501148787,0.24241242810161623,0.4301285446682357,0.7604830361113599,0.974076901159652
211348.40+003722.1,-22.65272102998954,-22.83563447393645,-23.20238091882344,-23.23486023407104,-23.506281778088237,-21.85081347649498,-22.23385741292357,-23.77916577934858,-23.6900946887623,-24.60953915085264,-25.46777146014866,-26.288906661425717,1,0.18291344394691222,0.3667464448869886,0.03247931524759906,0.27142154401719765,0.3830439364285887,-0.08907109058628038,0.9194444620903397,0.8211352012770554,2.232911226077622
211843.24-063618.0,-23.20282927266812,-23.20224575527245,-23.35712771700648,-23.386391595581397,-23.89052132258756,-23.30144971933875,-23.29891939176662,-23.54212461511739,-23.855154877264194,-24.61007641186641,-25.57660737379057,-26.19715300742615,1,-0.0005835173956683093,0.15488196173403068,0.02926387857491619,0.5041297270061627,-0.0025303275721277885,0.3130302621468033,0.7549215346022145,0.6205456336355795,2.190215778209172
212122.32+032229.7,-23.5726495543598,-23.70884530609356,-24.051701089619787,-24.25588624897604,-24.408702874454097,-22.776756543968528,-23.030381130397966,-24.72374246727209,-24.94888752543297,-25.69926697378189,-25.978696682079597,-26.813481979854156,1,0.1361957517337622,0.34285578352622537,0.20418515935625337,0.15281662547805652,0.25362458642943864,0.22514505816088004,0.7503794483489195,0.8347852977745589,1.7228104331035574
212130.13-000527.1,-24.272222972943307,-24.37800584051969,-24.73218180108114,-24.756270930226947,-24.91280364563079,-21.452252672050108,-21.220295832806404,-24.3262648356825,-24.992354423272367,-25.42012859175465,-26.29772875260286,-27.26712809535668,1,0.10578286757638367,0.35417596056144873,0.024089129145806965,0.15653271540384495,-0.23195683924370414,0.666089587589866,0.42777416848228356,0.9693993427538175,1.5414578223759143
212243.03+002028.1,-24.24072086850341,-24.3103992408906,-24.635244234871845,-24.76370446157888,-25.021122859499798,-23.588621064376632,-24.42619871096299,-25.19859222232761,-25.43734129048237,-26.015237463435625,-26.449821147588267,-27.305587322656176,1,0.06967837238719099,0.32484499398124456,0.12846022670703405,0.2574183979209188,0.8375776465863574,0.23874906815476038,0.5778961729532561,0.8557661750679095,1.6861166860093881
212501.20-081328.6,-24.090760509048184,-24.526855601517425,-24.91278205247012,-24.97241612443137,-25.194938217134244,-17.038306511892422,-18.10997788906803,-25.125180112682006,-25.57183915584104,-26.10552096622256,-26.689235586760432,-27.609683551748898,1,0.43609509246924105,0.3859264509526952,0.05963407196124848,0.22252209270287437,1.0716713771756083,0.44665904315903404,0.5336818103815197,0.9204479649884654,1.7168194623290631
212715.34-062041.7,-23.98302873457621,-24.22956623039014,-24.604253610227456,-24.61935938154168,-24.87316628053986,-23.783338287322845,-24.084564160380413,-24.877213601430977,-24.97955326067613,-25.33458204199989,-25.98020102081092,-26.690299992177568,1,0.24653749581393214,0.37468737983731515,0.01510577131422508,0.2538068989981781,0.3012258730575681,0.10233965924515331,0.35502878132376026,0.7100989713666479,1.360841639269239
214313.98+004715.0,-23.153887629883663,-23.30491181173502,-23.646695941780973,-23.738818922802054,-23.926991453914777,-22.98989642970116,-22.959094857361748,-23.82265499886817,-24.663765201932925,-25.05279151896511,-25.98175364836717,-26.81716360832945,1,0.15102418185135846,0.34178413004595143,0.09212298102108107,0.18817253111272336,-0.030801572339413497,0.8411102030647548,0.38902631703218304,0.8354099599622806,2.2429347255651173
214337.32-004724.1,-22.70796633469732,-22.87241594034403,-23.25924452855957,-23.239554774595,-23.459665655524827,-22.782294992793656,-22.72297400163493,-23.48795257033132,-24.28123671460232,-24.204220599884163,-24.79831831622564,-25.586831198543543,1,0.16444960564670907,0.3868285882155398,-0.0196897539645704,0.2201108809298269,-0.05932099115872447,0.7932841442709986,-0.07701611471815539,0.7885128823179031,1.5587635416306398
214843.56+001054.5,-24.036824625838594,-24.23851216028135,-24.538553389788795,-24.61411846552069,-24.783219575070063,-22.83017076063553,-23.29972256590699,-25.005692759854803,-25.39720055668181,-25.71716572167349,-26.373372507064044,-27.300702626056115,1,0.20168753444275467,0.30004122950744616,0.07556507573189464,0.16910110954937352,0.4695518052714611,0.39150779682700687,0.3199651649916788,0.9273301189920709,1.759254041543354
215014.76-065314.4,-24.78082309974697,-24.883859257909126,-25.090888578414734,-25.076268301426136,-25.209517170314275,-25.008009163915474,-24.999480507407338,-25.36293884584173,-25.60438780481198,-26.203860007294345,-27.036767285227437,-27.895610901521884,1,0.10303615816215483,0.20702932050560818,-0.014620276988598135,0.13324886888813836,-0.008528656508136834,0.24144895897025265,0.5994722024823638,0.8588436162944468,1.9604989838013012
215709.16+221103.1,-22.22404291084825,-22.580874036998395,-22.92423419132822,-22.982115904400388,-23.24897715089612,-21.269627513233228,-21.37369566976779,-23.451419495712265,-24.022659038023534,-24.499557266576257,-24.741614015834976,-25.71061007038824,1,0.35683112615014423,0.3433601543298259,0.05788171307216672,0.26686124649573273,0.10406815653456292,0.5712395423112682,0.4768982285527237,0.9689960545532621,1.7594981114345885
215747.49+024724.9,-23.202912959797523,-23.38957187452029,-23.76633486584104,-23.96668536456001,-24.15046053916263,-23.42511668179104,-23.442534911423564,-24.653284019447344,-25.187774356347376,-25.58433114412809,-25.81240654987153,-26.699670982543367,1,0.1866589147227664,0.3767629913207493,0.20035049871897215,0.18377517460261927,0.017418229632525595,0.5344903369000313,0.3965567877807139,0.887264432671838,1.8457211853115183
215818.98+020849.7,-24.392694660159627,-24.66944842812403,-24.99471846683183,-25.07855999083585,-25.31867692126054,-24.743573659366607,-24.52344303587295,-25.330996956495035,-25.671966742462896,-25.98883875722688,-26.46865387320031,-27.28999758637942,1,0.2767537679644043,0.32527003870779936,0.08384152400401845,0.24011693042469062,-0.22013062349365597,0.34096978596786087,0.31687201476398386,0.821343713179111,1.3900938823644609
220225.61+282821.2,-23.62968349195828,-24.010255651786643,-24.40833205852817,-24.621668494621545,-24.61950692259129,-23.37381810221456,-23.836852546464677,-25.181170366683155,-25.388829943198097,-25.94672475935893,-26.783521106194254,-27.75557998506328,1,0.3805721598283647,0.3980764067415272,0.21333643609337472,-0.002161572030253467,0.4630344442501162,0.20765957651494205,0.5578948161608324,0.9720588788690279,2.1618526115727086
220226.45+235631.2,-23.65179136516023,-23.87498560230041,-24.223872777899278,-24.241456824773863,-24.43468293737253,-22.374264717167144,-23.392436290929314,-24.44240208745544,-24.824335634727127,-25.566820261517236,-26.326350873901884,-27.25533374113976,1,0.22319423714018072,0.3488871755988683,0.01758404687458537,0.19322611259866562,1.0181715737621708,0.3819335472716858,0.7424846267901088,0.9289828672378775,2.084894049128021
220314.78-013123.3,-23.609959322777023,-24.06909657833462,-24.277428864130883,-24.57307641412826,-24.78250848714504,-22.575524286230884,-23.246444331739028,-25.11086446755244,-25.449609698628176,-25.94881504398194,-26.608045753262072,-27.753323407538385,1,0.45913725555759655,0.2083322857962635,0.2956475499973763,0.20943207301678157,0.6709200455081437,0.3387452310757375,0.49920534535376504,1.1452776542763132,2.034969339133813
220355.55+005516.6,-23.115042542843774,-23.589931686918305,-24.013296052139705,-23.99550781208657,-24.311257878617564,-22.52666686237062,-23.30114310458505,-24.77296399365624,-24.958862649013845,-25.01710386677402,-25.88687218265396,-26.57106496342682,1,0.4748891440745311,0.4233643652213992,-0.01778824005313595,0.31575006653099535,0.7744762422144298,0.18589865535760453,0.058241217760173214,0.6841927807728609,1.8913643705673913
220836.01-084608.3,-23.9821204082268,-24.117009306186453,-24.534749001289374,-24.638226274779147,-24.75858873680164,-23.23950741043443,-23.675167018303256,-24.96907539833622,-25.288380705800854,-25.6837634060284,-26.29622240823195,-27.147285056691505,1,0.1348888979596552,0.4177396951029202,0.10347727348977287,0.12036246202249501,0.43565960786882485,0.31930530746463504,0.39538270022754674,0.8510626484595534,1.657996133452805
220851.96-010603.7,-22.470651392622887,-22.58144552439292,-22.87652560312988,-23.017821651789983,-23.356657818227937,-22.11103685506379,-22.472689111424245,-23.44472055881904,-23.890023064588565,-24.53638994489671,-24.798901194856104,-25.57838471789428,1,0.11079413177003161,0.2950800787369623,0.14129604866010226,0.3388361664379538,0.36165225636045406,0.4453025057695257,0.6463668803081468,0.7794835230381771,1.7810795430661202
221122.24+304117.8,-22.094419098517136,-22.283724711215743,-22.597743019999964,-22.63412669225975,-22.88930069830012,-22.05131294650833,-21.90794758922496,-22.967574857561488,-23.51750857603895,-24.25705438193404,-24.437572731562177,-25.130202479555635,1,0.18930561269860746,0.3140183087842203,0.03638367225978456,0.2551740060403702,-0.1433653572833684,0.5499337184774618,0.7395458058950908,0.6926297479934576,1.803446039302429
221452.11+211505.1,-23.177087610368456,-23.34029117092455,-23.53217293669722,-23.67990130912396,-23.979989431629004,-23.113355701560558,-23.218642814244756,-23.94468145500188,-24.055681518954877,-24.354000747373053,-25.132257651214257,-25.98657160135198,1,0.16320356055609508,0.19188176577266702,0.14772837242674086,0.3000881225050449,0.10528711268419855,0.11100006395299644,0.29831922841817615,0.8543139501377226,1.4523563420902974
221559.40+020439.1,-23.43066835464776,-23.48309093067437,-23.732137700260232,-23.823855686495147,-23.827418329223875,-22.93837950657017,-23.179176216555994,-24.202624802224378,-24.90123567809856,-25.29117055734335,-25.72408751473133,-26.669608590792965,1,0.052422576026607715,0.24904676958586336,0.09171798623491512,0.0035626427287276385,0.24079670998582614,0.6986108758741807,0.389934879244791,0.9455210760616346,1.9002318282361834
221710.95+223946.7,-22.644412561109917,-22.81665480727541,-23.037614309404937,-23.18526795908354,-23.528346638919952,-22.263013141843743,-22.494782089689224,-23.79104324124959,-24.09233590426177,-24.392314822344837,-24.73797320286592,-25.46323153746633,1,0.17224224616549222,0.22095950212952786,0.1476536496786025,0.34307867983641316,0.23176894784548097,0.3012926630121804,0.29997891808306676,0.7252583346004116,1.5527052437823805
222137.24+301820.5,-22.62567422528137,-22.80317135982834,-23.28563512361784,-23.29902399197858,-23.488344138083317,-22.06842619363862,-22.29498141366352,-23.739548582950285,-23.899172530944966,-24.94462113942019,-25.044341970176003,-25.862635020907227,1,0.17749713454697158,0.4824637637895002,0.013388868360738826,0.18932014610473757,0.22655522002490258,0.15962394799468171,1.0454486084752226,0.8182930507312243,1.7453179781974235
222328.20+210126.5,-21.956382934467698,-21.983073497853447,-22.22162712312551,-22.41476835027689,-22.660457539209467,-22.047610584788696,-22.148412000739697,-23.02275682185588,-23.58996201078224,-23.905426520989764,-24.42515564264857,-25.01219078707928,1,0.026690563385749044,0.2385536252720648,0.19314122715137927,0.24568918893257674,0.10080141595100045,0.5672051889263621,0.31546451020752286,0.5870351444307111,2.0103872923716786
222534.46+235104.3,-23.403157833797977,-23.663661711211944,-24.006255403261036,-24.1604480495079,-24.440063374066742,-23.08307268471522,-23.099418430764157,-24.47230300908194,-24.73749402757084,-25.55000763431302,-26.012670401584195,-26.89437860172939,1,0.2605038774139672,0.3425936920490926,0.15419264624686235,0.2796153245588435,0.01634574604893757,0.26519101848889903,0.8125136067421792,0.8817082001451944,1.8522223520762964
222708.31+133614.1,-23.17279899992838,-23.4200566467526,-23.71341790711489,-23.76453993474239,-24.05743064530219,-22.933611034922432,-23.10089274047438,-23.476565313307333,-24.34309725841822,-24.71343269409508,-25.860534733093093,-26.732792609951083,1,0.24725764682422025,0.2933612603622926,0.05112202762749973,0.2928907105597993,0.16728170555194666,0.8665319451108857,0.37033543567686067,0.87225787685799,2.095994798350702
222836.32-095008.9,-24.846437564838972,-24.866508197374728,-25.195250543906525,-25.396452325753245,-25.473876249497085,-15.810945556517328,-16.94571142497565,-25.328330288660016,-25.52330907030849,-26.07479415367496,-26.743623906921517,-27.7049081794468,1,0.020070632535755806,0.3287423465317971,0.20120178184672,0.0774239237438401,1.1347658684583202,0.19497878164847293,0.5514850833664724,0.9612842725252833,1.347171581168272
223109.07-080900.5,-23.290386649809385,-23.47866372241746,-23.7140750273372,-23.77108720419024,-24.07121056392312,-23.509553949845465,-23.2901881992764,-23.95992773424335,-24.782815756577484,-24.51473074783883,-24.97901036038775,-25.805122897434096,1,0.18827707260807358,0.23541130491974016,0.05701217685304272,0.3001233597328792,-0.2193657505690645,0.8228880223341335,-0.26808500873865526,0.8261125370463454,1.2079231561975092
223320.72-082530.1,-23.613381360902537,-23.678323112711865,-23.88691591515836,-24.00760094635457,-24.207557963909306,-23.321114172781257,-23.49687435757207,-24.353012426010874,-25.10682871649108,-25.45566404270587,-25.810570073656542,-26.534622720315618,1,0.06494175180932871,0.20859280244649625,0.12068503119620999,0.19995701755473405,0.17576018479081412,0.7538162904802057,0.34883532621478963,0.7240526466590751,1.8029691273019708
223336.01+123158.0,-23.74637992101916,-23.886911591258105,-24.199531187233788,-24.21065733198817,-24.464263996212757,-23.693510222414755,-23.778869619470857,-24.562891485665823,-25.183438081422818,-25.7076914732234,-26.41795388073631,-27.379411841632333,1,0.1405316702389463,0.3126195959756828,0.011126144754381784,0.2536066642245878,0.08535939705610218,0.6205465957569949,0.5242533918005812,0.9614579608960234,2.2072965487481397
223442.59+321754.6,-23.094149599358264,-23.173074317984675,-23.501844287729178,-23.58525053828033,-23.611833371506314,-20.063124297289672,-22.9967227638286,-26.17282124853949,-26.36685800541974,-26.17093060457709,-25.52365912944512,-26.339220871157156,1,0.0789247186264106,0.3287699697445028,0.08340625055115325,0.02658283322598365,2.9335984665389283,0.19403675688025146,-0.19592740084264904,0.8155617417120347,1.9384085911647908
223500.73-101216.8,-23.97849015263468,-24.069337297694048,-24.359137209052623,-24.357435332382444,-24.56100776532412,-23.689461839348663,-23.5042739725562,-24.211974994900174,-24.60620012990986,-25.3306406100005,-26.180328937190662,-27.057210234868368,1,0.0908471450593673,0.28979991135857475,-0.001701876670178848,0.2035724329416766,-0.18518786679246446,0.3942251350096839,0.7244404800906423,0.8768812976777056,1.8228936048082183
223533.08-081322.0,-23.32309026297172,-23.408939550944257,-23.608288784792087,-23.582433384749027,-23.78452997393422,-23.13452265220839,-23.12183826636009,-23.63880077766749,-23.859412700337405,-24.578673672822404,-25.27147199721558,-26.07383986800905,1,0.0858492879725361,0.19934923384782977,-0.025855400043059973,0.20209658918519224,-0.012684385848299229,0.2206119226699137,0.7192609724849994,0.8023678707934678,1.689038612466554
223628.14+231316.4,-23.33255332553055,-23.55002211926942,-23.82700631918238,-23.978180981395443,-24.15844224446597,-23.14859023495231,-23.286775410793386,-24.87873099714368,-25.17723519947018,-25.3453240697129,-25.943493037362863,-26.694908537025317,1,0.2174687937388704,0.27698419991295964,0.1511746622130623,0.18026126307052692,0.1381851758410768,0.2985042023264981,0.16808887024271968,0.7514154996624534,1.96531205596742
223631.59+033717.9,-22.942016386544854,-23.119467611684517,-23.5391040375132,-23.6399854066757,-23.836769301414733,-22.789820288637404,-22.73847013380619,-23.543114513858143,-23.67977643771106,-24.71084087445784,-25.25513174123085,-26.217571271875844,1,0.17745122513966294,0.4196364258286849,0.10088136916249724,0.1967838947390348,-0.05135015483121563,0.1366619238529161,1.0310644367467816,0.9624395306449927,1.6151463345551527
225245.63+180147.7,-23.076134571876157,-23.016237060623027,-23.3670496413673,-23.40195825585773,-23.674878970368383,-22.32123860562292,-22.409615595746303,-23.4565532476948,-23.87724662460892,-24.51913078701488,-25.33735870027712,-26.09367044936172,1,-0.05989751125312992,0.3508125807442717,0.03490861449042981,0.27292071451065425,0.08837699012338263,0.42069337691411945,0.6418841624059617,0.756311749084599,1.9354004444193933
225603.37+273209.5,-24.03051181825929,-24.15288380964509,-24.40344955473303,-24.40679600313148,-24.657062256455426,-24.0549337546758,-24.06798770860779,-24.492873503796496,-24.897500802354127,-25.46256880745043,-26.13223032200208,-26.96725600519405,1,0.12237199138580124,0.2505657450879397,0.003346448398449553,0.2502662533239466,0.013053953931990492,0.4046272985576316,0.565068005096304,0.8350256831919687,1.725434318870601
225640.88+070909.5,-23.967261095455644,-24.09122635455131,-24.29901998815902,-24.26381306713771,-24.39820564593535,-19.80009687033922,-18.047808053494997,-24.27597389257151,-24.68562416743668,-25.27023274508253,-25.98568610890485,-26.926933584792454,1,0.12396525909566591,0.20779363360771086,-0.03520692102130951,0.13439257879763744,-1.7522888168442243,0.40965027486516803,0.5846085776458523,0.9412474758876037,1.7218730417671395
225738.20+134045.4,-24.34739339541153,-24.55552632278391,-24.79023364171515,-24.80968152732409,-24.96866016006633,-24.662969132606374,-24.43178898557187,-25.163505550262,-25.310001776039066,-25.728558869290943,-26.594358144563333,-27.41163774928451,1,0.20813292737237887,0.23470731893124253,0.019447885608940396,0.15897863274224022,-0.23118014703450385,0.14649622577706722,0.4185570932518772,0.8172796047211754,1.784676617239242
225905.66+192620.5,-21.986659128122405,-22.29252714272173,-22.71268633898041,-22.891275495577027,-22.98426678209446,-21.50513364856364,-21.559647413967543,-23.068409940575677,-23.26019518962368,-24.44938679587248,-24.736029755698297,-25.535118040681805,1,0.30586801459932644,0.42015919625868037,0.17858915659661534,0.0929912865174316,0.05451376540390385,0.19178524904800298,1.1891916062488015,0.7990882849835081,1.8447542601212703
230022.05+004300.2,-22.4284009189834,-22.599523371496502,-22.85150342648645,-22.98928736461113,-23.204914837099363,-22.44589063472644,-22.476833677462665,-23.332990597836574,-23.83392018852388,-24.289648540888702,-24.85973188754428,-25.65457109091823,1,0.17112245251310298,0.25198005498994647,0.13778393812468082,0.215627472488233,0.030943042736225834,0.5009295906873064,0.45572835236482234,0.7948392033739466,1.8704445229331519
230357.50+250040.3,-22.77987991522259,-23.161248986060933,-23.486511088009696,-23.59244537529632,-23.917688487735504,-21.55230166469496,-22.141088665199376,-23.99394600328865,-24.40957397323292,-24.882039529262865,-25.24253226060817,-26.00958223538274,1,0.3813690708383426,0.3252621019487627,0.10593428728662602,0.3252431124391819,0.5887870005044178,0.4156279699442713,0.47246555602994533,0.7670499747745723,1.6500868853118469
230444.26-000814.9,-23.046010390829927,-23.18852082950533,-23.487226482765625,-23.62395148929973,-23.84133556434196,-22.845987273832996,-22.7430004478654,-24.24658494756622,-24.772753509043905,-25.35138838252768,-25.55282880864733,-26.357981218559456,1,0.14251043867540147,0.29870565326029563,0.1367250065341068,0.21738407504222934,-0.1029868259675979,0.5261685614776859,0.5786348734837752,0.8051524099121252,1.928877319347599
230555.48+005946.2,-23.18921365510619,-23.58347355010629,-23.912369612176704,-24.027177545518786,-24.213733026764174,-22.87626604416837,-23.0439943489553,-24.84182862660411,-25.32507691870616,-25.79654499306864,-26.216853094840943,-27.20087327851488,1,0.3942598950001006,0.3288960620704131,0.11480793334208172,0.18655548124538868,0.16772830478693024,0.48324829210205067,0.4714680743624804,0.9840201836739375,2.189675549322157
230705.29+004754.1,-21.972705034490914,-22.20346144216143,-22.515864227228224,-22.60356945578383,-22.916020133306915,-21.202199907389577,-21.552952587593257,-23.30555296309887,-23.936982127236668,-24.43830751391237,-24.67965744966992,-25.468693645632,1,0.23075640767051553,0.3124027850667943,0.08770522855560614,0.31245067752308486,0.35075268020368,0.6314291641377991,0.5013253866757026,0.7890361959620797,2.076087993886091
230924.45-022246.7,-22.47750849217314,-22.784227328785583,-23.206073278223965,-23.21867737277872,-23.384437674908803,-22.332973594479974,-22.40386405891804,-23.81882556008453,-23.95531511807347,-25.134346634262144,-24.990877842096616,-25.894072802697075,1,0.30671883661244337,0.4218459494383815,0.012604094554756529,0.16576030213008153,0.07089046443806524,0.13648955798894136,1.1790315161886724,0.9031949606004588,1.7722004693178945
231011.66+290735.6,-22.50737530605735,-22.662306797985867,-22.949225476756222,-23.015256571386946,-23.522848523079308,-22.42287884106052,-22.46950109049621,-23.93750012975716,-24.323488110879136,-24.490650156053828,-24.72899664968675,-25.726356519791725,1,0.15493149192851519,0.2869186787703555,0.06603109463072343,0.5075919516923619,0.046622249435689156,0.38598798112197485,0.1671620451746918,0.997359870104976,1.7137400782998036
231019.71+183710.6,-23.864392038751458,-24.06606451937585,-24.391869733332275,-24.54225127282542,-24.743520753016853,-21.592885548521608,-22.98074082197324,-24.917803258432397,-25.0534512622518,-25.64368766199713,-26.13966117003737,-26.98210754874005,1,0.20167248062439214,0.3258052139564249,0.15038153949314648,0.20126948019143143,1.3878552734516312,0.135648003819405,0.5902363997453293,0.8424463787026788,1.59740989721195
231101.69+182744.6,-23.96192006166182,-24.20591486242159,-24.567040015795055,-24.593444342697357,-24.75054652203199,-23.76917520885334,-23.938485877981904,-25.34776493878228,-25.55157045438314,-25.88034371366973,-26.37349695649393,-27.36711361454213,1,0.24399480075976854,0.3611251533734645,0.02640432690230199,0.15710217933463255,0.16931066912856352,0.2038055156008589,0.3287732592865922,0.9936166580482002,1.780052613796574
231120.71+245134.2,-23.80774908099293,-23.931501414633928,-24.254542118326512,-24.32066288892643,-24.493442633493924,-23.05531208696361,-23.227313384993263,-24.413586733669263,-24.83680769716739,-25.296753074384718,-26.317274419827715,-27.23473107161457,1,0.12375233364099714,0.323040703692584,0.06612077059991961,0.17277974456749234,0.17200129802965236,0.4232209634981281,0.459945377217327,0.9174566517868534,1.9966115309012835
231152.90-001335.1,-22.5262397968226,-22.567051608579373,-22.68940425512576,-22.78752673771781,-23.07931834977008,-22.315194427056188,-22.36216652462456,-23.391457536331707,-23.73743818767725,-24.303662336768284,-24.30520850304413,-24.987879115976504,1,0.04081181175677173,0.12235264654638556,0.09812248259204992,0.2917916120522719,0.046972097568371396,0.3459806513455419,0.5662241490910347,0.6826706129323732,1.5176817653263228
231210.47+241022.5,-23.46856397623553,-23.78244124597398,-24.16174658489267,-24.301006530274837,-24.438920920501783,-22.80214320072688,-23.289481018353367,-24.481561510321374,-25.04556002274486,-25.21538486096173,-26.27598592297736,-27.142553830153187,1,0.31387726973845176,0.37930533891868734,0.13925994538216813,0.13791439022694618,0.48733781762648576,0.5639985124234848,0.1698248382168721,0.8665679071758277,1.9749793927025223
231252.75+205826.3,-22.158573707517775,-22.36645427126179,-22.574069313220345,-22.62323210059697,-23.010068101586388,-22.06344195356661,-21.84706350820769,-23.07024711569816,-23.51398975303005,-24.17866384117928,-24.52401544316105,-25.28484860793903,1,0.2078805637440162,0.2076150419585545,0.049162787376623385,0.38683600098941895,-0.21637844535892015,0.4437426373318907,0.6646740881492299,0.7608331647779778,1.9007833425640825
231433.51+230218.5,-23.0841781114718,-23.305284137300397,-23.735373140514437,-23.950759104943945,-24.101694119694063,-22.36561778184224,-22.52882440044009,-24.182036062975797,-24.703866985037006,-25.154562168686965,-25.83231609082387,-26.70685611782151,1,0.22110602582859684,0.4300890032140394,0.2153859644295082,0.15093501475011806,0.1632066185978509,0.5218309220612092,0.45069518364995886,0.8745400269976393,1.881556985879925
231446.55+310235.4,-23.361716865956247,-23.49641873303255,-23.71780566855953,-23.758117185279044,-24.00515022336228,-23.11808266536456,-23.188842924862207,-23.941973520213622,-24.45990064292016,-24.85583953985253,-25.63022634662255,-26.412729892777165,1,0.13470186707630205,0.22138693552698285,0.0403115167195125,0.2470330380832344,0.07076025949764642,0.5179271227065385,0.3959388969323676,0.782503546154615,1.8721091613435057
231509.34+001026.2,-24.273321889637018,-24.42399316674157,-24.75304802801696,-24.75694334050718,-24.90187659963752,-23.26615098114942,-23.96494080815366,-25.07400679172864,-25.28214224618562,-25.593172633471088,-26.38983482605417,-27.376084265774924,1,0.15067127710455352,0.3290548612753881,0.0038953124902221248,0.14493325913034028,0.6987898270042407,0.20813545445698267,0.3110303872854665,0.9862494397207549,1.6328914855469883
231635.00-002841.7,-24.42918236311744,-24.48174916737392,-24.79998000017681,-24.84520175159192,-24.953850963044214,-23.09139016028241,-23.833264043741213,-24.83670585412101,-25.41213733446176,-25.58155580825583,-26.395604763325387,-27.34838857824304,1,0.05256680425647886,0.31823083280288955,0.045221751415109424,0.10864921145229545,0.7418738834588048,0.5754314803407503,0.16941847379406738,0.9527838149176517,1.5504030117334686
231928.83+044951.3,-24.21172514110466,-24.34998952480611,-24.798557924114085,-24.862415468557597,-25.02986412841712,-23.66430385876661,-23.84220250063115,-24.77176501633448,-25.207363405962635,-25.25698837280386,-26.342712356348155,-27.22142438179929,1,0.138264383701447,0.44856839930797676,0.06385754444351122,0.16744865985952373,0.17789864186454096,0.43559838962815434,0.049624966841225415,0.8787120254511365,1.4802968877905585
231939.95+283432.2,-22.99868146594964,-23.191452912016075,-23.37822340142185,-23.37906646863601,-23.698167040153265,-22.45801817964294,-22.34336597990722,-23.574719607958617,-24.015660022651023,-24.16962821497604,-25.028148722391617,-25.765217756817584,1,0.19277144606643404,0.1867704894057738,0.0008430672141628293,0.3191005715172537,-0.1146521997357226,0.4409404146924061,0.15396819232501713,0.7370690344259678,1.649082253755605
232030.21-013948.0,-22.225371225019718,-22.37665549651685,-22.66622991000628,-22.76305452305431,-23.02342883508073,-22.021338710839206,-22.016673988535427,-23.373310902043716,-23.809007548084484,-24.43893578588912,-24.74469262696608,-25.389930348741625,1,0.15128427149713275,0.28957441348942936,0.0968246130480317,0.2603743120264177,-0.004664722303779456,0.43569664604076763,0.6299282378046378,0.6452377217755441,1.98163810391177
232044.85+051349.9,-22.868836348664477,-23.13847587918252,-23.482125923761316,-23.589055283287,-23.764489946362957,-18.393293573657893,-17.19158918064459,-24.815097192380573,-25.095538656871312,-25.523401428848,-25.36914759202647,-26.135269752537766,1,0.2696395305180417,0.3436500445787978,0.10692935952568305,0.1754346630759578,-1.2017043930133013,0.2804414644907389,0.4278627719766881,0.7661221605112978,1.7800923087394693
232202.60+211356.5,-24.31098915300355,-24.509068515389558,-24.81942948309172,-24.891303332124988,-24.9689131816166,-23.79681726550377,-24.349987644014984,-25.309644873927144,-25.61927722721461,-25.94217631408392,-26.573965697750037,-27.372506010304207,1,0.19807936238600732,0.31036096770216304,0.07187384903326688,0.07760984949161198,0.553170378511215,0.30963235328746563,0.32289908686930957,0.7985403125541701,1.682662365625049
232214.72-103725.1,-24.51979644458549,-24.58361655455422,-24.89121973897217,-25.08236053206913,-25.05259438553773,-24.35284379059814,-24.329307165147117,-24.789791208779736,-25.27354136903812,-25.33822404522045,-26.053934458786262,-26.979041364462898,1,0.06382010996872722,0.30760318441794965,0.19114079309696308,-0.02976614653140075,-0.02353662545102253,0.4837501602583849,0.06468267618232915,0.9251069056766354,0.9715739267171308
232307.25+011121.0,-22.257556605597276,-22.2312098048789,-22.48852671251269,-22.577429591122147,-22.831455020410385,-21.942489883268237,-22.04173338145972,-23.177330037838324,-23.392461979890097,-24.08788805378881,-24.73788768930235,-25.40245291431853,1,-0.026346800718375363,0.2573169076337898,0.08890287860945634,0.25402542928823735,0.09924349819148404,0.215131942051773,0.6954260738987124,0.6645652250161795,2.1604580981802037
232605.03+035903.0,-24.0581120212325,-24.24304420574849,-24.63975942844949,-24.6113336516998,-24.743756744929644,-22.00454259955072,-23.386871844506224,-24.47793483011851,-24.976202028026087,-25.33955709688346,-26.06489719295266,-26.81890368769276,1,0.18493218451598992,0.3967152227010011,-0.02842577674969249,0.13242309322984624,1.3823292449555034,0.4982671979075768,0.36335506885737345,0.7540064947401,1.453563541252862
232734.66+032332.9,-24.493365671193104,-24.684926111848505,-25.003457631817792,-24.999557074093765,-25.20080152107651,-24.813226107984278,-24.65426410284426,-25.27685375704043,-25.50671431036853,-25.751163621587263,-26.387512876850764,-27.183120968309225,1,0.191560440655401,0.3185315199692873,-0.003900557724026754,0.20124444698274502,-0.1589620051400189,0.2298605533280984,0.2444493112187338,0.7956080914584618,1.3879558027569985
232805.48+065119.0,-23.86063788886836,-23.95770698614201,-24.24364184998912,-24.332946272103907,-24.37984631815184,-23.164499619747087,-23.107702429545387,-24.320483722848422,-24.84411352116344,-25.112292895266584,-25.304624299677283,-26.036158805468112,1,0.09706909727364987,0.2859348638471104,0.08930442211478606,0.046900046047934296,-0.056797190201699266,0.5236297983150173,0.26817937410314485,0.7315345057908296,0.9716780275733754
233139.32-001516.7,-23.49675943381181,-23.723892412407032,-24.02485330036428,-24.060635052675423,-24.218320030502426,-23.3074172041099,-23.622832287742572,-24.94721070179704,-25.07932059314516,-25.43500373021648,-26.02346414663273,-26.878799085729348,1,0.22713297859522186,0.30096088795724896,0.035781752311141446,0.15768497782700308,0.3154150836326721,0.13210989134811868,0.3556831370713205,0.8553349390966183,1.962829093957307
233254.16+240913.9,-23.159029360322105,-23.5362236943662,-23.95944650680083,-24.06869550773279,-24.21598936603846,-22.035339453164507,-22.53938416371164,-24.62734993512245,-24.956341822086017,-25.35538655549325,-26.025253886516023,-26.824004509097307,1,0.37719433404409486,0.42322281243463067,0.10924900093196044,0.14729385830566954,0.5040447105471344,0.32899188696356774,0.39904473340723357,0.7987506225812844,1.9565583787832317
233309.71+295113.5,-22.762219001086308,-22.894664441086533,-23.164432564669664,-23.18676200896332,-23.49803359456994,-22.56175975350504,-22.58383188019596,-24.03071449155924,-24.033802490672635,-24.52886324973884,-25.09953872798487,-25.81664634006419,1,0.1324454400002253,0.2697681235831304,0.02232944429365702,0.31127158560661883,0.022072126690918736,0.0030879991133936358,0.49506075906620595,0.7171076120793174,1.9127767190215508
233412.82+073627.5,-23.581933397939785,-23.793617843373376,-24.054295438550483,-24.14078205496335,-24.4358496393582,-23.0282168717377,-23.13787188912804,-23.92510297198876,-24.239268614184223,-24.563056097704507,-25.416777787713595,-26.25027154252137,1,0.21168444543359044,0.260677595177107,0.08648661641286637,0.29506758439485026,0.10965501739033812,0.31416564219546217,0.3237874835202845,0.8334937548077761,1.2759957327502462
233418.72+320453.2,-22.56927218198852,-22.61658587093328,-22.781865296069785,-22.80177779871881,-23.092820267567816,-22.532906384154597,-22.731548040934616,-23.237485154597305,-23.69093940520038,-24.37829887435304,-24.969894329274428,-25.54617508842949,1,0.04731368894476162,0.16527942513650373,0.019912502649024333,0.29104246884900675,0.1986416567800191,0.4534542506030732,0.6873594691526606,0.5762807591550612,2.1681165305556185
233547.47-090441.5,-23.9625562759564,-24.08513783225057,-24.394668664562687,-24.544948728569,-24.618319906502165,-23.562365210010864,-23.80866945906004,-24.80322379401479,-24.949391575738893,-25.162913904340535,-26.14639180822932,-27.09389422745292,1,0.12258155629417189,0.30953083231211664,0.15028006400631355,0.07337117793316494,0.24630424904917803,0.1461677817241025,0.21352232860164122,0.9475024192235999,1.6014430796603207
233856.47+310658.7,-22.112843801076945,-22.177651532627007,-22.651440536952748,-22.74531147505422,-22.98566688063055,-21.94908355270012,-22.037773087805817,-23.908778843015835,-24.457006870669154,-24.935261640848,-25.28360197091215,-26.13099869565888,1,0.06480773155006148,0.47378900432574156,0.09387093810147107,0.24035540557633084,0.0886895351056971,0.5482280276533196,0.47825477017884666,0.84739672474673,2.5382904958579324
233902.95+302235.4,-24.265226810566368,-24.33491565986008,-24.583994358106303,-24.66106647314014,-24.779232092001003,-18.504440220920674,-17.901972352849295,-25.0477511151719,-25.26895471989795,-25.700017971126652,-26.538193996309595,-27.45298030360689,1,0.069688849293712,0.24907869824622253,0.07707211503383604,0.11816561886086419,-0.6024678680713791,0.22120360472604972,0.4310632512287036,0.9147863072972946,1.877127523169456
234145.51-004640.5,-23.570086389945438,-23.695343186572124,-23.91001263742653,-23.989532441218696,-24.12518797294191,-23.52863176782805,-23.338183007287224,-24.35960904081829,-24.788617166473188,-25.23356245488084,-25.676389775913165,-26.609657125295065,1,0.12525679662668665,0.21466945085440514,0.0795198037921665,0.13565553172321287,-0.19044876054082494,0.4290081256548959,0.44494528840765213,0.9332673493819001,1.6868573346944693
234221.57+034422.6,-22.6438155438802,-22.86018521365149,-23.15853500919499,-23.209594448437866,-23.52364803576263,-22.204906381833062,-21.947861090289077,-23.23007106161803,-23.619841933987075,-24.25012966045956,-25.006824208073105,-25.82758383853701,1,0.21636966977128935,0.2983497955434977,0.05105943924287715,0.3140535873247643,-0.25704529154398514,0.38977087236904495,0.6302877264724849,0.820759630463904,1.7972297596352398
234415.08+324713.2,-23.05774722026957,-23.17467968651989,-23.467077977065284,-23.477877750640136,-23.70182035382706,-22.759888407593436,-22.55925600021442,-23.557105383491564,-24.268248388479115,-24.36466178973688,-25.08986470870921,-25.915062812406795,1,0.11693246625032216,0.29239829054539257,0.010799773574852622,0.2239426031869236,-0.20063240737901822,0.7111430049875516,0.0964134012577631,0.8251981036975842,1.6119869580690747
234438.98-002604.7,-22.895701178834084,-23.065402305506385,-23.41450412151616,-23.509986458696567,-23.697445131468903,-22.8166261428756,-22.795616104686843,-23.681844190558863,-24.13777720404039,-24.67668862403592,-25.41373832979783,-26.104405927032285,1,0.16970112667230097,0.3491018160097745,0.09548233718040677,0.18745867277233685,-0.021010038188755686,0.4559330134815269,0.5389114199955287,0.6906675972344551,1.9037518711012638
234440.02-003231.6,-23.458483384360186,-23.641414849998657,-23.9581412251635,-23.995513602028204,-24.216420195376244,-23.607924737760005,-23.426019118761836,-24.46870301073832,-24.7220889776866,-25.12295947597953,-25.643520440229967,-26.54586284472808,1,0.18293146563847174,0.31672637516484414,0.03737237686470252,0.2209065933480403,-0.1819056189981687,0.2533859669482794,0.40087049829293164,0.9023424044981141,1.6480068382017627
234446.24+274129.1,-22.524844013386,-22.726111340078987,-23.049505734632675,-23.089013009987205,-23.314144651435075,-22.15076955215594,-22.145387220267548,-23.55319655807102,-24.0901451235108,-24.299207376358268,-24.867613712508877,-25.793759598108046,1,0.2012673266929852,0.3233943945536879,0.03950727535453069,0.22513164144787012,-0.005382331888391434,0.5369485654397828,0.20906225284746682,0.9261458855991691,1.778600702521672
234500.43-005936.0,-25.06687842313857,-25.11582899429296,-25.45963808133185,-25.47605349261333,-25.581871711863396,-23.92434312043798,-24.348653777186826,-25.450913710437582,-25.5813647646058,-25.717057997423318,-26.44949510929541,-27.403674211421823,1,0.04895057115439272,0.34380908703888835,0.01641541128148205,0.10581821925006452,0.42431065674884394,0.13045105416821912,0.13569323281751622,0.9541791021264139,0.9734416166820772
234618.51+302810.0,-23.829573386844302,-23.923514338199507,-24.31735653583743,-24.39423458692036,-24.597680409468275,-18.45718848338926,-17.256477767899337,-24.283702909266427,-24.58531727441639,-25.329625592099983,-25.888754856726884,-26.77691624177694,1,0.0939409513552043,0.39384219763792316,0.07687805108292878,0.20344582254791632,-1.2007107154899224,0.30161436514996254,0.7443083176835934,0.8881613850500578,1.4945202698065252
234630.14+011030.0,-23.52849267643899,-23.62024927864894,-23.83009979958345,-23.85092295520265,-24.01170949686749,-23.28405437547336,-23.25934744933265,-24.012951553319223,-24.630379830561385,-25.16648199843589,-25.600162235419795,-26.459401318699104,1,0.09175660220995141,0.20985052093450918,0.020823155619197564,0.16078654166484085,-0.02470692614070913,0.617428277242162,0.5361021678745068,0.8592390832793093,1.7492392802171466
234932.77-003645.8,-22.66767913850113,-22.92129533205264,-23.2337791573294,-23.292829004284314,-23.380170544353508,-22.32874360301435,-22.41264533965205,-23.566495367120396,-23.83203310175682,-24.641361640175024,-25.575795027352,-26.284165741991703,1,0.25361619355151177,0.312483825276761,0.05904984695491322,0.08734154006919326,0.08390173663770284,0.2655377346364247,0.8093285384182032,0.7083707146397025,2.2829660230676865
235001.40-093853.2,-23.29694261960672,-23.478029188008588,-23.8865789472862,-23.909470302875125,-24.0546735288889,-23.123942950956938,-23.31836848284831,-23.976891946871124,-24.41734978754996,-25.02511339423499,-25.91753279480105,-26.672273090631712,1,0.18108656840186654,0.40854975927761217,0.022891355588924966,0.145203226013777,0.19442553189137257,0.4404578406788353,0.6077636066850296,0.7547402958306613,2.0080624919259265
235324.08+000358.1,-23.952601299935743,-24.10017307258865,-24.300744937573683,-24.326264067277545,-24.502237345801024,-23.688515444047777,-23.63690564176331,-24.41238398015721,-25.093203018167134,-25.60709522012817,-26.144308246389635,-27.05238589531603,1,0.14757177265290622,0.200571864985033,0.02551912970386283,0.17597327852347888,-0.05160980228446732,0.6808190380099255,0.5138922019610348,0.908077648926394,1.8180441791120892
235430.17+230244.2,-22.4969918290058,-22.6970398565551,-23.068640955572185,-23.150834098254315,-23.459434776494117,-21.962533047508824,-22.184225823788207,-23.807419154766382,-23.983662370132528,-24.422430833029164,-24.90019810223983,-25.5960432016971,1,0.2000480275493004,0.3716010990170844,0.0821931426821294,0.3086006782398023,0.221692776279383,0.17624321536614573,0.4387684628966362,0.6958450994572694,1.7493640039855158
235437.58+180523.5,-22.875208022703656,-22.973048243392636,-23.32857673741057,-23.34153979828509,-23.508354298510564,-22.148310225461508,-21.81873672879967,-23.48418289296586,-23.80161963511463,-24.5231300284605,-25.14041538776287,-25.95404977869252,1,0.09784022068897968,0.3555284940179355,0.012963060874518817,0.16681450022547395,-0.3295734966618369,0.3174367421487716,0.72151039334587,0.81363439092965,1.798875589477781
235507.03+030958.1,-23.53298266645711,-23.721014319433568,-23.92572875032745,-23.9213347613832,-24.141722402213063,-23.31225942274636,-23.461996822356934,-24.24727948784246,-24.60763645301114,-25.29800211020933,-26.02887667567529,-26.929005173579323,1,0.18803165297645918,0.2047144308938833,-0.004393988944251248,0.22038764082986262,0.1497373996105722,0.36035696516868043,0.6903656571981927,0.9001284979040349,2.1075419142920886
235545.51+004923.1,-22.85537506693809,-23.03147631083253,-23.299870893014138,-23.359323609092023,-23.69343395386941,-22.456975116219912,-22.513872378986694,-23.93875119133789,-24.36560669070317,-24.82996754519429,-25.407546767553868,-26.113447984641237,1,0.17610124389443982,0.2683945821816067,0.05945271607788527,0.3341103447773861,0.056897262766781864,0.42685549936528133,0.46436085449111886,0.7059012170873693,2.0482231584618447
235700.36+052700.1,-23.26550452075179,-23.517533514122064,-23.78235034574041,-23.93927669544552,-24.169508424894357,-23.45360181153043,-23.79788255570769,-24.84474554116389,-25.107560666601827,-25.56168545942672,-25.64975172784694,-26.547304964544235,1,0.2520289933702742,0.26481683161834724,0.15692634970510966,0.2302317294488354,0.3442807441772615,0.26281512543793895,0.45412479282489215,0.8975532366972949,1.710475032401419
235720.28+111234.1,-23.767205543218356,-23.94652298771721,-24.30909885225305,-24.309430337746434,-24.47013987004204,-23.72741660339432,-23.68967418389738,-24.71243689868029,-25.357745901532198,-25.27988203698695,-25.917127285063543,-26.700885675857503,1,0.179317444498853,0.3625758645358417,0.0003314854933833544,0.16070953229560558,-0.037742419496940016,0.6453090028519064,-0.07786386454524674,0.7837583907939596,1.607696947317109
235728.89+045812.6,-22.921533060888144,-23.083616951078067,-23.375636300143405,-23.434233932462128,-23.68916351040368,-22.57258427038945,-22.474428775477183,-23.518789222701333,-24.050577047677248,-24.59074647025956,-25.04982164650041,-25.684260134754425,1,0.16208389018992264,0.2920193490653382,0.0585976323187225,0.254929577941553,-0.09815549491226605,0.5317878249759147,0.5401694225823128,0.6344384882540162,1.6155877140382806
235731.65+031137.4,-21.988510678481816,-22.210637994352005,-22.461178161396564,-22.587202234622715,-22.914830397295542,-21.52309794568052,-21.481644880712487,-23.08084976801247,-23.361269584136288,-23.90875404973721,-24.403426473694896,-25.09808678349846,1,0.22212731587018908,0.2505401670445586,0.1260240732261515,0.327628162672827,-0.04145306496803158,0.2804198161238176,0.5474844656009239,0.6946603098035631,1.8162242390721808
235945.78+251909.4,-23.465044255896025,-23.601986279966656,-23.75981443299291,-23.805740012159102,-23.985430626190453,-23.0733404051274,-23.019847992302918,-23.72254453091245,-24.195514538774635,-24.19882588620077,-25.12049366061309,-25.94804394820551,1,0.13694202407063116,0.15782815302625508,0.045925579166191,0.179690614031351,-0.05349241282448247,0.4729700078621839,0.003311347426134148,0.8275502875924197,1.314753648453987
235946.11+220030.2,-24.01547572493279,-24.26240013004204,-24.52567146439034,-24.518591332537795,-24.662677046644784,-23.84879418923032,-24.119475663461667,-24.33793159061348,-24.96603173060897,-25.335127470132772,-26.076378441336157,-26.80742021857091,1,0.2469244051092474,0.26327133434829975,-0.007080131852543303,0.14408571410698912,0.27068147423134903,0.6281001399954924,0.36909573952380015,0.7310417772347542,1.5577871087983617
235948.53-103938.5,-24.073360755543444,-24.10145542909375,-24.491133945328595,-24.632300855722427,-24.78848000629303,-23.379087730676225,-23.88572758597769,-24.81435325406847,-25.07145501431824,-25.5959348300529,-26.28743764385552,-27.178858461530584,1,0.02809467355030648,0.38967851623484506,0.14116691039383156,0.15617915057060472,0.506639855301465,0.2571017602497676,0.5244798157346615,0.8914208176750655,1.6551367881330918
000011.96+000225.2,-23.254112555140654,-23.38027908532257,-23.66277885671181,-23.64302933406871,-23.845207095563588,-23.187760217832302,-23.04138179243108,-23.925772723021243,-24.393263578496896,-25.032134302376512,-25.48268869021401,-26.330524685688268,1,0.1261665301819157,0.2824997713892401,-0.019749522643099482,0.20217776149487676,-0.14637842540122392,0.4674908554756527,0.6388707238796165,0.8478359954742558,1.839659356145301
000016.43-001833.4,-23.24364145126596,-23.64149275501093,-24.16493942337125,-24.41370534905733,-24.54303254355193,-22.628809456787327,-22.750693167024703,-24.743009277263933,-24.78239300797845,-25.525749541177536,-26.076806759653127,-26.928642476760665,1,0.397851303744968,0.5234466683603216,0.24876592568607947,0.12932719449459995,0.12188371023737687,0.03938373071451551,0.743356533199087,0.8518357171075372,1.6631014105957966
000051.33+075147.8,-22.282403837434195,-22.481587907481305,-22.914416272032483,-23.00658531213116,-23.16747430457535,-22.22644391722005,-22.030751438137735,-23.23586829618575,-23.785075860497397,-24.522816049577404,-25.44652498080036,-26.16558087674569,1,0.19918407004711014,0.43282836455117746,0.09216904009867832,0.16088899244418897,-0.19569247908231446,0.5492075643116472,0.7377401890800073,0.7190558959453313,2.439939668669197
000051.97+311151.8,-22.913004751262573,-23.22663921789489,-23.651243388107325,-23.683525176987832,-23.810211097391324,-21.99569749813676,-22.504368452040584,-24.16306745187754,-24.536423463311436,-25.227279636935084,-25.74732512801855,-26.62243333684432,1,0.3136344666323154,0.42460417021243657,0.03228178888050692,0.12668592040349225,0.5086709539038239,0.37335601143389496,0.6908561736236472,0.8751082088257718,2.063799951030717
000110.97-105247.4,-23.426116772840697,-23.637468838180283,-24.03492100653262,-24.12241279984653,-24.30318234786975,-23.4543995928678,-23.504325007428,-24.297320303909984,-24.77223610389062,-25.138357515714688,-26.119184897018183,-27.121643755152714,1,0.21135206533958595,0.39745216835233776,0.08749179331390877,0.1807695480232212,0.0499254145601995,0.4749157999806357,0.3661214118240679,1.0024588581345313,1.9967720971716538
000151.30+184805.7,-24.245666477365663,-24.034118180091944,-24.617770432253515,-24.672230022762587,-24.825229373311004,-23.239308712774424,-24.028319888040432,-25.27502276922336,-25.49712377015893,-25.940937910762624,-26.31144577985577,-27.311872266810717,1,-0.21154829727371904,0.5836522521615706,0.05445959050907234,0.1529993505484164,0.7890111752660083,0.22210100093557017,0.4438141406036955,1.0004264869549466,1.639215757093183
000435.75-011318.6,-22.424512488717564,-22.567675040831663,-22.90473016083881,-22.962015719563404,-23.16386750984536,-17.719630273585885,-17.287414582870905,-23.438541342622173,-23.913224377250973,-24.403652776176223,-24.95727219257818,-25.733447983514573,1,0.14316255211409867,0.33705512000714677,0.057285558724593955,0.20185179028195677,-0.4322156907149797,0.4746830346288,0.4904283989252498,0.7761757909363922,1.995256473014777
000458.79-022629.5,-22.2895487933448,-22.548049547358648,-22.80121161892024,-22.8787163547722,-23.334898441575724,-22.022428194852356,-22.20183034442669,-23.46266461654196,-23.593424962015455,-24.59596353406576,-24.705896534338752,-25.52759790892768,1,0.2585007540138484,0.25316207156159365,0.07750473585196005,0.4561820868035227,0.17940214957433298,0.1307603454734938,1.0025385720503053,0.8217013745889297,1.8271801795665503
000545.61+153833.8,-23.352569361299786,-23.480724042517625,-23.803251231015143,-23.82341059701248,-24.029495017542565,-22.55628293517592,-22.882546183820526,-23.99726329958344,-24.10106696293413,-24.971285753335422,-25.60247085422448,-26.439667896199666,1,0.1281546812178398,0.32252718849751716,0.02015936599733692,0.20608442053008602,0.326263248644608,0.10380366335068913,0.8702187904012924,0.837197041975184,1.7790602572120022
000549.60+235018.7,-23.36832490413888,-23.653231835139845,-24.043884760280257,-24.11677791328248,-24.307339318713478,-22.55395225162391,-22.93455057460722,-24.252181584059848,-24.77294360617327,-25.19100082089233,-25.857193747424525,-26.6503378638923,1,0.28490693100096465,0.3906529251404116,0.07289315300222299,0.19056140543099787,0.38059832298330676,0.5207620221134235,0.41805721471905954,0.7931441164677757,1.7404158341420448
000555.54+042345.3,-23.22451631950747,-23.408561624335768,-23.74187789895524,-23.79481783193669,-23.94788409583672,-22.479107772197068,-23.050725545912904,-24.699961646838627,-24.888632902672608,-25.08198809993998,-25.47199165037307,-26.30134487929419,1,0.18404530482829884,0.3333162746194738,0.052939932981448834,0.15306626390002975,0.5716177737158361,0.18867125583398092,0.1933551972673726,0.8293532289211214,1.6771738184363798
000614.52+085715.4,-23.545958260611943,-23.762987629505385,-24.318041601295267,-24.431718989475588,-24.56253603852169,-23.504800849012955,-23.34085893304459,-24.5151420711037,-24.99864369120925,-25.64459224266064,-26.466366512261143,-27.40801766775197,1,0.21702936889344215,0.5550539717898815,0.1136773881803208,0.13081704904610092,-0.1639419159683655,0.48350162010554953,0.6459485514513901,0.9416511554908276,2.034647522785555
000624.49+190338.2,-22.49867445002144,-22.804796077427238,-23.155700314781267,-23.33363268813336,-23.55097846808748,-23.069327359330483,-22.718632707446798,-24.041166523017367,-24.50826479174746,-25.008786616654763,-25.27167774586899,-26.084625613794177,1,0.3061216274057976,0.35090423735402965,0.17793237335209255,0.21734577995411897,-0.35069465188368554,0.4670982687300942,0.5005218249073025,0.8129478679251889,1.9380450577356285
000729.30+061916.7,-22.883473169422075,-22.9226147678409,-23.101707627389303,-23.21077865921221,-23.58519000971184,-22.98902284091179,-23.08570076856897,-23.487783477873403,-23.410815423230854,-24.30081023491668,-25.130058352443136,-25.75982309407182,1,0.03914159841882636,0.17909285954840115,0.10907103182290712,0.37441135049963137,0.0966779276571792,-0.07696805464254908,0.8899948116858241,0.6297647416286836,1.9192796932309264
000844.62-012722.9,-22.483444698093447,-22.53196174836576,-22.81858023828029,-22.959454482391955,-23.24009402260572,-22.099772709315783,-22.20464811263749,-23.4770988720062,-24.21198198857378,-24.55991234981886,-24.81606920041996,-25.5756238686186,1,0.0485170502723129,0.286618489914531,0.14087424411166438,0.280639540213766,0.10487540332170653,0.7348831165675804,0.3479303612450799,0.7595546681986391,1.8566147180280055
001018.71-042937.8,-22.197986357747197,-22.402438124917463,-22.68407899764962,-22.84390618406403,-23.018350329893487,-22.45805488844263,-22.213390761958223,-23.49470744760087,-23.917845463250558,-24.09942880957253,-24.67817205075405,-25.50986112258807,1,0.2044517671702657,0.281640872732158,0.1598271864144074,0.1744441458294581,-0.2446641264844054,0.42313801564968756,0.18158334632197182,0.8316890718340204,1.8342658666900213
001143.32+054330.4,-22.304943108896047,-22.672145877110506,-23.017783359180847,-23.137630442443125,-23.399756339667928,-22.181844432630427,-22.199710567178187,-23.25506120650988,-24.0307985184698,-24.50323302475549,-24.872916713097272,-25.85608204534285,1,0.3672027682144581,0.34563748207034095,0.11984708326227889,0.2621258972248022,0.017866134547759316,0.7757373119599222,0.4724345062856905,0.9831653322455765,1.7352862706541465
001340.44+040859.6,-23.78900222133572,-24.024900996183295,-24.436257900432643,-24.59406815188732,-24.83619869526246,-23.146577152549906,-23.0652302805569,-24.87390757404214,-25.24648561981028,-25.6393615102594,-26.299020303690455,-27.23135009082387,1,0.23589877484757338,0.4113569042493488,0.1578102514546771,0.24213054337513995,-0.08134687199300572,0.37257804576814024,0.39287589044911897,0.9323297871334155,1.704952151803134
001456.05+260719.3,-22.52444176709074,-22.63215967988057,-22.875189663945243,-23.02796216825474,-23.233110905584173,-22.473921541926675,-22.72396926392553,-23.21913034974144,-24.055818347662957,-24.31159063271637,-24.786564263997093,-25.38129546484507,1,0.10771791278983045,0.24302998406467324,0.15277250430949607,0.20514873732943428,0.25004772199885394,0.8366879979215156,0.2557722850534141,0.5947312008479777,1.7586020957423543
001504.34-005439.2,-23.232487565251144,-23.369473576837574,-23.65079634093468,-23.76173327698629,-23.90434817172301,-23.149736732404676,-23.044061221065977,-24.42131253554814,-24.50870109489166,-24.841799770941595,-25.4137047807516,-26.232770239796945,1,0.13698601158642987,0.281322764097105,0.11093693605161192,0.1426148947367203,-0.10567551133869912,0.08738855934351974,0.3330986760499357,0.8190654590453441,1.65197150376531
001704.50+203713.9,-22.698300105485057,-22.88518075612913,-23.29915937455488,-23.364606839136517,-23.55400143732388,-22.417258663168365,-22.44534813664387,-23.964358834921043,-24.276942896002563,-24.95043372016066,-25.455192665349667,-26.227649054356444,1,0.1868806506440741,0.4139786184257481,0.06544746458163786,0.18939459818736282,0.028089473475503723,0.3125840610815196,0.6734908241580975,0.772456389006777,2.0905858262131503
001714.16+033425.3,-23.154669605209826,-23.307312729903035,-23.5569291392192,-23.61841860178607,-23.841189253761502,-23.373303466940296,-23.08042811795808,-24.09696562287051,-24.610894054848444,-24.667857002531008,-25.503677513584563,-26.31878236326417,1,0.15264312469320984,0.24961640931616458,0.06148946256687182,0.22277065197543067,-0.2928753489822178,0.5139284319779343,0.056962947682563936,0.8151048496796065,1.8852589117984913
001822.72+053304.4,-23.20512750819977,-23.40903371657125,-23.84708578401617,-24.09612559110079,-24.270363481548195,-22.519310303754985,-22.754867247341146,-24.64890772829276,-24.860755978403496,-25.096766122314083,-25.915133183221396,-26.875070337920818,1,0.20390620837148177,0.438052067444918,0.24903980708462115,0.17423789044740445,0.23555694358616108,0.21184825011073727,0.23601014391058683,0.9599371546994213,1.819007592120606
001837.92+045106.7,-22.89363622489595,-23.031375629018527,-23.204264583527888,-23.21523058786436,-23.524561156050904,-22.834044118836697,-22.79936182433956,-23.66006397191371,-23.90235245306088,-24.55469854477369,-25.150979235539584,-26.038529126172172,1,0.137739404122577,0.17288895450936081,0.0109660043364741,0.30933056818654237,-0.03468229449713789,0.2422884811471704,0.6523460917128077,0.887549890632588,1.9357486476752221
001931.45+051213.3,-23.39932549496804,-23.73798927305016,-24.06894218391274,-24.11140406792441,-24.316683581233256,-22.87507537731975,-23.346770070096557,-24.39479745838984,-24.69634643665444,-25.41556671667573,-26.452596764314407,-27.33639824218733,1,0.3386637780821218,0.33095291086257816,0.04246188401167217,0.2052795133088452,0.47169469277680776,0.30154897826460214,0.7192202800212897,0.8838014778729217,2.341192696389996
002019.22-110609.2,-23.69597307076452,-23.844078434456648,-24.15599727414852,-24.230839584705063,-24.46034118365874,-23.45680420746563,-23.28479882735514,-24.26978189713629,-24.5278122855987,-25.198648202167465,-25.759170130559927,-26.68855017114687,1,0.14810536369212812,0.3119188396918702,0.07484231055654433,0.2295015989536786,-0.17200538011049105,0.25803038846240867,0.6708359165687661,0.9293800405869419,1.528330545854864
002025.06+022625.5,-23.083725923896772,-23.337392055707795,-23.78398262089997,-23.77893547015288,-23.96506625898969,-22.73076056592925,-22.938170095534375,-24.08732557138891,-24.171100836262603,-24.97884545488127,-25.570862150809024,-26.357437111583483,1,0.2536661318110234,0.44659056519217444,-0.0050471507470888355,0.18613078883680956,0.20740952960512615,0.0837752648736938,0.807744618618667,0.786574960774459,1.7919266806561431
002026.46-025458.2,-22.353721188829343,-22.43238901552026,-22.672644268120163,-22.711699072982064,-23.250497745986497,-22.72512315259041,-22.791040493162846,-23.32599653640233,-23.689893787931563,-24.127149224211976,-24.634868803529308,-25.37778954142958,1,0.07866782669091776,0.24025525259990133,0.039054804861901715,0.5387986730044325,0.0659173405724367,0.36389725152923447,0.4372554362804131,0.7429207379002705,1.9231697305472437
002140.57-030854.2,-22.909823906356205,-23.064924424656684,-23.319391419927527,-23.354540264501026,-23.69669927899096,-23.016850806856464,-22.91771534415058,-23.846952819535392,-24.201304179475333,-24.31536967165337,-25.103122058257263,-25.85559204918616,1,0.155100518300479,0.2544669952708425,0.03514884457349865,0.34215901448993336,-0.09913546270588469,0.3543513599399404,0.11406549217803885,0.7524699909288977,1.7485817937562373
002244.29-014550.9,-23.673652720680924,-23.911890675780025,-24.326557059318745,-24.311805131122377,-24.50879126631009,-22.980646667180604,-23.50721168747828,-24.377596700769555,-24.701632179032547,-25.067622668825837,-25.508075249176976,-26.26497229999088,1,0.23823795509910184,0.41466638353871943,-0.01475192819636817,0.19698613518771424,0.5265650202976744,0.32403547826299217,0.3659904897932904,0.7568970508139046,1.1962701180545992
002249.22-103956.2,-23.07383158998656,-23.37473119431011,-23.77442271121068,-23.84832143644985,-24.115305351082668,-22.241353395974023,-22.41831742020945,-24.17644161947924,-24.55750473139254,-25.120953593160475,-25.41582744212552,-26.33364756125074,1,0.30089960432355056,0.3996915169005675,0.07389872523917163,0.26698391463281723,0.17696402423542779,0.3810631119132992,0.5634488617679345,0.9178201191252207,1.5675060056756678
002255.13-024418.6,-24.028194687142864,-24.192704050392397,-24.41724398342886,-24.450417372491632,-24.58723397093145,-24.382790759821965,-24.22638551226634,-24.79353849403637,-24.88406399906661,-25.18745989845397,-26.04970392579499,-26.856064117427,1,0.16450936324953247,0.22453993303646413,0.03317338906277101,0.1368165984398182,-0.15640524755562524,0.09052550503023937,0.3033958993873611,0.8063601916320096,1.599286553303358
002303.15+011533.6,-23.59750916167071,-23.788695490510975,-24.08705154690053,-24.12727672346455,-24.302415157220395,-22.921789553549623,-23.2559530786283,-24.51351771763862,-25.065599076152136,-25.140116859833626,-25.367478036979737,-26.10074184122773,1,0.19118632884026354,0.2983560563895544,0.04022517656402158,0.17513843375584415,0.33416352507867586,0.5520813585135151,0.07451778368148965,0.7332638042479935,1.2402013135151861
002312.69+072455.4,-23.279219500615078,-23.629154183956963,-24.00864818050153,-24.10480742215533,-24.27226180424896,-20.6904947380814,-22.683849518223106,-24.357916048542787,-25.04558404502762,-25.258059934463876,-26.089194331964496,-27.087416221219467,1,0.3499346833418855,0.37949399654456784,0.09615924165379752,0.16745438209363073,1.9933547801417042,0.6876679964848336,0.21247588943625573,0.998221889254971,1.9843869098091673
002330.58+154744.9,-23.867162208895497,-23.95157747675057,-24.11340402646542,-24.0884174440795,-24.328959544338904,-23.256948682161735,-23.352824465523,-24.09403723868868,-24.396369355208677,-24.931036287993823,-25.695296441608583,-26.490736496997712,1,0.08441526785507136,0.16182654971485277,-0.024986582385920997,0.24054210025940392,0.09587578336126512,0.30233211651999525,0.5346669327851465,0.795440055389129,1.6068789975290834
002332.33-011444.1,-23.83239801647476,-24.03789916913388,-24.34704435805693,-24.442683724902384,-24.62606691542084,-23.611533314703923,-23.66392996155363,-24.338090231293204,-24.67402151950085,-25.13288983558284,-25.875417525956745,-26.7085649791354,1,0.20550115265912083,0.30914518892305054,0.09563936684545382,0.1833831905184553,0.052396646849707906,0.3359312882076466,0.45886831608198975,0.833147453178654,1.4327338010543613
002354.40+093920.6,-23.38247501446796,-23.38550740864656,-23.56327836133204,-23.55414121363161,-23.817524342779915,-23.054632766284744,-23.02306884134114,-24.05117650753157,-24.819675993655437,-25.0757434818338,-25.548493639325383,-26.32929390111588,1,0.0030323941786001285,0.17777095268547782,-0.009137147700428727,0.26338312914830553,-0.031563924943604604,0.7684994861238685,0.25606748817836333,0.7808002617904961,1.9943524256937728
002402.68-024459.7,-22.11214995966797,-22.08827984872055,-22.32533469541564,-22.35418064331126,-22.663393729677512,-22.09699878227514,-21.973197920529344,-23.31750454762861,-24.06360270408693,-24.19799870664544,-24.47090180266804,-25.211642164859047,1,-0.023870110947420642,0.23705484669509147,0.02884594789561845,0.30921308636625255,-0.12380086174579574,0.74609815645832,0.13439600255851047,0.7407403621910085,2.1167211593567785
002439.84+180753.6,-23.16971732472684,-23.43946546485148,-23.86925266115552,-24.047229359987785,-24.19338504284056,-22.191193319296023,-22.82981361722503,-24.655391230372185,-25.097766109478865,-25.432345150940403,-25.867104632106766,-26.6657476521858,1,0.26974814012464066,0.4297871963040407,0.1779766988322642,0.14615568285277547,0.638620297929009,0.44237487910667994,0.33457904146153794,0.7986430200790338,1.8198752721189813
002444.11+003221.2,-23.57510244348857,-23.81710244902644,-24.124360709303616,-24.145960423119487,-24.510899624983075,-23.49110578347827,-23.479581947122966,-24.379286821270263,-24.642759749605144,-25.10612994614429,-25.82487054821927,-26.62449089738514,1,0.24200000553786793,0.30725826027717673,0.021599713815870558,0.36493920186358864,-0.011523836355305406,0.2634729283348811,0.46337019653914524,0.7996203491658704,1.678910125099783
002450.54-012859.0,-23.744730453009183,-23.88165501183052,-24.278208438637662,-24.39809730360524,-24.55269031100156,-22.98204876265781,-23.274155589694868,-24.30943619285786,-24.837015226570657,-25.325977238778787,-25.829143948592108,-26.56491309219729,1,0.13692455882133814,0.39655342680714156,0.119888864967578,0.15459300739631843,0.29210682703705615,0.5275790337127972,0.4889620122081304,0.7357691436051823,1.4310466449868677
002500.42-031238.5,-24.25223033301897,-24.33834671069129,-24.573789335621807,-24.629358148566013,-24.75765185038425,-24.48707717490333,-24.28042989834583,-24.93098700338057,-25.18125771697525,-25.759209379659037,-26.819108452820885,-27.79301945801299,1,0.08611637767231883,0.23544262493051704,0.05556881294420535,0.12829370181823663,-0.2066472765575007,0.25027071359468067,0.5779516626837875,0.9739110051921038,2.189750304254872
002611.80+333956.0,-22.873343078907997,-23.134867622082133,-23.50721913951417,-23.552028592012945,-23.79298287603566,-23.22683323981733,-22.76525982883558,-24.09193700077748,-24.688376161951307,-25.03558832395752,-25.616432907348837,-26.63827724163753,1,0.2615245431741364,0.37235151743203687,0.044809452498775215,0.24095428402271324,-0.4615734109817531,0.5964391611738264,0.34721216200621186,1.0218443342886943,2.064404315335892
002637.72+273634.2,-22.909153311584067,-23.039815035193502,-23.398595688423157,-23.46612672468066,-23.475758824614697,-22.64027801601087,-22.597571417800346,-23.430345052596632,-24.00600818879086,-24.83794628149721,-25.294900696141852,-26.180819731058083,1,0.1306617236094354,0.3587806532296547,0.06753103625750256,0.009632099934037797,-0.04270659821052547,0.5756631361942297,0.8319380927063484,0.8859190349162311,1.8287739714611924
002639.76+254754.9,-23.709688789707887,-23.84154826033414,-24.099844038478693,-24.141068239445467,-24.31988933883853,-23.19908630304808,-23.21218236029281,-24.083800649838786,-24.41828769532921,-24.852977133537763,-25.648054154316995,-26.46199072814368,1,0.13185947062625303,0.2582957781445536,0.041224200966773594,0.1788210993930619,0.01309605724473073,0.3344870454904232,0.43468943820855444,0.8139365738266839,1.506985914871528
002736.28+320853.5,-23.04001496838551,-23.34037455109118,-23.750225208459497,-23.79089309192273,-23.989977460600088,-23.018256038791787,-22.892218906026383,-23.784254508803848,-24.320063054410586,-24.905777397894383,-25.81218522972913,-26.67086541065729,1,0.30035958270567065,0.4098506573683167,0.04066788346323236,0.19908436867735801,-0.12603713276540418,0.5358085456067379,0.5857143434837973,0.8586801809281575,2.0212921378064017
002749.93+070640.2,-26.9580904240282,-26.751527528430955,-27.11989885603081,-27.116914398955245,-27.40830735234781,-25.872559928015388,-26.484690425828223,-27.7022149084966,-28.187338611690777,-28.832974822873723,-29.57551105194738,-30.591778259697552,1,-0.20656289559724428,0.36837132759985636,-0.0029844570755663824,0.2913929533925632,0.612130497812835,0.4851237031941764,0.6456362111829463,1.0162672077501718,2.458596652992135
003003.58+100248.4,-23.862916050525715,-23.956614485902563,-24.230783621490605,-24.23897276475,-24.32433062480665,-22.640779495166235,-23.59393569541784,-24.636003557573712,-25.15044202019291,-25.55758267720392,-26.30539500956188,-27.19471530080999,1,0.0936984353768473,0.2741691355880427,0.008189143259393461,0.08535786005665003,0.9531562002516054,0.5144384626191965,0.40714065701101276,0.889320291248108,2.066422244811882
003036.14-011443.1,-23.63286663602514,-23.888120445425155,-24.170010696221023,-24.213268167238635,-24.363238354314944,-23.913925093914305,-23.90099002070837,-24.533262443808415,-24.90757814398547,-24.84637253240664,-25.624851816983437,-26.40624518993817,1,0.25525380940001696,0.28189025079586827,0.04325747101761124,0.1499701870763097,-0.012935073205934344,0.37431570017705695,-0.06120561157883131,0.7813933729547315,1.4115836497448022
003100.84-004430.9,-22.83540822355582,-23.042509132215397,-23.26513295295443,-23.347293971992933,-23.644195297906894,-22.683069027748196,-22.68349710655329,-23.50343269103947,-23.91596286819857,-24.511622145230053,-25.388341146607463,-26.06019224214447,1,0.20710090865957653,0.22262382073903453,0.08216101903850159,0.2969013259139608,0.00042807880509343477,0.41253017715909834,0.5956592770314835,0.6718510955370078,2.04104717461453
003143.38+193156.9,-23.365435528735595,-23.62289919618025,-23.974704013846427,-24.096657786657065,-24.28910521593364,-23.34691396302957,-23.240391947473725,-24.35565361416998,-25.00239835542556,-25.551803902396347,-25.594715907890897,-26.39825096133057,1,0.25746366744465377,0.3518048176661779,0.12195377281063813,0.192447429276573,-0.1065220155558464,0.6467447412555778,0.5494055469707888,0.8035350534396741,1.4980581212338322
003224.87+251937.5,-22.67044269743702,-22.70519194004739,-23.022205130477712,-23.08070742834507,-23.303287947519348,-21.41390155570898,-21.628529483727903,-23.44053595610491,-23.866257210186163,-24.27123164410767,-24.7350567398249,-25.377550941340758,1,0.03474924261036705,0.3170131904303233,0.05850229786735994,0.2225805191742758,0.21462792801892405,0.42572125408125316,0.404974433921506,0.6424942015158592,1.6543493114798267
003224.91+081258.0,-22.757415912769105,-23.06695393638353,-23.2904257046404,-23.370432055560173,-23.618384082320716,-22.97014315877929,-22.96661451183177,-23.903844168549163,-24.167197173573904,-24.6169716234621,-25.33298909816422,-26.14933960714573,1,0.30953802361442584,0.22347176825686788,0.08000635091977415,0.24795202676054373,-0.0035286469475188653,0.2633530050247401,0.4497744498881957,0.8163505089815111,1.9625570426040468
003253.16+220553.4,-23.058544007049157,-23.192679932831386,-23.49571776798569,-23.56348502539389,-24.008707138165263,-23.17939126085372,-23.26036913562582,-24.06929724072957,-24.60631591148064,-24.792986908679115,-25.16573024294126,-26.045160672813708,1,0.13413592578222833,0.3030378351543028,0.06776725740820311,0.445222112771372,0.08097787477209906,0.5370186707510705,0.18667099719847613,0.8794304298724462,1.6022452175473703
003431.74-001312.7,-22.451128809798966,-22.655798783053417,-22.89113912670756,-22.925309038093754,-23.29186156663037,-22.56325042185656,-22.53289522742217,-23.487787749900946,-23.68561525337629,-24.15403216738665,-24.721656733108325,-25.56551747152104,1,0.20466997325445035,0.23534034365414414,0.03416991138619352,0.3665525285366158,-0.03035519443438872,0.19782750347534517,0.46841691401035845,0.8438607384127152,1.7963476950145711
003530.73+222907.4,-23.23863451740383,-23.610522072054057,-24.01963336006102,-24.04726724059679,-24.2220139942156,-22.766248297621416,-22.946119414930585,-23.977275293330447,-24.47877356251309,-25.214452418911875,-25.67027175409913,-26.271178266771592,1,0.3718875546502254,0.40911128800696517,0.027633880535766764,0.17474675361881253,0.17987111730916894,0.501498269182644,0.7356788563987848,0.6009065126724629,1.623004513502341
003555.69+080653.9,-23.34960817976665,-23.632483109169165,-24.05857383120245,-24.15365328880628,-24.43844600966136,-20.82957262037703,-22.489177911792744,-24.686451525069938,-25.22373499438435,-25.679664994813884,-26.15578589111377,-26.904874202335886,1,0.2828749294025137,0.4260907220332868,0.09507945760382697,0.28479272085508,1.6596052914157156,0.5372834693144135,0.45593000042953236,0.7490883112221169,2.0021326023074906
003612.50+054951.8,-24.279544021566466,-24.392398361647928,-24.59922651430403,-24.582857663781443,-24.856985675922797,-23.946621005307467,-23.968586283230145,-24.62305902281449,-25.01437518914925,-25.117719149226144,-25.66564261142139,-26.426007664454524,1,0.11285434008146211,0.20682815265610088,-0.016368850522585632,0.27412801214135385,0.02196527792267844,0.3913161663347573,0.10334396007689506,0.7603650530331336,1.0827849476399471
003618.41-105503.0,-23.195391035636863,-23.42269518669436,-23.8601467945723,-23.85082340021429,-24.064900134941684,-22.89296825357718,-23.19485697616156,-24.074796575081443,-24.46155650096994,-24.87227425475505,-25.682256970536884,-26.52100496979005,1,0.22730415105749557,0.4374516078779429,-0.009323394358013104,0.21407673472739575,0.3018887225843798,0.38675992588849795,0.4107177537851108,0.8387479992531652,1.831433570322595
003840.30+040900.3,-23.07192907141514,-23.193739568514765,-23.49257857705002,-23.493345317522284,-23.761836359330665,-22.14568630497839,-22.825764580054933,-24.77519930338966,-25.113377981899664,-25.110617088395653,-25.60033406597015,-26.35856473299411,1,0.12181049709962366,0.29883900853525347,0.0007667404722653259,0.2684910418083817,0.6800782750765428,0.3381786785100047,-0.002760893504010653,0.7582306670239625,2.106988748447865
003945.02-042439.5,-23.981834461155167,-24.07530111491636,-24.37561471927201,-24.47692795739004,-24.58565925347882,-22.81617623547436,-23.892271976121283,-24.75477648900617,-24.869892723373862,-25.636303808690005,-26.401477767556283,-27.337794684599903,1,0.0934666537611939,0.3003136043556509,0.10131323811802773,0.10873129608878074,1.0760957406469238,0.11511623436769369,0.7664110853161432,0.9363169170436194,1.9245498101662442
004052.14+000057.3,-22.670910098320167,-22.86098913464881,-23.298021248888062,-23.2307936291721,-23.316775076377866,-21.63535490055454,-21.969487128153983,-23.25594381939933,-23.490325098259927,-23.40234053644315,-24.1882993624971,-25.08167654843289,1,0.19007903632864398,0.43703211423925126,-0.06722761971596114,0.08598144720576428,0.3341322275994436,0.2343812788605959,-0.0879845618167785,0.8933771859357869,0.9575057333250001
004129.79+102626.3,-22.52740680393374,-22.85756993214547,-23.254462351727764,-23.39625543446305,-23.638943809277176,-22.41880996169755,-22.376561876666983,-24.30999938784617,-24.549434199956625,-25.14487522519763,-25.40131145327913,-26.180200478415216,1,0.3301631282117299,0.3968924195822936,0.1417930827352869,0.24268837481412575,-0.042248085030568205,0.23943481211045636,0.595441025241005,0.7788890251360847,2.005056018816081
004135.24+090202.7,-22.794899542359488,-23.085663611585435,-23.445290077392897,-23.579102600180583,-23.8065880896903,-22.234105917720157,-22.357594834886022,-23.70809828023761,-23.963891294301284,-24.58425311100973,-25.10916869119022,-25.8542232325124,1,0.290764069225947,0.3596264658074624,0.13381252278768585,0.2274854895097178,0.12348891716586508,0.2557930140636735,0.6203618167084457,0.7450545413221796,1.5300660910096369
004222.29-103743.8,-24.2956393314167,-24.499945328285428,-24.858313574057263,-24.852467394427894,-25.03627221644593,-23.947717725110557,-23.972327244643235,-24.73131098794652,-25.177811851024963,-25.73379832796481,-26.43851635526069,-27.337651499705142,1,0.20430599686872597,0.35836824577183535,-0.005846179629369175,0.18380482201803616,0.024609519532678092,0.44650086307844106,0.5559864769398466,0.899135144444454,1.5860489608327946
004319.74+005115.4,-22.522524371484028,-22.596484258342603,-22.834281531735492,-23.0035181261208,-23.37254204372185,-22.34852722981593,-22.57613941831884,-23.332756378404817,-23.897817162249385,-24.22298855407816,-25.038122321440053,-25.68850401630256,1,0.07395988685857446,0.23779727339288925,0.16923659438530692,0.36902391760105147,0.22761218850290987,0.5650607838445687,0.32517139182877486,0.6503816948625065,2.034604195319254
004359.86+313720.2,-23.44751894393652,-23.78515074332358,-24.09602552779277,-24.130216755379923,-24.40569866277841,-23.1576927557774,-23.563255159577604,-24.660911918148965,-25.12449026602883,-25.206804543462727,-25.918320073598316,-26.75019417566684,1,0.33763179938706145,0.31087478446918837,0.034191227587154316,0.2754819073984862,0.4055624038002037,0.46357834787986363,0.0823142774338983,0.8318741020685252,1.7881033182183934
004403.04+245641.8,-22.261601237711027,-22.44674026174457,-22.73400855488198,-22.84381269199637,-23.102175122632808,-22.113465794424584,-22.22898555185139,-23.143106811257383,-23.87661412884992,-24.325427902790377,-24.710343653617645,-25.38468690526695,1,0.18513902403354265,0.2872682931374122,0.10980413711438786,0.2583624306364385,0.11551975742680654,0.7335073175925366,0.44881377394045785,0.6743432516493044,1.866530961621276
004404.87+013342.8,-24.14149802145754,-24.26572746808788,-24.542854776861645,-24.57079515569661,-24.725854834903856,-24.07507011465039,-24.00262531704292,-24.6058934195213,-25.022792046121943,-25.54711963431691,-26.3297475026642,-27.159158266807605,1,0.1242294466303413,0.277127308773764,0.02794037883496614,0.15505967920724473,-0.07244479760747069,0.41689862660064136,0.5243275881949678,0.8294107641434039,1.7589523469675896
004426.36+345909.1,-22.415328586398186,-22.59799758899108,-22.951479853218807,-23.019997933619617,-23.18996559535685,-22.36153090276515,-22.19605827996124,-23.87981839150236,-24.395275408444704,-24.84005899079161,-25.17376611080353,-26.05508973262899,1,0.18266900259289542,0.35348226422772555,0.06851808040081053,0.16996766173723188,-0.16547262280391095,0.5154570169423422,0.44478358234690774,0.8813236218254588,2.1537681771839132
004426.92+044613.6,-22.66226029329765,-22.7651072104349,-22.981903849536558,-23.09349355469809,-23.3049144630258,-22.532774808949124,-22.2912064054465,-23.85941993555378,-23.851824933136,-24.633871953673008,-24.8723057842395,-25.80083183788822,1,0.10284691713724925,0.21679663910165914,0.11158970516153133,0.21142090832771032,-0.24156840350262598,-0.007595002417779995,0.7820470205370071,0.9285260536487208,1.778812229541412
004429.22+301625.3,-22.265974383981927,-22.442819807047563,-22.786366154071946,-22.928934687018536,-23.261385973771414,-22.63920791114799,-22.621549012599587,-23.562365107678907,-24.53689010698597,-24.80704403865661,-25.34395363714029,-26.20046483342928,1,0.176845423065636,0.34354634702438247,0.14256853294659066,0.33245128675287816,-0.017658898548404522,0.9745249993070644,0.27015393167063806,0.856511196288988,2.4150189501217554
004447.58+332500.3,-22.93885613654949,-23.09453527678065,-23.519469589983068,-23.48777278890429,-23.639682081134445,-22.429230301702965,-22.370031870256657,-23.814420401466137,-24.1625991066204,-24.33276880313347,-25.28044041773551,-26.06531754190332,1,0.15567914023116103,0.42493431320241726,-0.031696801078776815,0.1519092922301546,-0.05919843144630832,0.34817870515426463,0.17016969651306724,0.7848771241678101,1.792667628831218
004655.49+041329.4,-23.99718981626135,-24.031509365769036,-24.33036183414655,-24.443370067949044,-24.58260482060006,-22.840174912974724,-23.92892901234812,-24.695409827533204,-25.31435704433901,-25.67813881839168,-26.32577620105296,-27.252803570380408,1,0.034319549507685565,0.29885246837751467,0.1130082338024927,0.13923475265101715,1.0887540993733964,0.6189472168058039,0.3637817740526721,0.9270273693274476,1.8824061331039168
004727.16+083115.5,-23.471878388831172,-23.592781154496446,-23.87199076096933,-23.98143409582369,-24.14835077973052,-23.345006503190724,-23.180629047854403,-24.39392308965952,-24.730183242607005,-25.145386617872227,-25.756669053330924,-26.64989826603544,1,0.12090276566527436,0.2792096064728824,0.10944333485436175,0.16691668390683034,-0.16437745533632153,0.3362601529474851,0.41520337526522155,0.8932292127045152,1.7752349575072337
004905.76-044424.1,-22.583294947530224,-22.84305730648292,-23.1829756021237,-23.343926983349263,-23.62243723318575,-20.32399946817196,-21.602530730306373,-24.126005279071894,-24.566386526455183,-24.986778313921437,-25.68314451224582,-26.536901525059456,1,0.2597623589526954,0.339918295640782,0.16095138122556207,0.2785102498364864,1.2785312621344147,0.4403812473832893,0.4203917874662544,0.8537570128136345,2.339217528896558
004920.66+020856.9,-23.550525921617208,-23.66128660294449,-23.969051423589036,-23.967837622663748,-24.115536723139368,-23.134338550076887,-23.515109523207546,-24.281154982788472,-24.938021369857,-25.10708224900473,-25.460408244071413,-26.146964247435164,1,0.11076068132728167,0.3077648206445467,-0.0012138009252886661,0.14769910047562007,0.3807709731306588,0.6568663870685292,0.16906087914772883,0.6865560033637514,1.4925706214076655
004937.89-015148.2,-23.207167435112652,-23.379400877715277,-23.693539583006316,-23.730962808329632,-23.9635389717081,-23.016973537890877,-23.05580671023711,-24.33868899414,-24.472304986898703,-25.31162115977528,-25.253401028441207,-26.07496474999428,1,0.17223344260262508,0.3141387052910396,0.03742322532331599,0.23257616337846798,0.038833172346233624,0.13361599275870262,0.839316172876579,0.8215637215530727,1.5224382201115745
004941.36+284443.2,-22.988065517557025,-23.16923176948217,-23.517479837925656,-23.650355191943504,-23.836127667646185,-22.676771847203625,-22.668530178364463,-24.07363549303306,-24.67781754345866,-25.077081223787143,-25.46548168316417,-26.30432502802697,1,0.1811662519251449,0.34824806844348544,0.13287535401784822,0.18577247570268085,-0.008241668839161775,0.6041820504255995,0.3992636803284846,0.8388433448627985,1.815126491220667
004950.92+200326.8,-22.13825015246346,-22.425579770923434,-22.6460214336082,-22.789014321330644,-23.14555102507823,-22.48713901619073,-22.647561519380805,-23.689738718806385,-24.59437984669378,-25.02600711097003,-25.05598535786977,-25.978916471900398,1,0.2873296184599745,0.22044166268476673,0.14299288772244267,0.3565367037475866,0.16042250319007323,0.9046411278873947,0.4316272642762513,0.9229311140306287,2.2669710365391254
005044.33+174710.9,-22.82144166358904,-22.976615157761845,-23.368250637646582,-23.465616122672976,-23.61258205475125,-22.40007890479617,-22.372088225330263,-23.95738870576445,-24.236825896979724,-24.88052981382636,-25.389453119511487,-26.32613632612696,1,0.15517349417280357,0.39163547988473724,0.09736548502639408,0.1469659320782739,-0.027990679465908386,0.27943719121527266,0.6437039168466363,0.9366832066154736,1.92383699683851
005212.37+262126.8,-23.906392458979752,-24.02354326071781,-24.380868619037628,-24.41197261027627,-24.652874230058952,-22.795082380492705,-23.71810142804883,-24.82544865308784,-25.34739096260001,-25.611361240141687,-25.784865383059422,-26.73713671640485,1,0.11715080173805603,0.3573253583198195,0.03110399123864127,0.24090161978268299,0.9230190475561244,0.5219423095121698,0.26397027754167723,0.9522713333454291,1.3728927727831532
005312.67-031112.8,-22.3419637423668,-22.59411329186745,-23.011987989990352,-23.09546972679263,-23.30391829379102,-21.845314372621864,-22.08899279740388,-23.346052106822967,-23.914687178775875,-24.03141779369835,-24.7437984424076,-25.4117294441052,1,0.2521495495006505,0.4178746981229011,0.08348173680227688,0.20844856699839198,0.24367842478201496,0.5686350719529081,0.11673061492247427,0.6679310016976032,1.6483287156149693
005349.92-013030.3,-22.28927848616624,-22.48470037889275,-22.944202418286824,-23.05203648723552,-23.30292375908774,-22.55598744869495,-22.53750891455145,-23.957471215002613,-24.28501946886571,-24.753939380062437,-25.34435561086064,-26.26752993612159,1,0.195421892726511,0.4595020393940743,0.1078340689486943,0.25088727185222126,-0.01847853414350098,0.32754825386309605,0.4689199111967284,0.9231743252609519,2.29231912362512
005434.92+145528.7,-24.785374493419354,-24.814510673129373,-25.11860759258052,-25.24224353130052,-25.39331672900394,-23.86084165535415,-24.266541350986834,-25.33077135360836,-25.712568814563085,-25.89714350700904,-26.46949268112668,-27.288621047155125,1,0.029136179710018695,0.3040969194511476,0.12363593871999967,0.15107319770341832,0.40569969563268415,0.38179746095472566,0.18457469244595615,0.8191283660284441,1.2272491498261608
005617.72+275349.7,-23.34294194375697,-23.55034649765005,-23.91451184816636,-23.94411941306968,-24.173294527853944,-23.76298112034538,-23.72658654035291,-24.627920693292975,-24.819899309510877,-25.468257142895,-25.741854125315182,-26.60228392537066,1,0.2074045538930811,0.36416535051630916,0.029607564903319172,0.22917511478426533,-0.03639457999247142,0.19197861621790224,0.6483578333841216,0.8604298000554778,1.7977347122455036
005713.78+244344.8,-23.22731057375269,-23.33331366845309,-23.72266509708446,-23.81369590243458,-23.983748568745227,-22.51940857891524,-22.796965670880702,-23.97182078724061,-24.56748296752601,-24.90783754585649,-25.81158622170623,-26.6701443809857,1,0.10600309470040159,0.3893514286313682,0.09103080535012253,0.17005266631064586,0.27755709196546263,0.5956621802854016,0.34035457833048,0.8585581592794718,1.9978903192716473
005813.15+351027.1,-23.22877894603053,-23.32108989179348,-23.662125721534167,-23.8535941782918,-23.98579181799316,-23.36212328180836,-23.09597324274532,-24.547175940663543,-24.676337527475987,-25.537547210099696,-26.554053309470376,-27.523975796966443,1,0.09231094576295007,0.3410358297406866,0.19146845675763302,0.13219763970136,-0.2661500390630387,0.12916158681244383,0.8612096826237092,0.969922487496067,2.700459131178576
005905.51+000651.6,-24.15353491040688,-24.266513564618236,-24.5550913708218,-24.63484641696362,-24.78703014700457,-23.96519257293857,-24.10782571732693,-25.05798960817135,-25.100882628115848,-26.002881258258693,-26.34623339818299,-27.224529775136165,1,0.11297865421135711,0.28857780620356266,0.07975504614181972,0.15218373004095298,0.14263314438835906,0.04289301994449701,0.9019986301428453,0.8782963769531769,1.7113869812193698
010033.50+002200.1,-23.970052029204552,-24.06960801054483,-24.33959947303678,-24.36890440020249,-24.456375744134125,-17.383474891062843,-16.427732730162063,-24.3106783461192,-24.82049942389493,-25.22150754141809,-25.970073718080894,-26.715005232879527,1,0.0995559813402771,0.2699914624919515,0.02930492716570754,0.08747134393163591,-0.9557421609007797,0.5098210777757295,0.4010081175231619,0.7449315147986333,1.601169317878405
010113.03-092742.1,-24.21803842130814,-24.40193305534046,-24.604471242740107,-24.63021390141093,-24.87029588745577,-23.93844385925615,-23.947822960390063,-24.533028174839952,-24.882163355037875,-25.254084677738916,-25.988039106794908,-26.668123520457385,1,0.18389463403232043,0.20253818739964657,0.02574265867082204,0.2400819860448422,0.009379101133912826,0.3491351801979228,0.3719213227010414,0.6800844136624775,1.3578252053839783
010120.30+045956.4,-21.98131068855849,-22.160673324552832,-22.39591369879225,-22.441562089381804,-22.780888220478225,-21.99185842457832,-21.932616248139624,-22.996119669910684,-23.3579224528294,-24.02437504715795,-24.649851002342768,-25.536195127145188,1,0.179362635994341,0.23524037423941735,0.04564839058955528,0.3393261310964206,-0.05924217643869767,0.3618027829187156,0.6664525943285504,0.8863441248024202,2.2082889129609633
010130.52+195507.0,-23.092531609691637,-23.46759796511497,-23.95180682121716,-24.17101346551013,-24.356200013472076,-22.987307926287407,-23.20730208566849,-24.306152446102768,-24.47000788252307,-25.092199743320577,-25.75483155941023,-26.665412710856145,1,0.375066355423332,0.48420885610219244,0.2192066442929672,0.18518654796194767,0.21999415938108413,0.16385543642030242,0.622191860797507,0.9105811514459141,1.5838180939001028
010209.82+133152.8,-22.579473664314243,-22.758317349978743,-23.155525349530706,-23.20597585759121,-23.428316541665943,-22.549496110774506,-22.46140424131358,-23.49645725840524,-24.302380730001325,-24.574806656706315,-24.956121680108197,-25.64734811573764,1,0.17884368566449993,0.39720799955196284,0.05045050806050355,0.22234068407473373,-0.08809186946092495,0.8059234715960848,0.2724259267049902,0.6912264356294422,1.7501458225169877
010312.99+022109.9,-23.693388402373152,-23.828020874377632,-23.89734177848864,-23.87631147549309,-24.18598574834332,-23.1613449873281,-23.24893434831744,-23.52431267251789,-24.298945319906966,-24.559482244253797,-25.354011284912268,-26.152032992705884,1,0.1346324720044798,0.06932090411100944,-0.021030302995551864,0.30967427285023064,0.087589360989341,0.7746326473890761,0.2605369243468303,0.798021707793616,1.4776998094191782
010320.62+271937.4,-23.060115893344378,-23.33033719676152,-23.602181893110757,-23.737753552993876,-23.866921276743664,-23.185259344877156,-22.986619758716817,-24.035273301693717,-24.750472950439484,-25.53611588764453,-25.970259926106184,-26.799299280409677,1,0.27022130341714146,0.2718446963492376,0.13557165988311937,0.1291677237497879,-0.19863958616033983,0.7151996487457666,0.7856429372050471,0.8290393543034931,2.232506373112308
010342.73+002537.2,-23.277688301426533,-23.533172860138897,-23.921965815389218,-24.057108977760773,-24.24062327161568,-23.02336827824253,-23.3584802289957,-24.290536191633706,-24.79442761657601,-25.38506631376268,-26.086467845969185,-26.757087936271564,1,0.2554845587123644,0.3887929552503202,0.13514316237155555,0.18351429385490547,0.3351119507531699,0.503891424942303,0.5906386971866731,0.6706200903023785,2.029358868208412
010448.57-091013.0,-22.85176830034849,-23.16185423265637,-23.536120440536934,-23.61928307704888,-23.8645000918673,-21.723962079239357,-22.100790953836007,-23.861941656201687,-24.331473145269182,-24.96371096331963,-25.460218329420627,-26.380963646588896,1,0.3100859323078815,0.374266207880563,0.08316263651194689,0.24521701481841873,0.3768288745966508,0.46953148906749576,0.6322378180504487,0.9207453171682687,1.8409352523717466
010454.15-013129.9,-23.72926872919152,-23.944551315782437,-24.20237224407929,-24.2012027000789,-24.34999076279442,-23.327032562413105,-23.49168204293401,-24.42058676195864,-24.891350297846756,-24.92461011736928,-25.786620473616733,-26.695623076871872,1,0.21528258659091648,0.25782092829685155,-0.0011695440003904878,0.14878806271552136,0.16464948052090378,0.4707635358881177,0.03325981952252377,0.9090026032551393,1.5854177735378343
010509.29+005258.7,-23.428858295729302,-23.60459645391368,-23.945502795402017,-24.013738195731893,-24.14370242050872,-23.253811881677983,-23.16785372989334,-24.0659846652628,-24.315669031510968,-24.58867699591908,-25.47211659452458,-26.315901271085124,1,0.17573815818437666,0.3409063414883384,0.06823540032987552,0.12996422477682756,-0.0859581517846415,0.24968436624816803,0.27300796440811226,0.8437846765605457,1.4583783987926857
010535.66-040158.4,-22.44873682564445,-22.754359692754072,-23.12731293432844,-23.24176539443229,-23.38393543263949,-21.857347251879837,-22.02286357859892,-23.57731203332159,-23.793456708333345,-24.61805089968077,-25.322796214276515,-26.014709810826677,1,0.30562286710962283,0.3729532415743684,0.11445246010384835,0.1421700382072011,0.16551632671908223,0.21614467501175483,0.8245941913474262,0.6919135965501617,2.0810308198442264
010644.15-103410.5,-23.02002149716378,-23.182081469864958,-23.388796756192733,-23.527784375303195,-23.77805560101439,-22.72366225071223,-22.77630994405765,-23.888124494592397,-24.40608747895036,-24.334220012690903,-25.20309853296988,-25.973576219775783,1,0.16205997270117933,0.2067152863277748,0.13898761911046265,0.2502712257111952,0.05264769334542052,0.5179629843579647,-0.07186746625945872,0.7704776868059042,1.6753141576666835
010737.01-001911.5,-23.55106267649825,-23.592231703133574,-23.929867644132443,-24.059035389280083,-24.129919278916997,-22.87821942146285,-23.17535121245844,-24.340817957001207,-24.75299552071481,-25.477879501872057,-25.944465849387058,-26.955929986290545,1,0.04116902663532329,0.33763594099886873,0.1291677451476403,0.07088388963691372,0.29713179099559284,0.4121775637136018,0.7248839811572481,1.0114641369034878,1.8854304601069742
011030.90-041531.0,-22.93690454695554,-23.142098774308923,-23.41260291678667,-23.454662236270757,-23.55214479291215,-22.90240361432202,-22.826710744734555,-23.60513440388775,-24.404682283942314,-24.600543267105547,-24.893327443735416,-25.65768642568277,1,0.20519422735338466,0.2705041424777477,0.04205931948408548,0.09748255664139194,-0.07569286958746346,0.7995478800545648,0.1958609831632323,0.7643589819473533,1.438665207464659
011126.47+330227.7,-23.01687936281937,-23.17311881195237,-23.35364284445004,-23.446570664859745,-23.78794398965648,-23.506088233057586,-23.44539665546614,-24.165747273679177,-24.42441311782962,-25.28472427738596,-25.48218030964521,-26.35250081704549,1,0.15623944913300036,0.18052403249766868,0.09292782040970593,0.3413733247967343,-0.06069157759144517,0.2586658441504426,0.8603111595563391,0.8703205074002831,2.0356096447854632
011132.32+133519.1,-23.973678948701902,-24.167286409005875,-24.428675285105825,-24.48065055170006,-24.60446219989759,-24.04918494187182,-23.876366560399788,-24.42525107574204,-24.60257408875936,-25.21062762990658,-26.08889316837605,-26.949023033482543,1,0.1936074603039728,0.2613888760999501,0.05197526659423346,0.1238116481975311,-0.17281838147203388,0.17732301301732178,0.6080535411472177,0.8601298651064937,1.6082426166759909
011210.19+202021.6,-24.466665585684314,-24.56483912714264,-24.898616992632995,-25.00608265913247,-25.09360019503217,-24.454047588812312,-24.66672877741889,-24.961591671472096,-25.23006665835106,-25.54609287055963,-26.59976673487671,-27.45165797425673,1,0.09817354145832624,0.3337778654903545,0.10746566649947553,0.0875175358996998,0.21268118860657736,0.26847498687896376,0.31602621220856975,0.85189123938002,1.593684075744239
011257.34+150340.3,-23.414037729789417,-23.48752921103883,-23.84210407685827,-24.006275592119632,-24.082793441932267,-21.483189460984278,-22.957613032310935,-24.721455962117275,-24.933241501665336,-25.723777675880942,-25.414839930309117,-26.28001118514698,1,0.07349148124941252,0.35457486581944053,0.1641715152613621,0.07651784981263532,1.474423571326657,0.21178553954806034,0.7905361742156067,0.8651712548378612,1.4085643381894855
011305.23+092002.5,-22.59767513371683,-22.75699408608133,-23.025303230569783,-23.052304344412512,-23.23539256136384,-22.150187847497808,-22.274089489999067,-24.317599905382718,-24.43498008648134,-24.363110158046407,-24.725222878904933,-25.549968576689302,1,0.1593189523645009,0.2683091444884518,0.027001113842729296,0.18308821695132949,0.12390164250125935,0.11738018109862125,-0.071869928434932,0.824745697784369,1.6729185344924211
011417.18-005518.7,-23.862390090071127,-23.884032767782237,-24.23255703096616,-24.326401190653133,-24.45816605738339,-22.8091789664976,-23.422478025952667,-24.343289276651365,-24.909081335053664,-25.310455723506905,-25.87537941490783,-26.73956923341247,1,0.02164267771111028,0.34852426318392205,0.09384415968697368,0.13176486673025778,0.6132990594550662,0.5657920584022982,0.4013743884532417,0.8641898185046415,1.5489782242546966
011420.95-004049.2,-22.128962038959493,-22.2986429459517,-22.5220319710559,-22.67134375421529,-23.027601833072374,-22.689943652913456,-22.690640334760086,-22.94300475626804,-23.457471203021534,-24.20198503114343,-24.83894124037373,-25.674414049995367,1,0.1696809069922054,0.22338902510420056,0.14931178315939064,0.3562580788570848,0.0006966818466302982,0.5144664467534952,0.7445138281218959,0.8354728096216348,2.167597486158442
011427.78+243311.9,-22.45459451170926,-22.68286848609809,-22.89040692986248,-22.979718711434344,-23.224501825780585,-22.51467796048009,-22.54081140313069,-23.26805107418222,-23.984700097120943,-24.399056623136744,-25.183716563169437,-25.939302576664524,1,0.22827397438883068,0.20753844376438835,0.08931178157186537,0.2447831143462409,0.026133442650600358,0.7166490229387215,0.4143565260158013,0.7555860134950869,2.2039978517350924
011500.58+033425.5,-22.79645246831548,-22.89664534515033,-23.206851362502867,-23.247736805720724,-23.428774033486665,-22.881909582880624,-22.60216535416982,-23.406800498770167,-24.0898237711636,-24.561517228395022,-24.76741820150953,-25.49500979655679,1,0.1001928768348499,0.31020601735253805,0.040885443217856476,0.1810372277659411,-0.27974422871080407,0.6830232723934344,0.47169345723142087,0.7275915950472616,1.5196813957888047
011530.51+103008.6,-23.17256600387195,-23.41744490512098,-23.72594640937797,-23.77058611307602,-23.994306788940108,-22.677188348309706,-22.838021362341777,-23.70961420432704,-24.059535532709543,-24.71251080157137,-25.369093873788906,-26.19862115459585,1,0.2448789012490309,0.30850150425698786,0.04463970369805281,0.22372067586408662,0.16083301403207173,0.34992132838250356,0.6529752688618267,0.8295272808069427,1.5985077607128844
011623.04+142940.5,-23.19564736500689,-23.43218158517906,-23.80609043413664,-23.853190139855062,-24.06884253164876,-22.854295658699996,-22.80473014218913,-23.75699165371236,-23.96361793491355,-24.288890954250952,-25.35533089764349,-26.154887745491504,1,0.2365342201721674,0.3739088489575799,0.04709970571842348,0.21565239179369655,-0.04956551651086727,0.20662628120118853,0.32527301933740205,0.7995568478480131,1.5021407577884283
011652.40+042637.2,-24.35479790489637,-24.403748885424083,-24.67883749304336,-24.71985700402716,-24.849133959848377,-22.606329017469736,-23.843435921519436,-25.023802577958826,-25.47397382451089,-25.837304308279634,-26.189200521759467,-27.04224560404763,1,0.04895098052771374,0.2750886076192778,0.04101951098379786,0.12927695582121856,1.2371069040496998,0.4501712465520633,0.36333048376874544,0.8530450822881619,1.4693435177323089
011711.57+105439.8,-22.274334439449586,-22.33242680629624,-22.58562871259839,-22.71034334538053,-23.117963542631472,-21.92375807824274,-21.985667800143784,-23.33209697306474,-23.846883095878205,-23.96943639115042,-24.476517185320542,-25.129665019522903,1,0.05809236684665464,0.25320190630214867,0.12471463278214046,0.40762019725094234,0.06190972190104205,0.5147861228134651,0.12255329527221548,0.6531478342023611,1.7661738399400129
011741.85-104717.6,-23.610147378985367,-23.8836080975758,-24.182154575382352,-24.167648654370343,-24.342790722070447,-23.422211493203456,-23.507691729961977,-24.430819272003145,-24.67630739581416,-24.927830745444183,-25.508077927736466,-26.306466947153904,1,0.27346071859043164,0.2985464778065534,-0.014505921012009537,0.17514206770010432,0.08548023675852079,0.2454881238110147,0.2515233496300233,0.7983890194174386,1.340429273366123
011808.82+195036.1,-23.525269323325883,-23.67606097075474,-24.08335266255857,-24.251495955261262,-24.357398797853577,-23.482042101649533,-23.525926630799084,-24.67444501473561,-25.13087152509157,-25.454230704119517,-26.01380008169909,-26.933944124117527,1,0.1507916474288571,0.40729169180383096,0.16814329270269113,0.10590284259231453,0.0438845291495511,0.4564265103559606,0.3233591790279462,0.9201440424184355,1.7623041264378294
011910.02+013127.9,-23.18384425167253,-23.474688830602144,-24.033660734288777,-24.21619019793882,-24.365469611382192,-22.863525750327906,-22.95899908731263,-24.183625194203167,-24.37364386656437,-25.168719628062995,-25.95954570794951,-26.741251585490165,1,0.29084457892961524,0.5589719036866327,0.18252946365004163,0.1492794134433737,0.09547333698472471,0.19001867236120518,0.795075761498623,0.7817058775406558,1.7433555100106908
012006.34+215920.3,-23.54585713708188,-23.75447693521868,-24.090521007320454,-24.14139351780712,-24.394769415960727,-23.14037169293375,-23.179161892774385,-24.48723214058933,-24.82186634244038,-25.092711660406888,-25.482097894355263,-26.26032753721295,1,0.2086197981367981,0.33604407210177456,0.0508725104866663,0.2533758981536067,0.03879019984063348,0.3346342018510491,0.2708453179665078,0.7782296428576885,1.3407043765481426
012016.72-092028.8,-23.29923459182545,-23.423083740954056,-23.545980980494573,-23.517817414106705,-23.734447355711755,-23.16236789237865,-23.200580022531756,-23.957940363859745,-23.970500425486136,-24.72726019059788,-25.049144270302737,-26.05448933689937,1,0.12384914912860623,0.12289723954051723,-0.028163566387867434,0.21662994160504923,0.03821213015310576,0.012560061626391672,0.7567597651117453,1.0053450665966324,1.5313268561960314
012039.20-084238.0,-23.68647505630439,-23.90368730806733,-24.29392842966484,-24.44380586091372,-24.64874888799193,-23.319413926021337,-23.56208021509929,-24.681909571169687,-24.791741229481087,-25.497279462026484,-26.018586170218665,-26.84249356504646,1,0.21721225176294112,0.3902411215975121,0.14987743124887842,0.20494302707820822,0.2426662890779525,0.10983165831139985,0.7055382325453969,0.8239073948277955,1.5747803093049448
012039.87+065837.4,-23.93122960855612,-24.06222402070088,-24.254271553505383,-24.20566498690888,-24.48955693513193,-24.201116960284267,-24.073621530852108,-24.17482936732949,-24.43264834252244,-25.318838456792708,-26.06990676491016,-26.882376392222262,1,0.13099441214476215,0.1920475328045015,-0.04860656659650431,0.28389194822305086,-0.12749542943215886,0.2578189751929507,0.8861901142702671,0.812469627312101,1.8642417780012828
012130.48-094236.8,-23.09536766895843,-23.315102782964995,-23.73168972066396,-23.79578963227589,-23.935155754836597,-22.642990643232324,-22.73571517267725,-23.8698751060392,-24.14153733771856,-24.879736688993827,-25.345077446000477,-26.224986637201404,1,0.2197351140065642,0.41658693769896615,0.06409991161192963,0.13936612256070546,0.09272452944492571,0.2716622316793611,0.7381993512752665,0.8799091912009267,1.549287813724586
012302.02-024400.3,-23.259133601567523,-23.41006633564699,-23.57629446856653,-23.56744716257111,-23.87111882147309,-23.190893387482365,-23.19754717329818,-23.57085771975046,-24.246192643586618,-24.4745730609833,-25.17982554795913,-25.993402894923427,1,0.1509327340794684,0.16622813291953875,-0.008847305995420385,0.30367165890197967,0.006653785815814217,0.6753349238361572,0.22838041739668213,0.8135773469642977,1.6123783853880198
012335.38+261104.8,-22.330804647058724,-22.49269312295635,-22.944055341235497,-22.93662253322668,-23.21202157968176,-21.71519234551673,-21.76832455556287,-24.07444588048038,-24.137431214760014,-24.598651414287435,-25.020815489626983,-25.83029845621685,1,0.16188847589762645,0.45136221827914724,-0.0074328080088186255,0.27539904645508173,0.053132210046140216,0.06298533427963449,0.4612201995274212,0.8094829665898651,2.0841929564003046
012402.16+071954.7,-22.377808954077533,-22.68213523417768,-23.02886704302893,-23.16959559826436,-23.409605036254188,-21.654599107873487,-21.9990727409306,-24.007020640881752,-24.38220853326693,-24.931593565259,-25.42821114959944,-26.18754580079816,1,0.3043262801001454,0.34673180885125277,0.14072855523543026,0.24000943798982632,0.3444736330571132,0.3751878923851777,0.5493850319920703,0.7593346511987171,2.2586155513350796
012419.87+141858.4,-22.90361469862958,-23.16502276250623,-23.33811318913964,-23.40010867000374,-23.62742158209648,-22.554011926310636,-22.52624627823009,-23.337536215916717,-23.74931643698965,-24.1366415023416,-24.996295635430748,-25.70383258827451,1,0.26140806387665094,0.17309042663341145,0.06199548086409834,0.22731291209274218,-0.027765648080546157,0.4117802210729309,0.387325065351952,0.7075369528437605,1.5961869654270089
012434.82-040102.5,-23.909466169024853,-24.073616721652066,-24.286177192413906,-24.28360085175829,-24.4506412196622,-24.42757099984772,-24.272596416358283,-24.630120184782843,-24.85961780910036,-25.504358875735097,-25.94354238596297,-26.798506427256346,1,0.16415055262721268,0.21256047076184004,-0.0025763406556151836,0.1670403679039083,-0.15497458348943738,0.22949762431751708,0.6447410666347366,0.8549640412933748,1.6599415342046804
012449.79-095614.4,-23.813807394420664,-23.957455674431827,-24.285401160227405,-24.47961750787189,-24.6100310872152,-23.428260370599094,-23.71406655962218,-24.55964159871033,-24.931898610810517,-25.39529012956507,-26.145286774027102,-27.22012904262591,1,0.14364828001116337,0.3279454857955777,0.1942163476444847,0.13041357934331188,0.2858061890230843,0.3722570121001887,0.46339151875455187,1.0748422685988075,1.6656692661552128
012602.99-000822.5,-22.472243841765483,-22.769028504591397,-23.227035469035425,-23.304359814821893,-23.54767855188211,-21.882821707271752,-22.23509755446292,-23.95952385678579,-24.250175382651047,-25.068011695447137,-25.63988470128817,-26.43052612777532,1,0.29678466282591387,0.4580069644440279,0.07732434578646874,0.24331873706021767,0.35227584719116933,0.29065152586525755,0.8178363127960893,0.7906414264871486,2.3355248864662776
012631.75+274335.3,-23.041615555195047,-23.2281303426584,-23.51971033505516,-23.57514654948623,-23.943274329631155,-22.485161682488343,-22.68113973233197,-24.02422243914862,-24.664127476129345,-25.175892895155457,-25.867869213891503,-26.632539417102706,1,0.18651478746335215,0.291579992396759,0.05543621443107227,0.3681277801449241,0.1959780498436281,0.6399050369807249,0.5117654190261121,0.7646702032112032,2.2927226644052716
012657.02+315353.0,-22.347836404934974,-22.55814609759728,-22.750238958461317,-22.881121554765844,-23.059734241948004,-22.075121342890505,-22.049201295563865,-22.57098756230694,-23.261719403999773,-23.664746834280525,-24.603097876248132,-25.283920879798888,1,0.2103096926623067,0.19209286086403665,0.13088259630452725,0.1786126871821594,-0.02592004732663966,0.6907318416928341,0.4030274302807513,0.6808230035507563,1.7219763214822876
012747.76+263639.6,-23.988981918381512,-24.118432096984844,-24.33575035555761,-24.312965820971687,-24.59452771041849,-23.382950251451195,-23.403943058763826,-24.163651874046128,-24.355175029501577,-24.726416455646127,-25.572785410007796,-26.387325805959705,1,0.12945017860333152,0.21731825857276732,-0.022784534585923666,0.2815618894468024,0.020992807312630646,0.1915231554554495,0.37124142614455025,0.8145403959519086,1.259819589036109
012826.59-043930.9,-24.5491950247391,-25.04298737647398,-25.380688175337283,-25.447652269189646,-25.682400551254062,-22.21571323133191,-22.448288660237907,-26.593253512854545,-26.871310251393968,-27.475234707385027,-27.13952934796391,-27.74441073634021,1,0.4937923517348821,0.3377007988633025,0.0669640938523628,0.234748282064416,0.2325754289059958,0.2780567385394228,0.6039244559910593,0.6048813883762989,1.6918770787742652
012835.96+112751.7,-22.98455520443052,-23.30675128542415,-23.76927894655004,-23.940505668531586,-24.085206502011506,-17.82337341334367,-16.217058655588552,-24.29942161208448,-24.849359270858866,-25.1071447491632,-25.80929382866724,-26.757528252267576,1,0.32219608099362773,0.4625276611258897,0.17122672198154731,0.14470083347992002,-1.6063147577551184,0.549937658774386,0.25778547830433496,0.9482344236003364,1.8687881601356544
012853.91+050725.2,-24.0459092955778,-24.29271282114297,-24.596246208570825,-24.59556021348733,-24.694919743796497,-23.560157170013976,-24.09303526994886,-25.004754143394383,-25.39442167660583,-25.594016710987336,-25.520739578523767,-26.31717494749112,1,0.24680352556516993,0.30353338742785496,-0.0006859950834936512,0.09935953030916522,0.5328780999348837,0.38966753321144765,0.19959503438150605,0.7964353689673551,0.9251793650364348
012923.64+085612.2,-23.966626270185746,-23.9886055979208,-24.30495641849121,-24.406990241876542,-24.506844498530263,-22.744734003147187,-23.511786799060022,-24.5603839282917,-24.672285547015868,-25.441659379447945,-26.045314723275823,-26.952417577084915,1,0.02197932773505329,0.31635082057040975,0.10203382338533373,0.09985425665372105,0.7670527959128357,0.11190161872416837,0.7693738324320769,0.9071028538090928,1.6383244813992803
012927.87+112146.2,-22.23611669218304,-22.34078668061799,-22.549269659620364,-22.640679835798124,-22.947934255736243,-16.098461406618707,-15.07434247247515,-23.13278044962485,-23.817979574055933,-24.02690991614145,-24.539441618358268,-25.20395156583517,1,0.10466998843494935,0.2084829790023761,0.09141017617776015,0.3072544199381184,-1.0241189341435568,0.6851991244310831,0.20893034208551597,0.6645099474769012,1.8987617825601433
013022.33+331523.8,-22.61522171217925,-22.738892862039428,-22.83203636716633,-23.02351792143335,-23.31520377879291,-22.309166613506918,-22.3040818813787,-23.47506410470719,-23.883014698310443,-24.57223070432087,-24.99569990871468,-25.854549477548208,1,0.12367114986017924,0.09314350512690339,0.19148155426701763,0.29168585735956043,-0.005084732128217695,0.40795059360325325,0.689216006010426,0.8588495688335271,1.9721819872813313
013032.74+311940.4,-23.500482001339225,-23.733982992015648,-24.126449575027657,-24.207379423235405,-24.314886540496328,-22.77974472649923,-23.310981789964487,-24.573584662626867,-24.94065856882468,-25.515359794312054,-26.03834811469501,-26.851848981631218,1,0.23350099067642205,0.3924665830120091,0.08092984820774873,0.10750711726092277,0.5312370634652552,0.3670739061978132,0.5747012254873738,0.8135008669362058,1.8309686914596064
013041.67+004000.3,-23.808329805325013,-23.906521180271955,-24.133352696366583,-24.220554294637594,-24.3276388729742,-23.70593561131517,-23.560840242170475,-24.638590327981564,-24.79743889122829,-25.266522928626827,-26.009670565563454,-26.85800510514232,1,0.09819137494694274,0.22683151609462726,0.0872015982710117,0.10708457833660745,-0.14509536914469479,0.1588485632467247,0.4690840373985381,0.8483345395788646,1.7891162709258595
013052.46+012711.0,-23.71172560430678,-23.90692297434868,-24.152446864516428,-24.21656340012808,-24.372529558073506,-23.34616466122426,-23.36286550715616,-23.80853093077943,-24.366425093678785,-24.953096102545164,-25.690937610960283,-26.49732523875,1,0.19519737004190318,0.24552389016774612,0.06411653561165309,0.155966157945425,0.016700845931900687,0.5578941628993555,0.5866710088663787,0.806387627789718,1.4743742108322024
013056.74+255009.4,-23.058135011411636,-23.25430974157697,-23.468483445807227,-23.51617801109621,-23.898548129306945,-22.532874155615342,-22.421395183553308,-23.732985470139337,-24.29260155269319,-24.38391893890345,-24.96388348771519,-25.670842031893617,1,0.19617473016533538,0.21417370423025517,0.04769456528898175,0.3823701182107371,-0.11147897206203439,0.5596160825538519,0.09131738621026031,0.706958544178427,1.4477054766189816
013144.70-031038.5,-22.49660218362283,-22.79770881096981,-23.125385146001467,-23.22422161641954,-23.49871931541832,-21.128454954666797,-21.80119912162109,-23.755470321159,-24.013424572135914,-24.29050701557504,-24.9589160350292,-25.65006242472721,1,0.3011066273469787,0.32767633503165783,0.09883647041807464,0.27449769899877907,0.672744166954292,0.2579542509769155,0.27708244343912725,0.6911463896980088,1.73469441860966
013304.82+323039.7,-23.040880402362347,-23.0466575572019,-23.239963823469967,-23.195529542819344,-23.36457723616264,-22.61402203303912,-22.804534528214585,-23.83416020323896,-23.995161988000675,-24.792181551215847,-25.381343816977207,-26.27051595469933,1,0.005777154839552878,0.1933062662680669,-0.04443428065062349,0.16904769334329472,0.1905124951754651,0.16100178476171578,0.7970195632151729,0.8891721377221238,2.1858142741578632
013307.00+033904.5,-23.293582656258227,-23.456308170608203,-23.66489990660453,-23.67819069265361,-23.9862083850292,-23.18782656305349,-23.27150787091881,-23.86495102520675,-24.048927734561264,-24.761162830073005,-25.412648747346523,-26.162481373769268,1,0.16272551434997595,0.2085917359963254,0.01329078604908318,0.3080176923755893,0.08368130786531935,0.18397670935451416,0.7122350955117405,0.7498326264227444,1.7344580546929116
013324.62+242741.3,-23.3859893750884,-23.741061001450664,-24.019309933542885,-24.14193577077604,-24.468802446901098,-23.133592620327462,-23.23085735206548,-24.175608018086518,-24.75310165617527,-25.214932866958662,-25.805908447190223,-26.65676982886333,1,0.35507162636226397,0.2782489320922217,0.12262583723315501,0.32686667612505715,0.09726473173801864,0.5774936380887539,0.46183121078339084,0.8508613816731057,1.6639726764141827
013418.19+001536.7,-23.864879758358263,-24.053531508915437,-24.37666070246211,-24.398786048760048,-24.68903968408356,-23.60762454172956,-23.635859927104327,-24.620016356334464,-25.10045609965085,-25.91951075989889,-26.538324023720104,-27.279841856779772,1,0.18865175055717387,0.3231291935466736,0.022125346297936943,0.2902536353235128,0.02823538537476722,0.48043974331638495,0.8190546602480424,0.7415178330596675,2.1395379749600565
013419.37+014647.9,-23.1764175434954,-23.418659186830503,-23.64536006020894,-23.61688914239772,-23.94619557307054,-22.424237996336892,-22.671669095178657,-24.11367000593218,-24.62257283535751,-25.1865349628539,-25.749405440206903,-26.65183852696181,1,0.24224164333510245,0.22670087337843725,-0.028470917811219465,0.32930643067281906,0.24743109884176562,0.508902829425331,0.5639621274963922,0.9024330867549075,2.1325162978091825
013436.22+002624.3,-23.77206560583164,-23.841520186776872,-24.192564184802148,-24.334987283864606,-24.43195552920126,-22.541222349152108,-23.121701175105358,-24.42545471613268,-25.24374257262888,-25.307176218608664,-25.919171234778982,-26.954927106354862,1,0.0694545809452336,0.3510439980252755,0.14242309906245865,0.09696824533665449,0.5804788259532501,0.8182878564961982,0.06343364597978507,1.03575587157588,1.584183950914376
013625.38+123623.7,-22.470601408191392,-22.531039941035043,-22.79616084494195,-22.85463880617542,-23.14805508461765,-21.962894712758462,-21.964713811722607,-23.493064226747272,-23.68762529983396,-24.425615313058657,-24.538196468419518,-25.23554561628729,1,0.060438532843651416,0.265120903906908,0.05847796123346782,0.29341627844222984,0.001819098964144672,0.1945610730866889,0.7379900132246959,0.6973491478677722,1.6835576622440982
013652.05+303915.7,-22.76079440338413,-23.053420257350176,-23.60525109048318,-23.71178793498126,-23.937819594837645,-22.46505198096168,-22.58786808544401,-24.04449614724824,-24.838850558632124,-25.328271078032238,-25.883388108508104,-26.71028789190276,1,0.29262585396604734,0.5518308331330033,0.10653684449808054,0.2260316598563854,0.12281610448233238,0.7943544113838854,0.4894205194001131,0.826899783394655,2.171600173526844
013901.55-010615.4,-21.916013582608013,-22.113101126288665,-22.31207360910817,-22.36501987557479,-22.63174192822547,-22.015938658667217,-22.1365281500736,-23.27446440774028,-23.508396759237325,-23.950840950238188,-23.222079983350422,-23.87133846038397,1,0.1970875436806523,0.19897248281950652,0.05294626646661982,0.26672205265067817,0.12058949140638475,0.23393235149704594,0.4424441910008632,0.6492584770335483,0.8570601077756308
013915.23+221748.6,-23.382752467519133,-23.54467452616492,-23.94056199112332,-23.93949353866552,-24.149538372277945,-22.859075949008705,-23.058068937734475,-24.04569762278696,-24.316924338217397,-25.030850095652085,-25.897936901077745,-26.792860266503062,1,0.16192205864578568,0.39588746495840255,-0.0010684524578010723,0.2100448336124252,0.1989929887257702,0.2712267154304371,0.7139257574346871,0.894923365425317,1.9584433624122255
013930.17+011518.3,-22.18773757325008,-22.53418389138415,-22.869699145979077,-22.885824796532784,-23.204104048819357,-20.774536138886816,-21.601928832786275,-23.121385052947137,-23.325856772446077,-24.12749190499476,-24.5703567509926,-25.123780008789584,1,0.34644631813407045,0.33551525459492737,0.016125650553707516,0.3182792522865725,0.8273926938994585,0.20447171949894027,0.8016351325486823,0.5534232577969824,1.6845319544598176
013955.76+061922.5,-24.054812452665047,-24.0712611961947,-24.38526954391201,-24.401827008260437,-24.335806228031355,-23.6672251830854,-23.93682063455589,-24.242489301233007,-24.83163401226863,-25.2166338999449,-26.16611099009637,-27.03876218737724,1,0.01644874352965431,0.31400834771730857,0.016557464348426976,-0.06602078022908131,0.26959545147049013,0.5891447110356225,0.384999887676269,0.8726511972808702,1.7642839818359342
014017.06-005003.0,-24.35010934578669,-24.438320762855906,-24.558112217549148,-24.628365482493138,-24.88089709265312,-24.589585343688483,-24.651885163052235,-24.54838550318413,-24.809568484946684,-25.221293475366853,-26.23163156838149,-26.84642397188559,1,0.0882114170692141,0.11979145469324237,0.07025326494398954,0.25253161015998415,0.062299819363751396,0.2611829817625555,0.4117249904201685,0.6147924035040973,1.6032660858883538
014028.12+132320.7,-23.36459348836747,-23.61752742793079,-23.97915418564001,-24.048960847804235,-24.282005273192567,-23.119121384312702,-22.980263001867318,-24.117914654761343,-24.57757203999201,-24.96419512698437,-25.79792638389587,-26.61700100925609,1,0.2529339395633201,0.3616267577092209,0.06980666216422549,0.23304442538833214,-0.13885838244538462,0.4596573852306669,0.3866230869923619,0.8190746253602192,1.7489655360916352
014035.01+234451.1,-23.8098299435948,-23.99944136822483,-24.21603759916732,-24.2798447085748,-24.63699461239452,-23.43746953303468,-23.439899450395345,-24.846245421188385,-25.001379898027707,-25.373146650167488,-25.75679730295706,-26.507586274454976,1,0.18961142463003,0.21659623094248914,0.06380710940748102,0.357149903819721,0.0024299173606650015,0.15513447683932213,0.3717667521397807,0.750788971497915,1.4769525943822615
014104.73+185145.9,-22.36259141529177,-22.75754485680435,-23.19153070901549,-23.317312095986637,-23.529415182614,-19.33218585453909,-19.351631367677435,-23.572830576912708,-24.26480462221752,-24.66828237866328,-25.33444456152104,-26.216829758905444,1,0.3949534415125804,0.43398585221113706,0.12578138697114838,0.2121030866273621,0.01944551313834353,0.6919740453048142,0.4034777564457599,0.882385197384405,2.0171324655344023
014136.39-001019.7,-22.95298673560353,-22.99810707665125,-23.11390854231481,-23.110505044228532,-23.48934054088227,-23.071316253260743,-23.052497720881316,-23.018774132042147,-23.65050066915954,-24.03348801244213,-24.91980322228962,-25.719780660579254,1,0.04512034104772056,0.11580146566355864,-0.003403498086278489,0.37883549665373906,-0.01881853237942721,0.6317265371173946,0.3829873432825899,0.7999774382896341,1.8092981780610877
014214.78+304955.2,-22.40422054705998,-22.68976319821053,-23.03392158200097,-23.08460388100393,-23.419906742232182,-22.13769086359789,-22.11114363722052,-23.55575365708897,-24.05063664841293,-24.46101384606577,-24.813802015925976,-25.65171732450166,1,0.28554265115055344,0.3441583837904396,0.05068229900295762,0.3353028612282536,-0.026547226377370947,0.4948829913239585,0.4103771976528421,0.8379153085756847,1.729198134922047
014310.11+332721.0,-22.41699134827505,-22.592150590799385,-22.861043295056906,-22.936712515636163,-23.225978360170203,-21.677938864274065,-21.84953533808517,-23.272274904348308,-23.904438963614627,-24.165534918859223,-24.488991288079248,-25.174562673173256,1,0.1751592425243338,0.2688927042575209,0.07566922057925751,0.2892658445340395,0.17159647381110332,0.6321640592663194,0.2610959552445955,0.6855713850940077,1.5522787724430849
014627.33+052432.4,-23.36621351513036,-23.605972812872174,-23.999309971194048,-24.193575608228603,-24.37846446900189,-23.31443958055699,-23.29032987505705,-24.59971326788824,-24.859856161964817,-25.351871697071516,-25.938143272386885,-26.889505822061864,1,0.23975929774181282,0.39333715832187366,0.19426563703455457,0.18488886077328814,-0.024109705499938627,0.2601428940765764,0.4920155351066988,0.9513625496749789,1.7445676641582821
014641.18+010815.9,-25.672654206352373,-26.27100990399493,-26.13013049967562,-26.127941359323614,-26.415255157348625,-24.368464428518934,-25.129770714947018,-26.644296506646786,-27.13330479682492,-27.734304653885843,-28.510932866751517,-29.567607812137624,1,0.5983556976425568,-0.14087940431931045,-0.0021891403520051256,0.28731379802501067,0.7613062864280842,0.4890082901781341,0.6009998570609234,1.0566749453861064,2.382991507427903
014718.40-082449.8,-25.102462546315586,-25.215340876305625,-25.45032748126233,-25.490962402365444,-25.629686060916125,-25.124521291510742,-24.95905425625563,-25.426573349276868,-25.71819907815085,-26.254271357845557,-26.913329965510407,-27.8043057816424,1,0.1128783299900391,0.2349866049567062,0.04063492110311273,0.13872365855068125,-0.1654670352551122,0.2916257288739814,0.5360722796947073,0.890975816131995,1.422367563144963
014723.27+144320.8,-22.35038218595244,-22.487452439786647,-22.99815557684597,-23.0791961068346,-23.28893862677036,-21.990505437128466,-22.25917054301746,-23.202604058289328,-24.128493443793637,-24.790320747234592,-25.03578881935847,-25.80937740812579,1,0.13707025383420657,0.5107031370593234,0.08104052998863054,0.20974251993575876,0.2686651058889957,0.9258893855043091,0.6618273034409548,0.7735885887673213,1.956592712523868
014749.24+094431.6,-22.85444100628701,-22.944794769363664,-23.29923014202481,-23.467269188712745,-23.583335708434813,-22.542378039896235,-22.615231839098307,-24.131768445796613,-24.39386622895288,-24.74683922855788,-25.250924131079035,-26.116540430267417,1,0.09035376307665288,0.3544353726611469,0.1680390466879338,0.11606651972206805,0.07285379920207191,0.26209778315626764,0.35297299960500084,0.8656162991883818,1.7836549423662902
014822.62+132142.6,-23.92965360905815,-24.046959580644103,-24.35639885920818,-24.42777012680764,-24.59495877265853,-22.80070120137388,-23.72835750733383,-24.71025612908841,-25.00160075445312,-25.445499536588063,-25.86701387499669,-26.687784330595136,1,0.11730597158595302,0.3094392785640778,0.07137126759946,0.16718864585088866,0.9276563059599496,0.29134462536470807,0.44389878213494427,0.8207704555984456,1.4392437481890497
014837.49+040522.7,-22.009341849868147,-22.266161983926114,-22.60692462690081,-22.701324610546774,-22.992157160034573,-22.061105644281664,-21.97510738321682,-23.194129604439983,-23.752033452714038,-24.08227556221599,-24.45725968238075,-25.111162426029814,1,0.25682013405796766,0.3407626429746955,0.09439998364596391,0.29083254948779924,-0.08599826106484443,0.557903848274055,0.33024210950195254,0.6539027436490628,1.755935071833978
014931.01+074852.7,-23.10089417690045,-23.24822611293803,-23.445688058259737,-23.46842567677148,-23.62725698585485,-23.1303977855821,-23.0663394805031,-23.568496905641837,-23.86245558823638,-24.522612199462483,-25.169732558129493,-26.02732756852903,1,0.1473319360375811,0.1974619453217059,0.022737618511744273,0.15883130908336796,-0.06405830507900134,0.2939586825945426,0.6601566112261033,0.8575950103995389,1.7013068813580112
015108.77+164205.6,-23.078807836027977,-23.27625485416082,-23.67162636784276,-23.73734688755112,-23.818379437775626,-22.246290841461075,-22.34062397791121,-24.055998825104812,-24.674230254401035,-25.482736077927814,-26.158412101348056,-27.020019538796607,1,0.19744701813284138,0.39537151368194046,0.06572051970836057,0.0810325502245064,0.09433313645013541,0.6182314292962232,0.8085058235267795,0.8616074374485514,2.421065213796936
015136.19+170140.5,-24.45343594814473,-24.62090548669659,-24.841457824206795,-24.811112272277768,-24.958783199815837,-23.92301447532861,-24.28373939449822,-25.314782292029264,-25.575156229406563,-26.07073120472433,-26.653236502788967,-27.638739365134462,1,0.16746953855185964,0.2205523375102061,-0.030345551929027437,0.1476709275380692,0.36072491916960914,0.26037393737729886,0.4955749753177656,0.9855028623454949,1.8421242305111996
015137.28+075650.9,-23.174709629950573,-23.449345113406444,-23.74260454379085,-23.760469023551845,-23.98418676966326,-22.89295800279496,-22.985778798121647,-23.84439527311559,-24.768110324304804,-24.664499580867904,-25.2986527517911,-26.134637640436477,1,0.27463548345587085,0.29325943038440627,0.01786447976099481,0.22371774611141504,0.09282079532668774,0.9237150511892125,-0.10361074343689936,0.8359848886453776,1.5381837282392539
015305.40-021517.4,-24.480113142940315,-24.716553783567417,-25.053428390978876,-25.07244597508899,-25.21103266389184,-24.494009246294357,-24.5057758849451,-25.16731225906337,-25.68622001234833,-25.935208498607267,-26.422369529580124,-27.377362313054995,1,0.23644064062710157,0.3368746074114597,0.019017584110113006,0.13858668880284952,0.011766638650740902,0.5189077532849602,0.24898848625893777,0.9549927834748715,1.3499235544911343
015308.86+165150.8,-23.06098619638515,-23.26496528870561,-23.71047171608191,-23.827949237132888,-23.985870607153668,-21.40008882466376,-22.222877327199917,-24.307473514495616,-24.57089948729898,-25.174677908864847,-25.844487677961208,-26.733983806814816,1,0.2039790923204592,0.44550642737629786,0.1174775210509793,0.15792137002078022,0.8227885025361559,0.26342597280336477,0.6037784215658668,0.8894961288536081,2.0165384408283202
015324.15-100034.7,-23.04012354320349,-23.127398938984797,-23.276354556091817,-23.306354914391605,-23.649153791402757,-23.014351958672822,-23.069682176002367,-23.49137793372122,-23.87903513527556,-24.265299468183915,-25.05428055372788,-25.714955456991618,1,0.08727539578130816,0.14895561710702054,0.030000358299787422,0.34279887701115186,0.05533021732954424,0.38765720155434025,0.38626433290835394,0.660674903263736,1.7479256393362768
015444.01+043708.6,-21.967757193118292,-22.01163328179356,-22.256011252545548,-22.35170456659672,-22.520074076953577,-21.702468418833543,-21.70914090074983,-22.95445233658784,-23.04742800761669,-23.67298851061984,-24.22955113841196,-24.925857147775652,1,0.04387608867526893,0.2443779707519873,0.09569331405117154,0.16836951035685743,0.0066724819162864435,0.09297567102885296,0.6255605030031504,0.6963060093636919,1.8778465718152404
015629.06+000724.3,-22.01751200498725,-22.21162074933698,-22.474893645545876,-22.50320734765697,-22.865945684732413,-22.08167944170067,-22.253099278200786,-22.80916271497609,-23.19869975731732,-23.67055913177144,-24.38514446317734,-25.163118850589388,1,0.19410874434973024,0.26327289620889616,0.028313702111095296,0.36273833707544156,0.17141983650011738,0.38953704234123165,0.4718593744541195,0.7779743874120477,1.881937115520369
015738.88+185721.1,-23.099822797284016,-23.254010916910172,-23.488685481536592,-23.620414066055844,-23.83996607746871,-22.794547081237084,-22.649627197313524,-24.16577668359827,-24.592810244133503,-25.4785109783592,-25.53079062522649,-26.29740170542718,1,0.15418811962615564,0.23467456462642033,0.1317285845192515,0.2195520114128655,-0.14491988392355992,0.4270335605352322,0.8857007342256971,0.7666110802006898,1.910376559170647
015752.54+270038.2,-23.979713675890885,-24.15161737770715,-24.52213224561133,-24.65581813688432,-24.1859983093922,-21.975520711715248,-23.977266188536053,-25.213867261140265,-25.302481877095698,-25.481370585154245,-26.36721690617591,-27.350720778301373,1,0.1719037018162659,0.37051486790418053,0.13368589127298947,-0.46981982749212037,2.0017454768208047,0.08861461595543219,0.1788887080585475,0.9835038721254641,1.7113987692915877
015846.05-014940.5,-23.310066908883744,-23.388900230442538,-23.531041366312056,-23.7363004726574,-23.886276111010545,-22.939397113987923,-23.00969455480467,-24.078205233076307,-24.522615687176124,-24.954525235013037,-25.471611410702693,-26.41691047932164,1,0.0788333215587933,0.14214113586951882,0.20525910634534483,0.1499756383531441,0.07029744081674849,0.44441045409981683,0.4319095478369128,0.9452990686189473,1.7353109380452914
015913.18+040441.4,-23.55964489536993,-23.64272101634773,-23.998358101605756,-24.17320389468784,-24.30983251980782,-23.15094166303336,-23.50958416962939,-24.63822852580152,-24.842934414534632,-25.482605698479368,-25.73648003984332,-26.61241306025232,1,0.08307612097779682,0.35563708525802795,0.1748457930820848,0.13662862511997886,0.3586425065960306,0.20470588873311257,0.639671283944736,0.8759330204090006,1.563276145155477
020011.52-093126.2,-22.594902771309595,-22.713742641566924,-22.89890857855993,-22.955113061555387,-23.3772713129148,-22.05031793296227,-22.307420818150167,-23.677984925816407,-23.869669503131963,-24.00320857137857,-24.54995001588742,-25.22031267522057,1,0.11883987025732878,0.18516593699300543,0.056204482995457994,0.4221582513594129,0.2571028851878978,0.19168457731555577,0.13353906824660555,0.6703626593331506,1.594836954332031
020048.36-021751.2,-23.09986924803652,-23.166261866972164,-23.570616480012017,-23.702137961309877,-23.89452315560405,-22.808623572735414,-22.960275128718777,-24.18324497599244,-24.600816256459986,-25.15501974321165,-25.35776730662229,-26.130094474772434,1,0.06639261893564452,0.4043546130398532,0.13152148129785957,0.19238519429417167,0.15165155598336355,0.4175712804675449,0.5542034867516641,0.7723271681501451,1.6556293453124127
020115.53+003135.0,-21.85618436251713,-21.943350506126915,-22.149285458791244,-22.242929674050245,-22.861142949573683,-21.83639976452624,-22.342482212685283,-23.16886139220708,-23.36350334019964,-23.86492212314628,-23.808304273663268,-24.456108854516568,1,0.08716614360978525,0.20593495266432882,0.09364421525900113,0.6182132755234377,0.5060824481590416,0.19464194799255807,0.5014187829466401,0.6478045808533004,1.5653745996130226
020322.75+255014.3,-22.791674271633426,-22.96949938650847,-23.321460379963373,-23.454169108757604,-23.65228960000003,-23.1006219380167,-22.59173089310871,-23.83471552864424,-24.42308667947143,-24.98547875845892,-25.47286188263837,-26.41680719945,1,0.17782511487504493,0.3519609934549024,0.13270872879423123,0.19812049124242748,-0.5088910449079904,0.5883711508271929,0.5623920789874894,0.9439453168116323,2.0186927738807654
020354.68-060844.0,-22.52182908136158,-22.812676695087628,-23.099204978902065,-23.22513106101236,-23.538267876842507,-22.13551345818075,-22.344231069462516,-23.87581914984385,-24.021219009285915,-24.963734209715657,-24.616103481011518,-25.477612028404007,1,0.29084761372604717,0.2865282838144374,0.12592608211029344,0.3131368158301484,0.20871761128176658,0.14539985944206535,0.9425152004297424,0.8615085473924893,1.3909724199991587
020421.06-040818.9,-23.00452756093563,-23.266486402676616,-23.680308143042733,-23.868774964321062,-23.92546175001024,-22.564713152766583,-22.892863002227493,-24.506961888427657,-24.63326867941455,-25.38062300767525,-25.80718198772953,-26.82083571057676,1,0.2619588417409844,0.4138217403661173,0.18846682127832892,0.056686785689176844,0.3281498494609103,0.12630679098689157,0.7473543282607018,1.0136537228472307,1.938407023408466
020435.18-093154.9,-23.8470897506456,-23.949113712169027,-24.30964573417384,-24.37414011856565,-24.484518418114813,-23.91911702546812,-23.69195107116636,-23.901672031506354,-24.382743599525107,-25.213745915882736,-25.88606731792608,-26.732626219000814,1,0.1020239615234253,0.36053202200481493,0.0644943843918071,0.1103782995491649,-0.227165954301757,0.48107156801875206,0.8310023163576297,0.846558901074733,1.5119271993604322
020558.02+043333.6,-24.682152299141617,-24.738181681223267,-25.040029995937463,-25.164707062636246,-25.599144999083457,-19.934622179760368,-22.40712943843184,-26.14878278097053,-26.80740903237925,-27.32984738841737,-27.194660183016268,-27.96178570710312,1,0.056029382081650425,0.3018483147141957,0.12467706669878353,0.4344379364472104,2.472507258671474,0.6586262514087196,0.5224383560381192,0.767125524086854,2.0299531203800214
021110.56-013450.4,-22.86127188117881,-22.99455482745735,-23.3260279851758,-23.42931973161565,-23.57563165766339,-23.009324998375124,-22.74169354520364,-23.714376996345816,-24.929119061600524,-24.925272341798248,-25.3574426167722,-26.055667089282142,1,0.1332829462785412,0.3314731577184489,0.10329174643985084,0.14631192604774057,-0.26763145317148584,1.2147420652547076,-0.0038467198022758,0.698224472509942,1.9281228851565508
021301.09+034454.9,-22.948611487950284,-23.12449940293461,-23.523825226608075,-23.66612794792619,-23.80585471199496,-22.889041046914038,-22.658449594334428,-23.86270241424611,-24.43031388160419,-24.944754482819015,-25.261714521206603,-25.972104287145736,1,0.175887914984326,0.3993258236734647,0.1423027213181136,0.13972676406877227,-0.23059145257960978,0.567611467358077,0.5144406012148259,0.7103897659391336,1.5955865732804142
021322.56-054100.3,-24.02417912829756,-24.193784154621163,-24.60470767296154,-24.816928668035423,-24.98743694317677,-23.62461212328038,-23.88472262404233,-25.00003918171808,-25.41915969439746,-25.60613136463146,-26.720495106094077,-27.6961901983154,1,0.16960502632360175,0.41092351834037544,0.21222099507388492,0.1705082751413478,0.2601105007619502,0.4191205126793811,0.18697167023399786,0.9756950922213221,1.9035664380586539
021346.98-025631.0,-22.555842388968365,-22.708032911490143,-22.99476208697122,-23.07745727441209,-23.37318355222724,-22.913118357148143,-22.900147029206785,-23.57617336236988,-23.843379097095458,-24.17093771291436,-24.72189450091941,-25.39657983270509,1,0.1521905225217779,0.2867291754810779,0.08269518744086923,0.2957262778151488,-0.012971327941357913,0.26720573472557874,0.32755861581890144,0.6746853317856782,1.6444372265073213
021435.69-030839.4,-23.097957402202383,-23.262285105184844,-23.611125004436943,-23.62810841844708,-23.80494171823291,-23.048664324505708,-23.05164303299433,-23.967875024583527,-24.44116508904968,-25.077617968312996,-25.294060896145183,-26.15790991162152,1,0.1643277029824617,0.34883989925209846,0.01698341401013792,0.17683329978583018,0.0029787084886230275,0.47329006446615196,0.6364528792633166,0.8638490154763367,1.6659524776981023
021558.40-011136.0,-24.21485413112542,-24.243616997900368,-24.555799377536133,-24.70090498647023,-24.841100941483976,-23.369102853905154,-23.993814559749687,-25.06565104838823,-25.22145746453729,-25.55480145201497,-26.64854597855621,-27.564687158332024,1,0.028762866774947327,0.31218237963576456,0.14510560893409874,0.14019595501374482,0.6247117058445326,0.155806416149062,0.33334398747767935,0.9161411797758134,1.9476409920859794
021647.53-011341.5,-22.41888707936561,-22.636437354813435,-22.88232661245946,-22.96658423438621,-23.224548299488173,-22.80918416650863,-22.74752624033548,-23.24869697397844,-23.928470877022924,-24.197276032881668,-24.68901296204945,-25.54239658865696,1,0.2175502754478238,0.2458892576460272,0.08425762192674924,0.25796406510196235,-0.06165792617315091,0.6797739030444845,0.2688051558587432,0.8533836266075099,1.7224287276632388
021808.24-045845.2,-23.7822726039079,-23.9513735307878,-24.18566596220788,-24.2594032383979,-24.270787110460752,-23.061456253487105,-23.47417396036816,-24.636696925279026,-24.826159246366405,-25.570835558908254,-26.151626287113643,-27.055227724468875,1,0.16910092687990286,0.23429243142008005,0.07373727619001968,0.011383872062850742,0.4127177068810539,0.1894623210873796,0.7446763125418485,0.9036014373552312,1.892223048715742
022133.83-054842.8,-22.73443790085138,-23.01240420068469,-23.359612016956174,-23.43560317676156,-23.602249350009505,-22.66443421971108,-22.70575779217753,-24.06792812439942,-24.262592871316663,-25.075368591183747,-25.50595801491488,-26.32374529779912,1,0.27796629983330945,0.3472078162714851,0.07599115980538684,0.16664617324794406,0.041323572466449576,0.194664746917244,0.8127757198670835,0.8177872828842396,2.070354838153321
022331.66-013142.7,-22.698728756704597,-22.81048379399156,-23.13413600298029,-23.18312952950425,-23.35867382331188,-22.452482894648377,-22.544639513906503,-23.318559610676047,-24.036454562677637,-24.18797104436812,-24.90009349901311,-25.72624378740042,1,0.11175503728696157,0.32365220898873304,0.04899352652395805,0.17554429380762926,0.09215661925812668,0.7178949520015898,0.15151648169048215,0.8261502883873106,1.7169639695088605
022413.71-032919.0,-22.08283091720095,-22.42783567644725,-22.7635244906476,-22.910087686458983,-23.172216616452708,-22.00171908081676,-22.040133099267035,-23.379649579784797,-24.206909593020704,-24.406998272627675,-24.513764687656764,-25.44051265828869,1,0.34500475924629725,0.3356888142003527,0.14656319581138177,0.2621289299937253,0.03841401845027548,0.8272600132359074,0.20008867960697074,0.9267479706319257,1.6036770011977808
022437.11-054511.2,-22.498314656371207,-22.63235048977326,-23.066259501918136,-23.08178853311365,-23.330201371830515,-22.45788717733313,-22.29824378809293,-23.42108914609104,-23.892647894487563,-24.017945095506445,-24.896378150763123,-25.65925174705249,1,0.13403583340205216,0.433909012144877,0.015529031195512744,0.2484128387168667,-0.15964338924020183,0.47155874839652157,0.1252972010188813,0.7628735962893671,1.8145896176494745
022841.08+003049.4,-23.52802988164401,-23.63745583278013,-23.865395532827545,-23.91958078983613,-24.119074662554997,-22.8491691190101,-23.22704155427724,-24.609854737268705,-24.791788044964093,-24.96403109010109,-25.58770962250709,-26.3334901919959,1,0.10942595113612086,0.22793970004741482,0.054185257008583676,0.1994938727188682,0.37787243526713965,0.18193330769538818,0.17224304513699806,0.745780569488808,1.6681288326709627
022935.13-055209.6,-22.829918124769296,-22.903887793809112,-23.143365479236905,-23.223391012396974,-23.557082847076025,-21.86088563394178,-22.39788766381592,-23.527881185691637,-23.97388153726254,-24.84561710323463,-25.442799645694567,-25.955728673952848,1,0.0739696690398155,0.23947768542779357,0.08002553316006811,0.33369183467905117,0.537002029874138,0.4460003515709019,0.8717355659720916,0.5129290282582808,2.2194086332975935
022948.11+041701.2,-22.065125182694462,-22.25858421012427,-22.66429502987856,-22.68211325034312,-22.95569797345325,-22.325216465869467,-22.18181988033592,-22.971194832546225,-23.62382943963152,-23.85105974970907,-24.39394324878446,-25.104610030322306,1,0.1934590274298067,0.40571081975429024,0.017818220464562273,0.2735847231101296,-0.14339658553354795,0.6526346070852966,0.22723031007754813,0.7106667815378458,1.7118299984413383
023016.88-000743.7,-23.10177184055258,-23.54364037025361,-23.871624310704146,-23.98797533228823,-24.17389494681381,-20.742471454398235,-22.60871382380996,-24.52988677375768,-24.82842088587632,-25.414203159002245,-25.52393902572937,-26.20874915277751,1,0.4418685297010292,0.3279839404505367,0.11635102158408372,0.1859196145255808,1.8662423694117258,0.298534112118638,0.5857822731259255,0.6848101270481415,1.5359636934411398
023031.33-024540.0,-23.15336804207272,-23.262476341939315,-23.54559278763625,-23.51101760242571,-23.70787413071212,-22.99015178237644,-22.85246104135524,-23.73721842318611,-24.474725753469496,-24.966033600871945,-25.309298094291645,-26.079469397769557,1,0.10910829986659465,0.2831164456969333,-0.034575185210538706,0.19685652828641054,-0.13769074102119916,0.7375073302833854,0.4913078474024495,0.7701713034779125,1.7982804918659347
023057.39-010033.6,-23.165604344304327,-23.17066837493822,-23.41651013360786,-23.4401727091846,-23.562091736732548,-22.57416432459541,-22.93378331622689,-23.86428908905509,-24.24080196129425,-24.968542739561997,-25.279586001762272,-26.078229710215368,1,0.005064030633892713,0.2458417586696413,0.023662575576739897,0.12191902754794626,0.3596189916314785,0.3765128722391573,0.7277407782677479,0.7986437084530955,1.839413292577671
023129.50+263619.7,-22.504591956635373,-22.648667637821152,-22.85551757933294,-22.9588521627283,-23.19839000059654,-22.091554721770056,-22.43322449854736,-23.50118078144789,-23.845018181680903,-24.30475340819646,-24.762795155165737,-25.45567426233989,1,0.14407568118577885,0.2068499415117877,0.10333458339535895,0.2395378378682409,0.34166977677730515,0.34383740023301357,0.45973522651555854,0.6928791071741536,1.8039429924374382
023204.90-010511.5,-23.69503638910358,-23.72269126020204,-23.951961234142622,-23.95344373039634,-24.04388284604075,-23.184132186224016,-23.644466922258367,-23.771835546964574,-23.80530332462088,-25.0856064475112,-26.255175434613573,-27.10382102044109,1,0.02765487109845921,0.2292699739405819,0.001482496253718324,0.09043911564440776,0.46033473603435127,0.033467777656305486,1.2803031228903201,0.8486455858275157,2.3017317042172323
023245.85+042628.7,-22.57686540002293,-22.801285999646595,-23.04108601734721,-23.072999280871635,-23.35419362680669,-21.681765745844157,-21.955985474983205,-23.6071010937203,-24.20680994018048,-24.38732525488401,-24.80955363719465,-25.477533075987267,1,0.22442059962366656,0.23980001770061676,0.03191326352442303,0.2811943459350559,0.27421972913904824,0.5997088464601816,0.18051531470353055,0.6679794387926172,1.7365543563230155
023418.41+042322.7,-23.62656991507923,-23.901604426228683,-24.213783391579792,-24.3408824502912,-24.445423944815253,-22.426988174070065,-23.028645239211663,-24.33137471241793,-24.733385027914032,-25.186514644839207,-25.856979748354075,-26.63694668078089,1,0.2750345111494532,0.3121789653511087,0.12709905871140847,0.10454149452405304,0.6016570651415982,0.4020103154961028,0.4531296169251746,0.7799669324268166,1.5160972980628742
023450.82-021711.8,-23.28856885317776,-23.575072649310087,-23.845362794134207,-24.02708950143646,-24.181229600221364,-22.7631499242951,-23.11276443678123,-24.267237335790583,-24.658333282053523,-25.05566146435525,-25.64734913328733,-26.45945905953661,1,0.286503796132326,0.27029014482411995,0.1817267073022535,0.15414009878490376,0.34961451248613074,0.39109594626294,0.3973281823017274,0.8121099262492777,1.620259631850871
023519.45-034714.5,-22.842801200872792,-22.96897883246255,-23.16233627847503,-23.305721869576047,-23.61357867772801,-22.7654163467167,-23.00561581004566,-23.73648966882706,-24.3225394039166,-24.826915706753297,-25.319889612354054,-26.150098769119182,1,0.12617763158975848,0.19335744601248095,0.14338559110101556,0.30785680815196415,0.2401994633289597,0.5860497350895422,0.5043763028366968,0.8302091567651289,2.0141677427780067
024014.70-033136.1,-23.416363077346173,-23.50700705360653,-23.75639241983307,-23.761649757595247,-24.136306413749725,-23.399025738736405,-23.51665635323761,-23.8307578211231,-24.019912937117425,-24.568103172106355,-25.40990876435217,-26.040794008239946,1,0.09064397626035614,0.24938536622654084,0.005257337762177627,0.3746566561544782,0.1176306145012056,0.18915511599432477,0.5481902349889296,0.630885243887775,1.6482590067569234
024045.79-045053.4,-23.874127856092137,-23.990114182400596,-24.237080071455008,-24.278032093164523,-24.48988430648785,-23.517596689114868,-23.617234998277333,-24.383745259209103,-24.906032391538705,-25.400382067094565,-25.656786760018864,-26.425294361773474,1,0.11598632630845884,0.24696588905441175,0.04095202170951495,0.2118522133233256,0.09963830916246508,0.5222871323296019,0.49434967555585985,0.7685076017546102,1.3787546668543413
024250.85-075914.2,-23.53494968867572,-23.72163032062113,-24.027474736949586,-24.051394611532576,-24.26269321968962,-23.11655409317617,-23.203274477855327,-24.24249807780317,-24.63585273958889,-25.183806297950994,-25.463193778476285,-26.26166604734772,1,0.18668063194541062,0.3058444163284548,0.023919874582990275,0.21129860815704404,0.08672038467915755,0.39335466178572176,0.5479535583621029,0.7984722688714356,1.4117991669437089
024651.91-005930.9,-23.90559097376317,-24.18354343783274,-24.62932169543058,-24.66084768264113,-24.862046263250903,-23.65032366000724,-23.63538446205423,-24.837624581204683,-25.13977624972833,-25.539027490571733,-26.03949881709383,-26.919492059034063,1,0.27795246406956764,0.4457782575978406,0.03152598721055,0.20119858060977336,-0.014939197953008687,0.30215166852364916,0.3992512408434017,0.8799932419402339,1.3786511344526993
024743.25-071902.1,-23.50581958193839,-23.64390857624799,-23.81923224315004,-23.857588223298134,-24.11647519915502,-23.45819320747526,-23.56326225193933,-23.88548561427116,-24.2849511954104,-24.957573179318096,-25.38748463338436,-26.100251070560404,1,0.13808899430960153,0.1753236669020488,0.038355980148093494,0.25888697585688547,0.10506904446407006,0.39946558113923913,0.6726219839076961,0.7127664371760432,1.5298964100862271
025156.30+005706.5,-22.249042378638983,-22.44493916828986,-22.780312625766012,-22.948854606237603,-23.23916432859445,-21.454087925269764,-21.783892507559223,-23.49521324661701,-24.10550273103793,-24.5804189957196,-25.09019468529941,-25.80656970349785,1,0.19589678965087742,0.33537345747615177,0.1685419804715913,0.29030972235684516,0.32980458228945864,0.610289484420921,0.4749162646816707,0.7163750181984412,2.1413400790618056
025616.52-012638.1,-25.204763783409582,-25.271581968315,-25.47533236870556,-25.490377657039637,-25.57078156342604,-22.4331117854835,-25.06549569466581,-25.771986479731915,-25.961916651421063,-26.205711564149546,-27.126494889050413,-28.06780772638065,1,0.06681818490541858,0.20375040039055747,0.015045288334079032,0.08040390638640105,2.632383909182309,0.1899301716891486,0.24379491272848242,0.9413128373302371,1.6361172320107755
025910.38-002239.7,-22.29792225342055,-22.521298652273547,-22.887564121351904,-22.96127841952433,-23.279097022636886,-22.055299892784987,-22.231748949289955,-23.42410728887977,-23.958635915405733,-24.376920500235475,-24.736196461384637,-25.353231235157693,1,0.22337639885299865,0.3662654690783569,0.07371429817242614,0.3178186031125563,0.17644905650496767,0.5345286265259617,0.41828458482974185,0.6170347737730566,1.7749180418603068
025937.46+003736.3,-24.87751235696759,-24.97226661925556,-25.291637035900024,-25.340610104428634,-25.468891794414656,-24.834356923888443,-24.616215596484757,-25.474704424583404,-25.891205707589155,-26.43683136230306,-27.308468321378385,-28.270661480916456,1,0.0947542622879709,0.319370416644464,0.0489730685286105,0.12828168998602152,-0.21814132740368564,0.4165012830057506,0.5456256547139056,0.9621931595380708,1.9678582169497503
030000.00-080356.9,-24.66482862401352,-24.71647799664942,-25.089403095062487,-25.18395763681413,-25.394663586436447,-23.918324987756176,-24.136925203184944,-25.16476725171205,-25.499776121355804,-25.94613714029921,-26.917146361529728,-27.80188113809937,1,0.05164937263590019,0.37292509841306654,0.0945545417516449,0.2107059496223158,0.2186002154287685,0.33500886964375454,0.4463610189434064,0.8847347765696405,1.7331887247155962
030939.45-000339.2,-24.77070823875373,-24.91752533356465,-25.20426995851467,-25.28572005295447,-25.366729073779418,-24.07864972571192,-24.348764403111957,-24.95849705405273,-25.222174917389975,-25.95051019996178,-26.75593601827966,-27.627517789443903,1,0.14681709481092042,0.2867446249500176,0.081450094439802,0.08100902082494699,0.2701146774000378,0.26367786333724297,0.7283352825718055,0.8715817711642444,1.4702159653251883
031427.45-011152.3,-22.487611975850868,-22.63904314932033,-22.881480454860547,-22.884690553595245,-23.129464821198336,-22.698071874365084,-22.59213887290781,-23.729092008154343,-23.757710004844952,-24.400828869542288,-24.682509580070743,-25.624952071946105,1,0.15143117346946156,0.2424373055402178,0.003210098734697908,0.2447742676030913,-0.10593300145727369,0.028617996690609715,0.6431188646973354,0.9424424918753616,1.7978190264754979
032106.86+041538.9,-23.69059883346693,-23.825327749505288,-24.010245644065044,-24.063800818976677,-24.35970176733689,-23.31619724889393,-23.089672067159768,-24.55388341382652,-24.93010681009068,-25.46257993269624,-26.03797588557786,-26.883728994650983,1,0.1347289160383589,0.1849178945597565,0.053555174911632974,0.2959009483602131,-0.2265251817341607,0.37622339626416235,0.532473122605559,0.8457531090731223,1.974175066601184
032205.04+001201.4,-23.56584080311041,-23.70147905263519,-23.996391489869303,-24.027092262184738,-24.30815542346333,-23.557737889158027,-23.554345801930683,-24.422505701401324,-24.803989939025374,-25.314719548704566,-25.90000549248849,-26.776991436205492,1,0.13563824952477788,0.29491243723411387,0.03070077231543422,0.2810631612785919,-0.00339208722734341,0.3814842376240506,0.510729609679192,0.8769859437170027,1.8729132303037517
032559.97+000800.7,-22.95086179780756,-23.09250709811567,-23.33096870505048,-23.43187323292466,-23.7369798848704,-22.206376208106537,-22.388101825692388,-23.864763495012653,-24.40927218897707,-24.66697078295001,-25.24643557876013,-25.888245572227813,1,0.14164530030811306,0.2384616069348091,0.10090452787417803,0.30510665194574216,0.18172561758585104,0.544508693964417,0.2576985939729397,0.6418099934676817,1.8145623458354727
033429.44+000611.0,-22.82634467935632,-23.126763439533576,-23.53559193898977,-23.623576376549604,-23.79544385599492,-22.583736820187863,-22.625866015413585,-23.57704790119539,-23.87417019921893,-24.41100003852002,-25.30166684393125,-25.93696478169698,1,0.300418760177255,0.40882849945619526,0.08798443755983243,0.17186747944531788,0.04212919522572278,0.29712229802354173,0.5368298393010882,0.6352979377657277,1.6780904673816472
033438.28-071149.0,-24.215471197576655,-24.39846374383652,-24.632084222703465,-24.688218941209534,-24.838716784874016,-22.84345847805312,-23.577451464411684,-24.84364919920329,-24.916354441409517,-25.739689712755418,-26.561971295710983,-27.2979762631644,1,0.1829925462598645,0.23362047886694626,0.05613471850606899,0.15049784366448193,0.7339929863585652,0.07270524220622576,0.8233352713459006,0.7360049674534181,1.8737523545014483
034226.50-000427.1,-23.036860395165085,-23.11108281052335,-23.262464890705825,-23.288779248460862,-23.64373331856047,-22.658688106631413,-22.92943487471947,-23.762166962018625,-24.171956469693686,-24.83704687360334,-25.17103915998078,-25.942926805317512,1,0.07422241535826402,0.15138208018247568,0.02631435775503732,0.354954070099609,0.2707467680880562,0.40978950767506106,0.6650904039096552,0.7718876453367329,1.8822599115199168
035118.00+001256.1,-24.86427586371849,-24.88220534860885,-25.20762198191316,-25.272245233317047,-25.354400538538595,-23.871486388429048,-23.896660991549087,-25.232683941728222,-25.62141927920121,-25.73260610380622,-26.34926152247787,-27.252186148034607,1,0.017929484890359504,0.3254166333043109,0.06462325140388714,0.08215530522154779,0.025174603120039052,0.38873533747298694,0.11118682460501006,0.9029246255567358,1.0770162891608237
073311.47+262234.3,-24.134309172126525,-24.28775214995368,-24.54676810013324,-24.63498665818241,-24.750648642265958,-22.64832033566694,-24.497629440544088,-24.781143824711588,-25.112705599715547,-25.922144871616396,-26.272167119993423,-27.193191427269795,1,0.15344297782715444,0.2590159501795597,0.08821855804917078,0.11566198408354822,1.8493091048771468,0.33156177500395856,0.8094392719008496,0.9210243072763724,1.6371804618110133
073314.35+431048.9,-23.29419057064276,-23.50596638430999,-23.880072656493592,-23.9348358142969,-24.12456428999656,-22.578630607526836,-22.7790841129196,-24.288598401405626,-24.50981463958798,-25.32219341217201,-25.928836719345814,-26.804198540035525,1,0.21177581366723075,0.37410627218360304,0.05476315780330765,0.18972847569965978,0.20045350539276185,0.22121623818235392,0.8123787725840295,0.8753618206897116,1.9940009050489138
073356.02+410810.9,-23.3608491927172,-23.560376195685063,-23.9199091437489,-24.064644635448023,-24.11600724713032,-23.28094896160645,-23.02659839694701,-24.28224041443298,-24.685611019969045,-25.224206442637936,-25.75874474983289,-26.622262551086145,1,0.1995270029678622,0.35953294806383695,0.14473549169912303,0.051362611682296944,-0.2543505646594433,0.40337060553606463,0.5385954226688909,0.8635178012532556,1.6941001143848666
073658.67+450145.2,-21.971321724877036,-22.18259103709837,-22.567113182271115,-22.63762603702366,-22.964857462966812,-21.798952749431937,-21.80687645679233,-23.64848034903994,-24.17872945862413,-24.79328423816222,-25.456776081650823,-26.241797831401254,1,0.21126931222133294,0.3845221451727454,0.07051285475254687,0.32723142594315036,0.007923707360394161,0.5302491095841901,0.6145547795380892,0.785021749750431,2.819150044627161
073807.03+212729.5,-25.401457622611343,-25.407183215399787,-25.79313826735016,-25.988394893459937,-26.050907410832657,-25.237053340151935,-24.977989471873727,-26.09322483282837,-26.43394145599308,-26.93228052742738,-27.74559386590312,-28.774280048700597,1,0.005725592788444089,0.38595505195037205,0.1952566261097779,0.06251251737272057,-0.2590638682782078,0.34071662316470963,0.4983390714343017,1.0286861827974754,1.7571989724431845
073844.88+280153.5,-23.97101312211532,-24.21026057426701,-24.47435902827804,-24.44053095829693,-24.60261149114666,-23.411795207601028,-23.94037273700305,-25.064983228210597,-25.065058547515907,-25.302549808481132,-25.81879431308793,-26.640860463683715,1,0.23924745215169096,0.26409845401103027,-0.03382806998111221,0.1620805328497319,0.5285775294020212,7.531930531001763e-05,0.23749126096522488,0.8220661505957843,1.3782633547910024
073907.94+254220.6,-22.72323405198416,-23.00661475483155,-23.24168016568497,-23.23754400804044,-23.58084092207157,-23.10052963907101,-23.30709268045377,-24.00912747332006,-24.1047034400844,-24.3238157875868,-25.42391397769629,-26.238640511732186,1,0.2833807028473885,0.23506541085341937,-0.004136157644527572,0.3432969140311286,0.20656304138276127,0.09557596676433988,0.21911234750239927,0.8147265340358949,2.18636996965585
073939.67+480741.8,-24.615531186059545,-24.81854212271844,-25.17249974576808,-25.30230857072986,-25.4408007019049,-24.013670980336265,-24.51533049413301,-25.50591335687057,-25.73020337828868,-25.653376938855537,-26.730413055684647,-27.5750123481581,1,0.20301093665889525,0.35395762304963796,0.12980882496178126,0.13849213117504178,0.5016595137967457,0.22429002141811338,-0.0768264394331446,0.844599292473454,1.4281044849547868
074125.12+435605.6,-23.67340136243791,-23.785428279965497,-23.9959160208032,-24.016600710306086,-24.22769065543805,-23.38393487014649,-23.21618991060908,-24.287578987476973,-24.74658109845942,-24.81099713701973,-25.72177736472599,-26.51637183374628,1,0.11202691752758653,0.21048774083770283,0.020684689502886044,0.21108994513196322,-0.16774495953740853,0.45900211098244625,0.06441603856031008,0.7945944690202893,1.7051766544199047
074125.22+333319.9,-23.108598341449703,-23.510555612376013,-23.776435662711283,-23.90039915866274,-24.07162867963888,-22.520493034971,-22.704186618967377,-23.654223790431885,-23.949173035513496,-24.50698050356438,-25.257488023968143,-25.94323494187512,1,0.4019572709263102,0.2658800503352694,0.1239634959514575,0.17122952097614075,0.18369358399637647,0.2949492450816109,0.5578074680508855,0.6857469179069753,1.3570888653054034
074218.21+194719.4,-24.15604568014057,-24.382486595557587,-24.70435225151484,-24.6778513830803,-24.855174518063265,-23.47571984527389,-23.734279248216048,-24.357235894783404,-24.928962685896884,-25.2300280395864,-26.282155527586998,-27.00818221426761,1,0.22644091541701883,0.3218656559572537,-0.02650086843454247,0.17732313498296648,0.25855940294215785,0.5717267911134805,0.30106535368951626,0.726026686680612,1.604304144506699
074311.10+474358.1,-24.33935250183691,-24.51263824491113,-24.904628284412716,-24.961593728173856,-25.11349676000472,-23.541850287445808,-24.406556676617,-25.440649798260573,-25.625210887701574,-25.71504995747069,-26.57485054394297,-27.37582615976748,1,0.17328574307422073,0.39199003950158584,0.05696544376113977,0.1519030318308623,0.864706389171193,0.1845610894410008,0.08983906976911626,0.8009756158245125,1.6132568157691125
074359.41+185807.8,-23.727626803502893,-23.944640058442555,-24.33192504647761,-24.51827690157967,-24.67106322606827,-22.79264358020357,-23.322804759907115,-24.711278289002475,-24.98901019243907,-25.4953970596015,-26.2859093411977,-27.226568982023817,1,0.21701325493966195,0.38728498803505573,0.18635185510206043,0.15278632448859852,0.5301611797035441,0.27773190343659593,0.5063868671624299,0.9406596408261159,1.7676324396180298
074420.77+381839.8,-22.975654203185183,-23.15271109197101,-23.303217214078312,-23.30015702554807,-23.577837654040277,-22.651970889994328,-22.661536850965696,-23.32496056924546,-23.85523860936968,-24.28763347973181,-24.586039663554423,-25.297247344488905,1,0.17705688878582748,0.15050612210730208,-0.003060188530241703,0.277680628492206,0.009565960971368526,0.5302780401242231,0.43239487036212765,0.7112076809344821,1.2858826380063526
074455.95+364743.8,-23.017809252608743,-23.2126283259176,-23.534045737034948,-23.62919588069964,-23.866795839845533,-23.20523004256139,-22.90901715229246,-23.73579222697145,-23.869683585631112,-24.475248663816767,-25.568516557753597,-26.297472685973148,1,0.19481907330885662,0.32141741111734845,0.09515014366469288,0.23759995914589283,-0.2962128902689294,0.1338913586596604,0.6055650781856556,0.7289561282195507,1.9393206770539564
074541.66+314256.6,-25.298063332781556,-25.51021687827317,-25.766969234632928,-25.845572582751835,-26.12098442125816,-24.971954449970635,-25.09183044020118,-26.043384230826984,-26.374673640184465,-26.833042872311392,-27.491191332129212,-28.32847882416466,1,0.21215354549161347,0.25675235635975824,0.07860334811890723,0.2754118385063258,0.1198759902305433,0.3312894093574812,0.4583692321269268,0.837287492035447,1.6456187493773768
074604.90+292250.3,-23.23541972819746,-23.46986607050115,-23.88087512425449,-23.946707196327925,-24.174281911699392,-22.650349368182457,-22.845046550475068,-24.1155026924042,-24.60287793294928,-25.0063448543508,-25.58796134773059,-26.4981411413316,1,0.23444634230369132,0.4110090537533395,0.06583207207343378,0.22757471537146756,0.1946971822926109,0.48737524054508086,0.4034669214015203,0.9101797936010101,1.6412541514026664
074820.96+340752.6,-22.396392575768655,-22.618804163035666,-22.989410785457963,-23.01548111967417,-23.340464404896824,-22.081198357879547,-22.23272536939161,-23.51559104064316,-23.98418869148441,-24.690513066305897,-25.26014169534219,-25.85178338553644,1,0.22241158726701116,0.37060662242229725,0.026070334216207414,0.32498328522265396,0.15152701151206216,0.46859765084125016,0.706324374821488,0.5916416901942512,2.244660575668018
074840.52+154456.8,-23.89588951088677,-24.06215684510891,-24.41434866537984,-24.334178306187056,-24.525443815254015,-23.527687743488848,-23.567632849739628,-24.48981870472858,-24.73664608683421,-25.35420188538941,-26.100905760550766,-27.0394185636884,1,0.16626733422213746,0.35219182027093154,-0.0801703591927847,0.19126550906695883,0.03994510625078007,0.2468273821056286,0.6175557985552018,0.938512803137634,1.7667274543637106
074910.59+284214.5,-23.134858621005502,-23.334363008750923,-23.539471604223788,-23.57734433676637,-23.865629143499984,-23.23496719488719,-23.258067116916337,-24.0398710708072,-24.367384609270616,-24.858917080431883,-25.31890204231897,-25.936255570521368,1,0.19950438774542079,0.20510859547286486,0.03787273254258139,0.2882848067336141,0.02309992202914657,0.327513538463414,0.49153247116126764,0.617353528202397,1.7415577055526015
074915.29+343859.2,-24.08847720847393,-24.221540502803958,-24.446375180776364,-24.47212770296612,-24.56459735918116,-23.362643618619007,-23.38108714285872,-24.93579302173348,-25.23039731667718,-25.62276835745571,-25.80381460728395,-26.79408195559586,1,0.13306329433002873,0.22483467797240664,0.02575252218975521,0.09246965621504089,0.018443524239714293,0.29460429494369933,0.3923710407785279,0.9902673483119102,1.3316869043178308
075004.39+170245.8,-23.52939803698449,-23.66766828417656,-23.879192229519013,-23.89258658928306,-24.18579431100904,-16.087745122583815,-14.922023497081195,-23.857539722428992,-24.33374270258376,-24.78032072048904,-25.646015633518346,-26.375048658570662,1,0.1382702471920716,0.2115239453424529,0.013394359764046015,0.293207721725981,-1.16572162550262,0.4762029801547669,0.4465780179052814,0.7290330250523169,1.7534290442352862
075051.72+245409.3,-23.50915143701555,-23.81105214536412,-24.260845428499,-24.295968940634324,-24.48114534200118,-23.19022440083418,-23.57214805019081,-24.549969990886225,-24.9061340939031,-25.447552514360165,-26.54009224735843,-27.29857596005745,1,0.30190070834856897,0.44979328313488054,0.03512351213532483,0.18517640136685642,0.38192364935662937,0.35616410301687296,0.5414184204570667,0.758483712699018,2.2441233067241058
075053.50+473344.9,-22.49501670979867,-22.836814219634075,-23.18474650653033,-23.322377050352927,-23.59975599901873,-20.6827381290004,-21.644938082201275,-23.49779599355401,-23.74825594710531,-24.69651950360005,-25.128058318136752,-25.674646781580407,1,0.3417975098354056,0.3479322868962562,0.13763054382259554,0.2773789486658025,0.9621999532008765,0.25045995355129946,0.9482635564947408,0.5465884634436549,1.8056812677838252
075101.86+335647.3,-22.883823225322335,-23.255174432422866,-23.75357765139244,-23.821845774761684,-23.937130279871745,-22.324685909323843,-22.42164630604087,-24.07242744017552,-24.133486248980493,-25.344802795088224,-25.99035784464263,-26.859298562650643,1,0.37135120710053116,0.4984032189695746,0.06826812336924348,0.11528450511006127,0.0969603967170265,0.061058808804972386,1.2113165461077315,0.8689407180080124,2.168512069880947
075304.48+215544.7,-23.086730235569974,-23.32608814534751,-23.64987807910914,-23.686586707566665,-24.04368930025912,-22.801632419107705,-22.896119407187378,-23.814662378171708,-24.38319200469176,-24.815988717834404,-25.68423115602839,-26.4602829026478,1,0.23935790977753513,0.32378993376163123,0.036708628457525094,0.35710259269245626,0.09448698807967304,0.5685296265200535,0.43279671314264334,0.7760517466194123,1.997644448461724
075403.60+481428.0,-22.59510577624993,-22.880943628291327,-23.205926013462932,-23.346141981223575,-23.555218682771283,-22.413367537679964,-22.66441072037466,-23.635976082597114,-23.869106104375494,-24.4448847273594,-25.2274631830407,-25.838000758279197,1,0.28583785204139645,0.32498238517160516,0.1402159677606427,0.2090767015477084,0.2510431826946977,0.23313002177837916,0.5757786229839077,0.6105375752384958,1.8813212018171264
075649.17+242613.1,-22.449933647773022,-22.720400119245955,-23.10858901070421,-23.194434355165814,-23.38727436020389,-22.029995148381406,-22.255453108184497,-23.3995037010224,-23.50655478063512,-24.198138883076485,-24.901732051201545,-25.73022353085294,1,0.27046647147293257,0.3881888914582561,0.08584534446160319,0.1928400050380752,0.2254579598030908,0.1070510796127202,0.6915841024413645,0.8284914796513938,1.707297696035731
075730.38+152453.0,-24.142015054598208,-24.402894469915594,-24.699013078734744,-24.724152444766563,-25.069414060917687,-23.51892858715034,-23.75689599339973,-24.910888406354083,-25.14540934871424,-25.530907100718508,-26.109385360408336,-26.870254794893302,1,0.2608794153173868,0.29611860881914964,0.02513936603181932,0.3452616161511237,0.23796740624938906,0.23452094236015597,0.3854977520042695,0.7608694344849667,1.3852329156417724
075807.65+113646.0,-23.55998644968177,-23.631332106097343,-23.816838505232116,-23.834508560063437,-24.08385382051569,-23.403098276590143,-23.722922245996863,-24.86586904983243,-24.91044866973668,-25.074019916674928,-25.53928700510735,-26.335599209830264,1,0.07134565641557344,0.1855063991347734,0.01767005483132067,0.2493452604522517,0.31982396940671975,0.04457961990425119,0.16357124693824687,0.7963122047229128,1.7047784450439138
075853.61+111944.1,-22.593323313488323,-22.660759725159654,-22.977049209648687,-22.9132773752683,-23.1757865366958,-22.173596201351817,-22.52888595593537,-23.17692666204079,-24.29302739597472,-24.617500178100723,-24.90611135479115,-25.641110697339656,1,0.06743641167133063,0.31628948448903316,-0.06377183438038614,0.2625091614274986,0.35528975458355205,1.11610073393393,0.32447278212600494,0.7349993425485053,1.9928339795228496
075952.64+141358.9,-23.078561744258376,-23.40394188014562,-23.74987797476455,-23.80703075766585,-24.08907177986251,-22.753001450837264,-22.543728441236265,-24.21346760742238,-24.39770511317086,-24.68012020436849,-25.732111404945872,-26.5064095207031,1,0.3253801358872437,0.3459360946189314,0.05715278290129788,0.28204102219666183,-0.2092730096009987,0.18423750574848086,0.28241509119762753,0.7742981157572295,1.9250806472800228
080105.34+441041.0,-23.748129656369784,-23.95303188377609,-24.30876500820411,-24.392630032158262,-24.623921010097792,-22.928960214997016,-23.11700261987905,-24.742889816855705,-24.82984808231787,-25.51856538882636,-25.90562114849177,-26.636798953777088,1,0.2049022274063077,0.3557331244280171,0.08386502395415363,0.2312909779395298,0.18804240488203305,0.08695826546216523,0.6887173065084902,0.73117780528532,1.512991116333506
080117.89+482717.5,-23.92685272208673,-24.05905810250145,-24.221538865690384,-24.23263536519165,-24.511999742661967,-23.363993665488668,-23.66374454732012,-24.468071392231657,-24.762208358433,-25.1232257779115,-25.95256430720296,-26.747300665841443,1,0.13220538041472096,0.16248076318893467,0.011096499501267232,0.2793643774703156,0.2997508818314536,0.2941369662013429,0.3610174194785003,0.7947363586384846,1.7199289420113075
080222.90+345314.1,-24.176065000667663,-24.290310664148898,-24.674938177335644,-24.92963874158068,-25.06483584212695,-23.35964114642153,-23.791522315619805,-25.40165946396535,-25.54548351153929,-26.000514599724653,-26.574024115169458,-27.51286871287172,1,0.11424566348123477,0.3846275131867465,0.2547005642450344,0.13519710054627154,0.4318811691982738,0.1438240475739434,0.4550310881853612,0.9388445977022641,1.6443853735887792
080241.97+143147.9,-23.39088571287145,-23.650762203616896,-23.951659762846017,-23.944817296214964,-24.16117032352613,-21.519905250010734,-22.686085974449668,-23.746195426518163,-24.15152586730077,-24.25919510142488,-25.63075292688849,-26.38432207581047,1,0.2598764907454445,0.30089755922912076,-0.006842466631052702,0.21635302731116468,1.1661807244389344,0.40533044078260616,0.10766923412410989,0.7535691489219793,1.6859356306735265
080424.27+441722.7,-23.035288348645636,-23.40765317128828,-23.80977847668253,-23.933397485034767,-24.056747332106752,-21.72994141057923,-22.47306672164497,-24.03607165740736,-24.37987490719907,-25.128202981229567,-25.555101637313395,-26.257895053347404,1,0.3723648226426448,0.4021253053942502,0.12361900835223594,0.12334984707198515,0.7431253110657394,0.34380324979171206,0.7483280740304963,0.7027934160340088,1.6217041522786282
080534.68+543128.8,-24.384849478861547,-24.534004502130728,-24.753691756104864,-24.73472665341212,-25.012162123485595,-24.171957651898413,-24.05540036463543,-24.640802209954494,-24.884627128221236,-25.032717238028656,-25.28631768003244,-26.105720114967923,1,0.14915502326918073,0.21968725397413635,-0.018965102692742875,0.277435470073474,-0.11655728726298165,0.24382491826674269,0.14809010980741988,0.8194024349354834,0.5515910266203186
080644.42+484149.1,-22.93087208537213,-23.07293683397448,-23.30621345563355,-23.4871844548812,-23.750088459837407,-22.95603200019873,-23.11484694935056,-23.80950923726895,-24.141692362979004,-24.92495889257172,-26.20492506572267,-27.02854323564868,1,0.1420647486023512,0.23327662165906915,0.18097099924764848,0.2629040049562086,0.15881494915183225,0.3321831257100527,0.7832665295927157,0.8236181699260108,2.717740610841471
080644.65+384318.2,-22.49565399290419,-22.5948144735881,-22.831026165398427,-22.888432359803662,-23.214960768715883,-22.449005996920693,-22.46286957085368,-23.122247111380776,-24.159285685752664,-24.32235500974746,-24.893244321064337,-25.627019079195787,1,0.09916048068390992,0.23621169181032542,0.05740619440523531,0.3265284089122211,0.013863573932987094,1.0370385743718877,0.16306932399479734,0.7337747581314495,2.0048119612606747
080704.88+360353.5,-23.310906729958813,-23.464011295236546,-23.74644261259766,-23.76162811931246,-23.89743405021528,-23.040737053031854,-22.93300579225118,-23.8480974820604,-24.24821457505664,-24.346934686424923,-25.348877069415437,-26.283591524417165,1,0.15310456527773297,0.28243131736111593,0.015185506714797015,0.13580593090282278,-0.10773126078067463,0.4001170929962399,0.09872011136828363,0.9347144550017283,1.5872489501029783
080742.12+412817.1,-23.57867240770188,-23.7142313651226,-23.933802958206968,-23.940209991906496,-24.1372761849373,-23.395869577877367,-23.58273882909765,-24.22159928089386,-24.28352669317322,-24.976274497674893,-25.549769124733647,-26.289892098584414,1,0.1355589574207201,0.21957159308436758,0.0064070336995278865,0.1970661930308033,0.18686925122028342,0.06192741227935983,0.6927478045016748,0.7401229738507666,1.609559132827151
080816.70+331829.7,-23.77738424336193,-24.028413245150976,-24.47211144056653,-24.686386225330377,-24.80714111380658,-21.71619906216036,-22.888703621705623,-25.18390976474897,-25.331575597738183,-26.090739491405145,-26.41366392227446,-27.39431042889033,1,0.2510290017890462,0.44369819541555344,0.2142747847638482,0.12075488847620264,1.1725045595452634,0.14766583298921176,0.7591638936669618,0.9806465066158694,1.727277696944082
080838.84+051439.9,-22.226407353010902,-22.27227965823897,-22.494413514144306,-22.76634515710037,-23.00526766149573,-22.609442500084764,-22.80002239983261,-23.6227363182066,-23.599138945796035,-24.34498962186881,-24.655796465486688,-25.231478458263112,1,0.04587230522806607,0.22213385590533719,0.27193164295606564,0.238922504395358,0.19057989974784562,-0.023597372410563366,0.7458506760727737,0.5756819927764241,1.8894513083863167
080904.00+075153.7,-22.507513477645176,-22.916262010912696,-23.199307340864912,-23.3495897255338,-23.558709431091152,-21.667859876418845,-22.666132545622173,-24.384906934644835,-25.166018382063505,-25.12934537665517,-25.618134574121022,-26.32142248536922,1,0.40874853326752003,0.2830453299522162,0.15028238466888766,0.20911970555735238,0.9982726692033275,0.7811114474186702,-0.03667300540833551,0.7032879112481965,2.268544848587222
080908.13+461925.5,-25.053434302226904,-25.139910733822635,-25.373956197021297,-25.546442917398025,-25.635430935257325,-24.74326097376092,-24.78955606238124,-25.65402531561976,-25.875672670477453,-26.575800645651555,-27.31665918258417,-28.348826642670183,1,0.08647643159573093,0.2340454631986617,0.1724867203767282,0.08898801785930033,0.04629508862032239,0.22164735485769427,0.7001279751741016,1.0321674600860113,1.7702162651861464
080941.05+352401.9,-24.905181816469668,-24.895688024193955,-25.08007195040945,-25.140609038192025,-25.309414207191608,-24.074975060365443,-24.83095557515221,-25.39033435193732,-25.664374876237183,-25.97880166882843,-26.807318895426096,-27.49971834633872,1,-0.009493792275712565,0.18438392621549582,0.06053708778257416,0.1688051689995831,0.7559805147867671,0.27404052429986336,0.3144267925912487,0.6923994509126246,1.6667098572340713
080954.38+074355.1,-24.8199994387234,-25.009065727984627,-25.345778716735413,-25.385131935375632,-25.506039943179232,-24.684777524562204,-24.764478301789485,-25.3589024932384,-25.664153922728133,-25.78783601342951,-26.51199864254884,-27.322318327358243,1,0.18906628926122693,0.3367129887507865,0.03935321864021901,0.12090800780359956,0.07970077722728064,0.30525142948973283,0.12368209070137581,0.8103196848094036,1.1268667071732068
081054.73+501319.5,-23.4828193065356,-23.48665403280888,-23.669352789639174,-23.759278883075943,-24.06143066292257,-23.014700971951505,-23.17629279006122,-24.17284385248013,-24.526269571744496,-25.141580233831405,-25.76871679021855,-26.36774485555001,1,0.0038347262732791876,0.18269875683029468,0.0899260934367696,0.30215177984662844,0.1615918181097129,0.35342571926436506,0.6153106620869089,0.5990280653314599,2.0094379071426083
081100.60+571412.4,-23.458676051572976,-23.762129081525718,-24.10113121028675,-24.115367111572727,-24.25833417413132,-23.669181777132717,-23.67945159265413,-23.99402398920077,-24.74953563986821,-24.797648324705357,-25.828008761716173,-26.765076308273056,1,0.3034530299527418,0.339002128761031,0.014235901285978514,0.14296706255859348,0.010269815521411374,0.7555116506674402,0.0481126848371467,0.9370675465568823,1.7126416501434463
081335.58+280901.8,-22.30737333600512,-22.534767501022948,-22.898607463436036,-23.05198404770841,-23.221764637247546,-21.425905589025135,-22.082484827490138,-23.658750591564512,-23.91184809848249,-24.50161070257734,-24.800610286274225,-25.4560316299304,1,0.22739416501782728,0.36383996241308836,0.15337658427237244,0.16978058953913688,0.6565792384650031,0.25309750691797817,0.5897626040948509,0.655421343656176,1.7486262385658158
081422.12+514839.4,-23.27215247823402,-23.385753925861486,-23.594054044526413,-23.663605793795824,-23.919306893311852,-23.128782997979663,-23.0495600993686,-24.11136021667063,-24.572819330244634,-25.0383032283183,-25.343698643667064,-26.23003544474237,1,0.11360144762746671,0.20830011866492626,0.06955174926941154,0.2557010995160276,-0.07922289861106435,0.46145911357400493,0.4654838980736642,0.8863368010753057,1.6800928498712402
081432.11+560956.6,-23.087150130416106,-23.216308506107275,-23.53558071949376,-23.56577871512136,-23.68108342738004,-23.03741135316647,-22.608659527433115,-23.747080911455985,-24.433410827807432,-24.30399478777948,-24.79904701642051,-25.624185469072025,1,0.12915837569116917,0.31927221338648337,0.030197995627602836,0.11530471225868055,-0.4287518257333538,0.6863299163514469,-0.1294160400279516,0.8251384526515153,1.233268301299148
081522.84+134834.1,-23.961495164242702,-24.072080273866813,-24.497432491415577,-24.54361637164805,-24.523610074127635,-22.77370220198165,-23.880570281551627,-25.105546077276813,-25.1467079943809,-25.111431415013488,-25.919422517244588,-26.724772444481893,1,0.11058510962411106,0.4253522175487632,0.046183880232472774,-0.02000629752041405,1.1068680795699777,0.041161917104087564,-0.03527657936741235,0.8053499272373053,1.3758061455965382
081528.88+333254.2,-22.936153060786456,-23.199193157803798,-23.485033584296357,-23.576019918621505,-23.73373486532105,-22.79199624616333,-22.9986678666816,-24.190412501524463,-24.49594548048024,-25.080768745094776,-25.911000882958422,-26.806049799818062,1,0.2630400970173419,0.2858404264925589,0.09098633432514802,0.15771494669954578,0.20667162051827148,0.30553297895577813,0.5848232646145348,0.8950489168596398,2.3349809643369177
081559.23+274107.5,-23.46965979586925,-23.574570655553355,-23.705507245473655,-23.734058417240583,-23.961559372242498,-22.424544968664943,-22.583749950800488,-23.670560159099157,-23.72774742188537,-24.471487977583624,-24.81582872884472,-25.61562182933736,1,0.10491085968410374,0.13093658992029944,0.028551171766928007,0.22750095500191492,0.15920498213554524,0.057187262786211335,0.7437405556982561,0.7997931004926393,1.0817703116041386
081653.04+302159.3,-23.81593414180161,-24.00175972678521,-24.31628901105796,-24.44860027262095,-24.45491794273717,-22.13929689729266,-23.417278693032667,-25.059606671458774,-25.453843208029998,-25.75878065314765,-25.88785425056608,-26.768872422390377,1,0.18582558498360058,0.3145292842727514,0.13231126156298956,0.006317670116217755,1.2779817957400077,0.39423653657122415,0.30493744511765186,0.881018171824298,1.4392539779451283
081724.18+292538.7,-24.173239385899567,-24.2369318629251,-24.51733692173044,-24.501160372883824,-24.639726826181025,-22.737285002275293,-23.36124250654585,-24.67143567421078,-24.889050882670077,-25.39165586019695,-26.019592580227695,-26.67293196998961,1,0.06369247702553338,0.2804050588053393,-0.0161765488466159,0.13856645329720152,0.6239575042705567,0.21761520845929638,0.5026049775268717,0.6533393897619142,1.5184322073438707
082024.21+233450.4,-23.66415609006133,-23.80609902732895,-24.115199534492035,-24.09879397264761,-24.323393768099653,-23.37627687032341,-23.3653209777864,-24.185442781252583,-24.789488681586697,-25.216090487294345,-26.00157835349848,-26.682355168743992,1,0.14194293726762197,0.3091005071630839,-0.016405561844425876,0.22459979545204334,-0.010955892537008793,0.6040459003341141,0.42660180570764794,0.6807768152455118,1.9027843808508713
082045.36+243152.9,-24.63171474757452,-24.779256144075664,-25.02518127586848,-25.05824818933346,-25.104877658394496,-24.29363658320302,-24.25661889341432,-24.868530784674984,-25.063946147840383,-25.42438563159195,-26.442631038952097,-27.327865619282942,1,0.1475413965011434,0.2459251317928164,0.033066913464981695,0.04662946906103471,-0.03701768978870135,0.19541536316539876,0.3604394837515663,0.8852345803308452,1.3843828496186354
082104.80+142330.7,-24.0349773203362,-24.176990311512156,-24.47280189718639,-24.546267987483724,-24.67865586946619,-22.756997762670974,-23.91423840705741,-24.899440768358776,-25.162115467167794,-25.619940039974374,-26.119339076926963,-27.005631940205948,1,0.14201299117595667,0.29581158567423316,0.07346609029733386,0.1323878819824671,1.1572406443864374,0.2626746988090183,0.4578245728065795,0.8862928632789853,1.5730710894432391
082148.23+555916.6,-22.813041948561136,-23.043186755191904,-23.37956699318244,-23.40194927184621,-23.643744217054472,-22.671055739034077,-22.68650235891664,-23.4830412205736,-24.00085978143897,-24.74798847836309,-25.407331057557727,-26.17281958231909,1,0.23014480663076853,0.33638023799053585,0.02238227866376974,0.2417949452082624,0.015446619882563795,0.5178185608653685,0.747128696924122,0.7654885247613628,2.005381785711517
082152.93+582122.2,-22.33506051932537,-22.48591081600892,-22.54406761940802,-22.80780970839564,-23.048091892894064,-22.039922225970503,-22.09635649375018,-23.22567224439653,-23.534419490458347,-24.014074844353093,-24.54237230952607,-25.271109176500197,1,0.15085029668355077,0.0581568033990969,0.2637420889876232,0.24028218449842242,0.056434267779675196,0.3087472460618166,0.4796553538947457,0.7287368669741277,1.7345626011304276
082301.12+132716.2,-23.280733746218285,-23.42015003895749,-23.65879387089914,-23.71436688119911,-23.8604098167674,-23.238219337747555,-23.05048617541394,-23.874758795285747,-24.519110163403404,-25.301531578640606,-25.92127421502633,-26.86527499978857,1,0.13941629273920597,0.23864383194164773,0.05557301029996964,0.14604293556829262,-0.1877331623336147,0.6443513681176576,0.7824214152372022,0.9440007847622418,2.206907333827221
082308.37+512330.6,-22.0235899045133,-22.25892567939936,-22.65070830590746,-22.82200349362541,-23.01986457071912,-22.071752712637352,-22.271363395937097,-23.604371123482306,-23.817315758136093,-24.281196905636897,-25.00000819629929,-25.63647394623496,1,0.23533577488606028,0.3917826265080997,0.1712951877179485,0.19786107709370881,0.19961068329974552,0.21294463465378755,0.46388114750080334,0.6364657499356703,2.1780047026738814
082329.15+473205.1,-23.51591266328528,-23.748922778195883,-24.108089511904797,-24.172058560952262,-24.386226988464777,-23.220294820946425,-23.16999766233018,-24.462491350699608,-24.689030286574248,-25.27615702284693,-25.96157188262948,-26.77666966870614,1,0.23301011491060208,0.35916673370891417,0.06396904904746492,0.21416842751251508,-0.05029715861624595,0.2265389358746397,0.5871267362726833,0.8150977860766595,1.7895133216772194
082345.96+410404.0,-24.17132908739753,-24.49368109720159,-24.80046711861671,-24.9255306660076,-25.04798933087708,-22.050202289265723,-23.18440613440197,-25.38121593047691,-25.77840958694405,-25.95983741129649,-26.50620647478724,-27.328508082054416,1,0.3223520098040602,0.30678602141511746,0.12506354739089076,0.12245866486948032,1.1342038451362484,0.39719365646714166,0.18142782435243987,0.8223016072671747,1.5806758087796418
082531.78+345751.8,-23.481282098847583,-23.632301633804836,-23.945477392154068,-23.88709293045093,-24.099251917578112,-22.227379597566216,-23.17271087384829,-24.092150970548136,-24.77888966940715,-25.313954019760104,-25.99141325418338,-26.807110495439048,1,0.1510195349572534,0.3131757583492316,-0.05838446170313816,0.21215898712718229,0.9453312762820723,0.6867386988590134,0.535064350352954,0.8156972412556662,2.104320323732452
082658.56+190921.5,-22.644996635811545,-22.8442636727007,-23.004914266820283,-23.123787809483066,-23.53544154583137,-22.788946952019163,-23.02150465201561,-23.60791390499653,-24.195511600289457,-24.296903923049467,-24.87040094677769,-25.712067008877764,1,0.19926703688915381,0.16065059411958416,0.11887354266278294,0.41165373634830615,0.23255769999644826,0.5875976952929278,0.10139232276000953,0.8416660621000744,1.7466131372946236
082758.52+233302.9,-23.81811683556116,-23.99328578881163,-24.2029895513378,-24.24170621040525,-24.463337935625333,-23.83320349074163,-24.025618568331748,-24.561714021359503,-25.0666950191831,-25.60420936400369,-26.257518570463645,-27.00155720104492,1,0.17516895325046988,0.2097037625261713,0.038716659067450365,0.22163172522008168,0.1924150775901161,0.5049809978235977,0.5375143448205897,0.7440386305812758,2.015812360058394
082802.14+514930.6,-23.425405571476723,-23.636926864704986,-23.79548028473267,-23.87880687001884,-24.10016286602661,-22.66005602100142,-22.72379478139837,-23.902625623213645,-24.416373793370354,-24.961528045286563,-25.106842805532583,-25.880088716252533,1,0.2115212932282624,0.15855342002768325,0.08332658528616932,0.22135599600777311,0.06373876039695148,0.5137481701567097,0.5451542519162089,0.7732459107199503,1.228035935513745
082958.79+513044.5,-23.937580230694223,-24.161960820982294,-24.44723067912798,-24.47955319307704,-24.82949060338395,-23.70836282197792,-23.730773127068392,-24.695485425050872,-25.1822384071478,-25.759343416482228,-26.506896793431903,-27.18427510777237,1,0.2243805902880709,0.2852698581456856,0.032322513949061715,0.3499374103069073,0.022410305090470928,0.4867529820969274,0.5771050093344279,0.6773783143404657,2.027343600354861
083109.39+143448.9,-24.316276141691944,-24.40686865043852,-24.65305470074753,-24.673608587439347,-24.793660177771933,-24.16691553016999,-23.810106311569463,-24.943174440818016,-25.498202372420597,-25.828399913811243,-26.6416220325946,-27.44874674600597,1,0.09059250874657465,0.24618605030901008,0.020553886691818235,0.1200515903325865,-0.35680921860052806,0.5550279316025808,0.33019754139064617,0.807124713411369,1.968013445155254
083111.23+123107.8,-24.015967571298727,-24.134323178376256,-24.44017481587825,-24.473455863756683,-24.58559207076938,-22.69304221307865,-23.14966530790892,-24.614963506786943,-24.906800483418944,-25.00227250384504,-25.72118032155373,-26.719216610034835,1,0.1183556070775289,0.30585163750199484,0.033281047878432446,0.11213620701269633,0.45662309483026675,0.2918369766320019,0.09547202042609726,0.9980362884811029,1.247724457797048
083111.65+345927.6,-22.77875543638436,-22.96261756136913,-23.296058759525906,-23.323102461073965,-23.62982933802327,-22.7819124181192,-22.666388230205698,-24.206365000527587,-24.432339483487134,-25.065245546462307,-25.07953380334702,-25.928697965496696,1,0.1838621249847705,0.33344119815677686,0.027043701548059573,0.30672687694930545,-0.11552418791350405,0.22597448295954692,0.6329060629751737,0.8491641621496768,1.7564313422730535
083115.89+423316.5,-23.78218033038859,-23.878244650009663,-24.21113683409699,-24.378600159482907,-24.55523372029521,-23.037176525751683,-23.694871946816185,-24.59807147060889,-25.12780185917533,-25.455889156612518,-26.186416086957863,-27.003207579641952,1,0.09606431962107109,0.3328921840873278,0.16746332538591702,0.1766335608123022,0.6576954210645027,0.529730388566442,0.328087297437186,0.8167914926840893,1.8078159274749552
083212.88+105618.5,-23.04315330961941,-23.34724034468896,-23.53560132561879,-23.67715577718448,-23.9539831800352,-22.91659968326549,-22.855214170873207,-23.853524466301536,-24.226061630474565,-24.711739303981886,-25.488088231325296,-26.42241098075662,1,0.3040870350695499,0.18836098092982922,0.14155445156569257,0.27682740285071716,-0.06138551239228107,0.3725371641730284,0.4856776735073218,0.934322749431324,1.810932454140815
083236.13+240209.9,-23.47751873742113,-23.77485369521726,-24.06258500255285,-24.10760385751107,-24.25575655599301,-23.06393121177128,-23.64842017113633,-24.686370327355924,-24.91266007203948,-25.18549097822943,-25.602801621522403,-26.42917032733936,1,0.2973349577961315,0.2877313073355907,0.04501885495821867,0.14815269848194035,0.58448895936505,0.22628974468355523,0.2728309061899523,0.8263687058169573,1.4951977640113334
083250.69+281316.2,-24.63810383374642,-24.74730165612981,-25.02024704990653,-25.099321106928905,-25.150325415696404,-23.282786155922427,-24.12833600646706,-25.01324219626911,-25.64664442727762,-25.6337080607276,-26.39442119065862,-27.22408634792269,1,0.10919782238338982,0.27294539377671967,0.07907405702237469,0.051004308767499396,0.8455498505446322,0.6334022310085103,-0.012936366550022171,0.8296651572640705,1.2951000837297144
083312.40+401121.1,-22.49023317847012,-22.85333520148108,-23.348347537818825,-23.384145146384025,-23.634813387182437,-21.743404328526587,-22.18132261563562,-23.79387991259748,-24.352696149502737,-24.77800928230789,-25.412446310272507,-26.212854512445876,1,0.36310202301095984,0.49501233633774433,0.035797608565200534,0.25066824079841155,0.43791828710903147,0.5588162369052583,0.4253131328051545,0.8004082021733687,2.0283011638884823
083321.04+390143.0,-24.07294704911715,-24.37390734015053,-24.83346730455956,-24.79184167561401,-24.9117212023146,-22.760300469834245,-24.43018793722888,-25.241704860479285,-25.4962428371635,-25.653340224703054,-26.613378758696417,-27.45941359715285,1,0.3009602910333804,0.4595599644090278,-0.041625628945549664,0.11987952670058988,1.6698874673946342,0.2545379766842153,0.1570973875395545,0.8460348384564327,1.8215370830824078
083331.02+281430.9,-22.84946347822589,-23.00178297461049,-23.31334258583125,-23.36944948565328,-23.622447838888892,-22.73518530463462,-22.584656266641744,-23.884541664270564,-24.124559394566877,-24.57377368908561,-25.23798779412763,-26.20915310547237,1,0.15231949638459952,0.3115596112207619,0.05610689982202999,0.25299835323561126,-0.1505290379928752,0.24001773029631224,0.4492142945187325,0.9711653113447412,1.8685383084743492
083332.92+164411.0,-23.49640634580953,-23.68090032646072,-24.106483386617576,-24.10191183037786,-24.337240609925217,-23.11764764088841,-23.207327738075374,-23.99373271350134,-24.599252751569807,-24.677846081663237,-25.53492260428188,-26.468319665030684,1,0.18449398065119027,0.4255830601568569,-0.004571556239717722,0.2353287795473591,0.08968009718696379,0.605520038068466,0.07859333009342961,0.9333970607488027,1.433010773904023
083413.36+590301.4,-21.908734238469474,-22.182553695300506,-22.486412251424174,-22.57050032863215,-22.84865147627496,-21.840057039998605,-21.77935186498776,-23.328355314589096,-23.610234570853187,-24.14985151514332,-24.52353403105448,-25.2258937922219,1,0.27381945683103126,0.30385855612366797,0.0840880772079764,0.27815114764280935,-0.06070517501084538,0.2818792562640908,0.5396169442901346,0.7023597611674184,1.9530337024223314
083443.80+382632.7,-22.486623832216686,-22.683449182141526,-22.92743672548229,-23.02014969784583,-23.344991842660445,-22.411458377465397,-22.628482008024456,-23.50335131088045,-24.000394631839985,-24.537853742252043,-25.03388113511379,-25.70756047510424,1,0.1968253499248398,0.243987543340765,0.09271297236353959,0.32484214481461393,0.2170236305590585,0.4970433209595342,0.5374591104120583,0.6736793399904499,2.0137314372679604
083446.95+371656.0,-23.65268821031574,-23.766600426844,-24.192784169876013,-24.279607219396087,-24.515706582687837,-23.819690033837148,-23.51552680929879,-24.40423277952512,-24.932438928457337,-25.20100206488402,-25.956711367876668,-26.879504387452343,1,0.11391221652825934,0.4261837430320128,0.08682304952007414,0.23609936329174985,-0.30416322453835676,0.5282061489322167,0.26856313642668184,0.9227930195756748,1.6771041484805806
083510.36+035901.1,-23.41129058214098,-23.655182491299215,-24.00081070483902,-24.097663301481724,-24.26142226713669,-22.76414696772822,-22.975892582575923,-24.297398761581707,-24.8606164707014,-25.44411706914253,-26.05499925016508,-26.94558225951369,1,0.24389190915823633,0.3456282135398041,0.09685259664270518,0.16375896565496717,0.21174561484770393,0.5632177091196944,0.5835005984411268,0.8905830093486102,1.9573359486833546
083535.80+245940.1,-24.113569037867933,-24.38784172517261,-24.792788713434536,-24.83913471964479,-25.058584361052016,-23.51775929651744,-23.87431623931862,-25.48208857584927,-25.88687779410622,-26.51149329743369,-26.869716652030384,-27.56039856665196,1,0.274272687304677,0.4049469882619263,0.04634600621025342,0.2194496414072269,0.35655694280118055,0.4047892182569477,0.6246155033274725,0.6906819146215746,2.0305819323855943
083643.57+072905.7,-23.76257583285097,-23.926875499219783,-24.078016502230604,-24.07982845673621,-24.219196163169865,-22.38045124764158,-22.99086255521589,-24.2636313882538,-24.857844343229655,-25.625408377167656,-26.154203072134734,-27.06118464104117,1,0.16429966636881232,0.1511410030108209,0.0018119545056052289,0.13936770643365648,0.6104113075743101,0.5942129549758555,0.767564033938001,0.9069815689064349,2.0743746153985256
083658.90+442602.2,-24.235399540284472,-24.469261039629085,-24.73645381041333,-24.830195352179015,-24.843159474012936,-23.578551367463717,-23.621890604457903,-24.621844351578098,-24.855648358832774,-25.19600828778489,-25.618402289258142,-26.341491460316064,1,0.23386149934461287,0.26719277078424497,0.09374154176568439,0.012964121833920927,0.043339236994185626,0.2338040072546761,0.34035992895211464,0.7230891710579215,0.7882069370791278
083954.90+111759.6,-23.239177956932508,-23.364374713656478,-23.653040436374532,-23.630282864973207,-23.845855259877663,-23.031815212601987,-23.11334949023544,-23.604713292592013,-23.972187634720346,-24.1589673894362,-25.41567760472366,-26.129450426069315,1,0.12519675672396957,0.28866572271805424,-0.02275757140132484,0.21557239490445568,0.08153427763345178,0.3674743421283324,0.18677975471585384,0.7137728213456569,1.7853947397504513
084021.91+101723.7,-23.544488193910738,-23.75144648461356,-24.13520024341558,-24.27349762334357,-24.42434809658696,-23.634636186279117,-23.46448693560404,-24.47043023306735,-24.7838218876557,-25.292517251204664,-26.03002507535485,-26.95548433935263,1,0.206958290702822,0.383753758802019,0.13829737992799096,0.1508504732433913,-0.17014925067507747,0.31339165458835083,0.5086953635489628,0.9254592639977801,1.7565274520112801
084142.32+474550.7,-23.41785545448029,-23.739776339137787,-24.018200012245373,-24.080861746952397,-24.239053985809715,-22.829518215526274,-23.16781419706458,-24.736857626176526,-25.069017570887517,-24.919542780322757,-25.56922691456142,-26.34905550960448,1,0.3219208846574979,0.27842367310758576,0.06266173470702441,0.1581922388573176,0.3382959815383053,0.3321599447109911,-0.14947479056475999,0.7798285950430603,1.4883651676090217
084143.96+130356.8,-24.468328113683757,-24.756093247299912,-25.159251304071564,-25.25549714160383,-25.43156383630785,-23.62657249059307,-24.14352760394558,-25.337086973746626,-25.704681222907144,-26.37872079039927,-27.1836639837945,-28.049084846230645,1,0.28776513361615486,0.40315805677165173,0.09624583753226545,0.17606669470401926,0.516955113352509,0.3675942491605184,0.6740395674921267,0.8654208624361459,1.9281668421906701
084224.92+514501.1,-24.37661015209564,-24.36219685160217,-24.5435043826002,-24.629362370492597,-24.709861507065767,-23.54906328440918,-23.763075195587398,-24.91888443972164,-25.23928574004333,-25.82097164764964,-26.18752701653211,-27.05794202560485,1,-0.01441330049346945,0.18130753099802988,0.08585798789239618,0.0804991365731702,0.21401191117821838,0.3204013003216879,0.5816859076063103,0.8704150090727403,1.5581646460395113
084252.54+342333.7,-23.39191363028183,-23.64837080609782,-23.81039677677229,-23.721011761272266,-23.89473363113214,-22.8940186592752,-23.289268584177343,-24.1812871248652,-24.443909497682764,-25.121798004418192,-25.594527936107536,-26.57774422914797,1,0.2564571758159886,0.16202597067447044,-0.08938501550002442,0.17372186985987526,0.39524992490214217,0.26262237281756384,0.6778885067354281,0.9832162930404351,1.8735161748352702
084305.35+132317.3,-23.256547233544214,-23.37991150512437,-23.77123512132455,-23.84988460219568,-23.99377156908595,-23.005946234501543,-22.961790626356333,-23.730900224980356,-24.09972964294417,-24.835484833281445,-25.90706686346856,-26.8234515083515,1,0.1233642715801544,0.3913236162001823,0.07864948087112822,0.14388696689027114,-0.04415560814521058,0.36882941796381274,0.7357551903372759,0.9163846448829389,2.0571822612728816
084311.38+405027.5,-22.76446116512213,-22.967338006332152,-23.16582937665423,-23.256556511864037,-23.50036265131883,-22.357305996508227,-22.68513072037347,-23.62142006340449,-23.815992586297945,-24.559252343622,-25.168704046101883,-25.949512150909413,1,0.20287684121002414,0.19849137032207764,0.09072713520980713,0.24380613945479368,0.3278247238652412,0.1945725228934556,0.7432597573240542,0.7808081048075302,1.912147534237846
084433.01+380135.1,-22.162044698658683,-22.505343803966696,-22.91005904893398,-22.96122433689968,-23.29034174127,-21.633447789723157,-22.083042176864467,-23.310241047585777,-24.036012468865447,-24.4095404887088,-24.919679798487845,-25.608080213351627,1,0.343299105308013,0.40471524496728506,0.051165287965698525,0.3291174043703222,0.4495943871413104,0.7257714212796706,0.37352801984335215,0.6884004148637821,1.9584554615881657
084437.98+412432.5,-23.014029004302657,-23.306437555437025,-23.556693915257487,-23.72678115894741,-23.924527614629117,-21.038069452320286,-21.69320923441688,-24.154321390615085,-24.64410978636056,-25.49480944493735,-25.810944969094358,-26.551730012770644,1,0.29240855113436837,0.2502563598204617,0.1700872436899239,0.19774645568170612,0.6551397820965938,0.4897883957454745,0.8506996585767901,0.7407850436762864,2.084163810146947
084504.21+542611.9,-21.73216178790937,-21.80581076430251,-22.05136614680234,-22.193615082690627,-22.301792178005105,-21.070705852754315,-21.763350855612185,-22.52869579650701,-23.13851738418919,-23.511898421912687,-23.921818800438608,-24.631254809005384,1,0.07364897639314094,0.24555538249983044,0.14224893588828635,0.10817709531447761,0.6926450028578692,0.6098215876821804,0.3733810377234974,0.7094360085667759,1.7282037177479808
084536.09+273847.3,-23.069701319740386,-23.267487733838863,-23.527015969507115,-23.566766014895396,-23.824741993095117,-22.974870509289342,-22.72149772983031,-24.06808081397945,-24.060663592101555,-24.666710610761225,-25.27364206779266,-26.150756505004228,1,0.19778641409847708,0.25952823566825245,0.03975004538828131,0.2579759781997204,-0.25337277945903125,-0.007417221877894065,0.6060470186596696,0.8771144372115671,1.7068760528972646
084557.21+213615.7,-23.445864325115803,-23.710993338382337,-24.143821692830816,-24.190790484916946,-24.360338741263774,-22.6182006349404,-23.00321255598525,-24.31585040094587,-24.64361581143794,-25.295700507214747,-25.31872692570956,-26.126922094322367,1,0.2651290132665345,0.43282835444847834,0.046968792086129696,0.1695482563468289,0.3850119210448497,0.32776541049207,0.6520846957768072,0.8081951686128086,1.1279364407926131
084650.29+492212.0,-22.4882174921923,-22.803162467847308,-23.247329714450984,-23.349309423509396,-23.53308952241169,-22.08610450262724,-22.069653298591074,-23.638605922185324,-24.07684462818004,-24.548923820355306,-25.349530986786803,-26.15452425154388,1,0.31494497565500623,0.44416724660367635,0.10197970905841203,0.18378009890229308,-0.016451204036165734,0.43823870599471704,0.47207919217526495,0.8049932647570763,2.0002215632774067
084707.38+571617.6,-22.393110283763487,-22.678711972674893,-23.145262661122217,-23.171491418516364,-23.403351935358355,-22.13763517645172,-22.02839363852373,-23.376684641305125,-24.26246257810733,-24.65910058909732,-25.411542238703746,-26.2131165096154,1,0.2856016889114059,0.46655068844732384,0.026228757394147095,0.23186051684199072,-0.10924153792798919,0.885777936802203,0.3966380109899923,0.8015742709116545,2.240050820187381
084720.11+420250.2,-22.291769168788893,-22.46639858451219,-22.662979274370397,-22.716287965114635,-22.993052676553354,-21.835553762540183,-22.0082522613557,-23.18420508843093,-23.68411276153302,-23.82054093786624,-24.236170914314386,-24.863545361231115,1,0.17462941572329882,0.1965806898582052,0.05330869074423816,0.2767647114387195,0.17269849881551735,0.49990767310208994,0.13642817633322224,0.6273744469167291,1.5198829491997508
084748.42+315713.4,-23.459521274136332,-23.661861753404903,-23.95035304027533,-23.923994930720877,-24.11552195486008,-23.66387940218785,-23.971820369976157,-24.468703797295014,-24.69260283988537,-25.11025670284501,-25.765633295969906,-26.600177393438827,1,0.20234047926857102,0.28849128687042835,-0.0263581095544545,0.19152702413920153,0.3079409677883085,0.2238990425903573,0.41765386295963935,0.8345440974689211,1.841638365249029
084902.60+300235.2,-24.90798143254381,-25.08307798464232,-25.39854558195524,-25.42293926723513,-25.468033558637448,-24.77339340053817,-24.8303591944982,-25.581349828072597,-25.89954409625315,-26.309429525851275,-26.929217026363588,-27.889292777158865,1,0.17509655209850905,0.31546759731292084,0.02439368527988961,0.04509429140231802,0.056965793960031874,0.31819426818055163,0.4098854295981269,0.9600757507952764,1.5062777591284586
084959.50+431646.6,-24.501567675186084,-24.600530052025928,-24.9289038295537,-25.054791980381932,-25.20933175006573,-23.684762698538865,-23.808738710330317,-24.92516070071803,-25.35352729572816,-25.51468196786909,-26.096532489152267,-27.009531053922423,1,0.0989623768398431,0.32837377752777286,0.12588815082823146,0.15453976968379735,0.12397601179145212,0.42836659501012875,0.16115467214093115,0.912998564770156,1.041740508770335
085045.78+201433.3,-23.38738915909901,-23.604186588629027,-23.89346050811301,-23.9125011022407,-24.022527988908603,-23.17747631447339,-23.374445904359693,-24.263406863800093,-24.925937505862144,-24.95283344645321,-25.40091829507777,-26.171963753087653,1,0.21679742953001835,0.28927391948398196,0.019040594127691435,0.11002688666790306,0.19696958988630087,0.6625306420620518,0.02689594059106426,0.7710454580098833,1.488417192837069
085051.97+083026.6,-23.168844221891312,-23.40680776826711,-23.77823391113906,-23.918733929955003,-24.04900614573725,-21.144344981621877,-22.40524979619121,-24.446068676724725,-24.60699806099552,-25.277872929639333,-25.937804517593648,-26.862313088717503,1,0.23796354637579853,0.3714261428719503,0.14050001881594198,0.13027221578224513,1.260904814569333,0.16092938427079417,0.6708748686438142,0.9245085711238552,2.0190705876386446
085102.97+512442.4,-23.05144728850118,-23.281756771384742,-23.695945265980104,-23.75394439987504,-23.926438047987727,-22.82999147514527,-22.99637769653331,-23.94332070761037,-24.186315712954343,-24.74011870175984,-25.68183971401488,-26.435850513699155,1,0.23030948288356257,0.41418849459536133,0.05799913389493483,0.1724936481126882,0.16638622138804138,0.24299500534397467,0.5538029888054972,0.7540107996842735,1.9278953141398425
085116.14+424328.8,-23.489100931610853,-23.508902737265508,-23.86300352544235,-23.95626022139001,-24.08873781532986,-23.38089092423648,-23.507029582541165,-24.06384190651447,-24.66318784042733,-25.25295276054647,-25.79970694129869,-26.69486912767332,1,0.01980180565465517,0.3541007881768401,0.0932566959476624,0.13247759393984992,0.1261386583046864,0.5993459339128613,0.5897649201191406,0.8951621863746304,1.8434467199086804
085201.53+422958.5,-23.369561964066776,-23.52145627384251,-23.868858048310447,-23.960243946969424,-24.16038753382568,-23.112501206388032,-23.007154115089804,-24.071499821887524,-24.673311666808672,-25.452693606489795,-26.546005349388142,-27.49523676181012,1,0.15189430977573437,0.3474017744679365,0.09138589865897728,0.20014358685625666,-0.10534709129822772,0.6018118449211478,0.779381939681123,0.9492314124219767,2.5857614024187185
085206.43+401217.2,-22.56990509099535,-22.78357618735137,-23.266293891776265,-23.340153579995743,-23.438853520766617,-22.174037226097028,-22.64215992759045,-23.24953110066743,-24.13487123580116,-24.43989770132783,-25.45076056731894,-26.232551723625534,1,0.21367109635601977,0.48271770442489625,0.07385968821947841,0.0986999407708744,0.46812270149342083,0.8853401351337311,0.30502646552666945,0.7817911563065927,2.110606987323198
085242.39+442522.4,-22.36898262450624,-22.712328293361363,-22.957804947153708,-23.00229389976819,-23.28279249847465,-21.46291794737135,-21.55430623127915,-22.911440912363517,-23.57161950896085,-24.197645787974288,-24.5685553897724,-25.36763519903501,1,0.34334566885512174,0.24547665379234473,0.04448895261448271,0.2804985987064583,0.09138828390780063,0.6601785965973335,0.6260262790134377,0.7990798092626115,1.5662614900042087
085334.23+434902.3,-24.268587238770923,-24.572716118686905,-24.953512815093188,-25.04569431208276,-25.194559676951187,-23.62252769212982,-24.072758613205966,-25.550285192079112,-25.888242652163957,-26.561468013312968,-26.89164501114975,-27.812525906625982,1,0.30412887991598225,0.3807966964062821,0.09218149698957134,0.14886536486842772,0.4502309210761446,0.3379574600848443,0.6732253611490115,0.920880895476234,1.8459506990669894
085351.88+465624.2,-23.609055480763512,-23.76131537872534,-24.064663935452334,-24.04449669420801,-24.16425487538126,-22.924385360177983,-23.539241409850884,-24.44504772677277,-24.807700694003564,-25.03038364344733,-25.69265805851201,-26.631867687783835,1,0.1522598979618266,0.3033485567269949,-0.02016724124432301,0.11975818117324977,0.6148560496729019,0.3626529672307939,0.2226829494437652,0.9392096292718257,1.6481613643039985
085501.54+194103.2,-22.86350428654364,-22.952164637331155,-23.28770717954851,-23.30953388828188,-23.469584233534533,-21.67354717285237,-21.98158879306475,-23.476515406264195,-24.270501358957016,-24.64807290388073,-25.26173812072493,-26.26578668376117,1,0.08866035078751366,0.3355425422173539,0.021826708733371447,0.16005034525265316,0.3080416202123786,0.7939859526928217,0.3775715449237147,1.004048563036239,1.9522042324430515
085502.06+083847.1,-23.14357560932429,-23.40291486695344,-23.802772841572903,-23.944555257827066,-24.075679616397004,-23.075425577141008,-22.917750559007136,-24.5010292465757,-24.755882431863437,-25.36196847894924,-26.045031079763117,-26.778295313590867,1,0.25933925762915067,0.3998579746194615,0.14178241625416277,0.13112435856993798,-0.1576750181338724,0.25485318528773604,0.6060860470858032,0.7332642338277502,2.100475821936051
085502.45+323918.3,-24.089470197788543,-24.09729202421828,-24.44971262564092,-24.534466572447148,-24.70420747819521,-24.11058362224212,-23.706390135394923,-24.564817661288934,-24.77796274992957,-25.48018107699224,-26.18219560841192,-27.03991346351111,1,0.007821826429736944,0.3524206014226401,0.08475394680622728,0.1697409057480641,-0.40419348684719836,0.21314508864063697,0.702218327062667,0.8577178550991889,1.6477290359647725
085516.20+561656.7,-22.66141778776244,-22.87663264238698,-23.088849191102742,-23.162752958884468,-23.494775207286672,-22.489030792442023,-22.661182620740817,-23.570605241449115,-24.18260194144557,-24.417599524548056,-24.18329357129524,-24.84663773635214,1,0.21521485462454137,0.21221654871576234,0.0739037677817258,0.33202224840220396,0.17215182829879438,0.6119966999964532,0.23499758310248708,0.6633441650568983,1.0205406124107732
085516.79+150535.6,-23.106956542556283,-23.44573758399629,-23.69907535378621,-23.74158928338214,-23.925026979168663,-23.55694689567533,-23.50153610609516,-24.2280479016641,-24.72322269529356,-25.153823061819217,-26.15903186012335,-26.81554498188189,1,0.33878104144000787,0.25333776978991907,0.04251392959593048,0.18343769578652314,-0.05541078958017209,0.4951747936294595,0.43060036652565614,0.6565131217585396,2.417442576741209
085557.12+561534.7,-24.926342948440134,-24.931638345779746,-25.18905631351589,-25.39176150477897,-25.498741070953,-24.198250231807982,-24.45022938214491,-25.511385093015026,-25.718196462245206,-26.23936980308539,-27.01444536883885,-27.942985555543785,1,0.005295397339612151,0.25741796773614567,0.20270519126307818,0.10697956617402937,0.2519791503369291,0.20681136923018073,0.521173340840182,0.9285401867049359,1.62268386405988
085559.00+005745.4,-22.75008157268987,-22.9864512787611,-23.15519555421365,-23.236297404226203,-23.46033048858927,-22.8426826649451,-23.0000847127241,-23.66245351805427,-24.09166782653279,-24.865465388636075,-25.650129671360556,-26.41115001668351,1,0.23636970607122976,0.16874427545254989,0.08110185001255488,0.224033084363068,0.1574020477789979,0.42921430847852093,0.7737975621032831,0.7610203453229545,2.413832267134353
085601.97+210908.5,-21.96526626943253,-22.09036313844157,-22.29813171449968,-22.410595544811905,-22.841648029793216,-22.1329146205617,-22.15646974695111,-23.37877973733166,-23.619466827022432,-24.17585606699196,-24.142227248298692,-24.754190146088902,1,0.1250968690090417,0.2077685760581076,0.11246383031222607,0.4310524849813113,0.02355512638941093,0.24068708969077335,0.5563892399695298,0.6119628977902103,1.7316317034867872
085632.99+595746.8,-23.45825449601869,-23.4630924745862,-23.62898201338995,-23.72989830674605,-23.8844982510922,-22.76386703813615,-23.04673163010824,-23.954260630456183,-24.15599872622607,-24.72872404439361,-25.83332878633912,-26.466525719313537,1,0.004837978567511669,0.16588953880375001,0.10091629335610008,0.154599944346149,0.28286459197208913,0.20173809576988688,0.5727253181675387,0.6331969329744176,2.1034304795930687
085643.71+413444.9,-24.1068714433272,-24.177019472913194,-24.437200881802912,-24.31772745314268,-24.555087979835463,-22.798255688092407,-23.29023440612825,-24.67780082698472,-24.90295374176062,-25.38150549766369,-26.09768727168285,-26.851343621573317,1,0.07014802958599375,0.26018140888971786,-0.11947342866023192,0.23736052669278251,0.4919787180358419,0.22515291477590083,0.4785517559030694,0.7536563498904663,1.7799598185401706
085648.66+141321.9,-22.495486209734644,-22.786211571675743,-23.11485421295944,-23.20004000282563,-23.38011209168587,-22.34498709990413,-22.64169277224534,-23.02561124458999,-23.57357943366398,-24.339081919254117,-25.18452719613964,-25.946661839599592,1,0.29072536194109944,0.3286426412836967,0.08518578986619119,0.18007208886023918,0.2967056723412078,0.5479681890739911,0.7655024855901367,0.7621346434599516,1.9844871933140098
085706.35+190853.5,-23.2141639595028,-23.32765104998769,-23.741574621340124,-23.7834345966894,-23.961780139064924,-21.638872478253237,-22.369889544354045,-24.326657071712702,-25.14458895238236,-26.055700640860007,-26.79519995762305,-27.49658856985708,1,0.11348709048488814,0.4139235713524343,0.04185997534927566,0.17834554237552425,0.731017066100808,0.8179318806696578,0.9111116884776465,0.7013886122340303,3.0117653609336514
085733.19+160017.7,-24.73621341550308,-24.755141681219552,-24.97962567018176,-24.97600934785807,-25.062640950250263,-23.176167847326237,-23.89691698495141,-25.032757633913004,-25.229793497691865,-25.507065356801395,-26.47944629726924,-27.33966387817736,1,0.01892826571647177,0.22448398896220922,-0.0036163223236904685,0.08663160239219181,0.7207491376251731,0.1970358637788614,0.2772718591095291,0.8602175809081203,1.5034369494111708
085752.19+462152.7,-23.912747247631295,-24.050276661739773,-24.28306728504669,-24.29867077926495,-24.52123545327693,-23.424751945969923,-23.519945732113484,-24.62028656006313,-24.93108021132474,-25.4822287435476,-26.125410746337828,-27.061576612669334,1,0.13752941410847797,0.23279062330691858,0.015603494218257907,0.22256467401198066,0.095193786143561,0.31079365126161207,0.5511485322228609,0.9361658663315069,1.8267399670728786
085905.54+310522.9,-23.404769922900098,-23.67045814819412,-24.101180360972226,-24.179793622744377,-24.32401948972402,-22.444411524475598,-23.27100752084864,-24.643893880894563,-24.861519946401927,-25.47733850331329,-25.641453049938114,-26.36374311346236,1,0.2656882252940207,0.4307222127781074,0.07861326177215133,0.14422586697964235,0.8265959963730438,0.21762606550736407,0.6158185569113641,0.7222900635242446,1.4616594271937373
085919.80+652640.1,-24.16786481150675,-24.282600833575856,-24.611374785831597,-24.784050399223837,-24.99710994700778,-23.44982799164501,-23.4356504786403,-24.97688902369345,-25.454252035769866,-25.75175101587833,-26.68427972269492,-27.554824759439907,1,0.11473602206910627,0.3287739522557409,0.17267561339224002,0.2130595477839421,-0.014177513004707265,0.47736301207641674,0.29749898010846465,0.8705450367449856,1.900229323471084
085934.07+194750.0,-23.368803378450483,-23.569709888011136,-23.81306902651517,-23.92740013690476,-24.00116317753793,-22.77384230228731,-23.123486053417267,-24.306124528403693,-24.839332905681697,-25.062899389156076,-25.490405488089888,-26.35460833551564,1,0.20090650956065303,0.243359138504033,0.11433111038959254,0.07376304063316752,0.3496437511299568,0.5332083772780045,0.22356648347437869,0.8642028474257515,1.5630053511851258
090026.51+204158.7,-23.695320585999085,-23.85788245175368,-24.163168155097186,-24.40282413412292,-24.508069081581457,-23.369890586932183,-23.44771978812772,-24.788893072441912,-25.0952741493459,-25.846947848834176,-26.90951339781433,-27.875381601771096,1,0.16256186575459708,0.3052857033435039,0.2396559790257342,0.1052449474585373,0.07782920119553793,0.30638107690398897,0.7516736994882756,0.9658682039567665,2.5066892636914098
090112.04+011549.5,-24.487505142454093,-24.620811602558334,-24.968518418490017,-25.138325836370576,-25.1255749610485,-23.616146492075057,-24.306788297037112,-25.23664623820013,-25.494653629976803,-26.036298475970927,-26.847185867825043,-27.741552660776836,1,0.1333064601042402,0.3477068159316836,0.1698074178805591,-0.012750875322076638,0.6906418049620555,0.25800739177667253,0.5416448459941243,0.8943667929517929,1.708860031454467
090404.15+151254.5,-24.892843987667387,-25.23574448383461,-25.47668910358785,-25.58539449307146,-25.851373291815303,-19.734287531965865,-18.76889963659777,-26.24920154113923,-26.2163916861952,-26.53662670145306,-27.21577137530124,-27.923801887084355,1,0.3429004961672213,0.24094461975324322,0.10870538948360675,0.2659787987438449,-0.9653878953680959,-0.032809854944026995,0.32023501525785747,0.7080305117831145,1.6303768822297826
090423.31+400704.6,-23.699984355881316,-23.80007213399409,-24.102913994373665,-24.037993471492214,-24.17376162135461,-23.561274429241703,-23.60234221132691,-24.28369876891935,-24.641328703494565,-25.288601805402465,-25.942149786341357,-26.74842442683668,1,0.1000877781127727,0.3028418603795764,-0.06492052288145089,0.13576814986239683,0.04106778208520723,0.35762993457521475,0.6472731019078992,0.8062746404953245,1.9041563148491427
090511.05+182716.5,-22.34440818876284,-22.436598369667085,-22.686113017219267,-22.7880131401434,-23.124566132152133,-21.851852060567023,-21.985605136066717,-23.56346558964694,-24.13762411693889,-24.601589918962667,-25.0927130682807,-25.837687425131303,1,0.09219018090424314,0.2495146475521821,0.10190012292413186,0.336552992008734,0.13375307549969406,0.5741585272919529,0.46396580202377535,0.7449743568506051,2.3046999281372997
090549.23+270558.8,-22.738416314152133,-22.966640960295543,-23.232936791624027,-23.28788404353765,-23.55615158720132,-23.228822607798296,-22.98193076740605,-23.46108588071728,-24.296110660402935,-24.709205055822995,-25.16762160854229,-25.93158416100804,1,0.22822464614340987,0.26629583132848467,0.054947251913624484,0.26826754366366856,-0.24689184039224799,0.8350247796856536,0.4130943954200603,0.763962552465749,1.879737565004639
090615.93+121845.6,-24.162687449193086,-24.291594658180784,-24.61373663887975,-24.624965608761407,-24.728435898204392,-23.63439765794072,-23.79923318915947,-24.6752389865216,-24.989418905866145,-25.59540059089189,-26.13373156261886,-27.01866466829593,1,0.12890720898769814,0.3221419806989658,0.01122896988165678,0.10347028944298486,0.16483553121874905,0.3141799193445465,0.6059816850257462,0.8849331056770708,1.508765953857452
090743.66+551512.3,-24.181535567590625,-24.17853623297462,-24.384079421746957,-24.32768542447456,-24.43061243300429,-24.28807295720345,-23.957917831015067,-24.49001289649873,-24.76588943042216,-25.05707968542129,-25.46894501238336,-26.423070263914266,1,-0.002999334616006877,0.20554318877233868,-0.05639399727239791,0.10292700852972914,-0.3301551261883837,0.27587653392343015,0.29119025499912965,0.954125251530904,1.1412595879088023
090820.56+083513.3,-22.68135089987637,-22.887768649921025,-23.196535521482645,-23.242198586094144,-23.36831875026229,-22.370610299755715,-22.68902103328956,-23.508030446534068,-23.945910827570398,-24.632951728486272,-25.2606305323506,-25.94061295391568,1,0.206417750044654,0.30876687156161964,0.04566306461149949,0.12612016416814598,0.3184107335338453,0.4378803810363294,0.6870409009158749,0.6799824215650787,2.018431946256456
090821.33+273614.3,-22.720449169272253,-22.94147728272255,-23.217968382849648,-23.22374659175467,-23.4978672902788,-22.2835035167139,-22.49351535603518,-23.299414172251414,-23.821484873613617,-24.232183035750985,-24.899787564225544,-25.69287354565694,1,0.22102811345029494,0.27649110012709954,0.005778208905020676,0.2741206985241327,0.21001183932127887,0.5220707013622032,0.4106981621373684,0.7930859814313962,1.6760409724708758
090840.70+132117.3,-22.495130415838467,-23.016271711973708,-23.74305326501993,-23.869552445563208,-24.0372485520736,-20.58687880090155,-21.290349147224475,-24.225989813054465,-24.192210273316856,-24.95390605114957,-25.658343969799247,-26.390796124878253,1,0.5211412961352409,0.7267815530462229,0.12649918054327713,0.16769610651039102,0.7034703463229235,-0.03377953973760839,0.7616957778327134,0.732452155079006,1.7887915242360393
090902.21+345926.5,-22.99626754618411,-23.48140378472011,-23.77345937258368,-23.92924660056709,-24.110458493585146,-22.28996051517815,-22.691478459031693,-24.345591685710467,-24.66618461710837,-25.318884209875847,-25.93765532001017,-26.954136471685807,1,0.4851362385360005,0.2920555878635689,0.15578722798341005,0.1812118930180553,0.4015179438535412,0.3205929313979041,0.6526995927674761,1.016481151675638,2.0084087194430786
090904.63+232439.7,-23.91569625087693,-24.069939063449905,-24.36646793185696,-24.414768712582237,-24.52848043526617,-23.368167682914727,-24.040844141241077,-24.73052510338171,-24.979353319584536,-25.220446904274976,-26.14883305881651,-27.063175901308743,1,0.15424281257297423,0.29652886840705506,0.04830078072527755,0.11371172268393437,0.6726764583263503,0.2488282162028277,0.2410935846904394,0.914342842492232,1.7340643462342733
090910.08+012135.6,-24.61292024701097,-24.717188451099272,-25.083831774243468,-25.2865832630699,-25.495222114347104,-23.754365569390625,-24.448330623304717,-26.33691784042256,-26.751448725674663,-27.31298673633774,-28.13953283982332,-28.805606207058705,1,0.10426820408830295,0.3666433231441957,0.2027514888264328,0.20863885127720394,0.6939650539140914,0.4145308852521019,0.5615380106630781,0.6660733672353842,2.8529495767534208
091029.75+101413.5,-23.306820572191278,-23.45648825212285,-23.673120297017253,-23.684087211320172,-23.93663853155463,-23.40953324661543,-23.38061738525572,-24.004861211565892,-24.49056103241538,-24.79477362765944,-25.807091275586984,-26.6124237310171,1,0.14966767993157148,0.21663204489440346,0.010966914302919406,0.2525513202344598,-0.028915861359706696,0.4856998208494865,0.30421259524405997,0.8053324554301149,2.123004064266812
091110.49+260312.6,-23.74721270666226,-24.03087465988743,-24.27124604653128,-24.318199666648194,-24.50144799287684,-22.849753774207624,-23.781361500593714,-24.96850105342427,-25.245779790612417,-25.73444009230768,-26.02851078680267,-26.81267446788312,1,0.2836619532251703,0.24037138664385083,0.04695362011691273,0.18324832622864662,0.9316077263860905,0.2772787371881478,0.488660301695262,0.7841636810804502,1.7103111201544756
091119.16+031152.9,-24.33002790106491,-24.425674496547103,-24.671438877827924,-24.74943156337258,-24.813924180544497,-23.673165992582177,-23.796260158080543,-24.93652872101225,-25.365518190233544,-25.387259266746963,-26.38768041104461,-27.356181665654063,1,0.09564659548219367,0.24576438128082145,0.077992685544654,0.06449261717191845,0.12309416549836527,0.42898946922129255,0.021741076513418278,0.9685012546094534,1.6382488476720312
091120.83+172232.0,-23.610976724649632,-23.722949712829557,-24.055848162983597,-24.19297579735138,-24.306195957267384,-23.365749242539703,-23.36128014576804,-24.41989611206912,-24.860318836488428,-25.61265817787434,-25.935175207498112,-26.91368091437368,1,0.11197298817992518,0.3328984501540404,0.13712763436778275,0.11322015991600409,-0.004469096771664738,0.44042272441930663,0.7523393413859125,0.9785057068755663,1.742199410146732
091217.74+245037.8,-25.441444688581463,-25.660558651584704,-25.929498182970065,-26.03636845923803,-26.17237684483616,-25.79438409096073,-25.57202384117234,-26.19619987886261,-26.46764925579087,-27.09486339777929,-27.83823006213402,-28.854792536122524,1,0.2191139630032417,0.2689395313853602,0.10687027626796564,0.136008385598128,-0.22236024978839097,0.27144937692825977,0.6272141419884179,1.016562473988504,1.8018616028959897
091244.03+460236.5,-22.907669191612253,-23.10134653447765,-23.266555794571303,-23.40960706598514,-23.686387052371416,-22.961363503832207,-23.04795024780788,-23.611356980501327,-23.72407786694051,-24.19778609063843,-24.97354557118636,-25.772548451707173,1,0.19367734286539573,0.1652092600936541,0.14305127141383522,0.276779986386277,0.08658674397567268,0.11272088643918465,0.4737082236979191,0.7990028805208134,1.5639385052012216
091245.42+213139.1,-24.43999996955315,-24.55013115457323,-24.952314183138952,-25.097808759351665,-25.19227415606853,-24.082320309772204,-24.2005421699984,-25.209919233913688,-25.41586560847037,-25.925728261102314,-26.71328203621134,-27.637018322059745,1,0.11013118502008012,0.4021830285657231,0.14549457621271245,0.09446539671686693,0.11822186022619618,0.20594637455668163,0.509862652631945,0.9237362858484062,1.6154732768596745
091257.07+275646.7,-23.392355965675875,-23.516282403560947,-23.861092141573614,-23.90860353281732,-24.11917549508644,-23.309050063715084,-23.321345374332832,-23.696457961509108,-24.247790174113128,-24.55571894954122,-25.654137468415342,-26.46953244209038,1,0.1239264378850713,0.34480973801266757,0.04751139124370596,0.21057196226912112,0.012295310617748356,0.5513322126040201,0.30792877542809194,0.815394973675037,1.7455339355980222
091333.66-004250.9,-23.035394572768247,-23.269364986789807,-23.555889021875736,-23.6762009163788,-24.07463780011653,-22.02812651647066,-22.494493301920595,-23.87337510933266,-24.22239943529388,-25.00592120327497,-25.32149111650341,-26.16522015632208,1,0.2339704140215595,0.28652403508592883,0.12031189450306456,0.39843688373773034,0.46636678544993515,0.3490243259612207,0.7835217679810889,0.843729039818669,1.6452902001246095
091354.35+224843.3,-22.092316350353784,-22.6625292122882,-22.86501537133183,-22.901938737638957,-23.16631054461673,-21.69793499374324,-22.3328048900392,-24.482769320543927,-24.625346375809407,-25.244656571346365,-25.462775683895558,-26.27519516943609,1,0.5702128619344151,0.2024861590436302,0.03692336630712845,0.26437180697777407,0.6348698962959602,0.14257705526548037,0.6193101955369578,0.8124194855405307,2.5608369462566003
091408.41+164059.5,-22.76857805445628,-22.97439427475698,-23.27742574093057,-23.36489092142085,-23.54350895706329,-22.41957707772532,-22.756889830352904,-23.94679765172976,-24.431471785943906,-24.55979892715447,-25.139715407555016,-25.99423698479964,1,0.20581622030069724,0.3030314661735929,0.0874651804902804,0.17861803564243672,0.3373127526275823,0.4846741342141456,0.12832714121056554,0.8545215772446255,1.7748244861341647
091451.41+421956.9,-23.520584888474215,-23.75540656884329,-24.14263755419437,-24.239940734216884,-24.43501073749461,-23.173128157610076,-22.93305450891281,-23.925465927487725,-24.52323169029271,-24.971331394905583,-25.782007651114007,-26.714284340098622,1,0.2348216803690768,0.3872309853510778,0.09730318002251437,0.19507000327772772,-0.24007364869726544,0.5977657628049862,0.4480997046128721,0.932276688984615,1.5420669168971237
091602.61+210616.9,-22.300052022603744,-22.59133362278768,-22.970314233452807,-22.98117864349256,-23.22269274420832,-21.63756449529477,-21.90611016631162,-23.285587697961574,-23.901333455033534,-24.53326335393865,-24.80352919118756,-25.707240792727685,1,0.291281600183936,0.37898061066512767,0.010864410039751249,0.24151410071576151,0.2685456710168488,0.6157457570719593,0.631929898905117,0.9037116015401239,1.8223505476950024
091615.99+392657.2,-23.604625588472008,-23.794966951360895,-24.04997614089389,-24.059134296807816,-24.31626331692961,-23.54129990939141,-23.75185338838301,-24.43539301278102,-24.9037032619428,-24.89224990923203,-25.75987968468371,-26.57228071877956,1,0.19034136288888703,0.2550091895329949,0.009158155913926436,0.25712902012179484,0.21055347899160282,0.4683102491617781,-0.011453352710766751,0.8124010340958492,1.7007453878758945
091702.38-004417.5,-23.82626032603542,-23.9292903166255,-24.040574092410303,-24.11454132973545,-24.37804386769136,-23.562889878240178,-24.07041860779887,-24.11546145737508,-24.427640616098515,-25.179208178155577,-25.480801804823574,-26.231030709307213,1,0.10302999059008044,0.11128377578480197,0.07396723732514587,0.2635025379559117,0.5075287295586932,0.3121791587234348,0.7515675620570619,0.7502289044836381,1.3662604750881258
091835.06+385642.0,-24.3960236016304,-24.526498809752745,-24.84294178659719,-24.943724315372,-25.00244158798017,-22.92635841339921,-24.111419268350847,-25.09840587331981,-25.62478279337908,-25.7671214355584,-26.45680364028733,-27.43616891426015,1,0.1304752081223448,0.31644297684444567,0.10078252877480764,0.05871727260817039,1.1850608549516366,0.5263769200592705,0.1423386421793218,0.9793652739728209,1.5130793249153314
091841.83+192041.4,-23.815690048608715,-23.960987703294904,-24.344858066890367,-24.415160116846742,-24.49596232713602,-23.45436253991813,-23.572552655784545,-24.6314662849258,-24.808714720190288,-25.188497433493406,-25.815504000066746,-26.77924124999708,1,0.14529765468618905,0.383870363595463,0.0703020499563749,0.08080221028927781,0.11819011586641537,0.17724843526448808,0.3797827133031184,0.963737249930336,1.4003438832200032
091858.15+232555.3,-23.75555812030069,-24.11299079117254,-24.483047441954145,-24.44367169372404,-24.630585708187517,-22.906949636127496,-23.24889975932912,-25.136937202115966,-25.213772616623665,-25.454524311258577,-25.90355443408506,-26.732927732521077,1,0.35743267087184805,0.3700566507816063,-0.03937574823010692,0.1869140144634791,0.34195012320162377,0.07683541450769837,0.24075169463491264,0.8293732984360176,1.4598827403610208
091916.16+205433.0,-22.02713515227565,-22.52984414876488,-22.77439438230471,-22.83353351440228,-23.303897435171987,-22.53734980349868,-22.69307919718762,-24.68177833992898,-25.067404632301265,-25.531284995829957,-24.87812600807648,-25.60048315774609,1,0.5027089964892291,0.24455023353982952,0.05913913209757027,0.47036392076970657,0.15572939368893657,0.3856262923722866,0.4638803635286912,0.7223571496696088,2.0445924936742017
091930.31+110854.0,-23.423363303678716,-23.615681478122976,-23.756299617771944,-23.847752393181818,-24.077713023392448,-23.030500385811727,-23.251033506284276,-23.92869508297015,-24.32069332223173,-24.982731995400407,-25.552983651608827,-26.28531737834416,1,0.19231817444426014,0.14061813964896785,0.09145277540987351,0.2299606302106305,0.22053312047254892,0.3919982392615786,0.6620386731686771,0.7323337267353338,1.705231258427009
091941.14+534551.0,-22.11638739172553,-22.55467829741654,-22.850944875150667,-23.223117058037715,-23.448426249663648,-22.60533435768822,-22.73346477397468,-24.192882477076783,-24.57171186451546,-24.85300292656875,-25.42067959718062,-26.17577495747309,1,0.4382909056910087,0.29626657773412646,0.37217218288704856,0.22530919162593221,0.12813041628646005,0.3788293874386781,0.28129106205328824,0.7550953602924722,2.197562539142904
091954.28+291408.3,-24.091716864723363,-24.185671745864862,-24.48271911825333,-24.553376385201176,-24.594596618492,-23.92328331621388,-23.990369536967894,-24.70899674503906,-25.025927604562774,-25.27084482647617,-25.98341155373545,-26.720831304564904,1,0.09395488114149941,0.2970473723884659,0.07065726694784757,0.0412202332908258,0.06708622075401394,0.31693085952371547,0.24491722191339704,0.7374197508294529,1.4300351685342747
091957.60+510609.6,-25.093559303503746,-25.173997660726904,-25.3724040194768,-25.41775938454548,-25.54084794432588,-25.044733332809205,-24.871869491057318,-25.181227878900952,-25.55369391991437,-26.07493479945182,-26.76183506248458,-27.552162898934892,1,0.08043835722315862,0.19840635874989587,0.04535536506867999,0.12308855978039901,-0.1728638417518873,0.37246604101341774,0.5212408795374515,0.790327836450313,1.3440756779390988
092020.79+280034.6,-23.382433818714745,-23.58500728915043,-24.02770601817799,-24.13757141554236,-24.331914479041917,-22.601844281234943,-23.086361846321974,-23.866716963250955,-24.1135825332646,-25.22991791647905,-26.108686355125226,-26.956795621040754,1,0.2025734704356843,0.4426987290275619,0.10986539736436995,0.19434306349955577,0.4845175650870317,0.24686557001364662,1.116335383214448,0.8481092659155287,1.9711149395828649
092103.64+252026.1,-22.374481263422645,-22.50544555183748,-22.74472831593749,-22.929160745370424,-23.263852967316755,-22.422925424523733,-22.392477811096096,-23.563770998460004,-23.84485421766718,-24.15568803312953,-24.577501175262658,-25.32357264539304,1,0.13096428841483387,0.23928276410001104,0.1844324294329347,0.3346922219463302,-0.030447613427636355,0.2810832192071757,0.3108338154623489,0.7460714701303814,1.648340429892233
092223.08+062753.7,-23.50077183035913,-23.67127557179086,-23.984510269697363,-24.106825676033097,-24.21271936865006,-23.31142614029122,-23.32475903807884,-24.166373669446557,-24.334732532203624,-25.32317178085884,-26.14114842337539,-27.07157581037992,1,0.1705037414317303,0.31323469790650194,0.12231540633573346,0.10589369261696291,0.013332897787620368,0.16835886275706713,0.9884392486552152,0.9304273870045279,2.0343227473422942
092226.53+162719.3,-23.92714223168618,-24.10476988823548,-24.38886771726411,-24.392149752417083,-24.601639347278464,-24.170729716699377,-23.9462374694418,-24.72790254028405,-25.007962202086247,-25.597019609248,-26.077514642272394,-26.934526287126157,1,0.17762765654930135,0.284097829028628,0.0032820351529743164,0.20948959486138108,-0.22449224725757588,0.28005966180219843,0.5890574071617536,0.8570116448537632,1.685364889855311
092227.10+150731.6,-23.421817222727626,-23.55028602395676,-23.892555102064694,-23.97880666162254,-24.149663234950697,-22.847557860123224,-23.136725127215676,-23.96058356816868,-24.987544738603848,-25.258075573689894,-25.630973385133696,-26.4136703168213,1,0.12846880122913618,0.3422690781079325,0.08625155955784436,0.17085657332815885,0.2891672670924521,1.0269611704351682,0.2705308350860456,0.7826969316876031,1.652166723511158
092234.57+204020.7,-24.069530166664865,-24.23579858472109,-24.58258117079105,-24.628002716269645,-24.724739105002733,-22.973209961906008,-23.952744099696478,-24.645189859122095,-25.25687032184147,-25.448922399488104,-26.25207740050947,-27.11776770812664,1,0.16626841805622306,0.34678258606996337,0.04542154547859312,0.09673638873308832,0.9795341377904698,0.6116804627193737,0.19205207764663612,0.865690307617168,1.624074684239826
092309.87+453046.4,-22.35257365140844,-22.55202254974765,-22.815551702557244,-22.888697657092884,-22.968400670740355,-22.06948379514096,-22.237638518902685,-22.944643784909957,-23.59814683080341,-24.40846335548976,-25.108025285730594,-25.865873492891737,1,0.19944889833920953,0.26352915280959266,0.0731459545356401,0.07970301364747101,0.1681547237617238,0.653503045893455,0.8103165246863497,0.7578482071611425,2.2193276286377106
092314.20+275428.3,-24.068514463905203,-24.180406090255108,-24.410162310428483,-24.359852389987967,-24.508313994444745,-22.43481435705975,-23.487283902591457,-24.815331279484752,-25.25010285578771,-25.251044672058235,-25.96095553739578,-26.710094901341808,1,0.11189162634990524,0.22975622017337471,-0.0503099204405153,0.14846160445677725,1.0524695455317072,0.43477157630295693,0.0009418162705259192,0.7491393639460284,1.6011031474078123
092317.15+011352.5,-23.261104173074507,-23.427158627173306,-23.813208683361044,-23.95182754408476,-24.16923680263313,-22.918434450083623,-22.77437722058681,-24.110450478543022,-24.349208054629194,-25.37616677068726,-25.58900871051914,-26.37719125407006,1,0.1660544540987985,0.386050056187738,0.13861886072371732,0.21740925854836846,-0.14405722949681277,0.2387575760861722,1.0269587160580649,0.7881825435509207,1.6371811664343774
092331.51+594052.6,-23.439022581703004,-23.653086025276952,-23.8734773864272,-23.967668963461183,-24.1222745295597,-22.50534552058882,-23.011721876922536,-24.281820289345816,-24.711863201646025,-25.40393025364124,-25.93633856264117,-26.87139630376517,1,0.21406344357394858,0.2203913611502486,0.09419157703398184,0.1546055660985175,0.5063763563337176,0.43004291230020897,0.6920670519952132,0.9350577411240018,1.9686695991799859
092400.08+024408.5,-22.82547633033874,-23.06785422219565,-23.38507835214121,-23.509576781825675,-23.68245488007593,-22.253348947002685,-22.542996121117827,-23.785543282235853,-24.200407855013907,-24.751517280367437,-25.161040743958647,-25.971667597134743,1,0.24237789185690772,0.3172241299455614,0.1244984296844649,0.1728780982502549,0.2896471741151423,0.414864572778054,0.5511094253535305,0.8106268531760961,1.651463962132972
092513.34+601039.1,-24.068296238608305,-24.20843599511703,-24.52735119103493,-24.58712002833197,-24.738350222907453,-23.23683962673766,-23.65310575706379,-24.826447583875424,-25.05022423799415,-25.369765427116626,-25.67231447440907,-26.571473864344547,1,0.14013975650872368,0.31891519591790285,0.05976883729703886,0.1512301945754828,0.41626613032613236,0.22377665411872627,0.3195411891224751,0.8991593899354768,1.0851944460771001
092514.35+544427.1,-24.446233252637786,-24.76629448745169,-24.939032974234443,-25.01167185381065,-25.304872055429403,-24.67614513595505,-24.52418922544604,-25.374276971178205,-25.66344256841404,-25.99202652608717,-26.45143589157076,-27.3021957910778,1,0.320061234813906,0.17273848678275172,0.07263887957620696,0.2932002016187525,-0.15195591050900958,0.28916559723583646,0.3285839576731284,0.8507598995070396,1.43976403776011
092517.12+181247.0,-23.796282409258637,-24.0227706210266,-24.3952780049572,-24.474955520268324,-24.55034102996079,-23.122909145674505,-23.2050498885852,-24.991662908393668,-25.057758279379662,-25.171675450569573,-26.148822698580208,-27.17550979204297,1,0.2264882117679612,0.3725073839305999,0.07967751531112555,0.07538550969246671,0.08214074291069551,0.0660953709859946,0.11391717118991096,1.0266870934627619,1.673867178311884
092554.43+453544.4,-22.72785936686907,-22.961016461011926,-23.227743285715675,-23.317158236811665,-23.52562692606867,-22.91398184359512,-23.01036215626391,-23.42100884273438,-24.01935210842259,-24.33751081553373,-25.582361435257408,-26.210285603489474,1,0.23315709414285735,0.2667268247037491,0.08941495109598918,0.2084686892570069,0.09638031266878855,0.5983432656882108,0.31815870711113803,0.6279241682320666,2.265203198445743
092554.70+400414.1,-23.17233637080476,-23.540609169000117,-23.74465345019808,-23.88708793689664,-24.185910150582984,-23.229917641785768,-23.2235084287135,-24.15272198885815,-24.46078853387941,-24.951902285016143,-25.31210105244266,-26.24862734558676,1,0.3682727981953562,0.20404428119796236,0.14243448669856207,0.29882221368634276,-0.00640921307226705,0.3080665450212585,0.4911137511367336,0.9365262931440981,1.4250131155460188
092646.57+281206.5,-23.22623298901117,-23.352276603445983,-23.501356155898957,-23.512161989192435,-23.661974043118807,-22.852730132085924,-22.964005808411944,-23.837128383393186,-24.22137120043207,-24.849625773790137,-25.487401893738262,-26.298875717331697,1,0.12604361443481338,0.14907955245297444,0.010805833293478173,0.14981205392637165,0.11127567632602009,0.38424281703888497,0.6282545733580669,0.8114738235934347,1.9752399045458269
092703.01+390220.8,-24.778235525791533,-25.01607247649845,-25.397375847728085,-25.374998531540104,-25.524058371812952,-23.441334019473,-24.189337591506945,-25.914150275678196,-26.1282312162318,-26.593248228732687,-27.046099782120635,-28.02454541425647,1,0.23783695070691735,0.38130337122963454,-0.022377316187981222,0.14905984027284802,0.7480035720339444,0.21408094055360394,0.465017012500887,0.9784456321358341,1.6711012505805307
092749.07+403832.0,-24.448823491449325,-24.56035687156588,-24.68642907256524,-24.653208774913654,-24.925556464916795,-24.746494821440084,-24.833945965172,-24.705589143980298,-25.31796321456888,-25.92597806487578,-26.85584458689302,-27.667690310559703,1,0.11153338011655478,0.12607220099936,-0.033220297651585184,0.27234769000314074,0.08745114373191498,0.612374070588583,0.6080148503068976,0.8118457236666821,2.2026358119793663
092809.43+383000.5,-24.58433789498952,-24.673650271319666,-25.010753395916662,-25.03458684466385,-25.23518947896178,-23.55373382246958,-24.054236030534568,-25.025086393850884,-25.191471719408348,-25.462715601589867,-25.892795789744135,-26.77944806254028,1,0.08931237633014533,0.33710312459699665,0.023833448747186736,0.20060263429792968,0.5005022080649866,0.16638532555746366,0.27124388218151907,0.8866522727961446,0.8582089450802854
092845.17+383113.3,-23.73360598004013,-23.934561125442684,-24.33269383738938,-24.39753634014874,-24.556609174716137,-22.672602693173676,-23.063562232822648,-24.84553002407762,-25.18434520074337,-25.15416582426029,-25.90087093166552,-26.746719010488277,1,0.20095514540255266,0.3981327119466975,0.06484250275935821,0.15907283456739663,0.39095953964897134,0.3388151766657508,-0.03017937648307978,0.8458480788227583,1.5033345915167793
092939.83+374208.7,-24.32835653343705,-24.56046826826961,-24.96534418480362,-25.02652282123269,-25.351173791878907,-23.668429178100062,-23.95294658753704,-25.042139114975733,-25.244935498878167,-25.940843935634582,-26.814663270508685,-27.67447418297885,1,0.23211173483256076,0.4048759165340101,0.0611786364290694,0.32465097064621773,0.284517409436976,0.20279638390243448,0.6959084367564152,0.8598109124701665,1.7881404492759962
092943.41+004127.3,-24.378104402398836,-24.59812786382543,-25.01198819902853,-25.106335410866585,-25.28688085799958,-24.31863552462399,-24.195929892108023,-25.08752531430033,-25.327252213041824,-25.82178274447253,-26.56658465837237,-27.45565858062651,1,0.22002346142659235,0.4138603352031005,0.0943472118380555,0.18054544713299592,-0.12270563251596656,0.23972689874149467,0.4945305314307049,0.8890739222541377,1.4602492475057858
093012.27+265740.9,-22.64201545449672,-22.80275639603192,-23.07318048174124,-23.1257580607901,-23.40525149416518,-22.42670151080073,-22.734211157917443,-23.29488785576615,-24.05024084536877,-24.537002774727345,-25.093159070895005,-25.80203365569972,1,0.16074094153520235,0.270424085709319,0.05257757904886162,0.27949343337508026,0.3075096471167136,0.7553529896026205,0.48676192935857543,0.7088745848047147,1.9674010101049042
093212.81+281001.1,-22.258006017627125,-22.58340037100022,-22.99512600818619,-23.074033203332597,-23.318826321086647,-20.97174627701864,-21.440726799512703,-23.51481470578881,-23.832053012790023,-24.47169126380762,-24.82962690832602,-25.525003175655517,1,0.3253943533730954,0.41172563718597033,0.07890719514640665,0.24479311775404966,0.4689805224940642,0.3172383070012117,0.6396382510175975,0.6953762673294968,1.755593704993423
093255.45+284036.7,-23.96856883790234,-24.32765749338336,-24.598322193997024,-24.68865906026285,-24.929896406369004,-23.4242234473624,-24.016459165298414,-25.1413318105683,-25.64946314454198,-26.35543789479252,-27.13950712802121,-28.012129640815218,1,0.3590886554810204,0.2706647006136649,0.09033686626582593,0.24123734610615344,0.5922357179360134,0.5081313339736795,0.7059747502505402,0.8726225127940062,2.4508480677583613
093324.63+222237.8,-22.263872601240102,-22.441959431112647,-22.688357794758307,-22.74642942439513,-23.084983931985683,-21.01417818577548,-21.379538448768564,-22.806316082186463,-23.667368942423582,-24.094343171374184,-24.50640116624308,-25.10418668628179,1,0.17808682987254443,0.24639836364566037,0.05807162963682444,0.33855450759055117,0.36536026299308233,0.8610528602371197,0.426974228950602,0.597785520038709,1.7599717418479486
093502.53+433110.6,-25.30009234794493,-25.303264872808743,-25.45828843768666,-25.39753068570035,-25.56180802983324,-25.081989063159373,-25.109183284360917,-25.20706822223117,-25.71334737926455,-26.325188390654493,-27.215699061459382,-28.133430143306903,1,0.003172524863813919,0.15502356487791857,-0.06075775198631206,0.1642773441328913,0.02719422120154391,0.5062791570333793,0.6118410113899415,0.9177310818475206,1.8181683757590328
093518.19+020415.5,-24.370318823135577,-24.67203694083591,-24.943223131336342,-25.007907650008438,-25.121497074826173,-24.112303718615838,-24.4514192800563,-25.35395980254877,-25.646198252158687,-26.39822953905807,-27.214503334330267,-28.17152985235005,1,0.3017181177003323,0.27118619050043336,0.06468451867209524,0.11358942481773582,0.33911556144046173,0.2922384496099184,0.7520312868993848,0.9570265180197843,2.2065956843218295
093524.71+031130.8,-22.292468547300498,-22.50073782905341,-22.76843173674389,-22.89955762303908,-23.26432863709407,-21.964431970184,-22.26488844498732,-23.32130213009293,-23.51614092189196,-23.998175863468585,-24.71042407335828,-25.37881153691256,1,0.20826928175291215,0.26769390769047874,0.13112588629519095,0.3647710140549911,0.3004564748033225,0.19483879179902885,0.4820349415766252,0.6683874635542821,1.8108664503191996
093610.77+475527.8,-22.593545536978706,-22.6423070193675,-22.854413841721215,-22.90025158294991,-23.196532770191663,-21.921200567237623,-22.24216048240942,-23.686060700093016,-24.03292008988921,-24.52804220612702,-25.018637560113238,-25.78824900745333,1,0.04876148238879452,0.21210682235371436,0.045837741228694995,0.29628118724175323,0.3209599151717981,0.3468593897961938,0.495122116237809,0.7696114473400932,2.118385977163328
093636.43+351220.2,-23.606736204691384,-23.78241232826439,-24.108758739825625,-24.20108834841501,-24.35853527062394,-23.84774214256297,-23.75849404468075,-24.12307053800223,-25.139541698191167,-25.017767947124387,-25.949359595696887,-26.63100477232079,1,0.17567612357300533,0.3263464115612358,0.09232960858938455,0.15744692220892986,-0.08924809788222277,1.0164711601889351,-0.12177375106677957,0.6816451766239027,1.7482712472818775
093642.95+551119.3,-22.3413353271534,-22.47422143612882,-22.78713218562657,-22.86540521597757,-23.245260657562504,-22.14995100237008,-22.224721574189385,-23.332342812781818,-24.060934424067376,-24.478671223120443,-24.8467306412925,-25.455329154955702,1,0.13288610897541986,0.3129107494977532,0.0782730303509993,0.3798554415849331,0.07477057181930391,0.7285916112855588,0.41773679905306693,0.6085985136632033,1.9813254253149282
093704.03+293704.8,-23.42951230779885,-23.543943593656252,-23.836058560399582,-23.82194164535226,-23.99176479083913,-22.976836060504816,-22.975559750322063,-23.64023083573544,-23.93162080153387,-24.488277505333755,-25.218005653579507,-25.98816394990808,1,0.11443128585740325,0.2921149667433305,-0.014116915047321044,0.16982314548686972,-0.0012763101827530932,0.29138996579843024,0.5566567037998844,0.7701582963285745,1.3960640082272455
093706.85+170021.5,-23.1702192773612,-23.307985590435905,-23.701856022120012,-23.658749025001544,-23.80035658779408,-23.18325790258604,-23.14789112757301,-23.65079194831929,-24.34884645547936,-24.701202458456933,-25.366177584822942,-26.24936066614989,1,0.13776631307470666,0.39387043168410685,-0.04310699711846766,0.1416075627925366,-0.03536677501302776,0.6980545071600694,0.3523560029775723,0.8831830813269477,1.7074285598213983
093732.81+543707.8,-23.866570999516096,-24.053861371341377,-24.180869776588285,-24.221324239502987,-24.48494754325701,-24.105220513247083,-23.915989473885585,-24.385568117696927,-24.83562418172402,-25.400626240519024,-26.23564499206928,-27.122777676902533,1,0.18729037182528074,0.12700840524690804,0.04045446291470256,0.26362330375402365,-0.18923103936149843,0.45005606402709475,0.5650020587950024,0.8871326848332544,2.0143207525662916
093800.07+211659.3,-22.950546674247988,-23.172830944763177,-23.69135971641185,-23.73692278057697,-24.38153182719644,-21.530503028551127,-21.901462921948063,-24.35371763193245,-25.072526105732877,-25.67092316298689,-26.326438437811717,-26.97076672859898,1,0.22228427051518906,0.518528771648672,0.045563064165119016,0.6446090466194718,0.370959893396936,0.7188084738004257,0.5983970572540152,0.6443282907872643,2.589515657234749
093803.46+181859.1,-24.00385569350772,-24.06541715202043,-24.25534896697861,-24.25781330545952,-24.387294353754715,-21.88589275145552,-23.75942550602545,-24.832272176014943,-25.065519602640787,-25.27309909049544,-26.081074932819455,-27.076325011682144,1,0.06156145851270978,0.1899318149581788,0.0024643384809124314,0.1294810482951938,1.8735327545699327,0.2332474266258444,0.20757948785465175,0.9952500788626892,1.8232616273599334
093944.54+392402.8,-24.444266189449294,-24.37822526239957,-24.6011119082674,-24.51044595700305,-24.684986947824008,-22.953548554916804,-23.526481294531266,-24.21835328179221,-24.61714203249802,-25.031415779197463,-25.46580975893663,-26.352679677370578,1,-0.06604092704972331,0.22288664586782758,-0.09066595126434862,0.1745409908209581,0.5729327396144619,0.3987887507058083,0.4142737466994433,0.8868699184339484,0.9553638019335793
093946.87+422336.2,-22.75797530003166,-22.909640425568057,-23.28615991054911,-23.299103219451315,-23.48437863950965,-22.850038423142824,-22.704037105613185,-23.85422903334474,-24.032610167005565,-24.821276071604743,-25.285394897791143,-26.04780297408905,1,0.15166512553639677,0.3765194849810527,0.012943308902205075,0.18527542005833553,-0.14600131752963819,0.17838113366082453,0.7886659045991777,0.7624080762979055,1.9862916783398283
094033.75+462315.0,-23.839052957264776,-24.119200448755464,-24.671153142767988,-24.9426410306359,-25.095139689152468,-23.30067732974378,-23.507852995414183,-25.0872763213884,-25.19947258458745,-25.92409722310824,-26.5193076433662,-27.506276082875317,1,0.28014749149068763,0.5519526940125239,0.271487887867913,0.15249865851656708,0.2071756656704018,0.11219626319904918,0.7246246385207904,0.9869684395091163,1.5766666127302997
094040.86+220250.7,-23.44896806917569,-23.775186382775985,-24.158794782459854,-24.2023136357908,-24.354301775296477,-22.09510047151136,-23.91786195519352,-25.0612069757296,-25.407901376520226,-25.681258984055734,-26.17718799794298,-27.10928441433327,1,0.3262183136002932,0.38360839968386884,0.04351885333094785,0.1519881395056757,1.8227614836821608,0.34669440079062497,0.27335760753550886,0.9320964163902907,1.9748743621521783
094107.80+174436.3,-23.115569635674845,-23.309247371496756,-23.42290732655919,-23.46720110002296,-23.769883631424104,-18.23217916159907,-16.643356204018207,-23.82750000576463,-23.9519982546895,-24.33866214558911,-24.639052939391323,-25.4215076885665,1,0.19367773582191106,0.11365995506243465,0.04429377346377095,0.30268253140114254,-1.588822957580863,0.12449824892486916,0.3866638908996123,0.7824547491751765,1.1718518393683617
094236.68+192541.1,-23.70788764729736,-23.83538732767419,-24.32159198770295,-24.45048497060719,-24.56240140916476,-23.395518007528548,-23.287608390523687,-24.676044667671736,-25.04860412073375,-25.537537674131517,-26.44228287602544,-27.2799032213629,1,0.12749968037683246,0.48620466002875773,0.12889298290424023,0.1119164385575715,-0.10790961700486079,0.37255945306201355,0.4889335533977679,0.8376203453374593,1.9917979054182524
094331.61+053131.4,-24.10347302806157,-24.276251618405173,-24.74872362151452,-24.834975455832115,-24.99079494314885,-23.92710590651398,-23.7501803532617,-24.88393916062033,-25.149619197131297,-25.693075258056552,-26.360523586811183,-27.357849898792644,1,0.17277859034360432,0.472472003109349,0.08625183431759353,0.15581948731673378,-0.17692555325227843,0.26568003651096816,0.543456060925255,0.9973263119814604,1.5255481309790682
094418.84+233119.8,-23.751693055176396,-23.993650597268584,-24.41463128868476,-24.541213009162853,-24.669793108441333,-21.88405319851505,-23.788365012828,-25.24994513706933,-25.58085064512467,-25.899905345219857,-26.38646107758539,-27.124649558404368,1,0.24195754209218734,0.420980691416176,0.12658172047809302,0.12858009927848002,1.9043118143129476,0.33090550805534136,0.31905470009518666,0.7381884808189767,1.8452480684225385
094443.09+580953.2,-23.153272693057005,-23.444356526104777,-23.643236108463363,-23.767354687269822,-23.937888171491057,-23.4395924327674,-23.08289312770838,-24.10915882498162,-24.615522194446072,-24.9652813026228,-26.137885501934253,-26.858289749579043,1,0.29108383304777163,0.19887958235858605,0.12411857880645982,0.1705334842212345,-0.3566993050590206,0.5063633694644523,0.34975910817672684,0.7204042476447903,2.3705308146644306
094540.03+533219.7,-23.987401401353114,-24.080961260517924,-24.391987364935304,-24.629008930734287,-24.694869598564157,-23.042120594481137,-23.225209324462966,-24.70677426391145,-25.28197437264144,-25.37380067045069,-25.809628927330937,-26.70161807153317,1,0.09355985916480947,0.31102610441737966,0.23702156579898315,0.06586066782987032,0.18308872998182935,0.5752001087299909,0.09182629780925211,0.8919891442022312,1.1806199965966506
094549.24+344545.9,-23.018037608097824,-23.16313368090833,-23.35002722056962,-23.36894057353848,-23.573818353973664,-23.089751751032185,-22.880445950341844,-23.573665078853644,-24.194264755892085,-24.77628977243738,-25.233462633298902,-26.08678249734864,1,0.14509607281050663,0.18689353966128763,0.01891335296886254,0.2048777804351829,-0.20930580069034121,0.6205996770384417,0.5820250165452947,0.8533198640497375,1.8645220597604215
094600.97+522944.4,-22.96314644152496,-23.09128965105158,-23.40908978818436,-23.38704744480976,-23.608706855698124,-22.95616674718357,-22.906601867006422,-23.940131165198785,-24.21657355927028,-24.66610423634105,-25.04992944481891,-25.82751980374949,1,0.12814320952661973,0.31780013713278166,-0.022042343374600648,0.22165941088836405,-0.04956488017714733,0.27644239407149485,0.44953067707076855,0.7775903589305777,1.6628820000091515
094607.30+495412.8,-24.14035291578708,-24.31726951273269,-24.658724454029915,-24.84490556114173,-24.87108337270562,-23.94272312423222,-23.816057034847635,-24.72041670117273,-25.227765463250496,-25.69991574048525,-26.41023413400744,-27.461747031374635,1,0.17691659694560968,0.34145494129722564,0.18618110711181401,0.02617781156389043,-0.12666608938458523,0.5073487620777648,0.47215027723475345,1.0515128973671963,1.5653285728657096
094610.97+322326.2,-23.080302721139827,-23.232692477868035,-23.651523868345688,-23.71074575108707,-23.887197174460518,-22.847017180546143,-22.80291753811022,-24.075355913895606,-24.25149649855913,-24.682504696531552,-24.971246065015556,-25.79227864783817,1,0.15238975672820843,0.41883139047765283,0.05922188274138307,0.17645142337344666,-0.044099642435924125,0.1761405846635249,0.43100819797242096,0.8210325828226139,1.2605003139284854
094654.26+165242.4,-22.48121104587567,-22.667031106545853,-22.88146276996689,-23.01102017267653,-23.440427671539872,-21.56992350539505,-22.060534628261102,-23.67210786931167,-24.317874831077305,-24.71396803935694,-25.203555467048737,-25.952669714464363,1,0.18582006067018142,0.21443166342103837,0.12955740270964,0.4294074988633412,0.4906111228660528,0.6457669617656343,0.396093208279634,0.7491142474156263,2.192535294372206
094659.59+293251.1,-22.251044406397803,-22.313326157645207,-22.51804272894084,-22.56453059841689,-22.8970723009918,-21.52347506435981,-21.629545878857343,-23.08499431451767,-23.55037879320428,-23.796269290073337,-24.462689373562952,-25.10336352382276,1,0.062281751247404316,0.20471657129563425,0.046487869476049326,0.33254170257490756,0.10607081449753153,0.46538447868661237,0.2458904968690554,0.6406741502598088,1.8981587751460616
094706.42+083421.3,-24.422748462734063,-24.57513645259412,-24.902802743462157,-24.95714582746091,-25.030850057058757,-22.642427289960576,-23.94046053666044,-25.42375933480452,-25.611005979112143,-25.970998432526287,-26.51413255139622,-27.483242063718027,1,0.1523879898600562,0.3276662908680379,0.054343083998752206,0.07370422959784761,1.2980332466998625,0.18724664430762417,0.35999245341414365,0.9691095123218076,1.5569867239353101
094715.56+631716.4,-24.531135441154955,-24.79528149559016,-25.07041696102281,-25.13149839094646,-25.3475383892865,-24.91323027488312,-24.837967180985075,-25.284374173568203,-25.4939507097454,-25.96894433062118,-26.74083767408584,-27.553918035893425,1,0.264146054435205,0.2751354654326512,0.06108142992365018,0.21603999834003673,-0.07526309389804453,0.2095765361771953,0.47499362087578234,0.8130803618075859,1.6093392831393771
094717.79+231101.1,-21.93339915373041,-22.186337807872363,-22.45057569809433,-22.66636641332297,-22.83324900140281,-21.595971434498267,-21.47168979082598,-23.172284480667024,-23.41583880239885,-24.05836411096041,-24.04054918548624,-24.882218118444285,1,0.2529386541419534,0.26423789022196686,0.21579071522863913,0.16688258807984013,-0.12428164367228689,0.24355432173182479,0.642525308561563,0.8416689329580471,1.3741827721632696
094836.89+220053.1,-23.80819997883735,-24.024935920554164,-24.33024204745409,-24.293779334037684,-24.433545096422296,-23.318122453156903,-23.767742763058124,-24.42177314365357,-25.09205694238215,-24.74699575078654,-25.897198835468075,-26.64783580796217,1,0.21673594171681287,0.3053061268999251,-0.03646271341640528,0.1397657623846129,0.4496203099012206,0.6702837987285797,-0.34506119159561166,0.750636972494096,1.6034195014303911
094838.21+184515.7,-22.78670423259585,-22.968343902670924,-23.34448270389848,-23.47239373041744,-23.65430478829372,-22.719950743997227,-22.51875680174613,-23.796247653870537,-23.970226897776318,-24.04274872902185,-24.838105867400863,-25.65165381035443,1,0.1816396700750751,0.3761388012275546,0.12791102651896225,0.18191105787628103,-0.20119394225109843,0.17397924390578012,0.07252183124553113,0.8135479429535657,1.3657121369834222
094855.71+143307.9,-24.350653209752902,-24.418871289607814,-24.703802876758555,-24.79616024922899,-25.0359536745614,-23.666855047093563,-24.18248728085681,-25.31055163914728,-25.37477304851045,-25.64574881530764,-26.661482516140055,-27.465686518892884,1,0.0682180798549119,0.28493158715074074,0.09235737247043474,0.23979342533241166,0.5156322337632488,0.06422140936316723,0.2709757667971928,0.8042040027528294,1.8653222669110647
094930.23+271920.2,-23.42005641058521,-23.514756666174605,-23.863323559860795,-23.960828967041586,-24.194211020068835,-22.554777694578952,-23.533601790161036,-25.06394641728212,-25.24194329965791,-25.37274271972628,-25.760304340197568,-26.45934460924048,1,0.09470025558939454,0.34856689368618987,0.09750540718079037,0.23338205302724901,0.9788240955820839,0.17799688237578692,0.13079942006837086,0.6990402690429107,1.7994753731559818
094945.68+632622.8,-23.529018051620334,-23.610698170408764,-24.018391059796357,-24.192621861193395,-24.351414696691048,-23.8740190319747,-23.31179378145892,-24.246244040423097,-24.63105283223952,-25.22727339671918,-26.014289061027416,-26.98762743857301,1,0.08168011878843018,0.40769288938759374,0.17423080139703728,0.15879283549765333,-0.5622252505157803,0.3848087918164218,0.5962205644796619,0.9733383775455948,1.821667199834021
094952.91+390203.9,-24.13122793462369,-24.227353965747596,-24.42457035204689,-24.43709250252336,-24.62023007012419,-23.766365595929457,-23.88536739626107,-24.323233288864238,-24.858666946664684,-25.298487022542076,-26.0151023225846,-26.76177427546982,1,0.09612603112390516,0.19721638629929217,0.012522150476470983,0.18313756760083066,0.11900180033161334,0.5354336578004464,0.43982007587739247,0.7466719528852188,1.57800982006124
095000.73+483129.3,-23.938937665943843,-24.1482893196678,-24.50234706473953,-24.575028989102403,-24.720890162711136,-24.346131548829344,-24.09707813699464,-24.828098879401207,-25.042827261110645,-25.46443555443636,-26.119041358704823,-27.02707723875505,1,0.2093516537239566,0.3540577450717315,0.0726819243628718,0.14586117360873274,-0.24905341183470497,0.2147283817094383,0.4216082933257148,0.9080358800502282,1.5440123696024202
095017.05+215022.4,-23.4424623996925,-23.495926628867043,-23.716642979319307,-23.69351093642405,-23.87771462891713,-23.19664558279217,-23.11953408383798,-23.985126083669,-24.281964383167644,-24.71226031078496,-25.390887947795115,-26.136760119930685,1,0.05346422917454419,0.220716350452264,-0.023132042895255722,0.1842036924930781,-0.07711149895418856,0.29683829949864204,0.4302959276173155,0.7458721721355701,1.6973770113710636
095123.92+354248.9,-22.846162175673108,-22.9934747228087,-23.15317130549885,-23.21204420473488,-23.49322676633633,-22.33157610938753,-22.342767777898228,-23.760457129319747,-24.03416809484758,-24.17708844025131,-24.710362591375123,-25.50546249601601,1,0.1473125471355914,0.1596965826901524,0.058872899236028786,0.28118256160145094,0.011191668510697639,0.27371096552783314,0.14292034540373066,0.7950999046408853,1.4983183866402427
095155.67+220947.5,-23.02495765098718,-23.272147303835148,-23.462456205484724,-23.55237574956796,-23.633144900634623,-23.278255609433685,-23.133573690354275,-24.05627865316366,-24.482465850658148,-24.58732395887433,-25.29257653561356,-26.142739205125853,1,0.24718965284796823,0.19030890164957626,0.08991954408323721,0.0807691510666615,-0.1446819190794102,0.42618719749448886,0.10485810821618102,0.8501626695122937,1.7402007860455981
095236.13+205143.5,-22.6141989766919,-22.669085700318806,-22.80058503627268,-22.89840701282807,-23.126420343372704,-22.34985511444994,-22.568917749591428,-23.33560401747075,-23.755515513504104,-24.344277318086544,-25.298895877889997,-25.91918838320288,1,0.054886723626907497,0.13149933595387253,0.09782197655539093,0.22801333054463413,0.21906263514148705,0.41991149603335387,0.5887618045824397,0.6202925053128823,2.400488865061927
095241.49+515848.5,-22.496653204941197,-22.849934471366044,-23.32507630116871,-23.40289130913804,-23.59037937041043,-22.404190847110065,-22.72218627383469,-23.673755055434675,-24.32684064751179,-24.511392537662303,-25.298890133684324,-25.935597241989164,1,0.3532812664248475,0.4751418298026664,0.07781500796933116,0.18748806127238993,0.3179954267246252,0.6530855920771153,0.18455189015051232,0.6367071083048401,1.8959988245462824
095257.14+050910.3,-24.126686281031475,-24.267999127313463,-24.670418394096988,-24.717224309090124,-24.864876943527744,-23.73913989804729,-23.43045302081701,-24.551681875254676,-24.831366071848493,-25.319256767371037,-26.39714490164294,-27.25364945586213,1,0.1413128462819877,0.40241926678352513,0.046805914993136355,0.14765263443761967,-0.3086868772302829,0.2796841965938164,0.4878906955225446,0.8565045542191925,1.679920592552815
095427.81+301912.9,-23.627457566000515,-23.804801465108383,-24.03605744105467,-24.0296394046544,-24.20746783786697,-23.026160987729018,-23.15861838174837,-23.782869376072867,-24.4206668718344,-24.604298369747276,-25.480972763935227,-26.333637562113942,1,0.17734389910786774,0.23125597594628644,-0.0064180364002695,0.17782843321257147,0.13245739401935097,0.6377974957615322,0.18363149791287725,0.852664798178715,1.4513333592808273
095524.74+284629.0,-23.882430794336624,-24.0485378077092,-24.38264529029257,-24.464907737060532,-24.580069017409983,-23.84560205568427,-23.70844109601721,-24.6508880740892,-24.73621408171448,-25.527978986952757,-26.439849618078288,-27.398007205163623,1,0.16610701337257439,0.3341074825833701,0.08226244676796313,0.11516128034945083,-0.1371609596670602,0.0853260076252802,0.7917649052382778,0.9581575870853349,1.974941881017756
095528.39+435734.5,-23.6001771206077,-23.7659398478454,-24.109708799100417,-24.1662011299977,-24.446672622719504,-23.361096190397557,-22.81736664894357,-24.44361673746243,-24.82400174383496,-25.257421684261555,-25.817528706216304,-26.52331786170253,1,0.16576272723769847,0.3437689512550186,0.05649233089728156,0.28047149272180505,-0.5437295414539882,0.3803850063725278,0.43341994042659593,0.7057891554862259,1.6513275762186055
095623.21+323621.6,-23.42792043096223,-23.78041644015736,-24.0673979672145,-24.1447568697558,-24.27040670495093,-23.363114777038717,-23.299175802705744,-24.57040947108548,-25.000991443359887,-25.43940442026303,-26.163253684540607,-27.06923708466413,1,0.3524960091951286,0.2869815270571401,0.07735890254129885,0.12564983519513007,-0.06393897433297369,0.43058197227440687,0.4384129769031446,0.9059834001235245,2.0184968147848075
095633.93+562216.0,-24.07866856269261,-24.26696933066393,-24.51212720628641,-24.61560378607159,-24.852747618306186,-22.7776406592924,-23.629952643265632,-25.02467072418288,-25.31850448643042,-25.701309357465785,-26.512266828470075,-27.422073010948548,1,0.18830076797132023,0.24515787562248192,0.10347657978517688,0.23714383223459734,0.8523119839732338,0.2938337622475409,0.38280487103536487,0.9098061824784729,1.8966630423984867
095649.87+295014.7,-25.28218326754956,-25.291390412809218,-25.49025480868545,-25.578424274220044,-25.693498753875087,-24.403073058126022,-24.942746258176584,-25.500707930348057,-25.721349503649275,-26.062491275494622,-27.10336091827908,-28.110960250757515,1,0.009207145259658489,0.19886439587623173,0.0881694655345946,0.1150744796550427,0.5396732000505615,0.22064157330121859,0.3411417718453471,1.007599332478435,1.5249366440590357
095649.88+251516.0,-23.561432813674895,-23.832293367128116,-24.1414704861581,-24.13425779393786,-24.39711932985696,-24.752103768507546,-24.862393326022293,-24.78330781708549,-24.90118911317676,-25.295753789524657,-26.78625118416269,-27.637479090637488,1,0.2708605534532218,0.30917711902998235,-0.007212692220239347,0.2628615359191002,0.11028955751474712,0.1178812960912694,0.3945646763478976,0.8512279064747972,2.651993390224831
095651.43+164644.7,-22.83835494804584,-23.2242698317306,-23.560877567510182,-23.64769138065389,-23.90171812577726,-22.31551235780772,-22.51272127856981,-23.80773979176101,-23.876036048673484,-24.521935652075044,-25.28039683958925,-26.183213769331097,1,0.3859148836847588,0.3366077357795838,0.0868138131437064,0.2540267451233724,0.1972089207620904,0.06829625691247543,0.6458996034015598,0.9028169297418458,1.6327054589353622
095659.17+295043.2,-22.9230977176282,-23.19540532697204,-23.59789336787144,-23.737236185168687,-24.064840147988,-22.66801105824809,-22.840603255843728,-23.89282635340985,-24.48743722485277,-25.113932297074992,-25.9930069111343,-26.773360117543557,1,0.2723076093438408,0.4024880408993994,0.13934281729724773,0.3276039628193139,0.1725921975956375,0.5946108714429208,0.6264950722222231,0.7803532064092558,2.255770725965615
095702.18+173712.9,-24.240965591589163,-24.355459394748205,-24.694703363499816,-24.811945232973255,-24.95174165654837,-23.92039592881433,-24.145787756308373,-25.04251773696832,-25.33229267730521,-25.668776586288807,-26.256492050935115,-27.20318324361461,1,0.11449380315904278,0.3392439687516102,0.11724186947343895,0.1397964235751168,0.22539182749404318,0.28977494033689055,0.33648390898359537,0.946691192679495,1.4445468179618608
095758.44-002354.0,-24.26555729726178,-24.458276028993,-24.76740422943899,-24.85265234564103,-24.97391059704919,-24.57786682532477,-24.43276226185007,-24.97187003381708,-25.34966195786729,-25.854268131555838,-26.73125318054705,-27.668312484177868,1,0.19271873173122245,0.3091282004459899,0.0852481162020382,0.12125825140816104,-0.1451045634746997,0.3777919240502108,0.504606173688547,0.9370593036308179,1.8786008349060204
095802.00+504531.9,-24.40877688249329,-24.45139082170072,-24.73467198344788,-24.79906132015297,-24.835045965984687,-22.43055641765212,-23.92190175402176,-24.744869067148507,-25.14397062523416,-25.25342627192494,-25.99534693484678,-26.938036180906845,1,0.04261393920743117,0.28328116174715845,0.06438933670509073,0.0359846458317179,1.4913453363696405,0.39910155808565406,0.10945564669077967,0.9426892460600662,1.1962856146938101
095823.44+065506.6,-22.867120017045306,-22.9687762364602,-23.20067916407121,-23.291645368137136,-23.762968934010598,-23.12145261230484,-23.14696397642461,-23.13602523648272,-24.039557858495087,-24.36665456203488,-25.02730362477675,-25.74144333580896,1,0.10165621941489533,0.23190292761101006,0.09096620406592493,0.4713235658734618,0.025511364119768842,0.9035326220123672,0.3270967035397945,0.7141397110322103,1.7356582566396135
095833.44+473854.9,-22.34083450329149,-22.439507584392427,-22.6326937158547,-22.651058356644103,-23.062326324419143,-22.747793620235797,-22.68268393871127,-23.064953066240143,-23.922147646424204,-24.460698155787497,-24.65397798244428,-25.391570639894827,1,0.09867308110093731,0.19318613146227293,0.018364640789403808,0.41126796777503927,-0.06510968152452534,0.8571945801840606,0.5385505093632936,0.7375926574505449,2.0029196258001782
095844.07+054941.0,-23.58663914347033,-23.931615041633105,-24.22109057596341,-24.19685509958463,-24.40430039205069,-22.67560657223044,-23.676268393062045,-24.669449751273337,-25.18232502557465,-25.42751837918089,-26.037616751811303,-26.84276433875171,1,0.34497589816277596,0.28947553433030393,-0.02423547637877732,0.20744529246605836,1.0006618208316063,0.5128752743013116,0.24519335360623984,0.8051475869404072,1.8407616522266714
095851.67+511045.8,-23.042601318983117,-23.12627067239316,-23.252148070402946,-23.27425310363208,-23.65254901505296,-23.01905750913713,-22.996258108881587,-23.67859703799629,-24.08295453838774,-24.814587011843024,-25.0049617392466,-25.80069301056889,1,0.08366935341004478,0.12587739800978426,0.02210503322913482,0.37829591142087793,-0.02279940025554339,0.40435750039144835,0.731632473455285,0.795731271322289,1.7307086356145192
095914.84+320357.2,-24.31370729690669,-24.486799821864203,-24.7651967816765,-24.78805488104042,-24.93215202664989,-24.65160480226716,-24.437521907661647,-24.78116105070238,-25.2271078314641,-25.53563965571435,-26.1846594119983,-27.05723450055632,1,0.17309252495751437,0.27839695981229795,0.022858099363919138,0.1440971456094715,-0.2140828946055109,0.44594678076171945,0.30853182425024883,0.872575088558019,1.3966045309578803
095939.00+204802.8,-22.85235348448704,-22.98375482092281,-23.214604158756167,-23.230414869928,-23.434907960162764,-22.72293205926493,-22.766988745010465,-23.72717773354498,-24.14782589472283,-24.794349943988145,-25.125158044625152,-25.85728008071739,1,0.131401336435772,0.23084933783335515,0.015810711171834413,0.20449309023476303,0.04405668574553445,0.42064816117784787,0.6465240492653166,0.7321220360922389,1.894743174697151
100003.72+313145.7,-22.82174036612353,-22.87840084134476,-22.999737010792472,-23.03256960674694,-23.22682185592564,-23.149243249963163,-23.30524547819081,-23.75444924798933,-24.108557646229844,-24.83960401519148,-25.408767693344583,-26.02275276962789,1,0.05666047522122852,0.1213361694477122,0.03283259595446708,0.19425224917869954,0.15600222822764565,0.35410839824051266,0.7310463689616356,0.6139850762833063,2.3761980865976433
100054.96+262242.4,-23.282219690860355,-23.507885776261197,-23.93803988942905,-23.94583784469759,-24.11116847626257,-23.16780429716121,-23.153715424268132,-23.94491384644807,-24.47839517199479,-24.99000156285413,-25.81651006063405,-26.71324502482982,1,0.22566608540084232,0.4301541131678519,0.00779795526853988,0.16533063156498073,-0.014088872893079696,0.5334813255467203,0.5116063908593382,0.8967349641957689,1.8706722159364624
100109.21+150323.4,-23.520324216541724,-23.66539096932009,-23.9588562696354,-24.08134657577478,-24.218811102878025,-23.293620087696283,-23.301100864054632,-24.16317320089351,-24.74888564487478,-25.017565350808717,-25.800302475636343,-26.71572851250981,1,0.14506675277836578,0.2934653003153116,0.12249030613937961,0.1374645271032442,0.007480776358349317,0.5857124439812686,0.26867970593393764,0.9154260368734661,1.7189558998615624
100157.97+581646.6,-22.275866168067616,-22.386532605993928,-22.540860372159383,-22.62869903303353,-22.88899178065472,-22.2412738343385,-22.32269210953863,-22.99603971749219,-23.477759267605865,-23.727348890922222,-24.196761253920908,-24.869872831134284,1,0.11066643792631226,0.15432776616545496,0.08783866087414793,0.2602927476211896,0.08141827520012868,0.48171955011367373,0.24958962331635703,0.6731115772133762,1.5680622208873771
100232.95+574831.6,-24.03819936663008,-24.068447239510213,-24.359850457172158,-24.51892181606473,-24.564099726754844,-23.493498183591104,-23.493280240228017,-24.70908956867388,-24.904031910138084,-25.529094154034382,-26.09799431897513,-26.96095343156698,1,0.030247872880131865,0.2914032176619443,0.15907135889257162,0.04517791069011423,-0.00021794336308644802,0.19494234146420553,0.6250622438962985,0.8629591125918523,1.5790725029103996
100249.92-002453.4,-24.19896525520312,-24.350342894311428,-24.67770645265305,-24.85679785671058,-24.96511452821107,-23.34437032330385,-23.89996839061645,-24.814817360420346,-25.31195003694661,-25.894777775218834,-26.609839524388,-27.53420439511189,1,0.1513776391083077,0.3273635583416237,0.17909140405752666,0.10831667150049284,0.5555980673126015,0.49713267652626314,0.5828277382722256,0.9243648707238883,1.7530416676774223
100526.95+264451.2,-22.135945957908387,-22.30128224181772,-22.616347771682037,-22.72406456127969,-23.05301182222448,-22.30686092184236,-22.47897018065041,-23.724879211431,-23.93092726053373,-24.573097042322345,-24.919626095304796,-25.73262725632118,1,0.1653362839093333,0.3150655298643166,0.10771678959765296,0.32894726094479054,0.1721092588080495,0.2060480491027299,0.642169781788617,0.8130011610163841,2.1955615340251065
100642.62+270115.4,-23.282969840680096,-23.48193743542698,-23.77845251003361,-23.92988441144924,-24.070777346840003,-23.111113128647528,-23.27184530668095,-24.36736805475408,-24.851465817859115,-25.196153336946956,-25.48876575362736,-26.24028518008014,1,0.19896759474688253,0.2965150746066314,0.15143190141563068,0.14089293539076309,0.16073217803342388,0.4840977631050336,0.34468751908784157,0.7515194264527807,1.5588813421781182
100721.78+611541.4,-24.09585794909167,-24.21755138351553,-24.512092126819244,-24.569113996081995,-24.69087531107984,-23.8632689220995,-24.27614106693172,-24.470250361383705,-25.0408401162423,-25.050776848478403,-26.27016984014625,-27.041623227902416,1,0.12169343442386094,0.29454074330371327,0.057021869262751324,0.12176131499784404,0.412872144832221,0.5705897548585952,0.009936732236102586,0.7714533877561678,1.7010558440642534
100818.19+454438.4,-22.137751462350156,-22.16838456766453,-22.46777665632813,-22.541172283710623,-22.833610392389257,-21.80396326643473,-21.746850624630422,-23.159588357220027,-23.6361752815978,-24.074947104939216,-24.36335619917281,-25.011652098610163,1,0.030633105314372244,0.2993920886636019,0.07339562738249228,0.29243810867863473,-0.057112641804309305,0.4765869243777736,0.4387718233414155,0.648295899437354,1.8221839154621868
100902.06+071343.8,-23.65852620757174,-23.926236584875877,-24.28419477011878,-24.327677126095608,-24.572479840902503,-23.507864104312816,-23.553535625704765,-24.600642553714245,-24.95388924438124,-25.343985934344943,-25.926321347683228,-26.662248480390897,1,0.2677103773041374,0.3579581852429037,0.04348235597682759,0.24480271480689453,0.045671521391948744,0.353246690666996,0.39009668996370195,0.7359271327076691,1.5986442215876195
100955.45+302734.4,-24.266298937311294,-24.402112417472363,-24.746113003823183,-24.942475621548155,-25.110160860708685,-23.48243295584001,-24.091187290041,-25.097804128950457,-25.341063812865944,-25.9866174252835,-26.494955707671025,-27.36422219854704,1,0.13581348016106887,0.34400058635081976,0.1963626177249722,0.16768523916053013,0.608754334200988,0.24325968391548614,0.645553612417558,0.869266490876015,1.5524800861228698
101027.52+413239.0,-25.091030524516015,-25.21955257647035,-25.486387225657808,-25.434390217361056,-25.58149328555228,-24.8987094840388,-24.940269321091364,-25.707208039746774,-25.963856537553944,-26.367183754156684,-27.06420270301245,-28.04737024621373,1,0.12852205195433442,0.2668346491874587,-0.0519970082967518,0.14710306819122465,0.04155983705256361,0.2566484978071699,0.4033272166027402,0.9831675432012794,1.6298124856513958
101030.54+255949.4,-24.477970632759277,-24.695603296486222,-24.949915869872225,-24.94606604574347,-25.179761229998363,-24.24774816694004,-24.229903413795647,-24.80487930804545,-25.024693677723608,-25.323112646628637,-26.109368047179156,-26.905027033521517,1,0.21763266372694545,0.2543125733860023,-0.003849824128753454,0.23369518425489133,-0.01784475314439149,0.21981436967815782,0.29841896890502895,0.7956589863423602,1.1633020014356852
101041.95+363914.1,-24.16988306815035,-24.29050191534964,-24.56931219077241,-24.65326603977349,-24.86487290964305,-23.322296711230678,-23.97391719701434,-24.711850342310083,-25.019131255173534,-25.273914629385526,-26.411007161953737,-27.244256203082244,1,0.12061884719928884,0.2788102754227708,0.08395384900108027,0.21160686986955923,0.6516204857836634,0.30728091286345105,0.2547833742119927,0.8332490411285072,1.7577411221802457
101157.23+194827.3,-23.88175501192997,-23.987084002079197,-24.33945959332016,-24.39011515772405,-24.51696345772764,-23.213063400609567,-23.94285528416173,-24.645222783115354,-24.98967382778241,-25.61174973903263,-25.537228892480314,-26.442731743212573,1,0.10532899014922492,0.35237559124096407,0.05065556440388974,0.1268483000035907,0.7297918835521635,0.344451044667057,0.6220759112502172,0.9055028507322582,1.1471137347562639
101227.20+345515.4,-24.263235480426196,-24.3904121663056,-24.78254005672613,-24.960407280293257,-25.01278039351825,-23.43799448710172,-24.18152871313337,-25.188090445791943,-25.465869638223044,-25.76072538558782,-26.651061893008112,-27.548118404008573,1,0.12717668587940523,0.39212789042052876,0.1778672235671266,0.052373113224991386,0.7435342260316524,0.27777919243110105,0.2948557473647746,0.8970565110004607,1.6906546127148552
101253.74+285033.6,-23.193978021378246,-23.408675999024045,-23.73738120796809,-23.692500183168917,-23.879409257852977,-22.429283150520504,-22.597159443099397,-23.848767146888648,-24.198571507452243,-24.85522813222486,-25.577876223743424,-26.36741379779314,1,0.21469797764579823,0.3287052089440472,-0.04488102479917444,0.18690907468405982,0.16787629257889236,0.34980436056359565,0.6566566247726158,0.7895375740497173,1.8853760405745064
101322.77+214609.9,-22.65751430401251,-22.916192199237585,-23.292521008603828,-23.340639849472925,-23.61940621076614,-17.63040456557845,-18.5084382389022,-23.591532409219585,-24.04924541454387,-24.549909366915493,-24.980459048451337,-25.81408921820738,1,0.2586778952250768,0.37632880936624247,0.04811884086909757,0.27876636129321497,0.8780336733237526,0.4577130053242833,0.5006639523716245,0.8336301697560415,1.6398191989784117
101401.86+461953.7,-23.754154814245403,-23.774178203878872,-23.85305743858442,-23.90274058088433,-24.048586526233017,-23.159390168051125,-23.45731425158558,-24.149904080020576,-24.44739310768153,-25.058107513489084,-25.720036984631317,-26.34767750364583,1,0.020023389633468724,0.07887923470554625,0.04968314229991222,0.145845945348686,0.2979240835344541,0.297489027660955,0.6107144058075527,0.6276405190145127,1.8172964037469868
101424.17+573003.4,-22.42334161124836,-22.5506372104694,-22.794801458098245,-22.8989245354042,-23.125565662218595,-22.201217058840427,-22.39954201460932,-23.325587718675344,-23.92134788551789,-24.12612500171493,-25.081721066849468,-25.97498850158812,1,0.12729559922103917,0.24416424762884503,0.10412307730595316,0.2266411268143962,0.19832495576889286,0.5957601668425454,0.20477711619703953,0.8932674347386502,2.1827965314452697
101424.82+084314.1,-24.055718675354683,-24.120150788790024,-24.440404842205503,-24.51028330586208,-24.68647103891877,-24.31336967384637,-24.183216729240826,-24.55694832964742,-24.99588033030802,-25.79507567069705,-26.268428365616565,-27.058423258898884,1,0.06443211343534117,0.3202540534154785,0.06987846365657902,0.17618773305668967,-0.13015294460554472,0.4389320006605999,0.79919534038903,0.7899948932823193,1.758145059754483
101517.56+181240.8,-22.688713378231515,-22.932325721601902,-23.274253992706203,-23.31150179651872,-23.576982719704965,-22.377568467816552,-22.93945949470729,-24.506201532633057,-24.64448261825108,-25.74953734768762,-25.54247665145255,-26.117894172472607,1,0.24361234337038695,0.341928271104301,0.03724780381251591,0.26548092318624583,0.5618910268907378,0.1382810856180221,1.1050547294365423,0.5754175210200572,2.23097485493383
101546.15+334806.3,-24.183621936658604,-24.23333071041108,-24.47026799134616,-24.4743616571485,-24.56341174244526,-22.934211036270053,-23.406571903415884,-24.82339199685117,-25.099884113782007,-25.52715052014437,-25.868034299551372,-26.740552506341658,1,0.04970877375247795,0.23693728093507715,0.004093665802340496,0.08905008529676195,0.4723608671458308,0.27649211693083586,0.4272664063623637,0.8725182067902857,1.3936726424028727
101730.20+473959.9,-24.211348932847844,-24.32478108408808,-24.668302968131016,-24.854882402114747,-24.88989567336636,-23.46900653843217,-23.704789143208025,-24.982127912778477,-25.116244980409625,-25.987728343579658,-26.521478596407665,-27.51049711080961,1,0.11343215124023587,0.3435218840429357,0.18657943398373078,0.03501327125161424,0.23578260477585644,0.1341170676311485,0.8714833631700323,0.9890185144019448,1.666596194292918
101730.98+470225.0,-22.729742082513766,-22.934711917891345,-23.180640108378952,-23.255134596955696,-23.413109386208717,-22.76302119552208,-22.803139705287244,-23.5388904484675,-24.07176786978289,-24.55342643822029,-24.99453632780668,-25.706403540085677,1,0.20496983537757885,0.24592819048760717,0.07449448857674312,0.15797478925302144,0.040118509765164845,0.5328774213153871,0.48165856843739974,0.711867212278996,1.739401730850986
101825.45+380532.7,-23.36976484391708,-23.55063990769082,-23.710322204049177,-23.75321212113468,-24.048274777199698,-23.334131345222094,-23.51715715046289,-23.877625397061667,-24.365071138774805,-24.72885727038127,-25.737008948825597,-26.304286682135103,1,0.1808750637737404,0.1596822963583584,0.04288991708550327,0.29506265606501714,0.1830258052407956,0.48744574171313815,0.36378613160646367,0.5672777333095063,1.9837968276909166
101900.68+282648.6,-23.86192477552562,-24.05389762349144,-24.44953453661077,-24.62509769620204,-24.705566499241613,-22.550030548565363,-23.122826036255496,-24.6406525734496,-24.831566848468523,-25.6868196354992,-25.84699727944562,-26.737066427346114,1,0.1919728479658218,0.39563691311932914,0.17556315959127033,0.08046880303957238,0.5727954876901329,0.19091427501892255,0.855252787030679,0.8900691479004941,1.2218995832435802
101910.23+221445.3,-23.79360103222824,-23.94033913274621,-24.32075244507467,-24.427169887421677,-24.56808904297351,-23.509475637339133,-23.508041761530468,-24.323793113831183,-24.915408053582706,-25.336257555981724,-25.809195792062106,-26.732667369232505,1,0.14673810051797176,0.38041331232846076,0.10641744234700568,0.14091915555183476,-0.0014338758086651637,0.5916149397515227,0.42084950239901886,0.9234715771703996,1.3820259046404288
101950.33+343753.9,-23.21414651739018,-23.288854574702647,-23.434315219407427,-23.47414524733845,-23.73704016927105,-23.08918783297668,-23.263588823779443,-23.71792785898353,-23.710865689182118,-24.39151760830779,-25.127751920023403,-25.991148776749565,1,0.07470805731246699,0.14546064470478015,0.039830027931021306,0.26289492193260244,0.17440099080276283,-0.0070621698014115,0.6806519191256726,0.8633968567261618,1.6536066726849548
102000.43+403945.4,-22.808069339907888,-22.959340182695144,-23.209017019476263,-23.251104564293264,-23.546962836645907,-21.79756703548008,-22.061620946371864,-23.337123793055603,-24.17767496257843,-24.414478822674397,-25.20555842648584,-26.173405220191675,1,0.15127084278725533,0.24967683678111996,0.04208754481700083,0.2958582723526426,0.26405391089178565,0.8405511695228256,0.23680386009596788,0.967846793705835,1.954453862192576
102002.52+050449.1,-22.554388591240684,-22.784639469016245,-22.98862012761144,-23.071236773582527,-23.435583119964285,-22.088715359012834,-22.161320590588428,-23.91476962439657,-24.169460857392608,-24.31953096535824,-24.402233001506247,-25.260403502457457,1,0.23025087777556053,0.20398065859519576,0.0826166459710862,0.3643463463817582,0.07260523157559362,0.2546912329960378,0.15007010796563236,0.8581705009512106,1.3309962279237197
102056.37+100332.7,-24.0931497902778,-24.13982476068614,-24.37974364371372,-24.40644183775624,-24.528260397704944,-24.350589757155056,-23.93237236482721,-24.3495200431194,-24.817904063607767,-25.606444417807385,-26.30389861604393,-27.20635053833299,1,0.04667497040833979,0.23991888302758113,0.026698194042520385,0.12181855994870361,-0.41821739232784694,0.46838402048836514,0.7885403541996183,0.9024519222890603,1.8974567782876903
102117.32+121425.7,-24.268067295280307,-24.35141121482056,-24.664620237115845,-24.76941929594895,-24.83136750613085,-21.539834501656863,-23.989219129329683,-25.1921814676696,-25.36064608201964,-25.580392929472023,-26.164480528040084,-27.05101116075409,1,0.08334391954025122,0.31320902229528613,0.10479905883310536,0.061948210181899555,2.4493846276728206,0.168464614350043,0.21974684745238093,0.8865306327140061,1.395061232091134
102149.30+195903.9,-22.805231981847815,-22.869203156044005,-22.968933475816915,-22.97685747157169,-23.14089161915536,-18.24368521460391,-16.644630355834312,-22.83842379257828,-23.89913098870377,-23.67581188639027,-24.527717906752464,-25.429668621558758,1,0.06397117419619036,0.09973031977290958,0.007923995754776314,0.16403414758367063,-1.5990548587695983,1.0607071961254917,-0.22331910231349994,0.9019507148062935,1.5508604351807733
102329.79+441414.2,-24.412151548188437,-24.37775287198165,-24.620194576853788,-24.66823100111473,-24.66817374257604,-22.741306635481664,-23.58106244007384,-24.33451393289473,-24.724598726630443,-25.188237981204264,-25.549189798756487,-26.2061486051248,1,-0.034398676206787826,0.24244170487213879,0.04803642426094257,-5.7258538689097804e-05,0.8397558045921762,0.3900847937357135,0.4636392545738204,0.656958806368312,0.8809587976417568
102412.23-013348.4,-23.537899387361268,-24.010579659457463,-24.32783097519697,-24.323284800684984,-24.606795420030625,-23.804804243303945,-23.90368513889949,-25.033328335443727,-25.327264232868675,-25.84997980586744,-26.34409191054198,-27.24435354757017,1,0.4726802720961949,0.31725131573950804,-0.004546174511986578,0.28351061934564115,0.09888089559554558,0.29393589742494797,0.5227155729987665,0.9002616370281906,2.020807109856996
102553.57+401244.1,-23.27464616503948,-23.541942851706224,-23.83676911165313,-23.84360021703181,-24.133389157087176,-22.533682701143896,-22.749533576193773,-24.26457084074564,-24.62209344501517,-25.44227324756379,-26.0127552209283,-26.914977201984723,1,0.267296686666743,0.29482625994690537,0.006831105378680036,0.2897889400553666,0.21585087504987754,0.35752260426952986,0.8201798025486191,0.9022219810564209,2.169155003896492
102555.87+152035.5,-23.292973447514758,-23.52285854264649,-23.896670670361296,-23.892026087350647,-24.023635293619307,-23.03547955581941,-23.2399809464793,-24.253325439052936,-24.698309495699995,-24.563276325058084,-25.28057080462023,-25.981341483871724,1,0.22988509513173128,0.37381212771480676,-0.0046445830106485175,0.13160920626866002,0.20450139065988893,0.4449840566470584,-0.13503317064191123,0.7007706792514945,1.388544717269582
102701.52+294950.1,-23.01293251013233,-23.10862419030908,-23.30121123912045,-23.344481372225413,-23.612985956213738,-22.555584095187424,-22.866152984325986,-24.007876713719543,-24.59159039886668,-24.92007465939224,-25.426327980669782,-26.26930458999678,1,0.09569168017674912,0.1925870488113688,0.04327013310496497,0.26850458398832444,0.31056888913856184,0.583713685147135,0.32848426052556334,0.8429766093269961,2.081846608444369
102719.44+070705.7,-25.50368203444119,-25.752746309795896,-26.112759759609325,-26.15616727739013,-26.339626686866392,-21.471411736323628,-20.97087501709153,-26.631685539919108,-27.054162069580386,-27.299718525536555,-27.11375496991311,-28.233806869811566,1,0.249064275354705,0.36001344981342953,0.04340751778080332,0.1834594094762636,-0.5005367192320982,0.422476529661278,0.24555645595616937,1.1200518998984563,0.9575876925229814
102733.34+470828.6,-22.36661975944173,-22.609445974526366,-22.89672306333578,-22.949004813449324,-23.19167941939439,-22.117971726749573,-22.257084386173464,-22.989395368952,-23.619489589699626,-24.161156018979923,-24.845438684226178,-25.50434192074061,1,0.2428262150846372,0.2872770888094145,0.052281750113543524,0.24267460594506574,0.1391126594238905,0.6300942207476261,0.5416664292802977,0.6589032365144334,1.8964338707768533
102745.84+051558.9,-22.712554337536705,-22.88286202592788,-23.19889306358412,-23.30686977999544,-23.568356711248622,-22.3906706071081,-22.35550927570301,-23.84859673678327,-24.52987454771289,-25.144460127330788,-25.78592527081897,-26.255734936763563,1,0.17030768839117627,0.31603103765623786,0.10797671641132212,0.2614869312531809,-0.0351613314050887,0.6812778109296183,0.6145855796178985,0.4698096659445916,2.47905549082353
102814.54+211955.1,-23.666847844423582,-23.83629115770458,-24.144029101618333,-24.12451019591551,-24.26478709909645,-23.21532439031845,-23.56587303078267,-24.16230803897438,-24.48823835472712,-25.404317757134717,-26.1525870629468,-26.91394646408467,1,0.16944331328099693,0.30773794391375375,-0.01951890570282444,0.14027690318093988,0.3505486404642184,0.3259303157527391,0.9160794024075969,0.7613594011378702,2.0280768670312916
102821.47+275951.0,-22.371432636599422,-22.377990030100413,-22.625706224757923,-22.70138760043002,-23.138594159349605,-22.72816031581941,-22.827128565333865,-23.141441275156005,-23.673254673510986,-24.29066295334588,-25.04572801767786,-25.708250845585425,1,0.006557393500990827,0.24771619465751016,0.07568137567209732,0.43720655891958415,0.09896824951445637,0.5318133983549806,0.6174082798348941,0.6625228279075657,2.344340417247839
102832.78+650247.7,-23.28651974286827,-23.510503382391043,-23.83234069514729,-23.874304419406087,-24.08482041447203,-18.362413617729278,-18.182962089109047,-23.985688000846764,-24.2455716563987,-24.83778382462077,-25.04462322013833,-25.845159106749275,1,0.22398363952277478,0.32183731275624794,0.04196372425879602,0.21051599506594343,-0.1794515286202305,0.2598836555519348,0.5922121682220727,0.8005358866109447,1.1703188007322431
102838.76+111823.1,-23.462183421252792,-23.59021725688254,-23.843871320749045,-23.901723471406317,-24.11943094150116,-23.110386970824734,-23.156784957911608,-24.09869263723325,-24.589643934486062,-25.013726437113785,-25.624698374155354,-26.54879061699037,1,0.12803383562974702,0.2536540638665059,0.057852150657272006,0.2177074700948438,0.04639798708687337,0.4909512972528134,0.42408250262772285,0.924092242835016,1.722974902749037
102847.00+391800.5,-23.86160178018341,-24.008454655535168,-24.171088090299623,-24.11865179377339,-24.327527628190296,-23.927548797803414,-23.74957717252825,-24.229037595303332,-24.65385981704834,-24.971689972224148,-25.82444699728689,-26.69596056325553,1,0.14685287535175817,0.16263343476445513,-0.052436296526231274,0.20887583441690438,-0.17797162527516264,0.42482222174500706,0.3178301551758089,0.8715135659686375,1.7057952035134996
102938.89+240926.3,-22.164375710090788,-22.39614824523616,-22.67409370506815,-22.764928160917165,-22.83461748968276,-21.491630481624988,-21.978148964988844,-23.115163305221287,-23.38362984478592,-23.97288190183488,-24.586440506174885,-25.386362634561365,1,0.231772535145371,0.27794545983199015,0.0908344558490164,0.06968932876559464,0.48651848336385584,0.2684665395646313,0.589252057048963,0.7999221283864806,1.8215123452577195
102950.71+471110.0,-23.798168830066693,-23.85643900166817,-24.19031448738733,-24.224026872015152,-24.31808395188861,-23.77639501349384,-23.58108111227933,-23.995217647419185,-24.45211217633251,-25.29287729303741,-25.660260401233806,-26.454534024473148,1,0.05827017160147818,0.33387548571915815,0.033712384627822445,0.09405707987345835,-0.19531390121451153,0.45689452891332394,0.8407651167049011,0.7942736232393415,1.4362335292186543
103020.59+255817.4,-22.76678423806802,-22.91007931798511,-23.14163327849315,-23.17882449596057,-23.306679612881737,-22.16083985150321,-22.386797896598527,-23.48710029568752,-23.94588748524661,-24.54894000089196,-25.122341329547552,-25.81618659381823,1,0.14329507991709178,0.23155396050803745,0.037191217467420046,0.12785511692116813,0.22595804509531803,0.4587871895590929,0.6030525156453486,0.6938452642706778,1.9435168335869832
103028.27+294834.8,-22.866809261745736,-23.015680726170093,-23.303241971706523,-23.28786313072352,-23.49140398236685,-23.04858223385342,-22.8736556599692,-23.70754254474847,-24.20295967334342,-24.402816729059467,-25.0227512526732,-26.019223656009306,1,0.1488714644243565,0.2875612455364305,-0.015378840983004238,0.20354085164333213,-0.17492657388422117,0.4954171285949478,0.1998570557160484,0.9964724033361065,1.7348881219496803
103201.26+475703.5,-23.45724168631351,-23.641159637398435,-23.98650314624329,-24.00820916512404,-24.15093629155858,-22.43983777053764,-23.20292305409969,-24.57744542290863,-24.93742775283764,-25.020533948381036,-25.421071138573136,-26.25326230581813,1,0.1839179510849256,0.34534350884485576,0.02170601888074941,0.14272712643454,0.7630852835620487,0.35998232992900725,0.08310619554339738,0.8321911672449929,1.4128619734490968
103212.97+152729.5,-24.94699048975236,-24.99363560966336,-25.27645567737196,-25.318873120796084,-25.36855134792924,-24.8626069817037,-24.720500692206905,-25.47697194036636,-25.668590255182163,-25.551112288898143,-25.68115145199197,-26.392296556634832,1,0.04664511991100184,0.2828200677085988,0.04241744342412446,0.04967822713315684,-0.1421062894967946,0.19161831481580194,-0.11747796628402085,0.7111451046428634,0.3622783311958848
103313.29+235240.0,-23.578638217282947,-23.718377425782094,-23.90544324575392,-23.900948191771317,-24.051938316568595,-23.39739614983477,-23.25879211866827,-23.96473072455479,-24.713306533600104,-25.086628380198853,-26.062211326381878,-26.8241866608388,1,0.13973920849914734,0.18706581997182425,-0.00449505398260186,0.15099012479727847,-0.13860403116649778,0.7485758090453132,0.3733218465987491,0.761975334456924,2.161263134610561
103320.65+274024.2,-23.487140964062657,-23.78836801938727,-24.09375731037286,-24.2028170858104,-24.43299214722957,-23.35136359983206,-23.220992903359,-24.418678274321685,-24.65309907991726,-25.256774303223967,-26.09247864280553,-26.93629160090893,1,0.30122705532461325,0.3053892909855911,0.10905977543753664,0.2301750614191711,-0.130370696473058,0.2344208055955761,0.6036752233067055,0.8438129581033991,1.889661556995133
103326.85+142738.2,-22.656533350951047,-22.740442853012595,-22.878463106530383,-22.99959273713716,-23.352154084567143,-22.67712327063996,-23.06674108471984,-23.298015592271152,-23.816032062766133,-24.6090861825807,-25.035250817172383,-25.790324788139618,1,0.08390950206154812,0.13802025351778724,0.12112963060677728,0.35256134742998313,0.3896178140798803,0.518016470494981,0.7930541198145669,0.7550739709672349,2.0356580800352226
103332.69+451741.4,-24.28620823385701,-24.238782921210507,-24.57023294927148,-24.75492182369237,-24.871508054591946,-23.636702963645163,-24.20165213885389,-24.9118331539373,-25.03546213674004,-25.561444092327346,-26.16466952852573,-27.09630415627456,1,-0.04742531264650296,0.33145002806097423,0.184688874420889,0.11658623089957487,0.5649491752087279,0.12362898280273882,0.5259819555873051,0.9316346277488279,1.4097477048333609
103430.55+241224.4,-23.55782754136027,-23.751770557454652,-24.00512837504444,-24.02767720627882,-24.23027556915716,-22.389591580784813,-23.43355369942472,-24.467374275494368,-24.53721614983863,-25.1240097328959,-25.911862434229292,-26.72325598354036,1,0.19394301609438358,0.25335781758978726,0.02254883123438134,0.20259836287834077,1.0439621186399073,0.06984187434426303,0.5867935830572684,0.8113935493110667,1.8841852279504714
103440.91+443105.0,-23.915101173249173,-24.0991021516786,-24.35262826528262,-24.361221573925555,-24.56923972039499,-23.944106223026623,-23.95562581753552,-24.458861350679832,-25.06624651739183,-25.302271683589723,-26.144633124284443,-26.953711731640677,1,0.18400097842942742,0.25352611360401767,0.008593308642936393,0.20801814646943484,0.011519594508897057,0.607385166711996,0.23602516619789426,0.8090786073562342,1.7834115503588883
103457.26+235638.2,-23.18305158788574,-23.35309466837598,-23.773693270253943,-23.7730338296871,-23.91490533706189,-22.868737444980543,-22.767610064437417,-24.176110849887383,-24.48762987420128,-25.07759023709864,-25.605976903711163,-26.42181029894966,1,0.17004308049024175,0.4205986018779626,-0.0006594405668423065,0.1418715073747876,-0.10112738054312587,0.31151902431389544,0.5899603628973615,0.8158333952384957,1.8329430740240618
103458.42+204912.2,-23.475256551364296,-23.5961688443023,-23.8790483965772,-23.903860011107525,-24.079843623475423,-23.448551680722066,-23.39294686269744,-24.062347337662207,-24.715395819294876,-24.9980579230771,-25.526363867520757,-26.291768668943146,1,0.1209122929380051,0.282879552274899,0.024811614530324988,0.17598361236789728,-0.05560481802462647,0.6530484816326698,0.2826621037822221,0.7654048014223882,1.622503856413232
103521.39+161039.7,-22.507052350493925,-22.86953579765926,-23.3065062261281,-23.334268979393222,-23.561971424041783,-21.471810917180576,-21.88295167522283,-23.658618859948373,-24.303031453772345,-24.570770118931744,-25.08058788005379,-25.97017982880096,1,0.3624834471653351,0.4369704284688396,0.027762753265122342,0.2277024446485605,0.41114075804225436,0.6444125938239722,0.26773866515939915,0.8895919487471673,1.7463189006605688
103557.67+591934.3,-22.686430799690363,-22.804233257688395,-22.9700952342895,-23.00415029785862,-23.32321048328061,-22.41731454587473,-22.4078535800747,-23.51466247704025,-24.20607436859996,-24.11652701429324,-24.768502751196475,-25.497564327742506,1,0.11780245799803168,0.16586197660110358,0.034055063569120136,0.31906018542199277,-0.009460965800030863,0.6914118915597101,-0.08954735430672045,0.7290615765460302,1.7643524533378567
103645.15+370701.2,-24.966340730501702,-24.99600435247173,-25.29973873412384,-25.31177713666484,-25.396917550574592,-23.792464766392083,-24.44383554658612,-25.34372921938371,-25.479291599811265,-25.796732458983037,-26.44936826322938,-27.385927153917702,1,0.02966362197002681,0.3037343816521094,0.012038402541001858,0.0851404139097518,0.6513707801940356,0.13556238042755453,0.31744085917177145,0.9365588906883211,1.1375911265645406
103843.88+443439.6,-24.297489652543536,-24.292887179361426,-24.58610691369423,-24.66617666211536,-24.791251205965096,-22.810247870312928,-23.47690541673436,-24.705673165128974,-25.038969088465272,-25.49644224842732,-26.354837913005504,-27.369789598897807,1,-0.0046024731821106,0.2932197343328049,0.08006974842113124,0.1250745438497347,0.6666575464214333,0.33329592333629776,0.4574731599620492,1.014951685892303,1.6886612508901422
103909.08+313106.9,-24.420667164163152,-24.49042089299473,-24.7829983374123,-24.86569489228716,-25.004043088710336,-23.526515999723387,-24.167092208541785,-24.569420428636363,-25.163754004197653,-25.36382317245203,-26.1360534071874,-27.08003532612177,1,0.0697537288315786,0.29257744441757083,0.0826965548748575,0.13834819642317697,0.6405762088183984,0.59433357556129,0.2000691682543767,0.9439819189343694,1.2703585149002414
104011.18+452125.9,-23.41848420594709,-23.661163106219966,-24.077784247219306,-24.161183894861782,-24.302249499951454,-23.27246858979162,-23.226285253640235,-24.15896198178459,-24.20203103739456,-25.0291880600466,-25.819532839137832,-26.76053210069868,1,0.24267890027287464,0.41662114099933945,0.08339964764247654,0.14106560508967192,-0.04618333615138681,0.0430690556099691,0.8271570226520417,0.9409992615608473,1.6583489442760495
104053.02+212058.6,-23.287280978209424,-23.42934665601006,-23.974196527525677,-24.02418332970239,-24.20778137376536,-23.14109215123936,-22.996382365831145,-23.9103773807504,-24.37367636144657,-24.81363261919794,-25.32656890397699,-26.11264473316271,1,0.1420656778006375,0.5448498715156163,0.049986802176711365,0.18359804406297187,-0.14470978540821378,0.4632989806961696,0.43995625775136915,0.7860758291857195,1.3023855742746022
104122.84-005618.4,-22.61486669115385,-22.73259581978961,-23.04395204999928,-23.074898787419365,-23.38973052491821,-22.34370881706182,-22.198625537195834,-23.67439192719377,-24.088549911882144,-24.559825712994574,-25.32932798351744,-26.099882809692108,1,0.11772912863575868,0.31135623020967174,0.030946737420084247,0.31483173749884585,-0.14508327986598601,0.41415798468837295,0.47127580111243006,0.7705548261746671,2.2544291960980765
104127.60+313413.0,-22.703803620918528,-22.747753580585595,-22.954677255591868,-22.94865958186512,-23.17313254454416,-22.395702385864727,-22.470761406923668,-23.568357790332552,-23.777364576411976,-24.392496626204583,-24.451465144642167,-25.11831806623589,1,0.04394995966706716,0.20692367500627284,-0.0060176737267489955,0.22447296267904093,0.0750590210589408,0.20900678607942424,0.6151320497926065,0.6668529215937227,1.5028055627770485
104201.81+181527.7,-23.11641947514798,-23.318035652799395,-23.57783379481606,-23.6081710390059,-23.8912858615991,-23.334228467659194,-23.11373402209001,-23.706114612207376,-23.87789296608095,-24.245231257158384,-24.665813589683616,-25.61803671369725,1,0.2016161776514167,0.2597981420166633,0.030337244189841073,0.28311482259320186,-0.22049444556918374,0.17177835387357376,0.3673382910774343,0.952223124013635,1.0576425506777163
104218.31+501243.7,-23.32565947848716,-23.474725380807687,-23.7091827866812,-23.721686130577503,-23.92099444553234,-22.684265665675163,-22.82282044920797,-23.56222671742193,-24.230574204394703,-24.699783154083697,-25.104891153514718,-26.0520925605273,1,0.14906590232052608,0.23445740587351338,0.012503343896302255,0.19930831495483758,0.1385547835328076,0.6683474869727739,0.4692089496889942,0.9472014070125816,1.383205022937215
104244.60+120331.1,-24.782297117978544,-24.887153874300285,-25.18894835751435,-25.318789012687088,-25.42198819971848,-22.51204380044273,-24.224585500666823,-25.41681541686476,-25.622031540462327,-25.96189718655785,-26.87513754706024,-27.663879526722447,1,0.10485675632174107,0.30179448321406355,0.1298406551727389,0.10319918703139308,1.7125417002240937,0.20521612359756602,0.3398656460955216,0.7887419796622055,1.5563485343731536
104357.05+094544.2,-22.718730733743584,-22.7208032043534,-22.86482289289416,-22.93912028898249,-23.25501546419749,-22.396884647069008,-22.63413495583856,-23.155537177436933,-23.68828826735047,-24.50279214290116,-25.09350218902544,-25.733789651328564,1,0.002072470609814303,0.1440196885407623,0.07429739608832975,0.315895175215001,0.23725030876955344,0.5327510899135355,0.8145038755506917,0.6402874623031245,2.1543819000429494
104457.91+083214.2,-23.550503968321376,-23.934152083639223,-24.18137025183025,-24.164831665701424,-24.383733038488984,-22.155700112793717,-23.36371567347364,-24.84230021492723,-25.384056142474183,-25.354522261831416,-26.02669173541782,-26.92447121241953,1,0.3836481153178468,0.2472181681910257,-0.016538586128824306,0.21890137278755972,1.2080155606799217,0.5417559275469515,-0.02953388064276652,0.8977794770017091,1.8618600697163963
104613.72+525554.2,-23.552717879745945,-23.6644668991689,-24.035391999507443,-24.033805322994013,-24.134683383745195,-23.2987927565719,-23.30368096879729,-24.079833700844524,-24.296533815914835,-24.94397523995932,-25.639029397288944,-26.562993349330103,1,0.11174901942295534,0.37092510033854253,-0.0015866765134298078,0.10087806075118166,0.004888212225392152,0.21670011507031006,0.6474414240444872,0.9239639520411593,1.6052240742949309
104624.08+210910.3,-25.244556710927057,-25.502952095509404,-25.83888712212829,-26.018483588610195,-26.23591658787665,-24.40157139086448,-24.93435968782329,-26.269859563977388,-26.435416809936797,-27.01020207171322,-27.6473623152415,-28.543791414662824,1,0.25839538458234657,0.33593502661888763,0.17959646648190386,0.2174329992664532,0.5327882969588096,0.16555724595940902,0.5747852617764231,0.8964290994213222,1.6288787266313065
104642.29+392018.0,-24.266359537243577,-24.369311857261778,-24.565267986249697,-24.506426851586404,-24.623990011254136,-23.704847701954375,-23.62995801889603,-24.374594253060533,-24.77005643981169,-25.41762957644667,-26.24420387193955,-27.01196204041632,1,0.10295232001820054,0.1959561289879197,-0.058841134663293104,0.11756315966773201,-0.07488968305834476,0.39546218675115696,0.647573136634982,0.7677581684767709,1.7377770203531462
104713.38+095711.4,-25.0585748472017,-25.392473892783748,-25.6068091619246,-25.72207626657117,-26.228486329565435,-20.949734717206624,-20.931350128347063,-26.521085961593545,-27.33739363638812,-28.062411895745196,-27.796525016837943,-28.228206787203582,1,0.3338990455820472,0.21433526914085022,0.11526710464657342,0.5064100629942629,-0.01838458885956129,0.8163076747945759,0.7250182593570749,0.43168177036563904,2.0744487502667717
104831.20+393147.0,-23.50843483034988,-23.76462250930334,-24.066045214788065,-24.16435812935408,-24.37056099617685,-23.63598259769641,-23.4646807738332,-24.445504912074835,-24.56802854376674,-25.301911960688592,-25.91384513155509,-26.86972070510148,1,0.2561876789534594,0.3014227054847254,0.09831291456601576,0.20620286682276756,-0.17130182386321025,0.12252363169190517,0.7338834169218522,0.9558755735463897,1.7494870022010076
104927.18+223005.8,-23.92352592687041,-24.050512035644196,-24.333014413078725,-24.440134247011542,-24.55389058147712,-23.94330443549284,-23.650708475159284,-24.558885112959857,-24.846768371298843,-25.509008318584268,-26.30131255256763,-27.31343652828378,1,0.12698610877378513,0.282502377434529,0.10711983393281699,0.11375633446557742,-0.29259596033355706,0.28788325833898654,0.6622399472854248,1.0121239757161504,1.8611783055560878
104951.99+450715.3,-23.438623671842727,-23.76152971182576,-24.09198388128,-24.190593575958687,-24.33894856305643,-22.68585249048224,-23.306434630542935,-24.717323119445403,-25.011425014088097,-25.397425166295385,-25.867906730875664,-26.689191188384378,1,0.3229060399830317,0.3304541694542422,0.09860969467868586,0.14835498709774342,0.6205821400606943,0.29410189464269365,0.3860001522072878,0.8212844575087139,1.6773131549169769
105000.20+581904.3,-24.166932240966336,-24.262508591185604,-24.545155591504816,-24.6222052106951,-24.76021693988089,-23.338513506199583,-23.848938228377584,-24.73465797565732,-25.071351103532315,-25.51697773958053,-25.65101797620015,-26.59901287103229,1,0.09557635021926814,0.2826470003192121,0.07704961919028364,0.1380117291857914,0.5104247221780014,0.3366931278749945,0.44562663604821395,0.9479948948321386,1.0288127655050516
105115.75+280527.1,-23.635405032498333,-23.86487783036262,-24.04346904615605,-24.10477900235073,-24.37110172845191,-23.159295549335184,-23.166199207707173,-23.5877341317512,-24.20688857616312,-24.81189756025975,-25.57902999674245,-26.319900665467127,1,0.2294727978642861,0.17859121579343196,0.06130995619467683,0.26632272610118335,0.006903658371989252,0.6191544444119188,0.6050089840966315,0.7408706687246784,1.4742509943917206
105122.29+020736.6,-23.672519060109995,-24.030382865478657,-24.426459154848395,-24.569451637274565,-24.668829276644963,-23.61186335563949,-23.593125974638035,-24.87626136033638,-25.222174817373457,-25.85603873937561,-26.930313122298585,-27.885821685972196,1,0.35786380536866247,0.3960762893697378,0.1429924824261697,0.0993776393703989,-0.018737381001454168,0.3459134570370779,0.6338639220021527,0.9555085636736109,2.360861485024021
105124.28+320044.5,-23.282569785946432,-23.43668988505227,-23.61295205738178,-23.737733347933577,-24.07129282039314,-23.767590032372464,-23.657275405811884,-23.94617024493176,-24.420069674771067,-24.933106728021368,-25.376198887293967,-26.240284732691716,1,0.1541200991058389,0.17626217232950836,0.12478129055179821,0.3335594724595623,-0.11031462656058011,0.47389942983930666,0.5130370532503008,0.8640858453977494,1.6384655393603893
105151.44-005117.6,-24.76806760930044,-24.989505001313837,-25.288031122132573,-25.296824022919107,-25.56152267266084,-24.10327054085311,-24.27115515994028,-25.367571939719845,-25.770564326422143,-26.396254396689457,-27.065290089132137,-27.852923142615687,1,0.22143739201339585,0.2985261208187353,0.00879290078653483,0.26469864974173163,0.16788461908717167,0.402992386702298,0.6256900702673143,0.7876330534835496,1.7684660662130298
105205.57+364039.6,-24.69403164088217,-24.717855052604563,-25.01742142832744,-25.06843719620469,-25.262572256857784,-24.8264986851794,-24.55804336441834,-24.508610451719797,-25.01966418720551,-25.66382264876934,-26.971078151028795,-27.827572199723708,1,0.023823411722393217,0.29956637572287903,0.051015767877249374,0.1941350606530925,-0.2684553207610598,0.5110537354857136,0.6441584615638298,0.8564940486949126,1.9026409548241041
105425.87+123502.5,-23.86297407873377,-24.09339818535711,-24.39193695881668,-24.483962569389185,-24.56195017918713,-22.80432703036803,-23.204371029585506,-24.621991440013986,-24.94682161880417,-25.456650972121142,-26.24743121376307,-27.093977862651656,1,0.2304241066233388,0.29853877345956903,0.09202561057250591,0.07798760979794395,0.4000439992174769,0.32483017879018306,0.5098293533169738,0.8465466488885873,1.7634686443738836
105444.70+483139.1,-24.35310687294423,-24.42193226914059,-24.611680231052237,-24.69886213789602,-24.961538472326268,-24.492019230201738,-24.21633759001589,-24.92246597203948,-25.103202698674416,-25.49209993568403,-26.38237940648748,-26.977236788528096,1,0.06882539619635963,0.189747961911646,0.08718190684378158,0.2626763344302496,-0.27568164018584795,0.18073672663493667,0.38889723700961554,0.5948573820406153,1.6835172685914621
105508.40+372853.6,-22.48181788321949,-22.78408538470426,-23.258260445300746,-23.34672478349714,-23.543553572106504,-21.709741486695755,-22.077491189098865,-23.491747778757222,-23.92968055863418,-24.4399341897648,-24.97765172019555,-25.661073431815343,1,0.3022675014847671,0.47417506059648673,0.08846433819639543,0.1968287886093627,0.3677497024031098,0.4379327798769559,0.5102536311306203,0.6834217116197934,1.6309269366984083
105517.27+020544.9,-24.81724791791311,-24.89842035990857,-25.199204834104396,-25.28665248664026,-25.43569971308583,-22.14014130742188,-23.76352906939786,-25.630469752938584,-25.84673907633872,-26.17297655426651,-26.78260119302704,-27.617347776006515,1,0.08117244199545937,0.3007844741958259,0.0874476525358645,0.1490472264455711,1.6233877619759767,0.21626932340013738,0.326237477927787,0.8347465829794736,1.4959487063867805
105600.08+142411.3,-24.152278232903697,-24.19998931390205,-24.445369152317934,-24.54677888276485,-24.720596135427694,-24.104920030227547,-23.859634850870997,-24.265318219019537,-24.6070163919096,-25.29723857888733,-25.965359650847773,-26.88401960416072,1,0.047711080998354305,0.2453798384158823,0.10140973044691748,0.1738172526628432,-0.24528517935655003,0.3416981728900623,0.6902221869777314,0.9186599533129467,1.418580768082922
105605.52+095033.2,-23.08037445638308,-23.311124147174567,-23.55084273393765,-23.622903046438683,-23.77883610738077,-22.63037017568719,-22.738790890153457,-23.86788607948715,-24.18564791130188,-24.72874516730484,-25.438119061387724,-26.21959998394524,1,0.23074969079148744,0.23971858676308244,0.07206031250103351,0.15593306094208614,0.10842071446626633,0.3177618318147317,0.5430972560029588,0.7814809225575168,1.8152160149490406
105649.35+124138.5,-23.352982956318705,-23.519014584619686,-23.665875799040524,-23.741428926229545,-23.915810932142065,-23.066773959221948,-22.99484514300691,-24.358467333088303,-24.96631592866063,-25.25009934681167,-25.4827229317025,-26.354558411214377,1,0.16603162830098128,0.14686121442083788,0.0755531271890213,0.17438200591251984,-0.07192881621503844,0.6078485955723281,0.2837834181510388,0.8718354795118763,1.7412940054729553
105720.09+295410.7,-22.57694821151068,-22.748340655278312,-23.11070149456352,-23.156673699231284,-23.392976278857866,-22.49786840017454,-22.673484436105795,-23.7253219854111,-24.332441559224435,-24.676785058504997,-25.06135222928486,-25.846427051867234,1,0.1713924437676333,0.3623608392852091,0.04597220466776264,0.23630257962658163,0.17561603593125596,0.6071195738133355,0.34434349928056207,0.7850748225823736,1.9046785300535767
105742.11+651814.4,-23.006571432819296,-23.24357691735562,-23.58801114820804,-23.662021192577832,-23.85347349038171,-22.39556354961271,-22.69885436536018,-23.76405083488299,-24.147128966831133,-24.620509439229387,-25.063761890517643,-25.82656575822256,1,0.23700548453632564,0.34443423085241776,0.07401004436979264,0.1914522978038775,0.3032908157474701,0.38307813194814244,0.4733804723982544,0.7628038677049176,1.401740697939811
105911.85+175424.3,-23.155273955837547,-23.40434166806797,-23.780095177326253,-23.90490037959976,-24.082373320293375,-23.018764064516365,-23.14670963527887,-24.41701402816125,-24.88282644199239,-25.543390220622257,-26.00612877038161,-26.83104423290887,1,0.24906771223042412,0.3757535092582813,0.12480520227350667,0.1774729406936153,0.12794557076250612,0.4658124138311379,0.6605637786298679,0.8249154625272581,2.101228390781852
105935.49+665757.9,-23.076055775487628,-23.27080241414633,-23.480378900447693,-23.53409302409561,-23.81617248941829,-22.20750927691808,-22.424229708160816,-23.47071539488681,-24.23261088754609,-24.79881120157822,-25.147173683556613,-25.85967650702066,1,0.19474663865870312,0.20957648630136205,0.053714123647917944,0.2820794653226777,0.21672043124273443,0.7618954926592814,0.5662003140321303,0.712502823464046,1.6130806594610014
105945.23+144142.9,-24.45803059903672,-24.644802286263342,-25.041409965424627,-25.22825638420582,-25.34890737292763,-24.715907941164136,-24.58888277583709,-25.66039041543892,-25.82726573992711,-26.32629953713624,-26.62402192613952,-27.524755907789952,1,0.18677168722662074,0.3966076791612849,0.1868464187811938,0.12065098872180968,-0.12702516532704777,0.16687532448819198,0.49903379720912966,0.9007339816504327,1.3957655419336987
110011.85+451349.4,-23.347993639896643,-23.48642978900371,-23.7775968912692,-23.817380319542007,-24.115550497403223,-23.770815795888744,-23.4499321938205,-24.289026927163377,-24.632399034315164,-24.949594634922075,-25.74168186805364,-26.611502538752973,1,0.13843614910706847,0.29116710226549003,0.039783428272805565,0.29817017786121625,-0.3208836020682426,0.34337210715178657,0.31719560060691165,0.8698206706993332,1.9243015485116324
110046.80+345502.7,-23.86745239716196,-24.01954660491711,-24.39573321698041,-24.491915747712632,-24.632477103374377,-23.80554198109397,-23.76156731391475,-24.29318042161003,-24.672845929421214,-24.777857805570697,-26.10935061426462,-26.913543184720684,1,0.1520942077551517,0.3761866120633002,0.0961825307322215,0.14056135566174532,-0.04397466717922072,0.3796655078111826,0.10501187614948293,0.8041925704560633,1.6174348665519886
110050.94+295525.6,-23.57208167858065,-23.831623357338,-24.1213283093966,-24.14138461774172,-24.27963785920516,-22.776111116728607,-23.56545090751296,-24.37375862682557,-24.68521050857322,-25.156998553776525,-25.838893402343704,-26.5760063153323,1,0.25954167875735124,0.2897049520585995,0.020056308345122176,0.13825324146343831,0.7893397907843536,0.3114518817476508,0.4717880452033043,0.7371129129885965,1.6975087846019825
110052.80+252050.6,-21.653537346881937,-21.895578484651075,-22.26495689868294,-22.40281648314766,-22.62925824057588,-21.346098340282744,-21.530827626453732,-22.98618492365363,-23.328991682665023,-23.988169177168853,-24.323177806282654,-25.01435104793356,1,0.24204113776913871,0.3693784140318641,0.1378595844647208,0.22644175742821915,0.18472928617098816,0.3428067590113919,0.6591774945038296,0.6911732416509047,1.920361323134994
110057.35+213109.2,-23.7470713176724,-23.783849003789367,-24.05546590973058,-24.20228971966409,-24.36110902637515,-22.73581154526851,-23.06620022933454,-24.014928431910185,-24.352505105458185,-24.70393227031087,-25.64738358018441,-26.483259126289997,1,0.036777686116966635,0.2716169059412117,0.14682380993351174,0.15881930671105948,0.3303886840660297,0.3375766735479999,0.35142716485268366,0.8358755461055871,1.4450938605203199
110057.71-005304.5,-23.31528989651221,-23.378689516795355,-23.55504383311296,-23.5841110638532,-23.81940123857692,-21.829110513489173,-22.174370765038887,-23.869153303728982,-24.22730680259848,-24.867359649230668,-25.078355330926097,-25.760333498065705,1,0.06339962028314616,0.17635431631760667,0.02906723074023887,0.23529017472371905,0.34526025154971407,0.3581534988694983,0.6400528466321873,0.6819781671396079,1.4942442670728973
110116.41+572850.5,-24.107743842169917,-24.338510823584794,-24.673717479115098,-24.881861299546333,-24.97448461984257,-23.022591384342597,-23.667702106452165,-24.95210805117722,-25.25381691677473,-25.495598383946525,-25.686507731820576,-26.5745916993688,1,0.2307669814148774,0.33520665553030327,0.20814382043123558,0.09262332029623721,0.6451107221095675,0.30170886559751153,0.24178146717179416,0.8880839675482228,0.804646432274243
110236.65+052117.0,-23.593319264859225,-23.705473427647576,-23.85692591473564,-23.9001181484709,-24.021381420065627,-22.92503968159541,-22.989873859483737,-24.13972175040321,-24.73188157191955,-25.11137996713689,-25.238211289841555,-26.11239066942588,1,0.11215416278835022,0.1514524870880649,0.043192233735258156,0.12126327159472794,0.06483417788832568,0.59215982151634,0.37949839521733963,0.8741793795843265,1.3380931413706563
110246.15+314513.1,-23.318768906881417,-23.527885936428103,-23.84864764124829,-23.93171940661247,-24.06803105276089,-22.849772026405013,-22.868108033024576,-23.534691905881523,-24.1531992738586,-24.594603374126606,-25.33094898031348,-26.24918584179918,1,0.20911702954668598,0.32076170482018895,0.08307176536417771,0.13631164614842106,0.01833600661956325,0.6185073679770774,0.4414041002680058,0.918236861485699,1.3992295737010103
110250.34+454230.8,-24.178246329725177,-24.26143425680685,-24.56962952614373,-24.699017643591343,-24.79086438481625,-23.702579200091943,-23.93036069150709,-24.91680185974337,-25.02056738387505,-25.39772634279393,-26.409659622287656,-27.31114920483848,1,0.08318792708167422,0.3081952693368777,0.1293881174476148,0.09184674122490577,0.22778149141514703,0.10376552413168127,0.37715895891887996,0.9014895825508233,1.7106419786963123
110327.43+294810.2,-24.403995663972392,-24.420673978174012,-24.68334462351858,-24.750017242983485,-24.839815819856977,-22.962770483138943,-24.21084146292327,-25.06160913284611,-25.341498557371253,-25.70552536084343,-26.080002238124575,-26.87563888339595,1,0.016678314201620026,0.2626706453445671,0.06667261946490655,0.08979857687349124,1.2480709797843268,0.2798894245251411,0.36402680347217853,0.7956366452713759,1.3299849951410891
110406.94+314111.4,-23.8297463235642,-23.980673426416736,-24.400655855121617,-24.358587916348533,-24.47954069158404,-23.79046092860744,-23.94848986926861,-24.474925503395944,-24.998549207543636,-25.71186350746592,-26.488030064559517,-27.284054702772067,1,0.15092710285253474,0.41998242870488056,-0.04206793877308357,0.12095277523550862,0.15802894066116835,0.5236237041476919,0.7133142999222848,0.7960246382125504,2.129442148210984
110409.63+122157.4,-23.733360848580908,-24.07485433987677,-24.172089866374453,-24.28868711861908,-24.416198293941267,-23.84061008548984,-23.803715075383813,-24.50685255927944,-25.20946003144009,-25.75891746853728,-26.42405865011812,-27.123208390567505,1,0.3414934912958607,0.09723552649768408,0.11659725224462747,0.12751117532218714,-0.036895010106025694,0.7026074721606506,0.549457437097189,0.6991497404493856,2.1353715314990396
110411.40+223946.7,-22.93699836506534,-23.05947197120327,-23.24825357702642,-23.35980231051457,-23.62625754000128,-23.07270593856675,-22.93276117330699,-23.63373788156129,-23.87425231385247,-24.430630871749067,-24.778988011679253,-25.533906816905937,1,0.12247360613793035,0.18878160582315218,0.11154873348814931,0.2664552294867093,-0.1399447652597594,0.24051443229117808,0.556378557896597,0.7549188052266835,1.4191857011646825
110527.26+671636.4,-22.960015936003828,-23.086368341155435,-23.268989982508774,-23.32631383192016,-23.583278437673687,-22.490885591148903,-22.678174577899444,-23.33751779785985,-23.703688384465515,-24.278799240092837,-24.988870767546693,-25.669718162391614,1,0.12635240515160717,0.18262164135333947,0.05732384941138591,0.2569646057535273,0.1872889867505414,0.3661705866056657,0.5751108556273223,0.6808473948449212,1.662556935626533
110539.81+342534.6,-25.134898625089978,-25.362482667389965,-25.706878953442423,-25.745371758071503,-25.888612176677928,-24.8069679069992,-24.733907654908307,-25.86115056787267,-26.26334940179331,-26.871953255734915,-27.53125798960778,-28.527577734173896,1,0.22758404229998774,0.34439628605245787,0.03849280462907956,0.14324041860642467,-0.07306025209089384,0.4021988339206395,0.6086038539416059,0.9963197445661152,1.7858862315362778
110631.77-005252.3,-24.653823784646963,-24.72937724277304,-24.87943430776751,-24.838495329735125,-25.07354701996092,-24.50396516968793,-24.670269268106058,-25.04460658183679,-25.19315183230988,-25.74511171572893,-26.43883711304982,-27.31064271562963,1,0.07555345812607683,0.15005706499447058,-0.04093897803238633,0.23505169022579508,0.1663040984181272,0.14854525047309153,0.5519598834190518,0.8718056025798084,1.600341783314697
110705.74+105746.4,-23.81205678028036,-24.03097280450265,-24.414024756449248,-24.52131386794205,-24.63126683913173,-23.4617731112157,-23.42566611226881,-24.428921813362983,-24.733671040851643,-24.952000624953,-25.92403260078939,-26.749447548728448,1,0.21891602422228829,0.383051951946598,0.10728911149280407,0.10995297118967784,-0.03610699894688807,0.30474922748866007,0.21832958410135817,0.8254149479390591,1.4027187328473367
110715.04+162802.2,-24.717802627773544,-25.035606709465107,-25.40259160363784,-25.454464619686533,-25.635155286188617,-24.685551475638327,-24.93896110256021,-25.99161597269415,-26.221737273497244,-26.426596078011443,-26.37621541124642,-27.28709711730407,1,0.3178040816915626,0.3669848941727345,0.05187301604869177,0.18069066650208399,0.25340962692188285,0.2301213008030949,0.20485880451419902,0.9108817060576513,0.9217507915598873
110913.60+044503.0,-22.9178894783134,-23.413157843258844,-23.741951637741007,-23.861279009246424,-23.97760484733658,-21.60173138876984,-22.394045754339736,-24.268716299629013,-24.93147379341955,-25.050666844767782,-25.90645399551615,-26.8261095631594,1,0.4952683649454457,0.32879379448216284,0.11932737150541683,0.11632583809015529,0.7923143655698972,0.6627574937905365,0.11919305134823333,0.9196555676432503,2.045174986269725
111017.86+040411.4,-23.409350427979675,-23.605891103206737,-23.87038522070846,-24.043520776671052,-24.19026879893453,-23.18174399775427,-23.149205838749648,-24.0099015524316,-24.691181268652294,-25.169817130586377,-25.746267388988034,-26.465367080699785,1,0.19654067522706242,0.264494117501723,0.17313555596259178,0.14674802226347694,-0.032538159004623424,0.6812797162206934,0.4786358619340838,0.7190996917117509,1.7027466123169823
111138.65+575030.0,-23.339833829738836,-23.52922354870081,-23.935189729329096,-24.012621874455807,-24.14346736114288,-23.11559235129531,-23.121391969869453,-23.81668843498789,-24.089688102500546,-24.45139549980041,-24.896065169734904,-25.829257313219934,1,0.18938971896197287,0.4059661806282868,0.0774321451267106,0.13084548668707185,0.005799618574144461,0.27299966751265714,0.36170739729986323,0.9331921434850301,0.8834432952790969
111320.62+641053.5,-23.64899439281129,-23.99861541186117,-24.33643165383227,-24.45688975167217,-24.609371982677985,-23.129888240556124,-23.2131580377215,-24.730027720871604,-25.30844719368643,-25.91695956847534,-26.602941412352283,-27.53448657696956,1,0.34962101904988074,0.33781624197110105,0.12045809783989725,0.15248223100581626,0.08326979716537508,0.5784194728148258,0.6085123747889121,0.9315451646172761,2.146051660680115
111320.83+462026.3,-22.060359489595065,-22.047335509956252,-22.276754267851175,-22.538216546205582,-22.951377819833077,-22.16459566038617,-22.18952160438705,-23.48436833940707,-23.754781337768577,-24.1943393358392,-24.41383339469994,-24.981450281223044,1,-0.013023979638813188,0.22941875789492272,0.26146227835440783,0.41316127362749455,0.024925944000880662,0.27041299836150756,0.43955799807062235,0.5676168865231048,1.8756168484943565
111324.04+044029.1,-22.928881567814024,-23.158799869357463,-23.348042895808085,-23.43602343359897,-23.69700823817797,-22.43945518259877,-22.48769366666473,-24.168166980602223,-24.20957687546549,-24.546030911089776,-25.233786182793747,-26.08481841361177,1,0.22991830154343873,0.1892430264506224,0.08798053779088377,0.26098480457899953,0.04823848406595843,0.04140989486326774,0.33645403562428555,0.8510322308180243,1.7977627491947779
111357.36+425326.3,-23.52268002238585,-23.67647241101044,-23.99688989991669,-23.989069910387748,-24.18099837196486,-23.34013222455834,-23.36202546959442,-24.142107137569365,-24.44495136207805,-25.019281766730444,-25.83491909387255,-26.647799426227497,1,0.15379238862459133,0.32041748890625144,-0.007819989528943694,0.1919284615771133,0.021893245036082476,0.30284422450868576,0.5743304046523932,0.8128803323549469,1.8458491834848019
111359.73+350306.8,-22.966342383023044,-23.239396931949628,-23.63323564617119,-23.737731256115897,-23.983734728850425,-23.13842134556545,-23.133058907518844,-23.928706953728184,-24.32212912412633,-25.13157702033218,-25.94677918575998,-26.789863920012746,1,0.2730545489265843,0.39383871422156247,0.1044956099447063,0.24600347273452883,-0.005362438046606854,0.3934221703981464,0.8094478962058496,0.8430847342527663,2.2090479296440826
111506.01+424948.8,-22.89746781255918,-23.04147923903222,-23.25995357691256,-23.303357693772178,-23.510413066255985,-22.529857250873377,-22.895438902119345,-23.64949855653245,-24.221694806255968,-24.873216904474937,-25.855178469022743,-26.440980964572308,1,0.144011426473039,0.2184743378803411,0.04340411685961598,0.2070553724838078,0.365581651245968,0.5721962497235182,0.6515220982189689,0.5858024955495651,2.5518207752505653
111507.65+023757.5,-24.09647274568058,-24.26162916301651,-24.56990853417125,-24.664288960911605,-24.7894405097438,-23.928030026154683,-23.686389220587145,-24.76276281693537,-25.13481645538388,-25.667413763663795,-26.15953837818356,-26.892957840634587,1,0.16515641733593256,0.3082793711547396,0.0943804267403543,0.12515154883219637,-0.2416408055675383,0.37205363844850936,0.5325973082799145,0.7334194624510282,1.4952494172719533
111511.28+532037.7,-25.496262518630864,-25.595833594345613,-25.91974590286469,-25.95417288357087,-26.20186692778737,-19.13319933329744,-20.01037398901204,-26.3251611692318,-26.660384927075786,-27.61482216548204,-27.365154469181626,-27.963394335859427,1,0.09957107571474921,0.32391230851907693,0.03442698070617922,0.24769404421650165,0.877174655714601,0.33522375784398406,0.9544372384062534,0.598239866677801,1.410981585610756
111527.15+222539.9,-23.2672883733235,-23.281763628089863,-23.4681311929531,-23.41854835829688,-23.62884542678197,-23.402354409605028,-23.419789669470354,-23.598178315718137,-24.45857168416571,-24.47534985194565,-24.94845606188839,-25.685009391599127,1,0.014475254766363577,0.1863675648632359,-0.049582834656217045,0.21029706848509022,0.017435259865326458,0.8603933684475749,0.01677816777993968,0.7365533297107376,1.5299077035915083
111711.27+293414.5,-23.641732700524823,-23.69587837429878,-23.879522670470823,-23.947842139376743,-24.10419334872237,-23.99617654996125,-23.562283289640128,-24.671139531366524,-25.14438942803133,-25.42752413836051,-25.723886362372323,-26.48051396758652,1,0.05414567377395585,0.18364429617204436,0.06831946890591922,0.15635120934562607,-0.4338932603211205,0.4732498966648073,0.28313471032917903,0.7566276052141987,1.77604422299558
111755.73+070727.8,-23.44327322838247,-23.630378325247083,-23.930776066965866,-23.965714218416675,-24.128808389124785,-23.155924478711107,-23.389070013152967,-24.0152633520876,-24.563139800100853,-24.895240316610604,-25.742549134740216,-26.642654249957825,1,0.18710509686461307,0.30039774171878264,0.034938151450809585,0.16309417070810994,0.23314553444186004,0.5478764480132519,0.33210051650975103,0.9001051152176096,1.7768349163235406
111908.72+254505.1,-24.275972850494924,-24.420228900742533,-24.673342935455885,-24.64711616310112,-24.836318495281187,-24.11077279636925,-24.035709441140664,-24.35790338954939,-24.650473453195467,-25.157874727961804,-25.857800624321875,-26.763894698841412,1,0.14425605024760912,0.25311403471335225,-0.02622677235476445,0.18920233218006643,-0.0750633552285862,0.2925700636460782,0.5074012747663375,0.9060940745195367,1.2106844612207546
111915.10+482357.1,-23.82963518476852,-24.00841340340951,-24.19979969975297,-24.223531770434636,-24.506583529494243,-23.97550161079999,-23.918775820091867,-24.31816958667359,-24.77367721648402,-24.954830229192712,-25.8927802352044,-26.803129009831835,1,0.1787782186409892,0.1913862963434596,0.023732070681667494,0.28305175905960667,-0.05672579070812489,0.45550762981043036,0.1811530127086911,0.9103487746274368,1.6692484647697619
111930.31+222649.3,-22.90473854016564,-23.018364770081583,-23.1004186486632,-23.20320547631825,-23.538368660816616,-23.52537358623964,-23.508932955397903,-24.22101628922461,-24.604960502930155,-25.23949999864005,-25.69916604284542,-26.533102381360617,1,0.11362622991594407,0.08205387858161828,0.10278682765504854,0.33516318449836646,-0.016440630841735526,0.38394421370554355,0.6345394957098947,0.8339363385151977,2.4959605665271702
111941.12+595108.7,-23.477196307430788,-23.68258073063768,-24.096117323404044,-24.117607446054432,-24.24228080525629,-23.333429971305517,-23.089119991875588,-24.17354109382056,-24.780249146676336,-25.167178558666457,-25.895861368871667,-26.68551141473584,1,0.20538442320689398,0.4135365927663628,0.021490122650387633,0.12467335920185718,-0.2443099794299286,0.606708052855776,0.38692941199012054,0.7896500458641711,1.7782539228172354
111947.94+520553.0,-23.092948722139347,-23.1666229412931,-23.38323991940454,-23.44370280093376,-23.68834004271738,-22.838358384991984,-23.04869238996476,-23.82865650969915,-24.0956396791646,-24.82005454326085,-25.398018202922728,-26.038964735132726,1,0.07367421915375161,0.21661697811144265,0.06046288152921875,0.244637241783618,0.21033400497277555,0.26698316946544765,0.72441486409625,0.6409465322099983,1.9543154019889677
111955.86+562910.2,-23.925229988888315,-24.019287788289105,-24.41755917788477,-24.53324589510872,-24.640404684932808,-23.251584496572992,-23.74014362466744,-24.627080087923108,-24.944038055474323,-25.4589067537352,-26.04664003793051,-26.921553189698468,1,0.09405779940079029,0.39827138959566355,0.11568671722395152,0.10715878982408711,0.48855912809444746,0.31695796755121464,0.5148686982608766,0.8749131517679594,1.513394142821788
112004.99+041323.3,-23.992381702878472,-24.155807203639608,-24.536627928548317,-24.61639639892772,-24.74676856104025,-24.092995444732832,-23.9781818056617,-24.544489970431695,-24.801799659771845,-25.500227428061223,-26.257484982972954,-27.120989184190183,1,0.16342550076113582,0.380820724908709,0.0797684703794026,0.1303721621125291,-0.11481363907113362,0.2573096893401505,0.6984277682893776,0.8635042012172285,1.6410885840452352
112021.37+110434.7,-24.223520890494733,-24.37913637139857,-24.553108477344765,-24.5952910223689,-24.80784299901789,-24.03950598605693,-24.170612480036656,-24.50800379290269,-25.10328137051495,-25.57826513469924,-26.31344879742434,-27.1424900656068,1,0.1556154809038368,0.17397210594619494,0.04218254502413643,0.21255197664898873,0.1311064939797255,0.5952775776122579,0.4749837641842909,0.8290412681824613,1.7181577750554382
112036.73+290253.1,-24.17138563941624,-24.398242574330336,-24.706720806287432,-24.914489302803297,-25.101863851921117,-23.069696375396894,-23.91507380388749,-25.112031892977527,-25.37295378296776,-26.10712595622316,-26.44059017933108,-27.316347682412005,1,0.2268569349140961,0.3084782319570962,0.2077684965158646,0.1873745491178198,0.8453774284905968,0.26092188999023236,0.7341721732554021,0.8757575030809264,1.5261008765277815
112119.90+004307.9,-23.12262231823892,-23.31009031355994,-23.768554595084197,-23.91164067635485,-24.14454402864186,-22.39797565274519,-22.63945686195676,-24.16948770549948,-24.373953650987705,-24.97763373232405,-25.43720137923979,-26.17500692775084,1,0.18746799532101832,0.45846428152425744,0.1430860812706527,0.23290335228701053,0.241481209211571,0.2044659454882236,0.6036800813363463,0.737805548511048,1.5255607028849418
112155.44+033858.1,-24.25162121768311,-24.29960476724536,-24.60467665396689,-24.7956584476252,-24.97999570735437,-23.655036943430225,-23.926379939516885,-24.88484864702681,-25.013630838372663,-25.752462419204832,-26.41332136576671,-27.280348812550837,1,0.04798354956225026,0.3050718867215316,0.19098179365830958,0.18433725972916903,0.2713429960866591,0.12878219134585223,0.7388315808321693,0.8670274467841281,1.6176629181415088
112158.36+651716.2,-23.666648820792027,-23.95531381770628,-24.37517868722901,-24.409672521867712,-24.551464016572712,-21.371225871269704,-22.03670308002914,-24.35902947614486,-24.600555038254807,-25.030638114183184,-25.807003026294808,-26.751386538009967,1,0.2886649969142532,0.41986486952272983,0.03449383463870248,0.14179149470500008,0.6654772087594374,0.24152556210994902,0.43008307592837625,0.9443835117151593,1.3973305044270958
112211.55+423709.4,-25.11456665239688,-25.188507154991814,-25.363141982156957,-25.370066754812463,-25.481054825402644,-24.14542737456577,-24.83633867148941,-25.79934660121523,-26.08172096870727,-26.343566556808646,-27.12251032865832,-28.014835717228117,1,0.07394050259493312,0.17463482716514278,0.006924772655505507,0.11098807059018156,0.6909112969236411,0.28237436749203937,0.2618455881013766,0.8923253885697982,1.7524435738458557
112224.15+031802.6,-23.18276710665173,-23.45786512459877,-23.934421852668304,-23.993135867482472,-24.116294078476017,-23.128725062145648,-22.996765627277902,-24.09064395845515,-24.517604880095853,-25.22407144911702,-25.748243392433597,-26.528215515485066,1,0.2750980179470375,0.47655672806953575,0.058714014814167825,0.12315821099354451,-0.13195943486774553,0.42696092164070265,0.7064665690211669,0.7799721230514685,1.755107524951125
112318.08+284945.6,-22.11493387947528,-22.43518233528465,-22.781730782262443,-22.79074869361565,-23.081403404045965,-21.63256289962016,-22.11562516915477,-23.28154593436133,-23.605656225170108,-24.026926964544817,-24.91718882317821,-25.59050089675215,1,0.3202484558093701,0.34654844697779197,0.009017911353208063,0.29065471043031366,0.48306226953461007,0.32411029080877896,0.4212707393747088,0.6733120735739391,2.1264401295625603
112511.72+565503.1,-23.56318112997964,-23.747078149905324,-24.036466160857128,-24.15368687745489,-24.25474515849376,-23.782527327554863,-23.75865261935868,-24.4366180957334,-24.64763800213938,-24.95174375431729,-26.180252408778955,-27.051443855340597,1,0.1838970199256842,0.28938801095180366,0.1172207165977639,0.10105828103886694,-0.02387470819618187,0.2110199064059799,0.3041057521779109,0.8711914465616424,2.0265655313240636
112633.02+273853.9,-22.7643159914232,-22.953922393918926,-23.386529254167517,-23.415238778296786,-23.639934643642867,-22.538045141821637,-22.829815049458,-23.722885430363856,-24.141742886487844,-24.709931262724364,-25.597805998567456,-26.41245370039274,1,0.1896064024957269,0.4326068602485904,0.02870952412926897,0.22469586534608155,0.2917699076363611,0.4188574561239875,0.5681883762365203,0.8146477018252831,2.18256722027067
112643.01+154554.8,-23.909444335964448,-24.13464715456617,-24.49996781686846,-24.5391599810234,-24.716479304532665,-23.771908687807134,-23.94414294011983,-24.779498727051585,-25.470043616683707,-25.974652320996107,-26.80421356197032,-27.68419256157308,1,0.22520281860172275,0.3653206623022882,0.0391921641549402,0.17731932350926627,0.17223425231269474,0.6905448896321218,0.5046087043123997,0.8799789996027592,2.2650535809469226
112707.67+035825.1,-24.155652562668983,-24.21769934098605,-24.463216832755023,-24.45635729200118,-24.593632947422854,-24.25081545693141,-24.12395545836068,-24.376461513127268,-24.617578789063867,-25.283722527555668,-26.394431072646864,-27.252850190463956,1,0.062046778317068174,0.24551749176897175,-0.0068595407538438735,0.13727565542167497,-0.12685999857072972,0.24111727593659893,0.666143738491801,0.8584191178170926,1.9380737806456843
112724.46+454620.9,-22.877172401852167,-23.018043946826516,-23.24606532704635,-23.24092578356772,-23.52103933782889,-21.941015136044136,-22.231452002474384,-23.103513094064564,-23.84174039278166,-24.45211858836028,-24.833130761694665,-25.73317368659518,1,0.14087154497434895,0.22802138021983254,-0.005139543478627218,0.2801135542611668,0.29043686643024813,0.7382272987170957,0.6103781955786189,0.9000429249005144,1.5922049781269436
112747.56+455345.1,-23.507299202234883,-23.667788599786878,-23.948682547499903,-23.961012732938222,-24.125595395186657,-22.39276279350601,-22.54604479580368,-24.02541070753216,-24.57831749233511,-24.9428546508177,-25.503162592346342,-26.4073516030392,1,0.16048939755199498,0.2808939477130252,0.012330185438319319,0.16458266224843499,0.1532820022976722,0.5529067848029499,0.36453715848259094,0.904189010692857,1.54214985940812
112756.76+115427.1,-24.03455401647372,-24.204989253949464,-24.56476822438005,-24.647280532253813,-24.755910037195083,-23.97814503905472,-23.83335968583706,-24.757615914397647,-25.311552906450636,-25.878833482573548,-26.711951897766287,-27.603809458108152,1,0.1704352374757434,0.35977897043058604,0.08251230787376329,0.10862950494126977,-0.14478535321766017,0.5539369920529893,0.5672805761229114,0.8918575603418653,2.064671365512474
113039.19+431434.2,-23.17571003243541,-23.308836891937823,-23.56858792463945,-23.577742811883223,-23.73131499442084,-22.72647682760496,-22.95680038625894,-23.87245665013224,-24.07814167195361,-24.955713555206287,-25.032541651579827,-25.96332055791659,1,0.13312685950241132,0.2597510327016259,0.009154887243774112,0.15357218253761573,0.23032355865398202,0.20568502182137038,0.8775718832526778,0.9307789063367622,1.454798839696604
113111.60+251949.8,-23.907675623010466,-24.02204393283243,-24.24704224714237,-24.23970590636073,-24.442152692097924,-23.569469120294027,-23.573498259017786,-24.490955644066485,-24.811032398575524,-25.369980241712483,-25.83986904983588,-26.59818234663408,1,0.11436830982196255,0.22499831430994277,-0.0073363407816415815,0.20244678573719455,0.004029138723758763,0.3200767545090386,0.5589478431369592,0.7583132967981996,1.6001631434751502
113113.62+613210.9,-22.41295915334806,-22.65929831119566,-23.05487303561105,-23.13939980309604,-23.164793737860187,-22.245002840055943,-22.41953954477841,-23.50098902455461,-24.2885434719008,-25.05221245596525,-25.475153798626348,-26.25751619390806,1,0.24633915784760063,0.39557472441538977,0.08452676748499144,0.02539393476414631,0.17453670472246685,0.7875544473461922,0.7636689840644486,0.7823623952817123,2.3357539955303075
113142.67+280430.7,-24.179991882232446,-24.38799799827339,-24.72761047958032,-24.8322695671475,-24.913701914028422,-22.24522112418247,-24.03444320981324,-25.198916852499348,-25.557829272778378,-25.837464955369065,-26.28320440705435,-27.16676744424113,1,0.208006116040945,0.3396124813069292,0.10465908756717823,0.08143234688092349,1.7892220856307688,0.3589124202790295,0.27963568259068694,0.8835630371867822,1.45093483990685
113144.56+290708.7,-22.97208726309147,-23.1117108961404,-23.356926414200604,-23.36021396633588,-23.47369123979729,-22.574782657060428,-22.71846305253513,-23.80858682615629,-24.0241884866187,-24.40343928205294,-24.90502992637201,-25.68075252433632,1,0.13962363304893088,0.2452155180602027,0.003287552135276428,0.11347727346140957,0.14368039547470346,0.21560166046241136,0.37925079543423834,0.775722597964311,1.5448159600361286
113219.12+373752.1,-22.91848391823122,-23.056071197434463,-23.239003943217792,-23.28231309673116,-23.50584014704474,-22.87196184661265,-22.84014438451326,-23.907327549479135,-24.03912656412544,-24.76040958152669,-25.18204540893588,-26.099873913129784,1,0.13758727920324176,0.1829327457833294,0.04330915351336628,0.22352705031358155,-0.03181746209939007,0.1317990146463046,0.7212830174012517,0.9178285041939027,1.8997323122047227
113244.99+182459.8,-24.986104726390305,-25.0695606819388,-25.40961151507342,-25.47906967057824,-25.628738983676293,-24.01815428791197,-24.587651523620643,-25.613324072989997,-25.698530319468333,-26.07506077605762,-27.236810458511474,-28.15014849402564,1,0.08345595554849439,0.3400508331346188,0.06945815550482237,0.14966931309805176,0.569497235708674,0.08520624647833586,0.3765304565892862,0.9133380355141654,1.7577407879332334
113259.49+102342.2,-24.134296075307383,-24.32309060726269,-24.594823208297772,-24.65058125827133,-24.82488542414167,-23.64007323288692,-23.78670787869386,-24.87991067087936,-25.161602030711204,-25.55941430889965,-26.15642694041511,-27.07122792851681,1,0.18879453195530616,0.2717326010350831,0.0557580499735586,0.17430416587033903,0.14663464580694097,0.2816913598318429,0.39781227818844656,0.9148009881016996,1.5058456821437787
113325.77+242327.8,-23.54809059335539,-23.68145769413687,-23.882933195389622,-23.87985326847534,-24.12031647293549,-23.16179309738573,-23.366655058423373,-24.332142713582478,-24.50638508933552,-25.34647892904989,-25.56626601850757,-26.468972451499987,1,0.13336710078148073,0.2014755012527516,-0.0030799269142818275,0.24046320446014846,0.20486196103764343,0.17424237575304247,0.8400938397143705,0.9027064329924173,1.686412750032229
113327.78+032719.1,-23.59608527305936,-23.73974999799008,-23.964321388014096,-24.044990517944065,-24.228896063386284,-23.095768634895908,-23.185725563246827,-24.554107270422545,-24.982254445691986,-25.41872133187871,-25.5742498124122,-26.433980251587037,1,0.1436647249307228,0.22457139002401405,0.08066912992996933,0.1839055454422187,0.08995692835091873,0.4281471752694408,0.43646688618672513,0.8597304391748359,1.5292592944681367
113330.24+213326.5,-24.653994902501903,-24.74376308403025,-25.021213684058264,-25.056799751441613,-25.094315603966457,-23.952519044933467,-24.219796879332453,-25.28895241327027,-25.28697472476905,-25.40054063399,-26.764345616105476,-27.584125088243784,1,0.08976818152834554,0.2774506000280148,0.03558606738334902,0.03751585252484446,0.26727783439898545,-0.001977688501220598,0.11356590922095222,0.8197794721383076,1.7075458646638637
113330.30+105223.3,-24.96225087440407,-25.13833658996244,-25.423721307628448,-25.40659042115628,-25.56012755177919,-24.2549285285995,-24.423499050695025,-25.15759238784179,-25.5324816693514,-25.960402945017623,-26.866521957910056,-27.772346111508845,1,0.1760857155583686,0.2853847176660089,-0.01713088647216665,0.15353713062290808,0.16857052209552492,0.3748892815096099,0.42792127566622185,0.9058241535987896,1.4599315367537749
113331.00+564542.6,-23.83241674978457,-24.00461794105764,-24.362267575536023,-24.54808468567653,-24.64029258821561,-23.420085035430382,-23.91217762390275,-24.59346700595144,-25.10439047295773,-25.39773117717399,-26.350869868218357,-27.228055286213564,1,0.17220119127306788,0.3576496344783848,0.18581711014050484,0.09220790253908007,0.49209258847236725,0.5109234670062897,0.2933407042162628,0.8771854179952072,1.8027851825418288
113335.44+093901.5,-23.741147413396757,-23.886699395449128,-24.171005479946377,-24.16004875028249,-24.284810152070023,-23.00683595139349,-23.48229880339097,-24.0589158248104,-24.397093936531,-25.101162930468607,-25.65505272662461,-26.479177749329807,1,0.1455519820523712,0.28430608449724915,-0.01095672966388861,0.12476140178753425,0.47546285199748084,0.33817811172060175,0.7040689939376072,0.8241250227051964,1.4950039763421223
113401.98+060640.5,-23.71969781835195,-23.80197795907877,-24.056122534791744,-24.08298873758061,-24.329859689478667,-23.210863050029097,-23.216180474986142,-23.964954885335025,-24.34187319019297,-24.932064451890795,-25.130062828979455,-25.71895880617746,1,0.08228014072681944,0.25414457571297433,0.026866202788866644,0.24687095189805675,0.005317424957045347,0.376918304857945,0.5901912616978251,0.5888959771980069,1.0470740913988443
113457.62+255527.9,-24.89525555237127,-24.937728584491467,-25.242515539524334,-25.368908085305343,-25.38245636868671,-24.58268732354068,-24.60452246079826,-25.00166649062926,-25.455770634299228,-25.5416722041525,-26.490097873306656,-27.407175351428386,1,0.0424730321201956,0.304786955032867,0.1263925457810089,0.013548283381368265,0.02183513725758246,0.4541041436699693,0.08590156985327368,0.9170774781217297,1.1211897880013133
113522.88+252957.5,-24.623567708530924,-24.906983509092765,-25.202470193001243,-25.203962258159045,-25.34600772356919,-21.864603317725138,-23.7994317660998,-25.62065012586652,-25.95659084351498,-25.98905861894773,-27.16203895208294,-28.179083239891156,1,0.28341580056184057,0.29548668390847865,0.0014920651578016475,0.1420454654101455,1.9348284483746632,0.33594071764846234,0.03246777543274959,1.0170442878082149,1.9580766939238963
113615.14+103430.8,-24.72484070172536,-24.881004523353205,-25.176064246929457,-25.230865430000303,-25.328172922545008,-25.046347520845497,-25.0487986560856,-25.309532535915903,-25.512203961036548,-26.051271383685823,-27.03773856344057,-27.85452445267849,1,0.15616382162784603,0.29505972357625154,0.054801183070846804,0.09730749254470439,0.0024511352401042075,0.20267142512064495,0.5390674226492749,0.8167858892379201,1.8068731334402663
113635.95+063113.6,-24.01926091690886,-24.20271905996176,-24.536748585293903,-24.585151697266305,-24.778688422747315,-23.701231175722747,-23.694028708849626,-24.71046944747969,-24.892900158365254,-25.07129252335873,-25.67498309315264,-26.561553347961866,1,0.1834581430528992,0.334029525332145,0.04840311197240155,0.1935367254810103,-0.007202466873120983,0.18243071088556562,0.17839236499347422,0.8865702548092251,1.0898313958863355
113801.83+490506.4,-22.766285707922787,-22.996351744840624,-23.24495925091503,-23.282370421849794,-23.60117120386737,-21.555502852226148,-22.125181868543603,-23.44602850371765,-24.23804699054786,-24.503863937293303,-24.779509286670457,-25.461152911678457,1,0.23006603691783667,0.24860750607440707,0.03741117093476376,0.31880078201757556,0.5696790163174548,0.7920184868302123,0.2658169467454421,0.6816436250080002,1.4971388648206627
113826.66+173324.6,-23.46566236282016,-23.608646743503385,-23.948066110779703,-24.01090147622753,-24.257129940445488,-23.389012537061845,-23.4853514626598,-24.24400046058978,-24.846560567832867,-25.22840027167441,-26.002310777805068,-26.59340915319902,1,0.14298438068322383,0.3394193672763173,0.0628353654478282,0.24622846421795686,0.09633892559795498,0.602560107243086,0.38183970384154264,0.5910983753939512,1.9914093015775371
113848.67+571417.6,-23.77880025023875,-23.952866148791827,-24.079156141431287,-24.12492467674126,-24.44254140194553,-23.81468571102172,-23.519166207483675,-24.23489371216467,-24.59666391100231,-25.050798700380845,-25.91370107798253,-26.77442628375584,1,0.17406589855307786,0.12628999263946028,0.04576853530997127,0.317616725204271,-0.29551950353804557,0.3617701988376396,0.4541347893785357,0.8607252057733099,1.7887764012412717
113854.14+652109.7,-22.6783993884554,-22.88040231969997,-23.263873306881816,-23.35692714825736,-23.68418675674908,-22.05028685466073,-22.31534377709491,-24.141964791490484,-24.155829012698916,-24.879827901948826,-25.198646158943664,-25.921269624939647,1,0.20200293124457147,0.3834709871818447,0.09305384137554285,0.32725960849172253,0.2650569224341801,0.013864221208432781,0.7239988892499092,0.7226234659959836,1.8417190106863046
113858.79+450338.5,-22.93387312863294,-22.96286874340114,-23.09187718187344,-23.21742180178562,-23.46175267094332,-17.164274391392443,-15.509488773757631,-23.44239599891957,-23.8524976811684,-24.328828204025875,-24.62313423636808,-25.253674829046695,1,0.02899561476819912,0.12900843847230092,0.1255446199121799,0.2443308691577002,-1.6547856176348112,0.4101016822488326,0.4763305228574737,0.6305405926786136,1.4057124345824619
113909.24+035432.5,-23.80045976879956,-23.78447737686733,-24.04756092045823,-23.97912137469606,-24.193368110600797,-23.54169072074413,-23.547107560137547,-24.322265266294917,-24.349113498888915,-25.018079681830503,-25.65362877413271,-26.73022039081737,1,-0.015982391932229945,0.263083543590902,-0.06843954576217115,0.2142467359047373,0.005416839393419082,0.02684823259399849,0.6689661829415883,1.0765916166846594,1.6745073994366493
113923.66+002301.6,-23.707393218473136,-23.90977690203571,-24.198524827423743,-24.26820871340566,-24.487443292382164,-22.241108667630822,-22.89890794490904,-24.00715802979637,-24.73765817025061,-25.026120124594737,-25.75585398094948,-26.68955354452225,1,0.20238368356257297,0.2887479253880336,0.06968388598191666,0.21923457897650422,0.6577992772782189,0.730500140454243,0.28846195434412536,0.9336995635727696,1.4876452675438223
113936.62+035311.6,-22.19316401722144,-22.3022896574658,-22.66752488058031,-22.725892183432197,-23.112731351032973,-22.39385798123699,-22.572163716813147,-23.08291487515146,-23.43763486793391,-23.974728080472048,-24.65521883730122,-25.279491694440782,1,0.10912564024435767,0.3652352231145102,0.05836730285188807,0.3868391676007761,0.17830573557615637,0.35471999278244937,0.5370932125381387,0.6242728571395624,1.9293266538690226
113944.64+121436.0,-23.641551238373417,-23.864305025400384,-24.350308253092063,-24.509038091627414,-24.70212034257089,-22.84319385113451,-22.873148472819025,-24.786127333819003,-24.78863911655723,-25.527421379398465,-26.087940532560147,-26.90707962156779,1,0.22275378702696713,0.48600322769167903,0.1587298385353506,0.1930822509434762,0.029954621684513683,0.0025117827382281632,0.7387822628412337,0.819139089007642,1.5789024409327332
114022.41+081519.3,-23.586107606559967,-23.89432481209356,-24.22498594866427,-24.28853689067779,-24.52889217900644,-22.709799029426005,-23.639587157521028,-24.960914054841226,-25.22174788835674,-25.781274721829007,-25.535324407268096,-26.340589127929714,1,0.30821720553359455,0.3306611365707077,0.06355094201352074,0.24035528832865083,0.9297881280950229,0.26083383351551603,0.5595268334722654,0.8052647206616186,1.246787516590306
114114.61-032623.8,-23.89036649399208,-24.11457637790742,-24.53678685308779,-24.70586450365785,-24.835717429710588,-22.04531228381991,-23.302459700352795,-25.118801228970295,-25.563245883324527,-25.924246189285032,-26.711455434381072,-27.642816117413822,1,0.22420988391533925,0.42221047518037125,0.16907765057005975,0.12985292605273813,1.2571474165328844,0.44444465435423197,0.3610003059605056,0.9313606830327501,2.0055909307232227
114115.54+272615.6,-23.33862088965696,-23.495721187492062,-23.689669093985128,-23.69639149944155,-24.02750785350872,-22.75217172567802,-22.84402006603054,-24.34451609980617,-24.635674445973795,-24.987153129682685,-25.58957826013837,-26.310865697102496,1,0.15710029783510393,0.19394790649306515,0.006722405456422109,0.33111635406717,0.0918483403525201,0.2911583461676237,0.35147868370889057,0.7212874369641256,1.8931867606968211
114117.63-001250.3,-22.97809900530844,-23.16776466165309,-23.442823544050725,-23.486874164968075,-23.7042422079282,-22.48636939247861,-22.785147992679416,-23.56754382412814,-24.03684543434063,-24.77110204204012,-25.625061857909767,-26.48941691924222,1,0.18966565634465127,0.27505888239763365,0.0440506209173499,0.2173680429601248,0.29877860020080504,0.46930161021249006,0.7342566076994892,0.8643550613324535,2.138187692941692
114121.75+014803.5,-23.102701902348453,-23.18944844859821,-23.394106640362853,-23.415927994046136,-23.685338220133385,-23.338902234720276,-23.320278775539915,-23.8333862900844,-24.31091727111856,-24.90528346634325,-25.424044002763782,-26.183416819853925,1,0.0867465462497563,0.2046581917646435,0.02182135368328275,0.26941022608724907,-0.018623459180361124,0.47753098103416036,0.5943661952246906,0.7593728170901421,2.0081160087176464
114156.99+590348.2,-22.956593631437627,-22.94597450467828,-23.31615275406325,-23.324506008148617,-23.43328914321564,-22.83789394340406,-22.82196610780953,-23.34918168652335,-23.859635693056845,-24.591750236345327,-25.092157816951364,-25.867928709174294,1,-0.010619126759348063,0.37017824938497057,0.008353254085367467,0.10878313506702142,-0.015927835594531814,0.510454006533493,0.7321145432884819,0.7757708922229298,1.7676518088027464
114209.94+600436.0,-21.888031383551745,-22.011065587067133,-22.36985166204917,-22.482499717876017,-22.67101663593339,-21.69004818813994,-21.70056799416237,-23.4216671107792,-23.84039343835982,-24.332629038337977,-24.71706866354413,-25.42384669632457,1,0.12303420351538819,0.3587860749820386,0.11264805582684545,0.18851691805737403,0.010519806022429634,0.4187263275806181,0.4922355999781587,0.7067780327804414,2.234568945668112
114212.32+301613.3,-23.827786509504,-24.083015088512276,-24.459844625496096,-24.505339526929117,-24.70576180594357,-23.29137111752336,-23.365339740166764,-24.70090447414196,-25.064591844882237,-25.49058423276867,-26.40586158825548,-27.28430727480013,1,0.2552285790082749,0.37682953698381993,0.045494901433020374,0.20042227901445386,0.07396862264340243,0.36368737074027635,0.42599238788643135,0.8784456865446515,1.9005220613263631
114212.62+263249.6,-24.399991074341425,-24.593508830294365,-24.94745528736014,-25.09390478385098,-25.21447941481303,-23.996315179044032,-24.13544358507122,-25.120480349217445,-25.347043787199667,-25.97357321091992,-26.786699009187,-27.72191845059324,1,0.1935177559529393,0.3539464570657742,0.14644949649084182,0.12057463096205012,0.13912840602718646,0.22656343798222167,0.6265294237202532,0.9352194414062396,1.6927942253360193
114313.45+002937.7,-23.11109233014386,-23.4573982011174,-23.8345264475947,-23.87634575794644,-24.08731682040628,-22.47822337853645,-23.026276076235067,-24.539304122977,-24.80035019474336,-25.38259947350508,-25.22985229790573,-25.989895874174568,1,0.3463058709735378,0.3771282464773016,0.04181931035173747,0.21097106245984065,0.5480526976986191,0.2610460717663585,0.5822492787617222,0.7600435762688385,1.353506539959291
114327.21+431145.9,-22.880670408261697,-22.95243383735074,-23.16572208266486,-23.264423009345272,-23.438461634716152,-22.737383803947854,-22.806019945446373,-23.60990973872164,-23.76449933478997,-24.380226100807096,-25.096043060873104,-25.73386642403916,1,0.07176342908904232,0.21328824531412138,0.09870092668041153,0.17403862537087988,0.06863614149851927,0.15458959606833034,0.6157267660171257,0.6378233631660564,1.8316200515278318
114336.28+482543.0,-23.481567957469828,-23.65812168763537,-23.91303271160538,-24.008888469481157,-24.17630333739784,-23.102874267150916,-23.466770478612396,-24.337678917159067,-24.566667400740133,-25.2865810425218,-26.13906448603541,-27.05644855372668,1,0.17655373016554066,0.25491102397000986,0.09585575787577838,0.16741486791668336,0.3638962114614799,0.22898848358106605,0.7199136417816661,0.9173840676912697,2.130176016554252
114408.37+125406.6,-24.310781888442907,-24.645570829130072,-25.011285587810452,-25.230703501113283,-25.49187992188437,-23.180520343424707,-23.928018888452733,-25.82982194759976,-26.158534444791247,-27.033721727775035,-26.55532207819013,-27.48262193460989,1,0.33478894068716514,0.3657147586803795,0.21941791330283067,0.26117642077108627,0.7474985450280265,0.32871249719148565,0.8751872829837879,0.9272998564197614,1.3246185770768477
114639.47+295404.5,-23.673869897998607,-23.885916485346797,-24.232397401685454,-24.277788833583703,-24.37581585583408,-22.724705761319168,-23.425149560669613,-24.30829166729097,-24.64178552299717,-24.865003901043256,-25.52159625356868,-26.341298748053152,1,0.21204658734819049,0.3464809163386562,0.045391431898249124,0.09802702225037763,0.7004437993504453,0.3334938557062017,0.22321837804608435,0.8197024944844706,1.2438074199849787
114758.59+271459.3,-24.493740945075704,-24.63551384054665,-24.82235670944084,-24.858424387414548,-25.13907929765573,-24.13493766160422,-24.218859540538755,-24.81631129804326,-24.99904626433309,-25.361838769533318,-26.301219544011182,-27.04919711777453,1,0.14177289547094674,0.186842868894189,0.036067677973708356,0.28065491024118217,0.08392187893453595,0.18273496628982855,0.362792505200229,0.7479775737633467,1.4427951565966346
114803.18+565411.4,-23.03114713582047,-23.284973063690696,-23.42862690617839,-23.53990135460299,-23.95781992568009,-23.42574530702172,-23.18174836651696,-23.409687932647863,-24.175158634911597,-24.241012336467232,-24.83723411165315,-25.55465882736291,1,0.25382592787022773,0.1436538424876943,0.11127444842459866,0.4179185710771023,-0.24399694050476128,0.7654707022637339,0.06585370155563552,0.7174247157097611,1.2973327570501603
114804.00+453428.2,-24.48242540396899,-24.510115021284943,-24.7405596080016,-24.7159926852708,-24.81537751445208,-23.79042941530718,-24.128466538876832,-24.711658910319898,-24.8814012443105,-25.461068447720468,-26.02774946510069,-27.005719337959007,1,0.02768961731595354,0.2304445867166578,-0.024566922730802077,0.09938482918128244,0.3380371235696522,0.16974233399060168,0.5796672034099686,0.977969872858317,1.3117567798298921
114818.88+315410.1,-24.039976162951845,-24.141046979712808,-24.378248363445604,-24.359372509837357,-24.556794688123173,-24.24404820910213,-23.954927100458875,-24.201086795735577,-24.39197765029393,-25.095677442491027,-25.70070408264079,-26.585599332215462,1,0.10107081676096286,0.23720138373279553,-0.01887585360824673,0.19742217828581587,-0.28912110864325413,0.1908908545583543,0.7036997921970958,0.8848952495746722,1.3413315728034334
114826.35+070036.9,-23.204867118501237,-23.34369809319602,-23.850980162122237,-23.926220922302303,-24.041561474621822,-23.58652184228641,-23.27322662906086,-24.09295711559373,-24.33392002744284,-24.97138424718672,-25.92131758469832,-26.815801345297025,1,0.138830974694784,0.5072820689262159,0.07524076018006554,0.11534055231951967,-0.31329521322554754,0.24096291184910967,0.6374642197438796,0.8944837605987068,1.9950966623960156
114839.99+510937.2,-22.085017841752848,-22.292211864363708,-22.56470689169424,-22.648375305770013,-22.702318658721527,-21.150365504878028,-21.58522378670935,-23.09506948315649,-23.20720987504764,-23.149769963722765,-23.79714601550667,-24.43533612482949,1,0.20719402261086017,0.27249502733053177,0.08366841407577397,0.053943352951513646,0.43485828183132114,0.112140391891149,-0.057439911324873805,0.6381901093228208,1.148770709736656
114931.75+223028.3,-25.182089757670067,-25.298171524447888,-25.50662109637697,-25.60276057621115,-25.84319502784396,-19.08143921063356,-17.829345216187896,-26.198267823992268,-26.369100246520425,-26.63722342081917,-27.339491345551085,-28.28616303695993,1,0.11608176677782112,0.20844957192908353,0.09613947983417859,0.24043445163281163,-1.2520939944456657,0.17083242252815722,0.26812317429874355,0.9466716914088451,1.7367307693399354
114932.02+290919.8,-22.836289018359924,-22.996975987622925,-23.03575220569836,-23.074359345614862,-23.40578889720431,-22.55550491836626,-22.662241270275647,-23.44898820625371,-23.703025449572717,-24.22373514950456,-24.73086065729157,-25.492154321506245,1,0.16068696926300063,0.03877621807543363,0.038607139916503996,0.33142955158944787,0.10673635190938668,0.2540372433190079,0.5207096999318424,0.7612936642146764,1.6565013116767062
115102.13+314643.7,-24.39966905220061,-24.451906070618577,-24.68867091076972,-24.720191267369252,-24.771291183851133,-24.29126966790392,-24.104018566999223,-24.183065676492465,-24.980491210673197,-25.523554793117757,-26.11154355339444,-26.899185836217924,1,0.052237018417965686,0.2367648401511424,0.03152035659953256,0.05109991648188128,-0.187251100904696,0.7974255341807321,0.5430635824445602,0.7876422828234837,1.3913522860251888
115111.43+190800.5,-23.111457295687668,-23.243882582533097,-23.539706219322014,-23.550760130245845,-23.96016887704563,-21.96548559396133,-22.30782377777592,-24.01998279973092,-24.485863235221945,-25.04338146560181,-25.9207062413866,-26.76763070324404,1,0.13242528684542876,0.2958236367889171,0.011053910923831012,0.4094087467997838,0.34233818381459,0.46588043549102665,0.5575182303798663,0.8469244618574407,2.369946111140756
115139.10+293840.1,-24.17881929419123,-24.29210889458731,-24.58152980651053,-24.624908096288003,-24.690349402353995,-24.19617165538517,-24.12555922276738,-24.6357234026945,-25.01884489153624,-25.431914697669832,-26.170781614380104,-27.08961842509999,1,0.11328960039608305,0.2894209119232194,0.043378289777471934,0.06544130606599197,-0.07061243261779282,0.38312148884174135,0.413069806133592,0.9188368107198848,1.545873518092101
115308.86+303422.3,-24.381283714221382,-24.44924055170388,-24.72820653537472,-24.975320839315263,-25.015340638721515,-23.10724286196456,-24.069463118037564,-25.15282618143955,-25.566244435769857,-25.669304497250643,-26.64834283805676,-27.53969310861383,1,0.06795683748249814,0.27896598367084025,0.2471143039405419,0.04001979940625233,0.9622202560730031,0.4134182543303062,0.10306006148078595,0.8913502705570693,1.673021998741497
115312.55+091402.3,-23.671514173995472,-23.889410041563384,-24.20733324954611,-24.31525940873873,-24.47859262302139,-23.479610318927666,-23.451821840660077,-24.906760761296137,-25.01705597888108,-25.806122553702885,-26.380228981752985,-27.22611084171131,1,0.21789586756791124,0.31792320798272655,0.10792615919261905,0.16333321428266245,-0.027788478267588346,0.11029521758494099,0.7890665748218062,0.8458818599583253,2.064969573014256
115315.01+320223.9,-23.84030392708361,-23.91241008918848,-24.206951265041543,-24.239910823385937,-24.40812616867315,-24.29302413222832,-24.06779920853213,-23.87134553034993,-24.612391538044417,-25.05796157638221,-26.31141326286012,-27.16384593249468,1,0.07210616210486975,0.2945411758530625,0.03295955834439468,0.16821534528721216,-0.2252249236961923,0.7410460076944858,0.44557003833779163,0.8524326696345597,2.071502439474184
115324.01+284810.6,-24.07907950738053,-24.299339334225557,-24.566343887927182,-24.61579260101237,-24.839796898477623,-22.677605185235866,-24.18351177164086,-24.851979543474684,-25.195318997979065,-25.60176499009905,-26.745996702123406,-27.6301475411421,1,0.22025982684502665,0.267004553701625,0.04944871308518728,0.2240042974652532,1.5059065864049934,0.3433394545043811,0.4064459921199841,0.8841508390186945,2.130204101111037
115324.46+493108.7,-23.16034130884765,-23.124023283019447,-23.35751143095111,-23.504495415441617,-23.838191287116985,-23.27974416238093,-23.418242537000467,-24.084251398193235,-24.550386195662973,-25.25480801085781,-26.37910094483259,-27.143327346806544,1,-0.03631802582820143,0.23348814793166284,0.14698398449050742,0.3336958716753671,0.1384983746195374,0.4661347974697385,0.7044218151948378,0.7642264019739535,2.8746055293909727
115407.94+252145.3,-22.93125676210363,-22.965487239590075,-23.166662863989234,-23.26481287591972,-23.456637836989746,-22.699749913527505,-22.709281951914345,-23.531516698189783,-23.93516405058499,-24.368758194131924,-25.35459507834667,-26.066240043373067,1,0.03423047748644592,0.20117562439915915,0.09815001193048545,0.19182496107002578,0.009532038386840469,0.40364735239520755,0.4335941435469337,0.7116449650263981,2.0897822024269495
115412.07+463552.1,-24.26227168098708,-24.449823012931866,-24.682463512541595,-24.70781480064279,-24.81396980253624,-24.116771834490606,-24.151658634421857,-24.85235144823517,-25.08444628139789,-25.75266123807292,-26.58362486472309,-27.499375521121312,1,0.18755133194478546,0.23264049960972955,0.025351288101195024,0.10615500189344829,0.03488679993125032,0.23209483316272284,0.6682149566750297,0.9157506563982203,1.8758100640803015
115412.54-000153.2,-24.34620703993195,-24.483356379792347,-24.782826894449837,-24.92381758796545,-24.986897464288788,-23.800819324904435,-23.955227863942515,-25.09229085875393,-25.21597785636804,-25.74119468238256,-26.53178799735774,-27.439583471501177,1,0.13714933986039668,0.2994705146574894,0.14099069351561155,0.06307987632333933,0.15440853903808005,0.12368699761410795,0.5252168260145211,0.9077954741434375,1.6079704093922906
115504.07+034850.3,-23.81746449330991,-24.292210543070272,-24.52656628561858,-24.5349401447495,-24.685632228859856,-22.013921618708405,-23.761734321550424,-25.321238394459037,-25.60964808031529,-26.02079103004636,-26.599894909279307,-27.410212245591165,1,0.4747460497603626,0.23435574254830627,0.008373859130919925,0.15069208411035717,1.747812702842019,0.2884096858562515,0.41114294973107235,0.8103173363118579,2.0649547645298085
115554.41+445628.3,-23.82977851513892,-24.074200428263318,-24.35560957087295,-24.392355368300606,-24.683580430085605,-23.68861124204061,-24.03828837894216,-24.962441900294102,-25.230345010786746,-25.712598406645128,-26.061973619362576,-26.87858401836657,1,0.24442191312439832,0.28140914260963257,0.03674579742765616,0.2912250617849992,0.34967713690154767,0.26790311049264304,0.48225339585838256,0.816610399003995,1.6696182510619693
115651.65+115636.2,-24.596066862024223,-24.856156676130663,-25.21639035497966,-25.28890682464956,-25.47677007628092,-24.04322858769449,-24.22099356272864,-25.55498350868138,-25.716446921570185,-26.07716528072898,-26.45869772357895,-27.296271610477504,1,0.26008981410643983,0.3602336788489957,0.07251646966989966,0.18786325163136297,0.177764975034151,0.1614634128888035,0.36071835915879547,0.8375738868985536,1.1697908989293921
115652.89+174554.0,-24.60019183045696,-24.72955297384769,-24.99895644311999,-25.01641879231324,-25.142450285497837,-24.664614878078503,-24.50593367450371,-25.14710849314084,-25.557081934707245,-26.15563491582087,-26.696398329738276,-27.64490810230608,1,0.12936114339072802,0.2694034692723015,0.017462349193248627,0.12603149318459828,-0.15868120357479398,0.4099734415664038,0.5985529811136239,0.9485097725678031,1.6799795374250373
115740.29+452639.0,-24.261238129377315,-24.58982393427281,-25.003259181391964,-25.09869422489092,-25.23730840496536,-15.688683423595997,-16.23212145241148,-25.46464246746086,-25.58758632815101,-26.05354964620511,-26.75443078551101,-27.599662617207056,1,0.3285858048954964,0.41343524711915336,0.09543504349895571,0.13861418007444115,0.5434380288154834,0.12294386069014962,0.46596331805410074,0.8452318316960472,1.6557365606200882
115816.72+132624.1,-23.133141125149976,-23.3858526818002,-23.940890626825254,-24.02458370500849,-24.24936840321892,-20.830339074733327,-22.3501534877172,-23.931191032014446,-24.42557699670001,-25.173659804693443,-25.9420182664638,-26.79149612341555,1,0.2527115566502225,0.555037945025056,0.08369307818323435,0.22478469821043134,1.519814412983873,0.49438596468556284,0.7480828079934341,0.8494778569517472,1.9174345614553125
115845.32+443812.4,-23.19381457077334,-23.462865233186427,-23.67703260795745,-23.80708054247038,-24.03355221087633,-22.83175811981335,-22.671296681473496,-24.379667137876,-24.62058875347643,-25.2782533743686,-26.05735495859713,-26.935482324506243,1,0.2690506624130862,0.21416737477102288,0.1300479345129304,0.22647166840594934,-0.16046143833985482,0.24092161560042769,0.6576646208921701,0.878127365909112,2.25027441612675
115847.39+271342.5,-23.654785078454285,-23.61125653516952,-23.93489733925956,-24.07690999488589,-24.192552459516342,-23.672843049518885,-23.423116806482568,-24.57297920434927,-25.16873391095799,-25.088657308022896,-25.556060366842573,-26.393472699957265,1,-0.043528543284764964,0.32364080409004004,0.14201265562633125,0.1156424646304508,-0.24972624303631719,0.5957547066087194,-0.08007660293509389,0.8374123331146919,1.4791503719566812
115901.72+510630.7,-22.479723541381265,-22.680390489147285,-22.94736953048307,-23.10043731634281,-23.25706909877336,-21.79896595929565,-22.158924981077224,-23.592861861298218,-24.032452368935346,-24.509351525128,-24.918247141886287,-25.610024689635463,1,0.20066694776602034,0.26697904133578376,0.15306778585974,0.15663178243055143,0.3599590217815738,0.4395905076371278,0.47689915619265477,0.6917775477491759,1.8178098255434776
115937.47+272819.2,-24.127954712198623,-24.238778535202595,-24.493567834771305,-24.515990645662512,-24.60746679438087,-23.832827421134404,-24.225387009117615,-24.547279168764547,-24.847929676297056,-25.44308686402858,-26.433490170496743,-27.351690223922457,1,0.11082382300397242,0.25478929956871,0.022422810891207234,0.09147614871835685,0.3925595879832109,0.30065050753250944,0.5951571877315232,0.9182000534257142,1.9174995248342306
120056.61+261512.4,-22.691241976560747,-22.83708104083576,-23.092540383976115,-23.13216036123466,-23.44702661822899,-22.861717198983456,-23.089780038190657,-24.02388815534643,-24.21593327383579,-24.646932003168946,-25.189529336189867,-25.79862268361929,1,0.14583906427501248,0.25545934314035534,0.03961997725854616,0.31486625699432835,0.22806283920720105,0.1920451184893608,0.43099872933315453,0.6090933474294218,2.0573689749552067
120216.23+262604.0,-24.478274036753785,-24.653194078452845,-25.033884084671648,-25.26620205297333,-25.342080275740447,-22.82211824914575,-23.97880022808454,-25.519227542603552,-25.65928021527928,-26.179934531759365,-26.92827304188761,-27.839429688392187,1,0.1749200416990604,0.3806900062188028,0.2323179683016825,0.0758782227671162,1.156681978938792,0.14005267267572918,0.5206543164800834,0.9111566465045762,1.6620709889142802
120240.68+263138.6,-23.801984326845584,-23.99044322376507,-24.229938611301787,-24.312286645585623,-24.63271797167775,-23.33577788638097,-23.4964620025796,-24.43180984433636,-24.827646656007,-25.03439056755109,-25.827163587790817,-26.578033859497683,1,0.18845889691948514,0.23949538753671717,0.08234803428383586,0.32043132609212677,0.160684116198631,0.395836811670641,0.20674391154408767,0.7508702717068658,1.5148769422051949
120348.08+455951.1,-23.248178346802398,-23.34143925450325,-23.55150815991872,-23.62380012050489,-23.947008429369134,-22.989991108018963,-22.93462675018747,-23.906831116622808,-24.19816888393243,-24.78495879655341,-25.71265900052545,-26.361784742878346,1,0.09326090770085216,0.21006890541546852,0.07229196058617049,0.32320830886424545,-0.055364357831493294,0.2913377673096207,0.5867899126209828,0.6491257423528971,2.0888588800205596
120354.76+371137.2,-22.45203404228657,-22.628278323346628,-22.795774422256287,-22.93669856629488,-23.29058818821505,-22.016351828869457,-22.20510057417277,-23.717741609583275,-23.99730243239648,-24.666067324911005,-24.9146684563903,-25.57793957386628,1,0.17624428106005752,0.167496098909659,0.14092414403859266,0.35388962192017104,0.18874874530331454,0.27956082281320604,0.668764892514524,0.6632711174759827,1.9779698900954195
120407.57+341916.3,-22.867646031221746,-23.249938140547545,-23.767179890506902,-23.885009108685736,-24.09159991719244,-20.19188837454031,-21.7219222302518,-23.563374135751232,-24.44627542022035,-24.84383335545553,-25.86417470018866,-26.801726471257076,1,0.3822921093257996,0.5172417499593571,0.11782921817883363,0.20659080850670364,1.5300338557114905,0.8829012844691171,0.3975579352351808,0.9375517710684171,1.9791655915029231
120422.32+380836.8,-24.11267317248529,-24.23326662852441,-24.52353272760792,-24.55548586298771,-24.742176230431447,-23.867952098094527,-23.850479537126684,-24.442367232218675,-25.07903810521457,-25.54201311133148,-26.50390791867659,-27.370638466439782,1,0.12059345603912064,0.29026609908350665,0.03195313537979061,0.18669036744373813,-0.017472560967842554,0.636670872995893,0.46297500611691333,0.8667305477631935,1.94842205568888
120424.03+433056.9,-25.36849472308737,-25.535361646794865,-25.843656533951687,-25.911748261651734,-26.006800053844145,-24.61743247995396,-24.857555203566942,-25.820377143141208,-26.01868954399462,-26.703350880317387,-27.86996621088034,-28.82321035793164,1,0.16686692370749512,0.30829488715682274,0.06809172770004679,0.095051792192411,0.24012272361298415,0.1983124008534105,0.6846613363227689,0.9532441470513007,1.9582179492286045
120443.35+171522.4,-22.768076396046087,-23.199088100398352,-23.378192510959675,-23.54366341494821,-23.740452465405323,-23.07205897482793,-23.220616442992,-24.742710443840203,-25.007380626276763,-25.54138130046936,-26.08285780266053,-26.992905433290105,1,0.4310117043522652,0.17910441056132242,0.1654709039885347,0.19678905045711304,0.14855746816407134,0.2646701824365607,0.5340006741925976,0.910047630629574,2.539194387712321
120549.42+180311.5,-23.21288809438779,-23.34091755956703,-23.695350129553205,-23.80147331863905,-24.037057327261856,-23.389204457221062,-23.032941654106384,-24.29574871323877,-24.73388815542066,-25.56158405317026,-26.052324456304195,-26.93278284096327,1,0.12802946517923885,0.35443256998617656,0.10612318908584584,0.23558400862280493,-0.35626280311467795,0.4381394421818925,0.8276958977495994,0.8804583846590752,2.250851137665144
120554.53+510043.0,-23.77910151980859,-23.938362615827423,-24.28840536371186,-24.45424535751389,-24.55036901102033,-23.51501312067058,-23.49341743057952,-24.248393334302847,-24.62516423919789,-25.302033643296635,-26.218429869577413,-27.09068848728555,1,0.15926109601883098,0.35004274788443723,0.16583999380203096,0.0961236535064387,-0.021595690091061215,0.37677090489504295,0.6768694040987455,0.8722586177081375,1.7641845120635224
120629.36+281436.1,-22.2716045653564,-22.67530150951563,-22.990325849373832,-23.135079442748832,-23.341999961869224,-20.68905082599888,-21.300422310092333,-23.408975408960902,-23.679922180613964,-24.226709164035803,-25.12136693986368,-25.763480370121364,1,0.4036969441592291,0.31502433985820133,0.14475359337500038,0.20692051912039133,0.6113714840934534,0.2709467716530618,0.5467869834218391,0.6421134302576839,1.9862874971148479
120629.72+240816.2,-23.068042654631917,-23.26857092679348,-23.57458906263752,-23.552516689117898,-23.864861289368843,-22.19944617157049,-22.72752891208968,-24.14014154653997,-24.649347290886475,-25.222659311455622,-25.49996871714361,-26.421643986503632,1,0.20052827216156288,0.3060181358440417,-0.022072373519623767,0.31234460025094535,0.5280827405191921,0.5092057443465059,0.5733120205691478,0.9216752693600228,1.9474520280257117
120714.04+292236.8,-22.2951488034268,-22.38312932203193,-22.61610545899189,-22.83182502970198,-23.297286712566283,-22.04771631580983,-22.22470667274392,-22.89587151838595,-23.60363333882876,-24.277551795668384,-25.357789143529416,-26.11321363710869,1,0.08798051860512857,0.23297613695995878,0.2157195707100925,0.46546168286430145,0.17699035693409115,0.707761820442812,0.6739184568396226,0.7554244935792731,2.5259641138274347
120751.79+604706.6,-22.557975706476668,-22.865242315819625,-23.189028057167143,-23.24891885065368,-23.48194159016368,-21.958373745990983,-21.66891888422281,-23.38978647023253,-24.180935825415258,-24.497813500500456,-24.71013833495235,-25.364520491188014,1,0.3072666093429568,0.3237857413475176,0.05989079348653803,0.2330227395099982,-0.28945486176817425,0.7911493551827284,0.31687767508519826,0.6543821562356626,1.4612194842986703
120806.18+171253.6,-23.49963678145106,-23.78278014150049,-24.0834370863832,-24.135421011651268,-24.37598114560397,-23.12480110048652,-23.175812415804263,-24.447649413839308,-24.70390078258724,-25.143045400860668,-25.504990805412326,-26.44054371653576,1,0.2831433600494293,0.3006569448827108,0.051983925268068276,0.2405601339527017,0.05101131531774428,0.2562513687479324,0.43914461827342777,0.935552911123434,1.369569793761059
120854.94+221355.7,-24.912579188036528,-25.23657064938245,-25.654576014025025,-25.6738025757322,-25.9068262524534,-22.51169012409966,-22.368841434843432,-26.335806676500653,-26.603522647583105,-27.009476966966275,-26.70198970708564,-27.68743475413188,1,0.3239914613459227,0.41800536464257476,0.01922656170717474,0.23302367672119928,-0.14284868925622618,0.2677159710824526,0.40595431938317006,0.9854450470462375,1.028187131353441
120934.19+403425.1,-24.030892189950205,-24.10636640795031,-24.385033403373303,-24.399953834310946,-24.49263187846247,-23.83640865842748,-23.78317485178823,-24.284031122777197,-24.59111948955351,-24.729818198063622,-25.78236315542962,-26.632512374505403,1,0.07547421800010667,0.27866699542299145,0.014920430937642948,0.0926780441515227,-0.05323380663924837,0.3070883667763127,0.13869870851011257,0.8501492190757816,1.3824093211186756
120934.46-022245.3,-23.494618402903964,-23.67895414103659,-23.95989278267537,-24.13295341936441,-24.273688771044142,-24.30288033983121,-23.98627759570136,-24.367939355397883,-24.715749744356685,-24.82687531684029,-26.13422211409576,-27.022607155180825,1,0.18433573813262782,0.28093864163878024,0.17306063668903704,0.1407353516797336,-0.3166027441298489,0.347810388958802,0.11112557248360488,0.8883850410850656,2.001268694731351
121027.06+663142.3,-23.543974871639268,-23.630102508336183,-23.96125942370492,-24.059659096495515,-24.26229954471431,-23.298764883275872,-23.51530548503585,-24.29822949825822,-24.482322553984567,-25.02610408176654,-25.65233813815997,-26.488280842538536,1,0.08612763669691503,0.33115691536873726,0.09839967279059536,0.20264044821879423,0.21654060175997714,0.18409305572634693,0.5437815277819738,0.8359427043785672,1.5926790416644536
121102.13+033559.0,-24.599820904211978,-24.71962343788938,-25.011483625091586,-25.05488125698958,-25.20021062806639,-23.981345377881595,-24.803075900775884,-25.073422916302327,-25.459169644167464,-26.00193154579635,-26.66521728710668,-27.49867934549245,1,0.1198025336774009,0.2918601872022073,0.043397631897995836,0.14532937107680866,0.8217305228942884,0.3857467278651363,0.5427619016288858,0.8334620583857699,1.6103360301171001
121126.29+405344.7,-24.75398678821976,-24.790817533933243,-25.099209488243563,-25.210914723066168,-25.38126892023911,-18.554236193449988,-17.807679677030386,-25.30188694570506,-25.692296969137416,-25.62249545163989,-26.61000645088219,-27.481597642304678,1,0.03683074571348399,0.30839195431031996,0.11170523482260464,0.17035419717294076,-0.7465565164196022,0.39041002343235576,-0.0698015174975275,0.871591191422489,1.399091727816021
121220.02+455138.2,-23.66077528034559,-23.81160089986685,-24.189420399227224,-24.17328195118136,-24.2701453900215,-23.332380082397897,-23.365049677190623,-24.301403303642736,-24.88400764357454,-25.473840864611144,-26.176708353795657,-26.973945897701128,1,0.15082561952126028,0.37781949936037407,-0.01613844804586506,0.09686343884014192,0.032669594792725576,0.5826043399318053,0.5898332210366029,0.7972375439054709,2.0034264026142985
121226.12+211329.0,-24.52387218929653,-24.559689184146524,-24.877586849716614,-25.01205725152735,-25.15322712162704,-23.736164763391265,-24.34538754801592,-25.22582796466534,-25.298584033359507,-26.052261973251227,-26.96356457046007,-27.863289724046854,1,0.0358169948499949,0.31789766557009,0.13447040181073433,0.1411698700996915,0.6092227846246558,0.07275606869416862,0.7536779398917197,0.8997251535867861,1.9515073189327197
121248.04+615340.4,-24.709012662631828,-24.809094277170352,-25.00418329727316,-24.98511729423556,-25.171795380847072,-24.55265626971331,-24.26041827519176,-24.915043779816912,-25.05357275561818,-26.0277273740596,-26.53536970536724,-27.36772958225722,1,0.10008161453852438,0.19508902010280593,-0.019066003037597312,0.18667808661151142,-0.29223799452154964,0.13852897580126822,0.9741546184414211,0.8323598768899778,1.5502524111316802
121427.00+350907.5,-24.263818359430807,-24.409469397268754,-24.720494606296977,-24.89442077967527,-24.988369543622813,-24.08427978322733,-24.327574628468472,-25.06770769747044,-25.19928308178847,-25.717167494474182,-26.44962586206116,-27.35185989289821,1,0.14565103783794697,0.31102520902822306,0.17392617337829108,0.09394876394754448,0.24329484524114164,0.13157538431802962,0.5178844126857136,0.9022340308370502,1.5552050823858927
121507.55+174012.5,-22.64779794780229,-22.887333147949988,-23.189991656771674,-23.255865395884506,-23.49326873174618,-21.68340671759477,-22.29676076401209,-23.707360894638803,-24.153054352186167,-24.77172167768669,-25.388730380693485,-25.953897761575057,1,0.23953520014769936,0.3026585088216862,0.06587373911283123,0.23740333586167495,0.6133540464173208,0.4456934575473639,0.6186673255005211,0.5651673808815723,2.132864984808979
121509.22+330955.1,-24.838142164513307,-25.048609306064897,-25.37909094703013,-25.33776246565656,-25.480727990625955,-24.865070377058156,-24.877694339251843,-25.51366136220244,-25.689349980741184,-26.01703540866836,-26.76351229715037,-27.603494894389097,1,0.21046714155158952,0.3304816409652318,-0.04132848137356859,0.1429655249693944,0.012623962193686111,0.17568861853874296,0.32768542792717525,0.8399825972387269,1.4257498314938104
121509.95+462715.1,-24.153453521964675,-24.355292224821746,-24.64308259959488,-24.59830919422442,-24.78982516344378,-23.026820214348685,-23.793160753255933,-24.772561216725496,-25.270330309412383,-25.254251076782385,-25.77368286161741,-26.62927543285465,1,0.20183870285707073,0.2877903747731345,-0.04477340537046004,0.19151596921935976,0.7663405389072473,0.4977690926868874,-0.01607923262999833,0.8555925712372421,1.1753736673929893
121552.21+182056.8,-23.56412452319521,-23.698791781735792,-23.8298254041684,-23.80386765530428,-24.04952289109442,-23.39203808208128,-23.26418561531146,-24.00830795303841,-24.44714305941741,-25.02325042565025,-25.14139215470624,-26.01973679259096,1,0.13466725854058126,0.1310336224326072,-0.025957748864119168,0.2456552357901387,-0.12785246676981998,0.43883510637899903,0.57610736623284,0.8783446378847231,1.3375244994019582
121633.56+181907.1,-23.48361367236479,-23.52849190985144,-23.821945415221396,-23.697797840231026,-23.826678075748603,-23.39052891699012,-23.155684740865095,-23.79374238574426,-24.310099459986496,-25.08835249939193,-25.89025583751292,-26.65302461842093,1,0.04487823748664965,0.29345350536995696,-0.12414757499037066,0.12888023551757755,-0.2348441761250264,0.5163570742422365,0.7782530394054348,0.7627687809080079,2.1924579972818954
121640.56+071224.3,-24.73076375599629,-24.897864925367244,-25.076097876101446,-25.0591238443301,-25.186868805819948,-24.51048447122265,-24.38847011789537,-25.109736004319384,-25.35981994354793,-26.12791538245014,-26.59132681615036,-27.420677757992618,1,0.1671011693709552,0.17823295073420198,-0.016974031771347597,0.12774496148984937,-0.12201435332728039,0.25008393922854566,0.7680954389022112,0.8293509418422573,1.5322029718202614
121649.02+174804.6,-23.56296459531006,-23.739286971558,-24.013064837699435,-24.045477700281516,-24.27413958508568,-23.438279833554063,-23.551173759450812,-24.237578017664188,-24.76630596807759,-25.245964843260715,-25.51698188905999,-26.47125710559944,1,0.17632237624793845,0.27377786614143673,0.0324128625820812,0.22866188480416483,0.11289392589674918,0.5287279504134013,0.47965887518312655,0.9542752165394504,1.471504188778475
121656.53+022915.4,-24.287342991590656,-24.47331929174854,-24.823436043139846,-24.97737453282204,-25.185357529990096,-18.480500817962973,-16.945580844708452,-25.51890105740036,-25.86545617891532,-25.998586763657176,-26.831269039279267,-27.70535031077397,1,0.1859763001578827,0.35011675139130816,0.1539384896821936,0.20798299716805602,-1.534919973254521,0.34655512151496026,0.13313058474185624,0.8740812714947026,1.8538945064572268
121707.70+604850.7,-24.4450760751432,-24.650594571864524,-24.950641229338736,-25.06860380556459,-25.18723314572141,-24.066746843664237,-24.505683696745905,-25.439982632087787,-25.59764715543369,-26.00554158284171,-26.724109438694587,-27.57830636749972,1,0.20551849672132505,0.300046657474212,0.11796257622585316,0.11862934015682214,0.4389368530816675,0.15766452334590397,0.4078944274080172,0.8541969288051341,1.655505633129998
121708.54+662447.4,-24.583886673575183,-24.69086945606203,-24.9061677967151,-24.900978743987945,-25.081573813529754,-24.444859581281538,-24.241163723791068,-24.65980313173423,-24.726730923969736,-25.456380416918687,-26.229029140813186,-27.176211001257343,1,0.10698278248684545,0.21529834065307085,-0.0051890527271538645,0.18059506954180904,-0.20369585749046948,0.06692779223550716,0.7296494929489512,0.9471818604441573,1.3280503968252404
121715.26+274950.9,-23.4555675680532,-23.565322853465275,-23.694837992073573,-23.73995680224265,-23.95382405893204,-23.015923581637114,-23.162791631473134,-23.668468735017367,-24.036851090782385,-24.486761937572957,-24.748942613139505,-25.565828156575435,1,0.10975528541207424,0.12951513860829778,0.045118810169075374,0.21386725668939022,0.1468680498360193,0.3683823557650179,0.4499108467905728,0.8168855434359301,1.0089858108968563
121716.08+080942.0,-23.51641127331677,-23.626400816566,-23.80456529539212,-23.83003719693868,-24.25798640852792,-23.38973091534908,-23.579944388938003,-24.556803779613283,-24.695047810002052,-25.05540323261009,-25.417995607703787,-26.09056226404208,1,0.10998954324923105,0.17816447882611897,0.02547190154655965,0.42794921158924026,0.1902134735889227,0.1382440303887691,0.36035542260803766,0.6725666563382937,1.5879584107651077
121721.41+305630.8,-23.01607543687096,-22.99600352024777,-23.332310538093555,-23.42123923998856,-23.921948257754643,-22.484610638318184,-22.559072205268052,-24.29475702696841,-24.954132324278405,-25.490563485424985,-25.34986162779705,-26.00368589061322,1,-0.0200719166231913,0.33630701784578676,0.08892870189500357,0.5007090177660842,0.07446156694986783,0.659375297309996,0.5364311611465808,0.653824262816169,1.9286223878084918
121756.87+252927.5,-23.24200254867477,-23.46997309549079,-23.86478740391375,-23.904730230784384,-24.085795823404755,-23.06567192449872,-23.442536785763316,-24.031652542245897,-24.4707817104294,-24.663619879787472,-25.266180456163305,-26.0831173436248,1,0.2279705468160209,0.3948143084229585,0.039942826870635884,0.1810655926203708,0.37686486126459684,0.4391291681835021,0.19283816935807252,0.8169368874614946,1.3614502253789205
121850.51+101554.1,-23.964462964938537,-24.09395870124873,-24.422535775916867,-24.48017814628584,-24.651311492809253,-23.682744024899407,-23.65884143545226,-24.29575524912056,-24.769948744439876,-25.20752715894659,-25.94171454731969,-26.775504698428467,1,0.12949573631019362,0.3285770746681358,0.05764237036897413,0.17113334652341194,-0.023902589447146738,0.47419349531931587,0.43757841450671364,0.8337901511087757,1.4615364010338503
122035.09+385316.4,-23.60457880943446,-23.83305093645074,-24.30927181065409,-24.33949441184513,-24.54158498801475,-23.267375675237066,-23.496813293974103,-24.29938855563112,-24.780685279593914,-25.39628301535504,-26.177013054272287,-26.91705416107657,1,0.2284721270162784,0.47622087420334935,0.03022260119104203,0.20209057616962056,0.2294376187370375,0.4812967239627959,0.6155977357611242,0.7400411068042843,1.8375186424271561
122035.48+484313.9,-23.049157963229764,-23.355858715016947,-23.779689528484035,-23.764629694356504,-23.88721369110251,-21.963584238215635,-22.31458401066386,-23.87459614286042,-24.46273927044963,-25.414313223994743,-25.997118702244126,-26.84471218082732,1,0.3067007517871829,0.42383081346708806,-0.015059834127530536,0.1225839967460054,0.3509997724482261,0.5881431275892126,0.9515739535451111,0.8475934785831925,2.2324890078876223
122039.35+171820.7,-22.62734902295189,-22.782062036371805,-23.15749114925431,-23.16965006595525,-23.32180196638192,-22.70011811703616,-22.76003704087017,-23.22893329396643,-23.88898189613064,-23.81862098866883,-24.335233226707803,-25.0136010051718,1,0.15471301341991506,0.3754291128825038,0.012158916700940381,0.15215190042667004,0.05991892383401165,0.6600486021642098,-0.07036090746181145,0.678367778463997,1.1655831607525542
122106.87+454852.1,-24.05695592296277,-24.15060459938978,-24.362306820193588,-24.36001401415211,-24.49197871245345,-23.842701806054315,-23.739484228591373,-23.75698845652373,-24.196903668369767,-24.90192919888481,-25.81394688606014,-26.658558281667705,1,0.09364867642700858,0.21170222080380796,-0.0022928060414777462,0.1319646983013385,-0.10321757746294224,0.43991521184603855,0.7050255305150444,0.8446113956075649,1.4539328719080302
122115.32-020253.3,-24.235122148768657,-24.35599682419836,-24.676768639438237,-24.68086127923271,-24.819145925994345,-23.31130639257185,-23.972899209049817,-25.002763557086293,-25.11427144715091,-25.46302818401682,-25.718925236447596,-26.602522191629387,1,0.12087467542970387,0.3207718152398762,0.004092639794471609,0.13828464676163676,0.6615928164779667,0.11150789006461537,0.34875673686591213,0.8835969551817904,1.038063957214888
122210.00+271902.4,-23.77702803206556,-23.9042132396508,-24.257381335706988,-24.32373394477724,-24.56133471453915,-23.725330313927262,-23.720693077214637,-24.315057916009216,-24.58108151502496,-24.72398405656131,-25.347210956120048,-26.170045047026484,1,0.1271852075852422,0.35316809605618715,0.06635260907025042,0.23760076976191158,-0.004637236712625281,0.26602359901574246,0.14290254153635118,0.8228340909064364,1.023477011342809
122317.79+092306.9,-24.315666054008897,-24.336799429354635,-24.553049217521554,-24.680789393111645,-24.78691852276981,-23.79675703586161,-23.74363116140616,-24.68986798334377,-24.973040539827725,-25.48073614356751,-26.00572022573993,-26.862333165885723,1,0.02113337534573745,0.21624978816691964,0.1277401755900911,0.10612912965816435,-0.05312587445544992,0.28317255648395445,0.5076956037397835,0.8566129401457943,1.324930832628283
122346.52+274232.6,-23.68287631190577,-23.72036263294332,-23.999640628259428,-24.074864144417965,-24.13476506002609,-23.54458976243464,-23.44663024533737,-23.559087299968525,-25.05953329531069,-25.13077685038417,-25.984805140209364,-26.83342056543748,1,0.03748632103755156,0.2792779953161073,0.0752235161585375,0.05990091560812516,-0.09795951709726936,1.5004459953421652,0.07124355507347957,0.8486154252281146,1.9099409957913984
122400.84+203205.9,-23.15620003071484,-23.393429986725003,-23.650607174052087,-23.73310725326693,-23.85639181399205,-23.07650520043953,-23.07969861349576,-23.98338004448411,-24.692739839284908,-25.09118448644461,-25.640063093949088,-26.498497149317465,1,0.2372299560101645,0.25717718732708406,0.08250007921484226,0.1232845607251214,0.003193413056230554,0.7093597948007968,0.3984446471597032,0.8584340553683774,1.9069558406821585
122420.28+435157.9,-22.372660649308614,-22.505672179502103,-22.68599664089619,-22.75322286108276,-22.917943191392418,-22.17221280100967,-22.215699392319465,-23.017115437888386,-23.47142606679037,-23.84141554912816,-24.450619012817395,-25.07477121537006,1,0.13301153019348888,0.1803244613940862,0.06722622018657276,0.16472033030965605,0.04348659130979371,0.45431062890198604,0.3699894823377896,0.6241522025526649,1.6973961517346332
122454.46+212246.3,-24.914622759894115,-25.10207440824662,-25.231413658245607,-25.16324212145225,-25.484153763560315,-24.62791867736516,-24.89551389902544,-25.459463683351046,-26.017341433003697,-26.570750545605037,-27.977881189400826,-28.78054493297692,1,0.1874516483525035,0.1293392499989885,-0.06817153679335775,0.3209116421080651,0.2675952216602795,0.5578777496526506,0.5534091126013401,0.8026637435760939,2.814639067948576
122456.49+053021.4,-24.14503435472598,-24.379523303365865,-24.65389795007502,-24.76567311143945,-24.8411012636269,-21.879942415136185,-23.7536785503114,-24.94487783534477,-25.112634390710845,-25.582175001536005,-26.35557607395501,-27.228205896831103,1,0.23448894863988556,0.27437464670915546,0.11177516136443089,0.07542815218744892,1.8737361351752142,0.1677565553660756,0.46954061082515963,0.8726298228760925,1.5899029625155592
122512.93+121835.6,-22.98549481639593,-23.15991776943024,-23.35390688169353,-23.463748392825348,-23.921515659561084,-23.427199239048864,-23.61791349285461,-24.054427832777936,-24.4186831582323,-24.90116343701541,-25.566507729519103,-26.28068840762748,1,0.1744229530343091,0.19398911226328863,0.10984151113181895,0.4577672667357362,0.19071425380574425,0.3642553254543657,0.4824802787831075,0.7141806781083773,2.1027593366937545
122517.95+222018.6,-23.310549637903787,-23.367131221309613,-23.574460995180303,-23.58099089358337,-23.815114662075057,-22.461500903717678,-22.90959584063608,-23.768964754780008,-23.938106584338698,-24.83042103278106,-25.402805051268817,-26.27573812444436,1,0.05658158340582631,0.20732977387068985,0.00652989840306617,0.23412376849168837,0.44809493691840174,0.16914182955868995,0.8923144484423631,0.8729330731755418,1.8218141576854485
122525.89+305920.2,-24.446205033508832,-24.51545464106778,-24.77351692627829,-24.91553463678129,-25.04414498439685,-24.165598928045164,-24.33239978124133,-25.075307265906023,-25.34796459036698,-25.763867018027504,-26.854966349960225,-27.8040184359612,1,0.06924960755894816,0.2580622852105101,0.14201771050300138,0.12861034761555956,0.16680085319616822,0.27265732446095825,0.415902427660523,0.9490520860009752,1.9394317131789336
122557.86+364907.7,-23.825948317513685,-23.943998746893108,-24.29270648763184,-24.313336949044903,-24.4587816571836,-23.6701155015642,-23.66394241977305,-24.568214182108665,-24.79259527482784,-25.504568492352128,-25.92937656363271,-26.875768741525437,1,0.1180504293794229,0.3487077407387318,0.020630461413063017,0.14544470813869737,-0.006173081791150281,0.22438109271917384,0.7119732175242888,0.9463921778927258,1.6160396145878089
122631.50+205522.0,-23.675821054760497,-23.891457677517263,-24.28166338051321,-24.39141554394471,-24.51114982463324,-23.598358380111048,-23.44234960529695,-24.691255992140285,-24.9020049999958,-24.98516441659789,-26.17639348514067,-27.09029660386764,1,0.2156366227567652,0.3902057029959458,0.10975216343150151,0.11973428068852954,-0.15600877481409725,0.2107490078555152,0.08315941660208992,0.9139031187269673,1.7849779411959616
122806.90+670844.1,-23.862156191323443,-24.090587690511526,-24.3219729171446,-24.36157719488605,-24.65771855389192,-23.9401656225814,-24.13477686627768,-24.578180163285538,-24.64268452440898,-25.077641465724646,-25.832266488697524,-26.57338227516954,1,0.22843149918808336,0.2313852266330727,0.039604277741450034,0.2961413590058726,0.19461124369627925,0.06450436112344349,0.4349569413156651,0.7411157864720153,1.4706892938114748
122814.04+322621.1,-23.24412027253245,-23.42127167324196,-23.640588657380384,-23.642280959681592,-23.825633768765798,-23.29919674860409,-23.19817778906097,-23.7344026676028,-24.231926643335143,-24.564464573915643,-25.13162710213107,-25.9362589113294,1,0.17715140070951207,0.21931698413842327,0.001692302301208315,0.18335280908420515,-0.10101895954311857,0.4975239757323422,0.3325379305805001,0.8046318091983302,1.4893461424494774
122853.69+191937.2,-23.027780303458968,-23.256272011901697,-23.555735512817368,-23.628492749765904,-23.86033796861569,-23.290569636483998,-22.990132026036758,-23.62940133917057,-24.45461524772519,-24.80516276393379,-25.400251122522697,-26.36898006932568,1,0.22849170844272848,0.299463500915671,0.07275723694853653,0.23184521884978437,-0.30043761044723993,0.8252139085546197,0.35054751620860003,0.9687289468029832,1.7717583727567927
122924.14+410509.6,-24.431897503610596,-24.55357002547433,-24.83490692001833,-24.956749918074877,-25.022066760487725,-24.01814392533693,-24.0458459073259,-24.97045535343096,-25.162675321412262,-25.432715670344678,-26.134259075339703,-26.99585421127569,1,0.1216725218637329,0.2813368945440011,0.12184299805654675,0.06531684241284808,0.027701981988972335,0.19221996798130192,0.27004034893241524,0.861595135935989,1.1775091572648257
122938.06+492227.9,-23.384750415375336,-23.666275176368828,-24.014557744226455,-24.207317751545997,-24.437082638040582,-23.597582430472038,-23.401611239771707,-24.439131484546213,-24.84428874497954,-25.65359206145189,-26.371234073125603,-27.216842367087924,1,0.28152476099349144,0.3482825678576269,0.19276000731954213,0.2297648864945856,-0.1959711907003303,0.40515726043332734,0.8093033164723487,0.8456082939623215,2.163916321579606
123038.05+162541.0,-24.079314277705443,-24.30293781553318,-24.642591553710066,-24.70363148041656,-24.88125363098929,-23.880064824111816,-24.43162977172188,-25.05086697512373,-25.233152636784187,-25.63473392027567,-26.090397965920623,-26.932070262531365,1,0.2236235378277378,0.33965373817688516,0.061039926706495606,0.17762215057272712,0.5515649476100641,0.18228566166045823,0.4015812834914847,0.8416722966107422,1.3867664855040616
123046.35+650606.9,-23.462437003034346,-23.59965878026872,-23.88408903889296,-23.91325579658297,-24.072195500066297,-23.526654251642995,-23.141928674153466,-24.2100293370772,-24.40742983252001,-24.98399587485901,-25.63962806709468,-26.44509065347989,1,0.13722177723437312,0.28443025862424065,0.029166757690010314,0.15893970348332687,-0.3847255774895295,0.19740049544281035,0.5765660423389996,0.805462586385211,1.7263722705117104
123115.20+590707.1,-22.635433706234288,-22.793886683182404,-23.05299553624508,-23.229007949487126,-23.470934957101857,-21.788363476543203,-22.227087705721097,-23.501572431168796,-24.02571797670012,-24.334092298558257,-25.13984155737213,-25.842735792237065,1,0.15845297694811578,0.2591088530626777,0.17601241324204508,0.24192700761473063,0.4387242291778932,0.5241455455313222,0.30837432185813896,0.7028942348649352,1.910833607885003
123118.08+552825.3,-23.46370856712508,-23.62642990034758,-23.85003366056085,-23.877757967229616,-24.043497592443785,-23.085761275717136,-22.833128257262267,-23.956614338737023,-24.969184984579467,-24.89328561985236,-25.37842391945478,-26.22793368798731,1,0.1627213332224997,0.223603760213269,0.02772430666876602,0.16573962521416874,-0.2526330184548691,1.0125706458424446,-0.0758993647271069,0.8495097685325312,1.5006659522251624
123220.79+395808.1,-25.61525323514653,-25.712273591507664,-26.03825877164725,-26.086758317451824,-26.314545700681137,-22.537967119492137,-22.56897128994569,-26.42825412558544,-26.74506679048377,-26.96217946668218,-27.154092697751167,-28.144080673952203,1,0.09702035636113493,0.3259851801395861,0.048499545804574495,0.22778738322931247,0.03100417045355286,0.31681266489832893,0.21711267619841124,0.9899879762010357,1.067334380299343
123247.41+203745.2,-23.172926899193317,-23.33540090775353,-23.655370145836283,-23.65318108067574,-23.88389940413593,-23.054708373110035,-22.982344028159137,-23.90611575594374,-24.202883398895885,-24.22473059626976,-25.293860807583908,-25.996541814393414,1,0.16247400856021343,0.3199692380827521,-0.00218906516054318,0.2307183234601915,-0.07236434495089838,0.296767642952144,0.021847197373876526,0.702681006809506,1.6406797269081679
123248.69+141426.5,-23.03272099023528,-23.177071146519484,-23.53089026157278,-23.67069214468892,-23.80397632331204,-21.75122718425019,-22.32830833164163,-23.7150480080498,-24.04067263526568,-24.6678399162136,-25.27232956486235,-26.049166028960705,1,0.14435015628420445,0.35381911505329455,0.13980188311614228,0.1332841786231178,0.5770811473914392,0.3256246272158805,0.6271672809479227,0.7768364640983556,1.6016374201734287
123304.05-003134.1,-23.24801370959872,-23.348166263767023,-23.66629798241131,-23.67954918094216,-23.87839785824516,-16.8834976486673,-14.639177411141826,-23.827932397177054,-24.348505423587167,-24.48609363444809,-25.18767147580979,-25.92480552821165,1,0.10015255416830371,0.31813171864428824,0.013251198530848995,0.19884867730300115,-2.244320237525475,0.520573026410112,0.13758821086092254,0.7371340524018599,1.5081222948676292
123325.78+093123.3,-24.535933141036548,-24.68045246780265,-24.936760445107268,-24.98528262425078,-25.27935456807136,-24.659978042462807,-24.626054734858595,-24.791955585472007,-25.29193088875734,-25.631187448750897,-26.756635122858626,-27.685907057364023,1,0.14451932676610113,0.2563079773046191,0.04852217914351087,0.29407194382057966,-0.03392330760421203,0.499975303285332,0.33925655999355797,0.9292719345053975,1.7713524986078468
123335.07+475800.4,-23.408198759923486,-23.516948177551395,-23.597155000805976,-23.715016869295223,-24.04166976406154,-23.13845988401798,-23.2903321857182,-23.889498609449387,-24.360202329408686,-24.72575629916373,-25.6007250993655,-26.396615229896224,1,0.10874941762790868,0.0802068232545814,0.11786186848924629,0.326652894766319,0.15187230170021948,0.4707037199592996,0.3655539697550445,0.7958901305307222,1.8857082300702785
123516.14+462309.3,-24.01524528710484,-24.216883547235767,-24.558422360010244,-24.618910258488096,-24.747332967097947,-23.62680322941098,-23.72550206090607,-24.751385325819665,-25.25174716960139,-25.938003486824183,-26.69103018482833,-27.611554828360447,1,0.20163826013092745,0.34153881277447695,0.0604878984778523,0.1284227086098504,0.09869883149508851,0.5003618437817252,0.6862563172227922,0.9205246435321186,2.072119926340232
123527.75+121338.8,-24.10064107327266,-24.252203991724915,-24.64410363325772,-24.815987175211315,-24.931140012759894,-23.48411520373294,-23.832263647347744,-25.06051652905097,-25.24491548639084,-25.83971869014864,-26.87538601168316,-27.82731759643521,1,0.15156291845225667,0.391899641532806,0.17188354195359423,0.11515283754857819,0.3481484436148037,0.18439895733986944,0.5948032037577988,0.9519315847520495,2.0593988364718463
123622.15+603020.6,-22.874117030787268,-23.11151902895419,-23.331424719226707,-23.438128757401884,-23.720009151650427,-23.04789675824925,-23.048360379111767,-23.51069417317971,-24.2007562786285,-24.63729671526672,-25.42091580593475,-26.245217919375424,1,0.23740199816692353,0.2199056902725154,0.10670403817517737,0.2818803942485424,0.0004636208625150573,0.6900621054487885,0.4365404366382215,0.8243021134406732,1.9827870485328667
123632.10+494851.0,-22.903506469526715,-23.11147083086746,-23.38228150346547,-23.400782794340863,-23.68898523314789,-23.097567416955503,-22.83588362122021,-23.170062428243437,-23.844870183034736,-23.889757259771347,-24.6064262269496,-25.40746383536464,1,0.20796436134074625,0.27081067259801017,0.018501290875391874,0.28820243880702634,-0.2616837957352942,0.6748077547912992,0.044887076736610965,0.8010376084150401,1.2056434326087384
123734.52+253820.0,-22.598953092229003,-22.774344850583184,-23.096310417762613,-23.19035459609058,-23.323233625521876,-22.75434330658917,-22.71249168430609,-23.777385492782333,-24.16773510873573,-24.688007569397023,-25.466117204051088,-26.23389665179997,1,0.17539175835418064,0.32196556717942926,0.09404417832796597,0.13287902943129737,-0.04185162228307959,0.39034961595339723,0.5202724606612925,0.7677794477488824,2.275762607960509
123931.00+350151.8,-22.81983868490643,-23.02110230158604,-23.43644028901765,-23.4409703215642,-23.59540263041595,-22.300485360790624,-22.512275825970693,-23.988890307857137,-24.48728442008676,-24.921693997511262,-25.402390817868604,-26.41133564981728,1,0.20126361667961135,0.41533798743160943,0.004530032546551155,0.1544323088517494,0.21179046518006928,0.49839411222962227,0.43440957742450337,1.008944831948675,1.9614204963044024
124021.17+093346.3,-24.230888389115652,-24.39524123892186,-24.66842406528733,-24.76154968729733,-24.818975414567,-23.57719069878448,-23.98778994529684,-24.839989381749312,-25.31286824737258,-25.89694158859366,-26.247160919450604,-27.10719034589839,1,0.1643528498062068,0.27318282636547053,0.09312562200999963,0.057425727269670546,0.41059924651235846,0.47287886562326875,0.5840733412210781,0.8600294264477846,1.4856112321532748
124035.60+502846.9,-23.89988029580758,-24.030491706629093,-24.37775700119353,-24.46300510187131,-24.59820073103661,-23.72542342774255,-23.63502815759761,-24.616020154928226,-24.91569832137392,-25.02155567760784,-25.76466867647767,-26.610781727385987,1,0.13061141082151195,0.347265294564437,0.08524810067778077,0.13519562916529893,-0.09039527014494197,0.29967816644569467,0.10585735623391912,0.8461130509083183,1.3016635746063585
124125.42+210023.2,-23.13336234757868,-23.25297122236028,-23.612644279660525,-23.640269473010047,-23.76117034472012,-23.182776103267493,-23.120762040921843,-23.844763644059025,-24.301317405633537,-25.242797840867667,-25.69283162547136,-26.492713894015896,1,0.11960887478160132,0.35967305730024535,0.027625193349521737,0.12090087171007369,-0.06201406234564999,0.45655376157451144,0.9414804352341299,0.7998822685445361,2.052562152461313
124129.64+285212.0,-23.50227133426478,-23.721879187348875,-24.023682696254745,-24.13638207216736,-24.287820654604253,-23.83633209672613,-23.545978663405,-24.482430212474043,-25.00074608199849,-25.44610791634888,-25.85944126186975,-26.864608130910423,1,0.2196078530840957,0.30180350890586993,0.1126993759126158,0.15143858243689223,-0.2903534333211333,0.5183158695244465,0.4453618343503898,1.0051668690406714,1.72305918970239
124139.72+493405.4,-23.337995107388576,-23.64899421738004,-23.91513151359877,-24.004519616560703,-24.246868023831876,-23.263433029758616,-23.428110215184542,-24.22923046553313,-24.776533672126096,-25.032304630470392,-25.70086193988737,-26.508736911633573,1,0.31099910999146374,0.26613729621873006,0.08938810296193367,0.24234840727117302,0.16467718542592635,0.5473032065929644,0.2557709583442964,0.8078749717462017,1.6963423233266681
124220.83+192302.5,-23.180337309486923,-23.325938371689617,-23.638186456798216,-23.782306439834493,-23.947840955983896,-23.15239958534127,-23.266328755093166,-23.745017106200997,-24.26068468983515,-25.023498246359573,-25.660803646916825,-26.528352975567486,1,0.14560106220269375,0.3122480851085996,0.14411998303627627,0.1655345161494033,0.11392916975189493,0.5156675836341513,0.7628135565244243,0.8675493286506608,1.878497207082333
124227.37+341646.6,-24.22033524653025,-24.31545859945206,-24.66455737243692,-24.72357086842821,-24.8824206885539,-23.11123648265441,-24.205042900719366,-25.333603993076604,-25.798383233239523,-25.655076173264025,-26.277230931138448,-27.104247850978304,1,0.09512335292181007,0.3490987729848598,0.05901349599129091,0.15884982012568827,1.0938064180649576,0.46477924016291894,-0.14330705997549842,0.8270169198398563,1.553660062710236
124237.28+173819.8,-23.03014299415772,-23.227219517160897,-23.456098143873312,-23.39715713015535,-23.601591082485776,-22.94181332631612,-22.89258848614161,-23.76988579238682,-24.438643815668083,-24.665211842365824,-25.444417964632333,-26.27077300917433,1,0.1970765230031759,0.2288786267124152,-0.058941013717962676,0.20443395233042594,-0.04922484017451012,0.6687580232812635,0.22656802669774123,0.826355044541998,2.047260834476983
124307.57+353907.1,-23.828407778588304,-23.96700874070433,-24.222390681955343,-24.261156042496594,-24.41736914894361,-23.740145910658637,-23.454835639827763,-24.600576477231886,-25.13018428442921,-25.208084644710187,-26.057338655808238,-26.85511911270768,1,0.13860096211602624,0.255381941251013,0.03876536054125168,0.1562131064470158,-0.28531027083087324,0.5296078071973227,0.07790036028097802,0.7977804568994422,1.7961826133116432
124307.85+345943.0,-23.810623827425477,-23.90567125302005,-24.13985068939456,-24.15442490640924,-24.342968251190783,-23.463693565275765,-23.56826775904322,-24.246128830064787,-24.84149481180313,-24.943544442568207,-25.804437493334028,-26.58129843567293,1,0.09504742559457213,0.23417943637451089,0.014574217014679647,0.188543344781543,0.10457419376745491,0.5953659817383432,0.10204963076507667,0.776860942338903,1.6500125869247881
124326.48+172937.3,-23.767547343969667,-23.9164587491921,-24.224780375507255,-24.256107399887565,-24.47085157405178,-23.663768344233556,-23.58308981438119,-23.986659338419887,-24.19909031125702,-24.73576456458209,-25.32375373658279,-26.116636678228325,1,0.14891140522243163,0.3083216263151556,0.03132702438031032,0.21474417416421332,-0.08067852985236712,0.21243097283713297,0.5366742533250708,0.7928829416455336,1.0676463366952262
124352.31+082824.0,-22.6423009646462,-22.74725023184038,-23.015361333342327,-23.16822854632192,-23.483465370759674,-22.613502383997982,-22.71369951070033,-23.752167695079194,-24.409670796445155,-25.116052337623223,-25.29490023608472,-26.10047157608762,1,0.10494926719417919,0.2681111015019475,0.1528672129795936,0.31523682443775414,0.10019712670234782,0.6575031013659611,0.7063815411780681,0.8055713400028992,2.1266716897628015
124354.66+371823.8,-23.62630977911156,-23.9224131489256,-24.257433506960183,-24.303505858900724,-24.532471908255296,-23.62505940939057,-23.86039266917454,-24.534004317667364,-24.710778517761728,-25.16522774237417,-26.040499817985943,-26.95237959971908,1,0.2961033698140412,0.3350203580345834,0.04607235194054127,0.22896604935457177,0.23533325978397102,0.17677420009436418,0.45444922461244275,0.9118797817331377,1.7369939590852184
124511.25+335610.1,-24.83865371872136,-24.858490154246606,-25.14846802819019,-25.376136152604232,-25.48175413481485,-24.02971753635721,-24.42674539020478,-25.37499303748204,-25.61205785594277,-26.00605044145605,-26.679284090458324,-27.56634150658065,1,0.019836435525245832,0.28997787394358454,0.22766812441404127,0.10561798221061736,0.3970278538475682,0.23706481846073046,0.3939925855132813,0.8870574161223246,1.3031479378540922
124613.12-004233.0,-24.917225021549733,-24.988156691991957,-25.20354503158697,-25.35317740686583,-25.48556727736415,-24.3709293847273,-24.465449294632545,-25.247748406715903,-25.54246794350769,-25.997808616769824,-26.76549696959309,-27.63851644677277,1,0.07093167044222426,0.21538833959501247,0.1496323752788591,0.13238987049832218,0.0945199099052445,0.294719536791785,0.45534067326213545,0.8730194771796782,1.4123195627272622
124629.84+265220.5,-23.11959043828644,-23.368193013470915,-23.707316946605356,-23.738892409510857,-24.080584691288934,-21.404253153734796,-22.168299739667752,-23.93975928657407,-24.686411635186573,-25.100382571438583,-25.83087868224725,-26.606762775624247,1,0.24860257518447426,0.33912393313444156,0.03157546290550073,0.34169228177807653,0.7640465859329559,0.7466523486125034,0.4139709362520101,0.7758840933769982,2.091986272736392
124705.52+395737.7,-22.9834008798862,-23.25417796328068,-23.51572909708628,-23.545448487638925,-23.764362807041383,-23.240272509439563,-23.10278962262547,-24.115857669360643,-24.437579196425908,-25.17173223137486,-25.585309683799583,-26.35114513675725,1,0.2707770833944778,0.26155113380560024,0.029719390552646274,0.2189143194024581,-0.13748288681409448,0.32172152706526447,0.7341530349489531,0.765835452957667,2.0398611961606576
124803.81+122807.1,-22.82411604080353,-23.231170631198736,-23.43439054849184,-23.49183253747126,-23.607931112693866,-23.56853845958588,-23.67974176409384,-24.069109170859573,-24.42526188893961,-24.61234697136668,-25.263987393791005,-26.075245307229157,1,0.4070545903952052,0.2032199172931044,0.05744198897941999,0.1160985752226047,0.1112033045079599,0.3561527180800361,0.18708508242707111,0.8112579134381512,1.7721548563197445
124817.68+110040.8,-23.195456198501542,-23.52921229874702,-23.90104130693813,-24.112865651197087,-24.256714042182317,-23.207729485594736,-23.19721902032412,-24.548762445979747,-24.687469103489093,-25.61786334149952,-25.83353920548679,-26.729141423036733,1,0.33375610024547697,0.37182900819111,0.21182434425895735,0.14384839098523017,-0.01051046527061672,0.13870665750934563,0.9303942380104253,0.8956022175499427,1.7206735542897036
124840.43+241240.5,-22.88093524809304,-23.16539448598293,-23.64021763655856,-23.726026176722456,-23.94058186895334,-22.087814337955223,-22.294385960629796,-23.53800087758209,-24.59962976163451,-24.8936408541825,-25.81092973027636,-26.75946555482753,1,0.2844592378898909,0.47482315057563085,0.08580854016389594,0.2145556922308849,0.20657162267457352,1.0616288840524213,0.29401109254798996,0.9485358245511684,2.0849035535539038
124905.47+475825.4,-24.260362787252905,-24.500751519930457,-24.827390734571324,-24.900693983828305,-25.049148309499564,-24.635417825393496,-24.274026527471182,-25.141375415322937,-25.427936229543768,-26.048470699053617,-26.41295947031681,-27.43711984947029,1,0.2403887326775518,0.326639214640867,0.07330324925698051,0.14845432567125982,-0.3613912979223137,0.2865608142208309,0.6205344695098489,1.0241603791534786,1.5122654864885057
125001.99+175302.3,-23.543312848289133,-23.75839192504705,-24.127032445161124,-24.302604382059567,-24.37718224561952,-22.11037933990476,-22.81788815059341,-24.360149305470443,-25.10285014034337,-25.42260707886833,-25.924133692163885,-26.846918818645538,1,0.2150790767579167,0.36864052011407367,0.17557193689844297,0.0745778635599521,0.7075088106886511,0.7427008348729274,0.3197569385249608,0.9227851264816529,1.621529310104318
125036.22+175705.5,-23.57552046015561,-23.526313141943625,-23.654021183644467,-23.671484871850076,-23.961882525182045,-23.70981781032925,-23.659704545318064,-24.09965684564065,-24.61223307177814,-25.356062336658148,-25.98467632042003,-26.83245372997942,1,-0.049207318211983875,0.12770804170084205,0.017463688205609174,0.29039765333196854,-0.05011326501118418,0.5125762261374902,0.7438292648800093,0.8477774095593915,2.3131914485699525
125050.32+312553.7,-24.45878320318981,-24.56316847395316,-24.827503071814508,-24.95663704276267,-25.185653876938616,-23.48059166376397,-24.294451375373725,-24.973281029578622,-25.425075281855435,-25.79583959393161,-26.5962653253914,-27.5042195791152,1,0.10438527076334836,0.2643345978613496,0.12913397094816048,0.22901683417594754,0.813859711609755,0.45179425227681236,0.3707643120761759,0.9079542537238012,1.6396282826287312
125100.31+302541.8,-23.72454244893297,-23.976799993715225,-24.277225495199858,-24.205756709597026,-24.330606166395377,-24.36882574383464,-24.244194674252512,-24.426103789711576,-24.729815583046072,-25.31429429708598,-26.3408493660014,-27.184860614867603,1,0.2522575447822568,0.3004255014846322,-0.07146878560283199,0.12484945679835135,-0.12463106958212933,0.3037117933344966,0.584478714039907,0.8440112488662024,2.1350926564043746
125157.90+061341.6,-24.006383765860967,-24.03023650469256,-24.308744942370826,-24.349465368262727,-24.28794424292498,-23.28817901405269,-23.81850611793552,-24.355855895074157,-24.674341576600707,-25.046320849142933,-25.725997128333656,-26.47635807877702,1,0.023852738831593,0.2785084376782656,0.04072042589190161,-0.06152112533774812,0.5303271038828292,0.31848568152654977,0.3719792725422266,0.7503609504433655,1.3765317600709288
125304.50+024704.4,-23.28612676511573,-23.483552691061245,-23.69818243060877,-23.71410758521931,-23.86854623167328,-23.482409429402782,-23.2932465067004,-24.091534060099445,-24.51675483313339,-24.68767210022316,-25.237600453827092,-26.133000383832275,1,0.19742592594551667,0.21462973954752584,0.015925154610538783,0.15443864645397198,-0.18916292270238344,0.4252207730339457,0.17091726708977006,0.8953999300051834,1.5234928686077822
125336.70+203730.8,-23.16395398678218,-23.29550857880512,-23.623462432374332,-23.81027618014476,-23.939499269078112,-22.97858106105093,-22.979455679106824,-23.83406603329622,-24.15701690469784,-25.136992426933105,-25.920226512094803,-26.794860985582662,1,0.1315545920229404,0.3279538535692126,0.18681374777042947,0.129223088933351,0.0008746180558922845,0.3229508714016198,0.9799755222352644,0.874634473487859,2.109950331950042
125415.55+480850.6,-23.555367379598376,-23.85343057791149,-24.12430834566305,-24.162866485128045,-24.3583540619501,-23.371931249418168,-23.239425770246065,-24.05502552371135,-24.934484402650423,-24.928454698070524,-25.781664996523972,-26.616822994546556,1,0.29806319831311257,0.2708777677515606,0.03855813946499609,0.1954875768220532,-0.13250547917210298,0.8794588789390723,-0.006029704579898265,0.8351579980225843,1.6187985113959265
125436.40+053720.4,-24.33947925060692,-24.51346927914036,-24.700339660492958,-24.734994889238088,-24.936725806375104,-24.055735347973368,-24.096605142833592,-25.06345313809349,-25.44205122723784,-25.871143273387087,-26.194211140848257,-27.06455010323146,1,0.1739900285334386,0.18687038135259826,0.03465522874513027,0.20173091713701652,0.04086979486022457,0.3785980891443508,0.4290920461492469,0.8703389623832045,1.4592162516101688
125519.69+014412.2,-24.4581442867849,-24.589846011553472,-24.75819784556215,-24.72102140528829,-25.11424663292061,-24.10544319755755,-24.06890153042769,-24.714881924080416,-25.085937613571677,-25.69251294497177,-26.679220537170718,-27.430739056679915,1,0.1317017247685719,0.16835183400867848,-0.03717644027386058,0.39322522763232115,-0.03654166712985685,0.37105568949126067,0.6065753314000943,0.7515185195091973,1.9581991318824272
