SDSS_NAME,Z,M_u,M_g,M_r,M_i,M_z,M_FUV,M_NUV,M_2j,M_2h,M_2k,M_W1,M_W2,community
125543.36+350952.7,0.467606,-22.61469471565028,-22.82839565766477,-23.010741797418376,-23.173230224871443,-23.42703113196437,-23.38033164420538,-23.572122821729103,-24.008162971430963,-24.243721977235296,-25.019723023182863,-25.27311961692054,-26.09009924742447,2
125730.21+354320.1,0.524892,-23.48242168418524,-23.634571175778312,-23.826602392995245,-23.82619007306334,-23.986165336678685,-23.48044783307112,-23.292889622405276,-23.3868569391216,-24.27107813554028,-24.86387259043909,-25.45203931058351,-26.36544953360807,2
125807.45+232921.6,0.2583,-22.50631142963612,-22.8269518674351,-23.27347228559161,-23.450182653184115,-23.46505353044182,-22.10611058348093,-22.537301550347003,-23.86700620213119,-24.28601352182009,-25.030912364657198,-25.89220483278819,-26.64475293945426,2
125809.31+351942.9,0.31,-21.578705001520657,-21.72630941552499,-22.178090128173352,-22.415405674351454,-22.979439572594025,-21.296314624909908,-21.276504110967853,-22.891049132802053,-23.41873150094751,-23.77097657453494,-24.52896976130004,-24.977138569976024,2
125815.22-015918.7,0.412502,-23.222971900114285,-23.326998929121128,-23.60143609285644,-23.571742730214712,-23.75336604369223,-23.448892245438536,-23.448990020135067,-23.6400958510072,-23.99157078424938,-24.25427942572973,-25.638334429028024,-26.40874109011559,2
125846.66+242739.1,0.3711,-23.091349912908477,-23.229167155897624,-23.493558426456303,-23.56265478751268,-23.84387157300145,-22.913251001661965,-23.10898005125459,-23.999618730486755,-24.53187422840228,-24.764766958580594,-25.18537412612755,-26.00368503890763,2
130002.91-010601.7,0.30771,-21.978138218908768,-22.185764950762863,-22.576444756399887,-22.65368222455909,-23.008558880473387,-21.395834140574912,-21.9094082204598,-23.200562689377247,-23.144202254420023,-23.699159613340743,-24.067939891036303,-24.6489135246624,2
130028.53+283010.1,0.647085,-24.40465527162284,-24.57636429759886,-24.89197384650531,-24.880703379013585,-25.04638593292951,-23.21321381271372,-23.89750753109037,-25.124526410094333,-25.359099526758893,-25.730327107273467,-26.21541202395101,-26.904626797873696,2
130058.58+193559.4,0.6079,-23.10272522027776,-23.324664982016284,-23.74951657847579,-23.86428447892417,-24.09219631956161,-22.33191489285621,-22.735203163295825,-24.314004957535417,-24.47856612453648,-24.658564566189533,-25.36126827834067,-25.996206397056017,2
130101.94+130227.1,0.417491,-23.46955442207457,-23.743113151658584,-24.15911243763194,-24.17405685242192,-24.340751607465062,-23.4649938980738,-23.685357311922072,-24.50026663234743,-24.99635209579617,-25.55570906999539,-26.381074279744464,-27.09790029280402,2
130112.91+590206.6,0.477549,-25.426581234256343,-25.48923748745054,-25.82861063597445,-25.837261972526168,-25.947341565328184,-25.34299672455458,-25.26490876431672,-25.768319114578908,-26.219483731887266,-26.767115221051014,-27.47339845029828,-28.322498209888963,2
130212.30+304120.7,0.899012,-23.95381080682323,-24.053767389818116,-24.41736504432666,-24.49836807050525,-24.681180219397493,-22.821793466545014,-23.73791031040385,-24.872000930557263,-25.36188626597099,-25.735204340842422,-25.929872687164604,-26.77256383708322,2
130307.72+194236.2,0.668,-23.33735680099693,-23.673856537078528,-24.040438962614324,-24.015176564338294,-24.14066934837266,-23.339600544344243,-23.65377697453276,-24.252352771168848,-24.8763153196149,-24.78227688423897,-25.7836441901164,-26.51657056364147,2
130343.27+070947.5,0.938,-24.853452636928484,-24.891797518147754,-25.162120174564254,-25.184815379306887,-25.3097709921671,-22.6571680874686,-24.35595535244821,-25.36561143951036,-25.543885581725643,-25.73872760034899,-26.57395038280923,-27.451235614816664,2
130345.98+263314.1,0.4356,-23.1387030129287,-23.259282833011667,-23.430078399602134,-23.521485004091264,-23.796384949320167,-23.39497274523608,-23.221676327658333,-23.41569961981255,-23.849723543012303,-24.25434189465449,-24.634440886908635,-25.46039254894136,2
130357.89+500638.3,0.392118,-22.385941070403383,-22.6516406293952,-22.97377079049261,-22.99475722911605,-23.213795768235187,-22.437094450784684,-22.352530283169948,-23.722069086940216,-23.865180250936262,-24.395596172361444,-25.10708263660446,-25.93062258229823,2
130432.98+464245.3,0.446,-22.690601491782868,-22.79375292825105,-23.193299822852996,-23.297266678125293,-23.540699618277102,-22.82880044438868,-22.57292050160378,-23.752669340088456,-24.40443627745579,-24.78237588560424,-25.281594272243314,-25.967239828443237,2
130451.41+245445.9,0.6024,-24.051250808412004,-24.18471493722876,-24.444321577296385,-24.43271155833077,-24.593786420962186,-24.31984725840548,-24.03931317105304,-24.733953139128012,-24.72653192003853,-25.137671849770232,-25.52588655064025,-26.449205881573857,2
130456.91+395111.4,0.271015,-22.47187248338039,-22.64249816335467,-22.872325689215376,-22.93724812427233,-23.099926109936074,-21.769069447341103,-22.089163217761715,-23.64240116943836,-23.89918356246307,-24.617339119161795,-24.835962850697346,-25.481508405915974,2
130524.25+035730.9,0.545657,-23.573976045473493,-23.67917684951332,-23.87494404272028,-23.863434736637217,-24.02734934955108,-23.36616209445425,-23.46290376095584,-24.00462050968051,-24.76959663657655,-25.26000594573611,-26.22833662621005,-27.052379537476124,2
130524.85+221913.8,0.4894,-23.044723682678597,-23.167510404432186,-23.37755438228113,-23.34555266156343,-23.612264720643783,-23.460755885517983,-23.530252323721392,-23.859277951881403,-24.223347188304025,-24.750402589251436,-25.215686244910103,-25.92267244913724,2
130543.81+333531.5,0.488386,-23.26488329869392,-23.424436056665115,-23.60837801165549,-23.60697850976152,-23.788555767435074,-23.35203347292323,-23.38195712817992,-23.91615607564193,-24.46182685701697,-24.879537626393542,-25.44704917262412,-26.286749613338245,2
130554.16+014929.9,0.734,-24.0075216376538,-24.219095734114955,-24.56908683788121,-24.547681983769756,-24.802713028407545,-23.98698625940781,-24.459836658459118,-24.97230255603228,-25.349698718838678,-25.18267428010219,-26.08029567451756,-26.843180419045822,2
130601.87+580319.8,0.443982,-23.611554500421505,-23.68924429593787,-24.004707998633677,-23.99781710016613,-24.197120952291044,-23.9094303585434,-23.83839058143459,-24.698738935892575,-25.30674716774704,-25.9916038663886,-26.776173397983253,-27.68027053630685,2
130608.36+342042.9,0.776047,-24.40772248085168,-24.581213855149965,-24.87320479846591,-24.93768515794643,-24.998882259951284,-24.26029360722306,-24.563805360845112,-25.32383706541764,-25.49587814674375,-25.42614864057283,-26.3896849874604,-27.15651701648204,2
130624.96+340135.8,0.281,-21.57204851889157,-21.672364273931056,-21.913100560512188,-22.04605568405224,-22.078913654701488,-21.65182311813368,-21.552066718560045,-22.421147186114645,-22.56895897892013,-23.270870208812745,-23.98568460512482,-24.639584551050262,2
130730.80+084641.9,0.350027,-23.39857791692456,-23.555410559147624,-23.72389232117277,-23.78781980530377,-24.087898325673542,-23.00329363211871,-23.15440408558441,-24.040259192503584,-24.3025608879214,-24.915255697128934,-25.6077891369076,-26.35299323737894,2
130753.92+064213.9,0.601,-24.45386873353566,-24.618335058147025,-24.87610017258092,-24.821944454593524,-25.02332697153776,-24.061984312523,-24.06049039981539,-24.66566579531316,-24.71279526932492,-25.203493308132693,-25.9091734683037,-26.73553052154655,2
130832.10+034403.9,0.618932,-24.037562716849862,-24.21202107121532,-24.41711112700037,-24.43795624743421,-24.537999438329347,-23.360337719088477,-23.531364963052688,-24.369358814606887,-24.60983699916369,-25.06825452803685,-26.33465859169235,-27.127098029348875,2
130956.19+215702.9,0.6106,-23.71415743781021,-23.79200482831053,-24.06505049825693,-24.071541465057678,-24.232740516407496,-23.72573157140981,-23.352721603030627,-24.182928793073003,-24.632335833309053,-24.70087188758484,-25.6757854726302,-26.49897199385928,2
131011.30+075816.3,0.5767,-23.90588372473186,-24.018851518908928,-24.235488277794435,-24.291282445938386,-24.391010591420624,-23.956389321836483,-23.701411097048265,-24.37312561652828,-24.843725992523,-25.207841099075942,-26.144306372960845,-27.15579874431978,2
131028.66+322043.7,0.998007,-23.93590926574909,-24.247779351635344,-24.8137841245426,-25.26504998265629,-25.645136844609368,-21.59743870415153,-23.392668068824914,-25.51016182556924,-26.018847786465745,-26.514671625692067,-27.7526019198522,-28.467314999521577,2
131140.67+560835.0,0.34116,-22.31206299445805,-22.341942328607296,-22.806930056515466,-22.911228348946683,-23.37716037932892,-22.31957173484085,-22.368456961964213,-23.649225003706807,-24.099265493255277,-24.438691205549382,-24.629340974633926,-25.268777431351417,2
131144.20+200111.9,0.293,-22.02132301820477,-22.28939065414434,-22.55425126126556,-22.66098615410945,-22.92951738640461,-20.95262971606007,-21.2080243048043,-23.322158346668093,-23.742305554931114,-24.06722475384275,-24.643941931763084,-25.266259422218685,2
131150.53+192053.1,0.3977,-23.133207994560205,-23.253357388800044,-23.653321008668662,-23.7064469013942,-23.685623012623697,-20.400227406125968,-21.38036894138099,-23.673244363065475,-24.01162071576126,-24.613647758685968,-25.571647915169493,-26.406368526594317,2
131325.26+194612.1,0.6721,-23.501694637131127,-23.6369378928833,-24.013780305336983,-24.13783440939953,-24.258862439899477,-22.9774532066112,-23.280708498923463,-24.57619733622667,-24.91665955863075,-25.05439853956159,-25.84478985364672,-26.62360547997501,2
131359.17-032444.7,0.662066,-23.51063721507689,-23.697099694341134,-24.00652064098923,-24.07275118405188,-24.26275047635105,-22.63141183805388,-23.079602947542583,-24.439644191680564,-24.948508479781587,-25.471779718119503,-26.067025730048083,-26.89100316329189,2
131414.80+335438.5,1.032903,-23.773044170709777,-23.891683826995628,-24.1832830040818,-24.245726505786493,-24.45278087129543,-23.271212315273797,-24.07349396692848,-25.04057560340897,-25.417018761826704,-25.453238712038917,-26.166622243675658,-26.83663624516628,2
131426.16+372034.0,0.553,-22.60816425132504,-23.087841331412875,-23.743539424717863,-23.80395629660917,-24.055855153471747,-20.73809388202915,-21.716603308899177,-24.03462825551165,-24.73338663014358,-25.078278620295947,-25.747803450456484,-26.562055180889185,2
131443.80+234826.7,2.06,-25.390260045902068,-25.923271911726545,-26.51026512617133,-26.77406359740951,-27.04802987656942,-24.16288540121634,-25.02643905599266,-27.445448220257344,-28.11834720582193,-28.521365366010595,-30.27431856055986,-30.78170579553138,2
131459.85+505932.9,0.607979,-23.488631232308755,-23.609602108841965,-24.02314966394265,-24.12981724010044,-24.315754742435026,-23.139040443788463,-23.16295932211619,-24.06558942719589,-24.547951820996808,-25.058584431586805,-25.658082497413822,-26.591637328962097,2
131545.20+152556.3,0.449,-23.61811522550513,-23.745555039450064,-24.035427007351544,-24.012118420812666,-24.142213441480106,-23.08057033155408,-23.11700028250269,-23.87197480865769,-24.201274999099315,-24.646813361444963,-25.35770518512328,-26.30289750114125,2
131627.84+315825.7,0.463831,-23.477227579938013,-23.6213324236638,-23.962093445352107,-23.920530296449314,-24.017771173918,-22.413964879062267,-22.862346135898573,-23.862541745103314,-24.1140657284156,-24.601344718534847,-25.569711873806995,-26.488178626779387,2
131831.22+031948.7,0.606141,-23.53340310704152,-23.687134073147654,-24.02631213797566,-24.085198513260615,-24.27489903896288,-24.0404407626882,-23.7691877266374,-23.91956557747649,-24.6791022172286,-24.926730470604376,-25.807683198738868,-26.729903175885035,2
131930.83+425416.0,0.451522,-23.523291323960382,-23.652766492966087,-23.75087673979973,-23.78843912129586,-24.101744533000083,-23.118484304422207,-23.34927775601033,-24.148843338557427,-24.58281626800593,-24.972986034847303,-25.48755129621989,-26.33632211769408,2
132048.67+510313.6,0.466573,-23.95734521957473,-24.098990681864688,-24.45392542275773,-24.466458657695757,-24.60899780421062,-23.58065680114102,-23.665175199731276,-24.83647803691229,-25.121043105430804,-25.607443337753228,-26.03412505274703,-26.960080205571806,2
132115.86+284719.4,0.550399,-24.65616801881757,-24.74215882464617,-25.155287662942808,-25.2629856573098,-25.418623883004773,-24.44222742652914,-24.311146016130945,-25.36959365587833,-25.75459654567901,-26.16179722560009,-26.653363044249613,-27.568631253362707,2
132126.40+173815.6,0.3988,-22.590419982191143,-22.66617210240955,-22.82152328793716,-22.862017055128277,-23.159775897303657,-22.03352543224418,-22.211795423968745,-23.725501833121093,-24.10534315199356,-24.593553301373998,-25.26031599339286,-25.935803034872677,2
132146.53+265150.1,0.845,-24.749215609162206,-24.85445967201288,-25.099449307481027,-25.30299836671857,-25.49694907923766,-21.978724738373195,-22.056404062645445,-25.59220404405461,-25.70403673882525,-26.450413367147117,-27.2729741867368,-28.259245678227725,2
132222.67+464535.2,0.374,-23.23307980011575,-23.351160982751065,-23.54635275423364,-23.53821180579185,-23.725254512320543,-23.02487601100764,-23.050162158243108,-23.60906992898933,-23.942929453684407,-24.536077325693118,-25.23066726849235,-26.074719396267515,2
132325.24+343059.3,0.442668,-23.956777818190854,-24.12122312075837,-24.516517619004297,-24.506259919023503,-24.702564196315635,-23.97523542325236,-23.90122861820869,-24.63199393339908,-24.9511622103936,-25.34069736969361,-26.03501075447677,-27.00924582742656,2
132426.81+564121.2,1.255,-24.468567614205384,-24.785178847484737,-24.940457245358576,-25.005540048982468,-25.19359649399513,-20.52022756747813,-23.824813607963844,-25.12975555864578,-25.59302749487668,-26.043090442128637,-26.61170361098196,-27.48465703550793,2
132500.46+161635.5,0.4363,-22.58034888724407,-22.74967531498965,-23.066287338121786,-23.097817935336813,-23.38341347694145,-22.389267946943413,-22.325604973502276,-23.80219752166669,-24.016369429532908,-24.56040881747138,-25.03419955290193,-25.888639656809584,2
132502.65+650415.3,0.58169,-23.99833741828053,-24.210386298063828,-24.3497251293357,-24.318506286600336,-24.45468400942552,-23.887447094822527,-23.9264505969452,-24.6259203061077,-24.985907851773383,-25.770193753053,-26.245405781118414,-27.072212689761777,2
132503.79+271718.7,0.521705,-23.17160187664684,-23.37207676600936,-23.633523769998,-23.758151120784376,-23.83173884707544,-23.33242416658447,-23.08601101300803,-23.68704177869684,-24.09745772881412,-25.024025238609653,-25.763438233890657,-26.591195773778583,2
132514.96+330555.6,0.356337,-22.310317300451164,-22.634138101823485,-23.091861489656505,-23.22728513216791,-23.337916957077923,-21.97256081779833,-22.147425151318032,-23.50468299204648,-24.065555192426608,-24.546511752388835,-25.32128946589468,-25.994274941924758,2
132659.18+104420.6,0.946376,-24.423096270308,-24.57271190512602,-24.856491860789344,-25.00404240264176,-25.260519896201327,-22.99450650884277,-24.02996820096117,-25.297142969056896,-25.475875776667998,-26.2659859144409,-26.83437572016848,-27.71322836203554,2
132722.56+071609.8,0.538528,-23.11075302578431,-23.391457103136453,-23.781631613367463,-23.91697930747503,-24.12923814664315,-22.673812572141884,-22.875676389779198,-23.872747111081463,-24.40103121802324,-25.003953696594323,-25.9299522419928,-26.774612574876443,2
132850.29+305420.0,0.433,-22.30628790280403,-22.48184689565393,-22.78348610289871,-22.996224041598907,-23.225325761885514,-22.4369499571232,-22.485813930644778,-23.16520830491953,-23.5407244817606,-23.850061058916687,-24.31386425552731,-24.991115939845997,2
132852.42+373439.4,0.4383,-21.97480285224645,-22.1908228300722,-22.651861622912943,-22.641502726819365,-22.981034827363263,-22.104040364396223,-22.31607822527225,-23.40002747863022,-24.158976693071757,-24.535507933493705,-24.6840592129708,-25.43318428645285,2
132944.15+102604.0,0.419248,-22.52526003704033,-22.87595368251298,-23.28321189420508,-23.371789964521867,-23.615509603482234,-21.934663558360032,-22.331370066243775,-23.91254318686408,-24.450725860995902,-24.78243369198387,-25.40462725542251,-26.308821336933107,2
133045.15+281321.5,0.41731,-22.88859666831937,-23.056272574868284,-23.512597824531003,-23.56015881563405,-23.77586664664735,-22.83628799473698,-22.69154197741513,-23.3229629504627,-23.967436055945026,-24.39305021701783,-25.000787289976916,-25.840871840885697,2
133207.15+215400.8,0.5968,-23.43198445895407,-23.62475565857557,-24.04806077206156,-24.17628499778234,-24.399785954771644,-22.893177117916192,-22.936231661547467,-24.61105506224434,-24.926838644117016,-25.597960924256125,-26.17634937685053,-27.107900758168928,2
133300.83+451809.0,0.319,-23.31789719935402,-23.492868248073663,-23.52607309298589,-23.55243624037869,-23.743776065464992,-22.7888749704063,-23.020232984138037,-23.253527655467867,-23.87112113824288,-24.245162790644223,-25.19571697565289,-25.95223024523293,2
133302.20+584016.5,0.591853,-23.267497122954783,-23.488903887651677,-23.79152422520553,-23.882969353198558,-24.0375725310598,-23.28707444942528,-23.25946750125232,-24.22238719371444,-24.38684949577823,-24.98897295833508,-25.95680258018892,-26.977942105934616,2
133309.75+362030.8,0.6796,-23.739307185678168,-24.122427352473128,-24.410198383925263,-24.626373114130782,-24.860012381522363,-22.21452926755076,-22.717576134592598,-24.96493281820485,-25.25586391293186,-25.841372694454613,-26.651900675262212,-27.410633110238813,2
133322.95+170158.8,0.4653,-22.94557235901585,-23.021926146672367,-23.31103524108262,-23.31534434409104,-23.523303738654413,-23.052107447872352,-22.789036278167742,-23.66836417813085,-24.13009855227669,-24.857574517444466,-25.567290782896897,-26.45607846605159,2
133338.61+254952.5,0.3876,-23.560515346534604,-23.641527307068465,-23.80642415775668,-23.806807443171227,-24.254137785016063,-23.31165384298395,-23.406269574277253,-24.388142602512392,-25.09775932348737,-25.707073099864488,-26.296045878203767,-27.109897008677848,2
133456.22+321647.4,0.385695,-23.25973501709521,-23.524702940131583,-23.861991643123197,-23.882380828808344,-24.134325295446175,-22.97932948853048,-23.176784954122763,-24.2972732912819,-24.741552330976493,-25.26616415928132,-25.737256472289072,-26.523165523677815,2
133511.58+304246.1,0.404,-22.84529993542042,-23.011019221789184,-23.31132867768509,-23.380853293763177,-23.65437867284476,-22.58508443469232,-22.556312568552315,-23.404954987903483,-24.1908095906916,-24.36920263235752,-25.439754324418487,-26.171176412244808,2
133513.67+200759.3,0.5303,-23.82273800695241,-23.956369453246158,-24.23277633864789,-24.268404766743764,-24.398244543894243,-23.614382140691728,-23.687126235578337,-24.15544795811008,-24.45978087023912,-24.68529481860467,-25.722350443698176,-26.6090250148268,2
133519.23+501505.0,0.570273,-23.92265627028169,-24.10959430118836,-24.41848343301685,-24.43954471260397,-24.641600566325074,-24.038546596207595,-24.037907982792195,-24.891430012698425,-25.305244134464804,-25.50594289058009,-25.929325659167368,-26.777748409396263,2
133540.69+125851.0,0.597683,-24.16780333117621,-24.27701872034713,-24.494178269627856,-24.501464487129887,-24.61774449198113,-24.037425146906603,-23.8863418522374,-24.5394629821297,-24.773488565877244,-25.49717677113397,-26.43863197646204,-27.18053410873507,2
133602.01+172513.0,0.5519,-25.172170082054254,-25.281902632977538,-25.689602412950794,-25.731516361756054,-25.906542658954727,-25.18143700643196,-24.862320343324825,-25.68236810790633,-25.97366541865165,-26.32667921137786,-27.007842037944616,-27.924590538446303,2
133623.79+414225.3,0.44904,-22.781550401620297,-23.02374381207396,-23.542143393166384,-23.58188226437414,-23.794038730184777,-22.725672125594865,-22.659719618042597,-23.62338376629909,-24.00858107673103,-24.16442517593684,-25.07529944877312,-25.939322010598477,2
133628.16+320344.9,0.370286,-23.265428264888616,-23.394118052588983,-23.642578382181973,-23.691674455616926,-23.815171166983504,-22.958560006561136,-23.0144995881156,-23.63495824609739,-24.00502427287627,-24.67921172617145,-25.456782575256984,-26.140354437117622,2
133658.54+100808.2,0.35594,-22.328419699096656,-22.83819761363752,-23.41406057259761,-23.550009536111453,-24.05657211366062,-21.20050704648608,-21.58295726239548,-24.04405989136688,-24.28160765701505,-25.04991592415207,-25.87094940350371,-26.63342277254836,2
133717.49+270107.1,0.6387,-22.93572678960957,-23.36754026714302,-24.013162616675785,-24.2764668353644,-24.49560208855351,-21.653427274669845,-22.61009056391393,-24.189980486619127,-24.7285827457399,-25.504474682463517,-26.20338536931293,-27.097708253574943,2
133719.32+594905.5,0.65836,-23.39900578837189,-23.789623653590866,-24.344978472637965,-24.455760565133268,-24.664280390797718,-22.367932147041,-22.814828242929583,-24.57108211001759,-25.03023785012104,-25.511487832265686,-26.495525224845792,-27.417830085616444,2
133733.44+302452.0,0.391768,-22.69308767927,-22.78169810684372,-23.13232142674124,-23.18639684709335,-23.37085296265733,-23.025457081046635,-23.18452081296001,-23.64215464548251,-23.959987103253308,-24.53721129130965,-25.21423457544614,-25.92839247657109,2
133912.37+535527.3,0.293442,-22.13501708388788,-22.183934260550647,-22.489867325670488,-22.723643927879365,-23.04958420802395,-22.338187421212773,-22.74748400587894,-23.36405348942307,-23.917556746214466,-24.481241329334107,-25.28996589885179,-25.8702669332047,2
133942.71+182955.2,0.447,-22.010577003284745,-22.48102884208658,-22.994130021905967,-23.08265846117737,-23.241339415226424,-22.03670721858144,-21.92890778741072,-23.251838137473296,-23.964663050561494,-24.33184058235152,-24.96236586042935,-25.815999819923167,2
133957.98+613933.5,0.373,-21.51669246505464,-21.839591914649848,-22.266934802871965,-22.42631993260666,-22.92652276496004,-20.16589869176523,-20.685042570063423,-23.396903345858597,-23.35276381664624,-24.088278107743346,-24.24161322110859,-24.913329400753756,2
134026.96+240507.7,0.7603,-24.15299200462073,-24.084211780970858,-24.395655398691115,-24.64630177420549,-24.654537917600432,-23.588335623144307,-23.577336294156417,-24.460095235016187,-25.1125185239485,-25.41318899472467,-26.34887942239628,-27.21244783200001,2
134032.01+052158.5,0.274799,-22.32195193921237,-22.331488982311026,-22.500418107344107,-22.562589689269416,-22.76551943662585,-22.46345309620253,-22.72290804307972,-23.056954903647984,-23.53044375912481,-23.981980463846007,-24.878022814313024,-25.36390271862371,2
134044.52-004516.6,0.386811,-23.083842818227875,-23.23119041887993,-23.45806751008028,-23.49066265057868,-23.828543190036097,-23.244078818638712,-23.230722493646976,-24.032084266448056,-24.252804047266217,-24.871595481090548,-25.183585595986923,-25.957361197316214,2
134114.52+355339.6,0.334732,-22.06959850822151,-22.098497135555025,-22.39922403318663,-22.4982828951862,-22.937354425896267,-21.230881055147265,-21.495637862115064,-23.538488599369984,-23.84554592388384,-24.525809921109214,-24.758820904094502,-25.431428685494232,2
134157.21+262912.8,0.855168,-24.39037586157325,-24.3905300206422,-24.676442859547716,-24.837246617165885,-24.998772405369245,-23.521650339276952,-24.139420501078465,-24.854361095906597,-25.27147039490221,-25.588451911750184,-26.507475742354952,-27.33612705477684,2
134207.38+041703.9,0.572203,-23.657590770389746,-23.8944713625691,-24.207967395070792,-24.326058340336264,-24.534657389050068,-22.6302986534716,-23.09578569601892,-24.51364004158435,-24.938190992518845,-25.35637945693256,-25.9950115391254,-26.67699250775301,2
134208.19+343906.3,0.490211,-23.41606826497019,-23.506080586521424,-23.67525034021256,-23.68973794214755,-23.859370840267744,-23.115184334881665,-23.122735635160836,-23.85625661826265,-24.13912795080807,-24.8337086065524,-25.078035516779853,-25.93276033004353,2
134210.98+423507.6,0.809,-22.301010459738496,-22.76713398736405,-23.249882296093197,-23.43755869029553,-23.69472031782253,-21.14047284427628,-21.53414976629254,-24.608293210217795,-24.97290649087517,-25.202779317794626,-25.75193853832079,-26.535195886266823,2
134223.83+575747.6,0.417924,-22.27260224918813,-22.65309877310189,-23.0620951181167,-23.100595099366004,-23.431072383821125,-21.19279270474621,-21.646201959993427,-23.16163618180099,-23.89493358866552,-24.283058097492333,-25.103263549447856,-25.828472302079952,2
134246.58+613435.4,0.485446,-23.16873873518464,-23.26486882554056,-23.682820597871835,-23.73739782442259,-23.90859588316632,-23.11736976790522,-22.97858941242653,-23.763670525419165,-24.214330193413847,-24.953095774085444,-25.825084285685804,-26.80392367874546,2
134246.89+184443.6,0.3832,-23.31729949716305,-23.55362645718028,-23.89383432782543,-23.887205788682984,-24.240992172259112,-23.50703381011371,-23.347847804799574,-23.963555945835857,-24.43496540180167,-24.992052163622887,-26.05187809782137,-26.747359420572355,2
134251.60-005345.3,0.326537,-23.352614377961025,-23.35316002297794,-23.5287811193811,-23.56123591273733,-23.714485680628734,-23.188307058666364,-23.27518601680467,-24.245841707656723,-24.86206252738131,-25.66342655455944,-26.43844147221968,-27.113520880023824,2
134445.10+075729.9,0.7034,-23.654004253431253,-23.78693598290198,-24.10236613038226,-24.24746312336529,-24.303962395600625,-23.286161691562253,-23.74360257750924,-25.07556777361283,-24.99085876967977,-25.31529803092963,-26.1460387805158,-27.045889030871606,2
134623.60+234618.3,0.3767,-22.476621300776824,-22.68663579496668,-23.110779606940564,-23.17221727068808,-23.363328894705862,-22.36869475186278,-22.81033954224231,-23.59777872695985,-24.25428175136732,-24.87892029304475,-25.248212831268997,-25.965472101080078,2
134749.85+582109.4,0.645666,-24.681950800581586,-24.90250800857054,-25.23062864070376,-25.174431023802697,-25.335607212144044,-24.790201000592447,-24.798296920218828,-25.356176243797236,-25.674596443823283,-26.115002291230887,-26.83169704109139,-27.704504490860707,2
134918.76+223731.9,0.3222,-22.78417796240572,-22.921364786115216,-23.113274313656326,-23.22428806754551,-23.427128727899657,-21.77284885369634,-22.08957687650858,-23.35409690082937,-23.77887632459413,-24.493590774857157,-24.551789745895043,-25.251742934150364,2
135001.92+275506.1,0.695309,-24.33426734376121,-24.51109898714946,-24.849034222902358,-24.869678714905596,-24.938041243347943,-24.701289964363244,-24.46723361430444,-25.068701453586883,-25.30250484578553,-25.633959968646057,-26.10350809858905,-26.81851134922436,2
135015.35+362654.1,0.389535,-22.9710633403425,-23.292523441061853,-23.701447099911142,-23.755068027040476,-23.926470907612,-22.655334997136585,-22.89011561686959,-23.892859351869024,-24.26451389626065,-24.70540519789973,-25.501180881923272,-26.349533895200384,2
135045.65+233145.1,0.5286,-23.180194610353222,-23.39335441753016,-23.54873025354233,-23.61887729037909,-23.9423403985506,-22.515893135545813,-22.85621213813429,-24.09058458886936,-24.618960847054712,-25.03465747024773,-25.7987401856858,-26.56026407814526,2
135151.94+394307.5,0.889798,-23.780910810346537,-24.176572079903863,-24.52203531467877,-24.62167469247031,-24.93511108653198,-21.33328344256389,-23.408367136422857,-25.061466816330277,-24.973381678993345,-25.356258648492386,-26.157027306734754,-26.75775861058854,2
135326.12+362049.4,0.285036,-24.300038258554125,-24.475237325538323,-24.534142422182896,-24.57800355456466,-24.74383919733944,-23.413642018915976,-23.72759997441206,-24.7274432844968,-25.01969920024373,-25.642678773446423,-26.476947825958423,-27.12772928868776,2
135335.92+263147.5,0.308,-23.439238248662598,-23.578996522775817,-23.71444751051624,-23.81592670497277,-24.131837879878145,-23.10163928633349,-23.272186029697377,-23.85678699360279,-24.226982588000823,-24.733709978724143,-25.0713919508079,-25.826745276447163,2
135459.64+405218.2,0.472739,-23.020581435267804,-23.15869454572469,-23.493679222834228,-23.50856150780565,-23.666863017533537,-23.040893048945517,-23.05202805593562,-23.80194810149077,-24.308780899854533,-24.86605524623114,-25.06668412798242,-25.95637910537871,2
135520.97+385058.2,0.840221,-24.15628677116161,-24.296637302341612,-24.61898942879791,-24.595489172904067,-24.73240220709013,-22.870053376600254,-23.938539212011506,-24.52188924088633,-24.936911647132785,-25.254052054041896,-25.93282828137468,-26.610216336962846,2
135534.82+395910.1,0.503968,-23.1818904843468,-23.394232771607864,-23.615028923806012,-23.659117949656903,-23.8388824776116,-22.697525014125755,-23.068819956962155,-23.95548454028693,-24.305893115140925,-24.732915860468804,-25.275183566146588,-26.12874893500345,2
135535.47+155750.0,0.6847,-25.126988310075543,-25.42734288029109,-25.869007489494464,-26.065739869684528,-26.20409092974836,-24.836698608530245,-25.01106300639002,-26.352339564651263,-26.257808393861648,-26.706497580988263,-27.40014843564197,-28.16903107435812,2
135548.65+391705.7,0.473569,-21.992094959111935,-22.242545095969955,-22.7864252547747,-22.867163631602256,-23.11137563035157,-20.032855800664453,-20.91464396725287,-23.085133703175497,-23.80106229598027,-24.02894245367288,-24.48314429948625,-25.194646454368776,2
135559.35+334658.3,0.8349,-23.32383720154481,-23.54938717853486,-23.82097009529817,-23.840750716973687,-24.009092726332927,-23.07845735693604,-23.48567207743532,-24.778950151850317,-25.13798225549611,-24.99522571785038,-25.74009983947845,-26.46131753442892,2
135607.37+413615.3,0.696,-24.48753590548114,-24.79332534430264,-25.116694099169163,-25.1948888502902,-25.300180234204795,-24.322186106806576,-24.47770790908839,-25.769112102888872,-25.81055817930376,-25.963555960601823,-26.429985425137527,-27.21980993616992,2
135632.79+210352.3,0.3009,-23.487113282132256,-23.571085915902053,-23.722471203213733,-23.820633997529583,-24.03531782800817,-23.20902679245666,-23.23193031726425,-23.70375695582317,-24.323902986502095,-24.770306996331172,-25.580160859947288,-26.23512815279324,2
135700.96+083709.8,0.445,-22.9440088229327,-23.157050909546687,-23.47528252699974,-23.519739323063067,-23.807285340551623,-23.03616763563537,-22.91726702646549,-22.813814706026147,-24.048994427787598,-24.705422214607285,-24.898133323936836,-25.63316775572625,2
135733.90+203146.6,0.378,-22.07978379194597,-22.23651411001259,-22.63710657045157,-22.822979104903,-23.030594522275543,-21.4454596534361,-21.89706204453796,-23.478868410050936,-23.504618050783133,-24.42981847030116,-25.169833627719445,-25.81773304592892,2
135750.63+441548.6,0.874843,-24.241845491101376,-24.442405272952065,-24.780563461058,-24.928259838129524,-25.281978074029546,-23.237650550021677,-24.08311423078604,-25.350194067101537,-25.426178183142877,-25.72191611055745,-26.366986532466598,-27.10855265432492,2
135800.40+404358.1,0.544867,-22.436040956603534,-22.704560010736078,-23.0019472866588,-23.15442544426357,-23.375146867244947,-22.411351142222927,-22.461522806296276,-23.323452862542208,-23.960637333903183,-24.47678088129695,-24.947067286870105,-25.78157970114672,2
135803.86+340254.1,0.54131,-23.02879808000908,-23.29410005623468,-23.6406120516158,-23.70075110535269,-23.834009577054093,-23.44570577553089,-22.95726041000974,-23.914389654755983,-24.332287169340205,-24.987838787480765,-25.688398285150203,-26.64042205156625,2
135954.85+225223.6,0.324,-22.39301067205626,-22.49246080995252,-22.8035590298674,-22.989335387895267,-23.179458122596305,-21.153035948855912,-21.37477719538644,-23.23159738294581,-23.8315739480696,-24.597216817037975,-25.068091995946265,-25.699617705962307,2
135955.65+504539.5,0.366059,-22.544783448213863,-22.77341492835557,-23.171233441925832,-23.189438223594383,-23.333724645045923,-22.245656660991816,-22.33379581240385,-23.53052623095365,-24.04256758093504,-24.475918216847514,-25.134350176609946,-25.835618114667685,2
140012.56+353930.7,0.518139,-22.74085142130588,-23.1518256108592,-23.643541622228405,-23.866924702198,-24.063362167136013,-21.399545768171564,-22.19778820432132,-23.921369595644688,-24.51315931940664,-25.05480074088248,-25.7366012084221,-26.873703305037377,2
140031.96+040457.6,0.428109,-24.399283209211188,-24.57768264267339,-24.949346750843148,-24.973958464800976,-25.2067400739635,-24.8467514344091,-24.742581373315844,-25.220069908743877,-25.54947302098692,-26.25275085207289,-27.10058891610428,-27.982730739270863,2
140157.48+155815.4,0.7032,-23.04974892665948,-23.21652938792212,-23.793169446802214,-23.960022510698856,-24.154884935466995,-21.896341226447923,-22.88528834312173,-23.985653799416493,-24.18204717212935,-24.872521703348685,-25.90216059352032,-26.83594906735516,2
140230.53+074102.5,0.6631,-24.00299395495742,-24.17779303549831,-24.573936082544027,-24.722648451338145,-24.84257006452122,-23.98599617707405,-23.95703037300032,-24.89113789509433,-24.959610066350844,-25.767648787922838,-26.57870360633805,-27.49187156493068,2
140242.42+334313.1,0.863672,-23.868337701734934,-24.024539853427346,-24.33215172513969,-24.413889033886587,-24.565841642363093,-23.31465131175657,-23.85150580625937,-24.810270519110624,-25.217305869523123,-25.40151220878611,-26.18000923572912,-27.024648925914885,2
140302.30+332003.4,0.3417,-23.73694280120025,-23.929005903107672,-24.21794913827316,-24.220070818967333,-24.48220210866568,-23.680840523496794,-23.56738736322465,-24.32220741378102,-24.72280397524558,-25.27333722301448,-25.935580311718308,-26.734450510257805,2
140331.29+462804.8,0.459147,-23.544000990925166,-23.722589366468995,-24.04421147496638,-24.122403663075183,-24.38698354198996,-22.93649434504664,-23.05977342395106,-24.16127598391239,-24.69425735654355,-25.38249715893121,-26.34672469366332,-27.18915276657544,2
140356.14+080731.6,0.5916,-24.093872042060276,-24.30531538751616,-24.555579128898117,-24.687251025333502,-24.860506229038688,-23.87914788523478,-23.834845400607595,-24.83153412546244,-25.27681749458648,-25.844323539739047,-26.626833392948228,-27.500431797120807,2
140407.17+213321.6,0.2614,-23.177355204567032,-23.471089991609976,-23.812173534169627,-23.62320224844932,-23.924909662863044,-20.40448913817532,-22.157484351184568,-24.02434129835411,-24.42516003171301,-24.90089001770834,-25.55435968991043,-26.115637593286507,2
140410.58+093745.2,0.4378,-23.34271114704112,-23.500320911225334,-23.707586912986688,-23.83192266936433,-24.201449048499786,-23.43639761116446,-23.44097851079461,-24.569766881372743,-24.68978298661265,-25.2914560152109,-25.700971596564127,-26.46491743683192,2
140447.81+053708.2,0.603961,-23.249968363748263,-23.640273929098942,-24.14864399503107,-24.34944552721387,-24.54035831021714,-21.569718210729157,-22.592458759223145,-24.524955569670425,-24.901882179895768,-25.769088086745,-26.422311259505737,-27.3859298956304,2
140448.69+162222.5,0.4361,-23.113256668550576,-23.244687304349128,-23.673562924426317,-23.760793940415507,-23.987945364093004,-22.80440248769396,-22.867673272421587,-24.263229325509688,-24.58805473701865,-25.15682936932644,-25.760498109922203,-26.54860448007248,2
140849.94+344816.0,0.574884,-24.82029997811132,-24.92357236755936,-25.044982658017435,-25.000550249874102,-25.083152020719865,-24.569360235505496,-24.575423000172812,-24.84479464654736,-25.52539761986528,-26.25569546823153,-27.020656060219395,-27.88761490742733,2
140914.38+163058.6,0.303,-21.50665653491156,-22.08325015126479,-22.55332585432845,-22.753075764444223,-22.978325463938504,-20.266294495377863,-21.02086446634251,-23.148828274651084,-23.754041742353355,-24.42793441851396,-25.407310596902825,-26.054777369922764,2
140929.14-015717.6,0.637782,-24.066741136777377,-24.221569536877247,-24.457906176716705,-24.502120018092644,-24.646425277575105,-23.527259585010317,-23.6258258202351,-24.50041314598845,-24.94320983311288,-25.41451112756521,-26.027470988462877,-26.81127981019219,2
141042.69+274155.2,0.459416,-23.09411262580676,-23.281333723322643,-23.6319214410104,-23.727127835425776,-23.808981728746087,-23.292959087512745,-23.023704750800796,-23.741664686044675,-24.012115199500517,-24.58353204973397,-25.205821072625536,-26.09206436503495,2
141156.20-023851.6,0.737898,-23.85480320440905,-23.987182556462223,-24.295718189704427,-24.47637430377116,-24.58146373362159,-23.48773251061008,-23.49306243240125,-24.64170702235239,-25.002082782048767,-25.63116493588109,-26.526886624884263,-27.56021159280465,2
141215.94+571104.0,0.375763,-22.650040384652645,-22.86495312041033,-23.157625108944465,-23.247144014674166,-23.44773869044061,-22.86312356546785,-22.885071712755863,-23.54457772605868,-24.18971991378763,-24.29104280979256,-25.14724650622917,-25.82114644833777,2
141309.14+092011.2,0.460853,-24.26234769219855,-24.385872136722583,-24.608466772473555,-24.55417874188097,-24.754621836374746,-24.190237353264028,-24.24395404304847,-24.41529762164225,-24.948331705207156,-25.63552820889702,-26.233144985885787,-27.13799010362471,2
141334.49+355142.8,0.488999,-23.277214389802143,-23.38116074841609,-23.5487029436094,-23.639848039174705,-23.90635691988985,-21.868487347266974,-23.14406956643092,-23.506692828549657,-24.439343224338234,-24.917007344663684,-25.32576116291053,-26.00505140524592,2
141456.84+603918.4,0.733558,-23.7937202432063,-23.80492129102035,-24.10558555640967,-24.162161985845017,-24.164701615246127,-23.036038399459983,-23.39565335380809,-24.154936749394828,-24.46906631252017,-24.69660957276089,-25.482411296429017,-26.33491091860896,2
141505.67+444807.8,0.333953,-22.305439490725664,-22.59408491605404,-22.853852875687952,-22.938703219696738,-23.154795812246338,-21.950544101177183,-22.10638509601492,-23.181956008438178,-23.69882397734528,-24.25398815085534,-25.07445741607004,-25.7734585169725,2
141628.65+124213.5,0.334,-22.941982407709887,-23.034121761326112,-23.170421247157808,-23.23220734888537,-23.58281995139229,-22.5675640441351,-22.753698848324028,-23.443899567851364,-23.75752252627789,-24.21323348296252,-25.081962987247124,-25.824926940063904,2
141658.31+342852.4,0.744554,-23.94815032699653,-24.043275966371496,-24.31785073469288,-24.355014057922094,-24.44406219941503,-23.262147875373408,-23.46266994519585,-24.588628452340657,-24.84822404495393,-25.554719448249568,-25.79718154317529,-26.501467770884823,2
141659.76+535806.6,0.72,-23.36199654682194,-23.59724832985083,-24.00152873167906,-24.09069482556911,-24.2625029470843,-20.788817820330667,-22.47828409165888,-24.674065635812727,-25.105533896811664,-25.4758707219823,-25.759762347143106,-26.68851483611679,2
141803.73+170324.6,0.822,-24.070838536332342,-24.291699882472795,-24.46423605786742,-24.60817449623796,-24.79227502436122,-22.91210503381529,-23.7186171406186,-24.81433859794574,-25.29710957413529,-25.637299224535496,-26.440218744383365,-27.27121314386412,2
141821.34+063746.4,0.32806,-22.777447402828557,-22.99451256620714,-23.32799726577706,-23.383257170283496,-23.522376002856674,-22.17417473037353,-22.337441269261625,-23.22345573051702,-23.729873227623955,-24.04023725932364,-24.83940622213297,-25.501306836028583,2
141834.80+135705.8,1.004,-24.335549003886342,-24.48398560955289,-24.789858977672548,-24.89376209248891,-25.12631370281913,-22.86915662951064,-23.965895151770987,-25.14821150660797,-25.46764374392841,-25.8004171079634,-26.83930845409023,-27.73366383591713,2
141842.22+423343.3,0.420731,-24.368834518896364,-24.44981345071592,-24.821843264164503,-24.7597528659864,-24.867966546284176,-24.365508526655614,-24.44579654305158,-24.32480479431243,-24.993564558073647,-25.70505730979703,-26.95274683301461,-27.775557916433957,2
141916.71+320302.9,0.3852,-23.49185370924267,-23.67196395284832,-23.95777344023656,-24.034965169349285,-24.12623863657956,-23.816240575891385,-23.826106938803346,-24.18259827222084,-24.59871318142336,-24.93412790143283,-25.400136193468917,-26.20564259197418,2
141917.02+113347.6,0.666343,-23.87874501509924,-24.136168036613853,-24.547668408487176,-24.687171405521863,-24.824189856998625,-23.50713791327836,-23.16043920829519,-24.734392406233237,-25.370760202607084,-25.57925737194286,-26.16380371236136,-27.094894808772786,2
141920.30+051109.2,0.788,-24.269469416478334,-24.5146204793434,-24.825691423666694,-24.80466753283985,-25.06993509157226,-23.606130352251068,-24.57759386125797,-25.52389755251897,-25.568401178589653,-25.568469417705177,-26.291611107689413,-27.05474716778354,2
141925.75+380249.1,0.509573,-23.56980855668251,-23.66751227750377,-23.867264148048168,-23.90901413820044,-24.08891662418537,-23.460953911703804,-23.418259756537807,-24.256963291118527,-24.760004094602017,-25.17896004057536,-26.08851993262725,-26.92553522617354,2
141956.71+373912.8,0.476976,-23.981534625883015,-24.11550026870524,-24.34681191770129,-24.37219922981874,-24.582281198845603,-23.78369403584126,-23.912030914056206,-24.697249524235477,-25.06694366103417,-25.38910917236484,-26.05418061256357,-26.924697912084053,2
142052.43+525622.4,0.676,-23.540531738638084,-23.655308124100245,-23.96410262246653,-24.030139771976557,-24.058668886567204,-23.52407231755243,-23.41188333136595,-24.647054920210422,-24.95950202183034,-25.092489184321188,-25.643548375852777,-26.494216886958103,2
142240.36-010646.1,0.719,-23.74600841596812,-24.08184553926537,-24.42483844577942,-24.482943031676957,-24.68569013632458,-22.71188116369257,-23.86568108780224,-24.8115707415922,-25.00530689445444,-25.23641440917609,-25.77306481313821,-26.58611849171097,2
142315.58+235817.5,0.439761,-23.275715080826757,-23.58004224007371,-23.805450838997857,-23.952028934946117,-24.291399690054902,-22.366192868626072,-22.792122641131648,-24.04182147500557,-24.43987277451462,-25.000022022192294,-25.728810776525137,-26.513982264866893,2
142322.27+443459.8,0.606533,-23.556768033007028,-23.79067479343669,-24.06324179566107,-24.183085422283074,-24.35813862807312,-22.27155429149745,-22.84915682428345,-24.411218660258896,-24.955946423523912,-25.276066320760854,-25.578601554405864,-26.294648060334133,2
142332.41+200648.2,0.8077,-23.79047987391863,-23.82454141061625,-24.098177100685945,-24.195564643472764,-24.31201161327651,-22.989774516441283,-23.30049577920835,-24.34578777450444,-25.126823766386156,-25.620593314209252,-26.17631990007004,-27.063066054356653,2
142455.53+421407.6,0.316601,-23.596355226622972,-23.774564195474067,-23.956497887147936,-24.00753427853228,-24.182255683660586,-23.041052536725932,-22.93284170733001,-24.336653037334216,-24.55778704710921,-25.163941158296485,-25.678765367664884,-26.420850717062205,2
142540.71+260201.1,0.334717,-22.064695761955093,-22.220623212745405,-22.54160099567331,-22.645048463187493,-23.103564693717864,-21.87969229767077,-21.88796034612458,-22.861224880448653,-23.407903815057225,-23.77133925103016,-23.850790515879044,-24.542175032437296,2
142557.63+334626.2,0.351719,-22.658570284072287,-22.81397176067921,-23.12168871624037,-23.166824526176867,-23.305422495173605,-22.507607293456157,-22.626132683468946,-23.503724872559808,-23.8864485818676,-24.647552676149964,-25.011760738052875,-25.693089427665345,2
142607.71+340426.3,1.337306,-24.596501434967607,-25.099694193762616,-25.42706090197787,-25.77246460125036,-26.25422647865028,-20.98668873519937,-23.820486827131383,-26.843947697064973,-26.85592369856824,-27.635116565991503,-27.486513170344587,-27.911020026977106,2
142656.15+483415.4,0.656335,-24.3018729194748,-24.48251209986763,-24.763771264294984,-24.81450710705782,-24.91463687779947,-24.402223327357763,-24.242969332080087,-25.24383573430083,-25.423960588405784,-25.550438851616395,-26.03597765869925,-26.877872414874645,2
142656.55+602903.2,0.624017,-23.27647166718032,-23.608984895914173,-23.884814475527804,-23.9732733087268,-24.20696267458833,-22.937690975956528,-23.13228750660557,-24.28417668789293,-24.645615668799977,-25.396754689169377,-26.04853362515648,-26.93194480563041,2
142658.57-002056.4,0.62789,-24.63167860140805,-24.92378024878424,-25.109688120745638,-25.143613777877142,-25.29566646502615,-24.904946305809677,-24.98931931842663,-25.461772249923808,-25.805818227786784,-26.32997389275073,-27.395324898051676,-28.268253575177013,2
142735.60+263214.5,0.363816,-23.99855098265821,-24.091501965787828,-24.33462722145324,-24.383428439717644,-24.865937877743956,-23.258269501311023,-23.622745929798302,-24.867886406504653,-25.242132401846288,-25.680485652346423,-26.26935810498493,-27.08495818471756,2
142758.73+324741.4,0.569636,-22.738593940183925,-23.01750048755459,-23.249341121147623,-23.33311349590148,-23.63817121974344,-23.18265895559997,-23.164905697628377,-23.585091920991967,-24.15231491220065,-24.337414344221344,-25.26627431675057,-26.014171525644507,2
142840.40+285541.5,0.668732,-23.86322242387338,-24.01466694778453,-24.224335178791115,-24.258701999721804,-24.368131871767403,-23.72316753325101,-23.61037429362033,-24.710418137897182,-24.94007794193452,-25.74570710775261,-26.263753837378108,-27.11100770341654,2
142859.03+322506.8,0.627171,-23.67445535880456,-23.885842713550836,-24.223069425481167,-24.333140803437573,-24.497101722101505,-23.90484043638981,-23.411184025391293,-24.189798652710863,-24.41396198948347,-24.793597031300347,-26.042909229047275,-26.81601687982089,2
143040.97+045458.0,0.701656,-24.028089251542475,-24.097866130624297,-24.413562409813224,-24.50276493279853,-24.58486664042108,-24.18393446727758,-23.977536935404537,-24.487341593137728,-24.9110264393114,-25.1752354170064,-26.17202938327129,-27.016471521746663,2
143119.23+622416.0,0.402,-22.21214790296524,-22.261331431456348,-22.68134060462036,-22.84763051476957,-23.2714762105621,-21.96514889530269,-22.47060490264299,-23.369480051174875,-24.097994095227783,-24.11835237842936,-25.10040738143791,-25.795217493945685,2
143123.67+202142.7,0.5776,-23.885922905207124,-23.997299611459763,-24.284457015306533,-24.4090102237447,-24.530725750115383,-23.26583363051217,-23.417751983923505,-24.837703683452837,-25.182765215015664,-25.873636405279434,-26.49930456882065,-27.23021110736097,2
143125.88+244220.6,0.406914,-23.55194386321988,-23.59845480547558,-23.785871147690944,-23.74116262138141,-23.936581702539485,-23.7633655174595,-23.691598084697617,-23.811133406973266,-24.175183442406404,-24.91322525957161,-25.48223893659932,-26.15606911313869,2
143141.90-011330.7,0.659449,-23.731852565128328,-24.05903000586599,-24.280543365873783,-24.38003229585015,-24.52302244282376,-23.324687392378127,-23.68290724450972,-24.812192512823227,-24.99351247207587,-25.710293528220834,-26.69590278284944,-27.647148917133283,2
143304.84+283442.1,0.487702,-22.71804960460038,-22.935754446191268,-23.17765994724466,-23.277511718830414,-23.522784974672657,-22.921617757075733,-22.765205808232952,-23.66775001934045,-24.3344528865079,-24.716006940646825,-25.490479378584475,-26.315943427525795,2
143440.87+322652.7,0.957,-24.512206444089465,-24.602679306557416,-24.880332179755133,-24.985272053578512,-25.08555365443574,-23.44629155928246,-24.452964150171177,-25.250017889055677,-25.70951894588733,-25.879626425099787,-26.332016060548558,-27.0961646646149,2
143447.99+155948.0,0.7653,-24.10099587077141,-24.26130552286422,-24.61693903514084,-24.641717273472835,-24.824424582922635,-23.42611917636642,-23.93122982105968,-24.72655837784682,-24.991108754160145,-25.279181350303915,-26.23177127453152,-27.173062138042685,2
143511.53+360437.2,0.428672,-23.78500299701127,-23.98368732421525,-24.22493882477507,-24.2627217758466,-24.513927803869777,-23.263030164089507,-23.50013753673504,-24.370632264653704,-24.76201045565061,-25.183854468081552,-26.134824114520004,-26.876667055863567,2
143515.65+023221.6,0.303664,-23.015196178606903,-23.28940423988123,-23.670961170206272,-23.64733756006913,-24.12539177457716,-22.3036468749401,-22.4345795109086,-24.09488157276435,-24.94736597940325,-25.92178794147737,-26.761691889493825,-27.4084578921838,2
143517.70+634259.2,0.527563,-23.144222714934106,-23.352768679692225,-23.7250217926114,-23.86337232396196,-23.9740937517851,-22.20012049895661,-22.670189211768875,-24.03627100712888,-24.55600683534493,-25.354707552326577,-25.72204708400348,-26.703615192665453,2
143521.94+202117.9,0.748,-22.401982870007597,-22.662132076031668,-23.354038673784668,-23.83846929217289,-24.1160273280586,-21.26841724565589,-21.8297378119031,-26.24591877450764,-26.75133756220728,-27.117830800644285,-26.33950918013114,-26.859022516217667,2
143537.28+415359.8,0.578735,-23.16700603356125,-23.39134426182452,-23.68831270410798,-23.68209212532001,-23.879129518102697,-22.593502024907558,-22.82439504115372,-23.85898874547823,-24.46327028905834,-24.720291205428687,-25.250998234302468,-25.923044736845444,2
143633.75+065655.0,0.400455,-23.35516065163924,-23.35052474702734,-23.634434589831425,-23.667269067945057,-23.85432256236312,-22.778987114080955,-22.959240506805266,-24.023651217893587,-24.49289180964014,-25.089547086645094,-25.746703190327228,-26.54653087815389,2
143641.95+022940.5,0.77239,-23.831104796381634,-23.96399136236188,-24.245534319770293,-24.273194556816357,-24.362191058187832,-23.340453334073537,-23.693382298631697,-24.946436921919695,-25.21033699229105,-25.42134002249937,-26.10615541625624,-26.93746484024064,2
143657.72+563924.8,1.816,-23.87493385934537,-24.33396694015259,-24.840763799107247,-24.93962127510189,-25.306259348366385,-23.612209491743812,-24.331549146806577,-26.18243636346433,-26.61431236483247,-27.12041210151155,-26.93220384362385,-27.12016498298189,2
143726.14+504555.8,0.78226,-24.05953030213308,-24.31889373950189,-24.697418441783267,-24.72936840416316,-24.95249237179624,-23.59613641829281,-23.987442652525857,-25.07311283151468,-25.2091705687342,-25.682103896427837,-25.90624490833275,-26.6793764774894,2
143736.40+615509.8,0.552,-23.957510288102693,-24.107902589537623,-24.440006958987645,-24.489309187278756,-24.642487848099837,-23.88338538324996,-23.6753762631869,-24.633576137026765,-25.05441823329012,-25.671284336046128,-26.255303412207027,-27.207410594272957,2
143904.81+450805.6,0.757262,-23.59081320592361,-23.798397272194997,-24.033463090192207,-24.09298103433216,-24.24293756817501,-23.620804415558457,-23.900335079221016,-24.437705227354847,-25.05975447574195,-25.38746127414375,-26.108938711309417,-26.91653013251825,2
143912.15+370507.9,0.796967,-24.371180816068925,-24.50251253561013,-24.7726879655094,-24.82298559739708,-24.993904127125177,-24.08366444961697,-24.501945790794192,-25.23514679575104,-25.36371487906088,-26.0051046146724,-26.562343527805112,-27.40486264745939,2
144050.77+520446.0,0.3185,-22.762322043579868,-23.028292468387875,-23.269408268587867,-23.29432625004709,-23.583701093309223,-22.3414820582854,-22.48123736357864,-23.52297231045555,-23.63196748289217,-24.488136847078906,-24.98405659040186,-25.6439455049724,2
144052.94+061016.1,1.383403,-24.798764351318976,-25.285643253837083,-25.688474765509284,-26.035172068223524,-26.526005638770258,-23.98670889107141,-25.178101471243824,-26.910800106226965,-26.976195532505063,-27.50030178115696,-28.194925327466223,-28.465758838054217,2
144318.56+472556.7,0.705472,-23.528008428974125,-23.556736134254457,-23.84826969305392,-24.02374818061003,-24.173203716321307,-23.82426358425679,-23.38710983192203,-24.482802364427453,-24.96029641693032,-25.55268678693254,-26.22531288807285,-27.03551106481249,2
144404.50+291412.2,0.660926,-24.177105135106817,-24.27004290927148,-24.65670605725921,-24.69518432128192,-24.84127790630133,-23.88861866078705,-23.665033149849403,-24.48894923365294,-24.933539368633763,-25.201647913195337,-25.927761910030107,-26.853292057279283,2
144448.25+234554.3,0.628129,-23.81231511821849,-23.9836362976333,-24.416486260839232,-24.56522206224435,-24.78324630683752,-23.294795303350774,-23.124280881249295,-24.692245937612068,-24.98007047147889,-25.2388641841244,-26.077873075925684,-27.005150152423585,2
144510.13+304957.0,0.27578,-22.72715013568393,-22.723252782875026,-22.85380340519477,-23.06075447251764,-23.30465461686515,-21.82562377983156,-21.85043416021044,-22.988223018274898,-23.49491988070786,-24.11799290794326,-24.277961263287853,-24.964596317981563,2
144554.74+243708.6,0.45,-22.02026862731237,-22.437037528542856,-23.00776660951732,-23.0740897155281,-23.36421687959001,-21.08388593662943,-21.885894227150388,-23.617710619924317,-24.585271587402577,-24.77609778038351,-25.445266231294852,-26.092604291954657,2
144701.77+323411.7,0.469485,-23.219349301031336,-23.45031034984266,-23.77694898080229,-23.90243884152053,-24.211541883168337,-22.12697274771777,-22.48528645361571,-24.02394291706981,-24.503521610058502,-24.88827834210773,-25.15094674782708,-25.892770010192763,2
144717.47-012442.4,2.165,-24.950278619421724,-24.98586204428773,-25.35290369493895,-25.501004161715866,-25.759615944711587,-23.208652689709005,-24.087922452069687,-26.2390064103116,-26.599273080511544,-27.15966521051783,-26.89992893341657,-27.644078980018715,2
144755.57+100040.0,0.678795,-23.64430610201752,-23.817203408700387,-24.19099986063975,-24.363501721785045,-24.4983836046224,-23.84962934818313,-23.693242074631275,-24.722715539464414,-25.138513171962533,-26.007513916298823,-26.298858713155813,-27.2181257596354,2
144911.80+550429.8,0.36179,-22.56613656783791,-22.703252297678805,-22.96440308073347,-23.041750616201885,-23.23897611141377,-22.64184325270852,-22.668419443848983,-23.564060408290427,-23.89637461119226,-24.41133236933219,-25.022820298102875,-25.79478205633282,2
145005.13+463521.3,0.29248,-22.76055599855319,-22.88033604807884,-23.205606228702276,-23.10767494105072,-23.462891507373254,-22.17879126874268,-21.97813961788956,-23.48479521445004,-23.67803788768169,-23.99866203040033,-24.496647953965034,-25.14946713192772,2
145139.80+474527.6,0.758,-24.45609904885476,-24.42038717257137,-24.70811173397889,-24.76829211841618,-24.784303753666634,-22.539376717229,-23.939633899526648,-24.690891728485063,-24.85109204841321,-25.135648862962025,-26.20752107184054,-27.02892396884941,2
145203.20+085549.8,0.388625,-23.25153904788814,-23.44024945417087,-23.863496446142904,-23.89564688172388,-24.13733160448124,-22.59266685780337,-22.638922092647302,-24.147117988898213,-24.43063510667375,-24.83636126322411,-25.582855883789563,-26.38755702680192,2
145224.67+452223.6,0.468428,-24.04789413999305,-24.254986766073426,-24.44817435099274,-24.47099236406101,-24.744190573135352,-23.725270000595224,-24.0041310151999,-24.46369548544006,-24.703181260931284,-25.309175384483748,-25.75112548835788,-26.59370542274758,2
145325.39+123704.3,0.541064,-24.093816897222183,-24.315684770932886,-24.54615423644484,-24.550381590823584,-24.741502514266003,-23.572880205955396,-23.920507320278794,-24.702067581885142,-24.766012180081525,-25.39202970007373,-25.7239542199295,-26.56255803251455,2
145406.41+382814.8,0.625131,-24.252634045250318,-24.40249431731625,-24.685942426200214,-24.76740842148031,-24.910972228686106,-23.830130350222383,-23.834154754055486,-24.585725598793733,-25.22102331778861,-25.46372204417176,-26.49919399464724,-27.3566063650589,2
145427.16+401814.0,0.631718,-23.200262297733,-23.512541085558155,-23.859009430076213,-23.86903932851149,-24.053593263011297,-23.90589244168681,-23.739533447120493,-24.61540921118067,-24.789741145554835,-25.215622606376677,-25.576445013347413,-26.32968773180381,2
145450.02+111434.4,0.468062,-24.471609074945544,-24.62068487763467,-24.826660381003084,-24.807115315670927,-25.023555663482316,-24.339156499005725,-24.43312787314243,-24.998463035432746,-25.315714096438896,-25.95352880224012,-26.48408438935532,-27.44925828847226,2
145542.91+424957.4,0.651872,-24.06859564979485,-24.1674253726078,-24.46882231795321,-24.65141301405197,-24.69616647229886,-24.2465509618516,-24.09336328880781,-24.966103615219133,-25.230378731185247,-25.70664579092455,-26.369545704779927,-27.227935539313293,2
145551.73+002703.3,0.603501,-23.82475686085514,-24.072830913931487,-24.319361317170685,-24.30367110906356,-24.46142256621682,-23.227268423933943,-23.514546925518715,-24.47287810797848,-25.11605151223372,-25.48531567146055,-26.152655496802385,-27.026651828612955,2
145627.21+312149.1,0.499116,-23.660321110008358,-23.7969218203841,-24.06551014890365,-24.12493652621884,-24.320453519507137,-23.74894532442712,-23.66723941816421,-24.104578652140543,-24.32318492560788,-24.754678115790643,-25.497412237771243,-26.35045017357859,2
145713.29+605303.3,0.660143,-23.80920907525327,-24.045857541165727,-24.293742347145606,-24.286612452703515,-24.432577184940733,-22.5615688309214,-23.18485039449148,-24.475858314501917,-25.00796644122656,-25.155393734907346,-25.69908758508445,-26.60776725602217,2
145718.23+315924.5,0.3949,-22.71078153857312,-22.85773916946257,-23.20862918641654,-23.25211717686465,-23.53217337142999,-21.71193163929643,-22.20326507364417,-23.845019180603927,-23.920560128300743,-24.54697607540548,-25.23063615738221,-25.908269875863585,2
145724.78+101021.1,0.660481,-23.983712510656783,-24.13196905016691,-24.395749188549644,-24.49610762101772,-24.570792546409443,-23.17819877848753,-23.62519583816997,-24.50506989919672,-24.8188588855027,-25.587874712978085,-26.64988307237698,-27.55302343431036,2
145736.70+523454.6,0.638,-23.34722740375224,-23.483030918904543,-23.821545080494733,-23.97703578086045,-24.10798951143526,-21.92695284954772,-22.226063993631406,-24.046301673654817,-24.691675254687816,-24.960514391823043,-26.337676620402757,-27.23332463133428,2
145741.92+253951.9,0.5902,-23.350619620899117,-23.59966135573218,-24.040256190918043,-24.261436039564927,-24.42848834776904,-21.950231225786247,-23.047499508986547,-24.660257105196365,-25.0730836382124,-25.56458160660761,-25.896448613569632,-26.84304526956291,2
145748.07+414546.8,0.599065,-23.93160973559252,-24.0633820803075,-24.344187113401087,-24.3338275463987,-24.563497450531088,-23.31175743847866,-23.32221501840433,-24.434519579780787,-24.8764491526506,-25.32891979766125,-25.65824339609425,-26.51491526116157,2
145818.78+151057.9,0.5869,-23.78855157966795,-23.97792010825525,-24.242414039368867,-24.31823102179922,-24.594755164150097,-23.87721555546622,-23.833888934008176,-24.843395568102,-25.06110634215006,-25.24443519719396,-26.23392397886088,-26.989993406125485,2
145917.61+551100.6,0.619879,-23.036235825978466,-23.49123543045528,-23.93984358169971,-24.12101924867529,-24.30211709451557,-22.706944683264638,-23.108053904742714,-24.45980454947158,-24.813154760902016,-25.23256668318385,-26.01745502959429,-26.832755107089906,2
145945.32+614014.0,0.774987,-24.097011618618318,-24.141907446465645,-24.443183520134067,-24.60080937454093,-24.662972384431512,-23.969899164344643,-23.950474046876,-24.907421746423086,-25.24099343589622,-25.31857276858733,-26.11720139498077,-27.07610859346071,2
145949.59+531909.0,0.339,-23.339741665048205,-23.474742420300306,-23.62005000410633,-23.663799328667796,-23.94558377368229,-23.661502518548144,-23.57671471980244,-23.897681527240582,-24.30375081963755,-24.878453064706367,-25.23295610067797,-26.07418666567819,2
145958.43+333701.7,0.64448,-24.804363800496105,-24.90147997981949,-25.22625758443483,-25.1467338436801,-25.296600948886425,-23.332965832996432,-23.920840817003324,-24.70964204022632,-25.320011060575464,-25.823166733583545,-26.78517091280995,-27.606861679940003,2
150030.67+551709.2,0.405,-23.198549849785277,-23.301359172034445,-23.51376723266316,-23.530312664332246,-23.871133424426915,-23.1579453229595,-23.088290091394526,-23.91913032665671,-24.20934800779432,-24.3990579674785,-25.42458305562885,-26.19650186717562,2
150101.83+223806.3,1.367,-26.25248265150315,-26.679106957331232,-27.0755411890308,-27.40384437813238,-27.865774896711542,-25.58047020947445,-26.72474819324492,-28.89713598840044,-29.052550566486453,-29.657985044377924,-29.29606053317329,-29.67046288197984,2
150155.25+563731.8,0.343473,-22.36385452677477,-22.55806304882778,-22.858974294637825,-22.9101549303888,-23.231005288546925,-22.25628180243404,-21.77903164950481,-23.58858564740438,-24.074269956732785,-24.72246519118761,-24.91537892865581,-25.6501086204306,2
150242.38+395208.5,0.34254,-23.293327228769552,-23.75608451409944,-23.930091338563443,-24.04799262837583,-24.333141391691385,-23.22192924547456,-23.107714894052364,-23.94095524371657,-24.453007112463137,-24.804109755674094,-25.614765291340035,-26.343203053779447,2
150257.98+502914.8,0.530619,-24.41742939684238,-24.51382076350509,-24.828265611262143,-24.870347522832628,-24.94950076466003,-24.0023772410492,-23.946660853093867,-24.67318918649901,-25.246469378097792,-25.531590480388523,-26.21362303464615,-27.1698961290122,2
150354.83+044639.5,0.5526,-23.6163447996044,-23.736621591857347,-23.95904313336392,-23.88717313418638,-24.15723085658802,-23.12200263206994,-22.998387769482772,-24.00947443695849,-24.80149906357886,-25.21659578707153,-25.34347216067365,-26.133268453798635,2
150401.76+445910.9,0.492539,-24.30313576095619,-24.414710697225544,-24.77786185629271,-24.78547363550798,-24.916367286332434,-23.93714061177651,-23.705608707953715,-24.728814929488983,-24.96512457386888,-25.342668703595997,-26.24979451314591,-27.22862303509097,2
150428.37+101856.5,1.011979,-24.42044700844898,-24.495010639316085,-24.780539473337644,-24.868674106312763,-24.98496904233731,-23.941838820270178,-24.78572670167014,-25.079132646761195,-25.40166671883813,-25.773795351143782,-26.55042626229245,-27.32810425863603,2
150437.67+541149.7,0.305442,-22.6984170904067,-22.88334764175259,-23.123531178303672,-23.22337360267091,-23.48197369385493,-22.3635381707388,-22.408271623271155,-23.34966530819283,-23.82261205394151,-24.26965126789253,-24.881939495690457,-25.54611497227225,2
150455.56+564920.3,0.359009,-23.351454602323457,-23.375876632948987,-23.62008451017068,-23.66927372025743,-23.939450054316783,-22.75007855042285,-22.460668192772832,-23.885558093602548,-24.25024400327573,-24.878519374571347,-25.2402963606187,-25.97831749963298,2
150524.42+280932.9,0.5042,-23.41705941105052,-23.52149962828438,-23.68449960916013,-23.659482067306143,-23.851194508033856,-23.63588121203523,-23.260681313959093,-23.78130447851265,-24.278536738770352,-24.94141026861948,-25.383778221020847,-26.214758970175733,2
150527.60+294718.3,0.5261,-24.96466112322893,-25.01668566380564,-25.26474371003337,-25.22054605563917,-25.31417087078428,-24.520712543128376,-24.47101172386038,-25.08410949376365,-25.39397978952407,-26.088368506726635,-27.03488491719852,-28.074239624598093,2
150711.11+235653.4,0.444212,-23.954452260325056,-24.123786456645835,-24.28709143229225,-24.283396630782043,-24.523285845455952,-23.18453689768953,-23.019334320091144,-24.184797702486392,-24.33565462101944,-24.836233207257585,-25.551640111246986,-26.50907744164918,2
150739.49+110403.7,0.475644,-22.786140825456084,-23.080531012563345,-23.436128708549905,-23.67240424540899,-24.02501736804045,-22.87884629028338,-23.1370075566969,-24.04957699657869,-24.25382315892308,-24.882474387637966,-25.68387505785581,-26.51292478744949,2
150752.66+133844.5,0.322,-22.13571927386929,-22.44522885500832,-22.890568712526527,-23.059831015524896,-23.56598400500277,-21.71538454254819,-22.32505355357402,-23.907299317324,-24.04295117595872,-24.44180048934304,-24.604685793957167,-25.24085422304659,2
150842.19+332802.6,0.878976,-24.19736855179591,-24.249252171955497,-24.47658207071592,-24.531646230193328,-24.704570567798587,-23.152840313474314,-24.031498025194484,-25.208839732541374,-26.079304822984284,-26.236235648060493,-26.131539423215123,-27.103133166943845,2
150928.29+070235.7,0.418784,-22.25011141452919,-22.442900225514503,-22.634664546584265,-22.678362018927068,-23.094777090247845,-22.76379268351996,-22.84343599119429,-23.34419270666871,-23.83173905752292,-24.12011839372661,-24.79304360836864,-25.52604847420835,2
151108.36+423721.6,0.375203,-23.463655728127016,-23.586026488007874,-23.81739127750777,-23.83386184429669,-24.075549020978112,-23.69654977462682,-23.67125918065495,-23.92394040919753,-24.45300659786917,-24.98560416366512,-25.75695082611905,-26.51719463046113,2
151140.32+402721.5,0.558762,-23.946081158983105,-24.23262564994657,-24.4797816306542,-24.415197969830587,-24.67257512339747,-24.305549063250595,-24.14108169282349,-24.54149090752981,-24.42462820309548,-25.14377591521214,-25.81948000998521,-26.62744036364012,2
151304.56+304204.2,0.347961,-23.67181989037197,-23.75819376645441,-23.939772820854905,-23.98346568381192,-24.1972816177083,-23.607359982302334,-23.633980065490302,-24.36528313874472,-24.82509639167044,-25.222432712161368,-25.715105950041707,-26.336061382999876,2
151306.60+142451.3,0.3305,-22.95588896049449,-23.052121159099418,-23.24573955531767,-23.23651400258902,-23.44140530183411,-23.030622620093705,-23.04356868775891,-23.69514554816368,-24.385567774011538,-24.858590840017506,-25.517325323211097,-26.23513324320955,2
151345.64+152246.3,0.5244,-23.321252679371323,-23.48666815945067,-23.64770987311302,-23.70194993658769,-23.927086003132143,-23.30823442663045,-23.384372698361403,-23.622815173597186,-24.08795797211742,-24.40898981229501,-25.55143592024668,-26.37172911349712,2
151351.50+262358.1,0.2033,-22.24227311388389,-22.61668843752552,-22.96236412836025,-23.079862383075437,-23.20212140902467,-21.02336278238066,-21.551783680885432,-23.05082335009533,-23.896604597980154,-24.350291545480136,-25.472366202894165,-25.97105472157645,2
151441.63+593847.1,0.758508,-23.5822701710822,-23.681598834830684,-23.896400986465515,-24.044295576522146,-24.06175206388734,-23.3709549656248,-23.36903148136649,-24.60970105580577,-24.793227123913237,-25.212403837800128,-25.92601257560293,-26.744705401050155,2
151443.06+365050.4,0.37002,-23.91209097881548,-24.04268598195457,-24.248855145763187,-24.308026499532662,-24.737548843604312,-23.987545250454936,-24.12809691227344,-24.655942750637124,-25.01326750587037,-25.59839919539887,-26.16436428247212,-26.99225291520248,2
151535.25+480530.5,0.311537,-23.77848974475899,-24.028053791055505,-24.340827323171503,-24.36268580855453,-24.587981199956594,-23.485897340097257,-23.765317523061498,-24.499816339066545,-24.97457039359058,-25.38047787565957,-26.245485090775137,-26.9557309442049,2
151558.06+193744.3,0.3815,-23.37040482959737,-23.517998738918926,-23.68356943648184,-23.72826306622952,-24.008168553306163,-23.48870531731323,-23.56444426316424,-24.07350438352216,-24.58992219200973,-24.78238512336487,-25.40332415411267,-26.227529104662462,2
151651.32+064105.5,0.521731,-23.406895802186547,-23.608064463866864,-23.86030663936408,-23.955395726663557,-24.116713404985056,-22.898292625954223,-22.96467324122348,-24.02121810378877,-24.501370844445784,-24.997667204352428,-25.761515217165265,-26.657964863120743,2
151737.29+290506.0,0.5495,-23.51969136283666,-23.62407066882795,-23.848158628989687,-23.87069565936876,-24.030931183976502,-24.010477987181076,-23.834515948039265,-23.798806729360948,-24.239338902192376,-24.71937564256835,-25.699956548501035,-26.540437314186075,2
151857.79+022023.5,0.6909,-24.037117890128503,-24.205789269377437,-24.48028153236481,-24.53776178927947,-24.58452799061273,-22.328603591063057,-22.777343133069017,-24.65182972384206,-24.93756802116892,-25.320396579555528,-26.259924050018107,-27.16313349123809,2
151911.66+253337.9,0.379,-22.615469145504147,-22.67305401939981,-22.836955648711434,-22.8665636899317,-23.206457281939976,-22.29814832170942,-22.31761469180117,-23.41176226744066,-24.082000136010187,-24.52801479048431,-24.77505835391659,-25.535565092153988,2
151952.25+191450.0,0.3904,-22.733754942229027,-22.8675251147616,-23.222664551880268,-23.25420022985543,-23.537381373471224,-22.49498907597528,-22.59032891041779,-23.73743354246838,-24.112940368138503,-24.619387005523127,-25.423063154762414,-26.06952419336961,2
152028.18+421530.3,0.686414,-24.180024432710688,-24.27481879365898,-24.443204462943225,-24.443325015526383,-24.533889287297235,-24.13734194248601,-24.004461469392577,-24.68973467033181,-25.073154744723407,-25.47683753044821,-26.057478586449523,-26.985014882481835,2
152151.22+370153.1,0.56113,-23.88944328906274,-24.133613471777725,-24.327579580028868,-24.357402936753832,-24.48742888131244,-23.403667899392374,-23.39085513346277,-24.437130153540476,-24.99262091042812,-25.204203252661816,-26.436867251151384,-27.33806797164168,2
152153.80+594020.0,0.286333,-22.441085672083773,-22.4853386231402,-22.66606675384073,-22.73077979008473,-22.88552562063824,-22.51950173843784,-22.700318000171023,-22.990993467982545,-23.541230421287647,-24.03342682768749,-24.663658821125004,-25.264841792744008,2
152223.55+191431.9,0.7115,-23.520220957665654,-23.73200354748173,-24.05997145305614,-24.152358350940823,-24.358865900182785,-23.738750545537737,-23.643547311871536,-24.54747868537165,-25.03312850862487,-25.69464343752821,-25.83462586108834,-26.706558398082112,2
152510.61+002633.6,0.803,-24.719854751444824,-24.95279624426965,-25.388881171644456,-25.56081718603089,-25.70944734551381,-21.374121754021804,-24.693884243310087,-25.784479791584747,-25.98261293687296,-26.53217092672336,-27.52744623129393,-28.393007481193703,2
152544.32+563411.8,0.501893,-23.07525147998322,-23.311676869257838,-23.70338660263877,-23.739472842893186,-23.92075908816065,-23.45582075245108,-23.35024007875197,-24.1327571768299,-24.354778505295837,-24.989788853709204,-25.66888425718961,-26.59250280963608,2
152654.61+565512.3,0.48093,-23.15599636180064,-23.44916531868077,-23.883071458652708,-23.99486936293035,-24.17389995524731,-22.65781926287767,-22.751162895077464,-24.02396011900279,-24.4360301619741,-24.98941037504088,-25.559724294360123,-26.48568902876902,2
152836.83+122136.5,0.3083,-22.29430309466954,-22.445478562822963,-22.78169475280804,-22.89777810029295,-23.01766834320532,-21.18352618074121,-21.725349105057138,-22.86340025496213,-23.47917551105072,-23.64153849898804,-24.22414357817586,-24.84754392594007,2
152840.60+282529.8,0.4473,-24.604404380545137,-24.75402108897561,-24.904997572083285,-24.98745570646027,-25.277134766519232,-24.749316868761657,-24.73430027424762,-25.009181412717396,-25.409026850801144,-25.600573547898023,-26.406936316597488,-27.305987511750832,2
152919.98+453807.4,0.311,-21.93453608471275,-22.297019072169512,-22.750686509078765,-22.837324078830445,-23.269952258615326,-20.90568404841889,-21.34370538052758,-23.066796744291413,-23.164407579368056,-23.87310444915549,-24.65257383189292,-25.25151717926104,2
152922.06+525247.1,0.634549,-23.93864999881221,-24.10536397538408,-24.306034525935296,-24.31049752872728,-24.47961292849944,-24.235516920079288,-23.967616951612094,-24.50397540618405,-24.97830862870891,-25.27767128998375,-26.05219776673666,-26.92463520851897,2
152925.98+021646.6,0.2634,-22.345410728016788,-22.508241025429918,-22.748056518049133,-22.88492565393104,-23.03870789090684,-21.883172998795903,-22.1694995698862,-23.27020455413941,-23.67161676713903,-24.30965706283972,-25.172127687325847,-25.710992193673597,2
152952.65+393209.9,0.619562,-23.429234966573123,-23.57987657133672,-23.901978528291817,-23.95230099650365,-24.15528049512991,-23.699624605367227,-23.44464343428788,-23.816946866117597,-24.291782185513693,-24.583508893593205,-25.987943484050287,-26.89627205898901,2
153105.76+045855.7,0.7009,-23.83706213481485,-23.974443967494043,-24.312574328317297,-24.44876307457284,-24.503091995398428,-23.70960713964303,-23.5942765393186,-24.602899115094463,-24.980053433017364,-25.467916616307512,-26.266438948463204,-27.18034270515135,2
153108.14+175752.7,0.451,-22.773690708446573,-22.893917630896173,-23.090496914069558,-23.19413416571861,-23.435189737481643,-22.875203514541465,-22.619872861480676,-23.28530255220219,-23.809606864071306,-24.39562354977782,-24.80458776654173,-25.588284298374983,2
153112.98+091138.7,1.230254,-24.41676810051272,-24.55020054451091,-24.960233398740428,-25.075239872036747,-25.30854928366998,-23.19652898626846,-24.74900891000564,-25.238774715225134,-25.62499716760201,-26.60256158648145,-27.06982588225732,-28.13917557008565,2
153117.68+091009.9,1.067472,-24.51985598880071,-24.658148354534404,-24.94734792735896,-25.021299089096527,-25.434085067399067,-21.957765625612705,-24.519293445514847,-25.30578333569403,-25.856233732137568,-26.066628198206807,-26.90868992201982,-27.85507292955118,2
153127.24+565410.7,0.577532,-23.324249810367743,-23.3890538969973,-23.736249138032324,-23.82489351395914,-24.009368956827892,-23.10267091666929,-22.955164845010025,-24.18532699779272,-24.633237743228868,-25.15657073938685,-25.555934856861008,-26.317711145618052,2
153301.60+194351.9,0.601748,-24.425598784501325,-24.599151064041283,-24.937120503912062,-25.02302709864591,-25.183281905151205,-24.40605593732465,-24.318192762987724,-25.099814550165146,-25.3550104340217,-25.703846683153145,-26.690441427383576,-27.60864650028709,2
153355.23+154610.0,0.3735,-22.9154540142499,-22.99277143379096,-23.136274047513577,-23.152732632505337,-23.49973839930643,-22.985238000712872,-23.01853658949659,-24.08596331318869,-24.29384518836351,-24.51749778913713,-24.730708277051036,-25.58693045934806,2
153400.58+025615.9,0.430245,-23.2754305563358,-23.47846543979148,-23.781709005712543,-23.82098213753442,-24.015011410204384,-22.5902054398401,-23.03979551501282,-24.08423445095549,-24.388358317555948,-25.17499609604836,-25.59545123894144,-26.447294896582424,2
153409.11+091634.3,0.560114,-22.936137962001467,-23.117053244712583,-23.34281891565057,-23.427791721123224,-23.7164994447367,-23.45373109075265,-23.524544926840584,-24.02269288888171,-24.56446175436825,-25.1497114433852,-25.981380670586105,-26.69269665086525,2
153430.49+393623.3,0.369503,-22.81530383955564,-22.969505280446896,-23.165656026989776,-23.21959622438621,-23.407411796970987,-22.122852675713563,-22.369375539998195,-23.247155046056783,-23.74703711439761,-24.33634042509871,-25.424321823701483,-26.030174962971955,2
153505.46+070746.8,0.6616,-24.336332093392336,-24.44957023372729,-24.653840958348308,-24.694046573160083,-24.80834769565716,-22.97185747535745,-23.588313706296532,-24.71475223936142,-25.20970627588524,-25.422231133195904,-26.124336783890357,-27.14095151962221,2
153612.09+524154.5,0.560562,-24.345943770568724,-24.42786387842471,-24.615431633859576,-24.5874797469517,-24.78604123522168,-24.70067743100388,-24.558611090452796,-24.73256273739917,-24.942633812687408,-25.3659682696868,-26.433117868059803,-27.35136181978028,2
153612.80+034245.7,0.364529,-22.51679501707721,-22.666930493787763,-23.02668077201742,-23.20102017001067,-23.4014762448054,-22.64664241237674,-22.698758788619788,-23.48054890881768,-23.91277085139884,-24.57263748701689,-24.478731533912985,-25.216303754494056,2
153622.91+215202.1,0.5421,-22.44268800501599,-22.74243796154403,-23.13276145305201,-23.1870945935504,-23.522338658309987,-21.72970939367029,-22.285236888093134,-23.91335139178477,-24.29411584630917,-25.01961803380711,-25.3576600133536,-26.175267215663663,2
153636.86+020644.7,0.4862,-23.16156074587151,-23.408139510234964,-23.714114720089643,-23.799555119593716,-24.060552004918577,-23.100508506657143,-23.34952380424357,-24.06010470559412,-24.46714271034829,-24.954980390152244,-25.726583779080297,-26.595523099970112,2
153644.90+141229.7,0.3969,-23.40842082387532,-23.464898796063512,-23.576686187651383,-23.560586889546503,-23.893378071096173,-23.42519392404349,-23.52251789862433,-24.155135828184125,-24.472447267037246,-25.41846487986544,-25.90039020445535,-26.678302315212783,2
153715.33+023049.7,0.479992,-23.6230765455054,-23.776833933446188,-24.078889351228938,-24.156689586100835,-24.34517247607695,-23.39898726469699,-23.28272434340184,-24.22711754210804,-24.76940472552281,-25.280321881103,-26.12091243029592,-27.02767145626609,2
153731.90+052513.9,0.3072,-22.90917004871165,-23.266530647832717,-23.879766407386683,-23.91185705998424,-24.48693206717706,-22.15521262313812,-22.260525430654532,-24.107406467655707,-24.40460661137026,-24.738856213578558,-25.425201861709613,-26.11657248071168,2
153801.17+014748.9,0.3408,-22.770753221696307,-22.97281649239,-23.23746283341173,-23.318963674710208,-23.49018589938678,-22.818536802243354,-22.43240060793949,-23.40390650014733,-23.67718114126824,-24.27341786097689,-25.13537597802172,-25.865611066502076,2
153803.99+353658.5,0.524961,-22.990540499549084,-23.31940642257589,-23.75273686745626,-23.87537981240922,-24.09972142045125,-22.92920184397698,-23.19836948480255,-24.09374890993549,-24.412924342794,-24.58087594028529,-25.35013033542693,-26.18011227265408,2
154005.94+461950.1,0.733109,-23.936500458224835,-24.077138344879643,-24.34818936134639,-24.572792309500844,-24.627344651404456,-22.48394117810897,-23.36543398674872,-25.18564982030385,-25.330479857119645,-25.670891471269453,-26.783191155583797,-27.83448337202664,2
154007.66+252835.9,0.684857,-23.319422168615176,-23.568493981588887,-23.78764679754064,-23.857019663824044,-24.010778233913214,-23.360039977642195,-23.57172241749378,-24.617943831192203,-24.515887226681706,-25.061063489778192,-25.682961311958184,-26.546530917505407,2
154019.56-020505.4,0.320599,-23.62294897930358,-23.800789772284432,-24.098149942622992,-24.238667225425512,-24.480483705549517,-23.005765547914727,-23.064629365808333,-24.60166565679417,-25.125757502588847,-25.7575173730738,-26.37039804146953,-27.09027415992216,2
154034.15+474357.2,0.52867,-23.58959641130089,-23.581501715176675,-23.82383720063259,-23.77216583470813,-23.95494300729506,-23.11972669458484,-23.342904153648806,-24.020149718786858,-24.82339043988899,-25.03005524942828,-25.45968495617261,-26.40198652313458,2
154201.95-020649.6,0.481926,-23.506869176687182,-23.69108202717535,-23.95912927661624,-24.02581853632894,-24.278662627191277,-22.750697416797813,-22.82369173094464,-24.35444427883173,-24.884612082085912,-25.52209863045305,-25.909550235921607,-26.72392795460461,2
154251.47+324824.5,1.019,-24.581504164518464,-24.65746684106467,-24.96274467377556,-25.03905668714516,-25.221939164008983,-22.20428993680451,-24.33173273281459,-25.13956838959289,-25.632985547855164,-25.98061371133656,-26.63642310111645,-27.55725328477757,2
154333.94+102231.8,0.4865,-23.45114303829321,-23.81240801239163,-24.28354142689289,-24.345282960774615,-24.52820420074835,-21.855873996147533,-22.57360727803913,-24.51617815440965,-24.993248342411263,-25.64393950258153,-26.579002646277857,-27.390604925314783,2
154340.74+112801.3,0.4218,-24.08713404925699,-24.304351546570636,-24.641429337614174,-24.68519645989806,-24.94975812118099,-23.71142792433033,-23.76142159438177,-25.001037771460947,-25.35934501180121,-25.93805327222593,-26.516454393197368,-27.254313312202537,2
154348.62+401324.8,0.318412,-22.729381514477303,-23.02054962476005,-23.34560413077549,-23.447109269377822,-23.877297772041004,-22.22859652340122,-22.504208099869324,-23.67666861477962,-23.98455182011461,-24.36063441328669,-25.389583260085143,-25.988952801095408,2
154356.22+204222.0,0.4123,-23.409264173422123,-23.629917430441058,-24.04461041962576,-24.090095586794984,-24.22303135503327,-22.00858823873917,-22.6477548449122,-23.782855611001885,-24.180784590774763,-24.665938267306423,-25.26878369642692,-26.048767079466373,2
154510.95+345247.0,0.516621,-24.20534091667146,-24.279538201797987,-24.682232791472863,-24.801184822328704,-24.93214812693394,-24.24351682627908,-23.9714632365364,-24.788494707129725,-25.238286478240656,-25.54654570728683,-26.065740322880657,-26.927053042238537,2
154530.23+484608.9,0.399671,-24.383336861532214,-24.4786352266272,-24.832982249263697,-24.8495900779002,-25.021750792081598,-24.43912204901624,-24.387157108610324,-25.03540597458573,-25.57783467062159,-26.32665133485915,-27.01668263245384,-27.85295478644219,2
154553.48+093620.5,0.6649,-25.107516837050667,-25.181586645265966,-25.38537672233064,-25.42075994700889,-25.487136862460808,-25.27386568067125,-25.062055413917765,-25.54472846696486,-25.7271341090535,-26.044037747570407,-27.067763766446618,-27.898204531562698,2
154604.25+081913.4,1.648,-24.9950160799968,-25.353020173877937,-25.82750930702824,-25.907240894757173,-26.324175522442424,-23.14174512695601,-24.52653856464995,-26.67149745791221,-26.990467372061744,-27.20767448242941,-27.751266150606455,-28.10477097310501,2
154620.70+115529.0,0.6115,-23.17866382209171,-23.42200184743452,-23.72909716686173,-23.767914797190397,-23.945757446549884,-22.7978384280002,-22.9810099161049,-24.591114130993585,-24.799581366646848,-25.140727437551455,-25.18682088270159,-25.998139100657248,2
154636.70+200623.1,0.927317,-24.294259518513883,-24.31933766601764,-24.54976825585535,-24.55649114074646,-24.68193855635227,-23.17490794343026,-24.035453977248974,-24.70134272870786,-25.22952080178789,-25.41555922007028,-26.22204476049239,-27.096640228801107,2
154643.57+020817.9,0.6032,-23.732922762304877,-24.00272758764785,-24.34718193483824,-24.45574204151554,-24.53342934651389,-23.76972102935463,-23.61056088589211,-24.5697165882629,-24.89429833028255,-24.85276000735799,-25.69676362388156,-26.4893059308817,2
154741.88+343357.3,0.928,-24.52443770978739,-24.57684121553052,-24.81687858660674,-24.889921551570605,-24.985825168918915,-23.646215540837524,-24.48528297227488,-25.161174772637303,-25.61100165074277,-25.724193190459467,-26.52764262372107,-27.439169418869795,2
154833.02+442226.0,0.320623,-22.885136520087883,-23.07586561243043,-23.43430394933428,-23.40039561595636,-23.75192764080611,-22.208058897302703,-22.5116322694711,-23.72735967142506,-24.396621047584016,-24.81588666340382,-25.313628331636068,-25.964146289758933,2
154929.43+023701.1,0.414375,-23.608302450219128,-23.852649752834395,-24.132070099761748,-24.261414131534984,-24.67495789240955,-23.138017103375,-23.240565886673515,-24.64713403937366,-25.001122965368385,-25.489603844747894,-26.30326102709236,-27.10989871868541,2
154943.33+211403.3,0.635,-24.92090393197198,-25.085651474252234,-25.416008378115144,-25.468860884035774,-25.65347598837795,-24.78698001063439,-24.473484053025285,-25.46778062615656,-25.76685810648245,-26.09908324204974,-26.74964137347825,-27.558542308475594,2
155033.60+104035.8,0.6819,-22.88453203752448,-23.25450020548835,-23.513558165985184,-23.64618908693439,-23.806914951132622,-22.09639915233987,-22.653550888630512,-24.254000957365594,-24.6194253944453,-25.118431026818644,-25.288679726447,-26.1027732628066,2
155043.59+112047.4,0.4357,-22.145843619742116,-22.35099953458507,-22.60534660221819,-23.091714433813006,-23.380282657810334,-23.024536314942203,-23.048921488104604,-23.627423836721903,-23.92553757037889,-24.51138697531141,-25.72563296232865,-26.593336422612083,2
155048.29+400144.8,0.497235,-24.04258143418552,-24.19614389388836,-24.34118453966669,-24.38062629663313,-24.627594534473523,-23.8212663338018,-23.86700484470615,-24.538694655063527,-24.77449127343248,-25.31218266136666,-26.04758554833249,-26.985175347527235,2
155119.59+255047.0,0.593552,-23.603604485429525,-23.76109473265971,-24.109863243067657,-24.241088574371776,-24.40905344671453,-23.385319821822705,-23.28457060992218,-24.289892829327176,-24.553428777944724,-25.04396405769532,-25.82512807512277,-26.74200968635291,2
155159.43+361621.1,0.362566,-21.96363645583185,-22.341718618139293,-22.73229112787916,-22.88394235164866,-23.09796157798048,-21.756584695712288,-21.773270766796305,-23.23374567893345,-23.855868984097235,-24.33422994033369,-25.086163683164653,-25.91026591896311,2
155159.83+154824.6,0.5848,-23.277099878303023,-23.424150113754948,-23.717013621344258,-23.773691038958603,-23.938632718315507,-23.213658534408005,-22.98456961391654,-24.23027035442747,-24.531189770586494,-24.9751756951311,-25.412287286805597,-26.24164251245841,2
155239.61+212345.7,0.677935,-23.82706974961153,-24.00936552110033,-24.46193993517462,-24.66011345713625,-24.785974668344892,-23.700114675841437,-23.48792993359369,-24.77299365843399,-25.39720447362314,-25.49461039831168,-26.420789622958758,-27.399730613284067,2
155324.26+490726.9,0.258252,-21.982206010926287,-22.133645300706977,-22.365063214429277,-22.48251492937372,-22.623449098125104,-21.68077574554281,-21.78267906609842,-23.247677470144776,-23.61938076989672,-23.831682539782733,-24.536240796727583,-25.056987780635325,2
155340.84+071845.2,0.706,-24.25101686250421,-24.44922173361789,-24.770336970333684,-24.80357513615548,-24.923753330689078,-24.281895360220663,-24.34884936415258,-24.880731076995325,-25.15299209803969,-25.224067571375635,-26.037021184277805,-26.90719606907696,2
155346.76+362154.2,0.461399,-23.521658574477,-23.62948682374189,-23.776026765043515,-23.763896964949524,-23.962813970809485,-23.21490128444767,-23.145832560611527,-24.003004687300567,-24.52135722594626,-24.768523552147297,-25.514995833746905,-26.44135386061803,2
155412.48+144533.0,0.7792,-24.26531826551276,-24.430915310872845,-24.791180889858573,-24.94812097072661,-25.069487227334918,-21.214523365589127,-23.687179493747525,-25.349354411903253,-25.6125494589536,-26.065613154854663,-26.648459667808847,-27.662172261815307,2
155435.22+324646.8,0.567652,-23.76111620207964,-24.08688818927975,-24.33955910292313,-24.40392017098135,-24.568779572437904,-22.545136333066782,-22.59419000820939,-24.49877277487941,-25.199104842809568,-25.785529464403155,-26.34972303899396,-27.204314430867814,2
155507.17+243817.7,1.157847,-25.00772788706952,-25.20402786403121,-25.45697009267364,-25.55328938284534,-25.833827220313136,-24.26801864681101,-25.1491755748988,-25.48821592794808,-25.967127109290107,-26.20172728469254,-27.16608635654566,-28.065298748716963,2
155534.61+345948.9,0.515639,-23.189390157213605,-23.33959938423951,-23.51061096460233,-23.57970815282988,-23.80124659837271,-22.803279156305152,-23.088155252440263,-23.79244368122133,-24.47977702222421,-24.79218760954831,-25.57192074151533,-26.427713596218982,2
155553.68+173131.3,0.437926,-23.00452867768832,-23.227854835153423,-23.50014698266825,-23.542053735610946,-23.80936902551777,-22.77585248556425,-22.78474970280692,-23.77928910256255,-23.907476961881937,-24.183146814610534,-24.941304379581208,-25.683690007523115,2
155607.43+552436.2,0.434019,-22.20405697087505,-22.68007883860378,-23.287778184415387,-23.49297719517489,-23.74809555169969,-20.519809833612072,-21.3643529375592,-24.13365749786288,-24.67895910754965,-25.084824904858174,-25.82940565487102,-26.62811290685937,2
155617.58+550821.0,0.387007,-23.779787234474945,-23.873377316801367,-24.16917733031892,-24.16052183931333,-24.466644034753877,-23.3504589576932,-23.70059042380774,-24.374781055715815,-24.718533053104448,-25.35720747043624,-26.075258537408008,-26.853956223148817,2
155700.38+312020.1,0.792,-24.447554420269512,-24.68250292812592,-24.99286070020116,-25.121533383501088,-25.23819035710049,-22.496423012790604,-23.742861530448675,-25.561836785083184,-25.58551703468364,-26.322761554651613,-27.253109153469754,-28.242187913630527,2
155745.32+345016.9,0.379098,-22.893444277423733,-23.147059949231767,-23.39759443694768,-23.43868745528156,-23.7148223029872,-22.77416284779171,-22.84166173389353,-23.782359126396017,-23.833053103501115,-24.72261815411076,-25.548127349369324,-26.38109723280962,2
155756.66+211034.8,0.456083,-23.614507914356604,-23.781157787935168,-23.95153504088876,-23.92873810823249,-24.198940040024013,-23.52732541944744,-23.524144578557,-24.22232336853211,-24.67076407445049,-25.54977797480124,-25.939616991014603,-26.77896614142668,2
155821.86+120533.2,0.5745,-23.750982466931188,-23.96089193748834,-24.164887323749976,-24.229326940951854,-24.410715636420512,-23.75839779527213,-23.70897081287869,-24.35950008258685,-24.56921098006236,-25.65687760746182,-26.365838394941814,-27.13196078980153,2
155837.88+282839.0,0.323318,-23.845755796361235,-23.96946680793165,-24.098152526099955,-24.209092088109166,-24.399450941701247,-23.77784853633359,-23.427448859544672,-24.508666115703136,-24.984523934250014,-25.562792211481263,-26.06230726400068,-26.78388555273788,2
155846.72+223549.6,0.399479,-22.019690728661235,-22.2356287807893,-22.63752157537484,-22.792623114878403,-23.205415600270204,-22.507124457896747,-22.609065259536973,-23.61361449594697,-24.18374438890937,-24.257775816523708,-24.61351291140016,-25.32597784790032,2
160007.42+111316.8,0.6694,-24.44580219011256,-24.585745399109157,-24.871830676617968,-24.92571544502515,-24.99606251100179,-22.759155071385788,-23.44300646646796,-24.936709206634585,-25.20655980552764,-25.495892328669598,-26.19221170456159,-27.055170375439943,2
160026.42+340935.2,0.68862,-23.828779625806888,-23.869977386733837,-24.172033672578483,-24.277494145697265,-24.28081853373236,-23.867198831034504,-23.67223963836701,-24.52646425345793,-24.844312912906908,-25.260046787699157,-25.86188588041469,-26.736576918153144,2
160151.56+175410.1,0.660786,-23.101241569486056,-23.40137258026537,-23.67935584658846,-23.763892697713228,-23.95771719641382,-23.236946013663964,-23.35044514851316,-24.070147449152184,-24.761951131948507,-25.200810612116744,-25.741998970950096,-26.43425342219098,2
160243.91+174503.9,0.356624,-23.76134806273328,-23.91959733165878,-24.233799997052447,-24.32691079270625,-24.59923575459488,-22.69424301300369,-23.132309622834764,-24.576482786290143,-24.72098922741865,-25.06481761497152,-25.647428521532504,-26.44412609415669,2
160317.90+090037.9,0.488728,-22.95006610513852,-23.13846823711939,-23.364697061809068,-23.47291853506432,-23.707653465009543,-22.582944842307423,-22.891018416477724,-24.13415515450537,-24.312959243184924,-24.77489648430236,-24.71591208681681,-25.567299212847526,2
160341.93+110548.7,1.356,-23.92165879058582,-24.58095393147888,-25.08731303469445,-25.53599670967713,-26.11077688891892,-21.912729501080197,-23.540326206281783,-26.668303889278302,-27.14760477269226,-27.507678430006152,-28.97772243613865,-29.57978619335584,2
160402.72+043139.5,0.932293,-24.62644929693377,-24.85691411887878,-25.24151062846356,-25.42321545537684,-25.62083379320463,-23.77005065348173,-24.61836288009128,-25.81965602862681,-25.889895280657576,-26.39068941329265,-27.227554957214107,-28.179206027831867,2
160410.97+112659.6,0.436,-23.973420194976637,-24.08507580173408,-24.30436278651249,-24.26050549577723,-24.49355302623811,-22.99744216585664,-23.57047347369583,-24.440284960171144,-24.88182341699744,-25.38247388857789,-25.848018309148003,-26.653405563766626,2
160437.35+571436.6,0.721859,-23.666441692326583,-23.912733773426545,-24.24185936653232,-24.312521247406583,-24.498970235663,-22.9836179224364,-23.517613444175407,-24.764912302919917,-25.71568154781075,-25.604029739501147,-26.310629177756272,-27.10518743934538,2
160500.41+055056.8,0.573725,-23.354352517136423,-23.53240831337123,-23.71007814410984,-23.708035937315397,-23.86180719057073,-23.20360356207002,-23.17974871604699,-24.04773998158348,-24.625937579364955,-24.90897515650516,-25.42517978133997,-26.279915054757293,2
160519.70+144852.2,0.3721,-24.018541210453883,-24.101927651111723,-24.27890943837669,-24.27781563817493,-24.480919332955008,-23.441460480223625,-23.660940737386493,-24.23179882064361,-24.73892114307267,-25.21387094415591,-25.6312531479742,-26.41900798231605,2
160708.26+514302.4,0.424543,-22.67646033064505,-22.84581273225097,-23.07824941531972,-23.185133611804098,-23.490972085080703,-21.818101904071483,-21.787389641340106,-23.52419618191343,-23.904677655420773,-24.2558947200466,-24.51993619310514,-25.264553517264453,2
160715.69+401227.7,0.512724,-23.481741773877264,-23.674798540002627,-23.906228266418115,-23.95563475811236,-24.203136440284364,-22.999058206548185,-23.02197899737887,-24.607395012261065,-24.782727058264744,-24.894758979322667,-25.64574352189565,-26.47981010086005,2
160739.30+103555.6,0.4585,-24.0238820261164,-24.23211968424881,-24.5812364846108,-24.53785822513657,-24.733983018329702,-23.191701146677552,-23.565755761353657,-24.374220058628115,-24.90261679470284,-25.273559619469363,-26.10922354568482,-26.97580701758554,2
160744.82+184648.3,1.083,-25.53084111514113,-25.652118773322616,-26.008976459352912,-26.156459913331386,-26.432603628268318,-23.081658055036453,-25.100644327380472,-26.70183681018928,-26.620447099566228,-27.211336854876404,-28.07578966892126,-29.003903557964588,2
160846.20+102907.7,1.232,-24.05228611166877,-24.3134622914488,-24.637142486075508,-24.900792830269115,-25.25432533882758,-21.12818081425173,-24.02136463115186,-26.25572647305726,-26.567218191242134,-26.923693386498982,-27.66934512179348,-28.2669902355036,2
160847.04+563702.1,0.596,-22.728836363860676,-22.940795707002017,-23.189608912668515,-23.29628001082596,-23.535934935961222,-23.280301323383632,-22.85521528137086,-23.950953703110365,-23.94764692638256,-24.85015540685814,-25.60774391383693,-26.44431619468156,2
160923.21+051608.7,0.338149,-22.793632408571803,-22.957058278099133,-23.13162981379268,-23.22781783131838,-23.518114623989987,-22.538843410812348,-22.45962206076596,-23.4682909640446,-23.71007488233173,-24.276180373451123,-24.814192623058695,-25.411437461023347,2
160924.04+134143.3,0.3836,-23.41077272978013,-23.470701206712928,-23.701526258669197,-23.671177032169037,-23.89223337223941,-22.99480721389309,-23.151568475586203,-23.455482947581395,-24.140898505430453,-24.41258432191456,-25.306508397577364,-26.111121041687955,2
160952.64-002101.0,0.926538,-24.509176021226523,-24.559565092424386,-24.77549928682693,-24.86790628835819,-25.06943745999664,-23.45339309213089,-23.76402641048648,-25.14901327821452,-25.4925698177192,-25.59046879315348,-26.043508309223554,-26.943783391197545,2
160953.42+433411.4,0.761337,-24.059893541522666,-24.19749202386501,-24.384291231645737,-24.39583033150188,-24.452946844764465,-23.115322361456847,-23.83324269046141,-24.989345764268304,-25.43400305931645,-25.946436721308995,-26.434166641170503,-27.245515430241795,2
161144.01+370330.8,0.81033,-24.208353655715825,-24.284923173049403,-24.503482017615344,-24.562488932624664,-24.708395315554203,-23.397799160360524,-23.9552331927011,-24.79722363610926,-25.286640311629007,-25.82064314226893,-26.29085163163181,-27.04681748955672,2
161151.28+252028.7,0.556156,-23.86776552875225,-24.01123146168068,-24.21714405660481,-24.21924228833513,-24.39287526185581,-23.799855953864625,-23.62469712884756,-24.714455189185028,-24.85830024915236,-25.450671807101006,-26.15617399462476,-27.04532933849349,2
161250.29+282005.8,0.956482,-24.15194479172779,-24.30702361298917,-24.67951338174561,-24.896402707801805,-25.220482821665342,-22.22245335429307,-23.5372837604376,-25.322882747958214,-25.483305966491155,-26.19428619565001,-26.67033428265248,-27.598614583178016,2
161425.17+375210.7,0.55259,-24.145218510551835,-24.326209921386454,-24.711020915724024,-24.796291479569263,-24.924369661341174,-23.504156309091936,-24.0118643804552,-24.741664995678185,-25.02302241261454,-25.752281628529037,-26.7238388626666,-27.56945214855516,2
161428.07+493004.4,0.64686,-23.711660276292623,-24.032784308427544,-24.435164889355068,-24.568804600929624,-24.728988961554425,-22.79872153169382,-23.29015536266058,-24.68231520834977,-24.93060704755732,-25.75658953173955,-26.43325715735261,-27.32680679645416,2
161441.77+091505.8,0.6286,-23.96609714307997,-24.16179274006564,-24.47032812832469,-24.495916798524696,-24.63877185376689,-23.78954593981269,-23.720011600310208,-24.371550952786496,-24.68659515431373,-25.12098316026842,-25.71338792525461,-26.568721272398687,2
161558.18+095347.7,0.3307,-22.47401121908753,-22.774877079020875,-23.122061116099538,-23.187966257582957,-23.449012289587763,-22.422526802294307,-22.56104481622084,-23.478723917908813,-23.917563684910565,-24.320084425354075,-25.18415845109353,-25.917212765108932,2
161649.42+415416.3,0.441226,-23.65040355772397,-23.99523830073529,-24.30812808810912,-24.37910528534775,-24.638605515620775,-23.687261073556854,-23.820212768832917,-24.6856802411364,-24.96594937892537,-25.48818391783996,-26.079004114979902,-26.899888498817504,2
161718.95+543242.7,0.53421,-23.937761837993957,-24.216121090489736,-24.518463093013988,-24.564695443881103,-24.781175582805165,-23.682066924240107,-23.54533122585223,-24.300868745325747,-24.67009853046309,-25.03128803201601,-25.99099838233589,-26.88796839241866,2
161815.84+304705.8,0.720392,-24.195350399517285,-24.365715778415808,-24.7917624390902,-25.011359185299646,-25.10925069605899,-23.68193804405475,-23.943838863391605,-25.21050682374915,-25.38135696677976,-25.847577474796378,-26.24662185065109,-27.036082007986888,2
161826.93+081950.7,0.446332,-23.45086644502103,-23.77147464976531,-24.19495208096892,-24.38103896385769,-24.85242815426837,-23.085110509410807,-23.52005477254443,-24.8686476480716,-25.18597312357404,-25.49926715365693,-26.0604830338294,-26.946533696616363,2
161847.93+215925.4,0.334828,-22.8613002375745,-23.058342897553157,-23.327774097216015,-23.472852014789428,-23.711378731785175,-22.274175470017347,-22.61623824029325,-22.76332544110733,-23.627989442746912,-24.08699045447301,-25.14334370332563,-25.839212909274217,2
161916.54+334238.4,0.47048,-24.015683569658854,-24.219074020393023,-24.41768553533232,-24.422353557386035,-24.676841658093515,-24.11507126689449,-24.25740237929045,-24.69726032375131,-25.22721682082033,-25.73277576586169,-26.47679858487318,-27.34920589348838,2
162021.81+173623.9,0.5551,-24.48595544142977,-24.643166739072036,-24.84766494420584,-24.92232722003231,-25.110106305398528,-24.307736801043028,-24.42393267999388,-25.305303428158396,-25.56076305412336,-26.06112192736783,-26.61848875905933,-27.51705693028303,2
162038.92+265751.1,0.395708,-23.02234434791539,-23.168589506698726,-23.376667326445023,-23.33617875895529,-23.659535863348765,-22.303233948303102,-22.51796709309194,-23.37988491863221,-24.011399078237865,-24.568328012798624,-25.23601509457689,-26.094564404899604,2
162053.53+261836.3,0.877796,-24.6901949262751,-24.738277922238066,-25.039934798738216,-25.09934268750959,-25.25942755189588,-23.60756567171155,-24.005069758869418,-24.775095064417822,-25.56867826573683,-25.73369459044281,-26.605029734528177,-27.64412916460991,2
162318.89+402258.6,0.909,-24.000587376318077,-24.26630979882066,-24.604994472397365,-24.71750234989531,-24.91764082161198,-21.778735933949022,-23.42159092696411,-25.280812960523622,-25.406750331798857,-25.85714612311981,-26.180037374897804,-26.85982646669338,2
162320.78+383233.9,0.750071,-23.633610046714168,-23.760841444006303,-24.0818517841122,-24.220855672131258,-24.30563089608712,-23.39050890518689,-23.57134922365669,-24.602831098342648,-24.812529350816437,-25.209428648020275,-26.224992145441004,-27.11361730567808,2
162506.63+084309.1,1.0111,-23.79015642957094,-24.109578418531523,-24.44631384480437,-24.64316980566539,-24.919858454482664,-23.08749002004034,-23.46820278019692,-25.05599818531834,-25.36624531245214,-25.992290334680668,-25.79243626241725,-26.62611614092189,2
162825.72+083259.6,0.4355,-23.651046754321133,-23.761175470383712,-23.920995023402877,-23.925079635414185,-24.20368400089792,-23.166352652474348,-23.360218134481904,-24.315008192733977,-24.54779468328796,-25.25651168484965,-26.168437794360305,-26.924492430594206,2
162845.13+184859.2,0.7456,-23.640023491528304,-23.69225039276199,-23.929360762954733,-23.972499414048468,-23.98321501516825,-23.139344662803374,-23.38476052053712,-24.620197281946904,-24.47585124037778,-25.53881388109319,-26.0160885932738,-26.840706935606278,2
162904.96+361512.1,0.363742,-22.596153433856298,-22.911821994427488,-23.307081294094345,-23.40394808305697,-23.694273858112613,-22.154901021702383,-22.57972415002881,-24.33094948964736,-24.86157919688915,-25.25827044740369,-25.65240919847113,-26.576869059825203,2
163020.78+375656.4,0.394346,-22.84168425124349,-22.9052717050263,-23.1387552725378,-23.4470633316796,-23.961856650426064,-22.692314548255325,-22.47243574364644,-23.855196352854897,-24.50575115176292,-25.448948976285656,-25.9693611007298,-26.86247433932218,2
163057.71+150018.3,0.645824,-23.9755866226851,-24.032110248443985,-24.294142429994608,-24.345065043734152,-24.557367160557718,-23.67553489285696,-23.778997257183537,-24.49101500424206,-24.669308342925586,-25.34648027267681,-25.60798410433805,-26.28476527571635,2
163334.39+290128.0,0.573455,-23.87830765291771,-24.124439220367428,-24.50940619137749,-24.64890252847217,-24.75900776012428,-23.58897996805358,-23.55268717124799,-24.808802617276047,-25.227904598400947,-25.6507112225864,-26.444859161679208,-27.44523336792336,2
163528.63+501750.3,0.372567,-22.524658671504227,-22.71299194696466,-23.072148566182094,-23.09946826900286,-23.25060430903084,-22.242844825882283,-22.44454104289817,-23.486989009468942,-24.08403313896013,-24.53041201259127,-25.05761955806942,-25.71951976487524,2
163648.36+490049.6,0.516704,-23.6355295019043,-23.761695298875274,-23.929733121137225,-23.987230699828405,-24.243411016557268,-23.462471991335665,-23.518846600389995,-23.998240023510306,-24.37110357663195,-25.04457252517333,-25.260117885537117,-25.996458994676797,2
163726.91+104959.8,0.4765,-23.14908210909444,-23.292438022824445,-23.62427391665635,-23.650697430790025,-23.858756718888856,-23.08452820622035,-22.918335575455632,-24.137927076204463,-24.35361191858071,-25.056724654332637,-25.360660659623505,-26.2860553114723,2
163745.13+471733.8,0.735,-21.9376174540205,-22.49704091905649,-22.80489312595252,-22.909559058276788,-23.33475990516345,-21.32163942096604,-22.0648388846068,-24.2632009516861,-25.33868448268039,-25.67248063802241,-26.797195345492728,-27.69405640645953,2
163746.55+425449.6,0.543448,-24.00363221958928,-24.16156542950835,-24.473107542837447,-24.51892435347342,-24.68676978774893,-24.332401888031367,-24.159849312904896,-24.454407861845592,-25.143466532289665,-25.70639454774013,-26.59911131365652,-27.52558499836832,2
163817.48+382249.9,0.361563,-23.34522611819316,-23.51907298315103,-23.73009945257164,-23.780777469022556,-23.96640147680465,-23.237780395678943,-23.314244319538997,-23.963693334729196,-24.29538607978546,-25.00245865527342,-25.555806100647604,-26.340117106207163,2
164115.99+505329.4,0.679589,-23.61994948525437,-23.700410275076408,-24.00664630695148,-24.006682108664595,-24.142096902490767,-22.652910811043675,-22.848756267895183,-24.348828352594825,-24.55823315382154,-24.958266160240026,-25.277390539158613,-26.038135071226865,2
164556.72+443054.5,1.016355,-17.73083221280713,-23.182020435082972,-22.019887634599872,-18.27615577218977,-19.98634832154157,-17.37698210727357,-23.658259803074955,-25.272774373964022,-25.538021132469385,-25.955277472221432,-26.22896285957076,-27.32244287837507,2
164649.12+382504.6,0.311194,-22.159380184033,-22.467545183385784,-22.97820516049481,-23.20081103079478,-23.24161091141073,-21.852612325053546,-22.11907130437558,-23.517084408564514,-24.05746931330794,-24.520939706248743,-25.27166964769493,-25.888637086710045,2
164845.39+192956.0,0.758,-23.760846398030598,-24.08233531938141,-24.492920791036404,-24.49944003040027,-24.677825433782008,-21.855391939689305,-23.41644228389442,-24.9275834226126,-24.983145075216918,-25.067992832966222,-26.471093995372424,-27.377355456433303,2
165005.48+414032.4,0.584739,-23.59792935711471,-23.82000972171839,-24.097678575159,-24.18518622272437,-24.40908604994648,-23.86084693347906,-23.571293543285368,-24.38055617856623,-24.72931661100608,-25.274547252767967,-25.853961615933198,-26.60792852724145,2
165051.57+362723.7,0.556594,-23.16647710108157,-23.310900140505087,-23.577699255953963,-23.689218667078343,-23.88370409213836,-23.32038601172001,-23.11550777629065,-23.76336788232443,-24.23324681879282,-24.990484453224465,-25.73189661797333,-26.51567989937529,2
165118.62+400124.8,0.357601,-23.21065042200067,-23.42979308356655,-23.665370006303466,-23.762278537248097,-24.156346814705792,-23.06564724547178,-23.40897232781993,-23.68178607486803,-24.02651287954268,-24.603578330797035,-25.24580661034105,-26.046151569039235,2
165255.89+312343.8,0.592994,-23.418707068742748,-23.67324713024709,-23.864841806425453,-24.00321206332428,-24.12595386990926,-22.80227183010888,-23.26648902892202,-24.748667803699263,-25.015991773365236,-25.519707872529324,-25.465220453464525,-26.341517409554147,2
165302.64+265134.8,0.639659,-23.50909419509152,-23.70102242706142,-23.980442802210952,-24.041122104233644,-24.21112681694306,-22.52046461340396,-23.014231295677824,-23.465905300477587,-24.82934796956358,-25.413623297992185,-26.12668965811968,-27.09499358394292,2
165328.00+293945.6,0.796924,-23.882740645459695,-24.044078592824714,-24.35381898538649,-24.48369033303017,-24.553270422592323,-23.043297472160955,-23.493845151814018,-24.64766741126668,-24.898607742277715,-25.41359692474761,-25.90873126859529,-26.801141770754988,2
165338.67+634010.6,0.279156,-21.85769968104012,-22.150029700496653,-22.480283082209343,-22.58574712609188,-22.62718216488906,-21.30391799513349,-21.53102159392069,-22.97643792167805,-22.889374762131435,-23.910383042281826,-24.538487669224857,-25.46299427627524,2
165445.06+273144.3,0.413075,-23.5716227159662,-23.85891351637555,-24.09712979191529,-24.091816038798648,-24.375857579571598,-22.43989287064945,-23.01328876496179,-24.32593218408881,-24.76878991599589,-25.307732388008613,-25.99803776686964,-26.84071131659081,2
165613.82+420909.7,0.87261,-23.8453676550638,-24.29824403568424,-24.59106397978674,-24.622367725881432,-24.786771035883408,-21.60035338371328,-23.431090591598853,-25.205521300876924,-25.494002389017417,-25.73335964452588,-26.25874863976108,-27.043097546609022,2
165614.00+351014.7,0.805,-24.516358468787377,-24.501008112101985,-24.77452890378028,-24.90721839180487,-24.96063439705297,-23.06199068122189,-24.17953428921442,-24.69965350674593,-25.06232605833408,-25.431311915823336,-26.57837711703784,-27.503171436082912,2
165722.07+395551.4,0.579022,-23.585375530761127,-23.692688663995323,-24.128194407008365,-24.24238947914672,-24.430476791274945,-22.050288580945317,-22.454907330536603,-24.46978975854291,-25.045120951561746,-25.50642953605364,-26.132575233463715,-27.14781705838228,2
165753.69+485333.0,0.479905,-21.04591230490061,-21.393016783252676,-21.729850797751304,-22.082487987586696,-22.40554735290571,-21.42113040666677,-21.314225514057284,-23.769507634226315,-23.391396131355226,-24.39652123372037,-24.369932061269267,-25.093018186648965,2
165817.31+480229.6,0.837691,-23.431401779185197,-23.541442226663165,-23.841220361285853,-23.97392092506044,-24.159816540584817,-20.996805912458296,-23.303406575786735,-24.80606542906482,-24.457210492860405,-25.45842834067009,-26.09554071039063,-26.955165859913592,2
165905.45+633923.6,0.367794,-21.540722133834635,-21.875423194197587,-22.375174810672387,-22.46713403719,-22.7851296934353,-20.437209252551853,-21.000183825130588,-23.038646011091497,-23.15564496906536,-23.833707034159573,-24.48930197733361,-25.248764041522502,2
170416.25+433044.3,0.789348,-24.356390266894728,-24.44702698366429,-24.620919607796992,-24.80251609307752,-24.85864017264846,-23.342073431903856,-23.91489085184716,-24.88847329019333,-25.238547153616487,-25.29210873049473,-26.264147408977596,-27.23633768116036,2
170441.38+604430.5,0.372162,-25.06545655460664,-25.30371295442337,-25.75660755898413,-25.908150119874524,-26.066800609566936,-24.59566076945381,-25.07558806662181,-25.950566552987205,-26.25449142936749,-26.876745121763932,-27.55682881832585,-28.297260660415944,2
170524.75+340356.6,0.558903,-23.50065007857308,-23.84883931007416,-24.321094915030365,-24.400124841069587,-24.589903540331044,-23.2649291810903,-22.91910247778604,-24.03973715408307,-24.34719776307198,-24.76529688917121,-25.71592500323247,-26.61086297537059,2
170533.69+644004.7,0.534972,-22.78965293629276,-23.13396411035549,-23.598011385073207,-23.71474283718498,-23.831035163348723,-23.04534167433593,-22.89038506077093,-23.560438806913385,-24.051862127044235,-24.973499260898905,-25.7851924255564,-26.820181620879293,2
170718.04+355347.5,0.29,-21.76800323569791,-21.936399046670903,-22.21180707945277,-22.36361517479767,-22.575346032195768,-21.91846051192399,-21.76708613659078,-22.916451219999907,-23.192652635250635,-23.738911592093995,-24.36609030712691,-25.09500687399706,2
170718.21+411103.6,0.469627,-21.84870124895916,-22.203002659327545,-22.530990232952625,-22.852305739052102,-23.116196382989088,-20.80272153448255,-21.67782618767957,-23.60159979593335,-23.94121391009937,-24.24898192733413,-24.693493966312094,-25.557320152001477,2
170823.10+412309.5,0.838883,-24.42162400975506,-24.49033749897267,-24.721253016252728,-24.85108036175518,-24.97711672663564,-23.972482352348717,-24.53166827885877,-25.1589877822783,-25.31414538065185,-26.22376827405441,-26.801692546064917,-27.75153914864291,2
170827.42+382238.7,0.400142,-22.643214923293947,-22.890670646515943,-23.161544469407016,-23.20244509786197,-23.41997737847005,-21.75880149580651,-22.201763060485245,-23.161870293722423,-23.9221818099763,-24.15598898186553,-24.6647160883797,-25.49352391539967,2
171207.44+584754.4,0.269651,-22.071292546260548,-22.16240579941038,-22.393902865324826,-22.4924137539049,-22.6364772143022,-21.91955026975033,-21.845386073731557,-23.206634237541,-23.67862838897212,-23.98533838241421,-24.46613219295579,-25.121025682358475,2
171211.10+393403.5,0.442766,-21.315079714922387,-21.58088887062042,-22.127443402359432,-22.7698303415916,-23.14351154011596,-20.929535151659,-21.224476504728266,-23.57941450287241,-24.070114884374924,-24.59447652142953,-25.26626883280172,-26.03212300796282,2
171300.67+572530.2,0.360398,-22.26072389011017,-22.519259697319733,-22.87586945608421,-23.014376209675437,-23.219359593633552,-21.401087393572126,-21.659722245275017,-23.48788658641628,-24.010417244993864,-24.680989071058303,-24.816918581595544,-25.55095651731882,2
171550.38+410337.3,0.652279,-23.629067409467552,-23.71502571268807,-24.1015358796704,-24.21023728565727,-24.30097257237201,-23.552059757438244,-23.467395220549896,-24.598887232643467,-25.012372319011444,-25.27680904011828,-25.958677386978348,-26.89519930368797,2
171737.94+655939.3,0.292656,-22.89231019763814,-22.95800094849236,-23.17107182061058,-23.2043660948274,-23.32974338135716,-22.869479061812378,-23.166046703334487,-23.543070903415806,-23.9744110559765,-24.452708460483755,-25.437717825212715,-25.99436814357797,2
171750.60+581514.0,0.310247,-23.11333567042644,-23.13324782423161,-23.258060530693943,-23.351520684414297,-23.52933716628656,-23.094208524532164,-23.183737660394257,-23.556130223398327,-24.002928534724703,-24.350343959046125,-25.415454621497044,-26.120514897280422,2
172422.16+271744.1,0.492233,-22.96973557199712,-23.065198634960804,-23.24518976894229,-23.25079393099209,-23.39243853800848,-23.318297286484253,-23.23845349450824,-23.546307767507415,-23.95842950126969,-24.67868465030192,-25.40894988332617,-26.247695682909185,2
172529.82+380451.0,0.375362,-23.265327925327767,-23.470218714006883,-23.68996377971589,-23.734577099560266,-24.00731745763259,-22.91699575205589,-23.110681888623763,-23.93965819893519,-23.926344830523774,-24.572179155952487,-25.05572742671983,-25.842510571955803,2
172602.85+382434.2,0.340658,-22.543711939013097,-22.65384441279589,-22.914490719556373,-23.006567566936056,-23.336297065769237,-22.378654821923625,-22.41761733212935,-23.496521311645285,-24.2028450542804,-24.808856150529294,-25.386210200696077,-26.04971138876236,2
172640.44+362054.1,0.557334,-22.715063461396767,-22.990223169241368,-23.145587539628917,-23.19658455278021,-23.400963647569164,-23.39037637280561,-23.18092906126004,-23.500947597007464,-24.72323796540535,-24.93196319375146,-25.40217154746078,-26.362865139081688,2
173348.81+585651.0,0.491458,-23.46247677161412,-23.54333846741308,-23.81126791834114,-23.85864118619724,-24.027971967028137,-23.192642139971337,-23.32098916334616,-23.8819553690864,-24.508161833403467,-24.8301976292069,-25.32434738842052,-26.315954237472248,2
203725.23-053746.9,0.681569,-24.143120293870748,-24.26801507846831,-24.53270173451452,-24.630018587884464,-24.73856213099086,-23.696317641017128,-23.46121202229492,-24.886974804183588,-25.2418910640027,-25.57867816989936,-26.06988603894853,-26.94236254532047,2
203730.39-053013.3,0.538644,-23.868761977185684,-23.951406059838398,-24.47124505825603,-24.579629055649324,-24.749408568307324,-24.218142747736422,-23.79356750710571,-24.65156377414213,-25.117889277662307,-25.691322163424456,-26.59128756466471,-27.43655744586085,2
205608.47+002928.1,0.481622,-24.05185524906956,-24.11569937063061,-24.284681224158817,-24.242259819537622,-24.45803129544456,-23.920057785852435,-23.94672347795881,-24.177961137980105,-24.31275804514807,-24.75138585255188,-25.95773614856,-26.89155753402469,2
210651.11+090936.0,0.389601,-23.282715199053857,-23.428142793461028,-23.6049695809076,-23.641990528610744,-23.99339609768616,-23.521249534039068,-23.293935846868077,-23.884568725423826,-24.037236991068355,-24.78532579052061,-25.226857012260268,-26.061659179483005,2
210857.09+071050.4,0.846257,-23.323358648083847,-23.416810694176625,-23.80194234102346,-24.03329761440449,-24.24506892866185,-21.82885173703865,-22.74775706324344,-24.91674376586994,-25.131017392715933,-25.785692248634884,-25.94916140810284,-26.778406265121696,2
211348.40+003722.1,0.386019,-22.65272102998954,-22.83563447393645,-23.20238091882344,-23.23486023407104,-23.506281778088237,-21.85081347649498,-22.23385741292357,-23.77916577934858,-23.6900946887623,-24.60953915085264,-25.46777146014866,-26.288906661425717,2
211843.24-063618.0,0.328078,-23.20282927266812,-23.20224575527245,-23.35712771700648,-23.386391595581397,-23.89052132258756,-23.30144971933875,-23.29891939176662,-23.54212461511739,-23.855154877264194,-24.61007641186641,-25.57660737379057,-26.19715300742615,2
212130.13-000527.1,0.584993,-24.272222972943307,-24.37800584051969,-24.73218180108114,-24.756270930226947,-24.91280364563079,-21.452252672050108,-21.220295832806404,-24.3262648356825,-24.992354423272367,-25.42012859175465,-26.29772875260286,-27.26712809535668,2
212715.34-062041.7,0.704103,-23.98302873457621,-24.22956623039014,-24.604253610227456,-24.61935938154168,-24.87316628053986,-23.783338287322845,-24.084564160380413,-24.877213601430977,-24.97955326067613,-25.33458204199989,-25.98020102081092,-26.690299992177568,2
213613.74+005825.9,0.528,-21.2094159683982,-21.63779537479536,-22.083013714365126,-22.372231787310188,-22.81909506400843,-19.99767164930458,-21.1633202781086,-23.85095169224116,-24.096176094006445,-24.223488424901213,-25.014554556976773,-25.921819576081443,2
214313.98+004715.0,0.493763,-23.153887629883663,-23.30491181173502,-23.646695941780973,-23.738818922802054,-23.926991453914777,-22.98989642970116,-22.959094857361748,-23.82265499886817,-24.663765201932925,-25.05279151896511,-25.98175364836717,-26.81716360832945,2
214337.32-004724.1,0.446598,-22.70796633469732,-22.87241594034403,-23.25924452855957,-23.239554774595,-23.459665655524827,-22.782294992793656,-22.72297400163493,-23.48795257033132,-24.28123671460232,-24.204220599884163,-24.79831831622564,-25.586831198543543,2
214410.62-010113.4,0.355343,-21.632042771114666,-21.86741874033719,-22.299572501318643,-22.491325161020367,-22.64515957091496,-21.009305150065977,-21.18754118729689,-22.747015338127262,-23.227091477816053,-24.03447746815321,-24.337655627784407,-24.94352797560135,2
214843.56+001054.5,0.6712,-24.036824625838594,-24.23851216028135,-24.538553389788795,-24.61411846552069,-24.783219575070063,-22.83017076063553,-23.29972256590699,-25.005692759854803,-25.39720055668181,-25.71716572167349,-26.373372507064044,-27.300702626056115,2
215014.76-065314.4,0.590564,-24.78082309974697,-24.883859257909126,-25.090888578414734,-25.076268301426136,-25.209517170314275,-25.008009163915474,-24.999480507407338,-25.36293884584173,-25.60438780481198,-26.203860007294345,-27.036767285227437,-27.895610901521884,2
215709.16+221103.1,0.422925,-22.22404291084825,-22.580874036998395,-22.92423419132822,-22.982115904400388,-23.24897715089612,-21.269627513233228,-21.37369566976779,-23.451419495712265,-24.022659038023534,-24.499557266576257,-24.741614015834976,-25.71061007038824,2
215747.49+024724.9,0.704614,-23.202912959797523,-23.38957187452029,-23.76633486584104,-23.96668536456001,-24.15046053916263,-23.42511668179104,-23.442534911423564,-24.653284019447344,-25.187774356347376,-25.58433114412809,-25.81240654987153,-26.699670982543367,2
215818.98+020849.7,0.545318,-24.392694660159627,-24.66944842812403,-24.99471846683183,-25.07855999083585,-25.31867692126054,-24.743573659366607,-24.52344303587295,-25.330996956495035,-25.671966742462896,-25.98883875722688,-26.46865387320031,-27.28999758637942,2
220041.70+123218.6,0.288597,-22.466540394156983,-22.52098882535641,-21.809806508535832,-22.78433856726005,-22.99148425803694,-21.90428000862713,-22.02072805829977,-23.35163483094105,-23.62274632443441,-24.01062653365515,-24.4903310806866,-24.97931641262172,2
220225.61+282821.2,0.63197,-23.62968349195828,-24.010255651786643,-24.40833205852817,-24.621668494621545,-24.61950692259129,-23.37381810221456,-23.836852546464677,-25.181170366683155,-25.388829943198097,-25.94672475935893,-26.783521106194254,-27.75557998506328,2
220226.45+235631.2,0.802191,-23.65179136516023,-23.87498560230041,-24.223872777899278,-24.241456824773863,-24.43468293737253,-22.374264717167144,-23.392436290929314,-24.44240208745544,-24.824335634727127,-25.566820261517236,-26.326350873901884,-27.25533374113976,2
220314.78-013123.3,0.644,-23.609959322777023,-24.06909657833462,-24.277428864130883,-24.57307641412826,-24.78250848714504,-22.575524286230884,-23.246444331739028,-25.11086446755244,-25.449609698628176,-25.94881504398194,-26.608045753262072,-27.753323407538385,2
220355.55+005516.6,0.7226,-23.115042542843774,-23.589931686918305,-24.013296052139705,-23.99550781208657,-24.311257878617564,-22.52666686237062,-23.30114310458505,-24.77296399365624,-24.958862649013845,-25.01710386677402,-25.88687218265396,-26.57106496342682,2
220836.01-084608.3,0.797773,-23.9821204082268,-24.117009306186453,-24.534749001289374,-24.638226274779147,-24.75858873680164,-23.23950741043443,-23.675167018303256,-24.96907539833622,-25.288380705800854,-25.6837634060284,-26.29622240823195,-27.147285056691505,2
220851.96-010603.7,0.351648,-22.470651392622887,-22.58144552439292,-22.87652560312988,-23.017821651789983,-23.356657818227937,-22.11103685506379,-22.472689111424245,-23.44472055881904,-23.890023064588565,-24.53638994489671,-24.798901194856104,-25.57838471789428,2
221122.24+304117.8,0.396344,-22.094419098517136,-22.283724711215743,-22.597743019999964,-22.63412669225975,-22.88930069830012,-22.05131294650833,-21.90794758922496,-22.967574857561488,-23.51750857603895,-24.25705438193404,-24.437572731562177,-25.130202479555635,2
221452.11+211505.1,0.47521,-23.177087610368456,-23.34029117092455,-23.53217293669722,-23.67990130912396,-23.979989431629004,-23.113355701560558,-23.218642814244756,-23.94468145500188,-24.055681518954877,-24.354000747373053,-25.132257651214257,-25.98657160135198,2
221559.40+020439.1,0.798558,-23.43066835464776,-23.48309093067437,-23.732137700260232,-23.823855686495147,-23.827418329223875,-22.93837950657017,-23.179176216555994,-24.202624802224378,-24.90123567809856,-25.29117055734335,-25.72408751473133,-26.669608590792965,2
221700.82+242145.9,1.032825,-23.984124575387728,-24.56003770531124,-25.02650329425688,-25.503420706159822,-25.978694006647174,-20.867464428345915,-22.95067838319269,-26.99362223454402,-27.51625483602651,-28.002856347477167,-28.11104935006705,-28.72974260200973,2
221710.95+223946.7,0.404847,-22.644412561109917,-22.81665480727541,-23.037614309404937,-23.18526795908354,-23.528346638919952,-22.263013141843743,-22.494782089689224,-23.79104324124959,-24.09233590426177,-24.392314822344837,-24.73797320286592,-25.46323153746633,2
221944.17+212053.1,0.274,-21.786508338558477,-21.9336165377759,-22.242007484299226,-22.48963359500039,-22.81489106687029,-21.345235400909797,-20.7799548463361,-23.12815273861555,-23.62513563460949,-23.94623480616724,-24.50585734704531,-25.155306681838848,2
222213.44+311954.0,0.585038,-22.363852853439965,-22.73662450979194,-23.100037554613483,-23.282817398411087,-23.61407546134465,-22.009554211968297,-22.669996840489148,-24.094108538504862,-24.559826764990508,-24.922471008003644,-25.134438061816848,-25.790613887116265,2
222328.20+210126.5,0.307475,-21.956382934467698,-21.983073497853447,-22.22162712312551,-22.41476835027689,-22.660457539209467,-22.047610584788696,-22.148412000739697,-23.02275682185588,-23.58996201078224,-23.905426520989764,-24.42515564264857,-25.01219078707928,2
222422.86+232655.6,0.442035,-21.95912955755381,-22.220808667783675,-22.828611647021624,-22.89637904352992,-23.13670129548311,-20.00045064603627,-21.093256837620856,-23.668182714861832,-24.156124824165506,-25.14827274148292,-25.646058169080103,-26.53094506970996,2
222708.31+133614.1,0.497357,-23.17279899992838,-23.4200566467526,-23.71341790711489,-23.76453993474239,-24.05743064530219,-22.933611034922432,-23.10089274047438,-23.476565313307333,-24.34309725841822,-24.71343269409508,-25.860534733093093,-26.732792609951083,2
222709.91+315226.6,0.323918,-22.366423786113053,-22.295994906978773,-22.814122974841062,-23.00830136521056,-23.559257569053344,-20.997126824026584,-21.55381991763284,-23.54759258165667,-24.119232382382418,-24.62575349718672,-25.445315475566616,-26.0635485220393,2
223010.47-081017.8,0.620953,-22.69818597289382,-23.16912179572001,-23.69310368922387,-23.89255446735977,-24.244901688976004,-22.90776780815195,-22.9983257779547,-24.326001492998667,-24.823313461589617,-25.065415402435093,-25.805758924570277,-26.487579498395743,2
223320.72-082530.1,0.742968,-23.613381360902537,-23.678323112711865,-23.88691591515836,-24.00760094635457,-24.207557963909306,-23.321114172781257,-23.49687435757207,-24.353012426010874,-25.10682871649108,-25.45566404270587,-25.810570073656542,-26.534622720315618,2
223336.01+123158.0,0.463325,-23.74637992101916,-23.886911591258105,-24.199531187233788,-24.21065733198817,-24.464263996212757,-23.693510222414755,-23.778869619470857,-24.562891485665823,-25.183438081422818,-25.7076914732234,-26.41795388073631,-27.379411841632333,2
223456.08+200751.9,0.32166,-22.70112588769597,-22.85824532894779,-23.109645498412515,-23.195505757227643,-23.48973545665306,-22.725539232167694,-22.541149613232477,-23.396803900617527,-23.786231030860343,-24.335137366009093,-24.58179559033101,-25.092887211161496,2
223500.73-101216.8,0.554711,-23.97849015263468,-24.069337297694048,-24.359137209052623,-24.357435332382444,-24.56100776532412,-23.689461839348663,-23.5042739725562,-24.211974994900174,-24.60620012990986,-25.3306406100005,-26.180328937190662,-27.057210234868368,2
223533.08-081322.0,0.457109,-23.32309026297172,-23.408939550944257,-23.608288784792087,-23.582433384749027,-23.78452997393422,-23.13452265220839,-23.12183826636009,-23.63880077766749,-23.859412700337405,-24.578673672822404,-25.27147199721558,-26.07383986800905,2
223556.11+015020.5,0.787688,-22.570860561637417,-22.77953803318572,-23.28283132207113,-23.43618894474796,-23.63634855101857,-21.00559477991025,-22.15456792262891,-24.03566276298751,-24.79199720273568,-25.59585443742303,-26.65685294848777,-27.741077505017493,2
223628.14+231316.4,0.728585,-23.33255332553055,-23.55002211926942,-23.82700631918238,-23.978180981395443,-24.15844224446597,-23.14859023495231,-23.286775410793386,-24.87873099714368,-25.17723519947018,-25.3453240697129,-25.943493037362863,-26.694908537025317,2
224852.36-003658.7,0.695,-21.330815463289053,-22.06168337811256,-22.30506704020126,-22.732131813115128,-23.189973031151524,-19.769496709962525,-21.89439291379028,-24.230349263637397,-24.425931004553117,-25.4011342040786,-25.598282067558205,-26.231821773818112,2
225245.63+180147.7,0.435496,-23.076134571876157,-23.016237060623027,-23.3670496413673,-23.40195825585773,-23.674878970368383,-22.32123860562292,-22.409615595746303,-23.4565532476948,-23.87724662460892,-24.51913078701488,-25.33735870027712,-26.09367044936172,2
225308.65+050501.3,0.721,-23.53778972289698,-23.793603194975013,-24.17440716456652,-24.225198637089093,-24.495230150915777,-22.87819049499805,-23.60153714505824,-24.85318178271506,-24.93437534178615,-25.27802496900264,-25.65822271069219,-26.535160409197125,2
225309.43+005111.9,0.910968,-23.32048109511488,-23.557494392318507,-24.036122817410632,-24.185079951425763,-24.406779710875256,-22.321209717195917,-22.76199069227654,-24.500787503601597,-25.067708768777607,-25.41100094820221,-25.85272680990527,-26.73168213123568,2
225515.37+241011.3,1.359,-23.64821543524361,-24.2549519897108,-24.72555170408793,-25.12524431168619,-25.647320801243826,-22.39042059412333,-24.491627787131332,-26.58246628552684,-26.723913712755564,-27.244920309175853,-28.249905856029503,-28.69799993306652,2
225603.37+273209.5,0.363488,-24.03051181825929,-24.15288380964509,-24.40344955473303,-24.40679600313148,-24.657062256455426,-24.0549337546758,-24.06798770860779,-24.492873503796496,-24.897500802354127,-25.46256880745043,-26.13223032200208,-26.96725600519405,2
225607.53+194028.6,0.581692,-23.78857636874365,-23.9487190664292,-24.3619967779207,-24.462446978481708,-24.65569207869624,-23.378280479359223,-23.471555492012488,-24.214858000077484,-24.59700636462905,-25.102243602486773,-25.80314383016868,-26.489424783230803,2
225738.20+134045.4,0.594555,-24.34739339541153,-24.55552632278391,-24.79023364171515,-24.80968152732409,-24.96866016006633,-24.662969132606374,-24.43178898557187,-25.163505550262,-25.310001776039066,-25.728558869290943,-26.594358144563333,-27.41163774928451,2
225905.66+192620.5,0.350464,-21.986659128122405,-22.29252714272173,-22.71268633898041,-22.891275495577027,-22.98426678209446,-21.50513364856364,-21.559647413967543,-23.068409940575677,-23.26019518962368,-24.44938679587248,-24.736029755698297,-25.535118040681805,2
230022.05+004300.2,0.44173,-22.4284009189834,-22.599523371496502,-22.85150342648645,-22.98928736461113,-23.204914837099363,-22.44589063472644,-22.476833677462665,-23.332990597836574,-23.83392018852388,-24.289648540888702,-24.85973188754428,-25.65457109091823,2
230357.50+250040.3,0.33551,-22.77987991522259,-23.161248986060933,-23.486511088009696,-23.59244537529632,-23.917688487735504,-21.55230166469496,-22.141088665199376,-23.99394600328865,-24.40957397323292,-24.882039529262865,-25.24253226060817,-26.00958223538274,2
230444.26-000814.9,0.6161,-23.046010390829927,-23.18852082950533,-23.487226482765625,-23.62395148929973,-23.84133556434196,-22.845987273832996,-22.7430004478654,-24.24658494756622,-24.772753509043905,-25.35138838252768,-25.55282880864733,-26.357981218559456,2
230555.48+005946.2,0.72,-23.18921365510619,-23.58347355010629,-23.912369612176704,-24.027177545518786,-24.213733026764174,-22.87626604416837,-23.0439943489553,-24.84182862660411,-25.32507691870616,-25.79654499306864,-26.216853094840943,-27.20087327851488,2
230705.29+004754.1,0.4235,-21.972705034490914,-22.20346144216143,-22.515864227228224,-22.60356945578383,-22.916020133306915,-21.202199907389577,-21.552952587593257,-23.30555296309887,-23.936982127236668,-24.43830751391237,-24.67965744966992,-25.468693645632,2
231011.66+290735.6,0.397489,-22.50737530605735,-22.662306797985867,-22.949225476756222,-23.015256571386946,-23.522848523079308,-22.42287884106052,-22.46950109049621,-23.93750012975716,-24.323488110879136,-24.490650156053828,-24.72899664968675,-25.726356519791725,2
231101.69+182744.6,0.726943,-23.96192006166182,-24.20591486242159,-24.567040015795055,-24.593444342697357,-24.75054652203199,-23.76917520885334,-23.938485877981904,-25.34776493878228,-25.55157045438314,-25.88034371366973,-26.37349695649393,-27.36711361454213,2
231120.71+245134.2,0.607624,-23.80774908099293,-23.931501414633928,-24.254542118326512,-24.32066288892643,-24.493442633493924,-23.05531208696361,-23.227313384993263,-24.413586733669263,-24.83680769716739,-25.296753074384718,-26.317274419827715,-27.23473107161457,2
231152.90-001335.1,0.347708,-22.5262397968226,-22.567051608579373,-22.68940425512576,-22.78752673771781,-23.07931834977008,-22.315194427056188,-22.36216652462456,-23.391457536331707,-23.73743818767725,-24.303662336768284,-24.30520850304413,-24.987879115976504,2
231210.47+241022.5,0.717843,-23.46856397623553,-23.78244124597398,-24.16174658489267,-24.301006530274837,-24.438920920501783,-22.80214320072688,-23.289481018353367,-24.481561510321374,-25.04556002274486,-25.21538486096173,-26.27598592297736,-27.142553830153187,2
231252.75+205826.3,0.429701,-22.158573707517775,-22.36645427126179,-22.574069313220345,-22.62323210059697,-23.010068101586388,-22.06344195356661,-21.84706350820769,-23.07024711569816,-23.51398975303005,-24.17866384117928,-24.52401544316105,-25.28484860793903,2
231433.51+230218.5,0.69512,-23.0841781114718,-23.305284137300397,-23.735373140514437,-23.950759104943945,-24.101694119694063,-22.36561778184224,-22.52882440044009,-24.182036062975797,-24.703866985037006,-25.154562168686965,-25.83231609082387,-26.70685611782151,2
231446.55+310235.4,0.506407,-23.361716865956247,-23.49641873303255,-23.71780566855953,-23.758117185279044,-24.00515022336228,-23.11808266536456,-23.188842924862207,-23.941973520213622,-24.45990064292016,-24.85583953985253,-25.63022634662255,-26.412729892777165,2
231509.34+001026.2,0.847,-24.273321889637018,-24.42399316674157,-24.75304802801696,-24.75694334050718,-24.90187659963752,-23.26615098114942,-23.96494080815366,-25.07400679172864,-25.28214224618562,-25.593172633471088,-26.38983482605417,-27.376084265774924,2
231606.97+043642.4,0.267763,-21.696425352246948,-22.01218815781721,-22.48924823016782,-22.625773881418823,-22.656798145551484,-21.43066068050309,-21.5995811324489,-23.15457769936589,-23.670689405832444,-24.334278039834185,-24.800397283994545,-25.24076887404994,2
231635.00-002841.7,0.755141,-24.42918236311744,-24.48174916737392,-24.79998000017681,-24.84520175159192,-24.953850963044214,-23.09139016028241,-23.833264043741213,-24.83670585412101,-25.41213733446176,-25.58155580825583,-26.395604763325387,-27.34838857824304,2
231846.76-013940.5,2.917175,-25.77612209266275,-25.10957507958577,-25.64491208627342,-25.803441221990365,-25.99947876970507,-22.136796292368544,-24.40299157478333,-26.371348228832947,-27.203702343971973,-27.401232851443066,-27.89640084190033,-28.96488762971904,2
231857.26-002931.9,0.893701,-24.253553680126984,-24.374190124074676,-24.770009274541213,-24.9644919908841,-25.223756824560027,-23.24967910195269,-23.877882307728576,-25.439669066530808,-25.764546815260303,-26.14752325127592,-26.720194579657264,-27.62677068769696,2
231928.83+044951.3,0.625312,-24.21172514110466,-24.34998952480611,-24.798557924114085,-24.862415468557597,-25.02986412841712,-23.66430385876661,-23.84220250063115,-24.77176501633448,-25.207363405962635,-25.25698837280386,-26.342712356348155,-27.22142438179929,2
231939.95+283432.2,0.415423,-22.99868146594964,-23.191452912016075,-23.37822340142185,-23.37906646863601,-23.698167040153265,-22.45801817964294,-22.34336597990722,-23.574719607958617,-24.015660022651023,-24.16962821497604,-25.028148722391617,-25.765217756817584,2
232030.21-013948.0,0.313032,-22.225371225019718,-22.37665549651685,-22.66622991000628,-22.76305452305431,-23.02342883508073,-22.021338710839206,-22.016673988535427,-23.373310902043716,-23.809007548084484,-24.43893578588912,-24.74469262696608,-25.389930348741625,2
232159.86+273246.4,1.255104,-24.02172789129645,-24.386331058338865,-24.92226732668166,-25.193637347306897,-25.60227230845313,-22.17217556151088,-23.89731516378446,-26.43234346140621,-26.60115073871224,-27.290177617972144,-27.060578594900647,-27.68918500760397,2
232202.60+211356.5,0.70835,-24.31098915300355,-24.509068515389558,-24.81942948309172,-24.891303332124988,-24.9689131816166,-23.79681726550377,-24.349987644014984,-25.309644873927144,-25.61927722721461,-25.94217631408392,-26.573965697750037,-27.372506010304207,2
232214.72-103725.1,0.748492,-24.51979644458549,-24.58361655455422,-24.89121973897217,-25.08236053206913,-25.05259438553773,-24.35284379059814,-24.329307165147117,-24.789791208779736,-25.27354136903812,-25.33822404522045,-26.053934458786262,-26.979041364462898,2
232307.25+011121.0,0.339395,-22.257556605597276,-22.2312098048789,-22.48852671251269,-22.577429591122147,-22.831455020410385,-21.942489883268237,-22.04173338145972,-23.177330037838324,-23.392461979890097,-24.08788805378881,-24.73788768930235,-25.40245291431853,2
232605.03+035903.0,0.752597,-24.0581120212325,-24.24304420574849,-24.63975942844949,-24.6113336516998,-24.743756744929644,-22.00454259955072,-23.386871844506224,-24.47793483011851,-24.976202028026087,-25.33955709688346,-26.06489719295266,-26.81890368769276,2
232734.66+032332.9,0.601895,-24.493365671193104,-24.684926111848505,-25.003457631817792,-24.999557074093765,-25.20080152107651,-24.813226107984278,-24.65426410284426,-25.27685375704043,-25.50671431036853,-25.751163621587263,-26.387512876850764,-27.183120968309225,2
232812.20+040200.6,0.782492,-23.56903522227164,-23.90816179421881,-24.30200635964671,-24.49951159802231,-24.693440672676857,-22.686373410848628,-23.39143374487828,-25.101221374712267,-25.010550389119803,-25.67506377434921,-26.35960502649424,-27.36579248755295,2
233059.48+033810.7,0.727973,-23.432888982387887,-23.75066346149837,-24.20898127075428,-24.348960039582074,-24.59973112998904,-22.563008502298786,-23.58260225854264,-24.846513653463376,-24.803521755334152,-25.516704165874717,-26.188990860236213,-27.25646487865772,2
233139.32-001516.7,0.800692,-23.49675943381181,-23.723892412407032,-24.02485330036428,-24.060635052675423,-24.218320030502426,-23.3074172041099,-23.622832287742572,-24.94721070179704,-25.07932059314516,-25.43500373021648,-26.02346414663273,-26.878799085729348,2
233254.16+240913.9,0.82,-23.159029360322105,-23.5362236943662,-23.95944650680083,-24.06869550773279,-24.21598936603846,-22.035339453164507,-22.53938416371164,-24.62734993512245,-24.956341822086017,-25.35538655549325,-26.025253886516023,-26.824004509097307,2
233309.71+295113.5,0.430568,-22.762219001086308,-22.894664441086533,-23.164432564669664,-23.18676200896332,-23.49803359456994,-22.56175975350504,-22.58383188019596,-24.03071449155924,-24.033802490672635,-24.52886324973884,-25.09953872798487,-25.81664634006419,2
233412.82+073627.5,0.401267,-23.581933397939785,-23.793617843373376,-24.054295438550483,-24.14078205496335,-24.4358496393582,-23.0282168717377,-23.13787188912804,-23.92510297198876,-24.239268614184223,-24.563056097704507,-25.416777787713595,-26.25027154252137,2
233418.72+320453.2,0.322752,-22.56927218198852,-22.61658587093328,-22.781865296069785,-22.80177779871881,-23.092820267567816,-22.532906384154597,-22.731548040934616,-23.237485154597305,-23.69093940520038,-24.37829887435304,-24.969894329274428,-25.54617508842949,2
233856.47+310658.7,0.415895,-22.112843801076945,-22.177651532627007,-22.651440536952748,-22.74531147505422,-22.98566688063055,-21.94908355270012,-22.037773087805817,-23.908778843015835,-24.457006870669154,-24.935261640848,-25.28360197091215,-26.13099869565888,2
234145.51-004640.5,0.52448,-23.570086389945438,-23.695343186572124,-23.91001263742653,-23.989532441218696,-24.12518797294191,-23.52863176782805,-23.338183007287224,-24.35960904081829,-24.788617166473188,-25.23356245488084,-25.676389775913165,-26.609657125295065,2
234221.57+034422.6,0.452,-22.6438155438802,-22.86018521365149,-23.15853500919499,-23.209594448437866,-23.52364803576263,-22.204906381833062,-21.947861090289077,-23.23007106161803,-23.619841933987075,-24.25012966045956,-25.006824208073105,-25.82758383853701,2
234252.37-003915.3,0.404658,-21.199822546034145,-21.536619748660502,-22.06150419111443,-22.30486718035148,-22.66314266427808,-20.813591287681007,-21.06550590720069,-22.93223237246693,-23.511628231257475,-24.138721521152533,-24.74005176049156,-25.529206164918453,2
234415.08+324713.2,0.445246,-23.05774722026957,-23.17467968651989,-23.467077977065284,-23.477877750640136,-23.70182035382706,-22.759888407593436,-22.55925600021442,-23.557105383491564,-24.268248388479115,-24.36466178973688,-25.08986470870921,-25.915062812406795,2
234438.98-002604.7,0.5655,-22.895701178834084,-23.065402305506385,-23.41450412151616,-23.509986458696567,-23.697445131468903,-22.8166261428756,-22.795616104686843,-23.681844190558863,-24.13777720404039,-24.67668862403592,-25.41373832979783,-26.104405927032285,2
234440.02-003231.6,0.5028,-23.458483384360186,-23.641414849998657,-23.9581412251635,-23.995513602028204,-24.216420195376244,-23.607924737760005,-23.426019118761836,-24.46870301073832,-24.7220889776866,-25.12295947597953,-25.643520440229967,-26.54586284472808,2
234446.24+274129.1,0.439973,-22.524844013386,-22.726111340078987,-23.049505734632675,-23.089013009987205,-23.314144651435075,-22.15076955215594,-22.145387220267548,-23.55319655807102,-24.0901451235108,-24.299207376358268,-24.867613712508877,-25.793759598108046,2
234528.45+223934.6,0.597971,-23.432255946046283,-23.519386284227163,-23.83520963870518,-23.933219594671492,-24.13195128406709,-23.083142685651715,-23.184953170609223,-24.37928286413246,-24.207764727688915,-25.156373600187788,-25.85790961615645,-26.5609825711202,2
234630.14+011030.0,0.5424,-23.52849267643899,-23.62024927864894,-23.83009979958345,-23.85092295520265,-24.01170949686749,-23.28405437547336,-23.25934744933265,-24.012951553319223,-24.630379830561385,-25.16648199843589,-25.600162235419795,-26.459401318699104,2
234932.77-003645.8,0.278734,-22.66767913850113,-22.92129533205264,-23.2337791573294,-23.292829004284314,-23.380170544353508,-22.32874360301435,-22.41264533965205,-23.566495367120396,-23.83203310175682,-24.641361640175024,-25.575795027352,-26.284165741991703,2
235001.40-093853.2,0.367482,-23.29694261960672,-23.478029188008588,-23.8865789472862,-23.909470302875125,-24.0546735288889,-23.123942950956938,-23.31836848284831,-23.976891946871124,-24.41734978754996,-25.02511339423499,-25.91753279480105,-26.672273090631712,2
235152.78-105848.4,0.972222,-24.564489628860976,-24.81435706413349,-25.218490055831257,-25.44413245593615,-25.592350833711677,-23.374311924643163,-24.281454390110586,-25.877895859736316,-25.831872368896292,-26.533681941435432,-27.35197578280568,-28.32414478216494,2
235321.28-015314.2,0.767919,-23.00426811417316,-23.258455619307373,-23.59272010351188,-23.769859370727094,-23.986517869649266,-23.10268384614925,-23.10760032136239,-24.550340521084,-24.229498767669103,-25.432906481593392,-25.84246472941154,-26.85557828104167,2
235324.08+000358.1,0.56,-23.952601299935743,-24.10017307258865,-24.300744937573683,-24.326264067277545,-24.502237345801024,-23.688515444047777,-23.63690564176331,-24.41238398015721,-25.093203018167134,-25.60709522012817,-26.144308246389635,-27.05238589531603,2
235409.17-001947.9,0.461831,-22.68411173855053,-22.96913242350557,-23.46312455243323,-23.593582798206405,-23.874039172535586,-22.08062387593374,-22.30667577871131,-23.76554803618404,-24.51534324698788,-24.57329429020856,-25.58387980955364,-26.493976713548225,2
235430.17+230244.2,0.465789,-22.4969918290058,-22.6970398565551,-23.068640955572185,-23.150834098254315,-23.459434776494117,-21.962533047508824,-22.184225823788207,-23.807419154766382,-23.983662370132528,-24.422430833029164,-24.90019810223983,-25.5960432016971,2
235437.58+180523.5,0.494618,-22.875208022703656,-22.973048243392636,-23.32857673741057,-23.34153979828509,-23.508354298510564,-22.148310225461508,-21.81873672879967,-23.48418289296586,-23.80161963511463,-24.5231300284605,-25.14041538776287,-25.95404977869252,2
235507.03+030958.1,0.531907,-23.53298266645711,-23.721014319433568,-23.92572875032745,-23.9213347613832,-24.141722402213063,-23.31225942274636,-23.461996822356934,-24.24727948784246,-24.60763645301114,-25.29800211020933,-26.02887667567529,-26.929005173579323,2
235545.51+004923.1,0.556226,-22.85537506693809,-23.03147631083253,-23.299870893014138,-23.359323609092023,-23.69343395386941,-22.456975116219912,-22.513872378986694,-23.93875119133789,-24.36560669070317,-24.82996754519429,-25.407546767553868,-26.113447984641237,2
235720.28+111234.1,0.652738,-23.767205543218356,-23.94652298771721,-24.30909885225305,-24.309430337746434,-24.47013987004204,-23.72741660339432,-23.68967418389738,-24.71243689868029,-25.357745901532198,-25.27988203698695,-25.917127285063543,-26.700885675857503,2
235728.89+045812.6,0.283361,-22.921533060888144,-23.083616951078067,-23.375636300143405,-23.434233932462128,-23.68916351040368,-22.57258427038945,-22.474428775477183,-23.518789222701333,-24.050577047677248,-24.59074647025956,-25.04982164650041,-25.684260134754425,2
235731.65+031137.4,0.40504,-21.988510678481816,-22.210637994352005,-22.461178161396564,-22.587202234622715,-22.914830397295542,-21.52309794568052,-21.481644880712487,-23.08084976801247,-23.361269584136288,-23.90875404973721,-24.403426473694896,-25.09808678349846,2
235843.55+044912.9,0.492997,-21.840918889002,-22.135275523985676,-22.505564794966325,-22.71372510244693,-23.14400294428941,-21.747416920802568,-21.87035855547845,-23.426886502357267,-24.218038498174923,-24.43137613834019,-24.495796974406307,-25.194286187180516,2
235930.64+011958.5,0.521686,-21.581252936392985,-22.13311679446817,-22.869939841786547,-23.0573672274214,-23.145151529305945,-19.25100603836608,-20.321857740313163,-23.727270187820977,-24.10787722389041,-25.226935382268177,-26.03233078264384,-26.91378583993351,2
235946.11+220030.2,0.690431,-24.01547572493279,-24.26240013004204,-24.52567146439034,-24.518591332537795,-24.662677046644784,-23.84879418923032,-24.119475663461667,-24.33793159061348,-24.96603173060897,-25.335127470132772,-26.076378441336157,-26.80742021857091,2
000011.96+000225.2,0.479555,-23.254112555140654,-23.38027908532257,-23.66277885671181,-23.64302933406871,-23.845207095563588,-23.187760217832302,-23.04138179243108,-23.925772723021243,-24.393263578496896,-25.032134302376512,-25.48268869021401,-26.330524685688268,2
000039.08+272053.0,0.399753,-22.241846184438497,-22.707017474462106,-23.237358265175157,-23.35263966917838,-23.777031538261205,-21.501684359667312,-22.076521978249826,-23.3637781810136,-24.157709746278343,-24.63174928513079,-26.028191414039007,-26.824254325618657,2
000051.33+075147.8,0.365471,-22.282403837434195,-22.481587907481305,-22.914416272032483,-23.00658531213116,-23.16747430457535,-22.22644391722005,-22.030751438137735,-23.23586829618575,-23.785075860497397,-24.522816049577404,-25.44652498080036,-26.16558087674569,2
000051.86-060855.6,0.716,-22.812028438480613,-23.072037990604358,-23.46840947539545,-23.64880043636377,-23.891003733006222,-22.464945788580994,-22.547059179277365,-24.343959907485345,-24.58217749083517,-25.33944608558179,-25.302219467583125,-25.90784155327644,2
000051.97+311151.8,0.43694,-22.913004751262573,-23.22663921789489,-23.651243388107325,-23.683525176987832,-23.810211097391324,-21.99569749813676,-22.504368452040584,-24.16306745187754,-24.536423463311436,-25.227279636935084,-25.74732512801855,-26.62243333684432,2
000110.97-105247.4,0.528722,-23.426116772840697,-23.637468838180283,-24.03492100653262,-24.12241279984653,-24.30318234786975,-23.4543995928678,-23.504325007428,-24.297320303909984,-24.77223610389062,-25.138357515714688,-26.119184897018183,-27.121643755152714,2
000458.79-022629.5,0.432,-22.2895487933448,-22.548049547358648,-22.80121161892024,-22.8787163547722,-23.334898441575724,-22.022428194852356,-22.20183034442669,-23.46266461654196,-23.593424962015455,-24.59596353406576,-24.705896534338752,-25.52759790892768,2
000545.61+153833.8,0.441053,-23.352569361299786,-23.480724042517625,-23.803251231015143,-23.82341059701248,-24.029495017542565,-22.55628293517592,-22.882546183820526,-23.99726329958344,-24.10106696293413,-24.971285753335422,-25.60247085422448,-26.439667896199666,2
000549.60+235018.7,0.712219,-23.36832490413888,-23.653231835139845,-24.043884760280257,-24.11677791328248,-24.307339318713478,-22.55395225162391,-22.93455057460722,-24.252181584059848,-24.77294360617327,-25.19100082089233,-25.857193747424525,-26.6503378638923,2
000555.54+042345.3,0.763068,-23.22451631950747,-23.408561624335768,-23.74187789895524,-23.79481783193669,-23.94788409583672,-22.479107772197068,-23.050725545912904,-24.699961646838627,-24.888632902672608,-25.08198809993998,-25.47199165037307,-26.30134487929419,2
000614.52+085715.4,0.487613,-23.545958260611943,-23.762987629505385,-24.318041601295267,-24.431718989475588,-24.56253603852169,-23.504800849012955,-23.34085893304459,-24.5151420711037,-24.99864369120925,-25.64459224266064,-26.466366512261143,-27.40801766775197,2
000624.49+190338.2,0.632273,-22.49867445002144,-22.804796077427238,-23.155700314781267,-23.33363268813336,-23.55097846808748,-23.069327359330483,-22.718632707446798,-24.041166523017367,-24.50826479174746,-25.008786616654763,-25.27167774586899,-26.084625613794177,2
000701.32+002242.3,0.891,-24.460654475418043,-24.634651110760352,-24.97466097866182,-25.18737751565851,-25.3626744281769,-23.154217595134803,-24.48605620846648,-25.548062699827312,-25.817657034296666,-26.086018184416723,-26.937862484063047,-27.78644568488241,2
000710.01+005329.0,0.31579,-22.7533906993985,-23.151113572615287,-23.597983406577782,-23.732646575640995,-24.11005516005496,-21.90348015532549,-22.402599166160925,-23.787857818800436,-24.21846217215957,-24.581070220500624,-24.99366898625495,-25.73440297717296,2
000727.05+024113.1,0.300204,-22.30350221533217,-22.721444253412496,-23.4661745959275,-23.278928040332563,-23.93862121377787,-21.69244637246785,-21.876068631925467,-24.188355586056296,-24.440863890110865,-24.966909466124267,-25.314842852294632,-26.06524853577525,2
000729.30+061916.7,0.339961,-22.883473169422075,-22.9226147678409,-23.101707627389303,-23.21077865921221,-23.58519000971184,-22.98902284091179,-23.08570076856897,-23.487783477873403,-23.410815423230854,-24.30081023491668,-25.130058352443136,-25.75982309407182,2
000754.68-040942.9,0.68,-23.068469826882254,-23.301357567109555,-23.50194383608501,-23.59375115367585,-23.64596372923216,-23.058928629680235,-23.05586048703387,-24.260956000489653,-24.1625769383462,-24.867303268012915,-25.37633574126401,-26.15944326040469,2
000844.62-012722.9,0.483192,-22.483444698093447,-22.53196174836576,-22.81858023828029,-22.959454482391955,-23.24009402260572,-22.099772709315783,-22.20464811263749,-23.4770988720062,-24.21198198857378,-24.55991234981886,-24.81606920041996,-25.5756238686186,2
000903.93+062821.2,1.562641,-23.02456668539328,-23.530397290793932,-24.181097025105565,-24.53671158588097,-25.14447882826333,-20.006823750864267,-22.92826607974946,-26.507881444937997,-26.987204184297717,-27.597842585774583,-28.19088327616637,-28.664526128077625,2
001018.71-042937.8,0.495492,-22.197986357747197,-22.402438124917463,-22.68407899764962,-22.84390618406403,-23.018350329893487,-22.45805488844263,-22.213390761958223,-23.49470744760087,-23.917845463250558,-24.09942880957253,-24.67817205075405,-25.50986112258807,2
001143.32+054330.4,0.458235,-22.304943108896047,-22.672145877110506,-23.017783359180847,-23.137630442443125,-23.399756339667928,-22.181844432630427,-22.199710567178187,-23.25506120650988,-24.0307985184698,-24.50323302475549,-24.872916713097272,-25.85608204534285,2
001147.45+064625.9,0.883813,-24.76919242470997,-24.87967289563424,-25.238018077727105,-25.404779165158494,-25.6121253599586,-23.86795723842783,-24.20470069363581,-25.119398328087797,-25.345343723294675,-25.79191003951352,-26.791584865294965,-27.54959398197943,2
001235.72+020326.3,0.587026,-23.51222515816212,-23.822587328908885,-24.227995237979524,-24.31115480796602,-24.59623711573399,-22.540123850400068,-22.762867750156484,-24.29876388776037,-24.6161851085264,-24.98661440443574,-25.771955151406743,-26.563629818741223,2
001327.31+005232.0,0.362441,-22.525739683496244,-22.884896700928856,-23.308642778890118,-23.39395287703461,-23.6905070346948,-21.43843548640537,-21.902229670500464,-23.841817892567413,-24.17406859646633,-24.908385895622285,-25.35192141655021,-26.111741800430043,2
001340.44+040859.6,0.529841,-23.78900222133572,-24.024900996183295,-24.436257900432643,-24.59406815188732,-24.83619869526246,-23.146577152549906,-23.0652302805569,-24.87390757404214,-25.24648561981028,-25.6393615102594,-26.299020303690455,-27.23135009082387,2
001456.05+260719.3,0.295,-22.52444176709074,-22.63215967988057,-22.875189663945243,-23.02796216825474,-23.233110905584173,-22.473921541926675,-22.72396926392553,-23.21913034974144,-24.055818347662957,-24.31159063271637,-24.786564263997093,-25.38129546484507,2
001504.34-005439.2,0.648986,-23.232487565251144,-23.369473576837574,-23.65079634093468,-23.76173327698629,-23.90434817172301,-23.149736732404676,-23.044061221065977,-24.42131253554814,-24.50870109489166,-24.841799770941595,-25.4137047807516,-26.232770239796945,2
001704.50+203713.9,0.53118,-22.698300105485057,-22.88518075612913,-23.29915937455488,-23.364606839136517,-23.55400143732388,-22.417258663168365,-22.44534813664387,-23.964358834921043,-24.276942896002563,-24.95043372016066,-25.455192665349667,-26.227649054356444,2
001714.16+033425.3,0.58091,-23.154669605209826,-23.307312729903035,-23.5569291392192,-23.61841860178607,-23.841189253761502,-23.373303466940296,-23.08042811795808,-24.09696562287051,-24.610894054848444,-24.667857002531008,-25.503677513584563,-26.31878236326417,2
001732.40-044848.7,0.592841,-22.719092566365475,-23.07971018623518,-23.528604536663725,-23.666454736788445,-23.969228107785355,-24.03753966172095,-23.458492223244782,-24.283879610660115,-24.37069353172372,-25.001666214056645,-25.41911228274837,-26.06617073512776,2
001837.92+045106.7,0.446836,-22.89363622489595,-23.031375629018527,-23.204264583527888,-23.21523058786436,-23.524561156050904,-22.834044118836697,-22.79936182433956,-23.66006397191371,-23.90235245306088,-24.55469854477369,-25.150979235539584,-26.038529126172172,2
001850.28+012150.7,0.319185,-21.68984887789645,-21.850780971485623,-22.19894324687913,-22.43082220085772,-22.62403412831913,-21.04611837640245,-21.09026216744324,-22.590827359731072,-23.30861711183902,-23.582628265672817,-23.88984853735853,-24.534032030396357,2
001931.45+051213.3,0.827,-23.39932549496804,-23.73798927305016,-24.06894218391274,-24.11140406792441,-24.316683581233256,-22.87507537731975,-23.346770070096557,-24.39479745838984,-24.69634643665444,-25.41556671667573,-26.452596764314407,-27.33639824218733,2
002019.22-110609.2,0.492061,-23.69597307076452,-23.844078434456648,-24.15599727414852,-24.230839584705063,-24.46034118365874,-23.45680420746563,-23.28479882735514,-24.26978189713629,-24.5278122855987,-25.198648202167465,-25.759170130559927,-26.68855017114687,2
002026.46-025458.2,0.363206,-22.353721188829343,-22.43238901552026,-22.672644268120163,-22.711699072982064,-23.250497745986497,-22.72512315259041,-22.791040493162846,-23.32599653640233,-23.689893787931563,-24.127149224211976,-24.634868803529308,-25.37778954142958,2
002125.76-023540.5,0.616894,-22.86410149962781,-23.2130164500512,-23.70533473967997,-23.915804094815226,-24.13428747458454,-22.80928577934482,-22.82574487700604,-24.179785251201743,-24.443916623023885,-24.92593959500687,-26.094064506539365,-26.954284698916453,2
002244.29-014550.9,0.689978,-23.673652720680924,-23.911890675780025,-24.326557059318745,-24.311805131122377,-24.50879126631009,-22.980646667180604,-23.50721168747828,-24.377596700769555,-24.701632179032547,-25.067622668825837,-25.508075249176976,-26.26497229999088,2
002249.22-103956.2,0.4144,-23.07383158998656,-23.37473119431011,-23.77442271121068,-23.84832143644985,-24.115305351082668,-22.241353395974023,-22.41831742020945,-24.17644161947924,-24.55750473139254,-25.120953593160475,-25.41582744212552,-26.33364756125074,2
002255.13-024418.6,0.581493,-24.028194687142864,-24.192704050392397,-24.41724398342886,-24.450417372491632,-24.58723397093145,-24.382790759821965,-24.22638551226634,-24.79353849403637,-24.88406399906661,-25.18745989845397,-26.04970392579499,-26.856064117427,2
002310.68+184551.8,0.869701,-23.682075850056687,-23.93550635284141,-24.32805160273435,-24.40247676847053,-24.59454191045904,-23.060094243364627,-23.630697861811267,-24.99294344982138,-24.994052669577755,-25.30176287479237,-25.90110383210596,-26.6213477860196,2
002312.69+072455.4,0.661,-23.279219500615078,-23.629154183956963,-24.00864818050153,-24.10480742215533,-24.27226180424896,-20.6904947380814,-22.683849518223106,-24.357916048542787,-25.04558404502762,-25.258059934463876,-26.089194331964496,-27.087416221219467,2
002330.58+154744.9,0.411,-23.867162208895497,-23.95157747675057,-24.11340402646542,-24.0884174440795,-24.328959544338904,-23.256948682161735,-23.352824465523,-24.09403723868868,-24.396369355208677,-24.931036287993823,-25.695296441608583,-26.490736496997712,2
002332.33-011444.1,0.482772,-23.83239801647476,-24.03789916913388,-24.34704435805693,-24.442683724902384,-24.62606691542084,-23.611533314703923,-23.66392996155363,-24.338090231293204,-24.67402151950085,-25.13288983558284,-25.875417525956745,-26.7085649791354,2
002354.40+093920.6,0.588185,-23.38247501446796,-23.38550740864656,-23.56327836133204,-23.55414121363161,-23.817524342779915,-23.054632766284744,-23.02306884134114,-24.05117650753157,-24.819675993655437,-25.0757434818338,-25.548493639325383,-26.32929390111588,2
002402.68-024459.7,0.420858,-22.11214995966797,-22.08827984872055,-22.32533469541564,-22.35418064331126,-22.663393729677512,-22.09699878227514,-21.973197920529344,-23.31750454762861,-24.06360270408693,-24.19799870664544,-24.47090180266804,-25.211642164859047,2
002422.23+042924.9,0.824899,-23.70834001359109,-23.844128024967382,-24.23518653660861,-24.38328849823787,-24.549879776263044,-22.887470917682503,-23.67234299014613,-25.028820886747905,-25.092939146805527,-25.139835241005542,-26.439605796668676,-27.31030470598392,2
002439.84+180753.6,0.794436,-23.16971732472684,-23.43946546485148,-23.86925266115552,-24.047229359987785,-24.19338504284056,-22.191193319296023,-22.82981361722503,-24.655391230372185,-25.097766109478865,-25.432345150940403,-25.867104632106766,-26.6657476521858,2
002444.11+003221.2,0.402249,-23.57510244348857,-23.81710244902644,-24.124360709303616,-24.145960423119487,-24.510899624983075,-23.49110578347827,-23.479581947122966,-24.379286821270263,-24.642759749605144,-25.10612994614429,-25.82487054821927,-26.62449089738514,2
002450.54-012859.0,0.570124,-23.744730453009183,-23.88165501183052,-24.278208438637662,-24.39809730360524,-24.55269031100156,-22.98204876265781,-23.274155589694868,-24.30943619285786,-24.837015226570657,-25.325977238778787,-25.829143948592108,-26.56491309219729,2
002500.42-031238.5,0.543412,-24.25223033301897,-24.33834671069129,-24.573789335621807,-24.629358148566013,-24.75765185038425,-24.48707717490333,-24.28042989834583,-24.93098700338057,-25.18125771697525,-25.759209379659037,-26.819108452820885,-27.79301945801299,2
002611.80+333956.0,0.565,-22.873343078907997,-23.134867622082133,-23.50721913951417,-23.552028592012945,-23.79298287603566,-23.22683323981733,-22.76525982883558,-24.09193700077748,-24.688376161951307,-25.03558832395752,-25.616432907348837,-26.63827724163753,2
002613.14+191308.7,0.481437,-23.18282708107768,-23.45884893273152,-23.93193779834216,-24.13206858223677,-24.39278429549185,-22.67144921730756,-22.75206566583693,-24.425380976096527,-24.637134470968444,-24.85399674430421,-25.747794964426397,-26.614796338175797,2
002637.72+273634.2,0.506417,-22.909153311584067,-23.039815035193502,-23.398595688423157,-23.46612672468066,-23.475758824614697,-22.64027801601087,-22.597571417800346,-23.430345052596632,-24.00600818879086,-24.83794628149721,-25.294900696141852,-26.180819731058083,2
002639.76+254754.9,0.612936,-23.709688789707887,-23.84154826033414,-24.099844038478693,-24.141068239445467,-24.31988933883853,-23.19908630304808,-23.21218236029281,-24.083800649838786,-24.41828769532921,-24.852977133537763,-25.648054154316995,-26.46199072814368,2
002736.28+320853.5,0.376714,-23.04001496838551,-23.34037455109118,-23.750225208459497,-23.79089309192273,-23.989977460600088,-23.018256038791787,-22.892218906026383,-23.784254508803848,-24.320063054410586,-24.905777397894383,-25.81218522972913,-26.67086541065729,2
002930.91+101243.2,0.350998,-22.411959638751945,-22.693968816379797,-23.146779933830864,-23.24839595412046,-23.592834469449,-21.172743754161846,-21.708244777640527,-23.938481037111377,-24.15209015766492,-24.94156115316336,-25.23737132638834,-25.967230075335724,2
003003.58+100248.4,0.871004,-23.862916050525715,-23.956614485902563,-24.230783621490605,-24.23897276475,-24.32433062480665,-22.640779495166235,-23.59393569541784,-24.636003557573712,-25.15044202019291,-25.55758267720392,-26.30539500956188,-27.19471530080999,2
003016.33+083024.7,0.435961,-21.509525506064264,-21.694608459041245,-22.0849022845665,-22.412457035533844,-22.85623248074995,-21.397287255010475,-21.57279384070651,-23.353700711950196,-24.05805205023081,-24.58656527630481,-25.23516721933805,-25.90600384256949,2
003036.14-011443.1,0.671066,-23.63286663602514,-23.888120445425155,-24.170010696221023,-24.213268167238635,-24.363238354314944,-23.913925093914305,-23.90099002070837,-24.533262443808415,-24.90757814398547,-24.84637253240664,-25.624851816983437,-26.40624518993817,2
003100.84-004430.9,0.543063,-22.83540822355582,-23.042509132215397,-23.26513295295443,-23.347293971992933,-23.644195297906894,-22.683069027748196,-22.68349710655329,-23.50343269103947,-23.91596286819857,-24.511622145230053,-25.388341146607463,-26.06019224214447,2
003143.38+193156.9,0.645396,-23.365435528735595,-23.62289919618025,-23.974704013846427,-24.096657786657065,-24.28910521593364,-23.34691396302957,-23.240391947473725,-24.35565361416998,-25.00239835542556,-25.551803902396347,-25.594715907890897,-26.39825096133057,2
003224.87+251937.5,0.43787,-22.67044269743702,-22.70519194004739,-23.022205130477712,-23.08070742834507,-23.303287947519348,-21.41390155570898,-21.628529483727903,-23.44053595610491,-23.866257210186163,-24.27123164410767,-24.7350567398249,-25.377550941340758,2
003224.91+081258.0,0.441,-22.757415912769105,-23.06695393638353,-23.2904257046404,-23.370432055560173,-23.618384082320716,-22.97014315877929,-22.96661451183177,-23.903844168549163,-24.167197173573904,-24.6169716234621,-25.33298909816422,-26.14933960714573,2
003253.16+220553.4,0.383364,-23.058544007049157,-23.192679932831386,-23.49571776798569,-23.56348502539389,-24.008707138165263,-23.17939126085372,-23.26036913562582,-24.06929724072957,-24.60631591148064,-24.792986908679115,-25.16573024294126,-26.045160672813708,2
003428.09+095020.6,0.276959,-21.238049190295524,-21.535808011041578,-22.12971910894567,-22.48133136941206,-22.61778696023761,-20.71962957479392,-21.220001408360964,-22.519417908261914,-23.55919189606986,-23.932042199586864,-24.472047382964444,-25.19095148446954,2
003431.74-001312.7,0.381,-22.451128809798966,-22.655798783053417,-22.89113912670756,-22.925309038093754,-23.29186156663037,-22.56325042185656,-22.53289522742217,-23.487787749900946,-23.68561525337629,-24.15403216738665,-24.721656733108325,-25.56551747152104,2
003530.73+222907.4,0.584318,-23.23863451740383,-23.610522072054057,-24.01963336006102,-24.04726724059679,-24.2220139942156,-22.766248297621416,-22.946119414930585,-23.977275293330447,-24.47877356251309,-25.214452418911875,-25.67027175409913,-26.271178266771592,2
003555.69+080653.9,0.771,-23.34960817976665,-23.632483109169165,-24.05857383120245,-24.15365328880628,-24.43844600966136,-20.82957262037703,-22.489177911792744,-24.686451525069938,-25.22373499438435,-25.679664994813884,-26.15578589111377,-26.904874202335886,2
003618.41-105503.0,0.409323,-23.195391035636863,-23.42269518669436,-23.8601467945723,-23.85082340021429,-24.064900134941684,-22.89296825357718,-23.19485697616156,-24.074796575081443,-24.46155650096994,-24.87227425475505,-25.682256970536884,-26.52100496979005,2
003840.30+040900.3,0.844595,-23.07192907141514,-23.193739568514765,-23.49257857705002,-23.493345317522284,-23.761836359330665,-22.14568630497839,-22.825764580054933,-24.77519930338966,-25.113377981899664,-25.110617088395653,-25.60033406597015,-26.35856473299411,2
003945.02-042439.5,0.832895,-23.981834461155167,-24.07530111491636,-24.37561471927201,-24.47692795739004,-24.58565925347882,-22.81617623547436,-23.892271976121283,-24.75477648900617,-24.869892723373862,-25.636303808690005,-26.401477767556283,-27.337794684599903,2
003948.75+032218.6,0.835563,-24.295054521830803,-24.35079724913177,-24.614058521279706,-24.689239326168984,-24.81725165720206,-22.43436774648617,-24.14321368332493,-24.77945770527853,-24.981706127433608,-25.057967578935244,-25.98873510275596,-26.7843896562294,2
004059.51-065101.5,0.350688,-20.903387967128293,-21.196107807476075,-21.78806614996689,-22.00678721269333,-22.562571589707236,-18.019500262828043,-19.556188676413736,-22.93581337091436,-23.170102057863996,-23.83550604784338,-24.32846107011044,-25.144194919172666,2
004129.79+102626.3,0.573655,-22.52740680393374,-22.85756993214547,-23.254462351727764,-23.39625543446305,-23.638943809277176,-22.41880996169755,-22.376561876666983,-24.30999938784617,-24.549434199956625,-25.14487522519763,-25.40131145327913,-26.180200478415216,2
004135.24+090202.7,0.344075,-22.794899542359488,-23.085663611585435,-23.445290077392897,-23.579102600180583,-23.8065880896903,-22.234105917720157,-22.357594834886022,-23.70809828023761,-23.963891294301284,-24.58425311100973,-25.10916869119022,-25.8542232325124,2
004215.52-062752.0,0.478507,-22.24762367467194,-22.623958123302057,-23.084604919624564,-23.22572205376427,-23.529117282256223,-22.45316569472546,-22.471568298102788,-23.3941378487148,-23.974410826218783,-24.72736537112747,-25.007964655105635,-25.945029475841316,2
004222.29-103743.8,0.424787,-24.2956393314167,-24.499945328285428,-24.858313574057263,-24.852467394427894,-25.03627221644593,-23.947717725110557,-23.972327244643235,-24.73131098794652,-25.177811851024963,-25.73379832796481,-26.43851635526069,-27.337651499705142,2
004319.74+005115.4,0.309,-22.522524371484028,-22.596484258342603,-22.834281531735492,-23.0035181261208,-23.37254204372185,-22.34852722981593,-22.57613941831884,-23.332756378404817,-23.897817162249385,-24.22298855407816,-25.038122321440053,-25.68850401630256,2
004359.86+313720.2,0.626686,-23.44751894393652,-23.78515074332358,-24.09602552779277,-24.130216755379923,-24.40569866277841,-23.1576927557774,-23.563255159577604,-24.660911918148965,-25.12449026602883,-25.206804543462727,-25.918320073598316,-26.75019417566684,2
004403.04+245641.8,0.359558,-22.261601237711027,-22.44674026174457,-22.73400855488198,-22.84381269199637,-23.102175122632808,-22.113465794424584,-22.22898555185139,-23.143106811257383,-23.87661412884992,-24.325427902790377,-24.710343653617645,-25.38468690526695,2
004404.87+013342.8,0.428013,-24.14149802145754,-24.26572746808788,-24.542854776861645,-24.57079515569661,-24.725854834903856,-24.07507011465039,-24.00262531704292,-24.6058934195213,-25.022792046121943,-25.54711963431691,-26.3297475026642,-27.159158266807605,2
004426.36+345909.1,0.441639,-22.415328586398186,-22.59799758899108,-22.951479853218807,-23.019997933619617,-23.18996559535685,-22.36153090276515,-22.19605827996124,-23.87981839150236,-24.395275408444704,-24.84005899079161,-25.17376611080353,-26.05508973262899,2
004429.22+301625.3,0.411879,-22.265974383981927,-22.442819807047563,-22.786366154071946,-22.928934687018536,-23.261385973771414,-22.63920791114799,-22.621549012599587,-23.562365107678907,-24.53689010698597,-24.80704403865661,-25.34395363714029,-26.20046483342928,2
004447.58+332500.3,0.436067,-22.93885613654949,-23.09453527678065,-23.519469589983068,-23.48777278890429,-23.639682081134445,-22.429230301702965,-22.370031870256657,-23.814420401466137,-24.1625991066204,-24.33276880313347,-25.28044041773551,-26.06531754190332,2
004655.49+041329.4,0.987684,-23.99718981626135,-24.031509365769036,-24.33036183414655,-24.443370067949044,-24.58260482060006,-22.840174912974724,-23.92892901234812,-24.695409827533204,-25.31435704433901,-25.67813881839168,-26.32577620105296,-27.252803570380408,2
004727.16+083115.5,0.569362,-23.471878388831172,-23.592781154496446,-23.87199076096933,-23.98143409582369,-24.14835077973052,-23.345006503190724,-23.180629047854403,-24.39392308965952,-24.730183242607005,-25.145386617872227,-25.756669053330924,-26.64989826603544,2
004905.76-044424.1,0.490742,-22.583294947530224,-22.84305730648292,-23.1829756021237,-23.343926983349263,-23.62243723318575,-20.32399946817196,-21.602530730306373,-24.126005279071894,-24.566386526455183,-24.986778313921437,-25.68314451224582,-26.536901525059456,2
004920.66+020856.9,0.711631,-23.550525921617208,-23.66128660294449,-23.969051423589036,-23.967837622663748,-24.115536723139368,-23.134338550076887,-23.515109523207546,-24.281154982788472,-24.938021369857,-25.10708224900473,-25.460408244071413,-26.146964247435164,2
004941.36+284443.2,0.533975,-22.988065517557025,-23.16923176948217,-23.517479837925656,-23.650355191943504,-23.836127667646185,-22.676771847203625,-22.668530178364463,-24.07363549303306,-24.67781754345866,-25.077081223787143,-25.46548168316417,-26.30432502802697,2
004950.92+200326.8,0.55915,-22.13825015246346,-22.425579770923434,-22.6460214336082,-22.789014321330644,-23.14555102507823,-22.48713901619073,-22.647561519380805,-23.689738718806385,-24.59437984669378,-25.02600711097003,-25.05598535786977,-25.978916471900398,2
005044.33+174710.9,0.548061,-22.82144166358904,-22.976615157761845,-23.368250637646582,-23.465616122672976,-23.61258205475125,-22.40007890479617,-22.372088225330263,-23.95738870576445,-24.236825896979724,-24.88052981382636,-25.389453119511487,-26.32613632612696,2
005212.37+262126.8,0.874622,-23.906392458979752,-24.02354326071781,-24.380868619037628,-24.41197261027627,-24.652874230058952,-22.795082380492705,-23.71810142804883,-24.82544865308784,-25.34739096260001,-25.611361240141687,-25.784865383059422,-26.73713671640485,2
005244.22-005721.8,0.755659,-22.631177189288405,-23.026727816115987,-23.37673660398534,-23.628685305472462,-23.81949736023737,-21.906633894032637,-23.16222908142181,-24.292652748986463,-24.637086297589256,-25.199212277492208,-26.40831976273908,-27.193834990578527,2
005312.67-031112.8,0.339967,-22.3419637423668,-22.59411329186745,-23.011987989990352,-23.09546972679263,-23.30391829379102,-21.845314372621864,-22.08899279740388,-23.346052106822967,-23.914687178775875,-24.03141779369835,-24.7437984424076,-25.4117294441052,2
005335.48+221537.3,1.010886,-23.82581711875609,-23.94455600257696,-24.164776674156265,-24.26400566120667,-24.612937492897142,-22.300377917909355,-23.709661097383325,-24.77428941920611,-25.31249160872925,-25.71793746814655,-25.407872461569312,-26.21600682337592,2
005349.92-013030.3,0.407258,-22.28927848616624,-22.48470037889275,-22.944202418286824,-23.05203648723552,-23.30292375908774,-22.55598744869495,-22.53750891455145,-23.957471215002613,-24.28501946886571,-24.753939380062437,-25.34435561086064,-26.26752993612159,2
005434.92+145528.7,0.875,-24.785374493419354,-24.814510673129373,-25.11860759258052,-25.24224353130052,-25.39331672900394,-23.86084165535415,-24.266541350986834,-25.33077135360836,-25.712568814563085,-25.89714350700904,-26.46949268112668,-27.288621047155125,2
005447.28+254443.9,0.357382,-22.63700927517571,-23.12885630537721,-23.614230508154836,-23.72719623233059,-23.997654396135847,-21.539453686777385,-22.54172264143861,-24.069453849528568,-24.53004044765862,-25.15904851275629,-26.040832106775287,-26.807618325264546,2
005617.72+275349.7,0.476098,-23.34294194375697,-23.55034649765005,-23.91451184816636,-23.94411941306968,-24.173294527853944,-23.76298112034538,-23.72658654035291,-24.627920693292975,-24.819899309510877,-25.468257142895,-25.741854125315182,-26.60228392537066,2
005620.84+075559.9,0.600882,-23.01483228274761,-23.13726399224209,-23.67651863826803,-23.89734266114458,-24.32124706085259,-22.786674899582756,-22.760255091940888,-24.12422074740757,-24.76196270769656,-25.28044170720299,-25.41471851414646,-26.15888921601002,2
005713.78+244344.8,0.554109,-23.22731057375269,-23.33331366845309,-23.72266509708446,-23.81369590243458,-23.983748568745227,-22.51940857891524,-22.796965670880702,-23.97182078724061,-24.56748296752601,-24.90783754585649,-25.81158622170623,-26.6701443809857,2
005813.15+351027.1,0.661473,-23.22877894603053,-23.32108989179348,-23.662125721534167,-23.8535941782918,-23.98579181799316,-23.36212328180836,-23.09597324274532,-24.547175940663543,-24.676337527475987,-25.537547210099696,-26.554053309470376,-27.523975796966443,2
010113.03-092742.1,0.357362,-24.21803842130814,-24.40193305534046,-24.604471242740107,-24.63021390141093,-24.87029588745577,-23.93844385925615,-23.947822960390063,-24.533028174839952,-24.882163355037875,-25.254084677738916,-25.988039106794908,-26.668123520457385,2
010120.30+045956.4,0.432751,-21.98131068855849,-22.160673324552832,-22.39591369879225,-22.441562089381804,-22.780888220478225,-21.99185842457832,-21.932616248139624,-22.996119669910684,-23.3579224528294,-24.02437504715795,-24.649851002342768,-25.536195127145188,2
010208.11+020930.1,0.932005,-23.268312432960823,-23.466393781020024,-23.89232780442438,-23.994185582998277,-24.22302774666438,-22.481743047549884,-23.17885821640073,-24.90169548127288,-24.92931627518366,-25.40789134609692,-25.563268744952843,-26.2608322040995,2
010209.82+133152.8,0.39017,-22.579473664314243,-22.758317349978743,-23.155525349530706,-23.20597585759121,-23.428316541665943,-22.549496110774506,-22.46140424131358,-23.49645725840524,-24.302380730001325,-24.574806656706315,-24.956121680108197,-25.64734811573764,2
010253.25-042150.5,0.32573,-21.98301839078393,-22.431258629171623,-23.00878493195928,-23.17661434484043,-23.51335162542702,-20.26405844111615,-21.119994367912295,-23.637244703073325,-24.23966907203526,-24.731734591210508,-25.537807325329293,-26.316806951849983,2
010312.99+022109.9,0.394,-23.693388402373152,-23.828020874377632,-23.89734177848864,-23.87631147549309,-24.18598574834332,-23.1613449873281,-23.24893434831744,-23.52431267251789,-24.298945319906966,-24.559482244253797,-25.354011284912268,-26.152032992705884,2
010320.62+271937.4,0.579594,-23.060115893344378,-23.33033719676152,-23.602181893110757,-23.737753552993876,-23.866921276743664,-23.185259344877156,-22.986619758716817,-24.035273301693717,-24.750472950439484,-25.53611588764453,-25.970259926106184,-26.799299280409677,2
010342.73+002537.2,0.394474,-23.277688301426533,-23.533172860138897,-23.921965815389218,-24.057108977760773,-24.24062327161568,-23.02336827824253,-23.3584802289957,-24.290536191633706,-24.79442761657601,-25.38506631376268,-26.086467845969185,-26.757087936271564,2
010352.47+003739.7,0.704,-23.644989855933453,-24.10794257028858,-24.696419439400653,-24.96842593737805,-25.19821541069207,-21.714487989075927,-23.145426541065454,-25.11579643219243,-25.56695764379555,-26.538743806071803,-27.63369048787109,-28.62444976688334,2
010448.57-091013.0,0.468812,-22.85176830034849,-23.16185423265637,-23.536120440536934,-23.61928307704888,-23.8645000918673,-21.723962079239357,-22.100790953836007,-23.861941656201687,-24.331473145269182,-24.96371096331963,-25.460218329420627,-26.380963646588896,2
010448.97+102650.8,0.28382,-21.65605956009337,-21.797408334476533,-22.08642204386083,-22.204653643398867,-22.4944326302366,-21.06782285267633,-21.12623682275481,-22.688490746951764,-23.439935138407883,-23.59088742538226,-23.74722225812754,-24.347280998339244,2
010454.15-013129.9,0.572,-23.72926872919152,-23.944551315782437,-24.20237224407929,-24.2012027000789,-24.34999076279442,-23.327032562413105,-23.49168204293401,-24.42058676195864,-24.891350297846756,-24.92461011736928,-25.786620473616733,-26.695623076871872,2
010509.29+005258.7,0.6515,-23.428858295729302,-23.60459645391368,-23.945502795402017,-24.013738195731893,-24.14370242050872,-23.253811881677983,-23.16785372989334,-24.0659846652628,-24.315669031510968,-24.58867699591908,-25.47211659452458,-26.315901271085124,2
010525.35+233241.0,0.553296,-21.83055333518355,-22.444743177129105,-22.898983549010048,-23.16283255339461,-23.511606675066137,-20.60199176516076,-21.36427896243211,-23.526874260215084,-24.275320918869756,-24.78053341794161,-25.5262332988486,-26.283060546030807,2
010535.66-040158.4,0.358355,-22.44873682564445,-22.754359692754072,-23.12731293432844,-23.24176539443229,-23.38393543263949,-21.857347251879837,-22.02286357859892,-23.57731203332159,-23.793456708333345,-24.61805089968077,-25.322796214276515,-26.014709810826677,2
010644.15-103410.5,0.467937,-23.02002149716378,-23.182081469864958,-23.388796756192733,-23.527784375303195,-23.77805560101439,-22.72366225071223,-22.77630994405765,-23.888124494592397,-24.40608747895036,-24.334220012690903,-25.20309853296988,-25.973576219775783,2
010737.01-001911.5,0.737239,-23.55106267649825,-23.592231703133574,-23.929867644132443,-24.059035389280083,-24.129919278916997,-22.87821942146285,-23.17535121245844,-24.340817957001207,-24.75299552071481,-25.477879501872057,-25.944465849387058,-26.955929986290545,2
010816.91+315501.5,0.229462,-21.44314663033193,-21.684149913816583,-22.00414403849133,-22.11209672024752,-22.253278394855105,-21.02471161700712,-21.519842830206937,-22.41972027078545,-23.26871936804169,-23.657552442869637,-24.537722443394543,-25.032078481484948,2
011030.90-041531.0,0.502907,-22.93690454695554,-23.142098774308923,-23.41260291678667,-23.454662236270757,-23.55214479291215,-22.90240361432202,-22.826710744734555,-23.60513440388775,-24.404682283942314,-24.600543267105547,-24.893327443735416,-25.65768642568277,2
011126.47+330227.7,0.464315,-23.01687936281937,-23.17311881195237,-23.35364284445004,-23.446570664859745,-23.78794398965648,-23.506088233057586,-23.44539665546614,-24.165747273679177,-24.42441311782962,-25.28472427738596,-25.48218030964521,-26.35250081704549,2
011132.32+133519.1,0.576964,-23.973678948701902,-24.167286409005875,-24.428675285105825,-24.48065055170006,-24.60446219989759,-24.04918494187182,-23.876366560399788,-24.42525107574204,-24.60257408875936,-25.21062762990658,-26.08889316837605,-26.949023033482543,2
011210.19+202021.6,0.742669,-24.466665585684314,-24.56483912714264,-24.898616992632995,-25.00608265913247,-25.09360019503217,-24.454047588812312,-24.66672877741889,-24.961591671472096,-25.23006665835106,-25.54609287055963,-26.59976673487671,-27.45165797425673,2
011305.23+092002.5,0.368164,-22.59767513371683,-22.75699408608133,-23.025303230569783,-23.052304344412512,-23.23539256136384,-22.150187847497808,-22.274089489999067,-24.317599905382718,-24.43498008648134,-24.363110158046407,-24.725222878904933,-25.549968576689302,2
011417.18-005518.7,0.852926,-23.862390090071127,-23.884032767782237,-24.23255703096616,-24.326401190653133,-24.45816605738339,-22.8091789664976,-23.422478025952667,-24.343289276651365,-24.909081335053664,-25.310455723506905,-25.87537941490783,-26.73956923341247,2
011420.95-004049.2,0.439899,-22.128962038959493,-22.2986429459517,-22.5220319710559,-22.67134375421529,-23.027601833072374,-22.689943652913456,-22.690640334760086,-22.94300475626804,-23.457471203021534,-24.20198503114343,-24.83894124037373,-25.674414049995367,2
011427.78+243311.9,0.516569,-22.45459451170926,-22.68286848609809,-22.89040692986248,-22.979718711434344,-23.224501825780585,-22.51467796048009,-22.54081140313069,-23.26805107418222,-23.984700097120943,-24.399056623136744,-25.183716563169437,-25.939302576664524,2
011500.58+033425.5,0.552958,-22.79645246831548,-22.89664534515033,-23.206851362502867,-23.247736805720724,-23.428774033486665,-22.881909582880624,-22.60216535416982,-23.406800498770167,-24.0898237711636,-24.561517228395022,-24.76741820150953,-25.49500979655679,2
011530.51+103008.6,0.517659,-23.17256600387195,-23.41744490512098,-23.72594640937797,-23.77058611307602,-23.994306788940108,-22.677188348309706,-22.838021362341777,-23.70961420432704,-24.059535532709543,-24.71251080157137,-25.369093873788906,-26.19862115459585,2
011623.04+142940.5,0.39511,-23.19564736500689,-23.43218158517906,-23.80609043413664,-23.853190139855062,-24.06884253164876,-22.854295658699996,-22.80473014218913,-23.75699165371236,-23.96361793491355,-24.288890954250952,-25.35533089764349,-26.154887745491504,2
011645.59-050302.5,0.527457,-23.18338878677362,-23.48297048346953,-24.018993612546478,-24.187714192799685,-24.371314489372317,-23.021367153180726,-23.09708325055311,-24.16621321595816,-24.48937198897535,-24.959098851310703,-25.693224650073063,-26.39490650367974,2
011652.40+042637.2,1.067015,-24.35479790489637,-24.403748885424083,-24.67883749304336,-24.71985700402716,-24.849133959848377,-22.606329017469736,-23.843435921519436,-25.023802577958826,-25.47397382451089,-25.837304308279634,-26.189200521759467,-27.04224560404763,2
011711.57+105439.8,0.32174,-22.274334439449586,-22.33242680629624,-22.58562871259839,-22.71034334538053,-23.117963542631472,-21.92375807824274,-21.985667800143784,-23.33209697306474,-23.846883095878205,-23.96943639115042,-24.476517185320542,-25.129665019522903,2
011741.85-104717.6,0.659971,-23.610147378985367,-23.8836080975758,-24.182154575382352,-24.167648654370343,-24.342790722070447,-23.422211493203456,-23.507691729961977,-24.430819272003145,-24.67630739581416,-24.927830745444183,-25.508077927736466,-26.306466947153904,2
011808.82+195036.1,0.768459,-23.525269323325883,-23.67606097075474,-24.08335266255857,-24.251495955261262,-24.357398797853577,-23.482042101649533,-23.525926630799084,-24.67444501473561,-25.13087152509157,-25.454230704119517,-26.01380008169909,-26.933944124117527,2
012006.34+215920.3,0.576074,-23.54585713708188,-23.75447693521868,-24.090521007320454,-24.14139351780712,-24.394769415960727,-23.14037169293375,-23.179161892774385,-24.48723214058933,-24.82186634244038,-25.092711660406888,-25.482097894355263,-26.26032753721295,2
012016.72-092028.8,0.494746,-23.29923459182545,-23.423083740954056,-23.545980980494573,-23.517817414106705,-23.734447355711755,-23.16236789237865,-23.200580022531756,-23.957940363859745,-23.970500425486136,-24.72726019059788,-25.049144270302737,-26.05448933689937,2
012039.87+065837.4,0.582274,-23.93122960855612,-24.06222402070088,-24.254271553505383,-24.20566498690888,-24.48955693513193,-24.201116960284267,-24.073621530852108,-24.17482936732949,-24.43264834252244,-25.318838456792708,-26.06990676491016,-26.882376392222262,2
012130.48-094236.8,0.519268,-23.09536766895843,-23.315102782964995,-23.73168972066396,-23.79578963227589,-23.935155754836597,-22.642990643232324,-22.73571517267725,-23.8698751060392,-24.14153733771856,-24.879736688993827,-25.345077446000477,-26.224986637201404,2
012248.60-042739.8,0.529371,-22.634524511518972,-22.84562420966305,-23.399499063241183,-23.55821179747348,-23.870283680719808,-22.58067723248464,-22.72767188278475,-24.34683035330055,-24.716223219165663,-25.071067492562573,-25.5533976834554,-26.328191627038752,2
012302.02-024400.3,0.438084,-23.259133601567523,-23.41006633564699,-23.57629446856653,-23.56744716257111,-23.87111882147309,-23.190893387482365,-23.19754717329818,-23.57085771975046,-24.246192643586618,-24.4745730609833,-25.17982554795913,-25.993402894923427,2
012335.38+261104.8,0.430592,-22.330804647058724,-22.49269312295635,-22.944055341235497,-22.93662253322668,-23.21202157968176,-21.71519234551673,-21.76832455556287,-24.07444588048038,-24.137431214760014,-24.598651414287435,-25.020815489626983,-25.83029845621685,2
012402.16+071954.7,0.521,-22.377808954077533,-22.68213523417768,-23.02886704302893,-23.16959559826436,-23.409605036254188,-21.654599107873487,-21.9990727409306,-24.007020640881752,-24.38220853326693,-24.931593565259,-25.42821114959944,-26.18754580079816,2
012419.87+141858.4,0.339196,-22.90361469862958,-23.16502276250623,-23.33811318913964,-23.40010867000374,-23.62742158209648,-22.554011926310636,-22.52624627823009,-23.337536215916717,-23.74931643698965,-24.1366415023416,-24.996295635430748,-25.70383258827451,2
012434.82-040102.5,0.559988,-23.909466169024853,-24.073616721652066,-24.286177192413906,-24.28360085175829,-24.4506412196622,-24.42757099984772,-24.272596416358283,-24.630120184782843,-24.85961780910036,-25.504358875735097,-25.94354238596297,-26.798506427256346,2
012449.79-095614.4,0.761547,-23.813807394420664,-23.957455674431827,-24.285401160227405,-24.47961750787189,-24.6100310872152,-23.428260370599094,-23.71406655962218,-24.55964159871033,-24.931898610810517,-25.39529012956507,-26.145286774027102,-27.22012904262591,2
012602.99-000822.5,0.40423,-22.472243841765483,-22.769028504591397,-23.227035469035425,-23.304359814821893,-23.54767855188211,-21.882821707271752,-22.23509755446292,-23.95952385678579,-24.250175382651047,-25.068011695447137,-25.63988470128817,-26.43052612777532,2
012631.75+274335.3,0.390829,-23.041615555195047,-23.2281303426584,-23.51971033505516,-23.57514654948623,-23.943274329631155,-22.485161682488343,-22.68113973233197,-24.02422243914862,-24.664127476129345,-25.175892895155457,-25.867869213891503,-26.632539417102706,2
012657.02+315353.0,0.341623,-22.347836404934974,-22.55814609759728,-22.750238958461317,-22.881121554765844,-23.059734241948004,-22.075121342890505,-22.049201295563865,-22.57098756230694,-23.261719403999773,-23.664746834280525,-24.603097876248132,-25.283920879798888,2
012747.76+263639.6,0.417582,-23.988981918381512,-24.118432096984844,-24.33575035555761,-24.312965820971687,-24.59452771041849,-23.382950251451195,-23.403943058763826,-24.163651874046128,-24.355175029501577,-24.726416455646127,-25.572785410007796,-26.387325805959705,2
012936.19+211717.5,0.348463,-22.206378391465744,-22.26973353422744,-22.72100306256913,-22.925616434992435,-23.13799704882027,-21.78756647339914,-21.835279652082928,-23.50815637311229,-24.06225767211935,-24.491142275903886,-25.048597587178264,-25.613400227727407,2
013016.98+011952.0,0.23093,-21.724787121717128,-21.927539954749125,-22.333154326599438,-22.50394986938981,-22.607841092215285,-20.856604856984767,-21.09558826235285,-22.979829438129357,-23.59987832006464,-24.24158870027628,-24.96873858032947,-25.40737157249406,2
013022.33+331523.8,0.423127,-22.61522171217925,-22.738892862039428,-22.83203636716633,-23.02351792143335,-23.31520377879291,-22.309166613506918,-22.3040818813787,-23.47506410470719,-23.883014698310443,-24.57223070432087,-24.99569990871468,-25.854549477548208,2
013032.74+311940.4,0.740172,-23.500482001339225,-23.733982992015648,-24.126449575027657,-24.207379423235405,-24.314886540496328,-22.77974472649923,-23.310981789964487,-24.573584662626867,-24.94065856882468,-25.515359794312054,-26.03834811469501,-26.851848981631218,2
013041.67+004000.3,0.654294,-23.808329805325013,-23.906521180271955,-24.133352696366583,-24.220554294637594,-24.3276388729742,-23.70593561131517,-23.560840242170475,-24.638590327981564,-24.79743889122829,-25.266522928626827,-26.009670565563454,-26.85800510514232,2
013052.46+012711.0,0.432778,-23.71172560430678,-23.90692297434868,-24.152446864516428,-24.21656340012808,-24.372529558073506,-23.34616466122426,-23.36286550715616,-23.80853093077943,-24.366425093678785,-24.953096102545164,-25.690937610960283,-26.49732523875,2
013056.74+255009.4,0.414969,-23.058135011411636,-23.25430974157697,-23.468483445807227,-23.51617801109621,-23.898548129306945,-22.532874155615342,-22.421395183553308,-23.732985470139337,-24.29260155269319,-24.38391893890345,-24.96388348771519,-25.670842031893617,2
013144.70-031038.5,0.519,-22.49660218362283,-22.79770881096981,-23.125385146001467,-23.22422161641954,-23.49871931541832,-21.128454954666797,-21.80119912162109,-23.755470321159,-24.013424572135914,-24.29050701557504,-24.9589160350292,-25.65006242472721,2
013304.82+323039.7,0.446802,-23.040880402362347,-23.0466575572019,-23.239963823469967,-23.195529542819344,-23.36457723616264,-22.61402203303912,-22.804534528214585,-23.83416020323896,-23.995161988000675,-24.792181551215847,-25.381343816977207,-26.27051595469933,2
013307.00+033904.5,0.362522,-23.293582656258227,-23.456308170608203,-23.66489990660453,-23.67819069265361,-23.9862083850292,-23.18782656305349,-23.27150787091881,-23.86495102520675,-24.048927734561264,-24.761162830073005,-25.412648747346523,-26.162481373769268,2
013324.62+242741.3,0.452,-23.3859893750884,-23.741061001450664,-24.019309933542885,-24.14193577077604,-24.468802446901098,-23.133592620327462,-23.23085735206548,-24.175608018086518,-24.75310165617527,-25.214932866958662,-25.805908447190223,-26.65676982886333,2
013418.19+001536.7,0.4,-23.864879758358263,-24.053531508915437,-24.37666070246211,-24.398786048760048,-24.68903968408356,-23.60762454172956,-23.635859927104327,-24.620016356334464,-25.10045609965085,-25.91951075989889,-26.538324023720104,-27.279841856779772,2
013419.37+014647.9,0.411449,-23.1764175434954,-23.418659186830503,-23.64536006020894,-23.61688914239772,-23.94619557307054,-22.424237996336892,-22.671669095178657,-24.11367000593218,-24.62257283535751,-25.1865349628539,-25.749405440206903,-26.65183852696181,2
013436.22+002624.3,0.718323,-23.77206560583164,-23.841520186776872,-24.192564184802148,-24.334987283864606,-24.43195552920126,-22.541222349152108,-23.121701175105358,-24.42545471613268,-25.24374257262888,-25.307176218608664,-25.919171234778982,-26.954927106354862,2
013529.14+241719.3,0.324354,-22.28656001252588,-22.57616250681092,-22.92087371022505,-23.085928864616555,-23.455727693538936,-21.501480709803413,-21.817336013643654,-23.762216844460685,-24.431598856167746,-24.793433514519357,-24.935072087884315,-25.648326499248228,2
013625.38+123623.7,0.409591,-22.470601408191392,-22.531039941035043,-22.79616084494195,-22.85463880617542,-23.14805508461765,-21.962894712758462,-21.964713811722607,-23.493064226747272,-23.68762529983396,-24.425615313058657,-24.538196468419518,-25.23554561628729,2
013652.05+303915.7,0.449057,-22.76079440338413,-23.053420257350176,-23.60525109048318,-23.71178793498126,-23.937819594837645,-22.46505198096168,-22.58786808544401,-24.04449614724824,-24.838850558632124,-25.328271078032238,-25.883388108508104,-26.71028789190276,2
013915.23+221748.6,0.60181,-23.382752467519133,-23.54467452616492,-23.94056199112332,-23.93949353866552,-24.149538372277945,-22.859075949008705,-23.058068937734475,-24.04569762278696,-24.316924338217397,-25.030850095652085,-25.897936901077745,-26.792860266503062,2
013930.17+011518.3,0.291708,-22.18773757325008,-22.53418389138415,-22.869699145979077,-22.885824796532784,-23.204104048819357,-20.774536138886816,-21.601928832786275,-23.121385052947137,-23.325856772446077,-24.12749190499476,-24.5703567509926,-25.123780008789584,2
013955.76+061922.5,0.395384,-24.054812452665047,-24.0712611961947,-24.38526954391201,-24.401827008260437,-24.335806228031355,-23.6672251830854,-23.93682063455589,-24.242489301233007,-24.83163401226863,-25.2166338999449,-26.16611099009637,-27.03876218737724,2
014017.06-005003.0,0.3344,-24.35010934578669,-24.438320762855906,-24.558112217549148,-24.628365482493138,-24.88089709265312,-24.589585343688483,-24.651885163052235,-24.54838550318413,-24.809568484946684,-25.221293475366853,-26.23163156838149,-26.84642397188559,2
014028.12+132320.7,0.493879,-23.36459348836747,-23.61752742793079,-23.97915418564001,-24.048960847804235,-24.282005273192567,-23.119121384312702,-22.980263001867318,-24.117914654761343,-24.57757203999201,-24.96419512698437,-25.79792638389587,-26.61700100925609,2
014035.01+234451.1,0.323382,-23.8098299435948,-23.99944136822483,-24.21603759916732,-24.2798447085748,-24.63699461239452,-23.43746953303468,-23.439899450395345,-24.846245421188385,-25.001379898027707,-25.373146650167488,-25.75679730295706,-26.507586274454976,2
014104.73+185145.9,0.469973,-22.36259141529177,-22.75754485680435,-23.19153070901549,-23.317312095986637,-23.529415182614,-19.33218585453909,-19.351631367677435,-23.572830576912708,-24.26480462221752,-24.66828237866328,-25.33444456152104,-26.216829758905444,2
014136.39-001019.7,0.40652,-22.95298673560353,-22.99810707665125,-23.11390854231481,-23.110505044228532,-23.48934054088227,-23.071316253260743,-23.052497720881316,-23.018774132042147,-23.65050066915954,-24.03348801244213,-24.91980322228962,-25.719780660579254,2
014202.17+112436.2,0.982018,-23.89873696736919,-24.229523779648076,-24.660861990799585,-24.7398138152448,-25.024257087778256,-22.79958485434342,-23.953922991150613,-25.18680553120916,-25.305679408665,-25.640369520349516,-26.22204078340444,-26.985814680049483,2
014214.78+304955.2,0.450616,-22.40422054705998,-22.68976319821053,-23.03392158200097,-23.08460388100393,-23.419906742232182,-22.13769086359789,-22.11114363722052,-23.55575365708897,-24.05063664841293,-24.46101384606577,-24.813802015925976,-25.65171732450166,2
014310.11+332721.0,0.394524,-22.41699134827505,-22.592150590799385,-22.861043295056906,-22.936712515636163,-23.225978360170203,-21.677938864274065,-21.84953533808517,-23.272274904348308,-23.904438963614627,-24.165534918859223,-24.488991288079248,-25.174562673173256,2
014627.33+052432.4,0.779653,-23.36621351513036,-23.605972812872174,-23.999309971194048,-24.193575608228603,-24.37846446900189,-23.31443958055699,-23.29032987505705,-24.59971326788824,-24.859856161964817,-25.351871697071516,-25.938143272386885,-26.889505822061864,2
014633.27+124550.8,0.43646,-22.30012647340136,-22.563712111876995,-22.87629869731982,-23.09975107029597,-23.457568086468164,-21.54242441267712,-21.74034590193908,-23.405414274171616,-23.8537516529209,-24.236277194310905,-24.530121777931893,-25.139924698467347,2
014718.40-082449.8,0.619167,-25.102462546315586,-25.215340876305625,-25.45032748126233,-25.490962402365444,-25.629686060916125,-25.124521291510742,-24.95905425625563,-25.426573349276868,-25.71819907815085,-26.254271357845557,-26.913329965510407,-27.8043057816424,2
014723.27+144320.8,0.432878,-22.35038218595244,-22.487452439786647,-22.99815557684597,-23.0791961068346,-23.28893862677036,-21.990505437128466,-22.25917054301746,-23.202604058289328,-24.128493443793637,-24.790320747234592,-25.03578881935847,-25.80937740812579,2
014749.24+094431.6,0.681437,-22.85444100628701,-22.944794769363664,-23.29923014202481,-23.467269188712745,-23.583335708434813,-22.542378039896235,-22.615231839098307,-24.131768445796613,-24.39386622895288,-24.74683922855788,-25.250924131079035,-26.116540430267417,2
014822.62+132142.6,0.875,-23.92965360905815,-24.046959580644103,-24.35639885920818,-24.42777012680764,-24.59495877265853,-22.80070120137388,-23.72835750733383,-24.71025612908841,-25.00160075445312,-25.445499536588063,-25.86701387499669,-26.687784330595136,2
014837.49+040522.7,0.332986,-22.009341849868147,-22.266161983926114,-22.60692462690081,-22.701324610546774,-22.992157160034573,-22.061105644281664,-21.97510738321682,-23.194129604439983,-23.752033452714038,-24.08227556221599,-24.45725968238075,-25.111162426029814,2
014931.01+074852.7,0.514668,-23.10089417690045,-23.24822611293803,-23.445688058259737,-23.46842567677148,-23.62725698585485,-23.1303977855821,-23.0663394805031,-23.568496905641837,-23.86245558823638,-24.522612199462483,-25.169732558129493,-26.02732756852903,2
015007.73+020134.0,0.260746,-21.01739137386705,-21.26615851285764,-21.65139033003532,-21.874169612617525,-22.024895381659405,-20.69519332678613,-20.829140821887,-22.11081928510978,-23.341253415193982,-23.098339118557785,-23.958639491643627,-24.452018964189577,2
015024.71-034056.3,0.895102,-23.25930573461497,-23.686121890556944,-24.1050430349114,-24.240893297749885,-24.33689543601248,-21.9245871064257,-23.04959808967967,-24.72276572548602,-24.968890319668464,-25.520460638240756,-26.425701397863357,-27.2096630826593,2
015025.35+091450.9,0.268707,-21.830001583605476,-21.945625573964318,-22.32798405303895,-22.43242864172578,-22.988985142028238,-22.4540628300022,-22.26741685748528,-23.44442221254228,-23.98732132295761,-24.206735864289843,-24.256372587369007,-24.809242555317557,2
015108.77+164205.6,0.530611,-23.078807836027977,-23.27625485416082,-23.67162636784276,-23.73734688755112,-23.818379437775626,-22.246290841461075,-22.34062397791121,-24.055998825104812,-24.674230254401035,-25.482736077927814,-26.158412101348056,-27.020019538796607,2
015136.19+170140.5,0.715979,-24.45343594814473,-24.62090548669659,-24.841457824206795,-24.811112272277768,-24.958783199815837,-23.92301447532861,-24.28373939449822,-25.314782292029264,-25.575156229406563,-26.07073120472433,-26.653236502788967,-27.638739365134462,2
015137.28+075650.9,0.568787,-23.174709629950573,-23.449345113406444,-23.74260454379085,-23.760469023551845,-23.98418676966326,-22.89295800279496,-22.985778798121647,-23.84439527311559,-24.768110324304804,-24.664499580867904,-25.2986527517911,-26.134637640436477,2
015259.22+321728.7,0.419983,-21.71757727430471,-22.084583110920477,-22.61003681747316,-22.744901641698792,-23.036636192594543,-21.534748036883748,-21.82980395432576,-23.29204531944681,-23.87081660724392,-24.35768658382041,-24.333858855768227,-24.97500665799666,2
015305.40-021517.4,0.575594,-24.480113142940315,-24.716553783567417,-25.053428390978876,-25.07244597508899,-25.21103266389184,-24.494009246294357,-24.5057758849451,-25.16731225906337,-25.68622001234833,-25.935208498607267,-26.422369529580124,-27.377362313054995,2
015308.86+165150.8,0.541984,-23.06098619638515,-23.26496528870561,-23.71047171608191,-23.827949237132888,-23.985870607153668,-21.40008882466376,-22.222877327199917,-24.307473514495616,-24.57089948729898,-25.174677908864847,-25.844487677961208,-26.733983806814816,2
015312.60+222600.6,0.446158,-21.957292785660037,-22.20295548218565,-22.771492077793045,-22.941611818633863,-23.26674291368592,-21.538522957214635,-21.49106391197908,-23.765677030514684,-24.220483278955086,-24.75797438361916,-25.18182890049929,-25.906996791011046,2
015324.15-100034.7,0.361049,-23.04012354320349,-23.127398938984797,-23.276354556091817,-23.306354914391605,-23.649153791402757,-23.014351958672822,-23.069682176002367,-23.49137793372122,-23.87903513527556,-24.265299468183915,-25.05428055372788,-25.714955456991618,2
015444.01+043708.6,0.318328,-21.967757193118292,-22.01163328179356,-22.256011252545548,-22.35170456659672,-22.520074076953577,-21.702468418833543,-21.70914090074983,-22.95445233658784,-23.04742800761669,-23.67298851061984,-24.22955113841196,-24.925857147775652,2
015629.06+000724.3,0.36,-22.01751200498725,-22.21162074933698,-22.474893645545876,-22.50320734765697,-22.865945684732413,-22.08167944170067,-22.253099278200786,-22.80916271497609,-23.19869975731732,-23.67055913177144,-24.38514446317734,-25.163118850589388,2
015715.32+315419.0,0.373124,-22.405775693436077,-22.478563977668983,-22.82115025645383,-22.92285959303136,-23.29616552534311,-22.21141473004915,-22.39783261251305,-23.579006894610885,-24.037895063541654,-24.360296507228917,-24.43399715318033,-25.10486067637716,2
015722.26+113723.9,0.438,-22.16946839538711,-22.64668557655537,-23.21618150479816,-23.26547736995053,-23.520928118612236,-20.78743657703187,-21.519150202007868,-23.52430652620589,-24.52579877091744,-24.69413712225541,-25.430484195200773,-26.276801430047577,2
015738.88+185721.1,0.666226,-23.099822797284016,-23.254010916910172,-23.488685481536592,-23.620414066055844,-23.83996607746871,-22.794547081237084,-22.649627197313524,-24.16577668359827,-24.592810244133503,-25.4785109783592,-25.53079062522649,-26.29740170542718,2
015846.05-014940.5,0.508014,-23.310066908883744,-23.388900230442538,-23.531041366312056,-23.7363004726574,-23.886276111010545,-22.939397113987923,-23.00969455480467,-24.078205233076307,-24.522615687176124,-24.954525235013037,-25.471611410702693,-26.41691047932164,2
020002.14+021655.8,0.408173,-22.964881382723235,-23.13959985475362,-23.5927415671366,-23.693318663253464,-24.02761397360849,-22.279553957351,-22.52184344208655,-24.19567520717012,-24.381459121500765,-24.958468541056035,-25.361828744775835,-25.95120351866389,2
020003.93+012511.9,1.163912,-24.11588097330423,-24.2095702113736,-24.658842996499747,-24.72036148449365,-24.869830021477345,-20.106265921349426,-23.98819018400619,-25.15449194615673,-25.898189076988377,-25.99768708208018,-26.385086959653226,-27.247835803421843,2
020011.52-093126.2,0.36,-22.594902771309595,-22.713742641566924,-22.89890857855993,-22.955113061555387,-23.3772713129148,-22.05031793296227,-22.307420818150167,-23.677984925816407,-23.869669503131963,-24.00320857137857,-24.54995001588742,-25.22031267522057,2
020048.36-021751.2,0.810956,-23.09986924803652,-23.166261866972164,-23.570616480012017,-23.702137961309877,-23.89452315560405,-22.808623572735414,-22.960275128718777,-24.18324497599244,-24.600816256459986,-25.15501974321165,-25.35776730662229,-26.130094474772434,2
020115.53+003135.0,0.362,-21.85618436251713,-21.943350506126915,-22.149285458791244,-22.242929674050245,-22.861142949573683,-21.83639976452624,-22.342482212685283,-23.16886139220708,-23.36350334019964,-23.86492212314628,-23.808304273663268,-24.456108854516568,2
020322.75+255014.3,0.515127,-22.791674271633426,-22.96949938650847,-23.321460379963373,-23.454169108757604,-23.65228960000003,-23.1006219380167,-22.59173089310871,-23.83471552864424,-24.42308667947143,-24.98547875845892,-25.47286188263837,-26.41680719945,2
020343.39+300506.5,0.728761,-23.509506353676667,-23.772210877996915,-24.16228483954561,-24.240043461302378,-24.403867802310305,-23.529927886793608,-23.66444681550378,-24.81057717229848,-24.855055526281003,-24.86709339335947,-25.568984154805012,-26.340931932004327,2
020413.08-090818.9,0.704299,-23.328960921674597,-23.64092856384566,-24.03103772365377,-24.17725619512915,-24.374419052880715,-22.29972786420385,-23.116611743223444,-24.608927634621363,-24.76794613944536,-25.27008908601532,-26.055833186173498,-27.002265568464555,2
020421.06-040818.9,0.723022,-23.00452756093563,-23.266486402676616,-23.680308143042733,-23.868774964321062,-23.92546175001024,-22.564713152766583,-22.892863002227493,-24.506961888427657,-24.63326867941455,-25.38062300767525,-25.80718198772953,-26.82083571057676,2
020435.18-093154.9,0.62477,-23.8470897506456,-23.949113712169027,-24.30964573417384,-24.37414011856565,-24.484518418114813,-23.91911702546812,-23.69195107116636,-23.901672031506354,-24.382743599525107,-25.213745915882736,-25.88606731792608,-26.732626219000814,2
020536.33-041711.3,0.616,-21.74206257509216,-22.080368552068474,-22.51663442770949,-22.74679411115811,-23.055584976647705,-21.20166661220171,-22.47494138251746,-23.78143907355465,-24.32681023341404,-24.919047753802097,-24.440475384874745,-24.986467329077342,2
021110.56-013450.4,0.562859,-22.86127188117881,-22.99455482745735,-23.3260279851758,-23.42931973161565,-23.57563165766339,-23.009324998375124,-22.74169354520364,-23.714376996345816,-24.929119061600524,-24.925272341798248,-25.3574426167722,-26.055667089282142,2
021301.09+034454.9,0.564535,-22.948611487950284,-23.12449940293461,-23.523825226608075,-23.66612794792619,-23.80585471199496,-22.889041046914038,-22.658449594334428,-23.86270241424611,-24.43031388160419,-24.944754482819015,-25.261714521206603,-25.972104287145736,2
021322.56-054100.3,0.768,-24.02417912829756,-24.193784154621163,-24.60470767296154,-24.816928668035423,-24.98743694317677,-23.62461212328038,-23.88472262404233,-25.00003918171808,-25.41915969439746,-25.60613136463146,-26.720495106094077,-27.6961901983154,2
021337.89-042814.7,0.42,-21.4018493995033,-22.10246006812176,-22.565574372557176,-22.717273449697664,-22.99707876115713,-20.46506373031045,-21.60232986266366,-23.28110518253037,-24.029656184764388,-24.21296277829499,-25.26183826617186,-26.194344357650785,2
021346.98-025631.0,0.357378,-22.555842388968365,-22.708032911490143,-22.99476208697122,-23.07745727441209,-23.37318355222724,-22.913118357148143,-22.900147029206785,-23.57617336236988,-23.843379097095458,-24.17093771291436,-24.72189450091941,-25.39657983270509,2
021435.69-030839.4,0.628225,-23.097957402202383,-23.262285105184844,-23.611125004436943,-23.62810841844708,-23.80494171823291,-23.048664324505708,-23.05164303299433,-23.967875024583527,-24.44116508904968,-25.077617968312996,-25.294060896145183,-26.15790991162152,2
021541.11+030428.9,0.535068,-23.17109695612849,-23.44642139033603,-23.89090861864044,-24.021664225547347,-24.27349951676749,-22.743871985520663,-22.68497751255822,-24.29231946579953,-24.71737746635524,-25.055633853008253,-25.38699304099389,-26.155179583037008,2
021558.40-011136.0,0.840948,-24.21485413112542,-24.243616997900368,-24.555799377536133,-24.70090498647023,-24.841100941483976,-23.369102853905154,-23.993814559749687,-25.06565104838823,-25.22145746453729,-25.55480145201497,-26.64854597855621,-27.564687158332024,2
021647.53-011341.5,0.420218,-22.41888707936561,-22.636437354813435,-22.88232661245946,-22.96658423438621,-23.224548299488173,-22.80918416650863,-22.74752624033548,-23.24869697397844,-23.928470877022924,-24.197276032881668,-24.68901296204945,-25.54239658865696,2
021655.86-005229.0,0.278,-21.142260610996814,-21.329965825452543,-21.72341228461949,-21.916553233201725,-22.23203687387155,-20.83992183414016,-20.659566296654884,-22.45379055591773,-22.87844226231941,-23.469042846133597,-24.09872863045028,-24.613946337047068,2
021808.24-045845.2,0.715,-23.7822726039079,-23.9513735307878,-24.18566596220788,-24.2594032383979,-24.270787110460752,-23.061456253487105,-23.47417396036816,-24.636696925279026,-24.826159246366405,-25.570835558908254,-26.151626287113643,-27.055227724468875,2
022133.83-054842.8,0.501,-22.73443790085138,-23.01240420068469,-23.359612016956174,-23.43560317676156,-23.602249350009505,-22.66443421971108,-22.70575779217753,-24.06792812439942,-24.262592871316663,-25.075368591183747,-25.50595801491488,-26.32374529779912,2
022331.66-013142.7,0.480521,-22.698728756704597,-22.81048379399156,-23.13413600298029,-23.18312952950425,-23.35867382331188,-22.452482894648377,-22.544639513906503,-23.318559610676047,-24.036454562677637,-24.18797104436812,-24.90009349901311,-25.72624378740042,2
022413.71-032919.0,0.430222,-22.08283091720095,-22.42783567644725,-22.7635244906476,-22.910087686458983,-23.172216616452708,-22.00171908081676,-22.040133099267035,-23.379649579784797,-24.206909593020704,-24.406998272627675,-24.513764687656764,-25.44051265828869,2
022437.11-054511.2,0.477,-22.498314656371207,-22.63235048977326,-23.066259501918136,-23.08178853311365,-23.330201371830515,-22.45788717733313,-22.29824378809293,-23.42108914609104,-23.892647894487563,-24.017945095506445,-24.896378150763123,-25.65925174705249,2
022841.08+003049.4,0.72,-23.52802988164401,-23.63745583278013,-23.865395532827545,-23.91958078983613,-24.119074662554997,-22.8491691190101,-23.22704155427724,-24.609854737268705,-24.791788044964093,-24.96403109010109,-25.58770962250709,-26.3334901919959,2
022935.13-055209.6,0.294,-22.829918124769296,-22.903887793809112,-23.143365479236905,-23.223391012396974,-23.557082847076025,-21.86088563394178,-22.39788766381592,-23.527881185691637,-23.97388153726254,-24.84561710323463,-25.442799645694567,-25.955728673952848,2
022948.11+041701.2,0.424414,-22.065125182694462,-22.25858421012427,-22.66429502987856,-22.68211325034312,-22.95569797345325,-22.325216465869467,-22.18181988033592,-22.971194832546225,-23.62382943963152,-23.85105974970907,-24.39394324878446,-25.104610030322306,2
022958.17+032032.1,1.433689,-24.01925357444558,-24.127947906156027,-24.34147587312876,-24.44777917809932,-24.72641894378385,-22.35065588552625,-24.20409558940419,-25.58175020634452,-25.79142992548344,-26.280646708988268,-25.935713366271106,-26.72633397997678,2
023016.88-000743.7,0.878,-23.10177184055258,-23.54364037025361,-23.871624310704146,-23.98797533228823,-24.17389494681381,-20.742471454398235,-22.60871382380996,-24.52988677375768,-24.82842088587632,-25.414203159002245,-25.52393902572937,-26.20874915277751,2
023031.33-024540.0,0.569291,-23.15336804207272,-23.262476341939315,-23.54559278763625,-23.51101760242571,-23.70787413071212,-22.99015178237644,-22.85246104135524,-23.73721842318611,-24.474725753469496,-24.966033600871945,-25.309298094291645,-26.079469397769557,2
023057.39-010033.6,0.649,-23.165604344304327,-23.17066837493822,-23.41651013360786,-23.4401727091846,-23.562091736732548,-22.57416432459541,-22.93378331622689,-23.86428908905509,-24.24080196129425,-24.968542739561997,-25.279586001762272,-26.078229710215368,2
023129.50+263619.7,0.507271,-22.504591956635373,-22.648667637821152,-22.85551757933294,-22.9588521627283,-23.19839000059654,-22.091554721770056,-22.43322449854736,-23.50118078144789,-23.845018181680903,-24.30475340819646,-24.762795155165737,-25.45567426233989,2
023204.90-010511.5,0.733,-23.69503638910358,-23.72269126020204,-23.951961234142622,-23.95344373039634,-24.04388284604075,-23.184132186224016,-23.644466922258367,-23.771835546964574,-23.80530332462088,-25.0856064475112,-26.255175434613573,-27.10382102044109,2
023245.85+042628.7,0.569187,-22.57686540002293,-22.801285999646595,-23.04108601734721,-23.072999280871635,-23.35419362680669,-21.681765745844157,-21.955985474983205,-23.6071010937203,-24.20680994018048,-24.38732525488401,-24.80955363719465,-25.477533075987267,2
023418.41+042322.7,0.669495,-23.62656991507923,-23.901604426228683,-24.213783391579792,-24.3408824502912,-24.445423944815253,-22.426988174070065,-23.028645239211663,-24.33137471241793,-24.733385027914032,-25.186514644839207,-25.856979748354075,-26.63694668078089,2
023450.82-021711.8,0.661158,-23.28856885317776,-23.575072649310087,-23.845362794134207,-24.02708950143646,-24.181229600221364,-22.7631499242951,-23.11276443678123,-24.267237335790583,-24.658333282053523,-25.05566146435525,-25.64734913328733,-26.45945905953661,2
023519.45-034714.5,0.378064,-22.842801200872792,-22.96897883246255,-23.16233627847503,-23.305721869576047,-23.61357867772801,-22.7654163467167,-23.00561581004566,-23.73648966882706,-24.3225394039166,-24.826915706753297,-25.319889612354054,-26.150098769119182,2
023527.75+042530.6,0.299345,-21.94163537721837,-22.23027571432777,-22.613590834430067,-22.72447227547444,-23.210856274893064,-21.562578823832165,-21.33929519776146,-23.13049736304564,-23.217734272206265,-23.954012721675404,-24.536672747696976,-25.154932219639697,2
024014.70-033136.1,0.363587,-23.416363077346173,-23.50700705360653,-23.75639241983307,-23.761649757595247,-24.136306413749725,-23.399025738736405,-23.51665635323761,-23.8307578211231,-24.019912937117425,-24.568103172106355,-25.40990876435217,-26.040794008239946,2
024045.79-045053.4,0.574439,-23.874127856092137,-23.990114182400596,-24.237080071455008,-24.278032093164523,-24.48988430648785,-23.517596689114868,-23.617234998277333,-24.383745259209103,-24.906032391538705,-25.400382067094565,-25.656786760018864,-26.425294361773474,2
024250.85-075914.2,0.377782,-23.53494968867572,-23.72163032062113,-24.027474736949586,-24.051394611532576,-24.26269321968962,-23.11655409317617,-23.203274477855327,-24.24249807780317,-24.63585273958889,-25.183806297950994,-25.463193778476285,-26.26166604734772,2
024651.91-005930.9,0.467945,-23.90559097376317,-24.18354343783274,-24.62932169543058,-24.66084768264113,-24.862046263250903,-23.65032366000724,-23.63538446205423,-24.837624581204683,-25.13977624972833,-25.539027490571733,-26.03949881709383,-26.919492059034063,2
024743.25-071902.1,0.352438,-23.50581958193839,-23.64390857624799,-23.81923224315004,-23.857588223298134,-24.11647519915502,-23.45819320747526,-23.56326225193933,-23.88548561427116,-24.2849511954104,-24.957573179318096,-25.38748463338436,-26.100251070560404,2
025156.30+005706.5,0.471145,-22.249042378638983,-22.44493916828986,-22.780312625766012,-22.948854606237603,-23.23916432859445,-21.454087925269764,-21.783892507559223,-23.49521324661701,-24.10550273103793,-24.5804189957196,-25.09019468529941,-25.80656970349785,2
025231.19+034112.7,0.267,-22.17663291589418,-22.296808934061097,-22.615751886334664,-22.76114247777408,-23.00985554455705,-21.929190120042737,-22.22182607024624,-22.67790959460917,-23.1342740276348,-23.513503977723584,-24.471888354373043,-25.092799940454974,2
025432.52-004220.0,0.433497,-22.601154313865297,-22.948501799462477,-23.30666143697346,-23.467003156596714,-23.89589804288798,-21.24918154196924,-21.49073705460462,-23.74114910314641,-24.26919032453553,-24.707957319958236,-25.05549087140511,-26.104151970458613,2
025616.52-012638.1,0.879445,-25.204763783409582,-25.271581968315,-25.47533236870556,-25.490377657039637,-25.57078156342604,-22.4331117854835,-25.06549569466581,-25.771986479731915,-25.961916651421063,-26.205711564149546,-27.126494889050413,-28.06780772638065,2
025910.38-002239.7,0.360462,-22.29792225342055,-22.521298652273547,-22.887564121351904,-22.96127841952433,-23.279097022636886,-22.055299892784987,-22.231748949289955,-23.42410728887977,-23.958635915405733,-24.376920500235475,-24.736196461384637,-25.353231235157693,2
025937.46+003736.3,0.535312,-24.87751235696759,-24.97226661925556,-25.291637035900024,-25.340610104428634,-25.468891794414656,-24.834356923888443,-24.616215596484757,-25.474704424583404,-25.891205707589155,-26.43683136230306,-27.308468321378385,-28.270661480916456,2
030000.00-080356.9,0.563301,-24.66482862401352,-24.71647799664942,-25.089403095062487,-25.18395763681413,-25.394663586436447,-23.918324987756176,-24.136925203184944,-25.16476725171205,-25.499776121355804,-25.94613714029921,-26.917146361529728,-27.80188113809937,2
030939.45-000339.2,0.769001,-24.77070823875373,-24.91752533356465,-25.20426995851467,-25.28572005295447,-25.366729073779418,-24.07864972571192,-24.348764403111957,-24.95849705405273,-25.222174917389975,-25.95051019996178,-26.75593601827966,-27.627517789443903,2
031427.45-011152.3,0.387236,-22.487611975850868,-22.63904314932033,-22.881480454860547,-22.884690553595245,-23.129464821198336,-22.698071874365084,-22.59213887290781,-23.729092008154343,-23.757710004844952,-24.400828869542288,-24.682509580070743,-25.624952071946105,2
032106.86+041538.9,0.452589,-23.69059883346693,-23.825327749505288,-24.010245644065044,-24.063800818976677,-24.35970176733689,-23.31619724889393,-23.089672067159768,-24.55388341382652,-24.93010681009068,-25.46257993269624,-26.03797588557786,-26.883728994650983,2
032205.04+001201.4,0.471716,-23.56584080311041,-23.70147905263519,-23.996391489869303,-24.027092262184738,-24.30815542346333,-23.557737889158027,-23.554345801930683,-24.422505701401324,-24.803989939025374,-25.314719548704566,-25.90000549248849,-26.776991436205492,2
032559.97+000800.7,0.360863,-22.95086179780756,-23.09250709811567,-23.33096870505048,-23.43187323292466,-23.7369798848704,-22.206376208106537,-22.388101825692388,-23.864763495012653,-24.40927218897707,-24.66697078295001,-25.24643557876013,-25.888245572227813,2
033429.44+000611.0,0.348053,-22.82634467935632,-23.126763439533576,-23.53559193898977,-23.623576376549604,-23.79544385599492,-22.583736820187863,-22.625866015413585,-23.57704790119539,-23.87417019921893,-24.41100003852002,-25.30166684393125,-25.93696478169698,2
033438.28-071149.0,0.634592,-24.215471197576655,-24.39846374383652,-24.632084222703465,-24.688218941209534,-24.838716784874016,-22.84345847805312,-23.577451464411684,-24.84364919920329,-24.916354441409517,-25.739689712755418,-26.561971295710983,-27.2979762631644,2
034226.50-000427.1,0.37643,-23.036860395165085,-23.11108281052335,-23.262464890705825,-23.288779248460862,-23.64373331856047,-22.658688106631413,-22.92943487471947,-23.762166962018625,-24.171956469693686,-24.83704687360334,-25.17103915998078,-25.942926805317512,2
035118.00+001256.1,0.68295,-24.86427586371849,-24.88220534860885,-25.20762198191316,-25.272245233317047,-25.354400538538595,-23.871486388429048,-23.896660991549087,-25.232683941728222,-25.62141927920121,-25.73260610380622,-26.34926152247787,-27.252186148034607,2
072109.65+392644.8,0.53,-22.29626143690676,-22.60909769969832,-23.02971977228416,-23.137074068540297,-23.45257466572568,-20.75120757424561,-21.75552135122514,-23.59256920877893,-23.740462571969115,-24.77523601680503,-25.205934493326712,-25.886141305177137,2
073311.47+262234.3,1.405552,-24.134309172126525,-24.28775214995368,-24.54676810013324,-24.63498665818241,-24.750648642265958,-22.64832033566694,-24.497629440544088,-24.781143824711588,-25.112705599715547,-25.922144871616396,-26.272167119993423,-27.193191427269795,2
073314.35+431048.9,0.5001,-23.29419057064276,-23.50596638430999,-23.880072656493592,-23.9348358142969,-24.12456428999656,-22.578630607526836,-22.7790841129196,-24.288598401405626,-24.50981463958798,-25.32219341217201,-25.928836719345814,-26.804198540035525,2
073356.02+410810.9,0.646731,-23.3608491927172,-23.560376195685063,-23.9199091437489,-24.064644635448023,-24.11600724713032,-23.28094896160645,-23.02659839694701,-24.28224041443298,-24.685611019969045,-25.224206442637936,-25.75874474983289,-26.622262551086145,2
073519.38+430918.1,0.627825,-23.548866365067173,-23.826866614155826,-24.252928978267008,-24.404439342841755,-24.611718016319287,-22.98848610099437,-23.217122582539293,-24.09097324100614,-24.68601536942647,-25.02975547129504,-25.775003216721075,-26.65598770369445,2
073658.67+450145.2,0.46,-21.971321724877036,-22.18259103709837,-22.567113182271115,-22.63762603702366,-22.964857462966812,-21.798952749431937,-21.80687645679233,-23.64848034903994,-24.17872945862413,-24.79328423816222,-25.456776081650823,-26.241797831401254,2
073807.03+212729.5,0.752507,-25.401457622611343,-25.407183215399787,-25.79313826735016,-25.988394893459937,-26.050907410832657,-25.237053340151935,-24.977989471873727,-26.09322483282837,-26.43394145599308,-26.93228052742738,-27.74559386590312,-28.774280048700597,2
073844.88+280153.5,0.719749,-23.97101312211532,-24.21026057426701,-24.47435902827804,-24.44053095829693,-24.60261149114666,-23.411795207601028,-23.94037273700305,-25.064983228210597,-25.065058547515907,-25.302549808481132,-25.81879431308793,-26.640860463683715,2
073907.94+254220.6,0.622156,-22.72323405198416,-23.00661475483155,-23.24168016568497,-23.23754400804044,-23.58084092207157,-23.10052963907101,-23.30709268045377,-24.00912747332006,-24.1047034400844,-24.3238157875868,-25.42391397769629,-26.238640511732186,2
074125.12+435605.6,0.662722,-23.67340136243791,-23.785428279965497,-23.9959160208032,-24.016600710306086,-24.22769065543805,-23.38393487014649,-23.21618991060908,-24.287578987476973,-24.74658109845942,-24.81099713701973,-25.72177736472599,-26.51637183374628,2
074125.22+333319.9,0.364419,-23.108598341449703,-23.510555612376013,-23.776435662711283,-23.90039915866274,-24.07162867963888,-22.520493034971,-22.704186618967377,-23.654223790431885,-23.949173035513496,-24.50698050356438,-25.257488023968143,-25.94323494187512,2
074218.21+194719.4,0.657858,-24.15604568014057,-24.382486595557587,-24.70435225151484,-24.6778513830803,-24.855174518063265,-23.47571984527389,-23.734279248216048,-24.357235894783404,-24.928962685896884,-25.2300280395864,-26.282155527586998,-27.00818221426761,2
074311.10+474358.1,0.9337,-24.33935250183691,-24.51263824491113,-24.904628284412716,-24.961593728173856,-25.11349676000472,-23.541850287445808,-24.406556676617,-25.440649798260573,-25.625210887701574,-25.71504995747069,-26.57485054394297,-27.37582615976748,2
074311.36+352811.5,0.302805,-21.601849929632916,-21.83008357651384,-22.304023048737,-22.464917033827906,-22.81420730111316,-21.24970449600452,-21.63867893976993,-23.147492009030326,-23.48957953165931,-23.98578028475343,-24.202495442769717,-24.885695673863605,2
074359.41+185807.8,0.78092,-23.727626803502893,-23.944640058442555,-24.33192504647761,-24.51827690157967,-24.67106322606827,-22.79264358020357,-23.322804759907115,-24.711278289002475,-24.98901019243907,-25.4953970596015,-26.2859093411977,-27.226568982023817,2
074420.77+381839.8,0.413754,-22.975654203185183,-23.15271109197101,-23.303217214078312,-23.30015702554807,-23.577837654040277,-22.651970889994328,-22.661536850965696,-23.32496056924546,-23.85523860936968,-24.28763347973181,-24.586039663554423,-25.297247344488905,2
074455.95+364743.8,0.411898,-23.017809252608743,-23.2126283259176,-23.534045737034948,-23.62919588069964,-23.866795839845533,-23.20523004256139,-22.90901715229246,-23.73579222697145,-23.869683585631112,-24.475248663816767,-25.568516557753597,-26.297472685973148,2
074541.66+314256.6,0.461583,-25.298063332781556,-25.51021687827317,-25.766969234632928,-25.845572582751835,-26.12098442125816,-24.971954449970635,-25.09183044020118,-26.043384230826984,-26.374673640184465,-26.833042872311392,-27.491191332129212,-28.32847882416466,2
074604.90+292250.3,0.546944,-23.23541972819746,-23.46986607050115,-23.88087512425449,-23.946707196327925,-24.174281911699392,-22.650349368182457,-22.845046550475068,-24.1155026924042,-24.60287793294928,-25.0063448543508,-25.58796134773059,-26.4981411413316,2
074641.64+312259.3,1.134692,-23.59660634329304,-23.954943416000468,-24.306388895514026,-24.56627879564939,-24.91982967565606,-22.066573047607417,-23.645623312907205,-25.49583946425716,-25.935774702313573,-26.247338315630387,-26.258904119016854,-26.885161527031773,2
074820.96+340752.6,0.343243,-22.396392575768655,-22.618804163035666,-22.989410785457963,-23.01548111967417,-23.340464404896824,-22.081198357879547,-22.23272536939161,-23.51559104064316,-23.98418869148441,-24.690513066305897,-25.26014169534219,-25.85178338553644,2
074840.52+154456.8,0.469399,-23.89588951088677,-24.06215684510891,-24.41434866537984,-24.334178306187056,-24.525443815254015,-23.527687743488848,-23.567632849739628,-24.48981870472858,-24.73664608683421,-25.35420188538941,-26.100905760550766,-27.0394185636884,2
074910.59+284214.5,0.3442,-23.134858621005502,-23.334363008750923,-23.539471604223788,-23.57734433676637,-23.865629143499984,-23.23496719488719,-23.258067116916337,-24.0398710708072,-24.367384609270616,-24.858917080431883,-25.31890204231897,-25.936255570521368,2
074915.29+343859.2,0.873121,-24.08847720847393,-24.221540502803958,-24.446375180776364,-24.47212770296612,-24.56459735918116,-23.362643618619007,-23.38108714285872,-24.93579302173348,-25.23039731667718,-25.62276835745571,-25.80381460728395,-26.79408195559586,2
075031.38+192754.5,0.425019,-22.853559256495064,-23.147317715125105,-23.567153732437543,-23.72612387509188,-24.10446569222159,-21.787537761498488,-22.52845502146792,-24.774477403340907,-24.989562473757815,-25.357426278575428,-25.62920934583525,-26.37956094829852,2
075043.40+311109.2,0.35909,-22.55170545777395,-22.814482341203277,-23.135347506458352,-23.24285891661712,-23.53549513613876,-21.46429915352532,-21.867633729654905,-23.161929208586912,-23.8767833370402,-24.081388427192717,-24.642650010457977,-25.33026020708579,2
075051.72+245409.3,0.400397,-23.50915143701555,-23.81105214536412,-24.260845428499,-24.295968940634324,-24.48114534200118,-23.19022440083418,-23.57214805019081,-24.549969990886225,-24.9061340939031,-25.447552514360165,-26.54009224735843,-27.29857596005745,2
075053.50+473344.9,0.339033,-22.49501670979867,-22.836814219634075,-23.18474650653033,-23.322377050352927,-23.59975599901873,-20.6827381290004,-21.644938082201275,-23.49779599355401,-23.74825594710531,-24.69651950360005,-25.128058318136752,-25.674646781580407,2
075101.86+335647.3,0.483325,-22.883823225322335,-23.255174432422866,-23.75357765139244,-23.821845774761684,-23.937130279871745,-22.324685909323843,-22.42164630604087,-24.07242744017552,-24.133486248980493,-25.344802795088224,-25.99035784464263,-26.859298562650643,2
075126.39+352557.5,0.323946,-21.20307763367254,-21.14773398842924,-21.45131649350831,-21.652980375270523,-22.06790388496159,-20.59159362104436,-21.800723396985696,-22.516680381258915,-22.62978279158548,-23.644539184038383,-24.50431513347546,-25.134798731705903,2
075219.97+222725.7,0.550604,-21.489253489298196,-21.743692513091105,-22.23742008444841,-22.48512712633864,-22.9200480082458,-20.9888056276032,-21.768701500936213,-23.36642435947972,-23.68480349952893,-24.75311723448244,-24.75940732802345,-25.44018449766548,2
075304.48+215544.7,0.363334,-23.086730235569974,-23.32608814534751,-23.64987807910914,-23.686586707566665,-24.04368930025912,-22.801632419107705,-22.896119407187378,-23.814662378171708,-24.38319200469176,-24.815988717834404,-25.68423115602839,-26.4602829026478,2
075403.60+481428.0,0.274,-22.59510577624993,-22.880943628291327,-23.205926013462932,-23.346141981223575,-23.555218682771283,-22.413367537679964,-22.66441072037466,-23.635976082597114,-23.869106104375494,-24.4448847273594,-25.2274631830407,-25.838000758279197,2
075409.67+512428.9,0.332483,-22.77445157859881,-22.86208389495337,-23.01111170448187,-23.20548513088534,-23.34195182200193,-22.34376460793281,-22.21314580842953,-23.2915764407717,-24.263890923065752,-24.39551862067099,-25.104369838620983,-25.76103530128227,2
075652.50+361511.0,0.713523,-23.16859973818845,-23.544648162616543,-23.997424898425574,-24.225175462398447,-24.355583862879065,-21.41910431062813,-23.06020725420622,-24.56186912490572,-24.961928950873947,-25.58321675893944,-26.746945552073583,-27.74371025800325,2
075730.38+152453.0,0.38964,-24.142015054598208,-24.402894469915594,-24.699013078734744,-24.724152444766563,-25.069414060917687,-23.51892858715034,-23.75689599339973,-24.910888406354083,-25.14540934871424,-25.530907100718508,-26.109385360408336,-26.870254794893302,2
075807.65+113646.0,0.568712,-23.55998644968177,-23.631332106097343,-23.816838505232116,-23.834508560063437,-24.08385382051569,-23.403098276590143,-23.722922245996863,-24.86586904983243,-24.91044866973668,-25.074019916674928,-25.53928700510735,-26.335599209830264,2
075853.61+111944.1,0.430813,-22.593323313488323,-22.660759725159654,-22.977049209648687,-22.9132773752683,-23.1757865366958,-22.173596201351817,-22.52888595593537,-23.17692666204079,-24.29302739597472,-24.617500178100723,-24.90611135479115,-25.641110697339656,2
075952.64+141358.9,0.509222,-23.078561744258376,-23.40394188014562,-23.74987797476455,-23.80703075766585,-24.08907177986251,-22.753001450837264,-22.543728441236265,-24.21346760742238,-24.39770511317086,-24.68012020436849,-25.732111404945872,-26.5064095207031,2
080103.39+495457.4,0.352804,-22.01225757635205,-22.34203980718545,-22.715954333639395,-22.770948495407428,-23.129425679404573,-21.849467661555245,-21.794402669932957,-23.188195648247117,-23.565372953116693,-24.117715437642865,-24.02111909818515,-24.815943119704293,2
080105.34+441041.0,0.470894,-23.748129656369784,-23.95303188377609,-24.30876500820411,-24.392630032158262,-24.623921010097792,-22.928960214997016,-23.11700261987905,-24.742889816855705,-24.82984808231787,-25.51856538882636,-25.90562114849177,-26.636798953777088,2
080117.89+482717.5,0.426885,-23.92685272208673,-24.05905810250145,-24.221538865690384,-24.23263536519165,-24.511999742661967,-23.363993665488668,-23.66374454732012,-24.468071392231657,-24.762208358433,-25.1232257779115,-25.95256430720296,-26.747300665841443,2
080235.89+475134.0,0.409377,-22.58725945492163,-22.803559031517576,-23.16967102842487,-23.27917428246189,-23.5938793108794,-22.22275771362768,-22.34882145714718,-24.05494795287548,-24.51813251425387,-24.60344703656912,-25.3326272259919,-26.213531886566425,2
080241.97+143147.9,0.469824,-23.39088571287145,-23.650762203616896,-23.951659762846017,-23.944817296214964,-24.16117032352613,-21.519905250010734,-22.686085974449668,-23.746195426518163,-24.15152586730077,-24.25919510142488,-25.63075292688849,-26.38432207581047,2
080424.27+441722.7,0.359668,-23.035288348645636,-23.40765317128828,-23.80977847668253,-23.933397485034767,-24.056747332106752,-21.72994141057923,-22.47306672164497,-24.03607165740736,-24.37987490719907,-25.128202981229567,-25.555101637313395,-26.257895053347404,2
080614.13+842553.0,1.0639,-22.82640739286217,-23.74391649601409,-24.201834896300788,-24.08470997764037,-24.586962926703205,-17.11433341122233,-22.474924259970443,-25.536619277784787,-25.55152964092823,-26.454513351103664,-27.376982255752417,-28.4963959286888,2
080644.42+484149.1,0.37,-22.93087208537213,-23.07293683397448,-23.30621345563355,-23.4871844548812,-23.750088459837407,-22.95603200019873,-23.11484694935056,-23.80950923726895,-24.141692362979004,-24.92495889257172,-26.20492506572267,-27.02854323564868,2
080644.65+384318.2,0.345789,-22.49565399290419,-22.5948144735881,-22.831026165398427,-22.888432359803662,-23.214960768715883,-22.449005996920693,-22.46286957085368,-23.122247111380776,-24.159285685752664,-24.32235500974746,-24.893244321064337,-25.627019079195787,2
080647.67+083035.3,0.6773,-23.225474724149255,-23.488902835874267,-23.919025280743572,-24.087074431666487,-24.27551632593519,-23.21251199071334,-23.1848280323638,-24.695215129136237,-24.972239481775077,-25.19288246373949,-26.23245125737335,-27.050450262155653,2
080652.11+564412.8,0.18,-21.74505914878133,-22.19093939431929,-22.598327568946072,-22.75018827679431,-22.78118802434957,-21.03982818727211,-21.40416741059335,-22.82621297444234,-23.29592291329531,-23.710284867197554,-24.85792489674427,-25.4647866044631,2
080704.88+360353.5,0.468291,-23.310906729958813,-23.464011295236546,-23.74644261259766,-23.76162811931246,-23.89743405021528,-23.040737053031854,-22.93300579225118,-23.8480974820604,-24.24821457505664,-24.346934686424923,-25.348877069415437,-26.283591524417165,2
080742.12+412817.1,0.513109,-23.57867240770188,-23.7142313651226,-23.933802958206968,-23.940209991906496,-24.1372761849373,-23.395869577877367,-23.58273882909765,-24.22159928089386,-24.28352669317322,-24.976274497674893,-25.549769124733647,-26.289892098584414,2
080816.70+331829.7,0.767522,-23.77738424336193,-24.028413245150976,-24.47211144056653,-24.686386225330377,-24.80714111380658,-21.71619906216036,-22.888703621705623,-25.18390976474897,-25.331575597738183,-26.090739491405145,-26.41366392227446,-27.39431042889033,2
080838.84+051439.9,0.360614,-22.226407353010902,-22.27227965823897,-22.494413514144306,-22.76634515710037,-23.00526766149573,-22.609442500084764,-22.80002239983261,-23.6227363182066,-23.599138945796035,-24.34498962186881,-24.655796465486688,-25.231478458263112,2
080904.00+075153.7,0.789,-22.507513477645176,-22.916262010912696,-23.199307340864912,-23.3495897255338,-23.558709431091152,-21.667859876418845,-22.666132545622173,-24.384906934644835,-25.166018382063505,-25.12934537665517,-25.618134574121022,-26.32142248536922,2
080908.13+461925.5,0.657,-25.053434302226904,-25.139910733822635,-25.373956197021297,-25.546442917398025,-25.635430935257325,-24.74326097376092,-24.78955606238124,-25.65402531561976,-25.875672670477453,-26.575800645651555,-27.31665918258417,-28.348826642670183,2
080941.05+352401.9,1.042,-24.905181816469668,-24.895688024193955,-25.08007195040945,-25.140609038192025,-25.309414207191608,-24.074975060365443,-24.83095557515221,-25.39033435193732,-25.664374876237183,-25.97880166882843,-26.807318895426096,-27.49971834633872,2
080954.38+074355.1,0.6527,-24.8199994387234,-25.009065727984627,-25.345778716735413,-25.385131935375632,-25.506039943179232,-24.684777524562204,-24.764478301789485,-25.3589024932384,-25.664153922728133,-25.78783601342951,-26.51199864254884,-27.322318327358243,2
081025.94+410000.9,0.671906,-24.106444292119324,-24.395570989098665,-24.798854683130585,-25.028290627026955,-25.131068306847805,-23.834639019875524,-23.608514316529387,-24.957678902701375,-25.31607835448351,-25.60147383653743,-26.722832380338115,-27.544382849009303,2
081054.73+501319.5,0.322639,-23.4828193065356,-23.48665403280888,-23.669352789639174,-23.759278883075943,-24.06143066292257,-23.014700971951505,-23.17629279006122,-24.17284385248013,-24.526269571744496,-25.141580233831405,-25.76871679021855,-26.36774485555001,2
081100.60+571412.4,0.611,-23.458676051572976,-23.762129081525718,-24.10113121028675,-24.115367111572727,-24.25833417413132,-23.669181777132717,-23.67945159265413,-23.99402398920077,-24.74953563986821,-24.797648324705357,-25.828008761716173,-26.765076308273056,2
081335.58+280901.8,0.380757,-22.30737333600512,-22.534767501022948,-22.898607463436036,-23.05198404770841,-23.221764637247546,-21.425905589025135,-22.082484827490138,-23.658750591564512,-23.91184809848249,-24.50161070257734,-24.800610286274225,-25.4560316299304,2
081422.12+514839.4,0.377007,-23.27215247823402,-23.385753925861486,-23.594054044526413,-23.663605793795824,-23.919306893311852,-23.128782997979663,-23.0495600993686,-24.11136021667063,-24.572819330244634,-25.0383032283183,-25.343698643667064,-26.23003544474237,2
081446.27+223645.5,0.325857,-22.33255370870886,-22.50837548477227,-22.963974366355227,-23.21512574757116,-23.409021930408297,-21.854249527178297,-22.032107537284336,-23.900871070063104,-24.25219402394074,-24.781079675925746,-25.288325685164757,-25.767015252822137,2
081503.12+230304.7,2.401,-24.725270121327675,-24.75433320180966,-25.1581907315698,-25.316213201190457,-25.526231927312107,-23.02968414705121,-23.577391252355444,-25.887004024461064,-26.688634211361745,-26.93487142176469,-27.017389157807774,-27.76814957685064,2
081522.84+134834.1,0.882817,-23.961495164242702,-24.072080273866813,-24.497432491415577,-24.54361637164805,-24.523610074127635,-22.77370220198165,-23.880570281551627,-25.105546077276813,-25.1467079943809,-25.111431415013488,-25.919422517244588,-26.724772444481893,2
081528.88+333254.2,0.482156,-22.936153060786456,-23.199193157803798,-23.485033584296357,-23.576019918621505,-23.73373486532105,-22.79199624616333,-22.9986678666816,-24.190412501524463,-24.49594548048024,-25.080768745094776,-25.911000882958422,-26.806049799818062,2
081558.06+501232.2,0.599978,-23.256780789701423,-23.680190964241145,-24.17766075032165,-24.429971680729256,-24.620880498293243,-22.64952777764756,-22.84430041924119,-24.67643714785988,-25.2412880994898,-25.664915971718205,-26.279236138794975,-27.163971125654378,2
081559.23+274107.5,0.398,-23.46965979586925,-23.574570655553355,-23.705507245473655,-23.734058417240583,-23.961559372242498,-22.424544968664943,-22.583749950800488,-23.670560159099157,-23.72774742188537,-24.471487977583624,-24.81582872884472,-25.61562182933736,2
081724.18+292538.7,0.74163,-24.173239385899567,-24.2369318629251,-24.51733692173044,-24.501160372883824,-24.639726826181025,-22.737285002275293,-23.36124250654585,-24.67143567421078,-24.889050882670077,-25.39165586019695,-26.019592580227695,-26.67293196998961,2
081842.30+222327.2,0.905124,-23.836684358089663,-23.945535751164496,-24.313303928949654,-24.44745645212704,-24.6570803437265,-22.49190952417792,-23.83179327111156,-25.057493080655338,-25.41344326531426,-25.515508599983228,-26.22915783418501,-27.147737099456588,2
081931.20+334837.5,0.402546,-23.486742404468117,-23.872173397394217,-24.326417296087158,-24.431749921930603,-24.825438583162324,-22.414028120019417,-22.93005438951437,-24.916132102316247,-25.36803292936129,-25.94135718831845,-26.76005281638088,-27.55954649161325,2
082024.21+233450.4,0.470563,-23.66415609006133,-23.80609902732895,-24.115199534492035,-24.09879397264761,-24.323393768099653,-23.37627687032341,-23.3653209777864,-24.185442781252583,-24.789488681586697,-25.216090487294345,-26.00157835349848,-26.682355168743992,2
082045.36+243152.9,0.651938,-24.63171474757452,-24.779256144075664,-25.02518127586848,-25.05824818933346,-25.104877658394496,-24.29363658320302,-24.25661889341432,-24.868530784674984,-25.063946147840383,-25.42438563159195,-26.442631038952097,-27.327865619282942,2
082104.80+142330.7,0.894075,-24.0349773203362,-24.176990311512156,-24.47280189718639,-24.546267987483724,-24.67865586946619,-22.756997762670974,-23.91423840705741,-24.899440768358776,-25.162115467167794,-25.619940039974374,-26.119339076926963,-27.005631940205948,2
082148.23+555916.6,0.368856,-22.813041948561136,-23.043186755191904,-23.37956699318244,-23.40194927184621,-23.643744217054472,-22.671055739034077,-22.68650235891664,-23.4830412205736,-24.00085978143897,-24.74798847836309,-25.407331057557727,-26.17281958231909,2
082152.93+582122.2,0.3086,-22.33506051932537,-22.48591081600892,-22.54406761940802,-22.80780970839564,-23.048091892894064,-22.039922225970503,-22.09635649375018,-23.22567224439653,-23.534419490458347,-24.014074844353093,-24.54237230952607,-25.271109176500197,2
082301.12+132716.2,0.5136,-23.280733746218285,-23.42015003895749,-23.65879387089914,-23.71436688119911,-23.8604098167674,-23.238219337747555,-23.05048617541394,-23.874758795285747,-24.519110163403404,-25.301531578640606,-25.92127421502633,-26.86527499978857,2
082308.37+512330.6,0.359,-22.0235899045133,-22.25892567939936,-22.65070830590746,-22.82200349362541,-23.01986457071912,-22.071752712637352,-22.271363395937097,-23.604371123482306,-23.817315758136093,-24.281196905636897,-25.00000819629929,-25.63647394623496,2
082329.15+473205.1,0.62808,-23.51591266328528,-23.748922778195883,-24.108089511904797,-24.172058560952262,-24.386226988464777,-23.220294820946425,-23.16999766233018,-24.462491350699608,-24.689030286574248,-25.27615702284693,-25.96157188262948,-26.77666966870614,2
082456.93+215539.4,0.339,-23.102810705160103,-23.31430661928346,-23.7143954763063,-23.84456003404878,-23.981922036872035,-22.78078614993934,-22.998831558769872,-24.001608328108844,-24.439926275747823,-24.72222195507538,-25.11453780089504,-25.792925954760022,2
082531.78+345751.8,0.406199,-23.481282098847583,-23.632301633804836,-23.945477392154068,-23.88709293045093,-24.099251917578112,-22.227379597566216,-23.17271087384829,-24.092150970548136,-24.77888966940715,-25.313954019760104,-25.99141325418338,-26.807110495439048,2
082621.52+242817.6,0.300822,-21.533712456707853,-21.71848740855038,-22.03453321022953,-22.23642809948712,-22.526041107895335,-21.106478587803387,-21.145132748506192,-23.138223627841786,-23.807968409270103,-24.401813206718654,-24.474134761046592,-24.973166052205787,2
082633.51+074248.3,0.310655,-23.382648493647523,-23.66399347687953,-24.059905444548004,-24.17568832614111,-24.27288429301339,-23.229542900630147,-23.25786431078545,-24.3239583075853,-24.8188411611688,-25.57490848489496,-26.386078058004305,-27.027524505529723,2
082658.56+190921.5,0.428178,-22.644996635811545,-22.8442636727007,-23.004914266820283,-23.123787809483066,-23.53544154583137,-22.788946952019163,-23.02150465201561,-23.60791390499653,-24.195511600289457,-24.296903923049467,-24.87040094677769,-25.712067008877764,2
082732.41+121014.1,1.0698,-25.019455118244192,-25.226808543306817,-25.577732670501742,-25.735089150790834,-25.977200088750205,-23.84287967671827,-24.873371658692587,-26.41711959920498,-26.27592596622325,-26.883963161014677,-27.91658688872526,-28.83500317728467,2
082758.52+233302.9,0.302139,-23.81811683556116,-23.99328578881163,-24.2029895513378,-24.24170621040525,-24.463337935625333,-23.83320349074163,-24.025618568331748,-24.561714021359503,-25.0666950191831,-25.60420936400369,-26.257518570463645,-27.00155720104492,2
082802.14+514930.6,0.355,-23.425405571476723,-23.636926864704986,-23.79548028473267,-23.87880687001884,-24.10016286602661,-22.66005602100142,-22.72379478139837,-23.902625623213645,-24.416373793370354,-24.961528045286563,-25.106842805532583,-25.880088716252533,2
082958.79+513044.5,0.342442,-23.937580230694223,-24.161960820982294,-24.44723067912798,-24.47955319307704,-24.82949060338395,-23.70836282197792,-23.730773127068392,-24.695485425050872,-25.1822384071478,-25.759343416482228,-26.506896793431903,-27.18427510777237,2
083010.50+321352.7,0.522184,-23.09176073859728,-23.29020601622581,-23.72564324951265,-23.846330763465016,-24.000508351084505,-23.095489215828383,-23.08267518980638,-24.057979430250334,-24.756896395392417,-24.77580500486888,-25.67605331465157,-26.571886114570358,2
083052.08+241059.8,0.94,-24.678561138237143,-24.884058834003124,-25.302188477331164,-25.54275260748596,-25.763075961852124,-23.32574292217687,-24.064427156073112,-26.17150053932623,-26.596220878289618,-27.036643774982707,-27.44432457153478,-28.28274994973894,2
083109.39+143448.9,0.5656,-24.316276141691944,-24.40686865043852,-24.65305470074753,-24.673608587439347,-24.793660177771933,-24.16691553016999,-23.810106311569463,-24.943174440818016,-25.498202372420597,-25.828399913811243,-26.6416220325946,-27.44874674600597,2
083111.23+123107.8,0.6776,-24.015967571298727,-24.134323178376256,-24.44017481587825,-24.473455863756683,-24.58559207076938,-22.69304221307865,-23.14966530790892,-24.614963506786943,-24.906800483418944,-25.00227250384504,-25.72118032155373,-26.719216610034835,2
083111.65+345927.6,0.438031,-22.77875543638436,-22.96261756136913,-23.296058759525906,-23.323102461073965,-23.62982933802327,-22.7819124181192,-22.666388230205698,-24.206365000527587,-24.432339483487134,-25.065245546462307,-25.07953380334702,-25.928697965496696,2
083115.89+423316.5,0.932051,-23.78218033038859,-23.878244650009663,-24.21113683409699,-24.378600159482907,-24.55523372029521,-23.037176525751683,-23.694871946816185,-24.59807147060889,-25.12780185917533,-25.455889156612518,-26.186416086957863,-27.003207579641952,2
083133.68+213743.4,0.589635,-22.78199741801817,-22.979948142848844,-23.46057961788904,-23.596677785623623,-23.77919789229264,-23.00452872952856,-22.77322889808402,-23.725943252598096,-24.447466668737885,-24.44586759513068,-25.68334680438608,-26.51351814160624,2
083212.88+105618.5,0.4544,-23.04315330961941,-23.34724034468896,-23.53560132561879,-23.67715577718448,-23.9539831800352,-22.91659968326549,-22.855214170873207,-23.853524466301536,-24.226061630474565,-24.711739303981886,-25.488088231325296,-26.42241098075662,2
083236.13+240209.9,0.749502,-23.47751873742113,-23.77485369521726,-24.06258500255285,-24.10760385751107,-24.25575655599301,-23.06393121177128,-23.64842017113633,-24.686370327355924,-24.91266007203948,-25.18549097822943,-25.602801621522403,-26.42917032733936,2
083250.69+281316.2,0.826,-24.63810383374642,-24.74730165612981,-25.02024704990653,-25.099321106928905,-25.150325415696404,-23.282786155922427,-24.12833600646706,-25.01324219626911,-25.64664442727762,-25.6337080607276,-26.39442119065862,-27.22408634792269,2
083312.40+401121.1,0.438506,-22.49023317847012,-22.85333520148108,-23.348347537818825,-23.384145146384025,-23.634813387182437,-21.743404328526587,-22.18132261563562,-23.79387991259748,-24.352696149502737,-24.77800928230789,-25.412446310272507,-26.212854512445876,2
083321.04+390143.0,1.001607,-24.07294704911715,-24.37390734015053,-24.83346730455956,-24.79184167561401,-24.9117212023146,-22.760300469834245,-24.43018793722888,-25.241704860479285,-25.4962428371635,-25.653340224703054,-26.613378758696417,-27.45941359715285,2
083331.02+281430.9,0.489348,-22.84946347822589,-23.00178297461049,-23.31334258583125,-23.36944948565328,-23.622447838888892,-22.73518530463462,-22.584656266641744,-23.884541664270564,-24.124559394566877,-24.57377368908561,-25.23798779412763,-26.20915310547237,2
083332.92+164411.0,0.460688,-23.49640634580953,-23.68090032646072,-24.106483386617576,-24.10191183037786,-24.337240609925217,-23.11764764088841,-23.207327738075374,-23.99373271350134,-24.599252751569807,-24.677846081663237,-25.53492260428188,-26.468319665030684,2
083413.36+590301.4,0.308,-21.908734238469474,-22.182553695300506,-22.486412251424174,-22.57050032863215,-22.84865147627496,-21.840057039998605,-21.77935186498776,-23.328355314589096,-23.610234570853187,-24.14985151514332,-24.52353403105448,-25.2258937922219,2
083443.80+382632.7,0.288,-22.486623832216686,-22.683449182141526,-22.92743672548229,-23.02014969784583,-23.344991842660445,-22.411458377465397,-22.628482008024456,-23.50335131088045,-24.000394631839985,-24.537853742252043,-25.03388113511379,-25.70756047510424,2
083446.95+371656.0,0.5741,-23.65268821031574,-23.766600426844,-24.192784169876013,-24.279607219396087,-24.515706582687837,-23.819690033837148,-23.51552680929879,-24.40423277952512,-24.932438928457337,-25.20100206488402,-25.956711367876668,-26.879504387452343,2
083510.36+035901.1,0.49202,-23.41129058214098,-23.655182491299215,-24.00081070483902,-24.097663301481724,-24.26142226713669,-22.76414696772822,-22.975892582575923,-24.297398761581707,-24.8606164707014,-25.44411706914253,-26.05499925016508,-26.94558225951369,2
083535.80+245940.1,0.329726,-24.113569037867933,-24.38784172517261,-24.792788713434536,-24.83913471964479,-25.058584361052016,-23.51775929651744,-23.87431623931862,-25.48208857584927,-25.88687779410622,-26.51149329743369,-26.869716652030384,-27.56039856665196,2
083643.57+072905.7,0.580425,-23.76257583285097,-23.926875499219783,-24.078016502230604,-24.07982845673621,-24.219196163169865,-22.38045124764158,-22.99086255521589,-24.2636313882538,-24.857844343229655,-25.625408377167656,-26.154203072134734,-27.06118464104117,2
083717.89+191648.0,0.293678,-21.43535974488342,-21.65287270284492,-21.96323682444494,-22.18760129345548,-22.57883350560849,-21.34482224717419,-21.756253171581363,-22.6047299496551,-23.121894004296504,-23.365757617841137,-23.914779504672367,-24.61669075141109,2
083748.17+314239.9,0.347339,-22.651897351151284,-22.95296964266679,-23.300884499308903,-23.363670058557755,-23.63802805453092,-22.192783879460443,-22.31127137462267,-23.7143959043795,-23.96830667899026,-24.382282466770967,-24.718494768966405,-25.46242870479643,2
083817.01+202804.9,0.362081,-22.20836903424325,-22.376948670164417,-22.62694207789426,-22.737228152126296,-22.907135769548614,-22.152340897588505,-22.46906354083608,-22.580645876801924,-23.60046972368928,-23.793431052365275,-24.79834241533313,-25.34667743262753,2
083856.38+102200.9,0.5925,-23.41986576305055,-23.637559694307104,-23.910087863422604,-23.931172865781143,-24.061975241645275,-23.857470819984503,-23.708634038106425,-25.41755618212865,-25.457474477209168,-24.90712074487817,-25.29079428055096,-26.150683859362893,2
083954.90+111759.6,0.46263,-23.239177956932508,-23.364374713656478,-23.653040436374532,-23.630282864973207,-23.845855259877663,-23.031815212601987,-23.11334949023544,-23.604713292592013,-23.972187634720346,-24.1589673894362,-25.41567760472366,-26.129450426069315,2
084021.91+101723.7,0.5894,-23.544488193910738,-23.75144648461356,-24.13520024341558,-24.27349762334357,-24.42434809658696,-23.634636186279117,-23.46448693560404,-24.47043023306735,-24.7838218876557,-25.292517251204664,-26.03002507535485,-26.95548433935263,2
084058.64+412520.5,0.693141,-24.619843265293976,-24.68598500782604,-24.976847976792808,-24.93640057954937,-25.00902730461445,-23.297978925149067,-23.74141073269407,-25.01906422807367,-25.04843661822344,-25.49176223659159,-26.10261864893722,-27.05500645240793,2
084142.32+474550.7,0.746858,-23.41785545448029,-23.739776339137787,-24.018200012245373,-24.080861746952397,-24.239053985809715,-22.829518215526274,-23.16781419706458,-24.736857626176526,-25.069017570887517,-24.919542780322757,-25.56922691456142,-26.34905550960448,2
084143.96+130356.8,0.5049,-24.468328113683757,-24.756093247299912,-25.159251304071564,-25.25549714160383,-25.43156383630785,-23.62657249059307,-24.14352760394558,-25.337086973746626,-25.704681222907144,-26.37872079039927,-27.1836639837945,-28.049084846230645,2
084224.92+514501.1,0.797392,-24.37661015209564,-24.36219685160217,-24.5435043826002,-24.629362370492597,-24.709861507065767,-23.54906328440918,-23.763075195587398,-24.91888443972164,-25.23928574004333,-25.82097164764964,-26.18752701653211,-27.05794202560485,2
084230.51+495802.3,0.304944,-22.59409917821135,-22.668287269503715,-22.89211383961761,-23.035786925304908,-23.18436218502565,-22.59642717918528,-22.862429967773867,-23.285789712235665,-23.879887397724644,-24.393610780270755,-25.101139369276737,-25.61757452554889,2
084252.54+342333.7,0.469257,-23.39191363028183,-23.64837080609782,-23.81039677677229,-23.721011761272266,-23.89473363113214,-22.8940186592752,-23.289268584177343,-24.1812871248652,-24.443909497682764,-25.121798004418192,-25.594527936107536,-26.57774422914797,2
084305.35+132317.3,0.508505,-23.256547233544214,-23.37991150512437,-23.77123512132455,-23.84988460219568,-23.99377156908595,-23.005946234501543,-22.961790626356333,-23.730900224980356,-24.09972964294417,-24.835484833281445,-25.90706686346856,-26.8234515083515,2
084311.38+405027.5,0.409473,-22.76446116512213,-22.967338006332152,-23.16582937665423,-23.256556511864037,-23.50036265131883,-22.357305996508227,-22.68513072037347,-23.62142006340449,-23.815992586297945,-24.559252343622,-25.168704046101883,-25.949512150909413,2
084433.01+380135.1,0.343726,-22.162044698658683,-22.505343803966696,-22.91005904893398,-22.96122433689968,-23.29034174127,-21.633447789723157,-22.083042176864467,-23.310241047585777,-24.036012468865447,-24.4095404887088,-24.919679798487845,-25.608080213351627,2
084437.98+412432.5,0.517221,-23.014029004302657,-23.306437555437025,-23.556693915257487,-23.72678115894741,-23.924527614629117,-21.038069452320286,-21.69320923441688,-24.154321390615085,-24.64410978636056,-25.49480944493735,-25.810944969094358,-26.551730012770644,2
084504.21+542611.9,0.303399,-21.73216178790937,-21.80581076430251,-22.05136614680234,-22.193615082690627,-22.301792178005105,-21.070705852754315,-21.763350855612185,-22.52869579650701,-23.13851738418919,-23.511898421912687,-23.921818800438608,-24.631254809005384,2
084536.09+273847.3,0.571534,-23.069701319740386,-23.267487733838863,-23.527015969507115,-23.566766014895396,-23.824741993095117,-22.974870509289342,-22.72149772983031,-24.06808081397945,-24.060663592101555,-24.666710610761225,-25.27364206779266,-26.150756505004228,2
084545.94+263028.5,0.840479,-23.5663233040502,-23.716022843353965,-24.06370148530573,-24.203225727558145,-24.375487506967985,-22.695221655275738,-23.357577038705053,-24.74212041458348,-25.036585682169555,-25.351101009686367,-25.951270562479987,-26.851160197423702,2
084557.21+213615.7,0.707994,-23.445864325115803,-23.710993338382337,-24.143821692830816,-24.190790484916946,-24.360338741263774,-22.6182006349404,-23.00321255598525,-24.31585040094587,-24.64361581143794,-25.295700507214747,-25.31872692570956,-26.126922094322367,2
084650.29+492212.0,0.494,-22.4882174921923,-22.803162467847308,-23.247329714450984,-23.349309423509396,-23.53308952241169,-22.08610450262724,-22.069653298591074,-23.638605922185324,-24.07684462818004,-24.548923820355306,-25.349530986786803,-26.15452425154388,2
084707.38+571617.6,0.4562,-22.393110283763487,-22.678711972674893,-23.145262661122217,-23.171491418516364,-23.403351935358355,-22.13763517645172,-22.02839363852373,-23.376684641305125,-24.26246257810733,-24.65910058909732,-25.411542238703746,-26.2131165096154,2
084720.11+420250.2,0.351956,-22.291769168788893,-22.46639858451219,-22.662979274370397,-22.716287965114635,-22.993052676553354,-21.835553762540183,-22.0082522613557,-23.18420508843093,-23.68411276153302,-23.82054093786624,-24.236170914314386,-24.863545361231115,2
084746.06+383139.3,0.313992,-23.35775632896364,-23.65363780018384,-23.975130219152085,-24.1027807581144,-24.363234422353973,-22.800421202279804,-23.016041348452724,-24.03870499734847,-24.31944971699994,-24.7921420880026,-25.44009032747189,-26.14549045269545,2
084746.86+230914.8,0.352894,-22.57426552655896,-22.851056553830187,-23.3032280812126,-23.43501927238577,-24.109914059470547,-21.436206196252712,-21.96958611516721,-23.89827155978903,-24.60445529304148,-24.87798888868292,-25.79037531062598,-26.54775984398377,2
084748.42+315713.4,0.734888,-23.459521274136332,-23.661861753404903,-23.95035304027533,-23.923994930720877,-24.11552195486008,-23.66387940218785,-23.971820369976157,-24.468703797295014,-24.69260283988537,-25.11025670284501,-25.765633295969906,-26.600177393438827,2
084849.61+111729.6,0.6713,-23.482409194464847,-23.670798921610597,-24.05955864415319,-24.239370790567936,-24.403617986071566,-23.406686429922303,-23.248106681041516,-23.84060963287753,-24.616200690991835,-24.767665721061917,-25.76417627041252,-26.50171366577317,2
084902.60+300235.2,0.6611,-24.90798143254381,-25.08307798464232,-25.39854558195524,-25.42293926723513,-25.468033558637448,-24.77339340053817,-24.8303591944982,-25.581349828072597,-25.89954409625315,-26.309429525851275,-26.929217026363588,-27.889292777158865,2
084931.22+561938.4,0.362043,-21.7753356530486,-22.063334564805416,-22.523671787584664,-22.682815914463948,-22.82310890084453,-21.52112430527527,-21.522423663809345,-23.367012895263983,-23.8617552656965,-24.008509384848093,-24.6347244258619,-25.244771293217447,2
084959.50+431646.6,0.692488,-24.501567675186084,-24.600530052025928,-24.9289038295537,-25.054791980381932,-25.20933175006573,-23.684762698538865,-23.808738710330317,-24.92516070071803,-25.35352729572816,-25.51468196786909,-26.096532489152267,-27.009531053922423,2
085045.78+201433.3,0.695768,-23.38738915909901,-23.604186588629027,-23.89346050811301,-23.9125011022407,-24.022527988908603,-23.17747631447339,-23.374445904359693,-24.263406863800093,-24.925937505862144,-24.95283344645321,-25.40091829507777,-26.171963753087653,2
085051.97+083026.6,0.663508,-23.168844221891312,-23.40680776826711,-23.77823391113906,-23.918733929955003,-24.04900614573725,-21.144344981621877,-22.40524979619121,-24.446068676724725,-24.60699806099552,-25.277872929639333,-25.937804517593648,-26.862313088717503,2
085102.97+512442.4,0.406,-23.05144728850118,-23.281756771384742,-23.695945265980104,-23.75394439987504,-23.926438047987727,-22.82999147514527,-22.99637769653331,-23.94332070761037,-24.186315712954343,-24.74011870175984,-25.68183971401488,-26.435850513699155,2
085116.14+424328.8,0.482549,-23.489100931610853,-23.508902737265508,-23.86300352544235,-23.95626022139001,-24.08873781532986,-23.38089092423648,-23.507029582541165,-24.06384190651447,-24.66318784042733,-25.25295276054647,-25.79970694129869,-26.69486912767332,2
085201.53+422958.5,0.585612,-23.369561964066776,-23.52145627384251,-23.868858048310447,-23.960243946969424,-24.16038753382568,-23.112501206388032,-23.007154115089804,-24.071499821887524,-24.673311666808672,-25.452693606489795,-26.546005349388142,-27.49523676181012,2
085206.43+401217.2,0.435669,-22.56990509099535,-22.78357618735137,-23.266293891776265,-23.340153579995743,-23.438853520766617,-22.174037226097028,-22.64215992759045,-23.24953110066743,-24.13487123580116,-24.43989770132783,-25.45076056731894,-26.232551723625534,2
085242.39+442522.4,0.313871,-22.36898262450624,-22.712328293361363,-22.957804947153708,-23.00229389976819,-23.28279249847465,-21.46291794737135,-21.55430623127915,-22.911440912363517,-23.57161950896085,-24.197645787974288,-24.5685553897724,-25.36763519903501,2
085334.23+434902.3,0.513892,-24.268587238770923,-24.572716118686905,-24.953512815093188,-25.04569431208276,-25.194559676951187,-23.62252769212982,-24.072758613205966,-25.550285192079112,-25.888242652163957,-26.561468013312968,-26.89164501114975,-27.812525906625982,2
085351.88+465624.2,0.760912,-23.609055480763512,-23.76131537872534,-24.064663935452334,-24.04449669420801,-24.16425487538126,-22.924385360177983,-23.539241409850884,-24.44504772677277,-24.807700694003564,-25.03038364344733,-25.69265805851201,-26.631867687783835,2
085501.54+194103.2,0.4745,-22.86350428654364,-22.952164637331155,-23.28770717954851,-23.30953388828188,-23.469584233534533,-21.67354717285237,-21.98158879306475,-23.476515406264195,-24.270501358957016,-24.64807290388073,-25.26173812072493,-26.26578668376117,2
085502.06+083847.1,0.702574,-23.14357560932429,-23.40291486695344,-23.802772841572903,-23.944555257827066,-24.075679616397004,-23.075425577141008,-22.917750559007136,-24.5010292465757,-24.755882431863437,-25.36196847894924,-26.045031079763117,-26.778295313590867,2
085502.45+323918.3,0.620086,-24.089470197788543,-24.09729202421828,-24.44971262564092,-24.534466572447148,-24.70420747819521,-24.11058362224212,-23.706390135394923,-24.564817661288934,-24.77796274992957,-25.48018107699224,-26.18219560841192,-27.03991346351111,2
085516.79+150535.6,0.677,-23.106956542556283,-23.44573758399629,-23.69907535378621,-23.74158928338214,-23.925026979168663,-23.55694689567533,-23.50153610609516,-24.2280479016641,-24.72322269529356,-25.153823061819217,-26.15903186012335,-26.81554498188189,2
085559.00+005745.4,0.455365,-22.75008157268987,-22.9864512787611,-23.15519555421365,-23.236297404226203,-23.46033048858927,-22.8426826649451,-23.0000847127241,-23.66245351805427,-24.09166782653279,-24.865465388636075,-25.650129671360556,-26.41115001668351,2
085601.97+210908.5,0.341734,-21.96526626943253,-22.09036313844157,-22.29813171449968,-22.410595544811905,-22.841648029793216,-22.1329146205617,-22.15646974695111,-23.37877973733166,-23.619466827022432,-24.17585606699196,-24.142227248298692,-24.754190146088902,2
085632.99+595746.8,0.283,-23.45825449601869,-23.4630924745862,-23.62898201338995,-23.72989830674605,-23.8844982510922,-22.76386703813615,-23.04673163010824,-23.954260630456183,-24.15599872622607,-24.72872404439361,-25.83332878633912,-26.466525719313537,2
085640.78+105755.8,0.2738,-22.800025765748703,-23.052646277788725,-23.448726847198955,-23.602049302996583,-23.75812529881815,-21.874495752121977,-22.198395333738823,-23.44205465133841,-23.9392204876012,-24.35907757274689,-24.9677657793185,-25.5781583022718,2
085643.71+413444.9,0.757198,-24.1068714433272,-24.177019472913194,-24.437200881802912,-24.31772745314268,-24.555087979835463,-22.798255688092407,-23.29023440612825,-24.67780082698472,-24.90295374176062,-25.38150549766369,-26.09768727168285,-26.851343621573317,2
085648.66+141321.9,0.336011,-22.495486209734644,-22.786211571675743,-23.11485421295944,-23.20004000282563,-23.38011209168587,-22.34498709990413,-22.64169277224534,-23.02561124458999,-23.57357943366398,-24.339081919254117,-25.18452719613964,-25.946661839599592,2
085706.35+190853.5,0.331455,-23.2141639595028,-23.32765104998769,-23.741574621340124,-23.7834345966894,-23.961780139064924,-21.638872478253237,-22.369889544354045,-24.326657071712702,-25.14458895238236,-26.055700640860007,-26.79519995762305,-27.49658856985708,2
085733.19+160017.7,0.832,-24.73621341550308,-24.755141681219552,-24.97962567018176,-24.97600934785807,-25.062640950250263,-23.176167847326237,-23.89691698495141,-25.032757633913004,-25.229793497691865,-25.507065356801395,-26.47944629726924,-27.33966387817736,2
085752.19+462152.7,0.555,-23.912747247631295,-24.050276661739773,-24.28306728504669,-24.29867077926495,-24.52123545327693,-23.424751945969923,-23.519945732113484,-24.62028656006313,-24.93108021132474,-25.4822287435476,-26.125410746337828,-27.061576612669334,2
085850.00+255146.0,1.033525,-23.45043215564392,-23.681554176487804,-24.121106526597483,-24.258181945295757,-24.3937852101948,-21.6744081731714,-23.504930319460183,-25.12023881298914,-25.39062842295822,-25.47863474781165,-25.808820190302075,-26.60024557900502,2
085905.54+310522.9,0.741653,-23.404769922900098,-23.67045814819412,-24.101180360972226,-24.179793622744377,-24.32401948972402,-22.444411524475598,-23.27100752084864,-24.643893880894563,-24.861519946401927,-25.47733850331329,-25.641453049938114,-26.36374311346236,2
085915.65+011800.5,0.282132,-22.713802954072086,-22.765429441838545,-22.928232593934887,-23.066923688043985,-23.201025694944036,-22.73701157452498,-22.8788939296879,-23.401606704086404,-23.938111464880315,-24.25144834153127,-25.04823807391139,-25.63003710522312,2
085919.80+652640.1,0.9063,-24.16786481150675,-24.282600833575856,-24.611374785831597,-24.784050399223837,-24.99710994700778,-23.44982799164501,-23.4356504786403,-24.97688902369345,-25.454252035769866,-25.75175101587833,-26.68427972269492,-27.554824759439907,2
085934.07+194750.0,0.749749,-23.368803378450483,-23.569709888011136,-23.81306902651517,-23.92740013690476,-24.00116317753793,-22.77384230228731,-23.123486053417267,-24.306124528403693,-24.839332905681697,-25.062899389156076,-25.490405488089888,-26.35460833551564,2
090026.51+204158.7,0.704849,-23.695320585999085,-23.85788245175368,-24.163168155097186,-24.40282413412292,-24.508069081581457,-23.369890586932183,-23.44771978812772,-24.788893072441912,-25.0952741493459,-25.846947848834176,-26.90951339781433,-27.875381601771096,2
090112.04+011549.5,0.782,-24.487505142454093,-24.620811602558334,-24.968518418490017,-25.138325836370576,-25.1255749610485,-23.616146492075057,-24.306788297037112,-25.23664623820013,-25.494653629976803,-26.036298475970927,-26.847185867825043,-27.741552660776836,2
090423.31+400704.6,0.410961,-23.699984355881316,-23.80007213399409,-24.102913994373665,-24.037993471492214,-24.17376162135461,-23.561274429241703,-23.60234221132691,-24.28369876891935,-24.641328703494565,-25.288601805402465,-25.942149786341357,-26.74842442683668,2
090511.05+182716.5,0.464342,-22.34440818876284,-22.436598369667085,-22.686113017219267,-22.7880131401434,-23.124566132152133,-21.851852060567023,-21.985605136066717,-23.56346558964694,-24.13762411693889,-24.601589918962667,-25.0927130682807,-25.837687425131303,2
090544.26+371028.9,0.736,-23.16868792300844,-23.444751067350488,-23.927888085862552,-24.157762320325265,-24.367571416086,-23.4249039134387,-23.375119885769344,-24.611433111358323,-24.81388836350444,-25.669421659016287,-26.37816050557249,-27.327343628158555,2
090549.23+270558.8,0.551128,-22.738416314152133,-22.966640960295543,-23.232936791624027,-23.28788404353765,-23.55615158720132,-23.228822607798296,-22.98193076740605,-23.46108588071728,-24.296110660402935,-24.709205055822995,-25.16762160854229,-25.93158416100804,2
090615.93+121845.6,0.6439,-24.162687449193086,-24.291594658180784,-24.61373663887975,-24.624965608761407,-24.728435898204392,-23.63439765794072,-23.79923318915947,-24.6752389865216,-24.989418905866145,-25.59540059089189,-26.13373156261886,-27.01866466829593,2
090820.56+083513.3,0.357926,-22.68135089987637,-22.887768649921025,-23.196535521482645,-23.242198586094144,-23.36831875026229,-22.370610299755715,-22.68902103328956,-23.508030446534068,-23.945910827570398,-24.632951728486272,-25.2606305323506,-25.94061295391568,2
090821.33+273614.3,0.416005,-22.720449169272253,-22.94147728272255,-23.217968382849648,-23.22374659175467,-23.4978672902788,-22.2835035167139,-22.49351535603518,-23.299414172251414,-23.821484873613617,-24.232183035750985,-24.899787564225544,-25.69287354565694,2
090902.21+345926.5,0.574884,-22.99626754618411,-23.48140378472011,-23.77345937258368,-23.92924660056709,-24.110458493585146,-22.28996051517815,-22.691478459031693,-24.345591685710467,-24.66618461710837,-25.318884209875847,-25.93765532001017,-26.954136471685807,2
090904.63+232439.7,0.879486,-23.91569625087693,-24.069939063449905,-24.36646793185696,-24.414768712582237,-24.52848043526617,-23.368167682914727,-24.040844141241077,-24.73052510338171,-24.979353319584536,-25.220446904274976,-26.14883305881651,-27.063175901308743,2
090910.08+012135.6,1.024,-24.61292024701097,-24.717188451099272,-25.083831774243468,-25.2865832630699,-25.495222114347104,-23.754365569390625,-24.448330623304717,-26.33691784042256,-26.751448725674663,-27.31298673633774,-28.13953283982332,-28.805606207058705,2
091029.75+101413.5,0.462765,-23.306820572191278,-23.45648825212285,-23.673120297017253,-23.684087211320172,-23.93663853155463,-23.40953324661543,-23.38061738525572,-24.004861211565892,-24.49056103241538,-24.79477362765944,-25.807091275586984,-26.6124237310171,2
091110.49+260312.6,0.869445,-23.74721270666226,-24.03087465988743,-24.27124604653128,-24.318199666648194,-24.50144799287684,-22.849753774207624,-23.781361500593714,-24.96850105342427,-25.245779790612417,-25.73444009230768,-26.02851078680267,-26.81267446788312,2
091119.16+031152.9,0.720584,-24.33002790106491,-24.425674496547103,-24.671438877827924,-24.74943156337258,-24.813924180544497,-23.673165992582177,-23.796260158080543,-24.93652872101225,-25.365518190233544,-25.387259266746963,-26.38768041104461,-27.356181665654063,2
091120.83+172232.0,0.651998,-23.610976724649632,-23.722949712829557,-24.055848162983597,-24.19297579735138,-24.306195957267384,-23.365749242539703,-23.36128014576804,-24.41989611206912,-24.860318836488428,-25.61265817787434,-25.935175207498112,-26.91368091437368,2
091217.74+245037.8,0.65282,-25.441444688581463,-25.660558651584704,-25.929498182970065,-26.03636845923803,-26.17237684483616,-25.79438409096073,-25.57202384117234,-26.19619987886261,-26.46764925579087,-27.09486339777929,-27.83823006213402,-28.854792536122524,2
091244.03+460236.5,0.447,-22.907669191612253,-23.10134653447765,-23.266555794571303,-23.40960706598514,-23.686387052371416,-22.961363503832207,-23.04795024780788,-23.611356980501327,-23.72407786694051,-24.19778609063843,-24.97354557118636,-25.772548451707173,2
091257.07+275646.7,0.5123,-23.392355965675875,-23.516282403560947,-23.861092141573614,-23.90860353281732,-24.11917549508644,-23.309050063715084,-23.321345374332832,-23.696457961509108,-24.247790174113128,-24.55571894954122,-25.654137468415342,-26.46953244209038,2
091333.66-004250.9,0.426664,-23.035394572768247,-23.269364986789807,-23.555889021875736,-23.6762009163788,-24.07463780011653,-22.02812651647066,-22.494493301920595,-23.87337510933266,-24.22239943529388,-25.00592120327497,-25.32149111650341,-26.16522015632208,2
091354.35+224843.3,0.709,-22.092316350353784,-22.6625292122882,-22.86501537133183,-22.901938737638957,-23.16631054461673,-21.69793499374324,-22.3328048900392,-24.482769320543927,-24.625346375809407,-25.244656571346365,-25.462775683895558,-26.27519516943609,2
091408.41+164059.5,0.598435,-22.76857805445628,-22.97439427475698,-23.27742574093057,-23.36489092142085,-23.54350895706329,-22.41957707772532,-22.756889830352904,-23.94679765172976,-24.431471785943906,-24.55979892715447,-25.139715407555016,-25.99423698479964,2
091431.77+083742.7,0.649174,-24.34793426159276,-24.58741850899145,-25.00494032803284,-25.15532911795016,-25.32278801046383,-24.02449778563339,-23.92480317467332,-25.206010786307523,-25.498794649065005,-25.821607526774702,-26.51692596492431,-27.402061556271025,2
091451.41+421956.9,0.5492,-23.520584888474215,-23.75540656884329,-24.14263755419437,-24.239940734216884,-24.43501073749461,-23.173128157610076,-22.93305450891281,-23.925465927487725,-24.52323169029271,-24.971331394905583,-25.782007651114007,-26.714284340098622,2
091602.61+210616.9,0.422068,-22.300052022603744,-22.59133362278768,-22.970314233452807,-22.98117864349256,-23.22269274420832,-21.63756449529477,-21.90611016631162,-23.285587697961574,-23.901333455033534,-24.53326335393865,-24.80352919118756,-25.707240792727685,2
091615.99+392657.2,0.532947,-23.604625588472008,-23.794966951360895,-24.04997614089389,-24.059134296807816,-24.31626331692961,-23.54129990939141,-23.75185338838301,-24.43539301278102,-24.9037032619428,-24.89224990923203,-25.75987968468371,-26.57228071877956,2
091702.38-004417.5,0.322247,-23.82626032603542,-23.9292903166255,-24.040574092410303,-24.11454132973545,-24.37804386769136,-23.562889878240178,-24.07041860779887,-24.11546145737508,-24.427640616098515,-25.179208178155577,-25.480801804823574,-26.231030709307213,2
091706.33+325624.6,0.364928,-22.25837083758544,-22.92421721281969,-23.491360473467736,-23.599375701644902,-24.03985174880476,-20.8169936647468,-21.57734865696841,-23.865109497541216,-24.22771499934789,-24.90360320947617,-25.8782969451414,-26.66988317066929,2
091715.91+505646.4,0.297382,-21.680571532788235,-21.80065577485536,-22.157281866921643,-22.316084588792062,-22.64580571336725,-21.18626638528027,-21.396448154857804,-22.818434379385774,-23.23845562602128,-23.94283345165488,-24.163218618655947,-24.64245751199787,2
091835.06+385642.0,0.827506,-24.3960236016304,-24.526498809752745,-24.84294178659719,-24.943724315372,-25.00244158798017,-22.92635841339921,-24.111419268350847,-25.09840587331981,-25.62478279337908,-25.7671214355584,-26.45680364028733,-27.43616891426015,2
091858.15+232555.3,0.689826,-23.75555812030069,-24.11299079117254,-24.483047441954145,-24.44367169372404,-24.630585708187517,-22.906949636127496,-23.24889975932912,-25.136937202115966,-25.213772616623665,-25.454524311258577,-25.90355443408506,-26.732927732521077,2
091916.16+205433.0,0.761,-22.02713515227565,-22.52984414876488,-22.77439438230471,-22.83353351440228,-23.303897435171987,-22.53734980349868,-22.69307919718762,-24.68177833992898,-25.067404632301265,-25.531284995829957,-24.87812600807648,-25.60048315774609,2
091930.31+110854.0,0.368786,-23.423363303678716,-23.615681478122976,-23.756299617771944,-23.847752393181818,-24.077713023392448,-23.030500385811727,-23.251033506284276,-23.92869508297015,-24.32069332223173,-24.982731995400407,-25.552983651608827,-26.28531737834416,2
091941.14+534551.0,0.562191,-22.11638739172553,-22.55467829741654,-22.850944875150667,-23.223117058037715,-23.448426249663648,-22.60533435768822,-22.73346477397468,-24.192882477076783,-24.57171186451546,-24.85300292656875,-25.42067959718062,-26.17577495747309,2
091954.28+291408.3,0.721596,-24.091716864723363,-24.185671745864862,-24.48271911825333,-24.553376385201176,-24.594596618492,-23.92328331621388,-23.990369536967894,-24.70899674503906,-25.025927604562774,-25.27084482647617,-25.98341155373545,-26.720831304564904,2
091957.60+510609.6,0.554661,-25.093559303503746,-25.173997660726904,-25.3724040194768,-25.41775938454548,-25.54084794432588,-25.044733332809205,-24.871869491057318,-25.181227878900952,-25.55369391991437,-26.07493479945182,-26.76183506248458,-27.552162898934892,2
092020.79+280034.6,0.557679,-23.382433818714745,-23.58500728915043,-24.02770601817799,-24.13757141554236,-24.331914479041917,-22.601844281234943,-23.086361846321974,-23.866716963250955,-24.1135825332646,-25.22991791647905,-26.108686355125226,-26.956795621040754,2
092024.84+342321.2,0.785,-23.800280137701723,-23.816946801531515,-24.269871711951023,-24.54394246160062,-24.67547140822476,-21.349258882640832,-23.398712343515086,-24.739909006903552,-25.186344181077214,-25.92514490115843,-26.53265858991749,-27.18506443461992,2
092103.64+252026.1,0.451333,-22.374481263422645,-22.50544555183748,-22.74472831593749,-22.929160745370424,-23.263852967316755,-22.422925424523733,-22.392477811096096,-23.563770998460004,-23.84485421766718,-24.15568803312953,-24.577501175262658,-25.32357264539304,2
092145.37+233548.1,1.384,-23.809831217393118,-24.211258582939408,-24.626168291487804,-24.94223083683629,-25.436092852491548,-22.633890541029743,-23.84115073489173,-25.60019080718836,-25.59152414412076,-26.28632675629342,-27.846855416766772,-28.180344463327792,2
092151.23+175855.5,0.355363,-22.10450663405111,-22.370855595912317,-22.91932979413945,-23.05705024512368,-23.20936451276529,-21.03021111791812,-21.69418423441584,-23.176353874417817,-23.870883687186463,-24.39972604515812,-25.282376607069164,-25.989462918730933,2
092223.08+062753.7,0.519813,-23.50077183035913,-23.67127557179086,-23.984510269697363,-24.106825676033097,-24.21271936865006,-23.31142614029122,-23.32475903807884,-24.166373669446557,-24.334732532203624,-25.32317178085884,-26.14114842337539,-27.07157581037992,2
092226.53+162719.3,0.546895,-23.92714223168618,-24.10476988823548,-24.38886771726411,-24.392149752417083,-24.601639347278464,-24.170729716699377,-23.9462374694418,-24.72790254028405,-25.007962202086247,-25.597019609248,-26.077514642272394,-26.934526287126157,2
092227.10+150731.6,0.7821,-23.421817222727626,-23.55028602395676,-23.892555102064694,-23.97880666162254,-24.149663234950697,-22.847557860123224,-23.136725127215676,-23.96058356816868,-24.987544738603848,-25.258075573689894,-25.630973385133696,-26.4136703168213,2
092234.57+204020.7,0.939012,-24.069530166664865,-24.23579858472109,-24.58258117079105,-24.628002716269645,-24.724739105002733,-22.973209961906008,-23.952744099696478,-24.645189859122095,-25.25687032184147,-25.448922399488104,-26.25207740050947,-27.11776770812664,2
092309.87+453046.4,0.292,-22.35257365140844,-22.55202254974765,-22.815551702557244,-22.888697657092884,-22.968400670740355,-22.06948379514096,-22.237638518902685,-22.944643784909957,-23.59814683080341,-24.40846335548976,-25.108025285730594,-25.865873492891737,2
092313.77+150221.9,0.335236,-22.30178430928533,-22.33973047746468,-22.49048324818785,-22.59887253124567,-22.789513715105937,-21.584934989577103,-21.879016278644528,-23.014034907696765,-23.55873612515955,-24.0212156855574,-24.36997442238155,-24.974336500544336,2
092314.20+275428.3,0.869175,-24.068514463905203,-24.180406090255108,-24.410162310428483,-24.359852389987967,-24.508313994444745,-22.43481435705975,-23.487283902591457,-24.815331279484752,-25.25010285578771,-25.251044672058235,-25.96095553739578,-26.710094901341808,2
092331.51+594052.6,0.603276,-23.439022581703004,-23.653086025276952,-23.8734773864272,-23.967668963461183,-24.1222745295597,-22.50534552058882,-23.011721876922536,-24.281820289345816,-24.711863201646025,-25.40393025364124,-25.93633856264117,-26.87139630376517,2
092400.08+024408.5,0.348704,-22.82547633033874,-23.06785422219565,-23.38507835214121,-23.509576781825675,-23.68245488007593,-22.253348947002685,-22.542996121117827,-23.785543282235853,-24.200407855013907,-24.751517280367437,-25.161040743958647,-25.971667597134743,2
092459.28+252739.7,0.268206,-22.324400128245166,-22.41899453131544,-22.58018325318881,-22.782018029961964,-22.92627134331612,-21.844397294115808,-22.039949287492743,-23.228445890354006,-23.370948486950912,-23.953079634531324,-24.47928192163197,-25.08889840274985,2
092514.35+544427.1,0.474082,-24.446233252637786,-24.76629448745169,-24.939032974234443,-25.01167185381065,-25.304872055429403,-24.67614513595505,-24.52418922544604,-25.374276971178205,-25.66344256841404,-25.99202652608717,-26.45143589157076,-27.3021957910778,2
092554.43+453544.4,0.33,-22.72785936686907,-22.961016461011926,-23.227743285715675,-23.317158236811665,-23.52562692606867,-22.91398184359512,-23.01036215626391,-23.42100884273438,-24.01935210842259,-24.33751081553373,-25.582361435257408,-26.210285603489474,2
092554.70+400414.1,0.471681,-23.17233637080476,-23.540609169000117,-23.74465345019808,-23.88708793689664,-24.185910150582984,-23.229917641785768,-23.2235084287135,-24.15272198885815,-24.46078853387941,-24.951902285016143,-25.31210105244266,-26.24862734558676,2
092646.57+281206.5,0.482286,-23.22623298901117,-23.352276603445983,-23.501356155898957,-23.512161989192435,-23.661974043118807,-22.852730132085924,-22.964005808411944,-23.837128383393186,-24.22137120043207,-24.849625773790137,-25.487401893738262,-26.298875717331697,2
092703.01+390220.8,0.696458,-24.778235525791533,-25.01607247649845,-25.397375847728085,-25.374998531540104,-25.524058371812952,-23.441334019473,-24.189337591506945,-25.914150275678196,-26.1282312162318,-26.593248228732687,-27.046099782120635,-28.02454541425647,2
092749.07+403832.0,0.421881,-24.448823491449325,-24.56035687156588,-24.68642907256524,-24.653208774913654,-24.925556464916795,-24.746494821440084,-24.833945965172,-24.705589143980298,-25.31796321456888,-25.92597806487578,-26.85584458689302,-27.667690310559703,2
092837.98+602521.0,0.29589,-22.91513584037542,-23.089871679052397,-23.515525035635896,-23.657916596597875,-23.92538789449816,-22.87385349926069,-23.02548677774528,-24.20691086756019,-24.50645144620918,-25.08001385944988,-25.481692217901813,-26.050524799651075,2
092845.17+383113.3,0.718,-23.73360598004013,-23.934561125442684,-24.33269383738938,-24.39753634014874,-24.556609174716137,-22.672602693173676,-23.063562232822648,-24.84553002407762,-25.18434520074337,-25.15416582426029,-25.90087093166552,-26.746719010488277,2
092939.83+374208.7,0.44163,-24.32835653343705,-24.56046826826961,-24.96534418480362,-25.02652282123269,-25.351173791878907,-23.668429178100062,-23.95294658753704,-25.042139114975733,-25.244935498878167,-25.940843935634582,-26.814663270508685,-27.67447418297885,2
093012.27+265740.9,0.431732,-22.64201545449672,-22.80275639603192,-23.07318048174124,-23.1257580607901,-23.40525149416518,-22.42670151080073,-22.734211157917443,-23.29488785576615,-24.05024084536877,-24.537002774727345,-25.093159070895005,-25.80203365569972,2
093212.81+281001.1,0.361343,-22.258006017627125,-22.58340037100022,-22.99512600818619,-23.074033203332597,-23.318826321086647,-20.97174627701864,-21.440726799512703,-23.51481470578881,-23.832053012790023,-24.47169126380762,-24.82962690832602,-25.525003175655517,2
093255.45+284036.7,0.546672,-23.96856883790234,-24.32765749338336,-24.598322193997024,-24.68865906026285,-24.929896406369004,-23.4242234473624,-24.016459165298414,-25.1413318105683,-25.64946314454198,-26.35543789479252,-27.13950712802121,-28.012129640815218,2
093324.63+222237.8,0.384085,-22.263872601240102,-22.441959431112647,-22.688357794758307,-22.74642942439513,-23.084983931985683,-21.01417818577548,-21.379538448768564,-22.806316082186463,-23.667368942423582,-24.094343171374184,-24.50640116624308,-25.10418668628179,2
093502.53+433110.6,0.458,-25.30009234794493,-25.303264872808743,-25.45828843768666,-25.39753068570035,-25.56180802983324,-25.081989063159373,-25.109183284360917,-25.20706822223117,-25.71334737926455,-26.325188390654493,-27.215699061459382,-28.133430143306903,2
093518.19+020415.5,0.649883,-24.370318823135577,-24.67203694083591,-24.943223131336342,-25.007907650008438,-25.121497074826173,-24.112303718615838,-24.4514192800563,-25.35395980254877,-25.646198252158687,-26.39822953905807,-27.214503334330267,-28.17152985235005,2
093524.71+031130.8,0.36369,-22.292468547300498,-22.50073782905341,-22.76843173674389,-22.89955762303908,-23.26432863709407,-21.964431970184,-22.26488844498732,-23.32130213009293,-23.51614092189196,-23.998175863468585,-24.71042407335828,-25.37881153691256,2
093610.77+475527.8,0.367,-22.593545536978706,-22.6423070193675,-22.854413841721215,-22.90025158294991,-23.196532770191663,-21.921200567237623,-22.24216048240942,-23.686060700093016,-24.03292008988921,-24.52804220612702,-25.018637560113238,-25.78824900745333,2
093636.43+351220.2,0.678991,-23.606736204691384,-23.78241232826439,-24.108758739825625,-24.20108834841501,-24.35853527062394,-23.84774214256297,-23.75849404468075,-24.12307053800223,-25.139541698191167,-25.017767947124387,-25.949359595696887,-26.63100477232079,2
093642.95+551119.3,0.497158,-22.3413353271534,-22.47422143612882,-22.78713218562657,-22.86540521597757,-23.245260657562504,-22.14995100237008,-22.224721574189385,-23.332342812781818,-24.060934424067376,-24.478671223120443,-24.8467306412925,-25.455329154955702,2
093704.03+293704.8,0.450368,-23.42951230779885,-23.543943593656252,-23.836058560399582,-23.82194164535226,-23.99176479083913,-22.976836060504816,-22.975559750322063,-23.64023083573544,-23.93162080153387,-24.488277505333755,-25.218005653579507,-25.98816394990808,2
093706.85+170021.5,0.505484,-23.1702192773612,-23.307985590435905,-23.701856022120012,-23.658749025001544,-23.80035658779408,-23.18325790258604,-23.14789112757301,-23.65079194831929,-24.34884645547936,-24.701202458456933,-25.366177584822942,-26.24936066614989,2
093732.81+543707.8,0.468886,-23.866570999516096,-24.053861371341377,-24.180869776588285,-24.221324239502987,-24.48494754325701,-24.105220513247083,-23.915989473885585,-24.385568117696927,-24.83562418172402,-25.400626240519024,-26.23564499206928,-27.122777676902533,2
093800.07+211659.3,0.384001,-22.950546674247988,-23.172830944763177,-23.69135971641185,-23.73692278057697,-24.38153182719644,-21.530503028551127,-21.901462921948063,-24.35371763193245,-25.072526105732877,-25.67092316298689,-26.326438437811717,-26.97076672859898,2
093803.46+181859.1,0.83244,-24.00385569350772,-24.06541715202043,-24.25534896697861,-24.25781330545952,-24.387294353754715,-21.88589275145552,-23.75942550602545,-24.832272176014943,-25.065519602640787,-25.27309909049544,-26.081074932819455,-27.076325011682144,2
093946.87+422336.2,0.446268,-22.75797530003166,-22.909640425568057,-23.28615991054911,-23.299103219451315,-23.48437863950965,-22.850038423142824,-22.704037105613185,-23.85422903334474,-24.032610167005565,-24.821276071604743,-25.285394897791143,-26.04780297408905,2
094035.47+135752.9,0.5401,-22.02602207252089,-22.485207576476185,-22.986201555489064,-23.13164443402587,-23.507204008683075,-21.771661470895523,-21.934873010821534,-23.57583271374,-24.68357123395496,-24.75190326842894,-25.401559263739717,-26.23538414944213,2
094040.86+220250.7,1.008884,-23.44896806917569,-23.775186382775985,-24.158794782459854,-24.2023136357908,-24.354301775296477,-22.09510047151136,-23.91786195519352,-25.0612069757296,-25.407901376520226,-25.681258984055734,-26.17718799794298,-27.10928441433327,2
094236.68+192541.1,0.539762,-23.70788764729736,-23.83538732767419,-24.32159198770295,-24.45048497060719,-24.56240140916476,-23.395518007528548,-23.287608390523687,-24.676044667671736,-25.04860412073375,-25.537537674131517,-26.44228287602544,-27.2799032213629,2
094331.61+053131.4,0.564325,-24.10347302806157,-24.276251618405173,-24.74872362151452,-24.834975455832115,-24.99079494314885,-23.92710590651398,-23.7501803532617,-24.88393916062033,-25.149619197131297,-25.693075258056552,-26.360523586811183,-27.357849898792644,2
094418.84+233119.8,0.988566,-23.751693055176396,-23.993650597268584,-24.41463128868476,-24.541213009162853,-24.669793108441333,-21.88405319851505,-23.788365012828,-25.24994513706933,-25.58085064512467,-25.899905345219857,-26.38646107758539,-27.124649558404368,2
094430.79+435421.3,0.587736,-23.402411494542683,-23.61574391752879,-24.02835818639702,-24.126153266343845,-24.318349602015267,-23.5290142443422,-22.875361989722204,-24.23699732795306,-24.36405343118125,-24.90091670933058,-25.55860972751545,-26.243108161757647,2
094443.09+580953.2,0.563584,-23.153272693057005,-23.444356526104777,-23.643236108463363,-23.767354687269822,-23.937888171491057,-23.4395924327674,-23.08289312770838,-24.10915882498162,-24.615522194446072,-24.9652813026228,-26.137885501934253,-26.858289749579043,2
094532.15+343513.6,0.335016,-21.865073376547056,-22.13785403819864,-22.611407917054628,-22.8112925020568,-22.98339442257319,-21.296546053946734,-21.661340531846477,-23.30615695068801,-23.852094822878197,-24.099896274470893,-25.112392716682464,-25.73477794661348,2
094549.24+344545.9,0.507076,-23.018037608097824,-23.16313368090833,-23.35002722056962,-23.36894057353848,-23.573818353973664,-23.089751751032185,-22.880445950341844,-23.573665078853644,-24.194264755892085,-24.77628977243738,-25.233462633298902,-26.08678249734864,2
094600.97+522944.4,0.448019,-22.96314644152496,-23.09128965105158,-23.40908978818436,-23.38704744480976,-23.608706855698124,-22.95616674718357,-22.906601867006422,-23.940131165198785,-24.21657355927028,-24.66610423634105,-25.04992944481891,-25.82751980374949,2
094607.30+495412.8,0.754837,-24.14035291578708,-24.31726951273269,-24.658724454029915,-24.84490556114173,-24.87108337270562,-23.94272312423222,-23.816057034847635,-24.72041670117273,-25.227765463250496,-25.69991574048525,-26.41023413400744,-27.461747031374635,2
094610.97+322326.2,0.405007,-23.080302721139827,-23.232692477868035,-23.651523868345688,-23.71074575108707,-23.887197174460518,-22.847017180546143,-22.80291753811022,-24.075355913895606,-24.25149649855913,-24.682504696531552,-24.971246065015556,-25.79227864783817,2
094636.42+205610.9,0.279342,-21.766782630528727,-22.50839852058848,-23.040210242198388,-23.231204491975777,-23.428520293349088,-21.335540350942946,-21.78441986855748,-23.72248974027624,-24.25365415509663,-24.934731680228325,-25.85966006811102,-26.6350246674897,2
094654.26+165242.4,0.3881,-22.48121104587567,-22.667031106545853,-22.88146276996689,-23.01102017267653,-23.440427671539872,-21.56992350539505,-22.060534628261102,-23.67210786931167,-24.317874831077305,-24.71396803935694,-25.203555467048737,-25.952669714464363,2
094659.59+293251.1,0.387223,-22.251044406397803,-22.313326157645207,-22.51804272894084,-22.56453059841689,-22.8970723009918,-21.52347506435981,-21.629545878857343,-23.08499431451767,-23.55037879320428,-23.796269290073337,-24.462689373562952,-25.10336352382276,2
094715.56+631716.4,0.488211,-24.531135441154955,-24.79528149559016,-25.07041696102281,-25.13149839094646,-25.3475383892865,-24.91323027488312,-24.837967180985075,-25.284374173568203,-25.4939507097454,-25.96894433062118,-26.74083767408584,-27.553918035893425,2
094814.03+244626.2,0.468586,-22.04159898073169,-22.31637681884688,-22.775607690787428,-22.93187311591561,-23.1653174928796,-22.42477283713569,-22.22429859427491,-23.652020826880086,-24.040762469978343,-24.423840249587798,-24.79426716816804,-25.54977811581747,2
094836.89+220053.1,0.715707,-23.80819997883735,-24.024935920554164,-24.33024204745409,-24.293779334037684,-24.433545096422296,-23.318122453156903,-23.767742763058124,-24.42177314365357,-25.09205694238215,-24.74699575078654,-25.897198835468075,-26.64783580796217,2
094838.21+184515.7,0.620225,-22.78670423259585,-22.968343902670924,-23.34448270389848,-23.47239373041744,-23.65430478829372,-22.719950743997227,-22.51875680174613,-23.796247653870537,-23.970226897776318,-24.04274872902185,-24.838105867400863,-25.65165381035443,2
094855.71+143307.9,0.9928,-24.350653209752902,-24.418871289607814,-24.703802876758555,-24.79616024922899,-25.0359536745614,-23.666855047093563,-24.18248728085681,-25.31055163914728,-25.37477304851045,-25.64574881530764,-26.661482516140055,-27.465686518892884,2
094930.23+271920.2,1.038068,-23.42005641058521,-23.514756666174605,-23.863323559860795,-23.960828967041586,-24.194211020068835,-22.554777694578952,-23.533601790161036,-25.06394641728212,-25.24194329965791,-25.37274271972628,-25.760304340197568,-26.45934460924048,2
094945.68+632622.8,0.651537,-23.529018051620334,-23.610698170408764,-24.018391059796357,-24.192621861193395,-24.351414696691048,-23.8740190319747,-23.31179378145892,-24.246244040423097,-24.63105283223952,-25.22727339671918,-26.014289061027416,-26.98762743857301,2
094952.91+390203.9,0.365164,-24.13122793462369,-24.227353965747596,-24.42457035204689,-24.43709250252336,-24.62023007012419,-23.766365595929457,-23.88536739626107,-24.323233288864238,-24.858666946664684,-25.298487022542076,-26.0151023225846,-26.76177427546982,2
095000.73+483129.3,0.589,-23.938937665943843,-24.1482893196678,-24.50234706473953,-24.575028989102403,-24.720890162711136,-24.346131548829344,-24.09707813699464,-24.828098879401207,-25.042827261110645,-25.46443555443636,-26.119041358704823,-27.02707723875505,2
095017.05+215022.4,0.454544,-23.4424623996925,-23.495926628867043,-23.716642979319307,-23.69351093642405,-23.87771462891713,-23.19664558279217,-23.11953408383798,-23.985126083669,-24.281964383167644,-24.71226031078496,-25.390887947795115,-26.136760119930685,2
095020.28+573807.3,0.977768,-24.25697485808262,-24.423661159390186,-24.822303355454007,-24.976959170455125,-25.18482504634234,-22.96990914303888,-24.05289224922808,-25.450363013141303,-25.47100053869696,-26.225257879679784,-26.910742441508106,-27.81351077275392,2
095123.92+354248.9,0.398791,-22.846162175673108,-22.9934747228087,-23.15317130549885,-23.21204420473488,-23.49322676633633,-22.33157610938753,-22.342767777898228,-23.760457129319747,-24.03416809484758,-24.17708844025131,-24.710362591375123,-25.50546249601601,2
095155.67+220947.5,0.633852,-23.02495765098718,-23.272147303835148,-23.462456205484724,-23.55237574956796,-23.633144900634623,-23.278255609433685,-23.133573690354275,-24.05627865316366,-24.482465850658148,-24.58732395887433,-25.29257653561356,-26.142739205125853,2
095236.13+205143.5,0.276343,-22.6141989766919,-22.669085700318806,-22.80058503627268,-22.89840701282807,-23.126420343372704,-22.34985511444994,-22.568917749591428,-23.33560401747075,-23.755515513504104,-24.344277318086544,-25.298895877889997,-25.91918838320288,2
095241.49+515848.5,0.41,-22.496653204941197,-22.849934471366044,-23.32507630116871,-23.40289130913804,-23.59037937041043,-22.404190847110065,-22.72218627383469,-23.673755055434675,-24.32684064751179,-24.511392537662303,-25.298890133684324,-25.935597241989164,2
095257.14+050910.3,0.543097,-24.126686281031475,-24.267999127313463,-24.670418394096988,-24.717224309090124,-24.864876943527744,-23.73913989804729,-23.43045302081701,-24.551681875254676,-24.831366071848493,-25.319256767371037,-26.39714490164294,-27.25364945586213,2
095427.81+301912.9,0.533,-23.627457566000515,-23.804801465108383,-24.03605744105467,-24.0296394046544,-24.20746783786697,-23.026160987729018,-23.15861838174837,-23.782869376072867,-24.4206668718344,-24.604298369747276,-25.480972763935227,-26.333637562113942,2
095524.74+284629.0,0.550503,-23.882430794336624,-24.0485378077092,-24.38264529029257,-24.464907737060532,-24.580069017409983,-23.84560205568427,-23.70844109601721,-24.6508880740892,-24.73621408171448,-25.527978986952757,-26.439849618078288,-27.398007205163623,2
095528.39+435734.5,0.465247,-23.6001771206077,-23.7659398478454,-24.109708799100417,-24.1662011299977,-24.446672622719504,-23.361096190397557,-22.81736664894357,-24.44361673746243,-24.82400174383496,-25.257421684261555,-25.817528706216304,-26.52331786170253,2
095623.21+323621.6,0.526115,-23.42792043096223,-23.78041644015736,-24.0673979672145,-24.1447568697558,-24.27040670495093,-23.363114777038717,-23.299175802705744,-24.57040947108548,-25.000991443359887,-25.43940442026303,-26.163253684540607,-27.06923708466413,2
095633.93+562216.0,0.893,-24.07866856269261,-24.26696933066393,-24.51212720628641,-24.61560378607159,-24.852747618306186,-22.7776406592924,-23.629952643265632,-25.02467072418288,-25.31850448643042,-25.701309357465785,-26.512266828470075,-27.422073010948548,2
095649.88+251516.0,0.708,-23.561432813674895,-23.832293367128116,-24.1414704861581,-24.13425779393786,-24.39711932985696,-24.752103768507546,-24.862393326022293,-24.78330781708549,-24.90118911317676,-25.295753789524657,-26.78625118416269,-27.637479090637488,2
095659.17+295043.2,0.551303,-22.9230977176282,-23.19540532697204,-23.59789336787144,-23.737236185168687,-24.064840147988,-22.66801105824809,-22.840603255843728,-23.89282635340985,-24.48743722485277,-25.113932297074992,-25.9930069111343,-26.773360117543557,2
095702.18+173712.9,0.741842,-24.240965591589163,-24.355459394748205,-24.694703363499816,-24.811945232973255,-24.95174165654837,-23.92039592881433,-24.145787756308373,-25.04251773696832,-25.33229267730521,-25.668776586288807,-26.256492050935115,-27.20318324361461,2
095738.18+552257.7,0.902,-23.900409553389256,-24.20239788095901,-24.7543924781837,-25.140162459177212,-25.4145106215426,-22.7924336999715,-23.521303496234523,-25.94693496347676,-26.46002169958992,-26.88418429703373,-27.21820504162134,-27.886102914414728,2
095757.92+302657.2,0.33698,-22.72386246297133,-22.755343021006528,-22.95516075161864,-23.133324253625755,-23.308336620927705,-22.536934621752383,-22.72968931875656,-23.69688360710852,-24.195385102111867,-24.442437482272425,-25.104734761587373,-25.663902126148187,2
095758.44-002354.0,0.59556,-24.26555729726178,-24.458276028993,-24.76740422943899,-24.85265234564103,-24.97391059704919,-24.57786682532477,-24.43276226185007,-24.97187003381708,-25.34966195786729,-25.854268131555838,-26.73125318054705,-27.668312484177868,2
095802.00+504531.9,0.746,-24.40877688249329,-24.45139082170072,-24.73467198344788,-24.79906132015297,-24.835045965984687,-22.43055641765212,-23.92190175402176,-24.744869067148507,-25.14397062523416,-25.25342627192494,-25.99534693484678,-26.938036180906845,2
095823.44+065506.6,0.345699,-22.867120017045306,-22.9687762364602,-23.20067916407121,-23.291645368137136,-23.762968934010598,-23.12145261230484,-23.14696397642461,-23.13602523648272,-24.039557858495087,-24.36665456203488,-25.02730362477675,-25.74144333580896,2
095830.60+392354.4,0.491033,-23.31473053341436,-23.62184733227929,-24.159891990009427,-24.307947269284544,-24.556563226063428,-23.16467263458224,-23.10577066063082,-24.47870833788528,-24.85994833825339,-25.08701271384253,-25.53969859759979,-26.441523391241912,2
095833.44+473854.9,0.418,-22.34083450329149,-22.439507584392427,-22.6326937158547,-22.651058356644103,-23.062326324419143,-22.747793620235797,-22.68268393871127,-23.064953066240143,-23.922147646424204,-24.460698155787497,-24.65397798244428,-25.391570639894827,2
095844.07+054941.0,0.731119,-23.58663914347033,-23.931615041633105,-24.22109057596341,-24.19685509958463,-24.40430039205069,-22.67560657223044,-23.676268393062045,-24.669449751273337,-25.18232502557465,-25.42751837918089,-26.037616751811303,-26.84276433875171,2
095851.67+511045.8,0.392171,-23.042601318983117,-23.12627067239316,-23.252148070402946,-23.27425310363208,-23.65254901505296,-23.01905750913713,-22.996258108881587,-23.67859703799629,-24.08295453838774,-24.814587011843024,-25.0049617392466,-25.80069301056889,2
095914.84+320357.2,0.563887,-24.31370729690669,-24.486799821864203,-24.7651967816765,-24.78805488104042,-24.93215202664989,-24.65160480226716,-24.437521907661647,-24.78116105070238,-25.2271078314641,-25.53563965571435,-26.1846594119983,-27.05723450055632,2
095939.00+204802.8,0.46792,-22.85235348448704,-22.98375482092281,-23.214604158756167,-23.230414869928,-23.434907960162764,-22.72293205926493,-22.766988745010465,-23.72717773354498,-24.14782589472283,-24.794349943988145,-25.125158044625152,-25.85728008071739,2
100003.72+313145.7,0.320123,-22.82174036612353,-22.87840084134476,-22.999737010792472,-23.03256960674694,-23.22682185592564,-23.149243249963163,-23.30524547819081,-23.75444924798933,-24.108557646229844,-24.83960401519148,-25.408767693344583,-26.02275276962789,2
100054.96+262242.4,0.50573,-23.282219690860355,-23.507885776261197,-23.93803988942905,-23.94583784469759,-24.11116847626257,-23.16780429716121,-23.153715424268132,-23.94491384644807,-24.47839517199479,-24.99000156285413,-25.81651006063405,-26.71324502482982,2
100056.53+011319.0,0.520455,-22.601007127953395,-22.96783941119352,-23.455391941755902,-23.63871497646594,-23.841618623143454,-21.874743458062607,-21.86770820945473,-23.952782164678943,-24.33989309046877,-25.05710151131981,-24.997656543662305,-25.69912534996069,2
100109.21+150323.4,0.5903,-23.520324216541724,-23.66539096932009,-23.9588562696354,-24.08134657577478,-24.218811102878025,-23.293620087696283,-23.301100864054632,-24.16317320089351,-24.74888564487478,-25.017565350808717,-25.800302475636343,-26.71572851250981,2
100141.20+201502.8,0.626669,-23.48459911806401,-23.864463880843527,-24.211839281338957,-24.473199193654903,-24.641515077800243,-22.40543290530915,-22.91166629828337,-24.861998225735384,-25.38672334369686,-25.91630722836179,-26.365602122076943,-27.235031203657616,2
100157.97+581646.6,0.288988,-22.275866168067616,-22.386532605993928,-22.540860372159383,-22.62869903303353,-22.88899178065472,-22.2412738343385,-22.32269210953863,-22.99603971749219,-23.477759267605865,-23.727348890922222,-24.196761253920908,-24.869872831134284,2
100249.92-002453.4,0.796055,-24.19896525520312,-24.350342894311428,-24.67770645265305,-24.85679785671058,-24.96511452821107,-23.34437032330385,-23.89996839061645,-24.814817360420346,-25.31195003694661,-25.894777775218834,-26.609839524388,-27.53420439511189,2
100324.56+021831.3,0.518551,-22.54509451682716,-22.79273316767345,-23.140607865820883,-23.27441419760699,-23.51128193267382,-22.86016742158615,-22.676842906401536,-23.82703048267252,-24.5838629015984,-24.64466392506776,-24.873239374329,-25.568489346152774,2
100526.95+264451.2,0.442201,-22.135945957908387,-22.30128224181772,-22.616347771682037,-22.72406456127969,-23.05301182222448,-22.30686092184236,-22.47897018065041,-23.724879211431,-23.93092726053373,-24.573097042322345,-24.919626095304796,-25.73262725632118,2
100558.91+305252.9,0.631813,-23.37746605236651,-23.570167200971603,-23.830356561293407,-23.958267563397595,-24.127886008590583,-22.693403478431687,-22.814782736786466,-24.42706183536125,-24.29266285770393,-25.392930326883427,-26.15582463245377,-27.104174713012284,2
100642.62+270115.4,0.549527,-23.282969840680096,-23.48193743542698,-23.77845251003361,-23.92988441144924,-24.070777346840003,-23.111113128647528,-23.27184530668095,-24.36736805475408,-24.851465817859115,-25.196153336946956,-25.48876575362736,-26.24028518008014,2
100721.78+611541.4,0.702971,-24.09585794909167,-24.21755138351553,-24.512092126819244,-24.569113996081995,-24.69087531107984,-23.8632689220995,-24.27614106693172,-24.470250361383705,-25.0408401162423,-25.050776848478403,-26.27016984014625,-27.041623227902416,2
100818.19+454438.4,0.331,-22.137751462350156,-22.16838456766453,-22.46777665632813,-22.541172283710623,-22.833610392389257,-21.80396326643473,-21.746850624630422,-23.159588357220027,-23.6361752815978,-24.074947104939216,-24.36335619917281,-25.011652098610163,2
100902.06+071343.8,0.456524,-23.65852620757174,-23.926236584875877,-24.28419477011878,-24.327677126095608,-24.572479840902503,-23.507864104312816,-23.553535625704765,-24.600642553714245,-24.95388924438124,-25.343985934344943,-25.926321347683228,-26.662248480390897,2
101027.52+413239.0,0.612692,-25.091030524516015,-25.21955257647035,-25.486387225657808,-25.434390217361056,-25.58149328555228,-24.8987094840388,-24.940269321091364,-25.707208039746774,-25.963856537553944,-26.367183754156684,-27.06420270301245,-28.04737024621373,2
101030.54+255949.4,0.511437,-24.477970632759277,-24.695603296486222,-24.949915869872225,-24.94606604574347,-25.179761229998363,-24.24774816694004,-24.229903413795647,-24.80487930804545,-25.024693677723608,-25.323112646628637,-26.109368047179156,-26.905027033521517,2
101041.95+363914.1,0.901,-24.16988306815035,-24.29050191534964,-24.56931219077241,-24.65326603977349,-24.86487290964305,-23.322296711230678,-23.97391719701434,-24.711850342310083,-25.019131255173534,-25.273914629385526,-26.411007161953737,-27.244256203082244,2
101227.20+345515.4,0.77,-24.263235480426196,-24.3904121663056,-24.78254005672613,-24.960407280293257,-25.01278039351825,-23.43799448710172,-24.18152871313337,-25.188090445791943,-25.465869638223044,-25.76072538558782,-26.651061893008112,-27.548118404008573,2
101253.74+285033.6,0.424582,-23.193978021378246,-23.408675999024045,-23.73738120796809,-23.692500183168917,-23.879409257852977,-22.429283150520504,-22.597159443099397,-23.848767146888648,-24.198571507452243,-24.85522813222486,-25.577876223743424,-26.36741379779314,2
101331.59+551737.9,0.395136,-22.042957631540418,-22.47784047725334,-22.856288070027247,-22.962539291404585,-23.312243116109546,-21.03764505872374,-21.93128022480208,-23.52682262761008,-23.733402703005687,-24.651835394973112,-25.088136286997475,-25.794462731966608,2
101401.86+461953.7,0.322,-23.754154814245403,-23.774178203878872,-23.85305743858442,-23.90274058088433,-24.048586526233017,-23.159390168051125,-23.45731425158558,-24.149904080020576,-24.44739310768153,-25.058107513489084,-25.720036984631317,-26.34767750364583,2
101424.17+573003.4,0.506,-22.42334161124836,-22.5506372104694,-22.794801458098245,-22.8989245354042,-23.125565662218595,-22.201217058840427,-22.39954201460932,-23.325587718675344,-23.92134788551789,-24.12612500171493,-25.081721066849468,-25.97498850158812,2
101424.82+084314.1,0.628163,-24.055718675354683,-24.120150788790024,-24.440404842205503,-24.51028330586208,-24.68647103891877,-24.31336967384637,-24.183216729240826,-24.55694832964742,-24.99588033030802,-25.79507567069705,-26.268428365616565,-27.058423258898884,2
101517.56+181240.8,0.7703,-22.688713378231515,-22.932325721601902,-23.274253992706203,-23.31150179651872,-23.576982719704965,-22.377568467816552,-22.93945949470729,-24.506201532633057,-24.64448261825108,-25.74953734768762,-25.54247665145255,-26.117894172472607,2
101546.15+334806.3,0.742548,-24.183621936658604,-24.23333071041108,-24.47026799134616,-24.4743616571485,-24.56341174244526,-22.934211036270053,-23.406571903415884,-24.82339199685117,-25.099884113782007,-25.52715052014437,-25.868034299551372,-26.740552506341658,2
101730.98+470225.0,0.335436,-22.729742082513766,-22.934711917891345,-23.180640108378952,-23.255134596955696,-23.413109386208717,-22.76302119552208,-22.803139705287244,-23.5388904484675,-24.07176786978289,-24.55342643822029,-24.99453632780668,-25.706403540085677,2
101825.45+380532.7,0.386562,-23.36976484391708,-23.55063990769082,-23.710322204049177,-23.75321212113468,-24.048274777199698,-23.334131345222094,-23.51715715046289,-23.877625397061667,-24.365071138774805,-24.72885727038127,-25.737008948825597,-26.304286682135103,2
101910.23+221445.3,0.636518,-23.79360103222824,-23.94033913274621,-24.32075244507467,-24.427169887421677,-24.56808904297351,-23.509475637339133,-23.508041761530468,-24.323793113831183,-24.915408053582706,-25.336257555981724,-25.809195792062106,-26.732667369232505,2
101950.33+343753.9,0.334795,-23.21414651739018,-23.288854574702647,-23.434315219407427,-23.47414524733845,-23.73704016927105,-23.08918783297668,-23.263588823779443,-23.71792785898353,-23.710865689182118,-24.39151760830779,-25.127751920023403,-25.991148776749565,2
101950.86+632001.6,1.344,-23.30559134602421,-23.8745534502086,-24.410472971343317,-24.80626655261312,-25.353223959124183,-22.59405387122894,-22.50054716313563,-26.737024143659276,-27.041885425302,-27.60435089362564,-27.945297643436334,-28.432147069483594,2
102000.43+403945.4,0.43147,-22.808069339907888,-22.959340182695144,-23.209017019476263,-23.251104564293264,-23.546962836645907,-21.79756703548008,-22.061620946371864,-23.337123793055603,-24.17767496257843,-24.414478822674397,-25.20555842648584,-26.173405220191675,2
102002.52+050449.1,0.421,-22.554388591240684,-22.784639469016245,-22.98862012761144,-23.071236773582527,-23.435583119964285,-22.088715359012834,-22.161320590588428,-23.91476962439657,-24.169460857392608,-24.31953096535824,-24.402233001506247,-25.260403502457457,2
102056.37+100332.7,0.608899,-24.0931497902778,-24.13982476068614,-24.37974364371372,-24.40644183775624,-24.528260397704944,-24.350589757155056,-23.93237236482721,-24.3495200431194,-24.817904063607767,-25.606444417807385,-26.30389861604393,-27.20635053833299,2
102217.60+281905.8,0.50686,-23.16713064777414,-23.34913027556628,-23.78919297806385,-23.87559438563696,-24.054144606917504,-22.93888456894005,-22.979467805920088,-24.2922979664705,-24.31137710721104,-24.83064710650732,-25.300365423612647,-26.053955314216765,2
102237.44+393150.1,0.6032,-23.876555662127394,-24.079594624239927,-24.556538876592064,-24.734938447247703,-25.12843745042421,-23.55086226860253,-23.919058666462085,-25.3126903292094,-25.80325377588726,-26.11977384726025,-26.35720705911819,-27.22025565109203,2
102412.23-013348.4,0.745,-23.537899387361268,-24.010579659457463,-24.32783097519697,-24.323284800684984,-24.606795420030625,-23.804804243303945,-23.90368513889949,-25.033328335443727,-25.327264232868675,-25.84997980586744,-26.34409191054198,-27.24435354757017,2
102553.57+401244.1,0.405708,-23.27464616503948,-23.541942851706224,-23.83676911165313,-23.84360021703181,-24.133389157087176,-22.533682701143896,-22.749533576193773,-24.26457084074564,-24.62209344501517,-25.44227324756379,-26.0127552209283,-26.914977201984723,2
102701.52+294950.1,0.473643,-23.01293251013233,-23.10862419030908,-23.30121123912045,-23.344481372225413,-23.612985956213738,-22.555584095187424,-22.866152984325986,-24.007876713719543,-24.59159039886668,-24.92007465939224,-25.426327980669782,-26.26930458999678,2
102733.34+470828.6,0.361,-22.36661975944173,-22.609445974526366,-22.89672306333578,-22.949004813449324,-23.19167941939439,-22.117971726749573,-22.257084386173464,-22.989395368952,-23.619489589699626,-24.161156018979923,-24.845438684226178,-25.50434192074061,2
102745.84+051558.9,0.315836,-22.712554337536705,-22.88286202592788,-23.19889306358412,-23.30686977999544,-23.568356711248622,-22.3906706071081,-22.35550927570301,-23.84859673678327,-24.52987454771289,-25.144460127330788,-25.78592527081897,-26.255734936763563,2
102814.54+211955.1,0.373732,-23.666847844423582,-23.83629115770458,-24.144029101618333,-24.12451019591551,-24.26478709909645,-23.21532439031845,-23.56587303078267,-24.16230803897438,-24.48823835472712,-25.404317757134717,-26.1525870629468,-26.91394646408467,2
102821.47+275951.0,0.361413,-22.371432636599422,-22.377990030100413,-22.625706224757923,-22.70138760043002,-23.138594159349605,-22.72816031581941,-22.827128565333865,-23.141441275156005,-23.673254673510986,-24.29066295334588,-25.04572801767786,-25.708250845585425,2
102838.76+111823.1,0.503769,-23.462183421252792,-23.59021725688254,-23.843871320749045,-23.901723471406317,-24.11943094150116,-23.110386970824734,-23.156784957911608,-24.09869263723325,-24.589643934486062,-25.013726437113785,-25.624698374155354,-26.54879061699037,2
102847.00+391800.5,0.473094,-23.86160178018341,-24.008454655535168,-24.171088090299623,-24.11865179377339,-24.327527628190296,-23.927548797803414,-23.74957717252825,-24.229037595303332,-24.65385981704834,-24.971689972224148,-25.82444699728689,-26.69596056325553,2
102848.77+320415.3,0.746528,-22.45378068074456,-22.693449566103613,-23.245866521334897,-23.670531761386652,-23.780220201669124,-20.34307451498284,-21.93715649999792,-23.945994164537417,-24.775014135605428,-25.40612546877088,-26.21697126519584,-27.194367513951786,2
102938.89+240926.3,0.301748,-22.164375710090788,-22.39614824523616,-22.67409370506815,-22.764928160917165,-22.83461748968276,-21.491630481624988,-21.978148964988844,-23.115163305221287,-23.38362984478592,-23.97288190183488,-24.586440506174885,-25.386362634561365,2
102950.71+471110.0,0.521,-23.798168830066693,-23.85643900166817,-24.19031448738733,-24.224026872015152,-24.31808395188861,-23.77639501349384,-23.58108111227933,-23.995217647419185,-24.45211217633251,-25.29287729303741,-25.660260401233806,-26.454534024473148,2
103020.59+255817.4,0.35778,-22.76678423806802,-22.91007931798511,-23.14163327849315,-23.17882449596057,-23.306679612881737,-22.16083985150321,-22.386797896598527,-23.48710029568752,-23.94588748524661,-24.54894000089196,-25.122341329547552,-25.81618659381823,2
103024.95+551622.7,0.435,-23.72853811509177,-23.93627528390603,-24.424192651596268,-24.564553314337655,-24.847501828020075,-23.605065826330865,-23.43817735647009,-24.54946756701785,-24.786548671512847,-25.22108941826361,-25.888480945148665,-26.6940294887765,2
103028.27+294834.8,0.616,-22.866809261745736,-23.015680726170093,-23.303241971706523,-23.28786313072352,-23.49140398236685,-23.04858223385342,-22.8736556599692,-23.70754254474847,-24.20295967334342,-24.402816729059467,-25.0227512526732,-26.019223656009306,2
103057.52+275602.3,0.978,-23.22147615238105,-23.56809881096416,-23.972890212963588,-24.240699089253788,-24.426639757243358,-21.58582934010939,-23.072303891642747,-24.31051734990169,-25.0661605178986,-25.370765867073736,-26.011106938138944,-26.723761659617683,2
103201.26+475703.5,0.772,-23.45724168631351,-23.641159637398435,-23.98650314624329,-24.00820916512404,-24.15093629155858,-22.43983777053764,-23.20292305409969,-24.57744542290863,-24.93742775283764,-25.020533948381036,-25.421071138573136,-26.25326230581813,2
103313.29+235240.0,0.502717,-23.578638217282947,-23.718377425782094,-23.90544324575392,-23.900948191771317,-24.051938316568595,-23.39739614983477,-23.25879211866827,-23.96473072455479,-24.713306533600104,-25.086628380198853,-26.062211326381878,-26.8241866608388,2
103320.65+274024.2,0.5353,-23.487140964062657,-23.78836801938727,-24.09375731037286,-24.2028170858104,-24.43299214722957,-23.35136359983206,-23.220992903359,-24.418678274321685,-24.65309907991726,-25.256774303223967,-26.09247864280553,-26.93629160090893,2
103326.85+142738.2,0.408,-22.656533350951047,-22.740442853012595,-22.878463106530383,-22.99959273713716,-23.352154084567143,-22.67712327063996,-23.06674108471984,-23.298015592271152,-23.816032062766133,-24.6090861825807,-25.035250817172383,-25.790324788139618,2
103430.55+241224.4,0.809624,-23.55782754136027,-23.751770557454652,-24.00512837504444,-24.02767720627882,-24.23027556915716,-22.389591580784813,-23.43355369942472,-24.467374275494368,-24.53721614983863,-25.1240097328959,-25.911862434229292,-26.72325598354036,2
103440.91+443105.0,0.533176,-23.915101173249173,-24.0991021516786,-24.35262826528262,-24.361221573925555,-24.56923972039499,-23.944106223026623,-23.95562581753552,-24.458861350679832,-25.06624651739183,-25.302271683589723,-26.144633124284443,-26.953711731640677,2
103457.26+235638.2,0.419828,-23.18305158788574,-23.35309466837598,-23.773693270253943,-23.7730338296871,-23.91490533706189,-22.868737444980543,-22.767610064437417,-24.176110849887383,-24.48762987420128,-25.07759023709864,-25.605976903711163,-26.42181029894966,2
103458.42+204912.2,0.51706,-23.475256551364296,-23.5961688443023,-23.8790483965772,-23.903860011107525,-24.079843623475423,-23.448551680722066,-23.39294686269744,-24.062347337662207,-24.715395819294876,-24.9980579230771,-25.526363867520757,-26.291768668943146,2
103521.39+161039.7,0.4252,-22.507052350493925,-22.86953579765926,-23.3065062261281,-23.334268979393222,-23.561971424041783,-21.471810917180576,-21.88295167522283,-23.658618859948373,-24.303031453772345,-24.570770118931744,-25.08058788005379,-25.97017982880096,2
103557.67+591934.3,0.411,-22.686430799690363,-22.804233257688395,-22.9700952342895,-23.00415029785862,-23.32321048328061,-22.41731454587473,-22.4078535800747,-23.51466247704025,-24.20607436859996,-24.11652701429324,-24.768502751196475,-25.497564327742506,2
103817.81+001844.2,0.257112,-21.111840503722775,-21.42578317524757,-21.944446445270685,-22.099515433556306,-22.205383516943385,-20.913054143842334,-21.088807091415653,-22.81266416794816,-23.04027688080864,-23.795876853981287,-24.300719744914527,-24.846311508561605,2
103909.08+313106.9,1.003192,-24.420667164163152,-24.49042089299473,-24.7829983374123,-24.86569489228716,-25.004043088710336,-23.526515999723387,-24.167092208541785,-24.569420428636363,-25.163754004197653,-25.36382317245203,-26.1360534071874,-27.08003532612177,2
104041.50+600239.3,0.297374,-22.23839494417762,-22.427549621099143,-22.794329734062067,-22.939629571183804,-23.066030044453232,-22.39928559197177,-22.433983782376032,-23.40994874625148,-23.807201303801627,-24.545313248341117,-25.02650655681135,-25.513526463204308,2
104053.02+212058.6,0.4166,-23.287280978209424,-23.42934665601006,-23.974196527525677,-24.02418332970239,-24.20778137376536,-23.14109215123936,-22.996382365831145,-23.9103773807504,-24.37367636144657,-24.81363261919794,-25.32656890397699,-26.11264473316271,2
104122.84-005618.4,0.497399,-22.61486669115385,-22.73259581978961,-23.04395204999928,-23.074898787419365,-23.38973052491821,-22.34370881706182,-22.198625537195834,-23.67439192719377,-24.088549911882144,-24.559825712994574,-25.32932798351744,-26.099882809692108,2
104127.60+313413.0,0.353559,-22.703803620918528,-22.747753580585595,-22.954677255591868,-22.94865958186512,-23.17313254454416,-22.395702385864727,-22.470761406923668,-23.568357790332552,-23.777364576411976,-24.392496626204583,-24.451465144642167,-25.11831806623589,2
104201.81+181527.7,0.4805,-23.11641947514798,-23.318035652799395,-23.57783379481606,-23.6081710390059,-23.8912858615991,-23.334228467659194,-23.11373402209001,-23.706114612207376,-23.87789296608095,-24.245231257158384,-24.665813589683616,-25.61803671369725,2
104218.31+501243.7,0.469562,-23.32565947848716,-23.474725380807687,-23.7091827866812,-23.721686130577503,-23.92099444553234,-22.684265665675163,-22.82282044920797,-23.56222671742193,-24.230574204394703,-24.699783154083697,-25.104891153514718,-26.0520925605273,2
104220.58+452614.4,0.689,-23.32166872370173,-23.600340614618094,-24.06406429363961,-24.34525281064511,-24.58103988564637,-22.66610596651513,-23.090080622457265,-24.79137348684692,-25.109468860227445,-25.442301657188125,-26.03209611368942,-26.862022277131103,2
104357.05+094544.2,0.341902,-22.718730733743584,-22.7208032043534,-22.86482289289416,-22.93912028898249,-23.25501546419749,-22.396884647069008,-22.63413495583856,-23.155537177436933,-23.68828826735047,-24.50279214290116,-25.09350218902544,-25.733789651328564,2
104457.91+083214.2,0.79,-23.550503968321376,-23.934152083639223,-24.18137025183025,-24.164831665701424,-24.383733038488984,-22.155700112793717,-23.36371567347364,-24.84230021492723,-25.384056142474183,-25.354522261831416,-26.02669173541782,-26.92447121241953,2
104541.76+520235.5,0.284092,-23.099522928324213,-23.40225186175565,-23.705309597431924,-23.80525246308694,-23.89168114072566,-22.866306678038725,-23.095761610595183,-23.863633073916144,-24.320270186847956,-24.87318843202197,-25.765723092987205,-26.45782934319922,2
104613.72+525554.2,0.502823,-23.552717879745945,-23.6644668991689,-24.035391999507443,-24.033805322994013,-24.134683383745195,-23.2987927565719,-23.30368096879729,-24.079833700844524,-24.296533815914835,-24.94397523995932,-25.639029397288944,-26.562993349330103,2
104642.29+392018.0,0.390039,-24.266359537243577,-24.369311857261778,-24.565267986249697,-24.506426851586404,-24.623990011254136,-23.704847701954375,-23.62995801889603,-24.374594253060533,-24.77005643981169,-25.41762957644667,-26.24420387193955,-27.01196204041632,2
104927.18+223005.8,0.6802,-23.92352592687041,-24.050512035644196,-24.333014413078725,-24.440134247011542,-24.55389058147712,-23.94330443549284,-23.650708475159284,-24.558885112959857,-24.846768371298843,-25.509008318584268,-26.30131255256763,-27.31343652828378,2
104951.99+450715.3,0.697023,-23.438623671842727,-23.76152971182576,-24.09198388128,-24.190593575958687,-24.33894856305643,-22.68585249048224,-23.306434630542935,-24.717323119445403,-25.011425014088097,-25.397425166295385,-25.867906730875664,-26.689191188384378,2
105053.45+081144.0,0.8602,-23.949192506144342,-24.27557334366988,-24.66103733980916,-24.84520195669741,-25.08132038601196,-22.923627949222016,-23.99724059310808,-25.347331808586247,-25.44980572762586,-25.687162264721135,-26.329711738412374,-26.97565486405968,2
105115.75+280527.1,0.423,-23.635405032498333,-23.86487783036262,-24.04346904615605,-24.10477900235073,-24.37110172845191,-23.159295549335184,-23.166199207707173,-23.5877341317512,-24.20688857616312,-24.81189756025975,-25.57902999674245,-26.319900665467127,2
105118.22+605008.1,0.275925,-21.990180557069458,-21.532209931350184,-22.268760579878244,-22.464984073829964,-22.747479557738743,-21.624549984357326,-21.786853185567853,-23.14978976032035,-23.814145740583044,-24.09454896809711,-24.33606026842476,-24.90612606691044,2
105122.29+020736.6,0.599052,-23.672519060109995,-24.030382865478657,-24.426459154848395,-24.569451637274565,-24.668829276644963,-23.61186335563949,-23.593125974638035,-24.87626136033638,-25.222174817373457,-25.85603873937561,-26.930313122298585,-27.885821685972196,2
105124.28+320044.5,0.447,-23.282569785946432,-23.43668988505227,-23.61295205738178,-23.737733347933577,-24.07129282039314,-23.767590032372464,-23.657275405811884,-23.94617024493176,-24.420069674771067,-24.933106728021368,-25.376198887293967,-26.240284732691716,2
105151.44-005117.6,0.360058,-24.76806760930044,-24.989505001313837,-25.288031122132573,-25.296824022919107,-25.56152267266084,-24.10327054085311,-24.27115515994028,-25.367571939719845,-25.770564326422143,-26.396254396689457,-27.065290089132137,-27.852923142615687,2
105205.57+364039.6,0.609101,-24.69403164088217,-24.717855052604563,-25.01742142832744,-25.06843719620469,-25.262572256857784,-24.8264986851794,-24.55804336441834,-24.508610451719797,-25.01966418720551,-25.66382264876934,-26.971078151028795,-27.827572199723708,2
105425.87+123502.5,0.709,-23.86297407873377,-24.09339818535711,-24.39193695881668,-24.483962569389185,-24.56195017918713,-22.80432703036803,-23.204371029585506,-24.621991440013986,-24.94682161880417,-25.456650972121142,-26.24743121376307,-27.093977862651656,2
105444.70+483139.1,0.286343,-24.35310687294423,-24.42193226914059,-24.611680231052237,-24.69886213789602,-24.961538472326268,-24.492019230201738,-24.21633759001589,-24.92246597203948,-25.103202698674416,-25.49209993568403,-26.38237940648748,-26.977236788528096,2
105508.40+372853.6,0.367164,-22.48181788321949,-22.78408538470426,-23.258260445300746,-23.34672478349714,-23.543553572106504,-21.709741486695755,-22.077491189098865,-23.491747778757222,-23.92968055863418,-24.4399341897648,-24.97765172019555,-25.661073431815343,2
105600.08+142411.3,0.622709,-24.152278232903697,-24.19998931390205,-24.445369152317934,-24.54677888276485,-24.720596135427694,-24.104920030227547,-23.859634850870997,-24.265318219019537,-24.6070163919096,-25.29723857888733,-25.965359650847773,-26.88401960416072,2
105605.52+095033.2,0.4988,-23.08037445638308,-23.311124147174567,-23.55084273393765,-23.622903046438683,-23.77883610738077,-22.63037017568719,-22.738790890153457,-23.86788607948715,-24.18564791130188,-24.72874516730484,-25.438119061387724,-26.21959998394524,2
105628.25+501952.0,0.820223,-23.61712802572079,-23.996676948147183,-24.443624204848263,-24.604703122818204,-24.802911307141624,-21.810873563459616,-23.283680816645717,-24.427159476648203,-25.006699211475336,-25.480223089836294,-26.453457562425687,-27.356100677308863,2
105649.35+124138.5,0.509348,-23.352982956318705,-23.519014584619686,-23.665875799040524,-23.741428926229545,-23.915810932142065,-23.066773959221948,-22.99484514300691,-24.358467333088303,-24.96631592866063,-25.25009934681167,-25.4827229317025,-26.354558411214377,2
105720.09+295410.7,0.396759,-22.57694821151068,-22.748340655278312,-23.11070149456352,-23.156673699231284,-23.392976278857866,-22.49786840017454,-22.673484436105795,-23.7253219854111,-24.332441559224435,-24.676785058504997,-25.06135222928486,-25.846427051867234,2
105742.11+651814.4,0.523071,-23.006571432819296,-23.24357691735562,-23.58801114820804,-23.662021192577832,-23.85347349038171,-22.39556354961271,-22.69885436536018,-23.76405083488299,-24.147128966831133,-24.620509439229387,-25.063761890517643,-25.82656575822256,2
105829.60+013358.8,0.893,-23.396899401273007,-23.82540864650046,-24.48945437452331,-25.03300892028001,-25.43310797431633,-23.02849242428067,-23.92616223842185,-25.626510357062774,-26.22179091854813,-26.94049120143974,-28.83622673669005,-29.55635959603297,2
105911.85+175424.3,0.5746,-23.155273955837547,-23.40434166806797,-23.780095177326253,-23.90490037959976,-24.082373320293375,-23.018764064516365,-23.14670963527887,-24.41701402816125,-24.88282644199239,-25.543390220622257,-26.00612877038161,-26.83104423290887,2
105935.49+665757.9,0.340561,-23.076055775487628,-23.27080241414633,-23.480378900447693,-23.53409302409561,-23.81617248941829,-22.20750927691808,-22.424229708160816,-23.47071539488681,-24.23261088754609,-24.79881120157822,-25.147173683556613,-25.85967650702066,2
110011.85+451349.4,0.623967,-23.347993639896643,-23.48642978900371,-23.7775968912692,-23.817380319542007,-24.115550497403223,-23.770815795888744,-23.4499321938205,-24.289026927163377,-24.632399034315164,-24.949594634922075,-25.74168186805364,-26.611502538752973,2
110016.20+393524.5,0.313,-21.31900044019948,-21.64394891629816,-22.016893563779515,-22.19653512733193,-22.27882268695588,-21.276270959743112,-21.56938632227679,-22.42131596965534,-23.2552422753549,-23.50169349562255,-24.23164199233121,-24.86876492561233,2
110037.51+430011.5,0.323661,-22.470837010394987,-22.518338324212284,-22.71805279325587,-22.904395823334603,-23.074694105680543,-21.94123394799103,-22.172653270015942,-23.02262288905417,-23.88352438298254,-24.497331817134548,-25.243057876806347,-25.83142005763291,2
110046.80+345502.7,0.590876,-23.86745239716196,-24.01954660491711,-24.39573321698041,-24.491915747712632,-24.632477103374377,-23.80554198109397,-23.76156731391475,-24.29318042161003,-24.672845929421214,-24.777857805570697,-26.10935061426462,-26.913543184720684,2
110050.94+295525.6,0.881473,-23.57208167858065,-23.831623357338,-24.1213283093966,-24.14138461774172,-24.27963785920516,-22.776111116728607,-23.56545090751296,-24.37375862682557,-24.68521050857322,-25.156998553776525,-25.838893402343704,-26.5760063153323,2
110052.80+252050.6,0.297504,-21.653537346881937,-21.895578484651075,-22.26495689868294,-22.40281648314766,-22.62925824057588,-21.346098340282744,-21.530827626453732,-22.98618492365363,-23.328991682665023,-23.988169177168853,-24.323177806282654,-25.01435104793356,2
110057.35+213109.2,0.6357,-23.7470713176724,-23.783849003789367,-24.05546590973058,-24.20228971966409,-24.36110902637515,-22.73581154526851,-23.06620022933454,-24.014928431910185,-24.352505105458185,-24.70393227031087,-25.64738358018441,-26.483259126289997,2
110057.71-005304.5,0.377896,-23.31528989651221,-23.378689516795355,-23.55504383311296,-23.5841110638532,-23.81940123857692,-21.829110513489173,-22.174370765038887,-23.869153303728982,-24.22730680259848,-24.867359649230668,-25.078355330926097,-25.760333498065705,2
110236.65+052117.0,0.498884,-23.593319264859225,-23.705473427647576,-23.85692591473564,-23.9001181484709,-24.021381420065627,-22.92503968159541,-22.989873859483737,-24.13972175040321,-24.73188157191955,-25.11137996713689,-25.238211289841555,-26.11239066942588,2
110246.15+314513.1,0.531171,-23.318768906881417,-23.527885936428103,-23.84864764124829,-23.93171940661247,-24.06803105276089,-22.849772026405013,-22.868108033024576,-23.534691905881523,-24.1531992738586,-24.594603374126606,-25.33094898031348,-26.24918584179918,2
110312.93+414154.9,0.402428,-24.011130124289416,-24.265643500254363,-24.79474865970259,-24.83557545056985,-24.94979035906123,-23.094717322507165,-23.72312269300596,-25.069099422460187,-25.68266161160779,-26.51583700137928,-27.63054454815826,-28.450968901422115,2
110327.43+294810.2,0.908,-24.403995663972392,-24.420673978174012,-24.68334462351858,-24.750017242983485,-24.839815819856977,-22.962770483138943,-24.21084146292327,-25.06160913284611,-25.341498557371253,-25.70552536084343,-26.080002238124575,-26.87563888339595,2
110406.94+314111.4,0.434362,-23.8297463235642,-23.980673426416736,-24.400655855121617,-24.358587916348533,-24.47954069158404,-23.79046092860744,-23.94848986926861,-24.474925503395944,-24.998549207543636,-25.71186350746592,-26.488030064559517,-27.284054702772067,2
110409.63+122157.4,0.59261,-23.733360848580908,-24.07485433987677,-24.172089866374453,-24.28868711861908,-24.416198293941267,-23.84061008548984,-23.803715075383813,-24.50685255927944,-25.20946003144009,-25.75891746853728,-26.42405865011812,-27.123208390567505,2
110411.40+223946.7,0.444,-22.93699836506534,-23.05947197120327,-23.24825357702642,-23.35980231051457,-23.62625754000128,-23.07270593856675,-22.93276117330699,-23.63373788156129,-23.87425231385247,-24.430630871749067,-24.778988011679253,-25.533906816905937,2
110525.06+354257.4,2.354,-24.922116879419235,-24.881177408095635,-25.218797525966917,-25.382089659799032,-25.538622990659853,-21.87129550662201,-23.38889122193396,-26.43271481976384,-26.706624515423798,-26.993514994582263,-27.108586647740523,-28.003882536579976,2
110527.26+671636.4,0.320166,-22.960015936003828,-23.086368341155435,-23.268989982508774,-23.32631383192016,-23.583278437673687,-22.490885591148903,-22.678174577899444,-23.33751779785985,-23.703688384465515,-24.278799240092837,-24.988870767546693,-25.669718162391614,2
110539.81+342534.6,0.508346,-25.134898625089978,-25.362482667389965,-25.706878953442423,-25.745371758071503,-25.888612176677928,-24.8069679069992,-24.733907654908307,-25.86115056787267,-26.26334940179331,-26.871953255734915,-27.53125798960778,-28.527577734173896,2
110628.80+114336.5,0.829,-23.909284709852987,-24.018473595299216,-24.414204605644382,-24.52787988467441,-24.72523124872953,-22.89156018836546,-23.79849628658083,-25.06052052392804,-25.2647772344243,-25.38139364545787,-26.08584151293169,-26.845066750422877,2
110631.77-005252.3,0.424,-24.653823784646963,-24.72937724277304,-24.87943430776751,-24.838495329735125,-25.07354701996092,-24.50396516968793,-24.670269268106058,-25.04460658183679,-25.19315183230988,-25.74511171572893,-26.43883711304982,-27.31064271562963,2
110705.74+105746.4,0.565203,-23.81205678028036,-24.03097280450265,-24.414024756449248,-24.52131386794205,-24.63126683913173,-23.4617731112157,-23.42566611226881,-24.428921813362983,-24.733671040851643,-24.952000624953,-25.92403260078939,-26.749447548728448,2
110748.06+150210.5,0.6,-22.95358581168884,-23.140788970673285,-23.7568145417516,-23.88778340671012,-24.388315042025383,-21.81312616667979,-22.34342459476641,-24.59028535529008,-24.972353533857067,-25.487668674156843,-25.33849661751369,-25.78280839694142,2
110907.57+414324.6,0.884459,-23.918565216386863,-24.14788114733704,-24.525152166411807,-24.66388481599082,-24.871861606928885,-23.49788894859173,-24.251569920037685,-25.542442516244307,-25.559314405428392,-25.57487227429957,-26.165662613573325,-26.88403982767891,2
110913.60+044503.0,0.637286,-22.9178894783134,-23.413157843258844,-23.741951637741007,-23.861279009246424,-23.97760484733658,-21.60173138876984,-22.394045754339736,-24.268716299629013,-24.93147379341955,-25.050666844767782,-25.90645399551615,-26.8261095631594,2
111017.86+040411.4,0.670757,-23.409350427979675,-23.605891103206737,-23.87038522070846,-24.043520776671052,-24.19026879893453,-23.18174399775427,-23.149205838749648,-24.0099015524316,-24.691181268652294,-25.169817130586377,-25.746267388988034,-26.465367080699785,2
111320.62+641053.5,0.572273,-23.64899439281129,-23.99861541186117,-24.33643165383227,-24.45688975167217,-24.609371982677985,-23.129888240556124,-23.2131580377215,-24.730027720871604,-25.30844719368643,-25.91695956847534,-26.602941412352283,-27.53448657696956,2
111320.83+462026.3,0.323329,-22.060359489595065,-22.047335509956252,-22.276754267851175,-22.538216546205582,-22.951377819833077,-22.16459566038617,-22.18952160438705,-23.48436833940707,-23.754781337768577,-24.1943393358392,-24.41383339469994,-24.981450281223044,2
111324.04+044029.1,0.440689,-22.928881567814024,-23.158799869357463,-23.348042895808085,-23.43602343359897,-23.69700823817797,-22.43945518259877,-22.48769366666473,-24.168166980602223,-24.20957687546549,-24.546030911089776,-25.233786182793747,-26.08481841361177,2
111357.36+425326.3,0.441688,-23.52268002238585,-23.67647241101044,-23.99688989991669,-23.989069910387748,-24.18099837196486,-23.34013222455834,-23.36202546959442,-24.142107137569365,-24.44495136207805,-25.019281766730444,-25.83491909387255,-26.647799426227497,2
111359.73+350306.8,0.347621,-22.966342383023044,-23.239396931949628,-23.63323564617119,-23.737731256115897,-23.983734728850425,-23.13842134556545,-23.133058907518844,-23.928706953728184,-24.32212912412633,-25.13157702033218,-25.94677918575998,-26.789863920012746,2
111506.01+424948.8,0.302,-22.89746781255918,-23.04147923903222,-23.25995357691256,-23.303357693772178,-23.510413066255985,-22.529857250873377,-22.895438902119345,-23.64949855653245,-24.221694806255968,-24.873216904474937,-25.855178469022743,-26.440980964572308,2
111527.15+222539.9,0.449,-23.2672883733235,-23.281763628089863,-23.4681311929531,-23.41854835829688,-23.62884542678197,-23.402354409605028,-23.419789669470354,-23.598178315718137,-24.45857168416571,-24.47534985194565,-24.94845606188839,-25.685009391599127,2
111711.27+293414.5,0.63574,-23.641732700524823,-23.69587837429878,-23.879522670470823,-23.947842139376743,-24.10419334872237,-23.99617654996125,-23.562283289640128,-24.671139531366524,-25.14438942803133,-25.42752413836051,-25.723886362372323,-26.48051396758652,2
111720.39+251945.3,0.8153,-24.37407873610005,-24.491069569041223,-24.848347633187476,-25.04366025520069,-25.221535305512496,-23.86951828501034,-24.235854575552903,-25.32178903074196,-25.57585335062504,-25.82312082632506,-26.771751204072697,-27.69679611354035,2
111724.57+153800.5,0.370217,-23.951921205809064,-24.1069160841892,-24.53463733321524,-24.713540837436607,-25.074841372879384,-22.99012206126381,-23.295029003246448,-24.90503419195401,-25.400221727088475,-26.02783792588812,-26.53293516958473,-27.53295104073147,2
111755.73+070727.8,0.572809,-23.44327322838247,-23.630378325247083,-23.930776066965866,-23.965714218416675,-24.128808389124785,-23.155924478711107,-23.389070013152967,-24.0152633520876,-24.563139800100853,-24.895240316610604,-25.742549134740216,-26.642654249957825,2
111908.72+254505.1,0.579669,-24.275972850494924,-24.420228900742533,-24.673342935455885,-24.64711616310112,-24.836318495281187,-24.11077279636925,-24.035709441140664,-24.35790338954939,-24.650473453195467,-25.157874727961804,-25.857800624321875,-26.763894698841412,2
111915.10+482357.1,0.437501,-23.82963518476852,-24.00841340340951,-24.19979969975297,-24.223531770434636,-24.506583529494243,-23.97550161079999,-23.918775820091867,-24.31816958667359,-24.77367721648402,-24.954830229192712,-25.8927802352044,-26.803129009831835,2
111930.31+222649.3,0.42,-22.90473854016564,-23.018364770081583,-23.1004186486632,-23.20320547631825,-23.538368660816616,-23.52537358623964,-23.508932955397903,-24.22101628922461,-24.604960502930155,-25.23949999864005,-25.69916604284542,-26.533102381360617,2
111941.12+595108.7,0.488586,-23.477196307430788,-23.68258073063768,-24.096117323404044,-24.117607446054432,-24.24228080525629,-23.333429971305517,-23.089119991875588,-24.17354109382056,-24.780249146676336,-25.167178558666457,-25.895861368871667,-26.68551141473584,2
111947.94+520553.0,0.356121,-23.092948722139347,-23.1666229412931,-23.38323991940454,-23.44370280093376,-23.68834004271738,-22.838358384991984,-23.04869238996476,-23.82865650969915,-24.0956396791646,-24.82005454326085,-25.398018202922728,-26.038964735132726,2
111955.86+562910.2,0.723344,-23.925229988888315,-24.019287788289105,-24.41755917788477,-24.53324589510872,-24.640404684932808,-23.251584496572992,-23.74014362466744,-24.627080087923108,-24.944038055474323,-25.4589067537352,-26.04664003793051,-26.921553189698468,2
112004.99+041323.3,0.546886,-23.992381702878472,-24.155807203639608,-24.536627928548317,-24.61639639892772,-24.74676856104025,-24.092995444732832,-23.9781818056617,-24.544489970431695,-24.801799659771845,-25.500227428061223,-26.257484982972954,-27.120989184190183,2
112015.89+660744.1,0.445884,-22.3698311672153,-22.58739086175179,-22.97842135744194,-23.10820478293423,-23.354425952500613,-21.68986034685225,-21.764980103693457,-23.52003566651051,-24.20980462642964,-24.641763950263936,-24.326812874512616,-25.11068614739132,2
112021.37+110434.7,0.495815,-24.223520890494733,-24.37913637139857,-24.553108477344765,-24.5952910223689,-24.80784299901789,-24.03950598605693,-24.170612480036656,-24.50800379290269,-25.10328137051495,-25.57826513469924,-26.31344879742434,-27.1424900656068,2
112119.90+004307.9,0.546562,-23.12262231823892,-23.31009031355994,-23.768554595084197,-23.91164067635485,-24.14454402864186,-22.39797565274519,-22.63945686195676,-24.16948770549948,-24.373953650987705,-24.97763373232405,-25.43720137923979,-26.17500692775084,2
112211.55+423709.4,0.81357,-25.11456665239688,-25.188507154991814,-25.363141982156957,-25.370066754812463,-25.481054825402644,-24.14542737456577,-24.83633867148941,-25.79934660121523,-26.08172096870727,-26.343566556808646,-27.12251032865832,-28.014835717228117,2
112224.15+031802.6,0.475282,-23.18276710665173,-23.45786512459877,-23.934421852668304,-23.993135867482472,-24.116294078476017,-23.128725062145648,-22.996765627277902,-24.09064395845515,-24.517604880095853,-25.22407144911702,-25.748243392433597,-26.528215515485066,2
112318.08+284945.6,0.300405,-22.11493387947528,-22.43518233528465,-22.781730782262443,-22.79074869361565,-23.081403404045965,-21.63256289962016,-22.11562516915477,-23.28154593436133,-23.605656225170108,-24.026926964544817,-24.91718882317821,-25.59050089675215,2
112511.72+565503.1,0.715983,-23.56318112997964,-23.747078149905324,-24.036466160857128,-24.15368687745489,-24.25474515849376,-23.782527327554863,-23.75865261935868,-24.4366180957334,-24.64763800213938,-24.95174375431729,-26.180252408778955,-27.051443855340597,2
112633.02+273853.9,0.405116,-22.7643159914232,-22.953922393918926,-23.386529254167517,-23.415238778296786,-23.639934643642867,-22.538045141821637,-22.829815049458,-23.722885430363856,-24.141742886487844,-24.709931262724364,-25.597805998567456,-26.41245370039274,2
112643.01+154554.8,0.43601,-23.909444335964448,-24.13464715456617,-24.49996781686846,-24.5391599810234,-24.716479304532665,-23.771908687807134,-23.94414294011983,-24.779498727051585,-25.470043616683707,-25.974652320996107,-26.80421356197032,-27.68419256157308,2
112707.67+035825.1,0.544283,-24.155652562668983,-24.21769934098605,-24.463216832755023,-24.45635729200118,-24.593632947422854,-24.25081545693141,-24.12395545836068,-24.376461513127268,-24.617578789063867,-25.283722527555668,-26.394431072646864,-27.252850190463956,2
112724.46+454620.9,0.473,-22.877172401852167,-23.018043946826516,-23.24606532704635,-23.24092578356772,-23.52103933782889,-21.941015136044136,-22.231452002474384,-23.103513094064564,-23.84174039278166,-24.45211858836028,-24.833130761694665,-25.73317368659518,2
112747.56+455345.1,0.507,-23.507299202234883,-23.667788599786878,-23.948682547499903,-23.961012732938222,-24.125595395186657,-22.39276279350601,-22.54604479580368,-24.02541070753216,-24.57831749233511,-24.9428546508177,-25.503162592346342,-26.4073516030392,2
112756.76+115427.1,0.507093,-24.03455401647372,-24.204989253949464,-24.56476822438005,-24.647280532253813,-24.755910037195083,-23.97814503905472,-23.83335968583706,-24.757615914397647,-25.311552906450636,-25.878833482573548,-26.711951897766287,-27.603809458108152,2
112828.29+344619.6,1.234,-24.370969780110368,-24.55855575132012,-24.90505698322314,-25.00702182084962,-25.184351327078527,-21.493852610396825,-24.326568952440983,-25.28293206540757,-25.87949285053806,-26.30928811678277,-26.65790553063952,-27.538539960345567,2
112946.01-012140.5,0.726,-23.8044305428344,-24.14866838271559,-24.493879695402303,-24.521922410243647,-24.729104418235345,-23.610173099320992,-24.209811849809427,-25.02757472355919,-25.300502186132707,-25.32277782919664,-25.785123576636725,-26.546659516420185,2
113039.19+431434.2,0.413095,-23.17571003243541,-23.308836891937823,-23.56858792463945,-23.577742811883223,-23.73131499442084,-22.72647682760496,-22.95680038625894,-23.87245665013224,-24.07814167195361,-24.955713555206287,-25.032541651579827,-25.96332055791659,2
113111.60+251949.8,0.5932,-23.907675623010466,-24.02204393283243,-24.24704224714237,-24.23970590636073,-24.442152692097924,-23.569469120294027,-23.573498259017786,-24.490955644066485,-24.811032398575524,-25.369980241712483,-25.83986904983588,-26.59818234663408,2
113113.62+613210.9,0.355657,-22.41295915334806,-22.65929831119566,-23.05487303561105,-23.13939980309604,-23.164793737860187,-22.245002840055943,-22.41953954477841,-23.50098902455461,-24.2885434719008,-25.05221245596525,-25.475153798626348,-26.25751619390806,2
113144.56+290708.7,0.364598,-22.97208726309147,-23.1117108961404,-23.356926414200604,-23.36021396633588,-23.47369123979729,-22.574782657060428,-22.71846305253513,-23.80858682615629,-24.0241884866187,-24.40343928205294,-24.90502992637201,-25.68075252433632,2
113219.12+373752.1,0.450244,-22.91848391823122,-23.056071197434463,-23.239003943217792,-23.28231309673116,-23.50584014704474,-22.87196184661265,-22.84014438451326,-23.907327549479135,-24.03912656412544,-24.76040958152669,-25.18204540893588,-26.099873913129784,2
113245.62+003427.7,1.223033,-23.543482876261898,-24.096927946854827,-24.567938088629365,-25.01516167092516,-25.564847372651503,-21.752318505973573,-23.066536322207146,-27.385548140969643,-27.76510014493809,-28.07674832028023,-27.57855900828536,-28.02465023026924,2
113259.49+102342.2,0.539667,-24.134296075307383,-24.32309060726269,-24.594823208297772,-24.65058125827133,-24.82488542414167,-23.64007323288692,-23.78670787869386,-24.87991067087936,-25.161602030711204,-25.55941430889965,-26.15642694041511,-27.07122792851681,2
113325.77+242327.8,0.5347,-23.54809059335539,-23.68145769413687,-23.882933195389622,-23.87985326847534,-24.12031647293549,-23.16179309738573,-23.366655058423373,-24.332142713582478,-24.50638508933552,-25.34647892904989,-25.56626601850757,-26.468972451499987,2
113327.78+032719.1,0.524519,-23.59608527305936,-23.73974999799008,-23.964321388014096,-24.044990517944065,-24.228896063386284,-23.095768634895908,-23.185725563246827,-24.554107270422545,-24.982254445691986,-25.41872133187871,-25.5742498124122,-26.433980251587037,2
113330.30+105223.3,0.511125,-24.96225087440407,-25.13833658996244,-25.423721307628448,-25.40659042115628,-25.56012755177919,-24.2549285285995,-24.423499050695025,-25.15759238784179,-25.5324816693514,-25.960402945017623,-26.866521957910056,-27.772346111508845,2
113331.00+564542.6,0.76,-23.83241674978457,-24.00461794105764,-24.362267575536023,-24.54808468567653,-24.64029258821561,-23.420085035430382,-23.91217762390275,-24.59346700595144,-25.10439047295773,-25.39773117717399,-26.350869868218357,-27.228055286213564,2
113335.44+093901.5,0.379476,-23.741147413396757,-23.886699395449128,-24.171005479946377,-24.16004875028249,-24.284810152070023,-23.00683595139349,-23.48229880339097,-24.0589158248104,-24.397093936531,-25.101162930468607,-25.65505272662461,-26.479177749329807,2
113338.63+220026.8,0.5458,-23.26892743092327,-23.75933534762687,-24.176647604004017,-24.29015398193901,-24.472707259610388,-21.57394530500796,-22.3981592141047,-24.5544116766559,-24.567279711904245,-25.603300496167638,-26.37897257860221,-27.32133250838683,2
113401.98+060640.5,0.573497,-23.71969781835195,-23.80197795907877,-24.056122534791744,-24.08298873758061,-24.329859689478667,-23.210863050029097,-23.216180474986142,-23.964954885335025,-24.34187319019297,-24.932064451890795,-25.130062828979455,-25.71895880617746,2
113432.29-005548.1,0.268725,-22.01611755123565,-22.013590582014796,-22.242169955077912,-22.384532622757305,-22.505197709557283,-21.63076945375223,-21.88461368925046,-23.03405709818257,-23.61161723600852,-24.258345966372296,-24.74113387117639,-25.32454443941864,2
113457.62+255527.9,0.709937,-24.89525555237127,-24.937728584491467,-25.242515539524334,-25.368908085305343,-25.38245636868671,-24.58268732354068,-24.60452246079826,-25.00166649062926,-25.455770634299228,-25.5416722041525,-26.490097873306656,-27.407175351428386,2
113522.88+252957.5,1.410874,-24.623567708530924,-24.906983509092765,-25.202470193001243,-25.203962258159045,-25.34600772356919,-21.864603317725138,-23.7994317660998,-25.62065012586652,-25.95659084351498,-25.98905861894773,-27.16203895208294,-28.179083239891156,2
113615.14+103430.8,0.523685,-24.72484070172536,-24.881004523353205,-25.176064246929457,-25.230865430000303,-25.328172922545008,-25.046347520845497,-25.0487986560856,-25.309532535915903,-25.512203961036548,-26.051271383685823,-27.03773856344057,-27.85452445267849,2
113738.04+103930.1,0.174796,-22.50112016731343,-22.734436872346837,-22.96336342629707,-23.00288129749026,-23.02024057933634,-21.63654033744823,-22.04766114781623,-23.13870468698776,-23.568994015341676,-24.135134299699157,-24.964507534154635,-25.688687211260905,2
113801.83+490506.4,0.480231,-22.766285707922787,-22.996351744840624,-23.24495925091503,-23.282370421849794,-23.60117120386737,-21.555502852226148,-22.125181868543603,-23.44602850371765,-24.23804699054786,-24.503863937293303,-24.779509286670457,-25.461152911678457,2
113826.66+173324.6,0.4098,-23.46566236282016,-23.608646743503385,-23.948066110779703,-24.01090147622753,-24.257129940445488,-23.389012537061845,-23.4853514626598,-24.24400046058978,-24.846560567832867,-25.22840027167441,-26.002310777805068,-26.59340915319902,2
113828.83+201604.9,0.9377,-23.83531579257799,-23.990610059266697,-24.419823245304183,-24.60532377304265,-24.821320155428488,-23.37538635422825,-23.896128083642,-25.013444344406604,-25.273993943641035,-25.54070840741686,-26.456474944083013,-27.40541121164888,2
113848.67+571417.6,0.448,-23.77880025023875,-23.952866148791827,-24.079156141431287,-24.12492467674126,-24.44254140194553,-23.81468571102172,-23.519166207483675,-24.23489371216467,-24.59666391100231,-25.050798700380845,-25.91370107798253,-26.77442628375584,2
113854.14+652109.7,0.412808,-22.6783993884554,-22.88040231969997,-23.263873306881816,-23.35692714825736,-23.68418675674908,-22.05028685466073,-22.31534377709491,-24.141964791490484,-24.155829012698916,-24.879827901948826,-25.198646158943664,-25.921269624939647,2
113909.24+035432.5,0.55484,-23.80045976879956,-23.78447737686733,-24.04756092045823,-23.97912137469606,-24.193368110600797,-23.54169072074413,-23.547107560137547,-24.322265266294917,-24.349113498888915,-25.018079681830503,-25.65362877413271,-26.73022039081737,2
113923.66+002301.6,0.47205,-23.707393218473136,-23.90977690203571,-24.198524827423743,-24.26820871340566,-24.487443292382164,-22.241108667630822,-22.89890794490904,-24.00715802979637,-24.73765817025061,-25.026120124594737,-25.75585398094948,-26.68955354452225,2
113936.62+035311.6,0.314899,-22.19316401722144,-22.3022896574658,-22.66752488058031,-22.725892183432197,-23.112731351032973,-22.39385798123699,-22.572163716813147,-23.08291487515146,-23.43763486793391,-23.974728080472048,-24.65521883730122,-25.279491694440782,2
114022.41+081519.3,0.821392,-23.586107606559967,-23.89432481209356,-24.22498594866427,-24.28853689067779,-24.52889217900644,-22.709799029426005,-23.639587157521028,-24.960914054841226,-25.22174788835674,-25.781274721829007,-25.535324407268096,-26.340589127929714,2
114106.45+513237.6,0.538909,-23.58929817062288,-23.691490145911736,-23.88035388208616,-24.02263313810299,-24.239104498500044,-23.30857217088031,-22.634465505992065,-23.9671779295301,-24.559251800418263,-24.833918448252515,-25.254109753749745,-26.05077879292793,2
114114.61-032623.8,0.756593,-23.89036649399208,-24.11457637790742,-24.53678685308779,-24.70586450365785,-24.835717429710588,-22.04531228381991,-23.302459700352795,-25.118801228970295,-25.563245883324527,-25.924246189285032,-26.711455434381072,-27.642816117413822,2
114115.54+272615.6,0.410521,-23.33862088965696,-23.495721187492062,-23.689669093985128,-23.69639149944155,-24.02750785350872,-22.75217172567802,-22.84402006603054,-24.34451609980617,-24.635674445973795,-24.987153129682685,-25.58957826013837,-26.310865697102496,2
114117.63-001250.3,0.504667,-22.97809900530844,-23.16776466165309,-23.442823544050725,-23.486874164968075,-23.7042422079282,-22.48636939247861,-22.785147992679416,-23.56754382412814,-24.03684543434063,-24.77110204204012,-25.625061857909767,-26.48941691924222,2
114121.75+014803.5,0.381881,-23.102701902348453,-23.18944844859821,-23.394106640362853,-23.415927994046136,-23.685338220133385,-23.338902234720276,-23.320278775539915,-23.8333862900844,-24.31091727111856,-24.90528346634325,-25.424044002763782,-26.183416819853925,2
114156.99+590348.2,0.3823,-22.956593631437627,-22.94597450467828,-23.31615275406325,-23.324506008148617,-23.43328914321564,-22.83789394340406,-22.82196610780953,-23.34918168652335,-23.859635693056845,-24.591750236345327,-25.092157816951364,-25.867928709174294,2
114201.64+603550.6,1.602,-24.52841635902429,-24.83021342870721,-25.12746508144516,-25.261322433768907,-25.61892779417636,-22.44776875402786,-24.10184206053772,-25.4945358893235,-26.55762266021303,-27.06418481859344,-26.801468317704582,-27.480483914494908,2
114209.94+600436.0,0.3477,-21.888031383551745,-22.011065587067133,-22.36985166204917,-22.482499717876017,-22.67101663593339,-21.69004818813994,-21.70056799416237,-23.4216671107792,-23.84039343835982,-24.332629038337977,-24.71706866354413,-25.42384669632457,2
114212.32+301613.3,0.481592,-23.827786509504,-24.083015088512276,-24.459844625496096,-24.505339526929117,-24.70576180594357,-23.29137111752336,-23.365339740166764,-24.70090447414196,-25.064591844882237,-25.49058423276867,-26.40586158825548,-27.28430727480013,2
114212.62+263249.6,0.711754,-24.399991074341425,-24.593508830294365,-24.94745528736014,-25.09390478385098,-25.21447941481303,-23.996315179044032,-24.13544358507122,-25.120480349217445,-25.347043787199667,-25.97357321091992,-26.786699009187,-27.72191845059324,2
114313.45+002937.7,0.64169,-23.11109233014386,-23.4573982011174,-23.8345264475947,-23.87634575794644,-24.08731682040628,-22.47822337853645,-23.026276076235067,-24.539304122977,-24.80035019474336,-25.38259947350508,-25.22985229790573,-25.989895874174568,2
114327.21+431145.9,0.305574,-22.880670408261697,-22.95243383735074,-23.16572208266486,-23.264423009345272,-23.438461634716152,-22.737383803947854,-22.806019945446373,-23.60990973872164,-23.76449933478997,-24.380226100807096,-25.096043060873104,-25.73386642403916,2
114336.28+482543.0,0.62658,-23.481567957469828,-23.65812168763537,-23.91303271160538,-24.008888469481157,-24.17630333739784,-23.102874267150916,-23.466770478612396,-24.337678917159067,-24.566667400740133,-25.2865810425218,-26.13906448603541,-27.05644855372668,2
114639.47+295404.5,0.693667,-23.673869897998607,-23.885916485346797,-24.232397401685454,-24.277788833583703,-24.37581585583408,-22.724705761319168,-23.425149560669613,-24.30829166729097,-24.64178552299717,-24.865003901043256,-25.52159625356868,-26.341298748053152,2
114758.59+271459.3,0.363037,-24.493740945075704,-24.63551384054665,-24.82235670944084,-24.858424387414548,-25.13907929765573,-24.13493766160422,-24.218859540538755,-24.81631129804326,-24.99904626433309,-25.361838769533318,-26.301219544011182,-27.04919711777453,2
114818.88+315410.1,0.550026,-24.039976162951845,-24.141046979712808,-24.378248363445604,-24.359372509837357,-24.556794688123173,-24.24404820910213,-23.954927100458875,-24.201086795735577,-24.39197765029393,-25.095677442491027,-25.70070408264079,-26.585599332215462,2
114826.35+070036.9,0.500701,-23.204867118501237,-23.34369809319602,-23.850980162122237,-23.926220922302303,-24.041561474621822,-23.58652184228641,-23.27322662906086,-24.09295711559373,-24.33392002744284,-24.97138424718672,-25.92131758469832,-26.815801345297025,2
114932.02+290919.8,0.358205,-22.836289018359924,-22.996975987622925,-23.03575220569836,-23.074359345614862,-23.40578889720431,-22.55550491836626,-22.662241270275647,-23.44898820625371,-23.703025449572717,-24.22373514950456,-24.73086065729157,-25.492154321506245,2
115019.21+241753.8,1.334864,-25.66884205441372,-26.252252146745622,-26.72212828218204,-27.128428990974843,-27.66337281244529,-24.669010262661327,-25.78536940197761,-27.854816021946576,-28.23909736704633,-28.906384424810728,-29.82800826466755,-30.362341585851876,2
115102.13+314643.7,0.718227,-24.39966905220061,-24.451906070618577,-24.68867091076972,-24.720191267369252,-24.771291183851133,-24.29126966790392,-24.104018566999223,-24.183065676492465,-24.980491210673197,-25.523554793117757,-26.11154355339444,-26.899185836217924,2
115106.69+471157.7,0.317407,-22.68520876135117,-23.116241979498493,-23.609441064058892,-23.60321069121546,-24.090360437478715,-22.01523728187488,-22.07485877703391,-24.096527561417595,-24.30157138595624,-24.769451251165105,-25.886005374477705,-26.683952196066148,2
115111.43+190800.5,0.4113,-23.111457295687668,-23.243882582533097,-23.539706219322014,-23.550760130245845,-23.96016887704563,-21.96548559396133,-22.30782377777592,-24.01998279973092,-24.485863235221945,-25.04338146560181,-25.9207062413866,-26.76763070324404,2
115139.10+293840.1,0.689818,-24.17881929419123,-24.29210889458731,-24.58152980651053,-24.624908096288003,-24.690349402353995,-24.19617165538517,-24.12555922276738,-24.6357234026945,-25.01884489153624,-25.431914697669832,-26.170781614380104,-27.08961842509999,2
115308.86+303422.3,0.787,-24.381283714221382,-24.44924055170388,-24.72820653537472,-24.975320839315263,-25.015340638721515,-23.10724286196456,-24.069463118037564,-25.15282618143955,-25.566244435769857,-25.669304497250643,-26.64834283805676,-27.53969310861383,2
115312.55+091402.3,0.695929,-23.671514173995472,-23.889410041563384,-24.20733324954611,-24.31525940873873,-24.47859262302139,-23.479610318927666,-23.451821840660077,-24.906760761296137,-25.01705597888108,-25.806122553702885,-26.380228981752985,-27.22611084171131,2
115315.01+320223.9,0.589448,-23.84030392708361,-23.91241008918848,-24.206951265041543,-24.239910823385937,-24.40812616867315,-24.29302413222832,-24.06779920853213,-23.87134553034993,-24.612391538044417,-25.05796157638221,-26.31141326286012,-27.16384593249468,2
115324.01+284810.6,1.015639,-24.07907950738053,-24.299339334225557,-24.566343887927182,-24.61579260101237,-24.839796898477623,-22.677605185235866,-24.18351177164086,-24.851979543474684,-25.195318997979065,-25.60176499009905,-26.745996702123406,-27.6301475411421,2
115324.46+493108.7,0.334,-23.16034130884765,-23.124023283019447,-23.35751143095111,-23.504495415441617,-23.838191287116985,-23.27974416238093,-23.418242537000467,-24.084251398193235,-24.550386195662973,-25.25480801085781,-26.37910094483259,-27.143327346806544,2
115407.94+252145.3,0.336638,-22.93125676210363,-22.965487239590075,-23.166662863989234,-23.26481287591972,-23.456637836989746,-22.699749913527505,-22.709281951914345,-23.531516698189783,-23.93516405058499,-24.368758194131924,-25.35459507834667,-26.066240043373067,2
115412.07+463552.1,0.642677,-24.26227168098708,-24.449823012931866,-24.682463512541595,-24.70781480064279,-24.81396980253624,-24.116771834490606,-24.151658634421857,-24.85235144823517,-25.08444628139789,-25.75266123807292,-26.58362486472309,-27.499375521121312,2
115504.07+034850.3,0.768,-23.81746449330991,-24.292210543070272,-24.52656628561858,-24.5349401447495,-24.685632228859856,-22.013921618708405,-23.761734321550424,-25.321238394459037,-25.60964808031529,-26.02079103004636,-26.599894909279307,-27.410212245591165,2
115554.41+445628.3,0.52,-23.82977851513892,-24.074200428263318,-24.35560957087295,-24.392355368300606,-24.683580430085605,-23.68861124204061,-24.03828837894216,-24.962441900294102,-25.230345010786746,-25.712598406645128,-26.061973619362576,-26.87858401836657,2
115651.65+115636.2,0.645032,-24.596066862024223,-24.856156676130663,-25.21639035497966,-25.28890682464956,-25.47677007628092,-24.04322858769449,-24.22099356272864,-25.55498350868138,-25.716446921570185,-26.07716528072898,-26.45869772357895,-27.296271610477504,2
115652.89+174554.0,0.522205,-24.60019183045696,-24.72955297384769,-24.99895644311999,-25.01641879231324,-25.142450285497837,-24.664614878078503,-24.50593367450371,-25.14710849314084,-25.557081934707245,-26.15563491582087,-26.696398329738276,-27.64490810230608,2
115816.72+132624.1,0.439662,-23.133141125149976,-23.3858526818002,-23.940890626825254,-24.02458370500849,-24.24936840321892,-20.830339074733327,-22.3501534877172,-23.931191032014446,-24.42557699670001,-25.173659804693443,-25.9420182664638,-26.79149612341555,2
115845.32+443812.4,0.633097,-23.19381457077334,-23.462865233186427,-23.67703260795745,-23.80708054247038,-24.03355221087633,-22.83175811981335,-22.671296681473496,-24.379667137876,-24.62058875347643,-25.2782533743686,-26.05735495859713,-26.935482324506243,2
115931.83+291443.8,0.724688,-23.156221676261527,-23.527794084208708,-23.98272859483503,-24.23622105640356,-24.526443823607533,-22.17730841299716,-22.52684492995322,-28.163381946208798,-28.747812472324043,-29.204591161773703,-28.14707805076355,-28.94372622997458,2
115937.47+272819.2,0.72229,-24.127954712198623,-24.238778535202595,-24.493567834771305,-24.515990645662512,-24.60746679438087,-23.832827421134404,-24.225387009117615,-24.547279168764547,-24.847929676297056,-25.44308686402858,-26.433490170496743,-27.351690223922457,2
120056.61+261512.4,0.308106,-22.691241976560747,-22.83708104083576,-23.092540383976115,-23.13216036123466,-23.44702661822899,-22.861717198983456,-23.089780038190657,-24.02388815534643,-24.21593327383579,-24.646932003168946,-25.189529336189867,-25.79862268361929,2
120235.85+182040.7,0.854,-23.53178327266268,-23.77771218558069,-24.0914611915086,-24.354472331234863,-24.64756576251825,-22.637228462579,-23.254910923227964,-25.09475701085147,-25.32108477281481,-25.93485757048224,-26.13336824417489,-27.048983925232125,2
120240.68+263138.6,0.47607,-23.801984326845584,-23.99044322376507,-24.229938611301787,-24.312286645585623,-24.63271797167775,-23.33577788638097,-23.4964620025796,-24.43180984433636,-24.827646656007,-25.03439056755109,-25.827163587790817,-26.578033859497683,2
120348.08+455951.1,0.343,-23.248178346802398,-23.34143925450325,-23.55150815991872,-23.62380012050489,-23.947008429369134,-22.989991108018963,-22.93462675018747,-23.906831116622808,-24.19816888393243,-24.78495879655341,-25.71265900052545,-26.361784742878346,2
120354.76+371137.2,0.399576,-22.45203404228657,-22.628278323346628,-22.795774422256287,-22.93669856629488,-23.29058818821505,-22.016351828869457,-22.20510057417277,-23.717741609583275,-23.99730243239648,-24.666067324911005,-24.9146684563903,-25.57793957386628,2
120407.57+341916.3,0.521663,-22.867646031221746,-23.249938140547545,-23.767179890506902,-23.885009108685736,-24.09159991719244,-20.19188837454031,-21.7219222302518,-23.563374135751232,-24.44627542022035,-24.84383335545553,-25.86417470018866,-26.801726471257076,2
120422.32+380836.8,0.566,-24.11267317248529,-24.23326662852441,-24.52353272760792,-24.55548586298771,-24.742176230431447,-23.867952098094527,-23.850479537126684,-24.442367232218675,-25.07903810521457,-25.54201311133148,-26.50390791867659,-27.370638466439782,2
120424.03+433056.9,0.662643,-25.36849472308737,-25.535361646794865,-25.843656533951687,-25.911748261651734,-26.006800053844145,-24.61743247995396,-24.857555203566942,-25.820377143141208,-26.01868954399462,-26.703350880317387,-27.86996621088034,-28.82321035793164,2
120443.35+171522.4,0.6045,-22.768076396046087,-23.199088100398352,-23.378192510959675,-23.54366341494821,-23.740452465405323,-23.07205897482793,-23.220616442992,-24.742710443840203,-25.007380626276763,-25.54138130046936,-26.08285780266053,-26.992905433290105,2
120549.42+180311.5,0.4975,-23.21288809438779,-23.34091755956703,-23.695350129553205,-23.80147331863905,-24.037057327261856,-23.389204457221062,-23.032941654106384,-24.29574871323877,-24.73388815542066,-25.56158405317026,-26.052324456304195,-26.93278284096327,2
120554.53+510043.0,0.697116,-23.77910151980859,-23.938362615827423,-24.28840536371186,-24.45424535751389,-24.55036901102033,-23.51501312067058,-23.49341743057952,-24.248393334302847,-24.62516423919789,-25.302033643296635,-26.218429869577413,-27.09068848728555,2
120629.36+281436.1,0.293153,-22.2716045653564,-22.67530150951563,-22.990325849373832,-23.135079442748832,-23.341999961869224,-20.68905082599888,-21.300422310092333,-23.408975408960902,-23.679922180613964,-24.226709164035803,-25.12136693986368,-25.763480370121364,2
120629.72+240816.2,0.4872,-23.068042654631917,-23.26857092679348,-23.57458906263752,-23.552516689117898,-23.864861289368843,-22.19944617157049,-22.72752891208968,-24.14014154653997,-24.649347290886475,-25.222659311455622,-25.49996871714361,-26.421643986503632,2
120714.04+292236.8,0.381361,-22.2951488034268,-22.38312932203193,-22.61610545899189,-22.83182502970198,-23.297286712566283,-22.04771631580983,-22.22470667274392,-22.89587151838595,-23.60363333882876,-24.277551795668384,-25.357789143529416,-26.11321363710869,2
120751.79+604706.6,0.385,-22.557975706476668,-22.865242315819625,-23.189028057167143,-23.24891885065368,-23.48194159016368,-21.958373745990983,-21.66891888422281,-23.38978647023253,-24.180935825415258,-24.497813500500456,-24.71013833495235,-25.364520491188014,2
120754.67+280259.9,0.354237,-22.43327120664572,-22.791429197638973,-23.10381162029077,-23.23675663588302,-23.680518808007804,-20.99642638148809,-21.664006289999374,-23.72537531445222,-23.959953926861857,-24.41880598203779,-24.91481969842069,-25.65261278580193,2
120806.18+171253.6,0.5485,-23.49963678145106,-23.78278014150049,-24.0834370863832,-24.135421011651268,-24.37598114560397,-23.12480110048652,-23.175812415804263,-24.447649413839308,-24.70390078258724,-25.143045400860668,-25.504990805412326,-26.44054371653576,2
120821.99+221958.1,0.7448,-22.9855182581086,-23.363760917457984,-23.783873630433355,-23.92230318977133,-24.141823092388893,-22.525902883089763,-23.27814990170692,-25.22135660285367,-25.235363266268312,-25.43313224798751,-25.483728687960937,-26.22771678917785,2
120922.78+411941.3,1.364,-24.22415228432796,-24.70967241484818,-25.14728868231428,-25.54254305968116,-26.06828837387168,-23.05993493013416,-24.47013682467785,-27.17729951930528,-27.482138488311254,-28.09994026475139,-28.15605650322477,-28.608108467400807,2
120934.19+403425.1,0.684523,-24.030892189950205,-24.10636640795031,-24.385033403373303,-24.399953834310946,-24.49263187846247,-23.83640865842748,-23.78317485178823,-24.284031122777197,-24.59111948955351,-24.729818198063622,-25.78236315542962,-26.632512374505403,2
120934.46-022245.3,0.642869,-23.494618402903964,-23.67895414103659,-23.95989278267537,-24.13295341936441,-24.273688771044142,-24.30288033983121,-23.98627759570136,-24.367939355397883,-24.715749744356685,-24.82687531684029,-26.13422211409576,-27.022607155180825,2
121007.05+574423.4,0.299715,-21.069714393552207,-21.412514864636456,-21.91396643442984,-22.148606128143506,-22.176470503659964,-20.068149897212248,-20.919306310050363,-22.75347924444093,-23.57283856529781,-23.758692674087392,-24.29446673098038,-24.92333078363493,2
121102.13+033559.0,0.92545,-24.599820904211978,-24.71962343788938,-25.011483625091586,-25.05488125698958,-25.20021062806639,-23.981345377881595,-24.803075900775884,-25.073422916302327,-25.459169644167464,-26.00193154579635,-26.66521728710668,-27.49867934549245,2
121220.02+455138.2,0.386,-23.66077528034559,-23.81160089986685,-24.189420399227224,-24.17328195118136,-24.2701453900215,-23.332380082397897,-23.365049677190623,-24.301403303642736,-24.88400764357454,-25.473840864611144,-26.176708353795657,-26.973945897701128,2
121226.12+211329.0,0.8413,-24.52387218929653,-24.559689184146524,-24.877586849716614,-25.01205725152735,-25.15322712162704,-23.736164763391265,-24.34538754801592,-25.22582796466534,-25.298584033359507,-26.052261973251227,-26.96356457046007,-27.863289724046854,2
121248.04+615340.4,0.609069,-24.709012662631828,-24.809094277170352,-25.00418329727316,-24.98511729423556,-25.171795380847072,-24.55265626971331,-24.26041827519176,-24.915043779816912,-25.05357275561818,-26.0277273740596,-26.53536970536724,-27.36772958225722,2
121300.79+512935.6,1.221028,-23.334282001431223,-23.80778219086581,-24.204939756716044,-24.55986666929141,-25.119090418069337,-22.08780227043668,-23.06791813349687,-25.8445450659624,-26.30486030625645,-26.61435785019331,-26.756502378926893,-26.974647901733885,2
121332.17+130720.9,1.141,-23.8628256600659,-24.21938701833898,-24.579751749433218,-24.82171323914138,-25.25088042096468,-21.02464499373105,-23.760699421043576,-25.81376767075184,-25.8356319359964,-26.59469812662548,-26.330357684193874,-26.8260525468106,2
121340.21+255156.5,0.6962,-23.71816441483885,-24.0997364487222,-24.49401113921036,-24.653030180736422,-24.833799772304683,-22.816267745706813,-23.35502872728333,-25.213521590618765,-25.114272686670624,-26.080277833725923,-26.677116974013984,-27.68775820170658,2
121425.55+293612.6,0.308589,-22.75546995572717,-23.03082594345228,-23.26471111284103,-23.399430892859822,-23.73732505610849,-21.94387322755995,-22.181664508099065,-23.435448280107085,-23.73407608217333,-24.1761805393517,-24.79386452427992,-25.263123092242168,2
121507.55+174012.5,0.3044,-22.64779794780229,-22.887333147949988,-23.189991656771674,-23.255865395884506,-23.49326873174618,-21.68340671759477,-22.29676076401209,-23.707360894638803,-24.153054352186167,-24.77172167768669,-25.388730380693485,-25.953897761575057,2
121509.22+330955.1,0.61592,-24.838142164513307,-25.048609306064897,-25.37909094703013,-25.33776246565656,-25.480727990625955,-24.865070377058156,-24.877694339251843,-25.51366136220244,-25.689349980741184,-26.01703540866836,-26.76351229715037,-27.603494894389097,2
121549.90+670621.7,0.264,-21.67804505113248,-21.88956565308345,-22.279400656707868,-22.38354470231503,-22.734920138789388,-20.66746571942768,-21.085989792168817,-22.851465228503585,-23.325029607979253,-23.672662714804478,-24.20206914219713,-24.69589259270393,2
121552.21+182056.8,0.431,-23.56412452319521,-23.698791781735792,-23.8298254041684,-23.80386765530428,-24.04952289109442,-23.39203808208128,-23.26418561531146,-24.00830795303841,-24.44714305941741,-25.02325042565025,-25.14139215470624,-26.01973679259096,2
121633.56+181907.1,0.4492,-23.48361367236479,-23.52849190985144,-23.821945415221396,-23.697797840231026,-23.826678075748603,-23.39052891699012,-23.155684740865095,-23.79374238574426,-24.310099459986496,-25.08835249939193,-25.89025583751292,-26.65302461842093,2
121640.56+071224.3,0.587563,-24.73076375599629,-24.897864925367244,-25.076097876101446,-25.0591238443301,-25.186868805819948,-24.51048447122265,-24.38847011789537,-25.109736004319384,-25.35981994354793,-26.12791538245014,-26.59132681615036,-27.420677757992618,2
121649.02+174804.6,0.373,-23.56296459531006,-23.739286971558,-24.013064837699435,-24.045477700281516,-24.27413958508568,-23.438279833554063,-23.551173759450812,-24.237578017664188,-24.76630596807759,-25.245964843260715,-25.51698188905999,-26.47125710559944,2
121708.54+662447.4,0.586044,-24.583886673575183,-24.69086945606203,-24.9061677967151,-24.900978743987945,-25.081573813529754,-24.444859581281538,-24.241163723791068,-24.65980313173423,-24.726730923969736,-25.456380416918687,-26.229029140813186,-27.176211001257343,2
121715.26+274950.9,0.395,-23.4555675680532,-23.565322853465275,-23.694837992073573,-23.73995680224265,-23.95382405893204,-23.015923581637114,-23.162791631473134,-23.668468735017367,-24.036851090782385,-24.486761937572957,-24.748942613139505,-25.565828156575435,2
121716.08+080942.0,0.343511,-23.51641127331677,-23.626400816566,-23.80456529539212,-23.83003719693868,-24.25798640852792,-23.38973091534908,-23.579944388938003,-24.556803779613283,-24.695047810002052,-25.05540323261009,-25.417995607703787,-26.09056226404208,2
121721.41+305630.8,0.300399,-23.01607543687096,-22.99600352024777,-23.332310538093555,-23.42123923998856,-23.921948257754643,-22.484610638318184,-22.559072205268052,-24.29475702696841,-24.954132324278405,-25.490563485424985,-25.34986162779705,-26.00368589061322,2
121756.87+252927.5,0.6793,-23.24200254867477,-23.46997309549079,-23.86478740391375,-23.904730230784384,-24.085795823404755,-23.06567192449872,-23.442536785763316,-24.031652542245897,-24.4707817104294,-24.663619879787472,-25.266180456163305,-26.0831173436248,2
121850.51+101554.1,0.542691,-23.964462964938537,-24.09395870124873,-24.422535775916867,-24.48017814628584,-24.651311492809253,-23.682744024899407,-23.65884143545226,-24.29575524912056,-24.769948744439876,-25.20752715894659,-25.94171454731969,-26.775504698428467,2
122035.09+385316.4,0.375879,-23.60457880943446,-23.83305093645074,-24.30927181065409,-24.33949441184513,-24.54158498801475,-23.267375675237066,-23.496813293974103,-24.29938855563112,-24.780685279593914,-25.39628301535504,-26.177013054272287,-26.91705416107657,2
122035.48+484313.9,0.44543,-23.049157963229764,-23.355858715016947,-23.779689528484035,-23.764629694356504,-23.88721369110251,-21.963584238215635,-22.31458401066386,-23.87459614286042,-24.46273927044963,-25.414313223994743,-25.997118702244126,-26.84471218082732,2
122106.87+454852.1,0.525,-24.05695592296277,-24.15060459938978,-24.362306820193588,-24.36001401415211,-24.49197871245345,-23.842701806054315,-23.739484228591373,-23.75698845652373,-24.196903668369767,-24.90192919888481,-25.81394688606014,-26.658558281667705,2
122317.79+092306.9,0.682359,-24.315666054008897,-24.336799429354635,-24.553049217521554,-24.680789393111645,-24.78691852276981,-23.79675703586161,-23.74363116140616,-24.68986798334377,-24.973040539827725,-25.48073614356751,-26.00572022573993,-26.862333165885723,2
122346.52+274232.6,0.662035,-23.68287631190577,-23.72036263294332,-23.999640628259428,-24.074864144417965,-24.13476506002609,-23.54458976243464,-23.44663024533737,-23.559087299968525,-25.05953329531069,-25.13077685038417,-25.984805140209364,-26.83342056543748,2
122400.84+203205.9,0.6339,-23.15620003071484,-23.393429986725003,-23.650607174052087,-23.73310725326693,-23.85639181399205,-23.07650520043953,-23.07969861349576,-23.98338004448411,-24.692739839284908,-25.09118448644461,-25.640063093949088,-26.498497149317465,2
122454.46+212246.3,0.4335,-24.914622759894115,-25.10207440824662,-25.231413658245607,-25.16324212145225,-25.484153763560315,-24.62791867736516,-24.89551389902544,-25.459463683351046,-26.017341433003697,-26.570750545605037,-27.977881189400826,-28.78054493297692,2
122503.37+293931.0,0.479527,-23.076763871395027,-23.433745708177074,-23.86976958224465,-24.014201359437354,-24.32691298217121,-22.02101806012495,-22.621788263082184,-23.673959637854274,-24.170568727733794,-24.618626093386435,-26.41516598748671,-26.95496085259991,2
122512.93+121835.6,0.411841,-22.98549481639593,-23.15991776943024,-23.35390688169353,-23.463748392825348,-23.921515659561084,-23.427199239048864,-23.61791349285461,-24.054427832777936,-24.4186831582323,-24.90116343701541,-25.566507729519103,-26.28068840762748,2
122517.95+222018.6,0.4364,-23.310549637903787,-23.367131221309613,-23.574460995180303,-23.58099089358337,-23.815114662075057,-22.461500903717678,-22.90959584063608,-23.768964754780008,-23.938106584338698,-24.83042103278106,-25.402805051268817,-26.27573812444436,2
122525.89+305920.2,0.78,-24.446205033508832,-24.51545464106778,-24.77351692627829,-24.91553463678129,-25.04414498439685,-24.165598928045164,-24.33239978124133,-25.075307265906023,-25.34796459036698,-25.763867018027504,-26.854966349960225,-27.8040184359612,2
122557.86+364907.7,0.476991,-23.825948317513685,-23.943998746893108,-24.29270648763184,-24.313336949044903,-24.4587816571836,-23.6701155015642,-23.66394241977305,-24.568214182108665,-24.79259527482784,-25.504568492352128,-25.92937656363271,-26.875768741525437,2
122631.50+205522.0,0.6819,-23.675821054760497,-23.891457677517263,-24.28166338051321,-24.39141554394471,-24.51114982463324,-23.598358380111048,-23.44234960529695,-24.691255992140285,-24.9020049999958,-24.98516441659789,-26.17639348514067,-27.09029660386764,2
122806.90+670844.1,0.444032,-23.862156191323443,-24.090587690511526,-24.3219729171446,-24.36157719488605,-24.65771855389192,-23.9401656225814,-24.13477686627768,-24.578180163285538,-24.64268452440898,-25.077641465724646,-25.832266488697524,-26.57338227516954,2
122814.04+322621.1,0.540348,-23.24412027253245,-23.42127167324196,-23.640588657380384,-23.642280959681592,-23.825633768765798,-23.29919674860409,-23.19817778906097,-23.7344026676028,-24.231926643335143,-24.564464573915643,-25.13162710213107,-25.9362589113294,2
122853.69+191937.2,0.5537,-23.027780303458968,-23.256272011901697,-23.555735512817368,-23.628492749765904,-23.86033796861569,-23.290569636483998,-22.990132026036758,-23.62940133917057,-24.45461524772519,-24.80516276393379,-25.400251122522697,-26.36898006932568,2
122855.08+671927.2,0.693638,-22.902546098082663,-23.2505259438267,-23.745463781730123,-23.91975586193542,-24.069649869366614,-21.60723334160627,-22.23427313687261,-24.094711167734022,-24.93947526153048,-24.956429806338697,-25.848645480639608,-26.76214962714183,2
122924.14+410509.6,0.68603,-24.431897503610596,-24.55357002547433,-24.83490692001833,-24.956749918074877,-25.022066760487725,-24.01814392533693,-24.0458459073259,-24.97045535343096,-25.162675321412262,-25.432715670344678,-26.134259075339703,-26.99585421127569,2
122938.06+492227.9,0.638,-23.384750415375336,-23.666275176368828,-24.014557744226455,-24.207317751545997,-24.437082638040582,-23.597582430472038,-23.401611239771707,-24.439131484546213,-24.84428874497954,-25.65359206145189,-26.371234073125603,-27.216842367087924,2
123038.05+162541.0,0.84,-24.079314277705443,-24.30293781553318,-24.642591553710066,-24.70363148041656,-24.88125363098929,-23.880064824111816,-24.43162977172188,-25.05086697512373,-25.233152636784187,-25.63473392027567,-26.090397965920623,-26.932070262531365,2
123046.35+650606.9,0.477503,-23.462437003034346,-23.59965878026872,-23.88408903889296,-23.91325579658297,-24.072195500066297,-23.526654251642995,-23.141928674153466,-24.2100293370772,-24.40742983252001,-24.98399587485901,-25.63962806709468,-26.44509065347989,2
123115.20+590707.1,0.32598,-22.635433706234288,-22.793886683182404,-23.05299553624508,-23.229007949487126,-23.470934957101857,-21.788363476543203,-22.227087705721097,-23.501572431168796,-24.02571797670012,-24.334092298558257,-25.13984155737213,-25.842735792237065,2
123117.00+395643.4,0.357518,-22.488511915429893,-22.86591354989965,-23.293575404939773,-23.331535197802104,-23.692468956722013,-21.995154547508427,-22.346358323959823,-23.57805079963853,-23.874226884193217,-24.543515403821637,-25.38702564174608,-26.19100570064148,2
123118.08+552825.3,0.573148,-23.46370856712508,-23.62642990034758,-23.85003366056085,-23.877757967229616,-24.043497592443785,-23.085761275717136,-22.833128257262267,-23.956614338737023,-24.969184984579467,-24.89328561985236,-25.37842391945478,-26.22793368798731,2
123215.16+132032.7,0.286016,-21.188470876822446,-21.467484273859995,-22.051596951535213,-22.4011979196185,-22.71177433343893,-20.638862794422064,-20.773443806649382,-22.73403741428972,-23.41245422199532,-23.59108400161687,-24.55216934801848,-25.163915015358157,2
123247.41+203745.2,0.5673,-23.172926899193317,-23.33540090775353,-23.655370145836283,-23.65318108067574,-23.88389940413593,-23.054708373110035,-22.982344028159137,-23.90611575594374,-24.202883398895885,-24.22473059626976,-25.293860807583908,-25.996541814393414,2
123248.69+141426.5,0.33227,-23.03272099023528,-23.177071146519484,-23.53089026157278,-23.67069214468892,-23.80397632331204,-21.75122718425019,-22.32830833164163,-23.7150480080498,-24.04067263526568,-24.6678399162136,-25.27232956486235,-26.049166028960705,2
123250.30+433227.3,0.319115,-22.44748635303192,-22.70238558191855,-23.115455916989006,-23.201262143546284,-23.58217452865658,-21.7549874678529,-22.223298114757004,-23.689454965438497,-24.118628519946693,-24.494460964711323,-24.89091961292113,-25.61553920662621,2
123325.78+093123.3,0.416022,-24.535933141036548,-24.68045246780265,-24.936760445107268,-24.98528262425078,-25.27935456807136,-24.659978042462807,-24.626054734858595,-24.791955585472007,-25.29193088875734,-25.631187448750897,-26.756635122858626,-27.685907057364023,2
123335.07+475800.4,0.382,-23.408198759923486,-23.516948177551395,-23.597155000805976,-23.715016869295223,-24.04166976406154,-23.13845988401798,-23.2903321857182,-23.889498609449387,-24.360202329408686,-24.72575629916373,-25.6007250993655,-26.396615229896224,2
123348.24+060056.0,0.978,-24.540710023531048,-24.73222668933369,-25.07684298380052,-25.161588806926044,-25.43152380519392,-23.62551333008372,-24.23390035670463,-25.68036811357897,-26.022426283581307,-26.128277441636573,-27.135419629058266,-28.07300627376819,2
123426.80+072411.3,0.844509,-24.750779195711768,-24.866885097274597,-25.231746612072936,-25.40184689443113,-25.567068462706416,-24.171748896162956,-24.52949545323165,-25.74559788964594,-25.96681088134165,-26.236323243348867,-27.02182222583799,-27.998785254465563,2
123516.14+462309.3,0.545,-24.01524528710484,-24.216883547235767,-24.558422360010244,-24.618910258488096,-24.747332967097947,-23.62680322941098,-23.72550206090607,-24.751385325819665,-25.25174716960139,-25.938003486824183,-26.69103018482833,-27.611554828360447,2
123527.75+121338.8,0.727,-24.10064107327266,-24.252203991724915,-24.64410363325772,-24.815987175211315,-24.931140012759894,-23.48411520373294,-23.832263647347744,-25.06051652905097,-25.24491548639084,-25.83971869014864,-26.87538601168316,-27.82731759643521,2
123622.15+603020.6,0.422429,-22.874117030787268,-23.11151902895419,-23.331424719226707,-23.438128757401884,-23.720009151650427,-23.04789675824925,-23.048360379111767,-23.51069417317971,-24.2007562786285,-24.63729671526672,-25.42091580593475,-26.245217919375424,2
123734.52+253820.0,0.5544,-22.598953092229003,-22.774344850583184,-23.096310417762613,-23.19035459609058,-23.323233625521876,-22.75434330658917,-22.71249168430609,-23.777385492782333,-24.16773510873573,-24.688007569397023,-25.466117204051088,-26.23389665179997,2
123820.19+175039.1,0.453,-23.900445747506232,-24.41825809590893,-24.96974758745789,-25.020919581271723,-25.181542956559724,-21.140842944938857,-22.6984714180343,-25.119132219167465,-25.80666311395852,-26.76939072640261,-27.75418878437812,-28.78780004697632,2
123852.78+152658.3,0.315323,-22.56958838397445,-22.84584297024382,-23.171549012017262,-23.282482403762742,-23.713252378223583,-21.70918347866625,-22.02111316187641,-23.452106027274468,-24.04891002079053,-24.60457410613585,-24.70181745863053,-25.39142904065351,2
123931.00+350151.8,0.44342,-22.81983868490643,-23.02110230158604,-23.43644028901765,-23.4409703215642,-23.59540263041595,-22.300485360790624,-22.512275825970693,-23.988890307857137,-24.48728442008676,-24.921693997511262,-25.402390817868604,-26.41133564981728,2
124021.17+093346.3,0.74096,-24.230888389115652,-24.39524123892186,-24.66842406528733,-24.76154968729733,-24.818975414567,-23.57719069878448,-23.98778994529684,-24.839989381749312,-25.31286824737258,-25.89694158859366,-26.247160919450604,-27.10719034589839,2
124035.60+502846.9,0.722,-23.89988029580758,-24.030491706629093,-24.37775700119353,-24.46300510187131,-24.59820073103661,-23.72542342774255,-23.63502815759761,-24.616020154928226,-24.91569832137392,-25.02155567760784,-25.76466867647767,-26.610781727385987,2
124125.42+210023.2,0.5131,-23.13336234757868,-23.25297122236028,-23.612644279660525,-23.640269473010047,-23.76117034472012,-23.182776103267493,-23.120762040921843,-23.844763644059025,-24.301317405633537,-25.242797840867667,-25.69283162547136,-26.492713894015896,2
124129.64+285212.0,0.589669,-23.50227133426478,-23.721879187348875,-24.023682696254745,-24.13638207216736,-24.287820654604253,-23.83633209672613,-23.545978663405,-24.482430212474043,-25.00074608199849,-25.44610791634888,-25.85944126186975,-26.864608130910423,2
124139.72+493405.4,0.473804,-23.337995107388576,-23.64899421738004,-23.91513151359877,-24.004519616560703,-24.246868023831876,-23.263433029758616,-23.428110215184542,-24.22923046553313,-24.776533672126096,-25.032304630470392,-25.70086193988737,-26.508736911633573,2
124220.83+192302.5,0.5446,-23.180337309486923,-23.325938371689617,-23.638186456798216,-23.782306439834493,-23.947840955983896,-23.15239958534127,-23.266328755093166,-23.745017106200997,-24.26068468983515,-25.023498246359573,-25.660803646916825,-26.528352975567486,2
124237.28+173819.8,0.4579,-23.03014299415772,-23.227219517160897,-23.456098143873312,-23.39715713015535,-23.601591082485776,-22.94181332631612,-22.89258848614161,-23.76988579238682,-24.438643815668083,-24.665211842365824,-25.444417964632333,-26.27077300917433,2
124247.15+020817.5,0.789926,-23.84958958154932,-24.345498307202693,-24.72796192226244,-24.914039151803298,-25.16595773398095,-21.97442818163617,-23.39654740288858,-25.308806844621177,-25.577886889410635,-26.097918266458286,-27.136093180351008,-28.098463215987135,2
124307.57+353907.1,0.547412,-23.828407778588304,-23.96700874070433,-24.222390681955343,-24.261156042496594,-24.41736914894361,-23.740145910658637,-23.454835639827763,-24.600576477231886,-25.13018428442921,-25.208084644710187,-26.057338655808238,-26.85511911270768,2
124307.85+345943.0,0.536152,-23.810623827425477,-23.90567125302005,-24.13985068939456,-24.15442490640924,-24.342968251190783,-23.463693565275765,-23.56826775904322,-24.246128830064787,-24.84149481180313,-24.943544442568207,-25.804437493334028,-26.58129843567293,2
124326.48+172937.3,0.5481,-23.767547343969667,-23.9164587491921,-24.224780375507255,-24.256107399887565,-24.47085157405178,-23.663768344233556,-23.58308981438119,-23.986659338419887,-24.19909031125702,-24.73576456458209,-25.32375373658279,-26.116636678228325,2
124352.31+082824.0,0.3846,-22.6423009646462,-22.74725023184038,-23.015361333342327,-23.16822854632192,-23.483465370759674,-22.613502383997982,-22.71369951070033,-23.752167695079194,-24.409670796445155,-25.116052337623223,-25.29490023608472,-26.10047157608762,2
124613.12-004233.0,0.650661,-24.917225021549733,-24.988156691991957,-25.20354503158697,-25.35317740686583,-25.48556727736415,-24.3709293847273,-24.465449294632545,-25.247748406715903,-25.54246794350769,-25.997808616769824,-26.76549696959309,-27.63851644677277,2
124629.84+265220.5,0.4527,-23.11959043828644,-23.368193013470915,-23.707316946605356,-23.738892409510857,-24.080584691288934,-21.404253153734796,-22.168299739667752,-23.93975928657407,-24.686411635186573,-25.100382571438583,-25.83087868224725,-26.606762775624247,2
124645.16+231240.2,0.9686,-23.878631845554203,-24.03484473881517,-24.352261848399827,-24.47494539188316,-24.63305630052399,-22.28388526204688,-23.756358759642985,-25.076878618926504,-25.31363416292967,-25.735775587933755,-26.237257366992463,-27.19824437156596,2
124705.52+395737.7,0.454383,-22.9834008798862,-23.25417796328068,-23.51572909708628,-23.545448487638925,-23.764362807041383,-23.240272509439563,-23.10278962262547,-24.115857669360643,-24.437579196425908,-25.17173223137486,-25.585309683799583,-26.35114513675725,2
124803.81+122807.1,0.62673,-22.82411604080353,-23.231170631198736,-23.43439054849184,-23.49183253747126,-23.607931112693866,-23.56853845958588,-23.67974176409384,-24.069109170859573,-24.42526188893961,-24.61234697136668,-25.263987393791005,-26.075245307229157,2
124817.68+110040.8,0.6453,-23.195456198501542,-23.52921229874702,-23.90104130693813,-24.112865651197087,-24.256714042182317,-23.207729485594736,-23.19721902032412,-24.548762445979747,-24.687469103489093,-25.61786334149952,-25.83353920548679,-26.729141423036733,2
124840.43+241240.5,0.5077,-22.88093524809304,-23.16539448598293,-23.64021763655856,-23.726026176722456,-23.94058186895334,-22.087814337955223,-22.294385960629796,-23.53800087758209,-24.59962976163451,-24.8936408541825,-25.81092973027636,-26.75946555482753,2
124905.47+475825.4,0.616,-24.260362787252905,-24.500751519930457,-24.827390734571324,-24.900693983828305,-25.049148309499564,-24.635417825393496,-24.274026527471182,-25.141375415322937,-25.427936229543768,-26.048470699053617,-26.41295947031681,-27.43711984947029,2
125001.99+175302.3,0.7186,-23.543312848289133,-23.75839192504705,-24.127032445161124,-24.302604382059567,-24.37718224561952,-22.11037933990476,-22.81788815059341,-24.360149305470443,-25.10285014034337,-25.42260707886833,-25.924133692163885,-26.846918818645538,2
125036.22+175705.5,0.352,-23.57552046015561,-23.526313141943625,-23.654021183644467,-23.671484871850076,-23.961882525182045,-23.70981781032925,-23.659704545318064,-24.09965684564065,-24.61223307177814,-25.356062336658148,-25.98467632042003,-26.83245372997942,2
125050.32+312553.7,1.029,-24.45878320318981,-24.56316847395316,-24.827503071814508,-24.95663704276267,-25.185653876938616,-23.48059166376397,-24.294451375373725,-24.973281029578622,-25.425075281855435,-25.79583959393161,-26.5962653253914,-27.5042195791152,2
125100.31+302541.8,0.65274,-23.72454244893297,-23.976799993715225,-24.277225495199858,-24.205756709597026,-24.330606166395377,-24.36882574383464,-24.244194674252512,-24.426103789711576,-24.729815583046072,-25.31429429708598,-26.3408493660014,-27.184860614867603,2
125157.90+061341.6,0.3747,-24.006383765860967,-24.03023650469256,-24.308744942370826,-24.349465368262727,-24.28794424292498,-23.28817901405269,-23.81850611793552,-24.355855895074157,-24.674341576600707,-25.046320849142933,-25.725997128333656,-26.47635807877702,2
125304.50+024704.4,0.538717,-23.28612676511573,-23.483552691061245,-23.69818243060877,-23.71410758521931,-23.86854623167328,-23.482409429402782,-23.2932465067004,-24.091534060099445,-24.51675483313339,-24.68767210022316,-25.237600453827092,-26.133000383832275,2
125311.91+530111.6,1.38,-24.128842623310383,-24.751421102129687,-25.26601746397859,-25.709755740827053,-26.24369550265972,-22.329123658552508,-23.936144604382037,-26.695084124210897,-26.80573399347886,-27.798747103939547,-29.183655404073527,-29.61475341164232,2
125336.70+203730.8,0.5906,-23.16395398678218,-23.29550857880512,-23.623462432374332,-23.81027618014476,-23.939499269078112,-22.97858106105093,-22.979455679106824,-23.83406603329622,-24.15701690469784,-25.136992426933105,-25.920226512094803,-26.794860985582662,2
125415.55+480850.6,0.502,-23.555367379598376,-23.85343057791149,-24.12430834566305,-24.162866485128045,-24.3583540619501,-23.371931249418168,-23.239425770246065,-24.05502552371135,-24.934484402650423,-24.928454698070524,-25.781664996523972,-26.616822994546556,2
125436.40+053720.4,0.511884,-24.33947925060692,-24.51346927914036,-24.700339660492958,-24.734994889238088,-24.936725806375104,-24.055735347973368,-24.096605142833592,-25.06345313809349,-25.44205122723784,-25.871143273387087,-26.194211140848257,-27.06455010323146,2
125519.69+014412.2,0.343018,-24.4581442867849,-24.589846011553472,-24.75819784556215,-24.72102140528829,-25.11424663292061,-24.10544319755755,-24.06890153042769,-24.714881924080416,-25.085937613571677,-25.69251294497177,-26.679220537170718,-27.430739056679915,2
