SDSS_NAME,M_u,M_g,M_r,M_i,M_z,M_FUV,M_NUV,M_2j,M_2h,M_2k,M_W1,M_W2,community,u_g,g_r,r_i,i_z,FUV_NUV,j_h,h_k,W1_W2,opt_mir
125531.96+594003.2,-24.65748696656392,-25.016737239594608,-25.34489880070044,-25.51490381204448,-25.79283210483518,-20.279215639088896,-24.52744815302723,-25.991008478490485,-26.050471037767498,-26.278723598671,-26.887872134503144,-27.766242011372324,5,0.359250273030689,0.3281615611058335,0.17000501134403834,0.2779282927907012,4.2482325139383335,0.05946255927701216,0.22825256090350265,0.8783698768691792,1.3729683224586644
130118.47+012136.7,-25.26616412788484,-25.286190841631544,-25.604837010878025,-25.80480096805048,-26.08078501985875,-18.124289768266205,-23.977576767044287,-26.51016064881073,-26.365248679330648,-27.016318044858647,-27.1456753214995,-27.690827652377607,5,0.020026713746705838,0.31864616924648104,0.19996395717245363,0.27598405180827257,5.853286998778081,-0.14491196948008067,0.6510693655279987,0.545152330878107,1.3408743534490206
130157.31+214825.0,-25.14993122861409,-25.241255112412222,-25.713458624330997,-25.89688744853871,-26.089629752722782,-18.48801572064052,-22.61507805951937,-26.44787494043597,-26.85454035869473,-26.74616518450968,-27.061362732471657,-27.92082920972622,5,0.0913238837981325,0.4722035119187744,0.1834288242077129,0.19274230418407257,4.127062338878851,0.40666541825876124,-0.10837517418504916,0.8594664772545642,1.1644752839329477
130307.05+043735.8,-24.961143371399974,-25.38881087355377,-25.67512161893235,-25.78090323824248,-26.054581872165063,-17.254357709112575,-22.803201978529547,-26.3791055762171,-26.846110366103403,-26.720083342807467,-26.77289768580653,-27.67406335159424,5,0.42766750215379545,0.28631074537858225,0.10578161931012886,0.2736786339225823,5.548844269416971,0.46700478988630323,-0.1260270232959364,0.9011656657877083,0.9919944475640499
130616.67+310529.2,-25.07907292310516,-25.29113097299084,-25.679871228476497,-25.795902688371083,-26.02663906942692,-17.158473550415426,-23.819315048414943,-26.711839030119773,-26.89392958982336,-27.026688346979864,-27.145489542591235,-28.079235915684237,5,0.21205804988568033,0.3887402554856578,0.11603145989458596,0.23073638105583782,6.660841497999517,0.1820905597035889,0.13275875715650187,0.9337463730930011,1.3495868542201528
130855.67+542854.5,-24.418349753851118,-24.563176754117467,-24.878294694481895,-25.05268806189802,-25.264126398271056,-20.41315099754953,-24.347069142390133,-25.245078114088464,-25.38235272824158,-25.805453069475405,-26.53847904579342,-27.334838809238608,5,0.14482700026634987,0.3151179403644271,0.1743933674161262,0.21143833637303544,3.9339181448406038,0.13727461415311737,0.42310034123382323,0.7963597634451887,1.4857909838953987
130900.18+103737.4,-25.26580723678948,-25.54119780463527,-25.813734725006647,-25.869479607899688,-26.10674104084761,-14.512625739373098,-18.84030323988536,-26.26721771539045,-26.25470720494972,-26.87898808279803,-26.88824079443764,-27.92636680568312,5,0.27539056784578975,0.2725369203713761,0.05574488289304114,0.23726143294792124,4.3276775005122605,-0.012510510440730371,0.6242808778483102,1.038126011245481,1.018761186537951
130944.98+222632.0,-24.61253540616317,-24.96967698345762,-25.36218539595711,-25.3982474853662,-25.63202582629272,-18.580049374546626,-22.94201549308755,-26.212417800817445,-26.432969942727464,-26.63111381505778,-26.48600166592804,-27.447327556624284,5,0.3571415772944526,0.3925084124994882,0.03606208940908928,0.23377834092651995,4.3619661185409235,0.22055214191001937,0.19814387233031638,0.9613258906962443,1.0877541805618414
131023.18+192959.9,-24.3062228806237,-24.623215467343147,-24.96352884494373,-25.145039079539885,-25.398438087895546,-15.082411560298748,-22.712623225714843,-25.868923431913217,-25.945963647332533,-26.09150894422545,-26.65007741685656,-27.75522354927431,5,0.3169925867194472,0.3403133776005838,0.18151023459615345,0.253399008355661,7.630211665416095,0.07704021541931638,0.14554529689291584,1.1051461324177474,1.5050383373166767
131153.59+235323.3,-25.144479906539253,-25.464701061846142,-25.74410246959649,-25.87226397354169,-26.139014402623555,-10.438181900715076,-22.889442139261245,-26.448185410602058,-26.64630389959314,-26.72471500253931,-27.028318654439904,-27.72346399951392,5,0.3202211553068892,0.27940140775034905,0.1281615039451971,0.26675042908186697,12.451260238546169,0.19811848899108142,0.07841110294616982,0.6951453450740175,1.1560546808982153
131323.25+151309.6,-24.023523375218574,-24.66637757786284,-25.02785793606146,-25.248134274538227,-25.6386771470828,-20.43154958814765,-23.532053437441423,-26.246565351270405,-26.12340367147814,-26.357739284737253,-26.66426551843875,-27.53231808581721,5,0.6428542026442656,0.36148035819861946,0.22027633847676853,0.39054287254457165,3.100503849293773,-0.12316167979226478,0.23433561325911256,0.8680525673784594,1.416131243900523
131738.46+101822.2,-24.989629105560788,-25.311034716466384,-25.74436199143624,-25.94496746303119,-26.190921340725318,-18.59497340398059,-22.318265899337163,-26.56586470944652,-26.84552950805066,-26.94884292354461,-27.19000281508645,-28.1753066940311,5,0.3214056109055967,0.4333272749698551,0.200605471594951,0.24595387769412724,3.7232924953565742,0.2796647986041414,0.10331341549395034,0.9853038789446487,1.245035352055261
131826.95+573132.9,-24.670052520659,-24.93899346989019,-25.30240634612144,-25.42819131487109,-25.62916957701908,-20.10938400309126,-24.355754048005466,-25.741833127772644,-25.989464710378613,-26.30514818141097,-26.91360354297374,-27.90560798690763,5,0.2689409492311903,0.3634128762312514,0.12578496874964884,0.20097826214799142,4.2463700449142046,0.24763158260596896,0.31568347103235794,0.9920044439338902,1.4854122281026498
131953.73+141056.3,-25.02264348407396,-25.139604768425237,-25.45452693551418,-25.60560751725624,-25.895370893022108,-18.443915089766957,-24.214242686584107,-25.85160479387597,-26.49730391309455,-26.181067160157,-26.76491678018836,-27.64507370291324,5,0.11696128435127662,0.3149221670889446,0.15108058174205752,0.28976337576586886,5.77032759681715,0.6456991192185804,-0.31623675293755227,0.8801569227248791,1.1593092629321227
132001.17+071817.1,-25.067211182066178,-25.43202385727511,-25.85194189796583,-26.02525840091143,-26.24960757881312,-14.23109315813071,-17.596948046696365,-26.61248561531536,-26.68880893553967,-26.886643732077307,-27.48638221836831,-28.285366070948545,5,0.3648126752089311,0.41991804069072103,0.17331650294559964,0.22434917790168996,3.3658548885656554,0.07632332022430788,0.1978347965376379,0.7989838525802355,1.4611238174568797
132254.89+160246.4,-24.11370118876779,-24.29955741938342,-24.713111156132328,-24.850719066529155,-25.0766769690456,-19.52589439300058,-24.053713959331724,-25.608004270442034,-25.781075156215856,-25.773277628926987,-26.318988672862822,-27.170810039533464,5,0.18585623061562728,0.4135537367489093,0.1376079103968273,0.22595790251644488,4.527819566331143,0.17307088577382146,-0.007797527288868622,0.8518213666706416,1.468269606333667
132323.48+445043.0,-24.862096624288437,-25.50544511722338,-25.9663672769183,-26.08765400157591,-26.38027941513233,-20.548740666209927,-24.69233647644445,-26.41645216082973,-26.368104520179617,-26.592395850937876,-27.38085564775512,-28.32296173965569,5,0.643348492934944,0.46092215969492045,0.12128672465760815,0.2926254135564186,4.1435958102345225,-0.04834764065011399,0.22429133075825902,0.9421060919005697,1.2932016461792095
132459.46+050852.4,-25.33127192597028,-25.525520404718986,-25.750455455669908,-25.90132778501384,-26.17947242662889,-18.262009179660375,-25.26288120031475,-26.39546283994466,-26.74271479218656,-26.86222611969385,-27.40775688248228,-28.26719964848252,5,0.19424847874870466,0.22493505095092203,0.15087232934393313,0.27814464161505015,7.000872020654377,0.3472519522419013,0.11951132750728988,0.8594427660002424,1.5064290974684376
133135.99+494434.9,-24.44285923528257,-24.792388832030543,-25.09791275355525,-25.29343886071028,-25.54034591761249,-18.14547674307508,-23.69896553370748,-25.506708609553105,-25.87526894116565,-26.2495642218768,-26.48491893851668,-27.32088456235854,5,0.3495295967479741,0.3055239215247063,0.19552610715502894,0.24690705690221293,5.5534887906324,0.36856033161254587,0.3742952807111486,0.835965623841858,1.1914800778064034
133141.12+410158.6,-25.788583304046696,-25.91034518437956,-26.176106093916932,-26.35256263443678,-26.590424323446012,-18.036909933806324,-23.808825454442317,-26.883448642269745,-27.16493100168631,-27.365986501459805,-27.4938943861638,-27.994273837702924,5,0.12176188033286195,0.26576090953737364,0.1764565405198475,0.23786168900923244,5.771915520635993,0.2814823594165645,0.20105549977349568,0.5003794515391249,1.1413317517270194
133334.17+334207.9,-24.980700269948493,-25.214389999793354,-25.50652999175404,-25.67708776688461,-26.01336535075405,-19.013237617966723,-23.28326410520373,-26.317814059497543,-26.50468002008432,-26.562806258827383,-27.063171854675595,-27.87978439218065,5,0.23368972984486192,0.29213999196068485,0.1705577751305718,0.33627758386943896,4.270026487237008,0.18686596058677551,0.05812623874306411,0.8166125375050548,1.3860840877909837
133550.37+284808.7,-24.727916226471304,-24.989113756694582,-25.383294450357145,-25.52856068869806,-25.731332315005304,-15.672218320832656,-24.00038312875884,-25.883270123000475,-25.840892005842388,-25.916518731296865,-26.74427740200788,-27.65819556753492,5,0.26119753022327785,0.3941806936625625,0.14526623834091623,0.20277162630724277,8.328164807926186,-0.042378117158087036,0.07562672545447668,0.9139181655270399,1.2157167133098206
133721.39+211233.5,-25.233426850645877,-25.48542532299589,-25.78796339341776,-25.92617235936452,-26.16697808959335,-21.359696142652496,-24.81322116554964,-26.381245524210627,-26.63142561308928,-26.645983353731157,-27.233089175279098,-28.160335772925517,5,0.2519984723500137,0.30253807042186764,0.13820896594676313,0.24080573022882845,3.453525022897143,0.25018008887865406,0.014557740641876649,0.9272465976464197,1.306916815914576
133731.25+055531.5,-25.54708976308229,-25.70823151485519,-26.05241428917189,-26.26796884329988,-26.56089831508961,-18.04932675412187,-25.50372714373969,-26.84799854734287,-26.78281063422685,-27.096878666274154,-27.600789794304088,-28.493899592626416,5,0.1611417517728988,0.34418277431669964,0.21555455412799063,0.29292947178972994,7.45440038961782,-0.06518791311602001,0.31406803204730593,0.8931097983223282,1.3328209510042086
134014.36+183919.6,-24.44053964067413,-24.89301630174802,-25.331454021053137,-25.45524031042085,-25.684824355296627,-17.874507972160306,-23.42304984874109,-26.063254921957885,-26.44861537091243,-26.74260551231443,-26.628727448941945,-27.48189370012456,5,0.45247666107388795,0.4384377193051172,0.12378628936771463,0.2295840448757751,5.548541876580785,0.3853604489545468,0.29399014140199853,0.8531662511826141,1.173487138521093
134226.91+342902.7,-24.73758242816952,-24.883594954897628,-25.25640307580813,-25.436271559917547,-25.687487439216834,-18.28423875282487,-23.034470242694173,-26.222487140730127,-26.87414149812387,-27.146341316943577,-26.914706917852826,-27.86085415233361,5,0.14601252672810716,0.3728081209105021,0.17986848410941647,0.2512158792992878,4.750231489869304,0.6516543573937419,0.2721998188197077,0.9461472344807831,1.478435357935279
134301.41+215436.8,-25.332112308313548,-25.45916099024778,-25.73027872811392,-25.89550611064712,-26.17510893101815,-19.57643983525132,-25.131829441210243,-26.056953514101316,-26.108121827577147,-26.293824636215945,-27.200595411177943,-28.003275445144155,5,0.1270486819342338,0.27111773786613824,0.16522738253319957,0.2796028203710321,5.555389605958922,0.05116831347583073,0.18570280863879773,0.8026800339662117,1.305089300530824
134317.33+635445.0,-24.692119670969788,-24.934447249283306,-25.313893709705496,-25.462897809576745,-25.717231086175744,-18.562937813111084,-23.902186641140023,-25.99202359608574,-26.00905903276607,-26.224261898049157,-26.870129359552514,-27.80384775055429,5,0.24232757831351748,0.37944646042219077,0.14900409987124874,0.25433327659899874,5.339248828028939,0.017035436680330918,0.21520286528308574,0.9337183910017757,1.4072315499757693
134454.31+355945.4,-24.689215062016963,-24.75287652575193,-25.261048336936398,-25.446339977558537,-25.6978439975955,-16.06288637061105,-22.11863926330013,-25.90694569934191,-26.75297344856134,-26.95115848620685,-26.70510390915157,-27.24964376771376,5,0.06366146373496662,0.508171811184468,0.18529164062213965,0.25150402003696115,6.055752892689078,0.8460277492194308,0.19818503764550854,0.5445398585621888,1.258763931593034
134825.14+270616.1,-24.910185200755105,-24.97355308244127,-25.40389275868271,-25.48765492226709,-25.74533947737025,-16.10332879303417,-23.3023405924938,-26.320258275955094,-26.45670157329022,-26.57880401483672,-26.80269949889429,-27.88526562007153,5,0.06336788168616536,0.430339676241438,0.08376216358438171,0.257684555103161,7.19901179945963,0.13644329733512706,0.12210244154649885,1.082566121177237,1.3150445766272014
134929.84+122706.9,-24.7293532207022,-25.077465438233368,-25.42676992179761,-25.586827293854768,-25.83652269390184,-17.597489573715162,-24.21276134695252,-25.86754758983512,-26.85079427352527,-26.6222310674929,-26.934665528965983,-27.874706943761893,5,0.34811221753116683,0.34930448356424293,0.16005737205715675,0.2496954000470737,6.615271773237357,0.983246683690151,-0.22856320603236924,0.9400414147959104,1.3478382351112153
135114.85+360505.5,-24.617917708992053,-24.77254005487308,-25.161326565424943,-25.253097269149997,-25.45662601621212,-15.538334068091444,-19.428749520931014,-26.41162731581445,-26.330497576486163,-26.479615857194307,-26.562792406182453,-27.432135755653693,5,0.15462234588102675,0.38878651055186353,0.09177070372505369,0.20352874706212276,3.8904154528395694,-0.08112973932828638,0.14911828070814437,0.8693433494712401,1.309695137032456
135150.48-000738.9,-25.76293222937088,-25.91577001034149,-26.161820104563947,-26.349842760581428,-26.57489615777238,-18.18147625391813,-25.34125225365192,-26.7962913593583,-27.24563606570217,-27.062644407432924,-27.740343089280927,-28.798703484888893,5,0.15283778097061074,0.24605009422245772,0.18802265601748047,0.2250533971909512,7.159775999733789,0.4493447063438687,-0.1829916582692448,1.0583603956079664,1.390500328699499
135452.25+403602.5,-25.11741633768286,-25.48253867078186,-25.870678172765224,-25.99492664586436,-26.246279338909694,-17.749963553717873,-23.533405689123807,-26.461871790004917,-26.67117884253463,-26.97121212111681,-27.176174723906147,-28.09521226095938,5,0.36512233309899855,0.388139501983364,0.12424847309913645,0.2513526930453338,5.783442135405934,0.20930705252971293,0.30003327858218043,0.9190375370532315,1.1812480780417864
135513.34+314557.4,-24.925990350579596,-25.29968877055321,-25.652074074125984,-25.774907200531352,-26.031283288100127,-18.50650225490328,-23.38738595752945,-26.228188363394832,-26.326010159280383,-26.256234332402173,-27.19233308677241,-28.002794549469037,5,0.3736984199736142,0.352385303572774,0.12283312640536792,0.25637608756877484,4.880883702626171,0.09782179588555096,-0.06977582687821027,0.810461462696626,1.417425886241059
135615.47+133258.6,-24.898396116158423,-25.084123370787054,-25.40183380483804,-25.574176771329554,-25.839495498186675,-18.997781939774093,-24.021385146663604,-26.00155206518849,-26.48334808188762,-26.03291888875679,-26.74288553833825,-27.53275850400262,5,0.18572725462863104,0.3177104340509871,0.17234296649151304,0.2653187268571209,5.023603206889511,0.4817960166991284,-0.4504291931308302,0.7898729656643688,1.1687087670086953
135640.54+472419.7,-24.92933050016336,-25.145149318515763,-25.4727439879556,-25.590206200599244,-25.874608230949374,-18.257244828596164,-23.704290512448072,-26.264816710712623,-26.53449262304,-26.475560469898003,-26.817869985040023,-27.79918990277458,5,0.21581881835240324,0.3275946694398364,0.11746221264364465,0.28440203035012956,5.447045683851908,0.26967591232737576,-0.058932153141995514,0.981319917734556,1.2276637844407787
135809.48+114557.6,-24.194017528873516,-24.417788567545664,-25.03071311401994,-25.252530871264995,-25.520591868755535,-17.136527239055795,-22.853613773135287,-25.98375987893667,-26.629046955450256,-26.355805648025047,-26.570703220449637,-27.34245228175368,5,0.22377103867214743,0.6129245464742752,0.2218177572450557,0.26806099749054013,5.717086534079492,0.6452870765135863,-0.27324130742520936,0.7717490613040425,1.3181723491846427
135919.95+271622.6,-25.23078066109556,-25.383308835608737,-25.73961183273806,-25.891944698183163,-26.120911417290955,-20.101993463779092,-25.199998672998223,-26.152033104886296,-26.54835263383892,-26.720096686758435,-27.10030941281268,-27.90511243657777,5,0.15252817451317568,0.35630299712932256,0.1523328654451035,0.22896671910779176,5.0980052092191315,0.396319528952624,0.17174405291951444,0.8048030237650892,1.2083647146295178
140048.04+482719.9,-24.608616704196415,-24.945291787867284,-25.29154100089056,-25.404213100560263,-25.64069189780364,-20.466654950796496,-24.6053700501904,-25.685248802127283,-26.162984133751863,-26.435784788836216,-26.66287608881372,-27.662147268633376,5,0.33667508367086896,0.3462492130232775,0.11267209966970171,0.23647879724337884,4.138715099393902,0.4777353316245794,0.27280065508435314,0.9992711798196545,1.2586629882534588
140314.15+345217.2,-24.535646292943813,-24.61311816593528,-25.022949781827343,-25.22408883214836,-25.501794122258605,-17.748477723173686,-22.749289581156397,-26.168666141114112,-26.670522381538724,-26.752632357946663,-26.74440211250737,-27.693744383498064,5,0.07747187299146674,0.4098316158920632,0.20113905032101798,0.27770529011024436,5.000811857982711,0.5018562404246119,0.08210997640793849,0.9493422709906945,1.5203132803590087
140334.97+554406.3,-25.088951535306386,-25.239911920006364,-25.60440508902829,-25.716055008699307,-25.948641974843756,-20.35745236181176,-23.636168667550447,-26.243538374744343,-26.477094565674825,-26.59712807283886,-26.939626968181432,-27.80300666139049,5,0.15096038469997808,0.36449316902192663,0.11164991967101656,0.2325869661444493,3.278716305738687,0.2335561909304822,0.1200335071640346,0.8633796932090583,1.2235719594821255
140758.36+373643.5,-24.52657447463918,-24.93141527872836,-25.30296844352729,-25.4376788417448,-25.72052672199756,-17.319122561238686,-22.98868295413492,-26.11592656972147,-26.161628817063068,-26.003352560117648,-26.578938606536585,-27.41573665162632,5,0.40484080408917933,0.3715531647989323,0.13471039821750708,0.2828478802527634,5.6695603928962335,0.04570224734159822,-0.15827625694542036,0.8367980450897363,1.141259764791787
141015.88+205717.0,-24.483361704298837,-24.881939713488563,-25.289079770486094,-25.440731622171704,-25.671842991418536,-17.67852083983727,-23.85973368075893,-25.91142266635829,-26.364975154750383,-26.6021761379894,-27.169003767198195,-28.26104944781554,5,0.39857800918972686,0.4071400569975303,0.15165185168561024,0.2311113692468325,6.18121284092166,0.4535524883920914,0.23720098323901695,1.0920456806173462,1.7282721450264908
141249.44+292101.2,-25.440104755773643,-25.71421333847451,-25.947379852433997,-26.03577708365216,-26.2818090260715,-18.915893711072894,-24.699047043816208,-26.554294349265263,-26.55280367024264,-26.86359050325683,-27.03408974563448,-27.95962634591525,5,0.2741085827008689,0.2331665139594854,0.08839723121816334,0.24603194241933934,5.783153332743314,-0.0014906790226234534,0.3107868330141912,0.9255366002807719,0.9983126619823182
141354.35+044653.5,-24.31008608110483,-25.04818453050732,-25.544253497676728,-25.670855320908174,-25.994835913399047,-15.731396506206458,-21.081535264515644,-26.428182594615738,-26.681615473679585,-27.01068857751047,-27.120328453299827,-27.98237542812007,5,0.7380984494024894,0.49606896716940696,0.12660182323144653,0.32398059249087297,5.3501387583091855,0.2534328790638476,0.3290731038308863,0.8620469748202417,1.4494731323916525
141436.87+615715.4,-24.8255801691407,-24.96107383673954,-25.276715465016984,-25.405676125648725,-25.63613619720558,-19.81853027062776,-24.530896593383645,-25.833483400664267,-25.72217467365077,-26.319420766169447,-26.836117723512576,-27.73240403455778,5,0.13549366759884052,0.3156416282774437,0.1289606606317406,0.23046007155685544,4.712366322755884,-0.11130872701349759,0.5972460925186773,0.8962863110452055,1.430441597863851
141817.23+435345.8,-24.6270042384693,-24.860171255062287,-25.167070801204176,-25.390421045451863,-25.69963859998844,-18.66802248571162,-24.15826919075233,-25.919508319187592,-26.2898986548848,-25.87992225648826,-26.76267559075305,-27.58322464516409,5,0.23316701659298644,0.30689954614188864,0.2233502442476869,0.30921755453657696,5.4902467050407076,0.37039033569720914,-0.409976398396541,0.820549054411039,1.372254545301189
141845.40+331121.7,-24.56805390140392,-24.82000105371107,-25.003872256472476,-25.113924189104125,-25.428192571769618,-20.10787234437556,-24.27018503116516,-25.651692623593483,-25.88314190564908,-26.343768444506004,-26.952735984807592,-28.001021285684622,5,0.2519471523071495,0.18387120276140578,0.1100519326316487,0.3142683826654924,4.162312686789598,0.23144928205559623,0.46062653885692484,1.0482853008770299,1.8388117957034673
142059.13+081136.8,-25.368555137507048,-25.51220747591391,-25.810701335229197,-25.921725303643413,-26.147421422173714,-19.160442252481925,-24.8745719966187,-26.17002035246976,-26.744830076183703,-26.499171487655225,-26.90547135005836,-27.731151799086845,5,0.14365233840686287,0.29849385931528616,0.1110239684142158,0.22569611853030125,5.714129744136777,0.574809723713944,-0.2456585885284781,0.8256804490284857,0.9837460464149466
142115.32+065101.2,-24.673247872655303,-24.795201931031222,-25.286174262499696,-25.40509025495833,-25.66236780334342,-18.471139564553265,-24.191240379300822,-25.996046450311407,-26.515502474653683,-27.414126880287053,-26.695528380874556,-27.53207395902733,5,0.12195405837591977,0.4909723314684733,0.1189159924586356,0.2572775483850904,5.720100814747557,0.5194560243422757,0.8986244056333703,0.8365455781527729,1.290438125916225
142420.77+051512.6,-24.775485530363294,-25.021756990022208,-25.355269024418785,-25.557523106464583,-25.9302036798274,-16.37396993325851,-23.25067402486397,-26.325595673767676,-26.74130467823461,-26.8653430342284,-26.940570611208496,-27.662190053817582,5,0.24627145965891373,0.33351203439657695,0.20225408204579765,0.37268057336281757,6.876704091605458,0.41570900446693315,0.12403835599378965,0.7216194426090858,1.3830475047439137
142531.74+570705.4,-24.55013044078304,-24.757920755667254,-25.103543675976653,-25.2600419367064,-25.541116585196256,-20.42702810425661,-24.04922189465383,-25.686943518306364,-26.101627839428986,-26.067754992241756,-26.682862393064397,-27.612121870614857,5,0.20779031488421396,0.345622920309399,0.15649826072974804,0.28107464848985586,3.622193790397219,0.4146843211226212,-0.03387284718722938,0.9292594775504597,1.4228204563579965
142630.87+564252.1,-24.713928078405477,-24.798474048879694,-25.17555517292066,-25.27348072761878,-25.48933426769833,-17.881573262085197,-24.4083910024336,-25.77716623967274,-25.973158970297625,-26.18467732341221,-26.661423012514437,-27.74008389671992,5,0.08454597047421686,0.3770811240409664,0.09792555469811859,0.21585354007955004,6.5268177403484025,0.19599273062488365,0.21151835311458456,1.0786608842054832,1.387942284895658
142656.39+492807.0,-24.512771525374145,-24.79527770439381,-25.13266506391433,-25.30024662759308,-25.556077352780253,-19.976299708841427,-24.099937873156016,-25.66363792549957,-26.510374369574144,-26.59139529350162,-26.7871389956126,-27.8084502718376,5,0.28250617901966635,0.3373873595205197,0.16758156367874832,0.25583072518717387,4.123638164314588,0.8467364440745726,0.08102092392747551,1.0213112762249992,1.4868923680195216
142733.84-001041.9,-24.89995976682659,-25.15075107250089,-25.42085069743872,-25.57049348759699,-25.88190974772856,-17.702539581688153,-24.77289186061035,-26.32691242544839,-26.320310770041,-26.712066529522147,-27.050461954871288,-28.00053062251645,5,0.25079130567429786,0.27009962493783135,0.1496427901582713,0.3114162601315691,7.070352278922197,-0.006601655407390439,0.39175575948114627,0.9500686676451622,1.479968467274297
142814.32+403856.7,-24.757811880136167,-24.998095437030887,-25.34773021097528,-25.52172652935186,-25.815770154638702,-14.537701503252867,-23.57319712094556,-26.0900495771515,-26.298552711918795,-26.81605635383032,-26.66833073408909,-27.38319228499264,5,0.24028355689472036,0.34963477394439124,0.17399631837658092,0.294043625286843,9.035495617692694,0.20850313476729454,0.5175036419115244,0.7148615509035494,1.1466042047372298
142953.79+425110.5,-24.49676675261042,-24.77483113342845,-25.175494856308717,-25.33828628285826,-25.625725102411195,-18.366186654405443,-23.74136697263101,-26.24976010420721,-26.274512207623847,-27.09068654814814,-26.62624662628292,-27.250649502919256,5,0.2780643808180301,0.4006637228802674,0.1627914265495427,0.2874388195529356,5.375180318225567,0.02475210341663825,0.8161743405242916,0.624402876636335,1.2879603434246611
143040.83+014939.9,-25.045667153159005,-25.298276496474312,-25.67725114763561,-25.870138974029025,-26.08668545362655,-15.61423982571615,-23.16032534790789,-26.491135296811,-26.99590493796796,-26.89879671670948,-27.222814881173804,-28.05299459708913,5,0.2526093433153065,0.3789746511612968,0.19288782639341662,0.21654647959752538,7.54608552219174,0.5047696411569618,-0.0971082212584804,0.8301797159153246,1.3526759071447785
143230.57+012435.1,-24.682716889553948,-24.93286525563152,-25.241220570189583,-25.35438127857302,-25.60808356274221,-15.5900174854461,-24.661068170836124,-26.181468959320032,-26.2802700054529,-26.437732410675665,-26.75876856555445,-27.59779593555187,5,0.2501483660775712,0.30835531455806375,0.11316070838343606,0.25370228416919005,9.071050685390023,0.09880104613286633,0.15746240522276622,0.8390273699974173,1.4043872869814322
143929.82+365004.3,-24.40306565851454,-24.63911844413614,-24.954590315177963,-25.081905811804912,-25.31103321983509,-15.02231497224273,-24.30476254048797,-25.66539167868326,-25.679681752759727,-25.92122387386893,-26.81200561247282,-27.72949765884724,5,0.23605278562160237,0.3154718710418223,0.12731549662694874,0.22912740803017684,9.28244756824524,0.014290074076466652,0.2415421211092017,0.9174920463744201,1.730099800667908
144313.32+094910.2,-25.491294775605837,-25.56529185895092,-25.864633719156608,-26.05120335462925,-26.29561121983217,-20.37204551649053,-25.35731632155404,-26.518186948998608,-26.55626649338757,-26.676390813804023,-27.38280564128776,-28.26869797138762,5,0.07399708334508404,0.2993418602056863,0.18656963547264382,0.2444078652029198,4.985270805063511,0.03807954438896388,0.12012432041645127,0.8858923300998605,1.3316022866585087
144403.96+565751.3,-24.506883068795226,-24.724806295809604,-25.075672428515738,-25.221662833607866,-25.39503594065793,-17.501491084912026,-23.69705174356328,-25.881936620194814,-26.606834791108103,-26.029003285324677,-26.56300772724462,-27.618515488722643,5,0.21792322701437783,0.350866132706134,0.14599040509212813,0.1733731070500646,6.195560658651253,0.7248981709132885,-0.5778315057834256,1.0555077614780224,1.3413448936367551
144454.07+634418.0,-24.238632922559862,-24.518626226602603,-24.83921165933851,-24.9345804435486,-25.148552298623997,-18.969379645661945,-23.67590059646016,-25.27260383578937,-25.818791593954867,-25.881378880119744,-26.29835322358393,-27.100191186872557,5,0.2799933040427405,0.320585432735907,0.0953687842100912,0.21397185507539618,4.706520950798215,0.5461877581654981,0.0625872861648773,0.8018379632886266,1.3637727800353296
144553.46+034732.4,-25.11579787858714,-25.262744733849026,-25.7041145405558,-25.849164867859663,-26.06286324602157,-17.515114633429587,-25.00790325914791,-26.24943764787241,-26.74557572588624,-26.3939353429025,-27.032078188329464,-27.654427150262126,5,0.14694685526188422,0.44136980670677417,0.14505032730386347,0.21369837816190795,7.4927886257183225,0.49613807801383203,-0.35164038298374223,0.6223489619326621,1.182913320469801
144650.51+051245.4,-24.998788336699285,-25.22084071072288,-25.569792348074685,-25.658925846069057,-25.90742105174788,-16.812115008768693,-22.99371830242848,-26.396902812747463,-26.36602213672258,-26.98598739991204,-26.929929838556657,-27.79622830072091,5,0.222052374023594,0.34895163735180645,0.08913349799437142,0.24849520567882166,6.181603293659787,-0.030880676024882092,0.6199652631894601,0.8662984621642522,1.2710039924876
144654.76+610248.6,-24.39293550780341,-24.77084341536121,-25.111167543412908,-25.408289041428468,-25.67281302745092,-18.30707882343472,-21.397987740784377,-26.128289913914333,-26.24622265721437,-26.593650406492756,-27.05900302725052,-27.98131128140966,5,0.37790790755779824,0.340324128051698,0.2971214980155601,0.26452398602245353,3.0909089173496582,0.11793274330003811,0.3474277492783848,0.922308254159141,1.6507139858220512
144946.31+101514.2,-24.73170792853307,-24.94112469344511,-25.246786086193453,-25.32068459111478,-25.659419786971533,-18.114028819854227,-24.646873934639785,-25.68010599382761,-26.46960867181441,-26.624260679752595,-26.960785182640493,-27.75017001195917,5,0.2094167649120422,0.30566139274834114,0.07389850492132766,0.3387351958567528,6.532845114785559,0.7895026779867997,0.15465200793818568,0.7893848293186778,1.6401005915257123
145020.58+394235.6,-25.35227244996483,-25.92070679042911,-26.35408461804445,-26.497823428209664,-26.73445151374096,-19.782838531544257,-24.24385192850395,-27.180013146809102,-27.217875792990544,-27.12516691902321,-27.613831320221426,-28.573156269501784,5,0.5684343404642824,0.43337782761533816,0.14373881016521395,0.23662808553129722,4.461013396959693,0.037862646181441306,-0.0927088739673323,0.9593249492803579,1.116007892011762
145243.19+275050.6,-24.876299596064268,-25.023266859978413,-25.325022346117585,-25.3515682882904,-25.53870502471429,-20.65575671118632,-24.88934397321159,-25.811767763482436,-26.126635485330524,-26.126007649781275,-26.798782662905435,-27.670247595950705,5,0.14696726391414572,0.3017554861391716,0.026545942172816694,0.18713673642388784,4.233587262025271,0.3148677218480884,-0.0006278355492490562,0.8714649330452708,1.447214374615033
145343.93+422623.1,-24.310194902513874,-24.476056311553343,-24.851048988393018,-24.988891598796048,-25.270656861070904,-20.63418128936413,-24.03527242052512,-25.41261457864049,-25.583936874355533,-26.039371409175462,-26.34542947636167,-27.188477853199267,5,0.16586140903946855,0.37499267683967474,0.13784261040303036,0.2817652622748561,3.4010911311609924,0.17132229571504354,0.4554345348199291,0.8430483768375971,1.3565378775656214
145450.65+045531.1,-24.187911442730723,-24.316277622636125,-24.54707723379545,-24.77306310893109,-25.11869960815569,-14.564865350028358,-21.72431803304964,-26.126136895513827,-26.65710422534535,-26.86763698278653,-26.49417037330348,-27.120949951257792,5,0.12836617990540233,0.23079961115932335,0.22598587513564183,0.34563649922460016,7.159452683021284,0.5309673298315225,0.21053275744117883,0.6267795779543128,1.7211072643723888
145628.19+541938.9,-24.79478536959237,-25.044230704501395,-25.353203031837925,-25.511481615694795,-25.79098023092388,-18.24896776650463,-22.77043398978102,-26.108751508956296,-26.50599087031488,-25.977392317745178,-26.58002090166634,-27.525571556796635,5,0.24944533490902643,0.30897232733653013,0.15827858385686966,0.2794986152290839,4.521466223276388,0.39723936135858295,-0.5285985525697008,0.9455506551302939,1.0685392859715463
145823.44+113232.2,-24.636487484574012,-24.88785508321781,-25.237456345734508,-25.402045794941312,-25.71114732841831,-18.91499398555653,-22.863725475022346,-26.421511654401066,-26.68550284806948,-26.56999218553655,-26.690332198052957,-27.67148998378073,5,0.25136759864379954,0.3496012625166962,0.16458944920680452,0.30910153347699776,3.948731489465814,0.2639911936684136,-0.1155106625329303,0.981157785727774,1.2882864031116448
145848.67+624526.8,-25.176354394889938,-25.461788240435595,-25.750836107405213,-25.86564244763793,-26.015344062997052,-14.84397623441184,-24.907609179905062,-26.35169998808429,-25.83571811578606,-26.59401798289229,-27.2237425138289,-28.251364291058703,5,0.28543384554565776,0.28904786696961793,0.11480634023271818,0.1497016153591204,10.063632945493222,-0.5159818722982301,0.7582998671062278,1.027621777229804,1.3581000661909677
145854.17+403255.8,-24.772953600257345,-25.048325931097,-25.356026908667,-25.53582474703184,-25.82250547084804,-17.075997194366973,-24.2261765925405,-26.00249496782715,-26.314036258917056,-26.251030829102397,-26.855894033542302,-27.806243975914168,5,0.2753723308396552,0.3077009775700006,0.17979783836483776,0.28668072381620036,7.1501793981735275,0.311541291089906,-0.06300542981465895,0.9503499423718651,1.3200692865104635
150440.98+113140.9,-24.898741422708454,-25.060793210116337,-25.363911289182752,-25.549974296995234,-25.811353032788453,-20.03713287557889,-24.430917711111466,-26.00689127230288,-26.22454445441269,-26.45715836083567,-26.79930072352538,-27.791030406747183,5,0.16205178740788284,0.3031180790664152,0.18606300781248208,0.2613787357932189,4.393784835532575,0.21765318210981022,0.23261390642297997,0.9917296832218021,1.2493264265301463
150458.47+541944.9,-24.64032221484649,-24.89326208348429,-25.176086065948496,-25.29692050735977,-25.49781101234794,-17.539255323206604,-23.43295312708007,-25.98241494937633,-25.90971511503552,-25.887111364040138,-26.667589010904365,-27.61273334973913,5,0.25293986863780304,0.2828239824642047,0.12083444141127231,0.20089050498816974,5.893697803873465,-0.07269983434080984,-0.022603750995383365,0.9451443388347656,1.3706685035445965
150652.97+454242.1,-24.834494723464548,-24.993338711902517,-25.304080230360213,-25.487505533361567,-25.720857256083555,-18.37086977342296,-24.266656967799403,-26.04119276035376,-26.191882317265318,-26.469486970446788,-26.982051601536146,-27.881466327041203,5,0.15884398843796887,0.3107415184576965,0.1834253030013535,0.2333517227219879,5.895787194376442,0.1506895569115585,0.27760465318147,0.8994147255050571,1.4945460681745786
150911.19+572630.0,-25.073626112520397,-25.258542939437877,-25.492664602739342,-25.63689370639746,-25.868835296686846,-19.8278522587878,-24.414761311766046,-25.967173936634747,-26.16724841837727,-26.44711373538632,-26.75110105105518,-27.568911773067317,5,0.18491682691747968,0.23412166330146533,0.14422910365811603,0.231941590289388,4.586909052978246,0.20007448174252218,0.27986531700905104,0.8178107220121369,1.1142073446577214
151133.07+513500.0,-25.25182892679449,-25.51575519395942,-25.81767133134296,-25.9678999849058,-26.190680795931573,-20.38845984504813,-24.423781319483417,-26.76287400533248,-26.836669542783028,-26.765477499723414,-27.158877595300098,-28.16067532553463,5,0.26392626716492984,0.3019161373835395,0.15022865356283788,0.22278081102577474,4.035321474435289,0.07379553745054679,-0.07119204305961446,1.0017977302345322,1.1909776103942988
151139.05+340339.4,-24.377050465333067,-24.68970636076208,-25.11950923327656,-25.269014760345488,-25.550707290409413,-18.794184760822933,-23.381025253562047,-25.87760489978748,-25.909533414988815,-26.897355537782143,-26.505640706648936,-27.301581354402696,5,0.31265589542901395,0.4298028725144789,0.1495055270689285,0.2816925300639248,4.586840492739114,0.031928515201332885,0.9878221227933288,0.7959406477537598,1.2366259463034481
151151.10+522539.9,-25.0824069366789,-25.213344669726872,-25.51131748617875,-25.80577938864693,-26.15078373923042,-20.799094776029943,-24.95153650191032,-26.533451988701184,-26.505346489093583,-26.91900922725405,-27.48550672604264,-28.35070723084302,5,0.13093773304797196,0.29797281645187823,0.2944619024681785,0.34500435058349055,4.152441725880376,-0.02810549960760156,0.4136627381604683,0.8652005048003808,1.6797273373957111
151338.52+060626.0,-23.9722529703318,-24.23416625601815,-24.720569766744312,-24.84696607836482,-25.26685134805309,-16.39865497983899,-23.264199226266285,-25.72454705067403,-25.965402194283016,-26.14356546159485,-26.448229148218356,-27.118396082131863,5,0.2619132856863473,0.48640351072616284,0.1263963116205069,0.41988526968827244,6.865544246427294,0.24085514360898586,0.17816326731183452,0.6701669339135066,1.6012630698535375
151402.50+281334.8,-24.997980809349933,-25.291217356276643,-25.70716165332301,-25.8274539149724,-26.10828940166151,-18.40049184247144,-24.14321690172812,-26.432802864652697,-27.0093381641851,-26.849553538065894,-27.25948380115694,-28.11325629098051,5,0.2932365469267104,0.4159442970463658,0.12029226164938933,0.28083548668911007,5.742725059256681,0.5765352995324022,-0.15978462611920463,0.8537724898235695,1.4320298861845409
151538.59+151135.9,-24.6415957218888,-24.872199571826645,-25.11712566746012,-25.301101406145676,-25.57179655000921,-17.056919438486183,-23.119837086691764,-26.144577548321102,-26.615922175297012,-26.73294058381052,-26.589833799161248,-27.210214996739428,5,0.2306038499378431,0.244926095633474,0.1839757386855574,0.2706951438635343,6.06291764820558,0.4713446269759096,0.11701840851350909,0.6203811975781797,1.2887323930155716
152037.06+160126.6,-24.822059672787656,-25.096445180453973,-25.402804861805432,-25.486931030967213,-25.738178818287142,-16.320481425748266,-23.70146668813364,-25.88599798496708,-26.13735336988244,-24.873195093618797,-26.845041032734844,-27.734576479356495,5,0.27438550766631664,0.3063596813514593,0.08412616916178095,0.25124778731992947,7.380985262385373,0.25135538491536025,-1.2641582762636432,0.8895354466216503,1.3581100017676313
152045.54+073230.5,-23.93525969386724,-24.16852360553018,-24.84199108389728,-24.839949625699692,-25.007744978265755,-18.37500660043798,-24.37084225774145,-25.503619599980382,-25.661805266677675,-26.04110471701648,-25.88098685653706,-26.53144805211104,5,0.23326391166293803,0.6734674783671011,-0.002041458197588497,0.16779535256606337,5.99583565730347,0.1581856666972925,0.37929945033880585,0.6504611955739783,1.041037230837368
152304.52+572152.8,-24.82879402034692,-25.151660891904783,-25.469474513765604,-25.59918172313415,-25.90910873083572,-17.353402204681707,-23.76759786276044,-26.31594055352978,-26.74062034758435,-26.73136075629325,-27.08506510670752,-27.80446111953461,5,0.32286687155786353,0.3178136218608216,0.12970720936854718,0.30992700770156745,6.414195658078732,0.424679794054569,-0.009259591291101543,0.7193960128270902,1.4858833835733698
152307.34+535358.2,-25.385422000961224,-25.934806437563388,-26.263240911216123,-26.219663821933125,-26.353015565355804,-18.322900852690804,-22.792204391465663,-26.44625818623866,-27.09443802165811,-27.174169215958877,-27.2744710389608,-28.146001433667664,5,0.5493844366021641,0.3284344736527345,-0.04357708928299786,0.1333517434226792,4.469303538774859,0.6481798354194517,0.07973119430076636,0.8715303947068627,1.054807217027676
152336.27+071325.7,-24.62996574717649,-25.08810362152279,-25.50306586509524,-25.611804353991893,-25.90905296980177,-17.314957051314217,-23.4748409247542,-26.182067645686484,-26.81853830722663,-26.625359965023105,-27.11053433343544,-28.075985029803046,5,0.45813787434629916,0.41496224357245026,0.10873848889665183,0.2972486158098775,6.159883873439984,0.6364706615401445,-0.1931783422035238,0.9654506963676077,1.4987299794435458
152653.97+444347.1,-24.52388468862909,-24.798639784055062,-25.07502218766935,-25.226495907660208,-25.49239976501365,-19.934707589326543,-24.08757418414496,-25.880852251245532,-25.91752623620693,-25.997985313965668,-26.912738331287485,-27.903309328049662,5,0.27475509542597365,0.27638240361428856,0.15147371999085735,0.26590385735344313,4.152866594818416,0.0366739849613964,0.08045907775873928,0.9905709967621767,1.6862424236272773
152801.66+355316.8,-25.171970390214785,-25.364775794734605,-25.565965056314987,-25.70106414814161,-25.8703605406242,-19.146636506167205,-24.64828460515588,-26.024830383257648,-26.538935523855336,-26.358924313948418,-26.855040421935914,-27.69342572920937,5,0.1928054045198202,0.20118926158038164,0.13509909182662483,0.16929639248258965,5.5016480989886745,0.5141051405976889,-0.18001120990691888,0.8383853072734553,1.153976273794303
152912.79+413615.1,-24.58502336248287,-24.82490633670202,-25.221250103191142,-25.390281710934264,-25.808202589367795,-19.66686444420206,-24.18943837859098,-26.398604936475603,-26.52024034277184,-26.79139848502695,-27.172583190660863,-27.96435590466553,5,0.23988297421915306,0.39634376648912095,0.16903160774312198,0.4179208784335309,4.522573934388923,0.12163540629623526,0.2711581422551106,0.7917727140046686,1.7823014797265984
153147.07+182803.2,-24.63416443377657,-24.84367922019169,-25.15117054426756,-25.278596867897186,-25.52380512843513,-19.36666162997804,-23.984833974242484,-25.99327550016623,-26.265922125408498,-26.566296118218784,-26.545335453437414,-27.38060809903768,5,0.2095147864151201,0.30749132407587254,0.12742632362962425,0.2452082605379431,4.618172344264444,0.2726466252422668,0.300373992810286,0.8352726456002664,1.266738585540228
153848.64+023341.0,-25.42014555526573,-25.432825491831053,-25.85049564931724,-25.990990648235798,-26.177396563679416,-19.84319080782988,-22.97138439398441,-26.68001700229984,-26.90508191000516,-26.985620919482187,-27.303710348073977,-28.20233514402817,5,0.012679936565323402,0.4176701574861852,0.14049499891855888,0.1864059154436184,3.128193586154527,0.22506490770531684,0.08053900947702886,0.8986247959541913,1.3127196998381798
153851.97+570814.5,-24.895915081191337,-25.13195230764025,-25.45688307272139,-25.59903546688447,-25.874066047250075,-18.15121518621146,-23.296377797334127,-26.25683549023725,-26.810990081944627,-26.79269430571688,-26.92761640365208,-27.667153253192243,5,0.23603722644891434,0.32493076508113816,0.14215239416308023,0.27503058036560546,5.145162611122668,0.5541545917073769,-0.018295776227748917,0.739536849540162,1.3285809367676116
153947.82+352019.7,-24.135339161972887,-24.542907801173424,-24.819526802893847,-24.91451063264602,-25.196386035878596,-19.52145433809249,-23.632667224551213,-25.57589808935573,-25.70505099901556,-26.053343408845357,-26.730827853417512,-27.77950534207832,5,0.4075686392005373,0.2766190017204231,0.09498382975217368,0.28187540323257565,4.111212886458723,0.12915290965982962,0.34829240982979925,1.0486774886608075,1.8163172207714915
154145.44+142158.6,-23.742580494063017,-23.93799260627769,-24.310148693325583,-24.43899461748953,-24.62221790212553,-18.446529437311288,-23.672054811335784,-25.229629527549925,-25.19935855656417,-25.77727485140525,-25.802054554877177,-26.740907615247444,5,0.19541211221467236,0.3721560870478946,0.12884592416394725,0.18322328463600002,5.225525374024496,-0.03027097098575382,0.5779162948410779,0.938853060370267,1.3630599373876464
154236.67+045107.5,-24.170923139951917,-24.238681578394203,-24.803406508232165,-24.990600071105032,-25.287029502496004,-19.42981469720516,-23.19768920516396,-25.94125640518829,-26.116735665684832,-26.22380449265343,-26.84939396931281,-27.892292232800983,5,0.06775843844228646,0.5647249298379613,0.18719356287286715,0.29642943139097255,3.767874507958801,0.17547926049654095,0.10706882696859665,1.0428982634881727,1.8587938982077787
154601.11+382009.2,-25.39318993644246,-25.504168807306066,-25.838727542393645,-25.925791729825907,-26.121049384589885,-19.22733496367496,-23.543175334063623,-26.328158685381624,-26.528284763543944,-26.925144606851354,-26.953673902387266,-27.92753336399386,5,0.11097887086360458,0.3345587350875796,0.08706418743226152,0.19525765476397794,4.315840370388663,0.2001260781623202,0.39685984330741064,0.9738594616065939,1.027882172561359
154705.15+120635.5,-24.36270473683449,-24.689285431626733,-25.04928320627692,-25.176512096027164,-25.417783197494927,-20.282065362307037,-23.957836324780462,-25.40614859447258,-26.19600998143546,-26.045450899855663,-26.473023387073592,-27.51028745951543,5,0.3265806947922414,0.35999777465018923,0.12722888975024205,0.24127110146776332,3.6757709624734254,0.7898613869628797,-0.15055908157979658,1.037264072441836,1.2965112910464285
154732.79+024840.0,-24.546989097962644,-24.707830891375288,-25.02013780557225,-25.155966933617744,-25.34800093908164,-16.793664836898095,-23.897019312487437,-25.312555211603925,-25.709103610104197,-26.01637643240527,-26.409643376718357,-27.35974348669581,5,0.1608417934126436,0.312306914196963,0.13582912804549352,0.1920340054638956,7.103354475589342,0.396548398500272,0.3072728223010728,0.950100109977452,1.2536764431006127
154757.52+082349.4,-24.826070785338928,-25.37227456982344,-25.78206320333797,-25.84486917669841,-26.09289465199408,-19.00214951424586,-23.731955800493783,-26.554649242105903,-26.86669754504255,-26.97044487126928,-27.083197071176613,-28.023817219335225,5,0.5462037844845113,0.40978863351453043,0.06280597336044025,0.24802547529566965,4.729806286247921,0.3120483029366454,0.10374732622673122,0.9406201481586116,1.2383278944782035
154833.74+385411.8,-24.976705447073755,-25.36875171464156,-25.67629965069488,-25.785796904926936,-26.01243746009923,-20.50434581306861,-24.01527908513157,-26.393838076899527,-26.6303785985952,-26.75719001796075,-27.16518082895182,-28.1509795302076,5,0.3920462675678067,0.307547936053318,0.10949725423205692,0.22664055517229187,3.5109332720629602,0.23654052169567308,0.12681141936554852,0.9857987012557814,1.3793839240248822
154951.89+265145.7,-24.828389082418926,-25.11170284799185,-25.43961454239776,-25.51249882739724,-25.662887901354782,-20.759409589705594,-24.63940923984765,-26.21917749671702,-26.07337605345309,-26.49892542428419,-26.82465843417314,-27.638668722165992,5,0.28331376557292387,0.32791169440590906,0.07288428499948196,0.1503890739575411,3.8799996501420573,-0.14580144326393096,0.4255493708311029,0.8140102879928506,1.3121596067759
155247.04+313813.5,-24.60753774464936,-25.037075694247036,-25.34676358715056,-25.428466902740613,-25.604618181637868,-18.000319434176728,-21.826262051645344,-26.06073984141275,-26.198700076958733,-26.337863888751837,-26.39508556615403,-27.26300628187249,5,0.42953794959767677,0.30968789290352206,0.08170331559005461,0.17615127889725457,3.825942617468616,0.13796023554598236,0.13916381179310378,0.8679207157184585,0.9666186634134171
155251.38+314944.8,-24.84933702206541,-25.068181398485752,-25.462207968612645,-25.70182052871628,-25.957355808313565,-16.191437519876956,-24.28611274974377,-26.119210104698592,-26.06483619735189,-26.409467401334037,-27.103263926843585,-28.03844428292507,5,0.2188443764203427,0.39402657012689346,0.23961256010363385,0.25553527959728584,8.094675229866812,-0.05437390734670089,0.3446312039821464,0.9351803560814851,1.4014433981273058
155949.71+080517.6,-25.53396131328276,-25.60262569754044,-26.01102893330662,-26.164714163861014,-26.34360547068314,-19.161654657603748,-24.206474014143616,-26.526323675078483,-26.896612395850276,-27.234014727472523,-27.06581514981148,-27.9915255839265,5,0.06866438425767996,0.40840323576617976,0.15368523055439454,0.17889130682212695,5.044819356539868,0.37028872077179287,0.337402331622247,0.9257104341150182,0.9011009859504675
160120.34+171416.1,-24.537887273264865,-24.89317470001865,-25.27686427692481,-25.428912235085573,-25.66963987939919,-17.32136392310158,-22.028001360948824,-26.213134053474825,-26.410312473733377,-26.63679983812719,-26.790699839648,-27.716219448121134,5,0.35528742675378666,0.38368957690616057,0.152047958160761,0.24072764431361549,4.706637437847245,0.19717842025855248,0.22648736439381167,0.9255196084731345,1.3617876045624264
160721.57+190449.4,-24.73793930900862,-24.95959991050785,-25.31244621879963,-25.457262779703463,-25.69472517800412,-17.468031862000423,-24.477452589862857,-25.815848798928844,-25.88406951149567,-26.004776194095665,-26.671342683256437,-27.498705093075657,5,0.22166060149923084,0.35284630829177743,0.1448165609038341,0.23746239830065718,7.009420727862434,0.06822071256682705,0.12070668259999451,0.8273624098192194,1.2140799035529746
160750.30+261153.5,-24.37513213099836,-24.638918794060743,-24.948360347028743,-25.184443671117048,-25.403241057603964,-16.857951601992415,-23.52722040896457,-25.371191802516854,-26.029600102554777,-26.187317998659044,-26.43477773672785,-27.251767673296506,5,0.2637866630623833,0.3094415529679999,0.23608332408830535,0.2187973864869157,6.6692688069721555,0.658408300037923,0.15771789610426623,0.8169899365686568,1.2503340656108008
160829.07+235928.4,-24.943809347307106,-25.25341247689468,-25.464457464741614,-25.632184740066094,-25.87731254044349,-20.266719206449302,-24.731209634853148,-26.094473542358717,-26.29956057516755,-26.681112998890384,-27.032405807552173,-28.00960989897125,5,0.3096031295875754,0.21104498784693249,0.16772727532448073,0.24512780037739645,4.464490428403845,0.20508703280883367,0.3815524237228338,0.9772040914190754,1.400221067486079
161024.80+322812.6,-24.99821682387922,-25.34525406516239,-25.61794247900171,-25.7440482230948,-25.980217735906027,-18.14204344918418,-23.731613019904547,-26.242021686039816,-26.4769779876278,-26.463740918900605,-26.705723131450764,-27.651797917199755,5,0.3470372412831715,0.27268841383931886,0.12610574409309194,0.23616951281122667,5.589569570720368,0.2349563015879852,-0.013237068727196544,0.9460747857489906,0.9616749083559633
161123.25+295947.4,-24.362418911784257,-24.754000794460183,-25.165569708813475,-25.321629190362565,-25.66967046177718,-19.82893772421623,-23.758893752031938,-26.117313545264977,-26.39670723895388,-26.266307845899355,-26.747815167188534,-27.612806452009853,5,0.39158188267592564,0.41156891435329257,0.15605948154908944,0.3480412714146155,3.929956027815706,0.27939369368890254,-0.13039939305452464,0.8649912848213184,1.4261859768259697
161238.26+532255.0,-25.10768141709416,-25.215835757649057,-25.522629277792586,-25.64730740380376,-25.93548273723346,-13.088511492985631,-22.074666465759456,-26.299119117913936,-26.63574061581009,-26.773371140966557,-26.748158699089693,-27.439315410632428,5,0.10815434055489703,0.306793520143529,0.124678126011176,0.2881753334296988,8.986154972773825,0.3366214978961537,0.13763052515646734,0.6911567115427353,1.1008512952859313
161507.10+311713.0,-24.42994169233156,-24.639486920724245,-24.90627058309567,-25.088065148222235,-25.324268616503936,-17.228828151831486,-24.148311551184136,-25.78652708736877,-25.719339331194927,-25.94691006328876,-26.721208501995257,-27.566804780165302,5,0.20954522839268463,0.2667836623714237,0.181794565126566,0.23620346828170113,6.91948339935265,-0.0671877561738441,0.2275707320938345,0.8455962781700457,1.633143353773022
161525.39+130514.0,-24.22972783676996,-24.4748888074194,-24.8000829010078,-25.04501852365929,-25.32208733088055,-20.15339630421952,-24.05305537613115,-25.422715785475543,-25.62651105124683,-26.008258659283232,-26.56050240573677,-27.529567164753136,5,0.2451609706494402,0.3251940935884008,0.24493562265148938,0.2770688072212586,3.899659071911632,0.20379526577128715,0.3817476080364024,0.9690647590163657,1.5154838820774792
161744.42+515054.1,-24.34906508532493,-24.868920192062177,-25.400203875463628,-25.549681320259445,-25.867422726336933,-18.922609062054452,-23.809573071777653,-26.13930061745336,-26.08332396435396,-26.459606026052445,-26.924796657647654,-27.856791764484225,5,0.5198551067372463,0.5312836834014512,0.14947744479581715,0.3177414060774879,4.886964009723201,-0.05597665309940325,0.3762820616984861,0.9319951068365704,1.375115337388209
161755.32+372337.4,-24.99936031231097,-25.2349730811444,-25.652308715508827,-25.84152435222422,-26.065347540185293,-19.700582835187102,-23.908862098107363,-26.602713515962595,-26.969428849443016,-27.13078909817735,-27.531880256599997,-28.72361202252027,5,0.2356127688334304,0.4173356343644272,0.18921563671539232,0.2238231879610737,4.208279262920261,0.3667153334804212,0.16136024873433286,1.1917317659202737,1.690355904375778
161815.53+370103.8,-25.36233932103133,-25.3343817754918,-25.59826241915537,-25.717000055707064,-26.00278100568832,-17.454469692355513,-22.73846775109181,-26.51937157288757,-26.645860608937323,-27.043500099605502,-27.10273547861705,-27.918322950172197,5,-0.027957545539532447,0.263880643663569,0.11873763655169611,0.28578094998125536,5.283998058736298,0.12648903604975104,0.3976394906681797,0.8155874715551477,1.3857354229099847
161925.48+392625.5,-25.015557287744112,-25.26003812267908,-25.63915717974468,-25.74549542013491,-26.035706046594004,-21.05054275518508,-24.348701620895117,-26.33926266278249,-26.49312299637051,-26.300484558121312,-27.025298690122888,-28.06997403542468,5,0.24448083493496853,0.3791190570655978,0.1063382403902331,0.2902106264590927,3.298158865710036,0.15386033358801754,-0.19263843824919746,1.0446753453017905,1.2798032699879762
162055.04+544854.6,-23.54774195735689,-24.000448061718085,-24.432873945486524,-24.650285491612483,-24.85373171890108,-15.087801503397335,-22.93809374143451,-25.716491744563022,-25.36604419600081,-25.879461829488275,-26.267660778299163,-27.16582378663444,5,0.4527061043611944,0.43242588376843827,0.21741154612595892,0.20344622728859818,7.850292238037175,-0.3504475485622116,0.5134176334874638,0.8981630083352776,1.6173752866866806
162321.54+380404.2,-24.50346634851697,-24.695366209282074,-25.05211028463772,-25.24800822882161,-25.53419002292641,-19.864123945194795,-24.23098379632089,-25.64666700267925,-25.806734832948905,-26.28509038802116,-26.83499925420866,-27.941763947237067,5,0.1918998607651048,0.3567440753556461,0.19589794418389062,0.2861817941047988,4.366859851126094,0.16006783026965365,0.47835555507225536,1.1067646930284063,1.58699102538705
162439.08+234512.1,-23.57679383069471,-23.89133381904657,-24.32777297648848,-24.488571196739333,-24.616496180090053,-16.405146910379532,-23.673609216385398,-25.24976363183568,-25.23661231867868,-25.685185550806725,-26.07470009823897,-26.864742602246917,5,0.31453998835185715,0.4364391574419102,0.16079822025085377,0.1279249833507201,7.2684623060058655,-0.013151313156999578,0.44857323212804445,0.7900425040079462,1.586128901499638
162548.79+264658.7,-25.946191493806555,-25.842082487840237,-26.149791986723876,-26.242897927303613,-26.40279959004487,-19.417859720234247,-24.493543270055955,-26.67897106958521,-26.78513561045374,-27.57712473370929,-27.25157140017135,-27.773894582723067,5,-0.10410900596631834,0.3077094988836393,0.09310594057973631,0.15990166274125883,5.075683549821708,0.10616454086853011,0.7919891232555507,0.5223231825517161,1.0086734728677378
162554.88+253544.0,-24.916963242736166,-25.25052571234988,-25.534798980636875,-25.679899602694174,-25.91287053939633,-20.45282879830473,-24.135652842361274,-26.174110823074763,-26.38330231123881,-26.568117278916784,-27.318418163141427,-28.28455442685751,5,0.33356246961371383,0.28427326828699506,0.14510062205729923,0.23297093670215574,3.682824044056545,0.20919148816404842,0.18481496767797267,0.9661362637160842,1.6385185604472525
162745.36+362457.9,-24.868164564878363,-24.922223113007696,-25.26829872295932,-25.39218271842027,-25.575661542722,-17.997650777453615,-22.826067068182315,-25.96644214832932,-26.521945570741376,-26.401271401020534,-26.35507099887659,-27.151769217789177,5,0.05405854812933342,0.34607560995162245,0.1238839954609503,0.18347882430173001,4.8284162907287005,0.5555034224120554,-0.12067416972084288,0.7966982189125851,0.9628882804563226
163013.57+375821.7,-25.21541065803056,-25.397375291067647,-25.72571330501695,-25.917325623454744,-26.198455176566465,-21.512102144551257,-25.214849835075004,-26.47066398013982,-26.73688844661343,-26.888202802077643,-27.27161803099731,-28.09308089572612,5,0.18196463303708654,0.3283380139493026,0.19161231843779447,0.2811295531117217,3.702747690523747,0.26622446647361286,0.151314355464212,0.8214628647288116,1.354292407542566
163844.79+330339.5,-25.585370518726798,-25.576673790770784,-25.80692158030992,-26.158175137354338,-26.30589697073148,-17.638423187104348,-23.38990146997024,-26.65380072278592,-26.78676853305005,-27.173075110566025,-27.344970326867045,-28.04537136685937,5,-0.008696727956014172,0.23024778953913483,0.3512535570444193,0.14772183337714395,5.751478282865893,0.1329678102641303,0.38630657751597397,0.7004010399923253,1.1867951895127078
164254.36+211212.3,-25.29028755808073,-25.66051484653316,-26.13869048335234,-26.268594954428288,-26.48822722384712,-19.3725736721693,-24.320225578199707,-26.81180598075915,-27.033783034481328,-27.115745676209965,-27.449293598759755,-28.4038235126217,5,0.3702272884524298,0.47817563681918074,0.12990447107594605,0.21963226941883107,4.9476519060304085,0.2219770537221777,0.08196264172863721,0.9545299138619434,1.1806986443314678
164350.93+253208.7,-24.4308878704134,-24.67707065527879,-25.037966275196958,-25.206088244794923,-25.4496814166915,-20.254709525553213,-24.28870913905959,-25.80653955727784,-26.35942725420041,-26.189415530940146,-26.52594338660543,-27.51613372980316,5,0.2461827848653897,0.36089561991816765,0.16812196959796566,0.2435931718965776,4.033999613506378,0.5528876969225678,-0.17001172326026293,0.9901903431977281,1.319855141810507
164556.72+443054.5,-17.73083221280713,-23.182020435082972,-22.019887634599872,-18.27615577218977,-19.98634832154157,-17.37698210727357,-23.658259803074955,-25.272774373964022,-25.538021132469385,-25.955277472221432,-26.22896285957076,-27.32244287837507,5,5.451188222275842,-1.1621328004831,-3.743731862410101,1.7101925493517989,6.281277695801386,0.26524675850536283,0.417256339752047,1.0934800188043106,7.9528070873809895
164713.11+224730.1,-25.17418844279276,-25.37133911288489,-25.745926706628364,-25.93045506997504,-26.184226803881597,-17.913536904377086,-25.078810122894712,-26.3762252050718,-26.535532336807623,-26.73011645980869,-27.209521456761063,-28.149764848658798,5,0.19715067009212817,0.37458759374347395,0.18452836334667566,0.2537717339065573,7.165273218517626,0.15930713173582234,0.19458412300106787,0.9402433918977344,1.279066386786024
164838.17+481140.8,-25.07337367155333,-25.195381908194094,-25.411115505730173,-25.54695555256461,-25.765845362516544,-18.919155837180902,-24.661960786939414,-25.663965084202108,-26.09825326623357,-26.327672790571548,-26.93158137755271,-27.876493337027146,5,0.1220082366407631,0.21573359753607946,0.1358400468344385,0.21888980995193208,5.742804949758511,0.43428818203146236,0.22941952433797752,0.9449119594744353,1.384625824988099
165003.04+270558.9,-25.09258037623207,-25.515978680120263,-25.835848961345263,-25.81382324216797,-26.071928593868,-17.60113994699817,-24.43212688192538,-26.47733118462345,-26.91251163090221,-26.803182817828567,-27.089330974644632,-28.02749531350064,5,0.42339830388819166,0.3198702812250005,-0.022025719177293013,0.25810535170003135,6.8309869349272105,0.4351804462787605,-0.10932881307364184,0.9381643388560086,1.2755077324766617
165043.44+425149.3,-24.9938915379796,-25.265481157304407,-25.48445517521296,-25.60217011232878,-25.75447088695399,-17.507248584812537,-23.78904382563945,-25.75958942485399,-26.29440987124481,-26.67141438014644,-26.928279598423472,-27.62446515088938,5,0.2715896193248071,0.21897401790855398,0.11771493711581726,0.15230077462521052,6.281795240826913,0.534820446390821,0.3770045089016314,0.6961855524659093,1.326109486094694
165348.02+485019.0,-25.622787896532877,-25.68536437126269,-26.109587501754444,-26.150256833764438,-26.351625223968384,-19.076223034626988,-24.03371932809548,-26.829654340580923,-27.358638301204397,-27.325247589678067,-27.3625756666622,-28.320929770038983,5,0.06257647472981276,0.42422313049175386,0.04066933200999401,0.20136839020394603,4.957496293468491,0.5289839606234743,-0.03339071152633011,0.9583541033767844,1.2123188328977612
165557.35+321805.5,-24.262279101668742,-24.74519142379,-25.17985180216196,-25.385317535569666,-25.671878231223214,-18.88776489799915,-23.86523965992209,-25.962722058747925,-25.928302712744586,-26.312701964079743,-26.74507112162538,-27.72023094392312,5,0.48291232212125834,0.4346603783719587,0.20546573340770635,0.2865606956535487,4.977474761922938,-0.03441934600333951,0.3843992513351573,0.9751598222977407,1.3597535860557137
165709.48+410807.5,-24.34985701189617,-24.586019498043783,-24.922440876215138,-25.073500940570483,-25.283345321343884,-20.41087921369491,-23.33885434238644,-26.11040786886151,-26.854053418206224,-26.326532187620263,-26.534432221039182,-27.661834833461995,5,0.23616248614761304,0.3364213781713552,0.15106006435534525,0.20984438077340073,2.927975128691532,0.7436455493447127,-0.5275212305859611,1.127402612422813,1.4609312804686994
165914.54+380900.7,-24.890692704529997,-24.93038575330754,-25.293530743220156,-25.38431262709266,-25.67194480825389,-15.742359992949105,-23.169458668887767,-26.36756814452053,-26.00052245765904,-26.990427362597877,-26.54643506615479,-27.35416374414394,5,0.03969304877754354,0.363144989912616,0.09078188387250208,0.2876321811612321,7.427098675938662,-0.36704568686148775,0.989904904938836,0.8077286779891502,1.1621224390621308
170428.65+242918.0,-25.259304928841715,-26.063767014619067,-26.52936355542656,-26.648082486943853,-26.84290078855283,-18.101510681560438,-23.70845951281372,-27.40804392321949,-27.456427626355115,-27.40387747316064,-27.76639147407224,-28.842817653131725,5,0.8044620857773523,0.4655965408074927,0.11871893151729296,0.19481830160897573,5.606948831253284,0.04838370313562379,-0.05255015319447409,1.0764261790594851,1.1183089871283869
170518.49+353352.0,-24.55401362990984,-24.715553861093525,-25.029143593622944,-25.12334694150108,-25.3093489325999,-18.82048001246232,-23.43272703974239,-25.451037683987188,-25.689056405615982,-25.910464581304,-26.020058156339,-26.829623340090176,5,0.161540231183686,0.3135897325294188,0.09420334787813545,0.18600199109881999,4.61224702728007,0.23801872162879434,0.22140817568801907,0.8095651837511753,0.8967112148379215
171005.50+644842.9,-24.24295095629173,-24.341788285539337,-24.62843012119676,-24.78493650288915,-25.011734263937512,-18.58314810420289,-23.882891176578696,-25.50515278887806,-25.34120543922327,-25.031927784564463,-26.182292179624167,-27.18812993762768,5,0.09883732924760835,0.2866418356574236,0.15650638169238817,0.22679776104836336,5.299743072375804,-0.16394734965479074,-0.30927765465880697,1.005837758003512,1.3973556767350175
171110.05+344514.1,-24.513195457990548,-24.646186037358422,-24.893436833649936,-25.03251994238058,-25.23362164558131,-18.15278408659783,-24.18578508640806,-25.310054914263045,-25.442938819935705,-25.70605574899034,-26.37717142136777,-27.315978377864973,5,0.13299057936787406,0.2472507962915138,0.13908310873064522,0.2011017032007274,6.0330009998102305,0.13288390567266006,0.263116929054636,0.9388069564972028,1.3446514789871884
171553.77+294407.0,-23.9033299210396,-24.17352429646184,-24.56971074495517,-24.813027227201687,-25.13016237121247,-20.285955202452566,-23.544269722232013,-25.2219937922346,-25.184564736317423,-25.652229150276224,-26.20497244341514,-27.097397172161138,5,0.2701943754222391,0.3961864484933315,0.24331648224651659,0.31713514401078413,3.2583145197794465,-0.03742905591717616,0.46766441395880065,0.892424728745997,1.391945216213454
172404.39+311436.5,-24.582132521588093,-25.05847257587826,-25.53693306715737,-25.64497018876951,-25.948275874225875,-17.03912982372701,-24.14060220834797,-26.180000389407144,-26.55884420374989,-26.43001711108017,-26.75576666303695,-27.519268386207635,5,0.4763400542901657,0.4784604912791117,0.10803712161213852,0.3033056854563654,7.101472384620962,0.37884381434274417,-0.12882709266972014,0.763501723170684,1.1107964742674419
212034.85-003103.8,-24.91065101366257,-25.15350845026935,-25.487679082548183,-25.67385552166949,-26.03412294423012,-16.58559573495899,-23.909767585896425,-26.541993508436597,-26.46693049400145,-26.871083201316956,-27.06647396744291,-28.06634852429397,5,0.24285743660677994,0.33417063227883403,0.18617643912130788,0.3602674225606286,7.324171850937436,-0.07506301443514829,0.40415270731550734,0.9998745568510614,1.3926184457734188
212703.70+040606.6,-24.375344219712314,-24.722412205420504,-25.16317010815078,-25.242147768969197,-25.437245285279364,-17.904226971932918,-23.276254114727955,-26.18372884792927,-25.1510862346592,-25.22932903866239,-26.551665237413875,-27.363379120718687,5,0.34706798570818975,0.44075790273027593,0.07897766081841695,0.1950975163101667,5.372027142795037,-1.0326426132700703,0.07824280400318884,0.8117138833048116,1.3095174684446782
213418.89-005654.5,-24.738086734338857,-24.748180435938355,-25.16345322430057,-25.49211092926121,-25.74909776243317,-14.251766396007726,-22.497219784936654,-26.02966503153268,-27.007875733592662,-26.893953267903925,-26.981450554269177,-27.65498226133765,5,0.010093701599497962,0.41527278836221626,0.3286577049606372,0.25698683317196114,8.245453388928928,0.9782107020599824,-0.11392246568873787,0.6735317070684737,1.4893396250079682
215451.82+024241.4,-24.00950835278677,-24.55809539083407,-25.02816130980824,-25.15643169641288,-25.493721305606694,-12.508613074428082,-23.002709955208203,-25.90206343426833,-26.328493075120893,-26.772672268955237,-26.76989446317064,-27.71311219923713,5,0.5485870380472981,0.4700659189741714,0.1282703866046404,0.3372896091938138,10.494096880780122,0.42642964085256096,0.44417919383434423,0.9432177360664902,1.6134627667577597
215543.09-073902.0,-25.14081954262753,-25.697632350332,-26.161962930682037,-26.298752968113693,-26.483850278399665,-16.19234742403753,-22.11774537236545,-26.8859845331066,-27.3247602840066,-26.93392745062792,-27.266545733623005,-28.221437932442395,5,0.5568128077044712,0.4643305803500368,0.13679003743165552,0.18509731028597187,5.925397948327923,0.43877575089999965,-0.39083283337868124,0.9548921988193904,0.9677927655093121
221509.52+003638.4,-25.297312211800428,-25.25980509139464,-25.704964300123937,-25.90491659363758,-26.120514564229097,-15.217512721137764,-21.6442399707948,-26.393883591803124,-27.20873842935826,-27.38037515769636,-27.2094600278627,-27.95066456809569,5,-0.037507120405788186,0.44515920872929726,0.1999522935136433,0.2155979705915172,6.426727249657036,0.814854837555135,0.1716367283381004,0.7412045402329888,1.3045434342251205
223316.87+133309.9,-24.41229741228004,-24.663104268010585,-25.0306436373634,-25.23771921903313,-25.547706438651087,-18.759519636787108,-23.039986636580476,-26.125022423541346,-26.274408554875976,-26.55852101259445,-26.461585391983977,-27.33199670019083,5,0.25080685573054495,0.3675393693528157,0.20707558166973072,0.3099872196179554,4.280466999793369,0.14938613133463008,0.28411245771847504,0.8704113082068545,1.2238661729508458
223334.88-075043.2,-24.55922003241232,-24.664689782703032,-25.011299954194293,-25.13984107355992,-25.39259604144623,-16.966874068109238,-23.624068692463077,-25.468810259842567,-25.93250139631297,-26.031235157848005,-26.305534437839803,-27.010717311482825,5,0.10546975029071248,0.3466101714912604,0.12854111936562873,0.25275496788630747,6.6571946243538385,0.46369113647040194,0.09873376153503699,0.7051828736430217,1.165693364279882
223412.49+005906.2,-24.55267607392818,-24.742350642897836,-25.158695188378623,-25.27465582245863,-25.5716135830679,-19.19969084138211,-22.55874665257205,-26.141961594314665,-26.43895342967221,-26.54418376203673,-26.56597638793215,-27.363368463579093,5,0.1896745689696573,0.41634454548078637,0.11596063408000745,0.2969577606092706,3.35905581118994,0.29699183535754514,0.1052303323645205,0.7973920756469433,1.2913205654735194
223617.84+295639.9,-24.500957146034263,-24.759867025287797,-25.04313567205103,-25.10834825660028,-25.333747627207742,-17.79875072806481,-23.93970950614364,-25.79446379971177,-26.40009736695901,-25.994582883941327,-26.548386239569027,-27.551943756829505,5,0.25890987925353315,0.2832686467632328,0.06521258454925061,0.2253993706074624,6.140958778078829,0.6056335672472386,-0.4055144830176829,1.0035575172604787,1.4400379829687466
225834.83+005258.7,-23.731692208871863,-23.947989774796326,-24.3852693187806,-24.645665847741807,-24.966692546915425,-16.51352252597509,-23.263990522007884,-25.86326357429937,-25.84380918967915,-25.9815252122282,-25.99512910561468,-26.829798418072404,5,0.2162975659244637,0.4372795439842747,0.2603965289612056,0.32102669917361837,6.750467996032793,-0.019454384620221532,0.1377160225490499,0.8346693124577236,1.3494632578728734
230736.34+295104.0,-24.61718152655429,-24.79181210344044,-25.196032779308133,-25.34091321775261,-25.6213809255315,-16.859293815917567,-23.77932651896548,-25.78831942509851,-25.757113447752005,-26.116278185724248,-26.446931822194514,-27.210600705599543,5,0.17463057688614825,0.4042206758676947,0.14488043844447773,0.2804677077788895,6.920032703047912,-0.031205977346505875,0.35916473797224313,0.7636688834050283,1.1060186044419034
232814.76+232305.6,-23.97727551684685,-24.17908002357076,-24.432145000233582,-24.543796734906195,-24.76111184902296,-14.929586823287778,-23.413046445645293,-24.9931891747492,-25.507844657480916,-25.765779737431345,-26.0435805029106,-26.85979793839117,5,0.20180450672391004,0.2530649766628237,0.11165173467261269,0.21731511411676507,8.483459622357515,0.5146554827317154,0.2579350799504283,0.8162174354805707,1.4997837680044057
233040.03+035818.1,-24.083528057393423,-24.34331901616032,-24.69957188102429,-24.85501373375118,-24.998158291795832,-18.167785624447717,-23.50789328668252,-25.607968309314003,-25.650020263107336,-25.724133049478663,-26.31329241517435,-27.362898043998435,5,0.25979095876689584,0.356252864863972,0.15544185272688793,0.14314455804465354,5.340107662234804,0.04205195379333304,0.07411278637132668,1.0496056288240858,1.4582786814231703
233112.65-100758.0,-25.597174489847944,-25.716861297706718,-26.07026222117278,-26.24962401328468,-26.587404249635423,-16.29633322723236,-25.45653671077029,-26.71067732279734,-26.95741558341289,-27.00788752834608,-27.51845129733701,-28.38937251584402,5,0.11968680785877339,0.35340092346606156,0.1793617921119015,0.33778023635074206,9.16020348353793,0.2467382606155475,0.05047194493319296,0.8709212185070108,1.2688272840523283
233121.81+003807.4,-24.836019550688697,-25.114901751285192,-25.360311326240637,-25.46328251459263,-25.74591189470761,-16.653722485500523,-24.01331656240877,-26.102028002646705,-26.47378636986109,-26.32057680497412,-26.88451320943719,-27.96063121769904,5,0.27888220059649527,0.24540957495544546,0.1029711883519937,0.2826293801149795,7.359594076908248,0.3717583672143867,-0.15320956488697135,1.0761180082618473,1.42123069484456
233240.20+250131.3,-24.59766848512656,-24.733459954726225,-25.31712850790227,-25.48262985337058,-25.740449535572854,-13.774802922336708,-20.27692093099513,-25.746583098805,-26.65038922242004,-26.76415021519632,-26.990562768009205,-27.844161913423324,5,0.13579146959966337,0.5836685531760466,0.1655013454683072,0.2578196822022747,6.502118008658421,0.9038061236150376,0.11376099277628171,0.853599145414119,1.5079329146386264
233624.04+000245.9,-23.933240396470257,-24.09434166359177,-24.481270239281127,-24.563397657080987,-24.67657575901225,-19.39677522501252,-23.869602587928917,-25.66509280252774,-25.560425309689403,-25.91476218688961,-25.707789014814804,-26.53574830806853,5,0.16110126712151285,0.3869285756893568,0.08212741779986032,0.11317810193126121,4.472827362916398,-0.1046674928383382,0.35433687720020757,0.827959293253727,1.1443913577338165
233849.33+231433.0,-24.60217153775601,-24.70530719803647,-25.137315411856708,-25.343619332833207,-25.66897517619715,-18.52098537366585,-23.282008601947258,-26.345095523066583,-26.57029703878716,-26.845127287112657,-26.979522000094292,-27.94973311941964,5,0.10313566028045784,0.43200821382023946,0.20630392097649874,0.3253558433639441,4.761023228281406,0.22520151572057756,0.27483024832549674,0.9702111193253486,1.6359026672610852
233907.37+323543.5,-24.3921296431982,-24.42182363862481,-24.68574779890365,-24.772773417510493,-25.016733907238017,-19.118712066274117,-24.29786163843158,-25.13177800677941,-25.236305847140784,-25.64041420500515,-26.33077190894808,-27.28742456179953,5,0.02969399542661222,0.2639241602788367,0.08702561860684455,0.24396048972752382,5.179149572157463,0.1045278403613743,0.4041083578643665,0.9566526528514494,1.557998491437587
234442.95-001339.5,-24.948465242963383,-25.52909502440976,-25.872840384446413,-25.936324484248463,-26.11133674196036,-14.171533358295004,-24.37921957934331,-26.303975365847474,-26.30403087927164,-26.69399199020296,-26.95495735103171,-27.92884230960497,5,0.5806297814463761,0.3437453600366531,0.06348409980205005,0.17501225771189866,10.207686221048306,5.551342416509897e-05,0.3899611109313206,0.9738849585732616,1.0186328667832463
235212.85-012029.6,-24.859052300028324,-24.839994504444608,-25.389250785319927,-25.484235494536748,-25.73027576969668,-16.796038534389652,-21.2487607706683,-26.171646521665306,-26.978470372494893,-27.043100038898725,-26.61649231534761,-27.550291779286177,5,-0.01905779558371634,0.5492562808753192,0.09498470921682056,0.2460402751599311,4.45272223627865,0.8068238508295877,0.06462966640383172,0.9337994639385663,1.1322568208108628
235217.25+003903.7,-24.50402011794432,-24.63556815611973,-24.98322813942107,-25.13181834886363,-25.3000286858641,-16.20179596016528,-23.5236421963498,-25.861013451766677,-25.625514025234768,-25.96800882072113,-26.24698513511037,-27.157796431852915,5,0.13154803817540994,0.3476599833013374,0.14859020944255974,0.1682103370004704,7.32184623618452,-0.23549942653190925,0.3424947954863633,0.9108112967425441,1.1151667862467427
235253.51-002850.4,-23.8064980640874,-24.38028939853724,-24.76115815602224,-24.88995041611752,-25.14557454063409,-16.130892820655053,-22.7543190320545,-25.574215145014136,-25.92546023203559,-26.28213679343993,-26.524201210616507,-27.628820296527536,5,0.5737913344498402,0.3808687574850005,0.1287922600952811,0.2556241245165687,6.6234262113994475,0.35124508702145363,0.35667656140433834,1.104619085911029,1.6342507944989855
235321.81-011528.1,-25.15074935772249,-25.40275236684432,-25.797974292204028,-25.97984203779537,-26.10946821171715,-16.959776929173852,-23.201289160706303,-26.17814074576413,-26.129273931383352,-26.476297411901445,-27.011705180036948,-27.703315908058297,5,0.2520030091218324,0.39522192535970646,0.18186774559134022,0.12962617392178188,6.24151223153245,-0.04886681438077645,0.34702348051809295,0.6916107280213488,1.0318631422415798
235907.98+082933.3,-24.623063303386044,-24.834576876516667,-25.115614563032175,-25.32101930643995,-25.563670769571555,-18.944988660673346,-24.12645267766368,-26.177413295920523,-25.975665909342016,-26.15879718620566,-26.461853162697903,-27.510215678441384,5,0.2115135731306239,0.2810376865155071,0.20540474340777592,0.24265146313160457,5.181464016990333,-0.2017473865785071,0.1831312768636444,1.0483625157434808,1.1408338562579523
000040.45+332549.8,-25.01190343428629,-25.39798903050341,-25.82005182291332,-26.00349800334582,-26.285560377722906,-20.615228018759208,-23.954166196510908,-26.60176483026012,-27.02040385720505,-26.97972793870789,-27.13369846807852,-28.06600418735885,5,0.38608559621712146,0.4220627924099105,0.18344618043249739,0.28206237437708737,3.3389381777517,0.4186390269449305,-0.040675918497161234,0.932305719280329,1.1302004647327024
000319.87-090156.1,-24.96221893822132,-25.240785881995272,-25.488838649313163,-25.60476330872245,-25.89133531529952,-19.311899326992137,-23.745315921148244,-25.995501471805134,-26.26448830915277,-26.63041234479805,-26.960518074167368,-27.920475786941704,5,0.27856694377395286,0.2480527673178905,0.11592465940928776,0.28657200657707094,4.433416594156107,0.2689868373476365,0.3659240356452784,0.9599577127743366,1.3557547654449174
000908.67+250918.1,-23.58003586196517,-23.871100669769717,-24.27611790177362,-24.44010931465628,-24.700656868872088,-19.40568234221833,-23.5543562781323,-25.39324896643332,-26.092624446519487,-25.771108993518485,-26.759514621155688,-27.73853844547285,5,0.29106480780454547,0.40501723200390316,0.16399141288265895,0.2605475542158082,4.148673935913969,0.699375480086168,-0.3215154530010018,0.9790238243171636,2.3194053064994087
001027.42-012549.6,-24.341422425506025,-24.44512418781921,-24.78682811901361,-24.96358835433552,-25.198650037924875,-18.08634128435913,-23.916954005402538,-25.33335526235205,-25.778451206959183,-25.91598756421264,-26.32765515955732,-27.315290101484948,5,0.10370176231318595,0.3417039311943988,0.1767602353219111,0.23506168358935398,5.830612721043408,0.4450959446071323,0.13753635725345603,0.9876349419276274,1.3640668052217997
001636.72+204448.3,-24.56766776815937,-24.54515308317198,-25.067206636020767,-25.238807701636947,-25.44200052214421,-18.322346082269625,-21.76925593836381,-26.21435243355321,-26.521153126855964,-26.67485904110158,-26.43528184927762,-27.3209052330033,5,-0.022514684987392286,0.5220535528487886,0.17160106561617994,0.20319282050726173,3.4469098560941838,0.3068006933027547,0.15370591424561653,0.885623383725683,1.1964741476406715
001857.33+045132.2,-24.43041720722853,-24.674251106621583,-24.969613861798752,-25.129454020936464,-25.356366743018803,-19.8661851486889,-23.934736659025912,-25.59769222899905,-25.740533586531992,-26.071770887563943,-26.465797432415822,-27.357356010581213,5,0.2438338993930529,0.2953627551771696,0.15984015913771188,0.22691272208233926,4.068551510337013,0.1428413575329408,0.33123730103195115,0.891558578165391,1.3363434114793584
002133.27+004300.9,-24.600725371216654,-24.76375851034437,-25.134863870281816,-25.31563681176179,-25.64793114732682,-17.54609546187221,-24.66471489262175,-25.975086045005405,-25.865082040211096,-26.256197502698928,-26.74197344903529,-27.61110255018453,5,0.163033139127716,0.3711053599374452,0.1807729414799759,0.3322943355650274,7.11861943074954,-0.11000400479430894,0.39111546248783213,0.869129101149241,1.4263366372734971
002945.24+035817.6,-24.99730313086405,-24.976082673479485,-25.43592936955197,-25.505233783960428,-25.714416185226035,-19.251078024530223,-23.6661659318082,-26.158788097959164,-26.28779954874619,-26.71147290284621,-26.621522504313678,-27.412927614577487,5,-0.02122045738456535,0.45984669607248563,0.0693044144084567,0.2091824012656076,4.415087907277979,0.1290114507870257,0.42367335410002127,0.7914051102638098,1.1162887203532499
003001.11-015743.5,-23.76382125920708,-24.122830850541323,-24.776395166971756,-24.922332465299824,-25.11775712985149,-17.33584217803368,-22.897584605373947,-25.530961125270032,-26.263070668137274,-26.22076499148871,-26.02733170740932,-26.790326383257536,5,0.3590095913342424,0.6535643164304332,0.145937298328068,0.19542466455166618,5.561742427340267,0.7321095428672422,-0.04230567664856366,0.7629946758482156,1.1049992421094963
003416.61+002241.1,-25.104691603484437,-25.282145655984102,-25.556994839384,-25.730551282529756,-25.92239696430424,-17.371037779904384,-23.971499884976364,-26.155852482191094,-26.4089635161239,-26.33831722078454,-26.656838800266996,-27.600772693289727,5,0.17745405249966595,0.2748491833998976,0.17355644314575613,0.1918456817744847,6.60046210507198,0.2531110339328073,-0.07064629533936184,0.9439338930227308,0.92628751773724
003517.37+022446.9,-24.59700200482462,-24.70798513713191,-25.0294799094274,-25.14743320305889,-25.42377586828873,-19.674488036573237,-24.419700043228,-25.870208068478416,-25.82613246000794,-26.427406039861303,-26.53179409118757,-27.5444907242077,5,0.11098313230728962,0.32149477229549106,0.1179532936314871,0.27634266522984063,4.745212006654764,-0.0440756084704752,0.6012735798533626,1.0126966330201306,1.3843608881286826
003554.27-030310.8,-24.502272202766623,-24.74149420526092,-25.03252729834739,-25.169864239666538,-25.359695206291214,-15.189055808447788,-23.799446013245067,-25.749929441966877,-25.86222232580907,-26.42145825074155,-26.06939240471877,-27.084982560994398,5,0.23922200249429793,0.29103309308646885,0.1373369413191483,0.18983096662467602,8.610390204797278,0.11229288384219416,0.5592359249324801,1.0155901562756284,0.8995281650522315
004049.98-012938.2,-24.06173454720421,-24.271163947667183,-24.73049496176063,-24.89100549758884,-25.103364955308045,-20.01648120867501,-23.96340522430561,-25.41783864481843,-25.569995360478472,-26.50438610340655,-26.546889953357347,-27.38073937859797,5,0.2094294004629731,0.459331014093447,0.16051053582820884,0.21235945771920584,3.9469240156306,0.1521567156600412,0.9343907429280769,0.8338494252406221,1.6558844557685077
004449.94-102956.0,-25.03091692269247,-25.18296102877648,-25.42553921694159,-25.492181305011812,-25.7460504808115,-19.843042044809188,-24.896518782881515,-26.0957027584718,-26.3463921492184,-26.378869283165603,-26.84745164905028,-27.84371806396137,5,0.1520441060840092,0.2425781881651119,0.0666420880702212,0.2538691757996894,5.053476738072327,0.2506893907466008,0.03247713394720364,0.9962664149110871,1.3552703440384697
004602.67-044018.2,-24.68359923628685,-24.75523945260641,-25.24769477026349,-25.419326454841148,-25.70352058334504,-16.081635908375276,-21.195097937496776,-25.926765826357435,-26.727737439515483,-27.15868795074066,-26.77570802718954,-27.53429729724381,5,0.07164021631956174,0.49245531765707895,0.1716316845776582,0.28419412850389136,5.1134620291215,0.8009716131580475,0.430950511225177,0.7585892700542693,1.3563815723483934
004717.57-064859.4,-24.495848124630577,-24.70345467924422,-25.14672450906889,-25.363497766428484,-25.64005826370557,-17.39625142437084,-23.640429964473505,-26.093101832360237,-26.690463715008896,-26.81299884056812,-26.83304885887568,-27.48446993755105,5,0.20760655461364408,0.44326982982466845,0.21677325735959485,0.2765604972770852,6.244178540102666,0.5973618826486593,0.12253512555922441,0.6514210786753694,1.4695510924471975
005021.22+005135.0,-25.001926461254477,-25.131418073918155,-25.5108188268336,-25.61776145578388,-25.82043124763312,-16.318635148147074,-22.967921203841414,-26.39027720649966,-26.20396408397802,-26.865393601173448,-26.736942918151144,-27.671600310886767,5,0.1294916126636778,0.3794007529154442,0.10694262895028217,0.20266979184923883,6.64928605569434,-0.18631312252164278,0.6614295171954296,0.9346573927356232,1.119181462367262
005135.28-010709.1,-25.200821678121898,-25.424365377902426,-25.661895615944232,-25.76174069035319,-25.947825394427237,-17.058338202105084,-24.68554520043458,-25.75430235134069,-26.20401788160516,-26.71639294576323,-27.05818702173837,-28.09928169267802,5,0.22354369978052802,0.23753023804180629,0.0998450744089574,0.1860847040740481,7.627206998329495,0.44971553026447,0.5123750641580678,1.0410946709396498,1.2964463313851802
005708.03+052949.9,-23.693482271519585,-23.90350579577704,-24.30267028523966,-24.47038153168597,-24.757608594428103,-19.147038986502945,-23.412240992101,-25.352194522670576,-25.285910682756075,-25.62300930113433,-25.95588247401348,-26.783235450784705,5,0.21002352425745485,0.3991644894626205,0.1677112464463093,0.28722706274213294,4.265202005598056,-0.06628383991450093,0.3370986183782563,0.8273529767712233,1.485500942327512
005717.89+220320.8,-23.205648654661697,-23.84316924140972,-24.107737947129756,-24.36858475212093,-24.65866584941999,-16.946563916626594,-22.516260967166343,-25.116200188117663,-25.16965766016545,-25.491583985264352,-26.00206652410584,-26.70864620442408,5,0.6375205867480211,0.26456870572003766,0.26084680499117496,0.2900810972990584,5.569697050539748,0.053457472047785615,0.32192632509890373,0.7065796803182423,1.6334817719849077
005824.75+004113.3,-25.663102541019093,-25.892675056096035,-26.23493715614157,-26.442966499542624,-26.69698782886538,-16.93310591368023,-23.972525057034645,-27.08066222494284,-27.56712841659783,-27.58797776048014,-27.742779073124755,-28.597546720898254,5,0.2295725150769421,0.34226210004553437,0.20802934340105494,0.25402132932275734,7.039419143354415,0.48646619165498706,0.02084934388231119,0.8547676477734996,1.2998125735821304
005840.20+093350.6,-24.93509527460984,-25.16622175015717,-25.45275238629471,-25.53187490884365,-25.80368452088979,-18.23912805775088,-24.284641045257896,-25.635584100290476,-26.359699783298435,-26.4612075043615,-26.84950964743159,-27.85629498113234,5,0.231126475547331,0.28653063613753815,0.0791225225489427,0.2718096120461375,6.045512987507017,0.7241156830079589,0.10150772106306505,1.0067853337007513,1.3176347385879374
005946.80-030003.5,-24.352247778333695,-24.61281825395751,-24.973737206180225,-25.150676072372097,-25.274503636852472,-17.16845003842998,-23.06443239006869,-25.942087195850544,-27.17031569006588,-27.45327524807005,-26.109474147929426,-26.84817186599988,5,0.2605704756238154,0.36091895222271475,0.17693886619187182,0.12382756448037568,5.8959823516387075,1.2282284942153368,0.28295955800416905,0.7386977180704548,0.9587980755573291
010120.12+023429.5,-23.97149875402054,-24.110911997830524,-24.456029700955817,-24.676954868176374,-24.953181021639327,-19.897503907700493,-23.55009260823847,-24.83155174972488,-25.162831120912017,-25.734311950489392,-26.456673916569805,-27.386672396754896,5,0.1394132438099831,0.3451177031252932,0.22092516722055677,0.27622615346295376,3.652588700537976,0.33127937118713646,0.571480829577375,0.9299984801850911,1.7797190483934315
010205.60-015038.1,-24.402975049021048,-24.726348950740174,-25.07791388344037,-25.215627495841943,-25.475423697456108,-17.695200832523334,-24.519310652112235,-25.68784528460989,-25.48731337213472,-26.359860630204818,-26.65658970802112,-27.71396242880459,5,0.32337390171912617,0.35156493270019595,0.13771361240157276,0.25979620161416506,6.824109819588902,-0.20053191247516722,0.8725472580700959,1.0573727207834693,1.4409622121791763
010454.13-022405.2,-23.80364458282652,-24.200864488338755,-24.63013881591258,-24.86203065314472,-25.089597762794515,-15.836884281394331,-22.37704973814696,-26.29946186663663,-26.66570381820337,-25.103741912815547,-26.326690965205653,-27.34045777690471,5,0.39721990551223385,0.42927432757382533,0.23189183723214057,0.22756710964979376,6.54016545675263,0.3662419515667388,-1.5619619053878218,1.0137668116990568,1.464660312060932
010900.61+193000.5,-24.590667425742883,-24.61001976060834,-24.87424826304433,-25.066896960457854,-25.31680208589445,-19.095749534609723,-23.70888858427081,-25.611480263115865,-25.741685664365875,-25.961621383698,-26.291089608652157,-27.31512751603131,5,0.019352334865455845,0.2642285024359907,0.19264869741352442,0.24990512543659804,4.613139049661086,0.13020540125000934,0.21993571933212408,1.024037907379153,1.224192648194304
011218.07+353011.7,-24.63479825020705,-24.77480383765708,-25.466106565007703,-25.570729733532207,-25.78479745069813,-18.17567861874403,-22.597688889009785,-25.97123066751818,-26.77317574893312,-26.692813062532,-26.524365041278017,-27.392821677568485,5,0.14000558745002678,0.6913027273506245,0.1046231685245047,0.21406771716592132,4.422010270265755,0.8019450814149387,-0.08036268640111999,0.8684566362904675,0.9536353077458095
011225.82+214752.5,-24.51359747728145,-24.49847602551015,-24.938487503330773,-25.100211333313176,-25.384813846892023,-20.415921713089688,-24.238908968676363,-25.869118965582903,-25.801525381569437,-25.857380941488657,-26.415508002051077,-27.322234709306283,5,-0.015121451771300087,0.44001147782062233,0.1617238299824031,0.2846025135788466,3.822987255586675,-0.0675935840134656,0.055855559919219644,0.9067267072552063,1.3152966687379006
011517.10-012704.5,-24.62210017880216,-24.786758841312025,-25.045937603789877,-25.19473463228306,-25.345718847567987,-20.093434598440048,-24.071356855373185,-25.59051015011018,-26.18416354392128,-26.152859624324357,-26.32879846550079,-27.24823280344101,5,0.16465866250986494,0.2591787624778519,0.14879702849318122,0.15098421528492878,3.9779222569331374,0.593653393811099,-0.03130391959692247,0.9194343379402206,1.1340638332177306
011533.63+005858.3,-23.71679379531212,-24.01175082535451,-24.383231868066183,-24.67109394823443,-24.955147064048635,-20.510442395902245,-23.4982219823282,-25.775880339121315,-25.970539776420672,-26.186048777798835,-26.17519974017248,-27.09346767592422,5,0.29495703004239004,0.3714810427116717,0.2878620801682459,0.28405311581420634,2.9877795864259546,0.1946594372993573,0.21550900137816242,0.9182679357517394,1.504105791938052
011945.68-094100.5,-24.57640127895541,-24.78902118397464,-25.070203809209005,-25.17070536346632,-25.3854448205544,-17.8181470187927,-24.49960223167306,-25.68114616634974,-26.076117416702168,-26.29431129485249,-26.62979784809275,-27.520950652887844,5,0.21261990501923123,0.281182625234365,0.10050155425731333,0.21473945708808273,6.681455212880358,0.39497125035242675,0.21819387815032343,0.8911528047950945,1.4590924846264315
012313.84+114034.2,-24.49732427611342,-24.536133955502997,-24.969596488921574,-25.11020373477521,-25.385973290406167,-18.791839657199244,-22.19980130374868,-26.22943951781097,-26.73806445174788,-26.992605053220387,-26.651866697790016,-27.61305732166976,5,0.038809679389576246,0.4334625334185773,0.14060724585363715,0.27576955563095495,3.4079616465494347,0.5086249339369111,0.254540601472506,0.9611906238797445,1.5416629630148044
012708.76+093407.0,-24.776620242214182,-24.948910714195257,-25.213524140885117,-25.36577672404277,-25.61014180547264,-15.398903589339538,-23.9991628520005,-25.65761356609777,-25.69484328701776,-26.12546615647518,-26.71936437806766,-27.678786542937644,5,0.17229047198107494,0.2646134266898592,0.15225258315765444,0.24436508142986924,8.60025926266096,0.037229720919992104,0.43062286945741945,0.9594221648699843,1.3535876540248886
012906.29+331644.5,-23.97955511317892,-24.44027864973308,-24.85615015616756,-24.86424823908959,-25.46039340288563,-17.56911455642309,-23.318931772366984,-25.28054738433049,-26.07803459732201,-25.96924197252233,-26.51974957014644,-27.31890496856183,5,0.4607235365541591,0.41587150643447757,0.00809808292203229,0.596145163796038,5.749817215943892,0.7974872129915198,-0.10879262479967977,0.7991553984153903,1.6555013310568505
013021.92+110000.3,-24.10083562915264,-24.373041026554358,-24.869781539233607,-24.99625753799565,-25.15647361627644,-18.84234708395293,-23.43402684283828,-25.523970057667363,-25.827803165407595,-26.088633053053552,-26.694344217483103,-27.563117017139252,5,0.27220539740171645,0.49674051267924924,0.12647599876204296,0.16021607828079,4.591679758885348,0.30383310774023187,0.2608298876459578,0.8687727996561492,1.698086679487453
013027.10+063107.7,-23.810302770452036,-23.91075467936457,-24.330349259832197,-24.502450168339976,-24.75201425292521,-20.12694714904333,-23.474116032014983,-24.790056361635013,-25.03294129121339,-25.53881036691612,-26.13552606703049,-26.998814657146948,5,0.10045190891253242,0.41959458046762776,0.1721009085077796,0.24956408458523427,3.347168882971655,0.24288492957837704,0.50586907570273,0.8632885901164578,1.6330758986905138
013415.48-005540.9,-24.793316648713013,-24.929521382015537,-25.311007437512952,-25.47946817102335,-25.68872546515064,-14.95349963742794,-23.4528331851019,-25.901010137779707,-26.515411095071308,-26.48383882154815,-26.80402251792406,-27.78227172331595,5,0.1362047333025238,0.3814860554974153,0.16846073351039692,0.20925729412729055,8.499333547673958,0.6144009572916005,-0.031572273523156724,0.9782492053918901,1.3245543469007117
013514.23+032222.5,-24.436237856376124,-24.7364661424364,-25.048635186760684,-25.192011222003263,-25.42797952666156,-16.26916395837173,-23.54853951755201,-25.84566477474394,-26.271353478890187,-25.801126707376586,-26.32923384737421,-27.236755329004747,5,0.30022828606027474,0.3121690443242855,0.14337603524257858,0.23596830465829655,7.279375559180277,0.42568870414624627,-0.4702267715136017,0.907521481630539,1.1372226253709457
013546.43+332435.5,-24.158720760214457,-24.34817745158936,-24.830835745786263,-25.043435960939924,-25.389151431550975,-19.56249436011052,-24.033500429634408,-25.349086520931557,-25.909860355195068,-26.02941711661132,-26.563804567701496,-27.51992515017035,5,0.18945669137490384,0.4826582941969022,0.21260021515366034,0.3457154706110508,4.471006069523888,0.5607738342635109,0.11955676141625204,0.9561205824688557,1.520368606761572
013656.31-004623.8,-24.11910170407927,-24.556389926751724,-25.04299791838216,-25.237000966771248,-25.48232329673831,-17.972197277045833,-23.124480975788224,-25.87350567431411,-26.26984425827848,-26.276030572109125,-26.47094446368408,-27.854686349987933,5,0.4372882226724535,0.4866079916304358,0.19400304838908866,0.24532232996706327,5.152283698742391,0.3963385839643685,0.006186313830646384,1.3837418863038522,1.2339434969128327
013806.13+232022.5,-24.141767798792632,-24.361600268617853,-24.736207453076005,-24.91178410241161,-25.17376962170605,-19.64027174332793,-23.437780088686623,-25.435323647749257,-26.1095013837893,-26.32000482288637,-26.41140417809987,-27.39250249679809,5,0.21983246982522076,0.3746071844581529,0.17557664933560346,0.26198551929444136,3.7975083453586933,0.6741777360400434,0.2105034390970708,0.9810983186982227,1.4996200756882594
013858.97-044259.9,-25.246527930536647,-25.423795476915352,-25.650920488687834,-25.81746365825607,-26.087778237946484,-17.98902212668559,-24.637031900124303,-26.57976057136445,-26.57051414865338,-26.62463189126363,-27.058514228684075,-27.898524761678367,5,0.17726754637870457,0.22712501177248257,0.16654316956823578,0.27031457969041384,6.648009773438712,-0.009246422711068902,0.0541177426102486,0.8400105329942917,1.2410505704280048
013918.25-010202.2,-24.44442444443438,-24.64846687198128,-25.04527483954441,-25.23357605339292,-25.43564344785851,-19.418517441817837,-24.475352905839163,-25.57606226008705,-25.98107320021036,-26.17954029100556,-26.812869516359243,-27.86823800414441,5,0.20404242754690216,0.3968079675631273,0.1883012138485114,0.2020673944655904,5.056835464021326,0.4050109401233115,0.19846709079519798,1.0553684877851666,1.579293462966323
014217.79+102323.7,-24.321808398401693,-24.627794333783516,-24.98622438061929,-25.09045798799876,-25.402400384401417,-19.690362804146627,-23.65722052481325,-25.713205281371867,-26.10182595386768,-26.33304824142113,-26.74834553488046,-27.86420334789676,5,0.3059859353818233,0.3584300468357746,0.10423360737947007,0.31194239640265664,3.9668577206666242,0.388620672495815,0.2312222875534502,1.115857813016298,1.6578875468816996
014747.29-030653.4,-24.8007749945833,-24.995137444198825,-25.263110353372504,-25.301952833529043,-25.748306944352688,-19.704736765529315,-23.773871308220333,-26.4279980800742,-26.54323318738299,-26.79476314558153,-26.60216033225715,-27.233066035864542,5,0.19436244961552518,0.2679729091736789,0.03884248015653924,0.44635411082364485,4.0691345426910175,0.11523510730879138,0.25152995819853885,0.6309057036073931,1.3002074987281063
015504.73-102328.3,-25.10763464371068,-25.372806105532817,-25.701801748339182,-25.84165927596229,-26.10008846294421,-16.29501693144039,-24.57327181430855,-26.42709565453652,-26.337478502377294,-26.86296885168201,-27.229859479935985,-28.197094720603967,5,0.26517146182213835,0.3289956428063654,0.1398575276231071,0.2584291869819211,8.278254882868161,-0.08961715215922439,0.5254903493047145,0.967235240667982,1.388200203973696
020344.62-033508.7,-24.23385487153257,-24.493909191976304,-24.78797099809866,-24.913878577468356,-25.184473265819705,-17.048951200257953,-23.509214963462966,-25.630486990287515,-25.903380723343783,-25.30893142491388,-26.254873020348384,-27.22899575678325,5,0.2600543204437322,0.29406180612235744,0.1259075793696951,0.27059468835134837,6.460263763205013,0.27289373305626796,-0.5944492984299039,0.9741227364348646,1.340994442880028
021147.96+003023.5,-24.658253819586022,-24.977894117077565,-25.279056711812384,-25.41849374851822,-25.70121910823341,-18.034634788727782,-23.03581926765341,-26.126937440662395,-26.366630061283693,-26.99587382478081,-26.55994413782176,-27.55998615832977,5,0.3196402974915422,0.3011625947348193,0.13943703670583574,0.2827253597151902,5.001184478925627,0.23969262062129815,0.6292437634971151,1.0000420205080118,1.1414503893035395
021235.24+045505.9,-24.90587107456595,-25.02714916798341,-25.439295820704388,-25.569948015935985,-25.801483229692536,-18.582067609510705,-22.693265096371952,-26.24159983538,-26.482668698912263,-26.70572388895649,-26.717904456173542,-27.555063966283964,5,0.12127809341745888,0.4121466527209776,0.13065219523159755,0.23153521375655117,4.111197486861247,0.24106886353226287,0.2230551900442279,0.8371595101104212,1.1479564402375573
021259.21+132618.8,-24.677358353772963,-24.924119370026947,-25.28736214818111,-25.4087435011056,-25.677402517356597,-18.063563125425325,-23.83997721971632,-26.17095903804279,-26.61352577391079,-26.44017089528426,-26.74058633698098,-27.66622904454914,5,0.24676101625398417,0.36324277815416295,0.12138135292449093,0.26865901625099653,5.776414094290995,0.4425667358680023,-0.17335487862652954,0.9256427075681621,1.3318428358753778
021351.01-023950.0,-24.310365710053787,-24.53665811203395,-24.847988353413257,-25.00114171058529,-25.270373907891425,-19.736326187936765,-24.24394631687328,-25.60758536821183,-25.47807041559774,-26.144059195612964,-26.67717053849049,-27.60431669341713,5,0.22629240198016376,0.31133024137930576,0.15315335717203382,0.2692321973061347,4.507620128936516,-0.12951495261408752,0.6659887800152227,0.9271461549266391,1.6760288279051991
022232.65+032242.8,-25.42012207665668,-25.589379239168537,-25.90660707815303,-26.068507082786542,-26.29161766803843,-17.235261545274298,-25.241098747857933,-26.57798615064946,-26.34945862940485,-26.58256218783556,-26.899182671154964,-27.55060406158668,5,0.16925716251185818,0.31722783898449336,0.1619000046335124,0.22311058525188798,8.005837202583635,-0.22852752124460807,0.2331035584307095,0.6514213904317145,0.8306755883684218
022253.26+033421.1,-25.22208037912028,-25.39982264166393,-25.692815317931608,-25.820781736823605,-25.649382086511388,-16.73317722710019,-24.028400383102607,-26.223449123184228,-26.12032575409112,-26.363383990118955,-26.860219549344656,-27.888105599218505,5,0.17774226254365288,0.29299267626767644,0.12796641889199734,-0.1713996503122175,7.295223156002418,-0.10312336909310815,0.24305823602783505,1.0278860498738496,1.0394378125210508
022525.42-034223.1,-24.126499705248605,-24.21948527030188,-24.591435960348075,-24.636325437664397,-24.74623568608044,-19.981362185890067,-23.919647280003304,-25.521061478867352,-25.501771545790238,-25.791883452804385,-26.03033025930824,-26.85991733948666,5,0.09298556505327582,0.3719506900461944,0.04488947731632109,0.10991024841604258,3.938285094113237,-0.019289933077114796,0.2901119070141469,0.8295870801784204,1.3940048216438434
022823.19-041223.8,-24.92421722239236,-25.048862387010264,-25.39345083056917,-25.58686249336737,-25.849725258383664,-20.524124637016907,-24.917216166069032,-26.2269986708212,-26.25508205103641,-26.344495182752187,-26.985914823198417,-27.864725618825325,5,0.12464516461790254,0.34458844355890506,0.19341166279820143,0.262862765016294,4.393091529052125,0.02808338021521095,0.08941313171577647,0.878810795626908,1.399052329831047
022853.21-033737.1,-25.528909978076157,-25.587143348111898,-25.992394553254808,-26.13672747028376,-26.30947185307276,-19.72586640939531,-24.13918433254965,-26.71693632179783,-26.8372493159622,-27.07540539516901,-27.33388692264876,-28.010294590523078,5,0.05823337003574025,0.40525120514291046,0.1443329170289509,0.17274438278900206,4.413317923154342,0.1203129941643688,0.23815607920681003,0.6764076678743187,1.1971594523649998
022900.21-043752.8,-24.83251393791235,-25.014566364396117,-25.54955921440585,-25.740495514736597,-25.992339694011296,-17.73582182217165,-23.97736434528289,-26.222106511104748,-26.44411759619575,-26.881910498440316,-27.23913976437613,-28.031431048428335,5,0.18205242648376796,0.5349928500097327,0.1909363003307476,0.2518441792746984,6.241542523111239,0.2220110850910011,0.437792902244567,0.7922912840522045,1.4986442496395327
024932.40-085050.5,-24.476924051287423,-24.554270693403403,-24.888554002891183,-25.126392280695622,-25.426227296981004,-20.03884886008599,-23.64940180844752,-25.665862537764937,-25.580799021882967,-25.89347849544224,-26.73865774445056,-27.76980800995544,5,0.0773466421159803,0.3342833094877804,0.237838277804439,0.2998350162853818,3.61055294836153,-0.08506351588196992,0.31267947355927106,1.0311502655048805,1.6122654637549374
025011.98-044228.9,-24.71793593089076,-25.09562992657694,-25.528752349986352,-25.70276444617699,-26.02312714554224,-17.307820696019895,-23.188359131753323,-26.135640298706203,-26.62086388730793,-26.969908002991,-26.988115498392283,-27.909252620957943,5,0.37769399568617956,0.43312242340941154,0.17401209619063707,0.3203626993652513,5.880538435733428,0.4852235886017269,0.34904411568307125,0.9211371225656606,1.2853510522152938
025240.44-043834.4,-25.1036003357024,-25.17767873984369,-25.40858071003264,-25.564641618767777,-25.74143410774116,-19.84708030872949,-24.937186408811424,-25.6604863264747,-25.519799240599117,-26.21010275770913,-27.06637881337344,-27.958742247723197,5,0.07407840414128941,0.23090197018895253,0.15606090873513523,0.1767924889733834,5.090106100081936,-0.14068708587558376,0.6903035171100136,0.8923634343497575,1.5017371946056635
025714.76-052751.7,-24.46861519738912,-24.78718057339897,-25.04357133769325,-25.142390222634813,-25.416211661288,-12.88888495023262,-22.61036053830212,-26.07817585795585,-26.64952357791783,-26.52209417271272,-26.266570991223052,-27.08176583131704,5,0.31856537600985035,0.25639076429428087,0.09881888494156144,0.27382143865318653,9.7214755880695,0.571347719961981,-0.1274294052051097,0.8151948400939872,1.1241807685882392
034646.11-004212.8,-25.10795704930214,-25.39488126864752,-25.79558021248258,-25.966504590494907,-26.259327272530765,-18.215062772501863,-23.93293264215896,-26.513696523274923,-26.725530385419752,-26.937972922817227,-27.060230046637237,-28.007896061337675,5,0.28692421934538004,0.4006989438350601,0.17092437801232663,0.29282268203585815,5.717869869657097,0.2118338621448288,0.2124425373974752,0.9476660147004381,1.0937254561423302
040954.21-041137.0,-25.168177637354564,-25.210477655871223,-25.577007932043752,-25.80055865576606,-26.0957912889952,-18.468562412114665,-22.303257910405577,-26.534287338291616,-26.665381668049797,-27.40708060704468,-27.158862761077028,-27.954046215096884,5,0.04230001851665932,0.3665302761725293,0.22355072372230822,0.2952326332291406,3.8346954982909125,0.1310943297581808,0.7416989389948832,0.7951834540198561,1.3583041053109675
073207.48+384104.3,-24.492017614372585,-24.85590097839259,-25.03792252521405,-25.11739880164885,-25.268570641539544,-18.90907800061465,-24.122148649633,-25.61300344328728,-25.626571336222103,-26.11861281454701,-26.36213523384262,-27.26665770477041,5,0.36388336402000476,0.18202154682145988,0.07947627643480004,0.1511718398906936,5.213070649018352,0.013567892934823078,0.4920414783249072,0.904522470927791,1.2447364321937684
073543.19+201256.7,-24.206278684587737,-24.46762014241608,-24.81496542414526,-24.928550398070403,-25.29137491517356,-17.80241705686397,-21.59402851190268,-25.84106043528876,-26.159128147524378,-26.353057207052597,-26.450147966995885,-27.28571259718207,5,0.26134145782834395,0.34734528172917933,0.11358497392514266,0.36282451710315655,3.7916114550387086,0.31806771223561725,0.19392905952821948,0.8355646301861839,1.5215975689254826
073717.09+214349.2,-24.51016750723883,-24.77650430725311,-25.065837420082644,-25.243603668527992,-25.52127253122207,-19.693105130808828,-23.9492957264478,-26.17074363984318,-26.45200530167136,-26.36211817655078,-26.420495385110414,-27.289772406471947,5,0.2663368000142796,0.2893331128295351,0.17776624844534794,0.2776688626940782,4.256190595638973,0.2812616618281787,-0.08988712512057973,0.8692770213615333,1.1768917165824213
073750.27+283630.2,-24.356591350340405,-24.56278509503248,-24.9475182452124,-25.195842222260648,-25.4091172276571,-19.0581745694316,-23.45572241722198,-25.612520197017925,-25.67643665796317,-26.153931167123712,-26.26416861765214,-27.234918087522512,5,0.20619374469207585,0.38473315017991894,0.2483239770482477,0.21327500539645072,4.397547847790381,0.06391646094524361,0.47749450916054315,0.9707494698703734,1.068326395391491
073840.00+391534.0,-24.682309082656445,-24.970188458513604,-25.212932457084367,-25.33225910568231,-25.67764328660884,-14.030875791772862,-22.061504753431024,-25.85227372250416,-25.899663036602927,-26.164484200351463,-26.817543336839023,-27.78280289296864,5,0.28787937585715895,0.2427439985707629,0.11932664859794428,0.3453841809265299,8.030628961658161,0.04738931409876557,0.26482116374853604,0.9652595561296167,1.4852842311567116
073843.35+391550.4,-22.53919787584343,-22.78119356641845,-23.17755511499426,-23.30313547954441,-23.580632822234996,-16.693779174690185,-20.379649591687155,-24.572020772523437,-24.60587611716757,-25.25430111477339,-25.00174986690149,-25.85763562568877,5,0.24199569057502046,0.39636154857580763,0.12558036455014943,0.27749734269058735,3.68587041699697,0.03385534464413098,0.6484249976058223,0.8558857587872772,1.6986143873570825
073913.46+180222.8,-24.879343734396446,-25.241612773347818,-25.53749274733344,-25.690180789744534,-25.973169291883625,-15.507051300969303,-24.722557914838703,-26.27876757993914,-26.384246299529394,-26.71354860779757,-27.41684621055398,-28.35360545166669,5,0.3622690389513714,0.29587997398562393,0.1526880424110928,0.28298850213909077,9.2155066138694,0.10547871959025557,0.32930230826817564,0.9367592411127106,1.7266654208094465
074029.82+281458.5,-24.779303210454422,-24.995128595626525,-25.37254363590349,-25.536210843397008,-25.825428696299223,-20.87782092491521,-24.2713349810458,-26.158012856613407,-26.488105664414256,-26.478646807491053,-26.635579670276663,-27.45118542727485,5,0.2158253851721028,0.37741504027696493,0.1636672074935177,0.28921785290221536,3.3935140561305914,0.33009280780084893,-0.00945885692320303,0.8156057569981883,1.0993688268796546
074454.61+441903.4,-25.178970793178973,-25.36360701642962,-25.767876323789125,-25.885286051415864,-26.1031728111845,-18.609785833798107,-23.551392207319857,-26.476518077254777,-26.64442578156032,-26.862527027433224,-27.016412860423525,-28.0494961541618,5,0.18463622325064577,0.40426930735950606,0.11740972762673962,0.21788675976863559,4.941606373521751,0.16790770430554147,0.21810124587290503,1.033083293738276,1.131126809007661
074527.42+222453.3,-25.311469822987124,-25.512089147162857,-25.80012713701632,-25.952377853327445,-26.22175360988557,-17.38155667542891,-24.812218953584736,-26.567374558358587,-26.557561466740037,-26.72319008359335,-27.276952572557864,-28.10248100882345,5,0.20061932417573303,0.2880379898534642,0.15225071631112286,0.2693757565581265,7.430662278155825,-0.009813091618550374,0.16562861685331498,0.8255284362655857,1.3245747192304194
074914.78+472904.1,-25.76053099303758,-25.99216854592653,-26.362448696291352,-26.488988900638937,-26.76608207959418,-20.14872607207705,-24.494363201662544,-27.07871656532386,-27.347124913989376,-27.71053993794332,-27.78559838556312,-28.725284040446013,5,0.23163755288894805,0.37028015036482387,0.1265402043475845,0.2770931789552442,4.345637129585494,0.2684083486655169,0.3634150239539444,0.9396856548828936,1.2966094849241827
075115.43+505439.1,-25.658886327216685,-25.64918004890641,-26.353162617028342,-26.444748651465197,-26.623199471589416,-13.113376367355562,-24.04470049929313,-27.145374452755323,-27.26581084114253,-27.47257081052228,-27.57629116298996,-28.220299676814843,5,-0.009706278310275707,0.7039825681219334,0.09158603443685465,0.17845082012421898,10.931324131937567,0.12043638838720838,0.20675996937974972,0.6440085138248826,1.1315425115247635
080356.50+281835.5,-24.893696070789304,-24.980486248323817,-25.3901672501254,-25.555000020152903,-25.809955442532104,-19.053746166393765,-23.10308440836017,-26.258942633222883,-26.872712725749864,-27.037363964986994,-26.75559268550389,-27.6019252466872,5,0.0867901775345139,0.40968100180158373,0.16483277002750185,0.25495542237920077,4.049338241966407,0.6137700925269804,0.16465123923713065,0.8463325611833099,1.2005926653509853
080515.91+152924.3,-24.73345319839468,-25.14947276096293,-25.46724717368334,-25.500803890431243,-25.742340253056263,-16.370202285127487,-24.28132547402176,-25.993848753781183,-25.975463253949467,-26.21905936357772,-26.76699156957025,-27.707176539612817,5,0.41601956256824835,0.31777441272041074,0.033556716747902726,0.24153636262501976,7.911123188894273,-0.01838549983171589,0.2435961096282533,0.9401849700425657,1.2661876791390085
080540.38+111727.2,-24.964520840683317,-25.29725247757951,-25.68632455467094,-25.82844267253069,-26.014924095654745,-14.173112127981724,-22.632890608637567,-25.83516448637905,-26.418297901516333,-26.369267943529465,-27.09951524467568,-27.989036150029925,5,0.3327316368961917,0.38907207709143066,0.14211811785975215,0.1864814231240537,8.459778480655842,0.5831334151372829,-0.0490299579868676,0.8895209053542459,1.2710725721449876
080630.29+144242.4,-25.521892384553595,-25.69547762062959,-26.09187096122493,-26.158665991096225,-26.350757875501223,-21.984462541568615,-25.43439448748189,-26.567526742107205,-26.62624639510355,-26.96280894878666,-27.70802025392446,-28.631508430875687,5,0.17358523607599352,0.3963933405953419,0.06679502987129382,0.19209188440499858,3.4499319459132742,0.05871965299634496,0.33656255368310894,0.9234881769512278,1.5493542628282349
081050.90+350828.7,-25.266880675060243,-25.678118742647825,-26.03269250001877,-26.27401229067561,-26.575147693777737,-18.569253806168025,-24.38885075165229,-26.75565241354233,-26.72228346580481,-26.923251715341102,-27.576780796448062,-28.470323877367623,5,0.41123806758758263,0.3545737573709431,0.24131979065684206,0.3011354031021263,5.819596945484264,-0.033368947737518084,0.20096824953629167,0.8935430809195601,1.3027685057724518
081737.27+314707.3,-24.24424699340411,-24.351058947191905,-24.70379718795158,-24.84409958098447,-25.066738424452478,-19.988412848537177,-23.884412669541906,-25.34362555165909,-25.75197322721302,-26.14146805949982,-26.402363505867545,-27.267912280692137,5,0.10681195378779407,0.35273824075967397,0.14030239303288994,0.22263884346800822,3.895999821004729,0.40834767555393015,0.3894948322868004,0.8655487748245925,1.5582639248830752
081812.68+181913.6,-25.72007026429323,-26.07216921638158,-26.5044526167884,-26.611622128633964,-26.835545633268097,-16.28508565114558,-23.38002609802629,-27.12253150219633,-27.39652043973924,-27.55744018855908,-27.71326762121344,-28.53260597646944,5,0.35209895208835107,0.432283400406817,0.10716951184556578,0.2239235046341328,7.09494044688071,0.2739889375429101,0.16091974881983973,0.8193383552560007,1.1016454925794754
081925.25+150537.2,-25.169828582066454,-25.26575175165097,-25.55871750200324,-25.76215520528528,-26.0373446766672,-17.249008800985674,-24.589620374101987,-26.64725555042981,-26.855140306501497,-26.690188861684742,-26.90623193165196,-27.68952979981034,5,0.09592316958451619,0.2929657503522698,0.20343770328203803,0.2751894713819212,7.340611573116313,0.20788475607168522,-0.1649514448167544,0.7832978681583818,1.1440767263666807
082107.10+360303.5,-24.97111281272596,-25.24741310601988,-25.57788464737421,-25.7018826748927,-26.01227368905529,-16.706891854077103,-23.984269507930765,-26.445947966960475,-26.69490744468153,-26.68816370818213,-27.29621303531316,-28.2040821797692,5,0.2763002932939216,0.33047154135432777,0.12399802751849265,0.3103910141625903,7.277377653853662,0.24895947772105487,-0.006743736499398523,0.9078691444560398,1.5943303604204573
082226.81+475059.1,-24.994810934904518,-25.21921860350933,-25.57177171918492,-25.74893709523755,-26.03501951545637,-20.926935519121944,-25.20189965463986,-26.27665381674464,-26.28072390069721,-26.22666245738507,-27.32642498327156,-28.27822552510821,5,0.22440766860481176,0.35255311567559033,0.17716537605263127,0.28608242021881836,4.274964135517916,0.004070083952569803,-0.0540614433121398,0.9518005418366471,1.5774878880340104
082450.79+154318.4,-25.90245910752507,-26.053594417492462,-26.416677283046475,-26.523969222270303,-26.8271698553363,-20.60744638021891,-25.257866408882453,-27.53544963304316,-27.88207622026815,-27.86494270327041,-28.280887874242424,-29.134760638527528,5,0.151135309967394,0.3630828655540128,0.10729193922382763,0.3032006330659982,4.650420028663543,0.3466265872249892,-0.017133516997741793,0.8538727642851036,1.7569186519721214
082507.67+360411.1,-25.24592560778134,-25.518687297965908,-25.98827688688276,-26.21590436107997,-26.59472751000294,-18.55927309536125,-24.847307154516663,-27.092387995871967,-27.437358991672863,-27.24041587372339,-27.58449791468824,-28.319543572557144,5,0.2727616901845664,0.46958958891685043,0.22762747419721308,0.37882314892296876,6.2880340591554145,0.34497099580089596,-0.1969431179494734,0.7350456578689055,1.3685935536082674
082614.34+560220.8,-24.418791557537336,-24.805302090691207,-25.122624814399405,-25.2365067222742,-25.5079231667264,-18.883997019654416,-23.084329508062243,-25.85752628349245,-25.79696685966727,-26.046060750415133,-26.300204075857,-27.157382699617298,5,0.38651053315387074,0.31732272370819814,0.11388190787479502,0.2714164444521998,4.2003324884078275,-0.060559423825182535,0.24909389074786503,0.8571786237602979,1.0636973535827998
082726.02+331354.6,-24.705879504309973,-24.83352555168627,-25.12337736454159,-25.26064152526757,-25.511844891674404,-18.068117861206712,-24.95856317022085,-25.83568259037896,-25.6579580179166,-25.715275252376745,-26.808093548106623,-27.70903372216949,5,0.1276460473762988,0.2898518128553178,0.13726416072598013,0.25120336640683405,6.890445309014137,-0.17772457246235973,0.05731723446014669,0.9009401740628675,1.5474520228390531
082918.08+113341.7,-25.019693734628863,-25.19716623015235,-25.63397270903335,-25.7485012877864,-26.01384158903945,-21.66131701456384,-24.648546946269352,-26.096067579566483,-26.23575918760132,-26.471536123003848,-26.82572651089316,-27.57215874895421,5,0.17747249552348876,0.43680647888099955,0.114528578753049,0.2653403012530511,2.9872299317055138,0.1396916080348376,0.23577693540252653,0.7464322380610504,1.0772252231067583
082950.82+612703.7,-25.224523861277927,-25.72025758145836,-26.289837569288256,-26.45402275543961,-26.77911925398243,-22.61648967866198,-24.65141712417157,-27.01310594976961,-26.967110448847546,-27.19984196070605,-27.65347482999616,-28.559643096115064,5,0.49573372018043216,0.569579987829897,0.1641851861513537,0.32509649854281975,2.034927445509588,-0.04599550092206428,0.23273151185850338,0.9061682661189039,1.1994520745565502
083302.02+455738.9,-24.302438474114805,-24.86146877482837,-25.284568385072987,-25.344610773294747,-25.578821680166897,-18.81027125660523,-23.122623192992837,-26.03637488700789,-26.60206381709865,-26.571738332919992,-26.391121515978416,-27.34085340910268,5,0.559030300713566,0.4230996102446163,0.06004238822175978,0.23421090687214985,4.312351936387607,0.5656889300907579,-0.030325484178657547,0.949731893124266,1.0465107426836688
083436.22+311618.9,-25.375742300442877,-25.627131798628163,-26.015951880056274,-26.20035096822708,-26.52979957764424,-19.24784740587027,-23.317702107815347,-26.97427989821911,-27.029238011800462,-27.189286862058907,-27.54923152469358,-28.29400659812069,5,0.25138949818528644,0.3888200814281113,0.18439908817080664,0.3294486094171596,4.069854701945076,0.054958113581353274,0.16004885025844473,0.7447750734271068,1.3488805564665007
083547.05+414207.2,-24.2323005325848,-24.819646867019127,-25.07051855380173,-25.26932684118052,-25.54947032926613,-18.718340511161216,-23.988628792676437,-26.093282830462083,-26.233026230013923,-26.65646185876464,-26.59365932168067,-27.442891733255458,5,0.5873463344343257,0.2508716867826024,0.19880828737878886,0.28014348808560996,5.270288281515221,0.1397433995518398,0.42343562875071683,0.8492324115747891,1.32433248050015
083622.06+375252.0,-24.888865782232543,-25.093951639704148,-25.48695288705797,-25.707137394798185,-25.94580968208828,-18.51688198229508,-23.588799726838825,-25.9896743204812,-26.554014188572484,-26.50936763366161,-26.72937767408728,-27.52528650667879,5,0.20508585747160524,0.3930012473538227,0.22018450774021403,0.23867228729009682,5.071917744543747,0.5643398680912846,-0.04464655491087299,0.7959088325915076,1.0222402792890968
083715.44+293647.7,-24.90124371025337,-25.27637416623285,-25.55978179787505,-25.579029505815917,-25.79693948114786,-17.719468635192452,-24.637988213467995,-25.937640106781423,-26.265810336156203,-25.829907107452296,-26.624478205760816,-27.56543476736036,5,0.3751304559794768,0.28340763164220206,0.01924770794086683,0.217909975331942,6.918519578275543,0.3281702293747806,-0.4359032287039071,0.9409565615995454,1.0454486999448989
084118.06+354438.8,-25.90345606374982,-26.14811870765302,-26.55214456081624,-26.70923103131251,-26.895614300656977,-18.812001900414295,-24.76537234101764,-27.190301171754324,-27.546801876410957,-27.50399601522212,-27.52114334750666,-28.28963122823149,5,0.24466264390319736,0.4040258531632226,0.15708647049626734,0.1863832693444678,5.953370440603344,0.3565007046566322,-0.04280586118883534,0.7684878807248303,0.8119123161941495
084207.58+322646.7,-25.21829708543099,-25.645891880321223,-26.08068925072644,-26.31849526838195,-26.596373640485155,-18.548361641369347,-23.86290537392991,-26.971765565890166,-27.169553975245638,-27.25376186032926,-27.626123075526912,-28.478450429812025,5,0.4275947948902328,0.43479737040521726,0.23780601765551168,0.27787837210320276,5.314543732560562,0.19778840935547137,0.08420788508362165,0.8523273542851122,1.3076278071449607
084231.12+284724.3,-24.820875562494628,-24.750298651237244,-25.072001167425025,-25.223052785781704,-25.453687276593666,-18.73816739558452,-24.81504942641314,-25.718026642845768,-25.85850602245512,-25.784729206813825,-26.551936285974232,-27.42300658439316,5,-0.0705769112573833,0.3217025161877807,0.15105161835667857,0.23063449081196197,6.076882030828621,0.14047937960935286,-0.07377681564129546,0.8710702984189282,1.3288835001925285
084409.77+454109.4,-25.41677411530521,-25.53629573805306,-25.77321072933142,-25.884417654946,-26.18087222235207,-15.974595259573686,-24.665921603310675,-26.42688316118016,-26.714633311687745,-26.637083695835567,-27.147236454126,-28.07919734576165,5,0.11952162274785039,0.23691499127836124,0.11120692561457801,0.29645456740606946,8.69132634373699,0.2877501505075841,-0.07754961585217757,0.9319608916356508,1.2628187991799997
085010.26+593118.2,-25.945371845867136,-26.17661672094901,-26.625916691452577,-26.82906900466891,-26.974537727478157,-19.153813039420413,-24.692988469291848,-27.372198213223925,-27.8174488683776,-27.78714190260395,-28.171561502863486,-29.06961295785781,5,0.23124487508187386,0.4492999705035672,0.2031523132163322,0.14546872280924816,5.539175429871435,0.445250655153675,-0.030306965773650774,0.8980514549943237,1.3424924981945772
085045.44+563618.7,-24.97239480758469,-24.927464109147596,-25.4489564429303,-25.61571429702626,-25.729168244919663,-17.607386156869204,-23.624716928921345,-26.35291463856725,-27.03787291498617,-26.50776543950012,-26.60291715139234,-27.597461011717517,5,-0.044930698437092076,0.5214923337827031,0.1667578540959589,0.11345394789340446,6.017330772052141,0.6849582764189215,-0.5301074754860515,0.9945438603251766,0.9872028543660818
085051.80+152215.0,-25.06037292694449,-25.308451962520508,-25.613094907877404,-25.72518254471853,-25.982276519778956,-18.438174472613028,-23.96510112548108,-26.401822838452365,-26.783863519705623,-26.479056185484712,-26.89430543729084,-27.662488887237632,5,0.24807903557601918,0.3046429453568962,0.11208763684112455,0.2570939750604282,5.5269266528680525,0.3820406812532582,-0.3048073342209108,0.7681834499467932,1.169122892572311
085322.91+284109.9,-25.47643153664243,-25.66478443062114,-25.97292746951689,-26.160588338826383,-26.41429803579559,-17.187353015669473,-22.82375891121236,-26.89818878053385,-27.217057056076168,-27.48764693079134,-27.35937457660508,-28.05739420104979,5,0.1883528939787098,0.30814303889575,0.187660869309493,0.25370969696920653,5.636405895542886,0.318868275542318,0.2705898747151707,0.6980196244447079,1.1987862377786982
085341.96+410057.1,-24.619966930510785,-24.73986087952632,-25.05244277625208,-25.187984102117944,-25.3721333564596,-19.043927436154963,-24.66155596181525,-25.88844840675228,-25.83583548593961,-25.55864734294032,-26.3640164392188,-27.089342870908744,5,0.11989394901553396,0.3125818967257601,0.13554132586586576,0.18414925434165497,5.617628525660287,-0.052612920812666886,-0.27718814299929306,0.7253264316899433,1.1760323371008568
085519.55+223318.5,-24.79910056358271,-25.026659781645986,-25.27705812160213,-25.406685006329976,-25.67482198205388,-15.865450231173702,-24.05744058061936,-26.01565691536783,-25.99679544045961,-26.09793079187122,-26.65027984373039,-27.598868107919092,5,0.22755921806327706,0.2503983399561456,0.12962688472784478,0.2681369757239054,8.191990349445659,-0.018861474908220544,0.10113535141161023,0.9485882641887002,1.2435948374004155
085625.81+253120.8,-24.85875226577217,-25.0360097439898,-25.30282587065744,-25.41033931218474,-25.71365414354729,-17.633854820552546,-24.544253094414444,-25.908710997567304,-26.481733330949897,-26.30041985779241,-26.749016517723284,-27.61495703203397,5,0.17725747821762994,0.26681612666763854,0.10751344152729914,0.30331483136255244,6.910398273861897,0.5730223333825926,-0.1813134731574877,0.8659405143106866,1.338677205538545
085704.09+075819.8,-24.449660716194558,-24.501201833867658,-24.897635059086788,-25.10531067406335,-25.429610798387777,-19.33051599208238,-23.851789484370105,-25.40143988054552,-25.626830612445225,-25.9657757456128,-26.562897238610987,-27.444009936264884,5,0.05154111767309999,0.3964332252191305,0.20767561497656217,0.32430012432442723,4.521273492287726,0.22539073189970438,0.3389451331675737,0.8811126976538972,1.4575865645476362
085854.85+513547.7,-24.75129550759093,-24.935068802974595,-25.252811921215216,-25.35484627515673,-25.586730149808435,-14.934247926368949,-23.08521448047429,-26.29262331878323,-26.24505070142205,-27.28035384914358,-26.734137917856938,-27.63055492471205,5,0.18377329538366638,0.31774311824062096,0.10203435394151583,0.2318838746517038,8.15096655410534,-0.047572617361183234,1.0353031477215318,0.8964170068551134,1.3792916427002062
085908.08+073256.6,-24.804891421668614,-25.20273842821569,-25.554655908784564,-25.67713263197647,-25.91509908427595,-17.622885971674137,-24.00179063341784,-26.272733288903293,-26.461533269506525,-26.769615062009816,-27.0256552929861,-27.92077532041357,5,0.3978470065470745,0.3519174805688756,0.12247672319190528,0.23796645229948155,6.378904661743704,0.1887999806032319,0.30808179250329104,0.8951200274274669,1.348522661009632
085942.75+174545.4,-24.713759586806997,-24.867305438886376,-25.23714103263603,-25.345322508122862,-25.4878896655374,-14.64747061731275,-24.46391537548984,-25.762401717168306,-25.85413943688454,-25.70846640016255,-26.505599843178917,-27.443885576333003,5,0.15354585207937888,0.36983559374965225,0.10818147548683399,0.14256715741453618,9.81644475817709,0.09173771971623523,-0.14567303672199117,0.9382857331540855,1.1602773350560547
090323.47+094249.1,-24.694504896994022,-25.07784061322223,-25.54510672125349,-25.756775425882527,-26.04147330318954,-17.651706643766545,-24.32206966548836,-26.35883783868843,-26.730605776568005,-26.95071559069084,-27.19530008400422,-27.876286401953102,5,0.3833357162282063,0.4672661080312608,0.2116687046290373,0.2846978773070141,6.6703630217218155,0.37176793787957507,0.2201098141228357,0.6809863179488822,1.4385246581216933
090323.68+112440.4,-24.675706955811645,-25.034506221100504,-25.336427180384103,-25.45802331334745,-25.72556742412229,-18.72464612392206,-23.58659099311604,-25.98143054235677,-26.213389542921767,-26.77838339300092,-26.905667413245357,-27.714606847595192,5,0.35879926528885875,0.3019209592835992,0.12159613296334726,0.2675441107748391,4.86194486919398,0.23195900056499852,0.5649938500791514,0.8089394343498348,1.4476440998979072
090349.62+143654.8,-24.56376208129033,-24.769203119092445,-24.973447674847023,-25.146842844117103,-25.34808261469472,-19.403818834653997,-24.1444427046316,-25.439713136629287,-25.51643330917234,-26.05905464065789,-26.60900539178663,-27.435752756637857,5,0.20544103780211387,0.20424455575457756,0.17339516927007992,0.20123977057761877,4.740623869977604,0.07672017254305175,0.5426213314855524,0.8267473648512258,1.4621625476695286
090552.40+025931.4,-25.316821009697225,-25.68275542843767,-26.3739340591301,-26.59781566268253,-26.80593460588285,-18.078592296744254,-23.85921870015825,-27.185977172062472,-27.583747999442902,-27.43598185931236,-27.83116646014801,-28.56638907908735,5,0.3659344187404443,0.6911786306924306,0.22388160355243159,0.20811894320031854,5.780626403413997,0.39777082738043035,-0.14776614013054257,0.7352226189393392,1.23335079746548
090710.36+430000.2,-25.6983221798549,-25.78552581215544,-26.08195154873827,-26.20553938378598,-26.455031273958664,-17.511959139466832,-23.793592297456897,-27.12405474001933,-27.368737322603906,-27.64154332894889,-27.552393327107676,-28.426587961021248,5,0.08720363230053962,0.29642573658282956,0.12358783504770798,0.2494918901726848,6.281633157990065,0.2446825825845771,0.272806006344986,0.8741946339135716,1.3468539433216975
090745.46+382739.0,-24.44916510380326,-24.671922810894248,-25.072638658628986,-25.128374900853,-25.453998824789608,-18.824434239456835,-22.593308697155276,-25.910478637014137,-26.159676128467623,-26.389610146445712,-26.264172609586627,-26.99310248929461,5,0.22275770709098808,0.40071584773473745,0.05573624222401463,0.32562392393660744,3.768874457698441,0.24919749145348646,0.22993401797808843,0.7289298797079837,1.1357977087336266
090809.13+444138.8,-24.36698474718449,-24.79293103532914,-25.26503937477146,-25.275297947464644,-25.457418011923625,-18.27844569136906,-23.66031640164515,-26.184429887146493,-25.118853308097695,-25.335040194225524,-26.299823384873573,-27.298473468263804,5,0.42594628814465096,0.4721083394423218,0.010258572693182089,0.18212006445898155,5.38187071027609,-1.0655765790487983,0.21618688612782933,0.9986500833902312,1.0245254374089292
090936.31+412713.2,-24.132876402362463,-24.306481303363665,-24.60484842453524,-24.98303057793669,-25.390012366819096,-14.264501650490962,-23.47871896221462,-25.99156288568317,-26.32850089046053,-26.37000663743625,-26.741415287952364,-27.86440894098387,5,0.17360490100120174,0.2983671211715766,0.37818215340145045,0.40698178888240477,9.21421731172366,0.3369380047773589,0.04150574697572296,1.1229936530315072,1.7583847100156724
091425.80+582519.0,-25.127024769796872,-25.27502668957712,-25.55906189694174,-25.73004952283737,-25.918298594425693,-17.91584867294849,-24.0236857370554,-26.270506485381887,-26.582783444078046,-26.37929741667834,-26.60065682557647,-27.5143279067931,5,0.14800191978024912,0.2840352073646173,0.17098762589563066,0.1882490715883236,6.10783706410691,0.31227695869615957,-0.20348602739970545,0.9136710812166307,0.8706073027390993
091804.47+353751.2,-24.456460344062943,-24.807013214683053,-25.24084228344735,-25.38886035384243,-25.56894267847547,-16.04096388602739,-24.065765630066604,-25.945597942448984,-26.12997865342025,-26.60042545446296,-26.264268507465392,-27.225392783710085,5,0.35055287062010976,0.4338290687642967,0.14801807039507864,0.18008232463304097,8.024801744039213,0.18438071097126496,0.4704468010427121,0.9611242762446928,0.8754081536229634
092004.31+591732.7,-24.922377808184144,-25.116214626484687,-25.452417957028047,-25.657069269299523,-25.91904703232097,-17.92819589673052,-24.902553717916703,-25.997868338143068,-26.3915321851659,-26.01039680960673,-26.931105344611385,-27.877397128019314,5,0.193836818300543,0.33620333054335916,0.20465131227147637,0.2619777630214486,6.974357821186182,0.3936638470228324,-0.38113537555917176,0.9462917834079292,1.2740360753118622
092234.76+032628.6,-24.57383430860404,-24.98811367345924,-25.38589664561565,-25.518030917031165,-25.842782212120134,-17.290518525536207,-23.052045535936266,-26.43220314973778,-26.706095035147563,-26.70512141739365,-27.016467027740607,-27.945807687667266,5,0.41427936485519723,0.3977829721564099,0.13213427141551648,0.32475129508896927,5.761527010400059,0.2738918854097818,-0.0009736177539139135,0.9293406599266589,1.4984361107094415
092600.11+212251.0,-24.928725021753905,-25.219058957042847,-25.68775965958729,-25.891026694476604,-26.14037031994856,-16.36976290340632,-23.08735720207149,-26.43778665694619,-26.72485577853471,-26.989706385216444,-27.14925464911283,-27.88171425232769,5,0.2903339352889418,0.4687007025444423,0.20326703488931486,0.24934362547195477,6.717594298665173,0.2870691215885195,0.2648506066817333,0.7324596032148598,1.2582279546362258
092939.46+571837.9,-24.53113830876123,-24.774591160739703,-25.18910868329109,-25.43193622915441,-25.62445770720245,-17.79135033246568,-24.180330466880253,-25.92416552414973,-25.94829453144125,-26.33302236946674,-26.266343876656244,-27.167357954189708,5,0.24345285197847488,0.4145175225513853,0.2428275458633209,0.19252147804803954,6.388980134414574,0.024129007291520566,0.3847278380254906,0.9010140775334641,0.834407647501834
092952.18+355449.8,-26.07283930864663,-26.21460030595897,-26.50036681586711,-26.52925948519101,-26.750220042874776,-18.468978105965142,-22.95524587103205,-26.713309052188155,-27.3696343022576,-27.38298168694513,-27.493524455645968,-28.44122149604192,5,0.1417609973123426,0.28576650990813945,0.028892669323898446,0.22096055768376743,4.486267765066909,0.6563252500694468,0.013347384687527608,0.9476970403959513,0.9642649704549591
093046.45+031326.9,-24.995692310514084,-25.25792772861167,-25.61945413219609,-25.80588651628167,-26.106658523441087,-20.303365328682165,-24.837128687386556,-26.44947958707095,-26.687812324536047,-26.82963652398212,-27.146733147483204,-28.053301105783515,5,0.26223541809758544,0.36152640358442056,0.18643238408558105,0.30077200715941643,4.533763358704391,0.23833273746509676,0.1418241994460736,0.906567958300311,1.3408466312015328
093129.93+490240.7,-24.998197616173737,-25.284472916670108,-25.61413692290185,-25.484774772092813,-25.92080973628157,-17.598469921461902,-23.35706312608762,-26.363423232386346,-26.852365499157845,-26.41702031907658,-26.96463761462396,-28.158080343038485,5,0.28627530049637073,0.3296640062317415,-0.1293621508090368,0.43603496418875665,5.758593204625718,0.4889422667714989,-0.43534518008126355,1.1934427284145244,1.4798628425311477
093442.26+224439.4,-25.8412612445476,-26.13310644353433,-26.455080482822225,-26.63919155349953,-26.943475831751133,-19.085267138473988,-24.399086906873407,-27.343715164974505,-27.7813868754304,-27.810672035410622,-27.88981090760071,-28.561346786684584,5,0.29184519898673145,0.3219740392878947,0.1841110706773037,0.304284278251604,5.313819768399419,0.4376717104558949,0.02928515998022263,0.6715358790838728,1.2506193541011825
093530.05+613649.9,-24.55694188590293,-24.73526959180993,-25.002026810731383,-25.138985948811687,-25.330569208317915,-19.148549407562268,-24.329522956835397,-25.28046163509989,-25.735452162273205,-26.289277415750988,-26.396513919731124,-27.35354760425572,5,0.17832770590700164,0.26675721892145177,0.1369591380803037,0.19158325950622768,5.18097354927313,0.45499052717331523,0.5538252534777826,0.9570336845245961,1.257527970919437
093535.52+510120.8,-24.609258348592952,-25.016546754348177,-25.390972538235605,-25.539019772148077,-25.77829616512971,-17.859932984160498,-23.190360833904823,-26.12426470340629,-26.890113602742257,-26.43862235291967,-26.99538259534073,-27.864999330319705,5,0.4072884057552244,0.3744257838874283,0.14804723391247165,0.23927639298163328,5.330427849744325,0.7658488993359676,-0.45149124982258826,0.8696167349789761,1.4563628231926522
093723.47+391231.3,-24.92509315454797,-24.946458833043625,-25.340514558998688,-25.37397818929329,-25.592837929585347,-18.93914581756153,-23.5887584562088,-26.095521451052328,-26.561127168274943,-26.743054598938883,-26.54216966930088,-27.520683437028577,5,0.021365678495655516,0.394055725955063,0.03346363029460164,0.21885974029205713,4.64961263864727,0.46560571722261557,0.18192743066394002,0.9785137677276978,1.1681914800075894
093756.53+092216.0,-24.8221457618978,-25.140127352672756,-25.446667146474027,-25.501886027444687,-25.7247433144865,-18.175146441599004,-23.94635090238552,-26.04150334150252,-26.345246471383756,-25.29558028367426,-26.79623586752721,-27.634130958249752,5,0.3179815907749557,0.30653979380127083,0.05521888097065997,0.22285728704181196,5.771204460786517,0.3037431298812372,-1.049666187709498,0.8378950907225438,1.2943498400825213
093935.68+285935.6,-24.938259485593026,-25.091548534421303,-25.43007100884514,-25.6055582131207,-25.86791968699092,-19.893458720614788,-24.22519086793917,-26.378647771019537,-26.56256799329579,-26.667532328572698,-26.70757342858048,-27.49358483493505,5,0.15328904882827743,0.33852247442383643,0.17548720427555864,0.2623614738702216,4.331732147324381,0.18392022227625304,0.1049643352769074,0.786011406354568,1.102015215459783
094149.99+184732.9,-24.332006451092397,-24.48843761918797,-24.7313088927296,-24.87139101364576,-25.09800649133567,-20.669445673146285,-24.21013892882665,-25.5161160893788,-25.94193999731421,-26.25688171404881,-26.384986033632583,-27.22327776954833,5,0.15643116809557256,0.24287127354163118,0.14008212091615846,0.22661547768991142,3.5406932556803667,0.4258239079354098,0.31494171673459803,0.838291735915746,1.5135950199868233
094205.13+305335.7,-23.963842978150826,-24.60065605790661,-25.140620251740057,-25.32147128934805,-25.624370157620213,-17.14466783077908,-23.13778792142693,-26.04018301441367,-26.219041656642144,-25.89919787023769,-26.575386360541813,-27.50724448962662,5,0.6368130797557825,0.5399641938334483,0.1808510376079937,0.3028988682721625,5.9931200906478495,0.17885864222847303,-0.319843786404455,0.9318581290848051,1.253915071193763
094321.18+381527.9,-24.353319428736693,-24.76755162422278,-25.09190080002804,-25.25989708121192,-25.53374088607784,-16.61567971246372,-22.984600339300435,-26.24522251928681,-26.519904843823014,-26.522928917527725,-26.717686786516143,-27.67780580531004,5,0.41423219548608614,0.3243491758052599,0.167996281183882,0.2738438048659191,6.368920626836715,0.27468232453620445,0.003024073704711583,0.9601190187938968,1.4577897053042221
094348.81+454736.7,-24.581600986794143,-24.87318072553905,-25.195242535407488,-25.38558040765815,-25.68737238839697,-18.589971782959772,-24.442372417415264,-25.91034441285431,-26.387814048345067,-26.369742880250207,-27.1112842038222,-28.03035428037021,5,0.2915797387449075,0.3220618098684369,0.19033787225066234,0.30179198073881963,5.852400634455492,0.47746963549075616,-0.018071168094859758,0.9190700765480102,1.7257037961640513
094522.69+265801.2,-24.434830714354497,-24.61653941364277,-24.894501447482703,-25.014331725596453,-25.232456037351994,-19.900678192712377,-24.268379311418723,-25.86929019151692,-25.751316234830117,-26.34644585080192,-26.355013116227312,-27.311067316304776,5,0.18170869928827216,0.277962033839934,0.11983027811374924,0.2181243117555418,4.367701118706346,-0.11797395668680366,0.5951296159718034,0.9560542000774639,1.3406813906308592
094556.22+334441.7,-24.56510235681871,-24.793279140467806,-25.11904909617368,-25.30225956235231,-25.573231782769128,-19.22508977991176,-24.387264605355483,-25.72907614070571,-25.537089838318128,-26.156704497780343,-26.85583047430095,-27.78006701380589,5,0.2281767836490971,0.32576995570587286,0.18321046617863246,0.2709722204168159,5.162174825443724,-0.1919863023875834,0.619614659462215,0.924236539504939,1.5535709119486398
094646.94+392719.0,-24.96364478036362,-25.230247045039707,-25.915095279770583,-25.989285155133462,-26.172570526211008,-20.184305966115407,-23.338398551444666,-26.307698648192392,-26.707704367306697,-26.74637645492134,-26.785072500484954,-27.72847115364181,5,0.26660226467608794,0.6848482347308753,0.07418987536287958,0.18328537107754528,3.154092585329259,0.40000571911430427,0.03867208761464269,0.943398653156855,0.7957873453514921
095002.88+185005.9,-25.528973471920203,-25.673083236899576,-26.02442721984265,-26.261259998862105,-26.46360051768958,-19.868381260079087,-25.30458011497537,-26.580326125750183,-26.578637311979456,-26.81063520418685,-27.45208328951654,-28.262539834681203,5,0.14410976497937256,0.35134398294307445,0.23683277901945488,0.2023405188274765,5.436198854896283,-0.001688813770726938,0.2319978922073922,0.8104565451646621,1.1908232906544356
095146.90+322435.5,-24.12160727862403,-24.32882928818752,-24.68953822841042,-24.84050762048296,-24.990466672786315,-20.58874492007846,-24.38755794011442,-25.377945939613827,-25.41925761372707,-25.70445197947016,-26.16957093441527,-27.054070850987355,5,0.20722200956349113,0.36070894022289934,0.15096939207253968,0.14995905230335538,3.7988130200359578,0.04131167411324199,0.28519436574309154,0.8844999165720857,1.3290633139323091
095202.03+072300.3,-24.92916568638627,-25.232703805240927,-25.44631069013814,-25.53426795714353,-25.78964388820529,-20.336831641920547,-23.97717013496767,-26.278273015055927,-26.451217134203787,-26.6508307979471,-26.562920345138533,-27.372404800280336,5,0.3035381188546573,0.2136068848972137,0.08795726700538964,0.25537593106176004,3.640338493047121,0.17294411914786068,0.1996136637433139,0.8094844551418028,1.0286523879950025
095343.17+051205.5,-24.150714832666512,-24.50902038755468,-24.895435749237144,-25.06188124532341,-25.328676234156752,-19.159503887166608,-23.70051016141197,-25.648896658443995,-25.93757101527856,-26.12956369702045,-26.265725301202107,-27.170671004035043,5,0.35830555488816884,0.38641536168246304,0.1664454960862649,0.2667949888333432,4.541006274245362,0.28867435683456577,0.19199268174189044,0.9049457028329364,1.2038440558786974
095411.98+561655.7,-25.016772541677213,-25.266571692052025,-25.58943483571384,-25.654376695054317,-25.81047809688057,-18.725019681811293,-24.01555501445214,-26.401209320728363,-26.5137269332377,-26.97958367616912,-26.861319627055824,-27.845769635080437,5,0.24979915037481248,0.322863143661813,0.06494185934047891,0.15610140182625187,5.290535332640847,0.11251761250933612,0.46585674293142176,0.9844500080246128,1.2069429320015068
095822.18+014524.1,-24.89170340680616,-25.18741364061038,-25.56912646065804,-25.69698442729333,-25.920931383240944,-15.972775465517818,-21.46199997402957,-26.50150150406565,-26.736422514861548,-26.679124342261336,-26.982947677805804,-28.00750090917249,5,0.2957102338042219,0.3817128200476603,0.1278579666352897,0.22394695594761416,5.489224508511752,0.23492101079589744,-0.05729817260021264,1.024553231366685,1.2859632505124736
100110.18+552834.5,-25.32528099667187,-25.43582341460112,-25.780004503346632,-25.921210936703268,-26.146923177175807,-16.714310426126907,-23.294907722393805,-26.553515149573325,-27.04889073524808,-27.26568161558351,-27.18135488320269,-27.905879724689285,5,0.11054241792924913,0.34418108874551123,0.1412064333566363,0.22571224047253935,6.580597296266898,0.49537558567475415,0.2167908803354308,0.7245248414865948,1.2601439464994222
100115.84+583413.6,-25.020140932446427,-25.32780888262509,-25.6925257723987,-25.77309442033362,-26.000447845423967,-16.174178164761294,-23.30989303017546,-26.350793918963426,-26.582763050932154,-27.042531941469576,-26.731805952070893,-27.7771210101466,5,0.30766795017866144,0.36471688977361083,0.08056864793492124,0.22735342509034595,7.135714865414165,0.2319691319687287,0.459768890537422,1.0453150580757082,0.9587115317372721
100120.69+555355.6,-25.4569837758545,-25.6346867630836,-25.940269467046253,-26.11532852223151,-26.32472190130665,-16.808270574270207,-24.941665363769893,-26.512148341116376,-26.687226121323366,-26.960731539909677,-27.55063437586895,-28.341257971954175,5,0.17770298722910027,0.30558270396265286,0.17505905518525822,0.2093933790751379,8.133394789499686,0.1750777802069905,0.2735054185863106,0.7906235960852257,1.4353058536374377
100120.83+555349.6,-25.71264468387554,-25.84852624489185,-26.070212357287403,-26.23518597018488,-26.443711691707662,-18.166867099644584,-25.13647369290968,-26.904572474142064,-27.149348294500985,-27.39899724988327,-27.72764259024485,-28.237925359605743,5,0.135881561016312,0.22168611239555247,0.16497361289747658,0.2085257215227827,6.969606593265095,0.24477582035892098,0.24964895538228404,0.5102827693608916,1.492456620059972
100133.86+570839.1,-25.233896738875885,-25.42388091809572,-25.66345927159939,-25.815561586725167,-26.02088058371932,-17.28738140572672,-25.01730138818853,-26.137464670035463,-26.372615066090635,-26.55549187748796,-26.91702320016148,-27.94785570201841,5,0.18998417921983446,0.23957835350367063,0.1521023151257772,0.20531899699415135,7.729919982461812,0.23515039605517174,0.1828768113973247,1.0308325018569278,1.1014616134363138
100137.25+573823.9,-24.234790109683956,-24.610449250763047,-25.126030834752584,-25.19660611990588,-25.404501225324527,-18.54659384230042,-23.28560017216137,-25.60560849541541,-25.96249983495188,-25.889889408874183,-26.80116572468077,-27.666739255410192,5,0.3756591410790904,0.5155815839895368,0.07057528515329636,0.20789510541864686,4.739006329860949,0.356891339536471,-0.07261042607769852,0.8655735307294208,1.6045596047748916
100234.94+332814.8,-24.664117986752693,-24.92762868175111,-25.211213754031498,-25.346524529914745,-25.58254006110932,-18.317420763257545,-24.28889422156136,-25.977464803422247,-25.69130749301173,-26.53841611627288,-26.774315796155506,-27.763921220032408,5,0.2635106949984163,0.2835850722803883,0.1353107758832479,0.23601553119457463,5.971473458303816,-0.2861573104105162,0.8471086232611498,0.9896054238769025,1.4277912662407601
100248.15+033155.9,-24.498037578394456,-24.850338040056325,-25.202541390876988,-25.394136799197167,-25.65264622874825,-18.82609408284364,-24.5782860760099,-25.983709926152454,-26.48337587575215,-26.15741554908336,-26.666431432875594,-27.480404152158947,5,0.35230046166186924,0.35220335082066256,0.19159540832017896,0.2585094295510828,5.75219199316626,0.4996659495996951,-0.32596032666878827,0.8139727192833526,1.2722946336784275
100257.85+205406.1,-24.636954794601436,-24.693771655220928,-25.24821756889566,-25.403724606545055,-25.7213716941069,-17.42575513405585,-22.44432137497128,-26.16814789194944,-26.654177532614412,-26.52278086105788,-26.68924227655519,-27.40034822845222,5,0.05681686061949165,0.5544459136747335,0.155507037649393,0.3176470875618449,5.01856624091543,0.48602964066497023,-0.13139667155653356,0.7111059518970286,1.2855176700101367
100427.21+322324.9,-24.3002913116656,-24.637047460781407,-24.923326444214272,-25.08935199937279,-25.333624594411944,-21.11903187825432,-24.38136002580668,-25.68903433335013,-25.90317438445226,-26.24718301288771,-26.90743113962784,-27.974930688332748,5,0.3367561491158071,0.2862789834328652,0.16602555515851947,0.24427259503915266,3.26232814755236,0.21414005110213097,0.34400862843545,1.0674995487049088,1.8180791402550476
100802.37+593200.2,-25.4294988396248,-25.896153895975942,-26.35484923476085,-26.42687020269369,-26.623361220301547,-21.46061542453712,-24.79777127743428,-26.91385959390033,-27.14220500735334,-27.06971315390403,-27.315891550706223,-28.27509942688018,5,0.46665505635114357,0.4586953387849064,0.07202096793283985,0.19649101760785825,3.3371558528971583,0.22834541345300963,-0.07249185344931064,0.9592078761739558,0.889021348012534
101051.14+570530.8,-25.3366885427333,-25.6491841599939,-26.007890362430224,-26.19855414872187,-26.572996737895277,-18.15297630782672,-23.325927489207803,-27.4090863826398,-27.53483404218763,-27.581382745540488,-27.765771548999,-28.53035616673246,5,0.31249561726060193,0.35870620243632345,0.19066378629164404,0.3744425891734089,5.172951181381084,0.12574765954783018,0.04654870335285821,0.7645846177334619,1.56721740027713
101232.69+224004.7,-24.82751907500713,-25.202647183505302,-25.52266174726409,-25.59475482485219,-25.916116677652028,-16.76842944067274,-23.26196157558108,-26.23796290865869,-26.83370408727557,-26.848166042034933,-27.20762966058113,-28.133072681219968,5,0.3751281084981706,0.32001456375878945,0.07209307758809658,0.3213618527998392,6.493532134908339,0.5957411786168798,0.014461954759362072,0.9254430206388378,1.6128748357289417
101435.69+274903.4,-23.726780251299257,-23.910667999700767,-24.33675885721929,-24.46552224594841,-24.550031873734657,-18.691192450994663,-23.59885366371305,-25.018076588865,-24.91885259254865,-25.785003810922102,-25.899779529885137,-26.863246517278068,5,0.18388774840151,0.42609085751852405,0.1287633887291193,0.08450962778624671,4.907661212718388,-0.0992239963163506,0.866151218373453,0.9634669873929305,1.4342572839367271
101515.63+015853.3,-25.209231393649365,-25.37697629229989,-25.75831736320107,-25.938121269347437,-26.19327662561713,-17.645051463271447,-25.224382701545544,-26.514765311247004,-26.94799136710511,-26.66294295587616,-26.89962680483741,-27.528790386919,5,0.16774489865052544,0.3813410709011791,0.17980390614636832,0.2551553562696931,7.579331238274097,0.4332260558581069,-0.2850484112289493,0.6291635820815884,0.9615055354899731
101540.63+104350.4,-24.049899858417756,-25.06919027056052,-25.3089223836103,-25.476848650876533,-25.799580102862294,-19.519502679707266,-22.96137056299072,-26.091724551784463,-26.26756873592524,-26.5621343505754,-26.940747572633068,-27.874526916404395,5,1.0192904121427624,0.23973211304978292,0.16792626726623183,0.32273145198576003,3.4418678832834537,0.17584418414077874,0.29456561465015696,0.9337793437713273,1.4638989217565346
101724.46+562108.1,-24.501032314094264,-24.57861211445862,-25.02456893245649,-25.13315034473341,-25.327082060584,-17.433881850040184,-24.30963031180942,-25.55596583931903,-25.52668589872744,-25.751562858046466,-26.51235392125377,-27.236027530384785,5,0.07757980036435441,0.445956817997871,0.10858141227691931,0.1939317158505922,6.875748461769238,-0.029279940591589337,0.22487695931902607,0.7236736091310156,1.3792035765203607
101742.38+013217.5,-24.268246932627854,-24.41265177603366,-24.91236286986221,-25.11841549580756,-25.342147493155515,-18.06786832877709,-23.84521702638038,-26.084732645022463,-25.95722714396772,-26.421026485215425,-26.582531475615248,-27.356995297725923,5,0.1444048434058054,0.4997110938285516,0.20605262594535034,0.22373199734795435,5.777348697603287,-0.1275055010547419,0.4637993412477037,0.7744638221106754,1.464115979807687
101838.45+641856.3,-24.46087817931172,-24.7231922231261,-25.01785593972495,-25.11680673931197,-25.350512187771564,-16.912951617476214,-23.84969661115492,-25.86618461269039,-26.097780398476026,-25.949849910326776,-26.36775482011369,-27.243174849088927,5,0.2623140438143814,0.2946637165988477,0.09895079958701913,0.2337054484595953,6.936744993678705,0.2315957857856361,-0.14793048814924958,0.8754200289752383,1.2509480808017202
101847.32+445145.6,-24.951714631322243,-25.140559649052435,-25.49217208694874,-25.669446208169763,-25.91430714423169,-17.42752094659641,-24.087884931766908,-26.66788516481449,-26.970341940928996,-27.115373247207017,-27.017189603227187,-27.83301396217476,5,0.18884501773019124,0.35161243789630703,0.17727412122102137,0.24486093606192583,6.660363985170498,0.30245677611450716,0.14503130627802108,0.8158243589475731,1.3477433950574245
101941.63+373429.3,-25.224966727185148,-25.493611905926024,-25.79287655021734,-25.941503594923876,-26.25757958511347,-20.28590056367012,-24.298764996670247,-26.578266914970417,-27.06081789768486,-26.695550387709588,-27.07710217747729,-27.86344097322011,5,0.2686451787408757,0.2992646442913163,0.14862704470653654,0.3160759901895922,4.012864433000129,0.48255098271444297,-0.365267509975272,0.7863387957428216,1.1355985825534134
101947.28+561915.3,-24.111416741445076,-24.27517434648149,-24.63729478856733,-24.731259310540235,-24.90379896889425,-19.776951001174545,-24.020454838026428,-25.415839070656663,-25.30624271775073,-25.761662650798144,-26.152959204367384,-26.99771406781237,5,0.16375760503641246,0.3621204420858426,0.09396452197290373,0.1725396583540153,4.2435038368518825,-0.10959635290593184,0.4554199330474127,0.8447548634449866,1.4216998938271495
102030.95+072001.8,-25.031269195,-25.198308841207893,-25.680953685205445,-25.81093870248346,-26.13301001670576,-17.939096831187996,-24.87083701170137,-26.35015866884576,-26.600614315542305,-26.506350677416595,-27.07400949284377,-27.749578775243357,5,0.16703964620789336,0.4826448439975515,0.12998501727801326,0.3220713142223026,6.931740180513373,0.25045564669654397,-0.09426363812571026,0.6755692823995858,1.2630707903603131
102159.94+512906.5,-25.19016718365064,-25.414447733191587,-25.80659746710022,-25.842163116377662,-26.064864221888875,-16.25929609568215,-22.726922300403803,-26.36223081746684,-26.581831391985755,-26.66505781050917,-27.03886309234745,-27.781288273298596,5,0.22428054954094634,0.39214973390863506,0.03556564927744077,0.22270110551121292,6.467626204721654,0.21960057451891402,0.08322641852341306,0.7424251809511446,1.1966999759697892
102247.45+011053.2,-24.72049832033528,-24.969656629618655,-25.29697688212411,-25.411868544982585,-25.677975248511828,-17.90067534996532,-23.59887089570953,-26.08966140944067,-26.19376180899942,-25.66314740848469,-26.676367263131645,-27.58205206968101,5,0.24915830928337357,0.32732025250545504,0.11489166285847574,0.2661067035292426,5.698195545744213,0.1041003995587495,-0.5306144005147289,0.9056848065493632,1.26449871814906
102356.43+251240.9,-25.34173439836333,-25.51200181325929,-25.888766494070875,-26.034916828131397,-26.28402139281783,-20.28497303786152,-25.059594955168112,-26.569582994960133,-27.030290794851368,-26.940081794415157,-27.30584081231679,-28.214688385259585,5,0.1702674148959602,0.3767646808115863,0.1461503340605219,0.2491045646864336,4.774621917306593,0.4607077998912352,-0.09020900043621083,0.9088475729427934,1.2709239841853943
102527.37+121416.5,-24.738260618244077,-25.182546788908624,-25.674775559588166,-25.81347127758039,-26.0324149471654,-15.9789502008629,-22.90704678438607,-26.63808674408192,-26.504339853934574,-26.901694108605227,-26.983901495701534,-27.941908434202265,5,0.44428617066454734,0.4922287706795423,0.13869571799222413,0.2189436695850091,6.928096583523168,-0.13374689014734642,0.39735425467065255,0.9580069385007306,1.170430218121144
102733.01+231135.2,-24.913897238844832,-25.142642993489357,-25.51324071220737,-25.621215162156503,-25.84441634313122,-19.335898703034733,-24.651746134430923,-26.140277304151827,-26.109277109885717,-26.42334875055548,-26.81702825900617,-27.788703841221945,5,0.22874575464452462,0.37059771871801317,0.10797444994913263,0.22320118097471564,5.31584743139619,-0.03100019426610956,0.3140716406697628,0.9716755822157737,1.195813096849669
102804.15+074051.4,-24.695732244137808,-24.876134102451843,-25.25466878280151,-25.45041524703174,-25.709753004474567,-17.22841163112497,-24.17826578853477,-26.06023516284811,-26.350207853835744,-26.4419129250153,-26.841069178198325,-27.744427726489437,5,0.18040185831403477,0.37853468034966653,0.19574646423022912,0.25933775744282883,6.949854157409799,0.2899726909876357,0.09170507117955395,0.9033585482911128,1.390653931166586
102824.35+590443.5,-25.700519411795284,-26.688734150315334,-27.21897649099729,-27.34472933812956,-27.47933554142585,-18.44654114815333,-23.608375366420383,-27.75702930035049,-27.9002841812542,-27.808958390419924,-28.0499515995227,-28.956752599497,5,0.9882147385200497,0.530242340681955,0.1257528471322722,0.1346062032962898,5.161834218267053,0.14325488090371152,-0.09132579083427572,0.9068009999743012,0.7052222613931391
102907.87+263738.9,-24.632798035406147,-24.906191381109625,-25.2161613185801,-25.370516939990523,-25.56330364184721,-19.04880831778038,-23.005970133157696,-26.111697460867408,-26.086534758259702,-26.160040946778768,-26.989881837546893,-27.979232908347484,5,0.27339334570347873,0.3099699374704734,0.15435562141042425,0.19278670185668645,3.957161815377315,-0.025162702607705256,0.07350618851906532,0.9893510708005913,1.6193648975563697
103024.19+561832.8,-24.2152462273218,-24.51866101823469,-24.845066155891654,-25.007470704062463,-25.145642453698983,-17.055046186446585,-23.40048632649145,-25.793366377919813,-25.701610762374504,-25.708119597406544,-26.675883203969768,-27.558979092413537,5,0.30341479091288903,0.3264051376569661,0.16240454817080874,0.1381717496365198,6.345440140044865,-0.09175561554530987,0.006508835032040139,0.8830958884437692,1.668412499907305
103113.46+151315.6,-24.55786825890177,-24.95076348588608,-25.228683388376595,-25.346258117969604,-25.647677684164325,-17.972940845248647,-23.72134706924401,-25.63506516017312,-26.25071751826364,-26.27095941878828,-26.611019240376372,-27.34519949444105,5,0.392895226984308,0.2779199024905168,0.11757472959300941,0.30141956619472055,5.748406223995364,0.6156523580905215,0.020241900524638368,0.7341802540646789,1.2647611224067674
103121.26+330935.5,-24.9622279261723,-25.224277901059768,-25.497697681261112,-25.634321478836902,-25.866135042005368,-19.25679084220824,-24.34961716800977,-26.288644326043983,-26.5217938871268,-26.34882064097014,-26.76549304626548,-27.59290207980333,5,0.26204997488746784,0.27341978020134405,0.13662379757579046,0.23181356316846546,5.092826325801532,0.23314956108281848,-0.17297324615666199,0.827409033537851,1.1311715674285772
103230.02+222015.9,-25.25121465104832,-25.33502968373802,-25.68278829295051,-25.8102125233522,-25.97885081884293,-19.86502228045918,-24.50460872206861,-26.101020009405797,-25.777664924148542,-26.36201894058184,-26.996086033099285,-27.9436916085108,5,0.08381503268970292,0.34775860921248736,0.12742423040169015,0.16863829549073017,4.639586441609431,-0.32335508525725487,0.5843540164332985,0.9476055754115151,1.1858735097470863
103437.33+142946.0,-24.89572064417994,-25.226363786895785,-25.57554931874133,-25.7309167051955,-25.977806876341614,-19.09505712213582,-23.21189212860989,-26.300277827854757,-26.290911641343943,-27.03570064456584,-26.902841536730573,-27.741970778120496,5,0.3306431427158465,0.3491855318455457,0.15536738645417003,0.2468901711461129,4.116835006474069,-0.00936618651081389,0.7447890032218965,0.839129241389923,1.1719248315350725
103724.74+580513.0,-24.604585163902268,-25.15942739432861,-25.40691995825331,-25.529788744835027,-25.8222520951766,-17.000337375234043,-24.38426644540757,-26.103733027713552,-26.01464949491688,-26.4110806876713,-27.04552618455006,-28.03560011074053,5,0.5548422304263418,0.24749256392470187,0.12286878658171574,0.2924633503415741,7.383929070173526,-0.08908353279667125,0.3964311927544202,0.990073926190469,1.515737439715032
103729.05+231317.1,-24.62096081008377,-24.916195513833543,-25.16876169533693,-25.25420571126899,-25.48335067377852,-17.171452888797976,-23.856686495857527,-26.03053463802792,-27.178596406866557,-26.506552643191707,-26.4255202972318,-27.449077789271414,5,0.2952347037497738,0.2525661815033864,0.08544401593206175,0.22914496250952965,6.685233607059551,1.1480617688386374,-0.67204376367485,1.0235574920396147,1.1713145859628078
103743.00+240641.1,-24.729033391784345,-24.891692611965176,-25.15336713331246,-25.33181289801017,-25.616996564365976,-19.055168877870543,-23.9467257373039,-26.007351462196524,-25.610288326593697,-26.09714385686672,-26.7705285214539,-27.69357504622498,5,0.16265922018083145,0.26167452134728464,0.17844576469770956,0.28518366635580605,4.891556859433358,-0.3970631356028278,0.4868555302730222,0.9230465247710775,1.4387156234437306
103752.51+135936.9,-24.641778164089946,-24.875231827521954,-25.184703720060664,-25.37549258214772,-25.718722391349157,-17.89286668421259,-23.56006166753876,-26.226046541863045,-26.33860012135632,-26.48592427766287,-26.69212520535711,-27.353561731904044,5,0.2334536634320088,0.3094718925387099,0.19078886208705725,0.34322980920143564,5.667194983326173,0.11255357949327305,0.14732415630655282,0.6614365265469324,1.3166326232093901
103805.42+462755.8,-25.05905602214089,-25.232832302146655,-25.5321569276998,-25.658066853710807,-25.87431611430112,-21.19508618661912,-24.91682334022459,-25.73714901600739,-25.906532847873105,-26.251673415194237,-26.970375822399507,-27.85016893618684,5,0.1737762800057645,0.2993246255531439,0.12590992601100837,0.21624926059031324,3.7217371536054706,0.1693838318657157,0.3451405673211312,0.8797931137873327,1.3123089686887006
103818.46+204905.9,-25.089621397166717,-25.435323047117414,-25.722196619093516,-25.80036483236083,-26.014554644490083,-18.14946272480009,-24.51560651254699,-26.317999002584724,-26.694949606492727,-26.48950122313772,-26.797744503403944,-27.664434458341983,5,0.34570164995069774,0.28687357197610197,0.07816821326731471,0.21418981212925203,6.3661437877469,0.3769506039080035,-0.2054483833550087,0.8666899549380389,0.9973796710431131
103848.61+383248.4,-24.741405221916505,-24.971132933893163,-25.323666211308257,-25.48340563123744,-25.705832540546915,-19.19879422915581,-24.305117454813843,-25.94359836692268,-26.15397530549564,-26.178050156353304,-26.79459569877964,-27.521415504492293,5,0.22972771197665764,0.35253327741509466,0.15973941992918128,0.22242690930947617,5.106323225658034,0.21037693857295992,0.024074850857665808,0.7268198057126511,1.3111900675422028
103900.42+453656.5,-25.028538701510705,-25.187815426725876,-25.559584615710676,-25.669303658967998,-25.992299427773396,-20.910535684230823,-24.78238424338609,-26.268864549228272,-26.596047314772537,-26.50754609087205,-27.03281694439003,-27.91522918686741,5,0.15927672521517167,0.3717691889847998,0.1097190432573214,0.3229957688053986,3.871848559155268,0.32718276554426495,-0.08850122390048654,0.882412242477379,1.3635132854220338
103931.38+384109.4,-25.149149433828256,-25.302544650695893,-25.66656043286694,-25.80899314509396,-26.03345844310322,-20.24100622733058,-25.148232368545383,-26.180077844297276,-26.332754482697503,-26.63004775520349,-27.25719952782294,-28.272691320003723,5,0.15339521686763646,0.36401578217104813,0.14243271222701992,0.2244652980092603,4.907226141214803,0.1526766384002265,0.2972932725059856,1.0154917921807822,1.44820638272898
104221.97+282013.3,-24.515195248257797,-24.87701712989744,-25.275314016048057,-25.418215437802917,-25.69578142078089,-18.267259503536195,-23.018318589578477,-26.140915502837245,-26.47409420004129,-26.525615710072863,-26.72323835020967,-27.430200107164666,5,0.36182188163964213,0.398296886150618,0.14290142175486054,0.27756598297797197,4.751059086042282,0.333178697204044,0.05152151003157357,0.7069617569549962,1.305022912406752
104250.56+324230.9,-24.1488272936428,-24.277183476412592,-24.599461259384427,-24.746552223987077,-24.969643487697244,-19.79856959649452,-24.18551395352371,-25.17607579237738,-25.38239217717604,-25.35536806065544,-26.201288919472937,-27.084872493127037,5,0.12835618276979233,0.3222777829718346,0.1470909646026506,0.22309126371016674,4.38694435702919,0.20631638479866155,-0.027024116520600217,0.8835835736541,1.4547366954858596
104602.59+334058.0,-24.264851973528145,-24.87539217019484,-25.35969278477964,-25.480165459328003,-25.71251242825325,-19.36144654256777,-23.82003714299183,-25.73556700409755,-26.149718170398383,-26.0989997195807,-26.850653270521,-27.832401457560152,5,0.6105401966666939,0.4843006145848001,0.1204726745483633,0.23234696892524553,4.45859060042406,0.41415116630083304,-0.05071845081768345,0.9817481870391518,1.370487811192998
104620.18+342708.4,-24.32281923013685,-24.504449146440574,-24.890840589100343,-24.99808063242645,-25.14378074542108,-19.528591987034208,-24.219268634381724,-25.86640927046624,-25.85724854750997,-25.9229313503767,-26.275910010418563,-27.08869045702124,5,0.1816299163037236,0.3863914426597681,0.10724004332610804,0.14570011299462848,4.690676647347516,-0.009160722956270462,0.065682802866732,0.8127804466026767,1.2778293779921128
104621.57+215459.7,-25.094435967853247,-25.28425565570174,-25.547719019918127,-25.654214534508306,-25.85114434287832,-17.886298549590673,-24.286923465660973,-26.35166497328895,-26.48527004414948,-26.160079382239743,-26.980584744101684,-28.12347487910376,5,0.18981968784849457,0.26346336421638483,0.10649551459017914,0.19692980837001528,6.400624916070299,0.1336050708605292,-0.3251906619097369,1.1428901350020766,1.326370209593378
104838.21+112949.8,-24.40507648543287,-24.759800963046857,-24.996713091569017,-25.1552319375834,-25.38675951456403,-20.618953597370883,-24.25691933698825,-25.93592494518532,-25.95937626292842,-26.02626195917078,-26.46905902950709,-27.331604730663297,5,0.3547244776139884,0.23691212852216026,0.1585188460143847,0.23152757698062842,3.6379657396173677,0.023451317743099054,0.06688569624235896,0.8625457011562077,1.313827091923688
104946.54+520935.3,-24.010703338803506,-24.15996644906291,-24.550445436252343,-24.63378125493148,-24.89542741966648,-19.742212599859208,-23.86478152882178,-25.370153872626823,-25.330776826481927,-26.14600987418793,-26.084430352178703,-27.009058604696303,5,0.14926311025940464,0.3904789871894323,0.08333581867913864,0.2616461647349979,4.122568928962572,-0.0393770461448959,0.8152330477060019,0.9246282525176,1.4506490972472221
105144.09+510526.0,-24.43456795709405,-25.004595136846795,-25.26780277508485,-25.355611077779432,-25.613355235911907,-17.70911073700135,-23.38862887535133,-26.103568896581265,-25.958849132896983,-25.89697949830229,-26.789513315482232,-27.84504392626984,5,0.5700271797527456,0.26320763823805393,0.08780830269458306,0.25774415813247487,5.67951813834998,-0.1447197636842823,-0.06186963459469297,1.05553061078761,1.4339022377027995
105150.54+522847.2,-24.63200839790346,-24.972875215780608,-25.270683783153057,-25.453447508152017,-25.644890314378127,-18.423966644175948,-22.736432610932987,-26.19686590707369,-26.796075873768277,-26.711098520087276,-26.41152387041593,-27.20324587437953,5,0.34086681787714923,0.2978085673724493,0.18276372499896,0.1914428062261102,4.312465966757038,0.5992099666945876,-0.08497735368100123,0.7917220039635993,0.9580763622639132
105422.21+222925.8,-24.95606113088849,-25.29066340785224,-25.57777118744212,-25.63057456129556,-25.850215827609,-15.777043914161812,-24.037465756587096,-26.16017181134161,-26.53316615448687,-26.64291458456027,-26.881925926428146,-27.974150586740336,5,0.33460227696375,0.2871077795898813,0.052803373853439695,0.21964126631343817,8.260421842425284,0.3729943431452618,0.10974843007339885,1.0922246603121906,1.2513513651325852
105440.98-002048.4,-24.06122967663429,-24.439859145262464,-24.896926579576423,-24.99565349829804,-25.27593931402829,-16.223199508058425,-22.93162978407728,-25.323033638077067,-25.29652456266404,-26.145038011380944,-26.901605782204843,-27.70640785503854,5,0.3786294686281728,0.45706743431395935,0.0987269187216171,0.2802858157302488,6.708430276018856,-0.026509075413027716,0.8485134487169042,0.8048020728336986,1.905952283906803
105647.36+193655.2,-24.800662023216645,-24.956656353718174,-25.31620084452075,-25.479286820311028,-25.74876819516655,-21.08717817014164,-24.546839038261226,-25.855452736632294,-26.31936612789077,-26.209538363076515,-26.640754720651152,-27.52923309083766,5,0.1559943305015281,0.3595444908025769,0.16308597579027762,0.26948137485552337,3.4596608681195846,0.4639133912584761,-0.1098277648142556,0.8884783701865082,1.1614679003401243
105722.77+430234.6,-25.14843534865715,-25.25151668505225,-25.503539869160196,-25.640957305999105,-25.90030389792183,-17.897820961180173,-23.023776970292733,-26.008421769996698,-26.199488971141815,-26.56562616918644,-26.7543492558865,-27.53156665676942,5,0.10308133639509975,0.2520231841079479,0.13741743683890917,0.2593465919227249,5.12595600911256,0.19106720114511688,0.3661371980446262,0.7772174008829218,1.1133919498873937
105725.41+021426.6,-24.34796866506773,-24.713372194170457,-24.994578386762388,-25.15229439420444,-25.43859087584051,-20.508918576330142,-24.124115892306516,-25.854399780089743,-26.007245865083387,-26.28813076146437,-26.5647589666184,-27.49565590226779,5,0.36540352910272844,0.2812061925919309,0.15771600744205116,0.2862964816360716,3.615197315976374,0.15284608499364438,0.28088489638098224,0.9308969356493897,1.4124645724139597
105835.88+634644.2,-24.705308355700733,-24.9524522854955,-25.33822214779424,-25.41679939877561,-25.639322438070845,-17.907180659305475,-23.34946800689253,-25.89776313579964,-25.978104009929886,-26.45233581530423,-26.423170570048548,-27.22761685847045,5,0.24714392979476685,0.38576986229874066,0.07857725098136825,0.2225230392952362,5.442287347587055,0.08034087413024693,0.4742318053743446,0.8044462884219037,1.0063711712729386
105846.10+142506.6,-25.292293058272403,-25.443537780879364,-25.786433155980163,-25.90000591258044,-26.167259759996963,-20.684906195826887,-24.206364841107625,-26.582460746510897,-26.96572789806322,-26.825957373753045,-27.31163234579295,-28.31272752512608,5,0.1512447226069611,0.3428953751007988,0.1135727566002771,0.2672538474165229,3.521458645280738,0.3832671515523245,-0.13977052431017611,1.0010951793331273,1.4116264332125112
110112.93+455451.5,-24.77405931688393,-24.913176972024644,-25.21521945026601,-25.4299433266751,-25.637101899836647,-19.798302747061108,-24.314950408281018,-25.79606986969089,-25.68381576297742,-26.08043820172505,-26.795060866971184,-27.69914600639524,5,0.1391176551407156,0.3020424782413649,0.21472387640909218,0.2071585731615464,4.51664766121991,-0.11225410671346836,0.39662243874762737,0.9040851394240548,1.3651175402960831
110211.86+284041.2,-25.34498300603088,-25.663641390334217,-26.171724253503005,-26.37998705868104,-26.65914858051381,-17.526589544722647,-23.430896943175423,-27.14037464245101,-27.54968902725137,-27.4356932670922,-27.671526068186186,-28.26699565344232,5,0.3186583843033368,0.5080828631687879,0.20826280517803397,0.27916152183277276,5.904307398452776,0.40931438480036064,-0.11399576015917035,0.5954695852561329,1.291539009505147
110246.17+085201.5,-25.521247879009128,-25.47595317109359,-25.82330935242036,-25.985590674796327,-26.215334667098865,-16.2042359812323,-22.666845730157554,-26.40240256931924,-26.923665591767534,-27.251201074501058,-27.06564515262165,-27.69712136659505,5,-0.04529470791553791,0.34735618132677004,0.16228132237596782,0.22974399230253795,6.462609748925253,0.521263022448295,0.3275354827335235,0.6314762139734,1.0800544778253212
110519.36+175147.2,-24.629431337721897,-24.798674581962658,-25.17609235501237,-25.350143447833837,-25.592918973018563,-17.976444701939577,-24.436186308054417,-25.965499630924903,-25.937715835318297,-26.186053899312512,-26.64149054343091,-27.607135351163556,5,0.16924324424076076,0.3774177730497108,0.17405109282146825,0.2427755251847259,6.459741606114839,-0.02778379560660582,0.24833806399421476,0.965644807732648,1.2913470955970716
110602.98+441337.5,-24.645394924889278,-24.685579457560056,-25.049491451081654,-25.26270781796907,-25.56710349757251,-19.77820355939876,-24.194435055328974,-26.016212215589963,-26.334611783611912,-26.290698179526814,-26.345863301326737,-27.23957627524847,5,0.040184532670778594,0.3639119935215973,0.21321636688741563,0.3043956796034415,4.416231495930212,0.3183995680219489,-0.04391360408509826,0.8937129739217333,1.0831554833576682
110908.42+624844.6,-24.948653700017925,-25.34185216926767,-25.8348067845198,-25.985757944374814,-26.30308914760677,-18.68158176237421,-23.683331681381816,-26.53342704006114,-26.86707791407468,-26.71237410278396,-27.23739883408326,-28.06102827344831,5,0.39319846924974655,0.4929546152521276,0.1509511598550155,0.3173312032319551,5.0017499190076045,0.3336508740135393,-0.15470381129071953,0.8236294393650532,1.251640889708444
110953.16+635829.8,-24.51319166474425,-24.911385446868717,-25.199759133099285,-25.31101679339229,-25.53076868005414,-20.579629086253348,-24.33881828172032,-25.751314277883417,-26.023435882528496,-26.41951114198168,-26.53477541061939,-27.59756969186589,5,0.39819378212446566,0.28837368623056747,0.11125766029300621,0.2197518866618502,3.7591891954669734,0.2721216046450792,0.396075259453184,1.0627942812465,1.223758617227098
111229.69+353449.7,-24.158552495982548,-24.5467197221777,-24.91686382422522,-25.144711518803813,-25.348743844315184,-16.511237052351824,-23.65600455280182,-26.05645697605628,-26.03059091121231,-26.24646421013646,-27.0255842588946,-27.96557501083139,5,0.38816722619515076,0.37014410204752224,0.22784769457859255,0.20403232551137052,7.144767500449998,-0.02586606484396725,0.21587329892414786,0.93999075193679,1.880872740090787
111245.96+375601.6,-24.839066540538266,-24.895595515279307,-25.18453655579736,-25.429072137551955,-25.7433401593794,-18.31671690042936,-23.110465250293156,-26.5769057539009,-26.65927973451445,-26.79734478185007,-27.046766684365306,-27.74118861515602,5,0.05652897474104179,0.28894104051805414,0.24453558175459378,0.31426802182744495,4.793748349863797,0.08237398061354995,0.13806504733562264,0.694421930790714,1.6176945468133503
111305.54+494132.0,-24.111150794440977,-24.4634688396164,-24.90341526785281,-25.06476001993613,-25.28205059436803,-15.674709414988245,-23.85547745686476,-25.340261347536615,-25.86982854479085,-25.96358859318128,-26.159179003301677,-26.87135710412396,5,0.35231804517542287,0.4399464282364107,0.16134475208331978,0.21729057443189959,8.180768041876517,0.5295671972542344,0.09376004839043262,0.7121781008222818,1.0944189833655464
111504.22+251100.3,-24.75594992906991,-24.82689980711569,-25.113515044269956,-25.247169228572044,-25.529991286799905,-20.15329093991401,-24.50797460715806,-25.605485064064325,-25.76689387348948,-25.968638635054656,-27.0660204059628,-28.12570843498485,5,0.07094987804578068,0.2866152371542654,0.1336541843020882,0.2828220582278611,4.35468366724405,0.16140880942515423,0.20174476156517684,1.0596880290220518,1.818851177390755
111736.68+534908.3,-24.34434711861397,-24.5577649286218,-24.88921165898249,-25.061410866444103,-25.26703207088508,-19.30857550959021,-24.53614724361076,-25.269608400997345,-25.6664596678177,-25.813344854207013,-26.58424189131665,-27.51146360474271,5,0.21341781000782944,0.33144673036068895,0.1721992074616132,0.20562120444097687,5.22757173402055,0.3968512668203559,0.14688518638931214,0.9272217134260572,1.5228310248725485
111803.22+501245.0,-24.739030200294405,-24.942498451710183,-25.172646709767445,-25.27693980880786,-25.49377786045609,-18.09158295990043,-24.346492619418168,-25.44747477722684,-25.477325746839707,-25.842064566380184,-26.07181101299044,-26.70663349788092,5,0.20346825141577796,0.23014825805726247,0.10429309904041517,0.216838051648228,6.25490965951774,0.02985096961286615,0.36473881954047727,0.6348224848904778,0.7948712041825807
111955.29+623549.5,-24.27243029547555,-24.416337469754264,-24.76408257885341,-24.806521541506527,-25.132350939827347,-17.942572093801928,-23.90112900524162,-25.181195555660707,-25.138681710410147,-25.65415476531395,-26.40690226863286,-27.33615681044496,5,0.1439071742787128,0.34774510909914724,0.0424389626531152,0.3258293983208205,5.958556911439693,-0.04251384525056068,0.5154730549038042,0.929254541812103,1.600380727126332
112250.95+143732.5,-25.013116208052207,-25.320334178024638,-25.654311682217536,-25.786892218624114,-25.97053893895512,-19.25181952466412,-23.11892166950621,-26.42228440712538,-26.957503197663453,-26.882165043127014,-26.961744065661108,-27.7071715268047,5,0.3072179699724309,0.33397750419289807,0.13258053640657863,0.18364672033100504,3.8671021448420895,0.535218790538071,-0.0753381545364391,0.745427461143592,1.1748518470369937
112253.73+362723.7,-24.12042167575057,-24.641627426775884,-24.991470225069257,-25.11199474010435,-25.36798707781696,-16.298174707487384,-22.681685566422548,-25.68404544810773,-26.293879960496103,-26.22562444269053,-26.50872878042074,-27.350378779915147,5,0.5212057510253132,0.3498427982933734,0.12052451503509332,0.255992337712609,6.383510858935164,0.609834512388371,-0.06825551780557149,0.8416499994944076,1.3967340403163888
112328.99+342051.8,-25.3375483551896,-25.652758733812867,-25.987453284455,-26.12781853302124,-26.330228603352964,-18.019042716740525,-23.278365766220904,-26.62059570540243,-26.867890246220657,-26.940755367875195,-27.496729475122542,-28.44953479062924,5,0.3152103786232665,0.3346945506421335,0.14036524856624055,0.2024100703317231,5.259323049480379,0.24729454081822766,0.07286512165453729,0.9528053155066978,1.3689109421013015
112617.47+271717.9,-24.452785592465517,-24.65213557801925,-24.942460231542075,-25.11496453318921,-25.34164278286801,-18.75056484222057,-24.45431272907213,-25.2503055663215,-25.07593511743373,-25.53785562101248,-26.47410102129068,-27.41142698393633,5,0.1993499855537344,0.29032465352282344,0.17250430164713393,0.2266782496788018,5.703747886851559,-0.1743704488877711,0.4619205035787495,0.9373259626456516,1.3591364881014698
112653.65+151413.8,-24.789191452953958,-24.974769394122152,-25.223475521855423,-25.342765981160948,-25.47407379048002,-17.05627898043289,-24.769974988760502,-25.72834206988165,-25.863436384671843,-25.70401792269268,-26.84175826170246,-27.878005675694546,5,0.18557794116819437,0.2487061277332714,0.11929045930552462,0.13130780931907182,7.713696008327613,0.1350943147901944,-0.1594184619791612,1.0362474139920863,1.4989922805415112
112824.07+222420.3,-24.19206567396549,-24.60574327895317,-25.193401249183506,-25.367611572678456,-25.51404379625564,-18.64108118416935,-23.001975754558178,-26.015404573240488,-26.23081518468093,-26.44972090782344,-26.793831786151973,-27.76722854475349,5,0.41367760498767936,0.5876579702303353,0.17421032349495036,0.14643222357718244,4.360894570388826,0.2154106114404435,0.2189057231425089,0.9733967586015169,1.426220213473517
112932.71+020422.8,-24.45160205989232,-24.91532366756714,-25.309001873036607,-25.410558981663662,-25.63463399505264,-18.75258498770208,-23.805778029978264,-26.109054198553427,-25.74575313220389,-26.0118391736763,-26.89435588822008,-27.826794009721212,5,0.4637216076748203,0.39367820546946675,0.10155710862705547,0.22407501338897617,5.053193042276185,-0.3633010663495355,0.2660860414724091,0.9324381215011321,1.4837969065564174
113009.07+533300.6,-24.10464392916145,-24.68546307458576,-25.137382583080026,-25.201432047790934,-25.40841311027601,-20.157057035620348,-23.720971794084928,-25.78383265744889,-25.765966046055983,-26.075879062632765,-26.63217567735362,-27.618818700115277,5,0.5808191454243072,0.4519195084942673,0.06404946471090867,0.20698106248507386,3.5639147584645805,-0.017866611392907572,0.3099130165767825,0.9866430227616583,1.4307436295626843
114023.40+301651.5,-25.50147781246192,-25.7820014178952,-26.135716458270853,-26.32711024780016,-26.52793460936295,-19.702813740393232,-24.900099119860258,-26.788530773550253,-27.33614596029842,-27.00494364964907,-27.624725986162968,-28.57093699134185,5,0.28052360543327737,0.35371504037565416,0.1913937895293074,0.20082436156279115,5.197285379467026,0.5476151867481676,-0.33120231064934913,0.9462110051788812,1.2976157383628077
114209.84+282256.7,-25.101747806714236,-25.44676936309293,-25.873322097318173,-26.088138371513665,-26.32972860366765,-16.119694816595764,-23.88469212682701,-26.55918853144826,-26.98125915870923,-26.940083087625386,-27.297664878939592,-28.11830577940998,5,0.34502155637869336,0.4265527342252433,0.21481627419549199,0.24159023215398534,7.764997310231244,0.4220706272609682,-0.04117607108384291,0.8206409004703872,1.2095265074259274
114211.42-031413.2,-24.59937717744884,-24.66016415400894,-24.97350998166668,-24.999019560874213,-24.975136040433487,-19.218471349356832,-23.930800761328577,-25.29148113133494,-25.447884852990704,-25.772850843415,-26.345525720983083,-27.326653638019128,5,0.06078697656009879,0.31334582765774144,0.02550957920753305,-0.023883520440726613,4.712329411971744,0.15640372165576366,0.3249659904242961,0.9811279170360443,1.34650616010887
114504.95+624624.2,-25.814525629752666,-25.779239054212397,-26.252479620583784,-26.38326776416003,-26.56997101904868,-17.863624211972724,-21.90866540813249,-26.78963568302079,-27.016449118900884,-27.323464902726908,-27.30088984979153,-28.069746672936493,5,-0.03528657554026893,0.47324056637138767,0.1307881435762468,0.18670325488864847,4.045041196159765,0.22681343588009284,0.30701578382602435,0.7688568231449615,0.9176220856314998
115229.13+082154.5,-25.38642185449228,-25.776955109294697,-26.159865767382247,-26.305910187437785,-26.58015944575996,-18.972783113857208,-23.30301785346137,-27.0371026629849,-27.19540159340887,-27.020554611040048,-27.658522797702283,-28.61426055514261,5,0.39053325480241696,0.38291065808754965,0.14604442005553864,0.2742492583221754,4.330234739604162,0.15829893042397103,-0.17484698236882323,0.9557377574403283,1.3526126102644973
115239.27+011118.2,-25.30309164572926,-25.469974743643625,-25.764171944679568,-25.89199207293695,-26.161365671109586,-20.575006442572423,-25.518995555068084,-26.26733613840448,-26.488714826373812,-26.92589945520062,-27.14805932864654,-27.99096913400325,5,0.16688309791436495,0.29419720103594216,0.1278201282573832,0.26937359817263484,4.943989112495661,0.2213786879693309,0.43718462882680953,0.8429098053567117,1.2560672557095884
115307.76+203401.3,-24.964302243909884,-24.931161668316207,-25.195960891066186,-25.38329274615192,-25.61200061628238,-18.861623793464812,-22.47700765969106,-26.36750812227486,-26.52312097812942,-27.105013713483405,-26.77082448251808,-27.482762765402533,5,-0.03314057559367711,0.26479922274997847,0.18733185508573413,0.22870787013046012,3.6153838662262494,0.1556128558545602,0.5818927353539856,0.7119382828844536,1.3875317363661601
115443.44+413951.7,-24.23237965995188,-24.37590576879368,-24.663766095333923,-24.932568468541348,-25.1318204828182,-16.783114895796526,-24.094542335301025,-25.50033206779325,-25.392234838288143,-25.27719364929035,-26.15764668336583,-26.96265059751432,5,0.1435261088417974,0.28786032654024396,0.26880237320742495,0.19925201427685124,7.311427439504499,-0.10809722950510547,-0.11504118899779314,0.8050039141484895,1.2250782148244816
115506.81+041018.3,-25.066746834613507,-25.330852276192697,-25.692935581561837,-25.80714875434877,-26.126683743761088,-21.176779410794406,-24.669591117715523,-26.562274000656043,-26.67744697503212,-27.05497836682956,-27.095900956330844,-27.88813991150445,5,0.2641054415791899,0.3620833053691399,0.11421317278693266,0.3195349894123183,3.492811706921117,0.1151729743760761,0.3775313917974401,0.7922389551736053,1.2887522019820743
115703.84+264433.1,-24.54485123742996,-25.107665052728183,-25.388617225667872,-25.601367727752976,-25.752870081680044,-17.750467364338487,-23.962644600472785,-25.872212761513296,-25.873906773716776,-26.186878084617145,-26.670496219827992,-27.40903178027429,5,0.5628138152982238,0.28095217293968844,0.21275050208510393,0.1515023539270679,6.212177236134298,0.0016940122034796445,0.31297131090036956,0.738535560446298,1.0691284920750164
115758.21+014625.4,-24.462199563152478,-25.0022969585942,-25.354163890592663,-25.52667154740968,-25.82947311810608,-18.690458673845463,-23.62522440291912,-26.279417506811875,-26.26386673842472,-26.50134924264009,-26.74040669615125,-27.633228955251447,5,0.5400973954417232,0.35186693199846175,0.17250765681701807,0.3028015706963991,4.934765729073657,-0.01555076838715408,0.2374825042153681,0.8928222591001962,1.21373514874157
115841.37-032239.9,-24.965013336369815,-25.170596921630672,-25.50442833860532,-25.685062323894805,-25.97617999185685,-18.9362212544445,-23.73092797827488,-26.265830100354687,-26.741268600846062,-26.636284729668265,-27.027635478428923,-27.877458469593744,5,0.2055835852608574,0.3338314169746468,0.18063398528948582,0.29111766796204464,4.79470672383038,0.47543850049137504,-0.10498387117779728,0.849822991164821,1.3425731545341186
115915.11+474705.2,-24.266076541093465,-24.483666643413493,-24.92714344194929,-25.05585678032752,-25.241247312981844,-20.00149912745597,-24.342867528380243,-25.770197412292013,-25.74371443939985,-25.895103928016223,-26.325124900425944,-27.170595321984056,5,0.2175901023200275,0.4434767985357979,0.12871333837822974,0.18539053265432415,4.341368400924274,-0.026482972892164724,0.15138948861637402,0.8454704215581117,1.269268120098424
120142.09+390320.9,-23.814599436025997,-24.43334849177119,-24.7332718618144,-24.981047181655114,-25.314139238224552,-18.35770268765628,-22.79591720168255,-25.357287605183533,-25.698549186789855,-26.07012087542372,-26.365051282420843,-27.27646295103556,5,0.6187490557451945,0.29992337004321,0.24777531984071288,0.33309205656943774,4.438214514026271,0.3412615816063216,0.37157168863386403,0.9114116686147149,1.384004100765729
120201.02+601234.4,-24.94176442435886,-25.22716545089796,-25.616213211516683,-25.718285105490857,-25.888750274072077,-18.61998505202186,-25.229609115796737,-26.063365749328412,-25.94404790589141,-26.34119098363589,-27.506131018725885,-28.447438987276172,5,0.2854010265391018,0.38904776061872326,0.10207189397417338,0.17046516858122018,6.609624063774877,-0.11931784343700258,0.3971430777444809,0.9413079685502872,1.787845913235028
120335.39+451049.5,-24.44733815654063,-24.671386610330988,-25.1088964072871,-25.28081837781016,-25.46431294318369,-18.307560168677128,-23.52697147342821,-25.29062042486864,-25.486386371056657,-26.00791535134189,-26.307289690551308,-26.975516969076835,5,0.2240484537903562,0.4375097969561139,0.17192197052305858,0.18349456537352893,5.21941130475108,0.19576594618801835,0.5215289802852325,0.6682272785255279,1.0264713127411476
120356.08+615604.2,-24.889470896927016,-25.11902592107625,-25.274156023980527,-25.43734226543968,-25.692571840679435,-17.278511857740046,-24.766555324014004,-25.939878686879958,-26.4055055382558,-26.64088630088612,-26.858770899864755,-27.87879483265024,5,0.229555024149235,0.15513010290427687,0.16318624145915095,0.2552295752397562,7.4880434662739574,0.46562685137584126,0.23538076263032082,1.0200239327854845,1.4214286344250766
120419.82-014750.2,-25.05595383517985,-25.154737204526203,-25.509518829288197,-25.611300191660565,-25.86985736606362,-18.114855252866125,-23.850838274840875,-26.30958544348665,-26.3801506656255,-26.558456202754744,-26.83367508453152,-27.616239995319987,5,0.09878336934635357,0.35478162476199415,0.10178136237236757,0.25855717440305526,5.73598302197475,0.07056522213884975,0.17830553712924413,0.7825649107884658,1.2223748928709561
120523.70+380552.7,-24.525706855901102,-24.809522886550894,-25.162270528589914,-25.43784435372818,-25.7079736280182,-20.88961636275558,-24.237430004946983,-25.579516080765305,-25.71197023174826,-26.245485626372364,-27.04821634286144,-27.89011195694377,5,0.2838160306497919,0.3527476420390201,0.27557382513826667,0.2701292742900172,3.3478136421914044,0.1324541509829551,0.5335153946241036,0.841895614082329,1.6103719891332595
120550.19+020131.5,-25.218392270326,-25.653917293296896,-26.32061317670752,-26.452031937760427,-26.627307990923825,-16.863806115815454,-21.643690090339582,-27.06681817908624,-27.05421247380927,-27.45606683765879,-27.39510954175634,-28.3224821123022,5,0.43552502297089646,0.6666958834106254,0.13141876105290606,0.17527605316339745,4.779883974524129,-0.01260570527697169,0.40185436384951956,0.9273725705458595,0.9430776039959134
120557.40+192958.3,-24.4715228063935,-24.49629941468246,-25.10276704308709,-25.295277897920183,-25.55911068043409,-15.713654825616134,-19.62718455148168,-25.90646179878173,-26.07095106585595,-26.908902802358625,-26.712475675740023,-27.44711876673606,5,0.02477660828895978,0.60646762840463,0.19251085483309183,0.2638327825139086,3.913529725865546,0.16448926707422018,0.8379517365026743,0.7346430909960375,1.4171977778198404
120659.26+561457.9,-24.029050683638644,-24.348218866888747,-24.852921394924312,-25.088106238186807,-25.344548360150487,-15.497572616541946,-22.502438769178987,-25.93691323222552,-26.39289382542653,-26.35036837644792,-26.39229635210088,-27.03940928465383,5,0.31916818325010254,0.5047025280355655,0.23518484326249478,0.2564421219636799,7.004866152637041,0.4559805932010086,-0.04252544897860844,0.6471129325529468,1.3041901139140748
120716.30+254905.8,-24.07705413440475,-24.1497012320916,-24.628098591457587,-24.761026355386555,-24.96289949735384,-18.30311333813229,-24.177764929712367,-25.619814756260336,-25.793659201685728,-26.24520180221129,-26.248619443680884,-27.106323471137017,5,0.07264709768685051,0.47839735936598515,0.13292776392896855,0.20187314196728323,5.874651591580076,0.17384444542539157,0.4515426005255634,0.8577040274561334,1.4875930882943287
120835.78+205212.6,-24.46675555717678,-24.57692716609898,-24.97746320398412,-25.08600470768592,-25.27755821592559,-20.3759136036308,-24.13492361418852,-25.759963222990315,-25.9238856830608,-26.230605823125494,-26.345365411691308,-27.24839789018392,5,0.1101716089222009,0.40053603788513925,0.10854150370180093,0.19155350823967154,3.75901001055772,0.16392246007048428,0.3067201400646944,0.9030324784926123,1.2593607040053882
121107.28+342840.4,-24.606945893360667,-24.923582062611157,-25.28597706374749,-25.471994179364746,-25.72036048765806,-18.8593937060086,-23.733175507527157,-26.169621941768835,-26.70602848191506,-26.50049007378944,-26.87521943193779,-27.70338447133182,5,0.31663616925049,0.3623950011363348,0.1860171156172541,0.2483663082933134,4.873781801518557,0.5364065401462241,-0.2055384081256193,0.8281650393940296,1.4032252525730442
121736.47+180420.7,-24.61025360157217,-24.720833855104782,-25.15786924725631,-25.24366845392004,-25.420423056388955,-19.47385401082053,-24.66653297290396,-25.94801039609972,-25.97417419332921,-26.22878667066542,-26.989953905246104,-27.89271304400095,5,0.11058025353261414,0.43703539215152887,0.08579920666372942,0.1767546024689146,5.192678962083427,0.026163797229489916,0.25461247733621306,0.9027591387548455,1.746285451326063
121930.77+494052.2,-26.059094112774677,-26.097322416084346,-26.55278973339452,-26.79230503272221,-27.02502728807642,-16.191258101523765,-23.27728271687089,-27.31344073274007,-27.806088432381856,-28.11558450769044,-28.122498675928654,-28.779684966345265,5,0.03822830330966909,0.4554673173101733,0.23951529932769233,0.23272225535420787,7.0860246153471245,0.4926476996417861,0.3094960753085836,0.657186290416611,1.3301936432064423
121932.57+490522.6,-24.70575449431243,-24.92781074169612,-25.15179186393665,-25.264409104688006,-25.363517996708865,-17.54329332755435,-23.38303819124585,-26.02013827611585,-26.014427016243022,-26.81822024993862,-26.8944143551276,-27.7720335563185,5,0.22205624738369067,0.2239811222405308,0.11261724075135504,0.09910889202085826,5.8397448636915,-0.005711259872828833,0.8037932336955969,0.8776192011908996,1.630005250439595
122300.22+554000.6,-24.35029501555726,-24.62177265539242,-24.98798959311426,-25.09182855037246,-25.21301823255348,-19.96652531816771,-24.49589888109848,-25.5658320116978,-25.37055756924587,-25.550630956514457,-26.37103465453359,-27.15611831994224,5,0.27147763983515816,0.36621693772184116,0.1038389572581977,0.12118968218102211,4.529373562930768,-0.19527444245192882,0.18007338726858535,0.7850836654086493,1.2792061041611333
122450.18+300207.6,-24.09118340609364,-24.37590924596304,-24.896842681209517,-25.002182694911447,-25.16023562047413,-16.5742469437004,-23.62748820772793,-25.529016447617146,-25.92375040270594,-25.854732745563123,-26.4788287416146,-27.280262735335366,5,0.2847258398693988,0.5209334352464765,0.10534001370193025,0.15805292556268213,7.05324126402753,0.39473395508879605,-0.06901765714281893,0.8014339937207673,1.4766460467031521
122525.11+455953.1,-25.41549106282364,-25.63677395642691,-26.042256307524656,-26.18770141414865,-26.45753273010124,-15.431927335423987,-24.55886341858208,-26.76472505915559,-27.067063361646188,-27.14687945266207,-27.570981338155946,-28.56978222872149,5,0.22128289360327003,0.40548235109774566,0.1454451066239919,0.26983131595259024,9.126936083158094,0.3023383024905968,0.07981609101588205,0.9988008905655441,1.3832799240072973
122538.13+473333.7,-24.905130905646104,-25.098811852707755,-25.301542187622637,-25.444884814727327,-25.67374474071797,-19.59723523765246,-24.51554285230415,-25.807805327562605,-26.039224400908346,-26.01893098126433,-26.694353133554188,-27.61694036196612,5,0.19368094706165095,0.20273033491488235,0.14334262710469048,0.2288599259906441,4.918307614651692,0.23141907334574086,-0.020293419644016097,0.9225872284119312,1.2494683188268603
122724.24+152142.1,-24.91783040139978,-25.163296145051305,-25.421078303542053,-25.51446271971151,-25.69239866490916,-16.82017588273685,-23.705918034962444,-26.087645583581374,-26.57385880366432,-26.56336335464147,-26.48766459988113,-27.37352969417464,5,0.24546574365152551,0.25778215849074826,0.09338441616945659,0.17793594519764966,6.885742152225593,0.486213220082945,-0.010495449022847936,0.8858650942935107,0.9732018801696185
122727.38+652948.2,-24.88758361907414,-24.92935087929529,-25.43121895920316,-25.530294538718877,-25.726057591402395,-20.56789278975047,-24.35707719588422,-26.06536067303763,-26.169953311486022,-26.360136122447194,-26.91257345935633,-27.845513138511187,5,0.04176726022114963,0.5018680799078723,0.09907557951571633,0.19576305268351746,3.7891844061337494,0.10459263844839128,0.19018281096117207,0.9329396791548561,1.3822789206374537
122804.87+191919.0,-24.403058348383315,-24.568662209157477,-24.94316390549257,-25.16899137118166,-25.51815782167704,-17.065616026456684,-24.421554991312927,-25.76318099707052,-25.729704792201584,-25.883318878574624,-26.71598629195747,-27.676491939702142,5,0.16560386077416211,0.37450169633509134,0.2258274656890933,0.3491664504953782,7.355938964856243,-0.03347620486893632,0.15361408637303953,0.9605056477446716,1.5469949207758091
122851.15+052519.6,-24.56568382455467,-24.79625141065577,-25.07453886424146,-25.20106573568758,-25.450559666419107,-19.317452263531933,-23.3793303855962,-25.859641692659547,-26.1973064397255,-26.49965181502894,-26.512224784680203,-27.369071528618697,5,0.23056758610109895,0.2782874535856905,0.12652687144611718,0.24949393073152848,4.061878122064268,0.3376647470659542,0.30234537530343886,0.8568467439384939,1.311159048992625
123000.99+290357.4,-25.61987640936907,-25.786185793283632,-26.141671890642133,-26.281354183662387,-26.622570043818826,-20.93620512694729,-24.677914589628035,-27.20567679727113,-27.588464727991838,-27.56873620444968,-27.771117934659983,-28.49616536526439,5,0.1663093839145624,0.3554860973585008,0.13968229302025392,0.34121586015643857,3.7417094626807454,0.38278793072070627,-0.01972852354215604,0.7250474306044055,1.4897637509975965
123035.46+332000.5,-25.017113865145134,-24.97063973037749,-25.60083057383216,-25.723524208735338,-25.809907925013643,-18.07237569460024,-22.65318656396956,-25.778522854131374,-26.54314760915717,-26.56110269579565,-26.728800218734545,-27.598231901986352,5,-0.046474134767645836,0.6301908434546704,0.12269363490317886,0.08638371627830566,4.580810869369319,0.7646247550257961,0.01795508663848011,0.8694316832518076,1.005276009999207
123116.40+120023.8,-25.082582138443534,-25.477279776207432,-25.77857044182869,-25.91887062397407,-26.09213771078192,-19.25797441986385,-24.91680805848349,-26.04077358546732,-26.60672406774337,-26.322524986239447,-27.1052776069294,-28.01512977192795,5,0.39469763776389755,0.3012906656212593,0.14030018214537776,0.17326708680785075,5.65883363861964,0.565950482276051,-0.2841990815039246,0.9098521649985507,1.1864069829553294
123326.03+451223.0,-25.53524420766148,-25.71406443571167,-26.006397348079943,-26.11597964073028,-26.271550209793485,-18.856923780137823,-24.45172531718961,-26.700365772260643,-27.07264899568626,-27.01957750537164,-27.296409755088728,-27.994020763829457,5,0.1788202280501885,0.2923329123682734,0.10958229265033737,0.15557056906320454,5.5948015370517865,0.3722832234256188,-0.05307149031462188,0.6976110087407292,1.1804301143584475
123355.52+290749.0,-26.064586917609617,-26.33599655313845,-26.791116989465287,-27.010176194696456,-27.10650374430018,-16.378774893670435,-24.328599148667923,-27.44141111988912,-27.657341673692653,-27.96715134716362,-27.931829871557117,-28.591744206907663,5,0.27140963552883335,0.45512043632683685,0.21905920523116862,0.0963275496037248,7.949824254997488,0.2159305538035312,0.3098096734709692,0.6599143353505461,0.9216536768606609
123414.40-011956.1,-24.13797303370803,-24.41785531607208,-24.64233683913771,-24.74940595146509,-25.024578437897084,-18.46741381622176,-23.826163221897964,-25.155156548080207,-24.787254204158263,-25.76459819670928,-25.98890176453678,-26.828042067603054,5,0.27988228236405277,0.2244815230656272,0.10706911232738037,0.27517248643199466,5.358749405676203,-0.3679023439219442,0.9773439925510168,0.839140303066273,1.2394958130716915
123442.17+052126.7,-25.32170781262184,-25.584414903849197,-25.850745434922413,-25.967002341099526,-26.21109468238496,-20.250556327169832,-24.481123551287773,-26.205392143529718,-26.729302746556773,-26.55241337227884,-27.17180544239078,-28.201172766648376,5,0.2627070912273588,0.2663305310732156,0.1162569061771137,0.2440923412854339,4.230567224117941,0.5239106030270548,-0.17688937427793405,1.0293673242575956,1.2048031012912546
123658.74+260916.0,-24.273474673583397,-24.487155465688215,-24.85768295770099,-25.042094022879223,-25.19985829557337,-18.195144372862494,-23.479917778216425,-25.25264774653201,-26.193383525694333,-25.67065193338018,-26.52129562079608,-27.536363532978147,5,0.21368079210481739,0.37052749201277635,0.18441106517823158,0.1577642726941484,5.284773405353931,0.9407357791623241,-0.5227315923141518,1.0150679121820652,1.479201597916859
123711.94+281906.7,-24.478176297567416,-24.795553977305133,-25.09731573986049,-25.20806222997953,-25.379606246824917,-17.013901737938472,-22.074363029981708,-25.64042934051172,-26.46885645022424,-26.28951844451626,-26.35384013977382,-27.33626359387473,5,0.31737767973771724,0.30176176255535836,0.11074649011903759,0.17154401684538811,5.060461292043236,0.8284271097125213,-0.17933800570797942,0.9824234541009105,1.1457779097942904
123856.38+125142.0,-25.00733961185673,-25.296959561881323,-25.58038553478749,-25.657225612936376,-25.853872091732168,-18.21236338635369,-24.69779925977473,-26.36698534376801,-26.109032820192837,-26.46437494806143,-27.063606524296404,-28.02071904426988,5,0.2896199500245942,0.28342597290616567,0.07684007814888716,0.19664647879579178,6.485435873421039,-0.25795252357517384,0.35534212786859243,0.957112519973478,1.4063809113600279
123959.78+180057.6,-24.771587523568016,-25.096122866053477,-25.627070850224158,-25.71078485358769,-26.07854979253001,-18.544589051496413,-23.947185739421784,-26.591667629676245,-26.709896311394232,-26.96268391092845,-27.37289678507969,-28.235576721719223,5,0.32453534248546134,0.5309479841706803,0.08371400336353219,0.36776493894231876,5.402596687925371,0.11822868171798717,0.25278759953421925,0.8626799366395339,1.6621119314919994
124524.59-000938.1,-25.238209750143387,-25.39601025269532,-25.75076786261706,-25.818578228860275,-26.059454992683072,-16.324037949761923,-21.341953423501945,-26.33935792302407,-26.209624922267132,-26.887731593850067,-27.09808455335787,-28.189974371786093,5,0.15780050255193245,0.3547576099217409,0.06781036624321501,0.2408767638227971,5.017915473740022,-0.12973300075693928,0.6781066715829347,1.0918898184282213,1.2795063244975964
124635.86+164656.4,-25.15396297847572,-25.37789000975902,-25.726707915152414,-25.91718805157796,-26.2474559015894,-12.461984579855097,-24.514129164786755,-26.451732560025984,-26.868264750028413,-26.658079167280857,-27.10725578976922,-27.855312441407182,5,0.22392703128329927,0.34881790539339264,0.1904801364255455,0.33026785001144177,12.052144584931659,0.41653219000242814,-0.21018558274755605,0.7480566516379632,1.19006773819126
124747.34+102231.6,-25.08439793934176,-25.24725659129786,-25.463522319657507,-25.582105214018288,-25.81851687283259,-16.9154988958984,-25.02363282253972,-26.26602488765609,-26.012868613286784,-26.740667379042083,-26.958209229837003,-27.89537676823982,5,0.16285865195609972,0.21626572835964808,0.11858289436078095,0.23641165881430126,8.108133926641322,-0.25315627436930654,0.7277987657552991,0.937167538402818,1.376104015818715
125417.93+312537.6,-24.57177111525091,-24.778896028644745,-25.059894091770133,-25.21251246034908,-25.404926813773304,-18.00057967939725,-24.223957263468854,-26.13381484302519,-26.12718646453899,-26.186607527382765,-26.640562208042265,-27.704428237747017,5,0.20712491339383376,0.2809980631253879,0.1526183685789455,0.1924143534242262,6.223377584071603,-0.006628378486198017,0.05942106284377502,1.0638660297047515,1.428049747693187
