SDSS_NAME,Z,M_u,M_g,M_r,M_i,M_z,M_FUV,M_NUV,M_2j,M_2h,M_2k,M_W1,M_W2,community
130223.12+140609.0,0.286074,-23.149619086629038,-23.383792650617178,-23.65497439455515,-23.74288390263729,-23.78593180986124,-22.807017122942614,-22.937876949583927,-23.77276499331527,-24.183101500495415,-24.61366687628513,-25.1097561567178,-25.690469416125104,3
130416.99+020537.0,0.228736,-22.29406022148133,-22.423456788345494,-22.71200576689377,-22.82922043916054,-22.843586245908213,-21.909800489547244,-22.06389544404725,-23.17036759531384,-23.58189236428039,-24.096372194874203,-24.875676175367992,-25.521394019260946,3
130708.76+342421.8,0.186447,-22.7478177899902,-22.78879399556161,-22.971415652979267,-23.126399635626115,-23.056983318646807,-22.406419099464564,-22.671568584557164,-24.240965288434555,-24.53697430930187,-24.438272555578767,-24.65902018582856,-25.046260175383985,3
130730.01+092205.1,0.259498,-22.292967954278414,-22.423974647848883,-22.637297320490667,-22.77158849656346,-22.84116077382535,-22.00419977285028,-22.248706143633747,-23.114791459440774,-23.558004437366264,-24.05647550425672,-24.391861360438813,-24.776425418342512,3
130818.89+034437.2,0.227849,-22.89929169592861,-22.94175780502312,-23.100034271858707,-23.289521837484937,-23.182396697325213,-22.87882882364212,-22.95534437043785,-23.33837674842807,-23.673594970373195,-24.30342955321639,-24.700897102483864,-25.195726396836776,3
130843.86+190439.7,0.2219,-22.65095983988215,-22.80581442790674,-23.00879278659305,-23.135163453340912,-23.074515015565467,-22.23305595091189,-22.34150654613696,-23.25420816928722,-23.560048618559392,-24.058157065418044,-24.604178389159163,-25.111333216629944,3
130947.00+081948.2,0.1543,-23.497835705721958,-23.501877441716918,-23.69685586504358,-23.942708629356986,-23.681079355979744,-23.16823255829736,-23.104767448377174,-24.06702430143036,-24.376457851966933,-24.90165980324655,-25.26822874138061,-25.690368708356115,3
131011.88+195428.1,0.3046,-22.183994879833055,-22.43060006269083,-22.926975502683256,-23.179691717294386,-23.283725603489675,-21.80149876974996,-21.924485579012483,-23.61980599697825,-23.690453736714915,-24.00614690404263,-24.17653164977937,-24.571404614281736,3
131204.70+064107.5,0.2419,-23.53254724223522,-23.778424775422035,-24.02670306790726,-24.16969858493435,-24.187823791203904,-22.005253992542947,-22.964516682374413,-24.0711162675893,-24.573863266331543,-25.146729619644898,-26.00140208020422,-26.506377479250457,3
131217.75+351521.0,0.1829,-23.37399164919973,-23.644098852586147,-24.003849770732995,-24.12559079399811,-24.04395794282982,-22.99275343492609,-23.373458497547567,-24.37529880876225,-24.568516303145945,-25.033005335073803,-25.69221868753128,-26.24978071437462,3
131426.49+020115.6,0.307285,-23.23720421127081,-23.426991678368555,-23.777376150933293,-23.76066378595273,-23.81027466007118,-22.832529000935114,-23.17893108333676,-23.96048309777863,-24.28416858028738,-24.967781051969613,-25.64862198194005,-26.20458521438025,3
131549.46+062047.8,0.36,-23.09572351276429,-23.41866793267918,-23.75155398885103,-23.79702724390737,-23.70569369943456,-21.305045177194557,-22.369566060462564,-23.86975065684905,-23.965630942402814,-24.990509007067445,-25.84939144864558,-26.502738393227823,3
131832.15+345337.7,0.216414,-21.90297970572511,-22.050235613912285,-22.332520737337408,-22.465890213178835,-22.503111620106104,-20.57133933037626,-21.27766681647852,-22.90931576763696,-23.36136790575583,-24.04737299401693,-24.01864703366602,-24.44956667234704,3
132144.97+033055.7,0.268833,-23.616840408519945,-23.830053834047405,-23.934410675584083,-24.057694136121377,-24.084129539989902,-22.725503558484245,-22.7461713783147,-24.164061775436814,-24.33723967344971,-24.78173948422763,-24.81634923939486,-25.5258598245517,3
133053.27+311930.5,0.242,-22.37451927618676,-22.580982901101574,-22.72049809417992,-22.906405334546307,-22.859076546115823,-22.091552191927303,-22.105549752748573,-22.80408645712688,-23.183769423261023,-23.41039564539806,-23.98764028930451,-24.62543261955726,3
133432.34+171146.9,0.2648,-22.977814786053408,-23.11153757053442,-23.30117831110019,-23.42902690729864,-23.50741343470669,-22.511368414134687,-22.751325137363544,-23.4803982694393,-23.46959618764306,-23.9389571761378,-24.54485123413348,-25.099578825023737,3
133836.72+441442.4,0.258,-21.71375448225224,-21.82411285327283,-22.042044539353085,-22.28416936783166,-22.366405949300027,-21.70239992410084,-21.752108956407422,-22.475298264087925,-22.9467412794495,-23.648842726400144,-23.705822293008485,-24.31465864098501,3
134231.22+382903.3,0.171892,-21.779760560282146,-21.843880674703165,-22.06666884201348,-22.267987353990726,-22.125955914916737,-21.89689127472325,-21.89569358000621,-22.158184637674594,-22.651352285818124,-23.066402521466397,-24.264213633788277,-24.753037821571297,3
134704.91+144137.6,0.1346,-21.492178753954484,-22.056783392912557,-22.40674555915433,-22.385320088855533,-22.49139908352827,-19.684818461902413,-20.93652500204664,-22.729823897699408,-22.92873225420284,-23.254358670052994,-23.731076882265643,-24.003794036090337,3
134737.45+301252.2,0.1178,-21.939592701085928,-21.946114107635136,-22.24212134139872,-22.461325603601704,-22.206396432755085,-20.94061851101511,-21.39205498027226,-22.72890502901419,-23.14351058696077,-23.57198766601964,-24.11562421760284,-24.420020888075975,3
134804.07+603130.6,0.237875,-21.99358923892241,-22.16595599824336,-22.374598763381385,-22.52992807275808,-22.46257227202712,-20.980987773068417,-20.95127020137086,-23.14413408577927,-23.549875615485558,-23.996461275225887,-23.829642218155268,-24.38891256789716,3
134845.44+451809.5,0.277,-22.989261928676264,-23.14959140260389,-23.234079111635417,-23.364198420560907,-23.48154251856844,-22.5481383608329,-22.761428261510957,-23.43016695912478,-23.76095804413942,-24.066048135260928,-24.449115872483123,-24.979030636791087,3
135625.55+251523.7,0.164,-22.80954407712736,-22.91885128704693,-23.16498531634139,-23.405910367640725,-23.216792888087465,-22.04314942675076,-22.342293111176456,-23.46607124723013,-23.899881299008644,-24.49556468433879,-25.04858880264426,-25.50204587111045,3
140050.22+532424.5,0.174773,-21.539558530832327,-21.74599816149861,-22.09026968174516,-22.25096155150021,-22.120706279353183,-20.99775531905647,-21.67447309954464,-22.450326520463427,-22.83471601832372,-23.38485672408701,-24.22470884618162,-24.623446367394127,3
140147.02+232413.2,0.2156,-21.619611609409294,-21.9554406671552,-22.321901417948148,-22.554319609274685,-22.554867596230068,-20.62400643105915,-20.92177117031441,-22.91061486412062,-23.22699458075866,-23.566389791760308,-23.84191173622589,-24.172555795479788,3
140336.43+174136.1,0.2223,-22.886753785197836,-23.02359532713872,-23.400276248670696,-23.54081943728523,-23.507952083161097,-21.52610615380729,-22.492646375550432,-24.008501074166634,-24.44779134520573,-24.79941862308382,-25.57841418803103,-25.975793522634337,3
140604.24+572956.6,0.325759,-22.29039236936607,-22.314457804216485,-22.64437536582074,-22.809523452886346,-22.910803238561208,-22.20753507899256,-22.39870196336976,-23.344708219349872,-23.74564255134592,-24.136802153574592,-24.535852203330958,-25.16945438542784,3
140621.89+222346.5,0.0979,-21.84757834965121,-22.128605779659345,-22.34907577691371,-22.287246312852727,-22.20408201013607,-21.270582067725663,-21.532991988432588,-22.46236126478504,-22.82045892022145,-23.208206649137374,-23.742733848306745,-24.051991231868985,3
140658.70+144238.3,0.2658,-23.59826759602482,-23.78126720564781,-23.88828211816914,-23.99974123198,-24.03265417596405,-23.304536779129005,-23.37131157891321,-23.752119204464247,-24.091097279748237,-24.731400296557776,-25.44720312101708,-26.207633266770756,3
140808.20+430316.5,0.258591,-23.078412505138527,-23.17133939630155,-23.370591674569056,-23.457519594404157,-23.521911931270765,-22.46902247227135,-22.42608649252612,-23.715216594032725,-23.81048461441077,-24.460769190276952,-24.64545885056029,-25.319123352008432,3
140824.76+543817.7,0.290576,-22.158884242205964,-22.338869991723065,-22.59843655823904,-22.798799055433264,-22.689294647258507,-21.631800982251114,-21.976541238151466,-22.884540443728778,-23.16503456720755,-23.573672606961946,-24.223106055153973,-24.80797562591916,3
141053.43+091026.9,0.1779,-22.561243843680817,-22.661637148962203,-22.889913045043897,-23.09352305570508,-22.919192461207075,-21.791874765574494,-21.67120960820392,-23.37399951308278,-23.9596618389112,-24.464840588043945,-24.534520103761103,-25.058102645123245,3
141239.23+093048.3,0.284734,-22.08421772703048,-22.246655911739925,-22.50746766784975,-22.6210190563692,-22.700817706712016,-21.44943377879897,-21.863658473922506,-22.769796874204594,-23.154230165817225,-23.77922251387631,-23.940041418316707,-24.474889617943663,3
141315.28+290637.7,0.225599,-21.53782296825938,-21.90831796747208,-22.32784228349367,-22.579812172781047,-22.668486714959094,-20.3883020953704,-20.806272851039203,-22.820575383452784,-23.555445653805823,-23.65702653641106,-24.019944223622417,-24.54597044806149,3
141535.94+483543.6,0.274518,-21.812042246535988,-22.132871151936538,-22.70283945379387,-22.88041778778888,-23.097175204821337,-21.917855892410905,-21.999813297128235,-23.406259620504457,-23.92259149905176,-24.39231848331535,-24.7730254495363,-25.23360607058424,3
141625.70+535438.5,0.263,-20.750531822756283,-20.96307255146329,-21.355938881948813,-21.587099991058587,-21.81039902154768,-20.768145893006384,-20.78012546047784,-22.332372101668483,-22.732466735592617,-22.98509331363548,-23.36488226574886,-23.864593006804768,3
142127.85+473011.7,0.371589,-22.89352545961984,-23.14138462826055,-23.52831451056885,-23.60257862919914,-23.667003768664063,-22.15566103405345,-22.54370684225261,-23.816421949043587,-23.989469063338834,-24.67334941616675,-25.28436186107493,-26.007109947961183,3
142129.75+474724.5,0.073,-22.33583930993911,-22.478763086372112,-22.78228623407583,-22.81803490126653,-22.803938284793432,-20.52304071670002,-20.93580937570561,-23.22149005176952,-23.744684860335614,-24.24557734705156,-24.82125943809932,-25.057751221766363,3
142146.16+073908.3,0.230557,-22.714920447836867,-22.711668369163892,-22.84790372603065,-23.04971633161519,-22.94811700018426,-22.302691686024357,-22.170008892496757,-23.14768533925035,-23.46848834654696,-24.15399998488536,-24.839377656769628,-25.361591147554385,3
142204.63+151046.6,0.2564,-22.357667332359917,-22.375645578724665,-22.570613795798124,-22.76332906148085,-22.86371500516932,-21.96283330961437,-22.284655969509128,-22.976717000078704,-23.370831700814392,-23.990130594834117,-24.27317963615111,-24.919263218256333,3
142238.62+143654.9,0.2413,-21.680987884574105,-21.936041292692035,-22.23428850494081,-22.35104204893834,-22.34755542876067,-21.32203038060826,-21.495843884563605,-22.56027055059118,-22.971312821513933,-23.512437131356883,-24.32837752337311,-25.017275911148573,3
142424.20+595300.5,0.134714,-22.55762705584436,-22.74625170025117,-23.046485194891428,-23.024311016703336,-23.081341512868555,-21.082915922462487,-21.288452907129397,-23.378457456527183,-23.833144880651837,-24.27498228286301,-24.17735368986352,-24.66333554374291,3
142445.56+492318.0,0.180262,-21.760970030939728,-22.06335852009267,-22.393627962452747,-22.50654695232637,-22.514163356699623,-21.357404246903464,-21.589619627561984,-22.650809308874063,-23.07896723446796,-23.653193342273187,-23.987449098916585,-24.52332969850253,3
142613.31+195524.6,0.2133,-23.025021966653373,-23.1021813321545,-23.268799132170287,-23.442500685108,-23.41426543195408,-22.26304249843608,-22.55126851222486,-24.12476770036734,-24.745528906062688,-25.3496832469696,-25.411999075533,-25.94846898513776,3
142725.04+194952.2,0.1109,-23.039383746076687,-23.024112776548463,-23.203470793065947,-23.453141407567653,-23.237304919631715,-21.670655849245087,-22.12717972770872,-23.675466751911475,-23.97159558450771,-24.40112950623273,-25.04324719976324,-25.38520289506539,3
142748.28+050222.0,0.10603,-21.953474499387514,-22.100309782301743,-22.34903797741732,-22.420335593827488,-22.32518767405702,-20.48795138462625,-20.878677338370355,-21.694278865563007,-21.99115730367785,-22.584455398301262,-23.226217115582298,-23.464975855886752,3
142943.07+474726.2,0.220687,-22.714617324260985,-22.8028705281574,-23.06074433754157,-23.31440519517738,-23.12404600937908,-22.560335089217407,-22.700319449748125,-23.75086919318988,-24.116500653688583,-24.633470603532203,-24.98095660662296,-25.547936801403857,3
143129.60+291711.7,0.256111,-21.914565136849628,-22.164597461242604,-22.53463751335762,-22.68632486086187,-22.729191864527262,-21.231162740506868,-21.67375488474866,-23.16726058670782,-23.645949845977253,-23.857998978197998,-24.418317884518164,-25.05865868538541,3
143228.31+631030.5,0.213778,-22.07666150899328,-22.21435151619618,-22.48040917798045,-22.61042918310056,-22.717804587840757,-21.798860088116097,-22.16869239154368,-23.12487340136766,-23.795661665401973,-24.099677913886936,-24.876781887165624,-25.254070447180737,3
143816.80+073553.1,0.1868,-21.470078685225744,-21.806412116632163,-22.16699031739746,-22.288558678793216,-22.24656137760471,-21.369524754873797,-21.764097226326648,-22.457638061280598,-22.934170761704763,-23.35232459768227,-24.21867297888408,-24.746279185008422,3
143940.27+030528.6,0.268224,-21.861962615713605,-22.064916946983317,-22.337211480412886,-22.49450890230446,-22.417326309789928,-21.71729991696369,-21.919163202018566,-22.695920810288285,-23.30158605174441,-23.74322132845324,-24.103802996355476,-24.55467585160909,3
144202.82+433708.7,0.231478,-22.625171544335565,-22.72153185183246,-22.821233857131237,-23.086009164120853,-22.999303561910263,-22.99346893396072,-22.8934535830731,-23.26583433279089,-23.62598192943815,-24.34710209236392,-25.046620791380438,-25.619000581119355,3
144302.59+404525.1,0.246064,-22.982447852388734,-23.168773118342948,-23.401473249231508,-23.50390548746092,-23.517559950141937,-22.747793919036656,-22.923013330607187,-23.80843497665958,-24.110707305171136,-24.511140439804063,-25.14656089222711,-25.691689130270483,3
144414.66+063306.7,0.208456,-22.732616627758546,-22.72823530800756,-22.881239662621383,-23.12308018093914,-22.971687467497365,-21.912024415689416,-21.800600605652804,-23.322014122708083,-23.732869504083517,-24.469078808709693,-24.913869509202925,-25.48054122857613,3
144645.93+403505.7,0.26703,-24.17422747860256,-24.295093852358285,-24.477373016735203,-24.402688921175145,-24.400493065359715,-24.152744024373792,-24.15300429121538,-24.60853008285176,-25.001044902170776,-25.65846762086656,-26.32141541204296,-26.929194537501683,3
145006.93+581456.9,0.315538,-22.907166749945937,-23.1936425876846,-23.489635930894355,-23.61773998727917,-23.744575759739515,-22.144526061709424,-22.333092453050387,-23.39179606733187,-23.713402418445945,-24.156423091049657,-24.836834996609724,-25.447662870379823,3
145335.60+403102.8,0.387148,-22.919773346261284,-23.11839652535457,-23.529284907496287,-23.58575685622328,-23.709216240624222,-22.6669569815212,-22.88945706962664,-23.93365219495189,-24.31980011013021,-24.802048267769703,-24.822756989157835,-25.28777751385206,3
145608.65+275008.7,0.2482,-22.833715646065123,-22.83184975122477,-23.01881357377908,-23.130325825640508,-23.109560679206865,-22.66767331938744,-22.335503068414027,-23.87887125989274,-24.438965506946705,-25.060818815791883,-25.10570184309974,-25.712454645702497,3
145817.42+455514.8,0.285738,-22.846378713585228,-22.95994258854478,-23.09492107920296,-23.214173501126776,-23.342211743409067,-22.547160912457382,-22.759862775690653,-23.5364311909755,-23.990372530675508,-24.52297043019213,-25.075182793751488,-25.65506149754888,3
145824.46+363119.5,0.246351,-22.694411971396345,-22.90862985895635,-23.2377251578147,-23.26840047193331,-23.228384675604502,-22.08471926001264,-22.485467270537875,-23.374819709345463,-23.60992473266483,-24.051263177626765,-24.40639596687296,-24.911565529963603,3
150204.10+064516.0,0.2878,-23.27702914580584,-23.510444571973142,-23.75824981611656,-23.83419244737748,-23.976749201276643,-23.178455326923103,-23.28467828162466,-24.06784495315078,-24.444164597321564,-24.94352422337941,-25.44854416194639,-26.09715958075895,3
150610.50+021650.0,0.135295,-22.405292106678647,-22.550804636880997,-22.791328865264905,-22.91942405136287,-22.90315999279551,-21.261810816747563,-21.77536786851487,-23.283312632350576,-23.847451243474517,-24.24624304415579,-24.75080917729293,-25.16967922424302,3
150715.31+081833.0,0.1643,-21.381870462216764,-21.505121466262004,-21.802859348821933,-21.91126804919879,-21.96458332911296,-20.366943927280985,-20.666790952962167,-22.32717579367486,-22.75463809069352,-22.93745242384353,-23.20719420183601,-23.504038003989788,3
150952.19+111047.0,0.284945,-22.02179318732504,-22.15318879201316,-22.363407789725155,-22.51141326591757,-22.639466532522142,-20.72705722346804,-21.134270860379743,-23.11336748329803,-23.328861485128737,-23.83186409811165,-23.76514935891187,-24.43619686396406,3
151132.53+100953.1,0.281519,-22.426919206654954,-22.82041854144604,-23.25114953010424,-23.48090777932298,-23.53186961007185,-21.65166803627096,-21.92987952095387,-23.89826931873549,-23.92186120697839,-24.23358618682282,-24.57327188974465,-25.128446781951293,3
152109.39+490434.2,0.168,-21.05841006342201,-21.07362726875862,-21.418813875025315,-21.62353643604368,-21.58165726885907,-20.637024521222333,-20.89211409179934,-21.612678377842244,-21.99192895201757,-22.678853464430528,-23.46794112099547,-23.90199069366423,3
152114.25+222743.8,0.1358,-22.44751063786301,-22.622779525476105,-22.8531813693784,-23.0342674732295,-22.978588077760065,-21.91478026161774,-22.21336268574064,-23.3616241416309,-23.98786409368534,-24.56981123839048,-25.28120774524604,-25.65850747184166,3
152139.66+033729.2,0.1265,-21.408386053559425,-21.63446899649703,-22.029010527155783,-22.46368757687077,-22.24679627555961,-20.95863397381591,-21.078190628605658,-22.573739456392893,-22.913620904583283,-23.28352788181593,-23.75419410258494,-24.08722518054033,3
152526.46+450651.7,0.253747,-22.504627765094288,-22.73229555764922,-22.98301315925778,-23.33264528922983,-23.354553820696196,-22.467116608340493,-22.604179783364707,-23.59631375319965,-24.03824789553443,-24.542884878165744,-24.90630128391842,-25.416599427334333,3
152706.74+180610.6,0.2115,-21.973716953207663,-22.176319165560137,-22.53445175354881,-22.58513131122539,-22.71825797960676,-21.27917990172497,-21.661573899965724,-22.651816451477075,-23.12093670167905,-23.36586931553923,-24.26823486384918,-24.67837769190401,3
152727.38+154100.1,0.2276,-22.69654025234525,-22.816220613613503,-22.985790648715486,-23.268618416954624,-23.14539167636377,-22.097327885734224,-22.245461702701995,-23.02576296641248,-23.13611114003354,-23.714298186046552,-24.560896522419505,-24.978499623167785,3
152732.08+433401.3,0.155728,-21.159184934074275,-21.422695094015285,-21.76514867906541,-21.85477200942843,-21.93426336148418,-18.72153165948395,-18.52372310209797,-21.96066247879405,-22.39278621369999,-22.539993521699945,-22.23216952227066,-22.525671430302012,3
152753.80+061018.9,0.1743,-23.02413705353528,-23.14855314597501,-23.42498645233971,-23.81575408666735,-23.52220179920416,-22.68304808861986,-22.817375026479205,-23.979746706739128,-24.13746221791771,-24.640848852237838,-25.06208410432226,-25.400775414019712,3
152757.67+223304.0,0.254008,-23.198540516711248,-23.3950662366924,-23.60697870900761,-23.701957384149875,-23.60538271324501,-22.723282957607864,-23.117418386511595,-23.78337727109367,-24.164661814333183,-24.44195805197048,-25.058372608366703,-25.70810918863618,3
152907.45+561606.6,0.0998,-21.67254932403981,-21.652914898267277,-21.94158176525165,-22.353425839310777,-22.035160858000182,-21.782811182059103,-21.901164926651354,-22.43850588831944,-22.71581341770811,-23.126045170421623,-23.68869838324033,-24.158168269462376,3
152911.55+155655.4,0.2187,-21.84677020408296,-22.01375151401722,-22.223871412906163,-22.32612983520301,-22.3135774303387,-21.411973397164733,-21.52775540409524,-22.5784043406432,-23.03118590611265,-23.680343901466955,-24.609517816502837,-25.1569453473846,3
153941.49+504255.7,0.203051,-22.27805162254015,-22.613142877100035,-22.866004303550504,-22.89477776927915,-22.818021803118228,-21.17357734069354,-21.735795745117432,-22.657935230390397,-22.972072648881287,-23.367635102546,-23.70471323324508,-24.096192290519276,3
154004.25+355050.1,0.163856,-22.004680711036,-22.045179325702467,-22.282081469017616,-22.41758235899904,-22.28622702132455,-21.75037485441364,-21.8911374245441,-22.545145795364867,-22.733192274225942,-23.01175748816937,-23.953108232810106,-24.35380838480355,3
154427.26+274324.1,0.163196,-21.783936493311774,-21.8759198443366,-22.13646822867492,-22.378884217134487,-22.293672206536524,-21.232319141012397,-21.2277861926992,-22.611969881178272,-23.09428874817205,-23.45805240382716,-23.915744819242068,-24.28131553175962,3
154430.52+282756.8,0.231367,-23.283776637092643,-23.31481100100555,-23.48043357671496,-23.62450078886671,-23.57757918760078,-22.972587418484892,-22.95811194627827,-23.78213392076549,-24.000969583279293,-24.464596333545643,-25.010157163540487,-25.45362555673582,3
154458.49+230810.1,0.3724,-23.00965423912254,-23.36231268246651,-23.92729606243116,-24.12582978028627,-24.066729843974606,-21.88129836694095,-22.436943627314545,-23.948412588498364,-24.134559155181456,-24.190345088946557,-24.06274658758269,-24.46316321673773,3
154732.17+102451.2,0.1381,-22.788119966823476,-23.008922892614788,-23.178222069823857,-23.23163365756035,-23.13955770816673,-21.83546051756718,-22.25801815646131,-23.64807225813973,-24.24800274122648,-24.77374599119855,-25.29240836953837,-25.644256243036025,3
154743.53+205216.6,0.264542,-24.502772234729846,-24.651734970037484,-24.748162397340955,-24.88779927808906,-24.973484136711942,-23.90007429988597,-23.87099964807651,-24.60186892540198,-24.81920612262657,-25.364292478901174,-26.2066852389145,-26.7874181257614,3
155328.49+095102.0,0.1922,-23.00745141379416,-22.96319581136809,-23.062411878694483,-23.270260562110494,-23.15404480272176,-22.22485980456917,-22.58063041552864,-23.37537520030363,-23.86913625828856,-24.66213761142173,-25.113882074246497,-25.613321305765822,3
155444.57+082221.4,0.1189,-22.30577420500738,-22.710944234676987,-23.021430806990814,-23.013437752473497,-22.935138146461505,-20.841538432559563,-21.586575728314514,-23.32844045625412,-23.630328658689145,-24.02239178519723,-24.646879791704905,-24.893447317284597,3
155620.23+521520.0,0.226599,-22.448092572702905,-22.423730528177817,-22.69676135394142,-23.01415312089112,-22.9276839729477,-21.628944037086047,-21.666354909732945,-23.328208969574984,-23.630386728813267,-23.980577284694785,-24.263819251019,-24.721688651682157,3
155650.24+080234.1,0.221109,-21.389370433694346,-21.563950441259745,-21.86655394052721,-21.97242407117439,-21.930328372568148,-21.12898882546921,-21.62868320565581,-22.433043457842786,-22.679169796649997,-23.346093057227428,-23.91751839999355,-24.449867597873144,3
160216.00+111926.9,0.1559,-21.820201051808645,-22.021434542061247,-22.243730922630608,-22.416076333860406,-22.37389397585892,-21.09760793762477,-22.08710016319892,-22.92336803165033,-23.58364862543852,-24.266408979847384,-24.91467472166747,-25.298531475226635,3
161047.73+330337.5,0.097487,-21.540013686084254,-21.90512458188575,-22.29350676431871,-22.28490476767333,-22.297101886026468,-21.00890678972265,-21.30694997109658,-22.456293063064017,-22.663382795940382,-22.84168414211834,-23.5303140378753,-23.87241769061777,3
161131.49+592052.8,0.22471,-22.173824749385304,-22.3255244282819,-22.59295972519804,-22.795885991498924,-22.831974574668084,-21.09634504221435,-21.753189511194822,-23.181449853389537,-23.346913179818195,-23.80789612757865,-24.261501966391595,-24.686223294176298,3
161133.46+484810.9,0.284497,-21.473397328886826,-21.63407495285701,-21.96896491180624,-22.22054663144613,-22.435530627922383,-21.12574622704116,-21.317000637233747,-22.740588369868767,-23.364506096912333,-23.48343642715425,-24.00242896933372,-24.55118193892589,3
161217.97+073145.4,0.2068,-21.576627968164136,-21.87824100583663,-22.436009341714488,-22.73263965193118,-22.64496379915327,-20.978871412626507,-21.286865313408168,-22.952501782663145,-23.307386005844485,-23.86334914394736,-24.60090933214285,-25.175098984650777,3
161351.68+172014.0,0.243712,-21.87916350218114,-22.01092255016668,-22.34088358498668,-22.615085273954087,-22.63770556715585,-20.821026695569948,-21.99514231223999,-23.296062821213457,-23.7900951245837,-24.419167832397974,-24.52601817797581,-25.08343113619792,3
161513.84+084914.4,2.463,-24.88054824791652,-25.064387230868064,-25.483989719234536,-25.63484384378568,-25.585740782490905,-22.118524313141787,-23.30370769719731,-26.507700796908452,-26.791821293246883,-26.89108519068182,-25.740831782986817,-25.453050500144705,3
161711.42+063833.4,0.229454,-22.859423982085197,-23.02160786678182,-23.142809858481147,-23.287133345717,-23.19302043457907,-22.09513196827164,-22.071731277486464,-23.33879474398011,-23.69130627808925,-23.988236614671425,-24.05339318645724,-24.67362450794665,3
161723.67+085414.7,0.2064,-22.702588610889457,-22.86133459098293,-23.04346383500136,-23.273961311543317,-23.156914922416107,-22.52571555021248,-22.549224385655247,-23.35409816421259,-23.64947298749981,-24.24785004646344,-25.133744891469654,-25.709423298124303,3
161911.24+501109.2,0.2341,-22.16728627974002,-22.3160596298893,-22.68570510532544,-22.980945070389076,-22.89697813541341,-22.061004380417447,-22.16893704182039,-23.291969807243813,-23.83732122518473,-24.223198494323405,-24.35106781588712,-24.84873102216438,3
161940.56+254323.0,0.26926,-23.38991412161084,-23.55343650837651,-23.8308199566667,-23.86597936598659,-23.91308672505689,-22.757781881811454,-22.991816241549856,-23.93791729347433,-24.489014036423704,-25.127461651776983,-25.566831707652664,-26.165361399743254,3
162054.51+502752.2,0.2647,-22.71471552104204,-22.85282476506892,-23.06124277820836,-23.28687839760919,-23.360524709214516,-21.88609956343844,-22.450025763432848,-23.4011582619653,-24.03549350135396,-24.251940102588275,-24.94946429172026,-25.445587103583502,3
162552.42+562729.8,0.308,-22.642986092182447,-22.87292530955244,-23.190876083869124,-23.293053583551856,-23.38368667118873,-22.15846478161242,-22.359602036801498,-23.13810934494374,-23.796632979135325,-24.10914697804404,-25.12477253864314,-25.5642280211896,3
162607.24+335915.3,0.204794,-23.12644583314257,-23.33915898426368,-23.52057258121381,-23.60317424467872,-23.53964629426344,-22.78804954296677,-22.968289499649483,-23.902465732050125,-24.60704479008937,-25.113854853317516,-25.788369071850333,-26.295728776573675,3
162741.81+535843.1,0.192698,-20.39066235080306,-20.92924538267395,-21.353420955076828,-21.464842922309987,-21.503952834524544,-19.84420688080832,-20.28576815260892,-22.01649896549513,-22.292264500448585,-22.423773082531927,-22.73340449389939,-23.249554997114643,3
162901.30+400759.9,0.272486,-22.09254174143427,-22.390181446159364,-22.69577712965456,-22.7379370656433,-22.83535248108576,-22.041869717442857,-21.980287860777956,-23.04452021633069,-23.21968929309079,-24.024663629184182,-24.46121975541059,-25.11429184510482,3
163051.74+471118.9,0.270524,-22.963440806784103,-23.111021323209496,-23.39612837363129,-23.55178187528286,-23.578608325772866,-22.892412064472914,-23.13049097036204,-23.685561267068408,-23.988821387566865,-24.682330767159893,-24.972816054472297,-25.600709739653738,3
163111.28+404805.2,0.257836,-22.90056639023188,-23.01772245924152,-23.151444178839064,-23.23680590759408,-23.29653412157424,-23.095150300590756,-23.129212529025168,-23.12404518669935,-23.485628126589035,-24.00594872106648,-24.900653356144367,-25.557161761740357,3
163124.42+295301.5,0.254492,-23.04078127284018,-23.172687309051632,-23.377712236219093,-23.56320751030088,-23.67448401172528,-22.722939846893247,-22.99668898570356,-23.840567768186634,-24.155735176327934,-24.63886675885857,-25.128842842612848,-25.71985186303575,3
163210.65+215033.3,0.183,-21.64151159842331,-21.766252318725524,-22.09334333737875,-22.35344375781772,-22.353097476605523,-20.497999599733795,-21.105154987298697,-22.57867582219323,-22.992998190227134,-23.33310796743308,-23.61131251781752,-24.106861737432663,3
163235.08+203941.5,0.191658,-21.32406093905313,-21.53033630636125,-21.8283283003514,-22.015292666003266,-21.923628671079847,-20.98751203465919,-21.06872661019281,-22.068116381682824,-22.1313045500764,-23.000185517933293,-23.88121810544568,-24.40227307316975,3
163631.58+461704.3,0.251671,-22.036280738235074,-22.19975420043688,-22.45103833197355,-22.57791058298637,-22.613116297316346,-21.921558720933128,-22.084452534681507,-22.88927638590254,-23.577679615078598,-24.278248571620967,-24.86252081830638,-25.44508947923129,3
163821.99+402413.3,0.256772,-21.368546810459783,-21.47946669226522,-21.82422735928577,-22.213375134831477,-22.258108786308625,-21.77014082142794,-21.2881468379148,-24.0461996529009,-24.143948104951026,-24.02100691958593,-24.09987420554887,-24.509428839006592,3
165551.37+214601.7,0.153555,-22.6033268710582,-22.8472776300162,-23.22885887614709,-23.49988216218241,-23.28961041430832,-21.660915822286555,-22.20717427093272,-23.49385650456164,-23.894636503067307,-24.44598409997655,-25.24518986734384,-25.622843077538285,3
165929.80+424605.6,0.173816,-22.25445889346476,-22.484413928549632,-22.718826973625507,-22.73947941322568,-22.743065014277985,-21.720444804181824,-22.29731376483613,-23.299176009595463,-24.07554826357641,-24.732718668678466,-25.35038553097173,-25.87750014385256,3
170231.06+324719.6,0.163316,-23.09467710168297,-23.310231798805223,-23.56422356087834,-23.6265486347735,-23.610518053684764,-22.349539771306528,-22.858489142416467,-23.842256065324325,-24.418082159141363,-24.95281955606975,-25.791997371522097,-26.109758155807928,3
170302.88+191034.0,0.290798,-22.704448845434,-23.036914683998827,-23.29240369889571,-23.38170954070839,-23.48060466917653,-22.339626500346785,-22.5341803974888,-23.588548521182855,-24.01870917121595,-24.538660296148425,-25.23950165063148,-25.81524680008504,3
170306.47+452557.2,0.170409,-22.075705106501676,-22.190240235165103,-22.442443446168728,-22.51130304572738,-22.46743299713224,-21.33448661165304,-21.805462217167516,-22.894843982078807,-23.368419065976365,-23.87894963740124,-24.302293973693164,-24.71255447997573,3
171046.76+321946.6,0.327266,-22.439537104098584,-22.767115540685783,-23.14453485533692,-23.38507148881528,-23.490676389255235,-21.62610769374253,-21.95879434321637,-23.527762886356467,-24.135543798337658,-24.554283173462093,-24.88927716060105,-25.54841297442264,3
171446.18+400755.6,0.178081,-20.39354786241164,-20.800171911079524,-21.188688382676315,-21.27609760108457,-21.32640160460843,-20.169499223416203,-20.194389921397686,-21.31243567518386,-21.98145685057867,-22.585860805774143,-22.590103614534463,-22.99532787742661,3
171902.29+593715.9,0.178495,-21.687397569776444,-21.851625655811706,-22.13984164346728,-22.253893570033327,-22.29297171685539,-21.07896075804973,-21.34449201525066,-22.64060493418,-23.130760071401003,-23.489286344134992,-24.25018094751461,-24.831214638670573,3
172634.26+360832.9,0.151116,-20.854644237673007,-21.440198137114635,-21.95232261523411,-22.088624703977416,-22.137831468894845,-19.727461257494785,-20.224358730313504,-22.523447476220696,-22.956374775291668,-23.161739769049134,-23.607432297606184,-24.09789343561424,3
172711.80+632242.1,0.217789,-22.411146659259835,-22.68972944333054,-22.91546131173482,-23.041765707644124,-23.113423826580213,-21.63896971462822,-22.00346694087579,-23.40178549338242,-23.64673533897865,-23.91657181078843,-24.13498348344056,-24.525295975883072,3
173229.43+564811.4,0.303373,-21.891263578923844,-22.105907207842865,-22.419072428024453,-22.556996756300453,-22.773773549371725,-21.50775119359057,-21.52934044092467,-23.011323311775783,-23.12502633796505,-23.68616742712924,-23.94049684778329,-24.41463953060244,3
210522.61+082734.0,0.239916,-21.274183489514677,-21.45189427097533,-21.810755520307204,-22.02867023892436,-22.117781398735502,-20.707910818894863,-20.86103195243772,-22.62543925629415,-22.871409093556785,-23.46318836016333,-23.929554336108517,-24.276848322317928,3
211248.45+023605.8,0.147466,-21.579023240932056,-21.60274927476047,-21.889413420953385,-22.351377688953825,-22.20033947283195,-20.839730778458765,-20.830624754853783,-22.395972921098338,-22.532107369157497,-22.99026318837531,-24.16496056536298,-24.33113213914015,3
212347.83-082842.9,0.218364,-21.66275005871629,-21.78019724503081,-22.11974220315816,-22.325552378427997,-22.242121279192677,-21.040564680735752,-21.349700336240407,-23.041459962218664,-23.40415826794932,-23.936556941771304,-24.295357733028727,-24.809934162060788,3
215101.17-083716.2,0.122064,-21.293539814555064,-21.39040756807409,-21.651417506295797,-21.83397500134099,-21.86597171644373,-20.379091825487645,-20.65776953772608,-22.363120192440437,-22.98788196818417,-23.472566464734616,-23.927593037154374,-24.243721899570197,3
215408.71-002744.3,0.2178,-21.49559384398337,-21.908871352218323,-22.386944119690195,-22.61584086979114,-22.69857459719953,-17.823116335159344,-19.926116141051512,-23.079893741832592,-23.6453481096104,-23.96364259353261,-24.15668949951329,-24.549115988749342,3
215516.13+003250.9,0.278325,-21.656523806137177,-21.98844791362215,-22.43232764452471,-22.619300853060725,-22.782923479802605,-20.983106092685748,-21.31490784821333,-23.149340068322463,-23.58360874918756,-24.02265309714934,-24.49231809258657,-25.00946041529497,3
215607.38+044207.6,0.286578,-22.67845182764001,-22.72218123959195,-22.92713308349011,-23.04594580942625,-23.16772088107099,-22.72320196807617,-22.71807015915897,-23.41586608148408,-23.8879060120458,-24.530153559084475,-24.84827457408285,-25.393636568187063,3
220108.56+033150.7,0.301942,-22.42410997636724,-22.56573121926418,-22.77920069765844,-22.90598725973021,-22.950578046908028,-21.85064655982065,-22.021124593076607,-22.959314709622006,-23.40624552722103,-23.44108859097202,-24.43319136470657,-24.90123841930829,3
220153.00+012956.4,0.192927,-20.914584854201586,-21.1960775764514,-21.500724829619813,-21.68819601566881,-21.64089494560988,-20.25357047694343,-20.613065581330492,-22.16332993319747,-22.56439963697736,-22.882200495880525,-23.565371857002265,-24.035891713326933,3
221116.28+255252.2,0.205822,-21.31147683125383,-21.41614761338704,-21.783490391341445,-22.01074368919953,-21.968165728003044,-21.019871444768576,-20.867298160920424,-22.359653328409635,-23.08307181336864,-23.512604297300125,-24.07293508048546,-24.608004326969446,3
221217.12+035040.5,0.214285,-22.22495390300264,-22.31246174387067,-22.58747986586648,-22.76792644293424,-22.70620398042196,-21.87529334764244,-21.89075714861292,-22.414325141451556,-23.029110009885628,-23.47667144349137,-24.62109124127885,-25.13844855452852,3
221223.17+293104.6,0.246692,-22.28704313865715,-22.61554638171187,-22.997426239936065,-23.15789560810668,-23.15747460888717,-22.008537370875832,-22.138476575734984,-23.747363594471995,-24.04694384666938,-24.70374174591544,-24.929338248858876,-25.45793433550724,3
221924.81+022428.0,0.285251,-21.8859145592284,-22.065593943137,-22.409137244855103,-22.5927512779375,-22.50193048518885,-21.241732410628664,-21.424199122712327,-22.82474126220097,-23.06148354294377,-23.08840808225493,-23.251405100630887,-23.733033169288458,3
222203.73-092712.0,0.173042,-21.45711000221976,-21.687758309891205,-21.981498763698493,-22.231989913476752,-22.048263947146356,-20.94327213374449,-20.78805227800348,-22.30324125266124,-22.22370860932703,-22.65603551619124,-22.88758508338585,-23.33700650233838,3
222532.92+194802.6,0.211996,-22.02843901124943,-22.472676337423408,-22.7603926048038,-22.848711466477763,-22.924434595556686,-20.54995508663777,-21.01208764024966,-22.770196905745244,-22.806004649120645,-23.449549934818084,-23.842601935526645,-24.38881853464385,3
222537.47+225926.4,0.171743,-22.02872483758637,-22.3159844776107,-22.648049771645265,-22.754802343029173,-22.71129461376631,-21.54733985384557,-21.82596858050024,-22.720292651272537,-22.848789988220407,-23.15801228567038,-23.69855984893077,-23.949006801931343,3
222632.66-005717.7,0.168756,-21.33281311544405,-21.48584388062243,-21.836508666830376,-22.01383905753065,-22.03414108124728,-21.255125259746304,-21.513283450888625,-22.391591832844192,-22.95055388699352,-23.40966118508989,-24.43449745975252,-24.719462153695204,3
223604.29+053548.5,0.238102,-22.03327572419174,-22.192235976834468,-22.52320391834653,-22.780880384594784,-22.77240466196789,-21.71403223475032,-21.731994352455526,-23.028936796419373,-23.25465085592757,-23.71051461261513,-24.49007866678319,-24.96724497219008,3
223607.68+134355.3,0.326479,-24.279322738526595,-24.36144387430865,-24.51689398924625,-24.541860196801604,-24.52582214309772,-24.04969035991221,-24.194668188532216,-24.32613322945913,-24.605614032315103,-25.207959261306577,-26.17996041949207,-26.916451735829916,3
225025.34+141952.0,0.234806,-22.70969354869926,-22.959496429183737,-23.34437614247557,-23.37583455573729,-23.435347809940296,-22.191740402060965,-22.444320664324025,-23.77913614032231,-24.10910783685397,-24.463410382754915,-24.93442040187262,-25.38492618468156,3
230803.20-013729.9,0.202194,-21.53022240319031,-21.49409950521037,-22.02125867107672,-22.5362037716042,-22.19265081365057,-21.50921773922185,-21.755775015592867,-23.172065061921558,-23.569210595257665,-23.949588228742115,-24.429940071979555,-24.975054064745628,3
231032.26-010115.2,0.353,-22.12799896218551,-22.4610739539065,-22.87289143864117,-23.03306474367917,-23.03129101567004,-21.504212512194552,-21.774836203150805,-23.3097035627822,-23.40794266046871,-24.1628958930193,-24.162206675127685,-24.707536261140607,3
231240.03-083919.8,0.158582,-21.147534983520224,-21.55521449076104,-21.918889473569912,-22.19609405288512,-22.08922575543636,-20.34485039642921,-20.708318861183347,-22.71138664881285,-23.048569528052795,-23.39256076243189,-23.539267619876053,-23.90961112481792,3
231411.55-002148.8,0.079732,-18.35431745696428,-19.006764685690637,-19.506763304660428,-19.50969201382244,-19.57051359481957,-17.89315278190728,-18.53674004626032,-22.74822552317568,-23.03924870683804,-23.05821750024176,-21.48480989671493,-22.01404713884511,3
232517.08+243812.6,0.187338,-21.277132874496058,-21.60749381741616,-21.980033117892503,-22.048849862483227,-22.057881702188837,-20.274172812452917,-20.537516318600435,-22.702801960395284,-23.22322389072576,-23.488428557114453,-23.272288807575965,-23.65337766047875,3
232525.32+000352.1,0.338237,-22.21125220857474,-22.367300126573895,-22.621850895351727,-22.753747330169173,-22.918196258742967,-21.867956823143192,-21.994571033548198,-23.391814364707766,-23.550136441900364,-24.00978603642625,-24.074758560069355,-24.7101037804001,3
232800.95+214838.5,0.192028,-21.28412039650878,-21.54719949789942,-21.869889370666318,-21.90221311659277,-21.900610893746435,-20.30343886351584,-20.778362455099803,-21.500110526047724,-22.28299153163675,-22.23027449437189,-23.531370132893983,-23.96032560824964,3
232932.17+043804.4,0.222125,-22.859986542480527,-22.98217942963608,-23.20426661181892,-23.33129730678385,-23.28065365145681,-22.215626496866616,-22.32687037380843,-23.30269532254896,-23.57715002494276,-23.936202262905816,-24.45252684904025,-24.88594993177872,3
233128.57+260556.7,0.22068,-21.35658012733307,-21.541709708713466,-21.918535185087368,-22.045879216367545,-22.074483947133388,-20.55557378015344,-21.0373034853426,-22.14959346586581,-22.697795005446967,-22.851952804279307,-23.553038164121272,-23.92211702739079,3
233149.48+000719.4,0.367616,-22.145741102011897,-22.3272855138909,-22.66397110409623,-22.82370512721172,-22.827060385231203,-21.213568219548648,-21.556630599061062,-23.01196162399575,-23.35413141130428,-23.860943947140598,-24.246515612645645,-24.68840593944644,3
233712.05+250214.3,0.241549,-22.16048664156452,-22.259654867202222,-22.59199787773341,-22.829503704245298,-22.938679396644527,-21.61336461465825,-21.56231209720526,-23.47454814596945,-23.76990268174326,-24.36108787834697,-24.43350501677486,-24.978110922456416,3
233811.42+211747.5,0.212471,-21.424692614535488,-21.736317381802124,-22.26968211497569,-22.50010395399611,-22.48863524995729,-21.01366736109231,-21.13472155114845,-22.7003399224995,-22.943246954730995,-23.44457548372818,-24.10630614178219,-24.70149933036545,3
234141.50-003806.6,0.3193,-22.11153329764056,-22.498361771397803,-22.98618325121576,-23.222829595230337,-23.20698335562648,-20.78864378619079,-21.29195959710498,-23.56035665666389,-24.130131869523463,-24.370591167770595,-24.651420104938133,-25.15178863077425,3
234433.08+260038.8,0.163105,-20.964528447405108,-21.20820009369258,-21.58069760849141,-21.721205234721463,-21.696268843911923,-20.33817751787363,-20.80164883751885,-22.262181667383047,-22.42216883067167,-22.646521595133223,-23.2501960615231,-23.68686460902118,3
234728.73+242745.7,0.157114,-21.964245908782893,-22.18259772603621,-22.55799998341355,-22.864860189022536,-22.76035060465328,-20.538561607533683,-21.137330097056186,-22.73068018791505,-23.11334291372017,-23.60851244259825,-24.351787701809226,-24.78048509549605,3
234802.93+214119.5,0.248463,-22.1792424064732,-22.166139073902816,-22.400444249216456,-22.603411078421463,-22.595447037140605,-21.779469897120133,-22.22610109496739,-22.994395642291888,-23.54466982609707,-24.25039861195401,-24.61688353316409,-25.23675288302188,3
235511.96+320934.1,0.192424,-20.82324355591967,-21.12098885673405,-21.63412878074707,-21.72048491006316,-21.803746052077933,-19.869270066488163,-20.24667788306255,-22.22633525455661,-22.78902977497916,-22.95405017122297,-23.15789060773058,-23.60745229133843,3
235651.40+151848.0,0.199311,-21.2832309183991,-21.57083221112412,-21.87447935079377,-21.96989122890936,-21.909468952650027,-20.6923179649796,-20.87733865630798,-21.99362019690565,-22.28521056152101,-22.88547400758467,-23.547018218604244,-23.98598928383268,3
235941.35+120520.0,0.203181,-21.566561941533045,-21.79581109072883,-22.12563504419616,-22.339767287122868,-22.304875348892608,-20.808086972901243,-20.96745281157241,-22.78139628096554,-23.11055680343927,-23.61509080311912,-24.13286923485256,-24.52196677037577,3
000133.34+052921.1,0.250353,-22.569217096685744,-22.836959311754335,-23.12879454073847,-23.24332215871193,-23.192912425029224,-21.82227346315774,-22.07413840269068,-23.2126145110616,-24.475264290216668,-24.156355726145293,-24.903662525885053,-25.499566943900383,3
000202.62+085628.4,0.215246,-21.13550036659925,-21.563299751838336,-22.13947241038147,-22.30287641042632,-22.38094732862689,-19.396186587534014,-20.58175763157426,-22.66159735535182,-23.11435701889217,-23.418456336042656,-23.663987303507746,-24.02989754832901,3
000410.80-104527.1,0.239933,-21.77309332357947,-22.10734482423742,-22.480147635559646,-22.635554477129872,-22.739258794648315,-20.86387781645205,-21.35168863471281,-23.08460983781718,-23.601016711786315,-23.95902003245964,-24.203440601188717,-24.519164742197784,3
000547.54+020302.2,0.233802,-22.778157754256085,-22.809251459664637,-22.95744854803993,-23.153951462682727,-23.047077745411624,-22.369876234483268,-22.459108049801213,-23.27118944467725,-23.6553555610233,-24.364594441658397,-24.74779061072529,-25.2769919935638,3
000834.71+003156.2,0.2632,-22.451673786774688,-22.696093589919705,-22.945470289891592,-23.03374631087793,-22.987767013200983,-22.098089668494303,-22.514915241779907,-23.211577605440954,-23.25709581547733,-23.60941116926287,-24.24715839720313,-24.69745704315812,3
000904.54-103428.7,0.240871,-22.050676956241503,-22.225504952818834,-22.369389108671587,-22.553976819741987,-22.533399542353404,-21.389285511124505,-21.328328974985634,-22.745907783400494,-22.99237924211017,-23.459517886230987,-23.34490901549497,-23.864691737079173,3
000928.48+013659.5,0.232539,-20.38782530684309,-20.70796015804108,-21.240241824371893,-21.37593801129509,-21.43890790458203,-19.435061540064535,-19.9495066577076,-21.609312797763504,-22.11503168294469,-22.75551043562165,-22.98504248834449,-23.442134580358186,3
000934.85+180343.0,0.309673,-23.6408571758988,-23.81830334211057,-23.978369662317707,-24.092382998226903,-24.22269222971237,-23.533037830362925,-23.33185900748888,-23.903559932287337,-24.08334285113293,-24.45825643510168,-25.41370156679041,-25.96319748980102,3
000943.14-090839.2,0.209835,-22.067307399899363,-22.23366784569345,-22.519934488439443,-22.713607857803567,-22.734358897626617,-20.76548639818717,-21.57123103386411,-23.205180490548248,-23.56657314082981,-23.97294021470771,-24.35060394428608,-24.767579759194494,3
001224.01-102226.5,0.228,-22.4552064418736,-22.697817284198024,-23.08764195442696,-23.341627863408867,-23.289840611500345,-21.92780872283588,-22.11674657831932,-23.51386831180872,-23.836131108824805,-24.275138214724457,-24.78726350041004,-25.251463080865687,3
001811.20-020144.5,0.796031,-22.748997900920287,-22.948106610377845,-23.369673618202278,-23.597242590189577,-23.7875156653879,-22.25238358972808,-22.53634258180586,-24.336909014686448,-24.773317103400228,-25.183652457058287,-25.502808184559303,-25.907516222800385,3
001822.02+011901.9,0.162047,-20.961464894500157,-21.10207846606965,-21.3767343752173,-21.61539654771263,-21.613196943770006,-20.796267296522288,-20.83866920688287,-22.09039661044363,-22.63117616437402,-23.028792341908023,-23.294657292066407,-23.712746465400816,3
001827.79+294731.2,2.053873,-24.136950350312325,-24.45654170521817,-24.94873720241451,-25.122593552885174,-25.328257078007905,-23.25124634085156,-23.772785250570355,-26.39615149144806,-26.825869022182403,-27.278198351950845,-27.011936955033157,-27.35377201003909,3
002033.19+022852.7,0.255401,-21.096493837026514,-21.22750435464554,-21.5429740993466,-21.821797577257183,-21.977013940132863,-21.110528257490884,-21.06558617285042,-22.467740038460573,-23.18153378262107,-23.14554714239042,-23.073961217222383,-23.52292661046025,3
002335.06+242126.1,0.205145,-21.921127292262305,-22.0525496413282,-22.307365320153828,-22.47708624199613,-22.46499691380631,-21.713370863165483,-21.772605701400103,-22.868860376639244,-23.450146969075263,-23.68231343846907,-23.90585089464552,-24.427386545741104,3
002341.00+070554.2,0.212519,-21.35200876779842,-21.487202494721966,-21.83510815471482,-22.049758099409512,-22.01503569544189,-21.309983933872573,-21.39962866848334,-22.54128497367972,-22.69765281685435,-23.1680448604478,-23.82580132434256,-24.2545126139741,3
002453.19+065648.4,0.313473,-23.46939412523212,-23.805877279094872,-24.130552864179915,-24.31444278858518,-24.338827020953097,-21.908236657331862,-22.698122813694344,-24.1427251748822,-24.64976913204996,-25.246484304717708,-26.05595520174012,-26.63431209142069,3
004046.16+185424.3,0.15536,-21.512781989994807,-21.54923375737813,-21.86777175004808,-22.19682795786653,-22.01078016353565,-20.85978760274179,-21.303713640989365,-22.36771575978251,-22.75277450767094,-23.410149648998303,-23.896910096267767,-24.39865421319225,3
004117.06+294151.4,0.200317,-20.632294265999462,-20.82230950289708,-21.211956068115786,-21.442512167856066,-21.475342917640184,-20.19143612512544,-20.276183100395507,-21.37031531289291,-22.143446891297867,-22.74610085383705,-22.95715546524536,-23.50588380517693,3
004151.99+181617.3,0.144,-21.172328561834195,-21.349583034782253,-21.7083932969622,-21.975334891300783,-21.856122984720407,-20.612554553356706,-20.604154392854632,-22.34264152390376,-22.567945753897074,-23.104024600681445,-23.383732457936475,-23.819861873353425,3
004222.18-055823.4,0.201701,-21.41589393370392,-21.805279167654525,-22.25650832464953,-22.35573355061525,-22.42091680168049,-20.096043613421976,-20.37577050269981,-22.51965235529705,-22.82107472556452,-23.252507907327352,-23.617501148540757,-23.900216613188856,3
004424.97+121318.3,0.369134,-21.375216393549444,-21.818207862046798,-22.35513150983984,-22.56201360764953,-22.719052816913248,-20.0231944975774,-20.977535523897824,-23.396580179804573,-23.90503452180809,-23.830421451607783,-24.22361695337536,-24.782359102515755,3
004517.40+072355.4,0.266302,-21.354629500234008,-21.682107090419507,-22.016883843468943,-22.16162965832784,-22.10051894639446,-21.05428397413472,-21.20755220471473,-22.4272513651536,-22.46092142629957,-23.175994461863144,-23.130759063544957,-23.52726533308213,3
004519.30+212739.9,2.07,-25.6090605364464,-26.011857232230224,-26.57721024475158,-26.75314580106804,-26.995762706302894,-24.470419640140957,-25.17902553819529,-27.67856868659647,-28.179344610196047,-28.34803548299081,-28.811550895517712,-29.18423522274497,3
004607.97+090720.9,0.237722,-23.305349623151827,-23.443858303631245,-23.6536183015386,-23.803344041332213,-23.747114825962207,-22.14053896168294,-22.417210964954663,-23.526574449777566,-24.099919497679693,-24.605187109116702,-25.735484114897133,-26.263061032642515,3
005028.90+251847.6,0.274433,-21.483671844092083,-21.908767847210477,-22.178380684151744,-22.416472292638893,-22.46213242183764,-19.30999257036003,-19.555251361882707,-22.61423838551693,-22.767243174226863,-23.46983624481721,-23.36324175762988,-23.847510990014023,3
005034.75+331448.1,0.181452,-21.72471239819956,-21.873357201236608,-22.151654993071254,-22.373302813614888,-22.286947053185063,-21.399323139568157,-21.6019741447362,-22.499132890831383,-22.992293553477573,-23.37148054511601,-23.72374360161595,-24.110168155075364,3
005036.13+040924.2,0.24568,-22.193185056427374,-22.458986002604465,-22.730761779639,-22.97010618664532,-23.029261564017485,-21.26151439568252,-21.602813190463067,-23.335243077597248,-23.784392529862803,-24.233932266452992,-24.64890742032526,-25.154134570917964,3
005224.31+062457.2,0.293198,-21.86348534307632,-22.152706836685763,-22.42942189734838,-22.59092890931888,-22.559099774428727,-21.141866195008955,-21.57467233475909,-22.736708038916746,-23.2072749159854,-23.09705621591329,-23.51302974374248,-23.988738338847057,3
005328.81-085755.1,0.259037,-21.91789574700618,-22.27377280846622,-22.64165811765693,-22.83499218791893,-22.93456937327927,-21.768063657175706,-22.00653132278728,-23.22581786226593,-23.41907454385856,-23.84080323357692,-24.040840679195085,-24.572853969828483,3
005350.78+352948.8,0.191223,-21.39817887258112,-21.6734085993572,-22.102160130823616,-22.196277029138468,-22.13627418034343,-20.106238995101016,-20.94508855016089,-22.165034098745007,-22.71029360070967,-23.36093391653489,-23.72705082999812,-24.31401581502839,3
005709.94+144610.1,0.171875,-23.49957252994277,-23.637338576480424,-23.87036549740883,-24.060490582908013,-23.997869546098244,-22.226841524317805,-22.65887589869889,-24.34646686396846,-24.85160265858186,-25.444476447170377,-26.14208222779797,-26.594339150345675,3
005921.07+213942.5,0.18505,-20.887804988045332,-21.202522291380355,-21.63343707082407,-21.674483383590704,-21.88486857907907,-20.41342413273504,-20.78094405435009,-21.869316355249328,-22.327178541805758,-22.654346558414943,-22.747396790254346,-23.11683660690636,3
010000.47+191153.2,0.299382,-22.734986483480508,-23.036682921119503,-23.40298843452972,-23.551763052609974,-23.57816802024722,-22.301133686494367,-22.54285124379497,-23.466744741427576,-23.846491779148355,-24.66227321632056,-25.168571527252823,-25.791584429704915,3
010226.31-003904.5,0.294,-24.03602447825669,-24.22411779748188,-24.408272914414702,-24.447372467509403,-24.4806361908964,-23.435689383467302,-23.462180074436507,-24.504555300933653,-24.83750666644493,-25.375028602212485,-26.11551817450507,-26.78738958845108,3
010450.12+032039.3,0.292682,-21.88847813173011,-22.162309415260115,-22.44566618703596,-22.609674353656604,-22.53583330637788,-21.409480716426746,-21.731367364349197,-22.742744504176937,-23.334086500251896,-23.506567269588423,-23.96512029872032,-24.579958329235957,3
011254.91+000313.0,0.238749,-22.5649156422148,-22.59566602325785,-22.717663250900426,-22.88821760504555,-22.864461693807566,-21.78620646868596,-21.85293557564083,-23.053048032391438,-23.40283710884178,-23.80960070589111,-24.247043893599454,-24.72752785158139,3
011626.21+060414.8,0.204804,-21.922986662384165,-22.088493101924016,-22.36638208981548,-22.545565120165254,-22.557242150644157,-21.19621916232302,-21.373699977324534,-22.759724906092032,-23.21172441280073,-23.596005042172447,-24.08896130251596,-24.54763331501921,3
011817.79+330433.2,0.148076,-20.3655670389179,-20.857435953981867,-21.29952870077716,-21.451649726870947,-21.357900672208864,-19.48644742251667,-20.095623348070543,-21.74433973026916,-22.381780279362435,-22.60724543880572,-23.04787224662632,-23.451162646168644,3
012046.10+154239.5,0.242579,-21.896333128147763,-22.091159083955827,-22.361754133732237,-22.597209814430187,-22.65767503009485,-21.70082191944053,-21.95794756423736,-23.03421610767092,-23.45583265771065,-23.703893686138525,-24.30873816972769,-24.82847123790232,3
012116.76+250117.9,0.259202,-21.77826610221064,-22.069253724662158,-22.452991222583574,-22.59904027419412,-22.71214578334182,-21.11485057916124,-21.458569011628363,-22.71883168262696,-22.989508631218893,-23.10356227692856,-23.65462090061656,-24.20808279177779,3
012427.47+023812.2,0.305373,-21.55075810144231,-21.91096694757588,-22.273024049228862,-22.37901177057909,-22.49523361480137,-21.116574147407864,-21.43888555407009,-22.53255551067121,-23.29476947607661,-23.748245926731304,-23.95681558475406,-24.60219213384838,3
012922.45+223110.2,0.231172,-22.20743825634873,-22.381781962194594,-22.66010350084499,-22.909893910222465,-22.94933058418272,-21.584010761210923,-21.94443776325375,-23.53284972851534,-24.039770761307555,-24.6405642766009,-24.72665206260048,-25.27021908095286,3
013343.24+035735.9,0.25631,-21.71494547933615,-21.85115906805933,-22.109812002938945,-22.229706989831453,-22.31389202393676,-21.464703323121565,-21.440978675142365,-22.488256663774926,-22.74601961041649,-23.434648966444847,-24.118248383087384,-24.61766921185833,3
013803.57+304026.1,0.334779,-22.129976936519384,-22.38650256307405,-22.691166866405805,-22.790686781553305,-22.88297163369106,-21.713965798486917,-21.908440089846152,-23.018281914665803,-23.392755218114413,-23.93438059701858,-24.40552143309104,-25.095547911993133,3
013809.54-010920.2,0.274,-23.33149709036821,-23.492017964345266,-23.75239363619477,-23.79514649912234,-23.78959960509527,-22.743130790327488,-23.10984389135437,-24.090373758031216,-24.73580461923617,-25.48635373941889,-25.881362601899227,-26.518700241708995,3
014219.01+132746.5,0.267085,-21.50104806841184,-21.922232205496314,-22.39946177120714,-22.62752263366856,-22.78410538043464,-20.10652307081836,-20.494149299257263,-22.812165175278917,-23.190405641150782,-23.41051237425953,-24.32458673871471,-24.778274773197754,3
014234.40-011417.3,0.245,-21.11918184363979,-21.376166149727148,-21.74861936632192,-21.95834165758213,-21.916061918752696,-20.612203718183597,-20.79098892415139,-22.508595069372884,-22.56845131925971,-23.13992669452595,-22.73592421281536,-23.242732361885157,3
014302.55+222610.7,0.256917,-22.209344438463333,-22.552527747524444,-23.058176589431696,-23.22809241975961,-23.349542985448146,-21.554182581738967,-21.800765849808133,-23.62429035455322,-23.875189728021653,-24.3145424951446,-24.80354655040791,-25.362336325703925,3
014349.15+002128.3,1.323433,-24.070163222703727,-24.22817344754949,-24.595264390919937,-24.834250584977312,-25.027288143346095,-21.84086597275867,-23.87914537402824,-27.97189571159256,-28.06118294132169,-28.064791572296787,-26.85129643217188,-27.36064972101613,3
014427.55+194806.9,0.261367,-21.41690157406786,-21.70913914090267,-22.08169526915966,-22.24291990306532,-22.28682547385512,-20.87139544928665,-21.22318630566274,-22.142614934091963,-23.06372950921331,-23.149487378834763,-23.49993418365988,-23.9920598125008,3
014712.48+332011.4,0.339777,-22.6568580679862,-22.848020027973707,-23.19370444997945,-23.28879238503533,-23.38707746825489,-21.27209973637027,-21.934532542938875,-23.491833943972235,-24.120267191717847,-24.45801721631855,-25.45871520413666,-26.016158072862016,3
015356.31+305306.4,0.258576,-22.70315845779425,-22.973543980751185,-23.296217309783493,-23.322219243843005,-23.334096796269183,-22.298358638639943,-22.636371969150417,-23.388047025507003,-23.75266323267728,-24.400820985921484,-25.08122717734121,-25.557209667661617,3
015530.02-085704.0,0.165,-22.135011611997392,-22.29819180501102,-22.62446291658521,-22.960779537550177,-22.849841819237295,-21.80544333348292,-22.10816664793144,-23.650171672060765,-24.3014128929168,-24.81853136181293,-24.955584290335903,-25.2140053177238,3
015846.95+174323.7,0.349417,-21.961235409974936,-22.142229222646108,-22.65012183261457,-22.82052332556424,-22.943735213335763,-21.34008301843009,-21.62049967987176,-23.260589779278696,-23.844599380517614,-24.151436433402264,-24.52937131257675,-25.03372187298872,3
020127.32-032735.8,0.15891,-20.5370669967584,-20.863794188113364,-21.36309115623479,-21.58048732536851,-21.652771276921897,-20.02537474099864,-20.235336036029704,-22.023551114001663,-22.39010254737252,-22.622195210994438,-22.766193061662843,-23.127112327531147,3
020151.52-012722.9,0.263966,-21.458314589205067,-21.96446192570197,-22.478064051534304,-22.64846539401452,-22.698748446295063,-20.477920222244204,-20.964141093312456,-22.48094511658142,-22.970785664222092,-23.315398302872666,-24.269593559962622,-24.887845055468933,3
021707.87-084743.5,0.291656,-22.60474836748024,-23.07872687193293,-23.493471390679765,-23.671538775234733,-23.558651768145687,-20.919319847413004,-21.998039183139568,-23.84596978511176,-24.12814100872356,-24.619211178111467,-24.956978641516585,-25.499291136772023,3
022012.23-034111.7,0.166,-21.06478224245002,-21.412851127627714,-21.94880348107693,-22.120316946255123,-22.10983611319072,-19.750182871579824,-20.273324109027897,-22.45325587290634,-23.08232486753664,-23.4323677268283,-23.9669602984155,-24.13345294054315,3
023348.84-054513.2,0.231,-20.54117471057961,-20.831197122411883,-21.259064627065666,-21.39915123352959,-21.50709423100286,-20.7373132122718,-20.58650947419535,-20.544394743957877,-22.264640825940862,-23.05907684462065,-23.176287259233263,-23.635270220673466,3
024546.10-085842.0,0.148382,-20.999607209516046,-21.263245878427835,-21.601626881370223,-21.754710120578903,-21.781673191385263,-20.33784117632128,-20.48388860650449,-21.97606447604727,-22.40806595418615,-22.62206963343555,-23.25162517100132,-23.56389353397211,3
025007.03+002525.3,0.197511,-21.61288059397601,-21.762590886049686,-22.052938275589963,-22.28759144755873,-22.242254944777294,-20.964513890253613,-21.284468658370244,-22.665360279068725,-22.972475903245986,-23.406456579679592,-23.895479606969207,-24.355625223710952,3
031027.82-004950.7,0.080447,-21.458635018290835,-21.76317933673804,-22.118539514574707,-22.000337042515444,-22.043657364381662,-20.47106230342328,-20.698214149162258,-21.905276153504207,-22.067197450113724,-22.166085905672556,-22.53351488959204,-22.82179869647793,3
031209.20-081013.8,0.264839,-22.402100248964366,-22.742691939210108,-23.075899278710114,-23.24518463728232,-23.32994950661362,-21.456681069140323,-21.93817129180642,-23.47128408909015,-23.8464154118083,-24.389586318256804,-24.93483131543354,-25.53267081140465,3
032213.89+005513.4,0.185441,-22.520967638359203,-22.83834413674962,-23.16327651224829,-23.40295939509251,-23.26533545218688,-21.84054171380783,-22.22036592781078,-23.84702534515329,-24.253124493529945,-24.847738701828927,-25.570099650389366,-26.07087524057388,3
032337.64+003555.6,0.215677,-21.51223592322707,-21.83839335530276,-22.152204272189834,-22.336556728756,-22.26504810041198,-21.12189808453636,-21.402245252951875,-22.558012151572104,-23.18949867564871,-23.409337620378697,-24.116977609092785,-24.60422969210006,3
035011.17-060501.5,0.252098,-21.96082274076171,-22.246174972669696,-22.595465039349936,-22.78450145937593,-22.82541109843897,-21.631102150757016,-21.78363361427993,-22.966052701507294,-23.59453642701993,-24.01681324532449,-24.560956108374107,-25.000664992492137,3
035918.42-044313.5,0.319102,-21.759640317847083,-22.10610161095338,-22.438320418427068,-22.66756755318344,-22.726766982706145,-20.44558041599299,-20.782953052048057,-22.78209602648572,-22.83964519138609,-23.73240388008344,-23.827069690296707,-24.29792528232013,3
044428.77+122111.7,0.0893,-22.233142872617957,-22.40437529064584,-22.59107726474457,-22.51933472214423,-22.60330639293657,-21.89727677278008,-21.84983153011122,-23.36001808014508,-24.0684273940531,-24.59937477452374,-25.37707091102025,-25.71527579804897,3
072240.09+413353.1,0.210175,-21.82714987483766,-22.07515215430755,-22.38917508202014,-22.571777712538807,-22.64166895256931,-20.968117467599804,-21.08349712944649,-23.04647442095481,-23.503192959911505,-23.89135709262485,-24.6041921512438,-25.12258946851363,3
072636.99+375908.7,0.396657,-22.701530818699105,-22.99249318179439,-23.47114216966375,-23.728026511825405,-23.86272385411268,-21.769789910181863,-22.343915478904133,-23.867873262811187,-24.050721558853173,-24.42401791453158,-24.715510060241677,-25.18782884742864,3
072756.72+395930.6,0.216466,-21.58318162466477,-21.841996241210943,-22.12918062992225,-22.26578491982632,-22.361109419315135,-21.019318154754203,-21.227990875420083,-22.369917290863636,-22.587289508731764,-23.15218177077841,-23.98797688974512,-24.43118724027884,3
072937.05+375435.0,0.203806,-21.48287035209892,-21.708632303957817,-22.02796731757984,-22.20020027855812,-22.16862130442805,-20.897755851356063,-21.213756063475525,-22.74245641489238,-23.086995470719,-23.55990732721505,-23.90619875707629,-24.37087093736408,3
073309.20+455506.2,0.141583,-22.87105950767136,-23.0496904554722,-23.27814396855096,-23.59273942870829,-23.40959007589245,-22.246670295240605,-22.602756351041013,-24.00716457766527,-24.528833728346736,-25.124841366267912,-25.65455189227533,-25.9832308798779,3
074126.38+354702.6,0.133536,-22.182668093076146,-22.1433827689108,-22.364562973014493,-22.56993027245264,-22.444951230270195,-21.87113352196558,-21.842577902944036,-22.25182640470941,-22.65297388944192,-23.13719582290141,-23.985426577819734,-24.32519796706447,3
074240.04+354024.9,0.220166,-22.072555922458157,-22.214142777150723,-22.45023905154587,-22.678024214069225,-22.77748387074586,-20.84023427645435,-21.104138940889985,-23.017884635474516,-23.495653512846225,-23.7689377199212,-24.344523993423216,-24.70506932573647,3
074644.79+294059.0,0.292905,-22.336075591089564,-22.56604547353755,-22.844036990139557,-22.88698361683213,-22.92467504791011,-21.620913686379268,-22.088049278407937,-23.16008216505999,-23.75072281274307,-24.221572788815124,-24.565681721538237,-25.24501070762684,3
074704.43+483833.3,0.220443,-22.16724139508586,-22.499451990010023,-22.8587400902474,-22.932837921966343,-22.913447940901825,-21.004063672212546,-21.557283534565546,-23.279772574548847,-23.635184247904657,-24.0951787896016,-24.555478890540652,-24.94774963217582,3
074906.50+451033.8,0.192177,-22.68800591338796,-22.728351909879844,-22.967394831924917,-23.225090737245928,-22.96841299323484,-22.627031339716517,-22.7359386083208,-23.37057747094583,-23.947461124625377,-24.597916429457317,-25.06254679802335,-25.48159019331865,3
075112.18+174351.7,0.186541,-21.05858159014293,-21.145734274670296,-21.487213345954995,-21.918986748249203,-21.70935962889689,-20.68813023440927,-20.97337101517989,-22.54241653961968,-22.79113289276305,-23.046787750493596,-23.47672651918721,-23.8459069845362,3
075147.71+245352.7,0.197766,-21.754583485641973,-21.92148771302089,-22.1589357199004,-22.204480690654627,-22.260591943472583,-20.630533092853035,-21.245052290568832,-22.533747373964733,-22.54873405834385,-22.985363269758988,-23.901851960318787,-24.13836331297149,3
075437.80+181240.7,0.297736,-21.939626204258467,-22.22113117161485,-22.593294768263945,-22.811008465835123,-22.834159106918097,-20.978384041495627,-21.85669159378196,-23.175579568333877,-23.708624296959734,-24.07182957641456,-24.379004718289995,-24.908510655163155,3
075819.68+421935.1,0.211,-23.02278346381892,-23.20021359185004,-23.397442000773776,-23.494640030494743,-23.33417004770008,-22.63608738473955,-23.061791117545592,-23.403282475860472,-23.88715714727016,-24.631665109234163,-25.67114779580573,-26.217549153194444,3
075949.54+320023.8,0.187922,-21.63177878556077,-21.858353600235077,-22.124943755677247,-22.24136219897924,-22.162014592821777,-21.37816707918877,-21.612561714912705,-22.269772224473087,-22.83154846914389,-23.146901161601637,-23.91815735547703,-24.3841595707858,3
080131.96+473616.0,0.157022,-22.9713431377054,-23.00039620280503,-23.227256757156614,-23.478820097190763,-23.3107829142129,-23.05270920376345,-23.19710781602717,-23.931138601273133,-24.29423523401183,-24.83865509579281,-25.22523272251205,-25.633951488474544,3
080334.73+433019.7,0.19,-21.29727740219441,-21.78497366519472,-22.203901840574552,-22.347224267306345,-22.42251801697613,-21.59345277929398,-21.84776119576752,-22.57195461818232,-22.87656210508145,-23.325081205059934,-24.051971322520647,-24.346672013954496,3
080554.11+111432.5,0.227743,-22.55239288202152,-22.720818929045,-22.919678940972187,-23.04949735483841,-22.96328826902884,-22.382012581405363,-22.54712416700955,-22.94676929208118,-23.34238294402277,-24.0588006406335,-24.669187179601423,-25.19736028370925,3
080818.34+481758.9,0.217,-21.500815805117448,-21.68726172660861,-21.93080148919185,-22.253344837308543,-22.11141946283804,-21.014364529730454,-21.0100755443868,-22.27728937712299,-22.66269436264696,-22.63965294936729,-23.24408470999137,-23.656438849841354,3
080908.28+202420.4,0.184368,-21.66446624681713,-21.754819443594304,-21.98970970784554,-22.20917567338119,-22.11987548629416,-21.15342801066951,-20.95740754347544,-22.441722655262595,-22.685581067547528,-23.266463950937503,-23.2031398949501,-23.60658469359366,3
081222.99+461529.1,0.311,-22.81157273794709,-23.01725867246039,-23.225351536830708,-23.36538539923429,-23.583031615311477,-22.63599040382873,-22.575257187753184,-23.302794477324845,-23.66518390880608,-24.035603485694704,-24.58767326515127,-25.153861119935137,3
081329.29+483427.8,0.274,-21.784009593031804,-22.00248057257784,-22.330628047279067,-22.53474598709657,-22.75394834084996,-21.23454049067269,-21.17017579785565,-22.94971983067047,-23.211414610089022,-23.509750820290577,-23.84014912005904,-24.308399368962164,3
081441.91+212918.5,0.163116,-21.44988120400204,-21.56713103458797,-21.823497371696156,-21.97098967275293,-21.96905868585157,-21.12967440467077,-21.415423392815228,-22.102504430484807,-22.559200470853312,-23.00394289999772,-23.56748020323869,-23.844504666833668,3
081456.09+532533.5,0.119724,-21.50501011991329,-21.90053295170667,-22.28474556812452,-22.26612791353769,-22.363931741118343,-19.59915109628063,-20.33725829278989,-22.586952593454274,-22.83615496318153,-23.02935126010244,-23.537867767107727,-23.90431507176,3
081501.85+525255.5,0.125,-21.52845442347474,-21.663255130071683,-21.96970963728284,-22.25796369808331,-22.16009374762365,-21.02093708045141,-21.167326837996463,-22.614697306537703,-23.08479907947855,-23.317305102745667,-23.65242494879099,-24.05579419832108,3
082536.84+195950.8,0.30224,-21.77775353826847,-21.9968761716681,-22.362976189911603,-22.604861029440904,-22.66069481237664,-21.81825811266656,-21.828094587691147,-23.215476939743372,-23.515436194007915,-23.85028724403433,-24.034166963462237,-24.56105172242826,3
082628.20+085535.4,0.2542,-22.65619067134988,-22.87719005808001,-23.264359327117525,-23.36294106429696,-23.44346922189786,-22.463333788020343,-22.46375351915996,-23.750946472939017,-24.001216709930272,-24.645611949462594,-25.213267124098845,-25.76703217285708,3
082733.93+043617.3,0.220883,-21.555731550636544,-21.835241170277413,-22.217324783406205,-22.54739159541568,-22.5095867413363,-19.398682122295902,-20.33640763749376,-22.85614186861661,-23.06505649041853,-23.81469734216929,-24.615725344651917,-25.005080614535427,3
082800.60+401135.1,0.22125,-21.795040646513105,-22.08739215925607,-22.419367729891917,-22.60534278181757,-22.626345055627723,-19.747635922544244,-20.39119869125633,-22.78941739117132,-22.888094432895592,-23.305986820803252,-24.185365914979737,-24.801300622115985,3
083120.98+483154.4,0.334737,-22.48543046581792,-22.65242901486976,-22.93432449342138,-23.002433287774444,-23.087551434494397,-21.915840132446185,-22.020221481722317,-22.9502102327819,-23.375683359523613,-23.85823614454396,-24.42312283279915,-25.03058678820494,3
083303.21+272241.8,0.271909,-22.272870893044303,-22.381881965509724,-22.56063098946777,-22.718158388497045,-22.80768339190127,-21.705547703537555,-21.744488886155903,-23.10730994124764,-23.39633444302921,-23.774728137619164,-24.157516612151053,-24.60191893597233,3
083343.47+074654.4,0.205786,-21.93604217656375,-22.11818075124226,-22.35538453162829,-22.588884219673144,-22.47971623843028,-21.41827267477651,-21.57065262872968,-22.220324624300677,-22.529828430309426,-22.998323708344987,-23.386972966449367,-23.83298092586497,3
083417.90+491439.2,0.173144,-21.592147145037572,-21.875503490217653,-22.10710595734865,-22.26968186061177,-22.198872776049956,-21.43968924015785,-21.49935752386904,-22.33075943450348,-22.85453738993999,-23.4247088468232,-24.07577792946458,-24.568054284190143,3
083550.97+142344.3,0.3526,-22.64710549237372,-22.763978956393032,-23.171952073574133,-23.329446725955822,-23.261559359389704,-21.998747681161724,-22.203575877042223,-23.386461425881052,-23.84478579409121,-24.262845540243163,-24.94864300070803,-25.53311595791588,3
083754.97+175251.2,0.232067,-21.79264728605216,-21.898128051926044,-22.178339190908524,-22.432996790980404,-22.463455399560825,-20.50194671527449,-21.238198180587908,-22.83762212139548,-23.14462458093029,-23.639479167724016,-24.07340146117277,-24.63078380322278,3
083924.60+575230.0,0.187,-21.05822501913516,-21.327074704241983,-21.69958201163337,-21.90046688672159,-21.817177214026646,-20.51598797007301,-20.45074686519471,-22.221315263077265,-22.35927860779124,-22.85493422999712,-23.31132269249263,-23.74565805037481,3
084313.41+535718.8,0.217559,-22.30918541592865,-22.585488073800725,-22.95719455988832,-23.328342861306616,-23.074944168147425,-21.81133956988022,-22.08098277602074,-23.17820818504053,-23.5212589005791,-23.72265348963617,-24.38381597782117,-24.874265524677696,3
084533.28+474934.5,0.302,-22.357257591856943,-22.5805468589946,-22.810369959478116,-23.02735494436137,-23.02884264664124,-21.83428326717356,-22.299238992560248,-22.949900217559676,-23.67878475635669,-23.874937610411504,-24.75837888427955,-25.29230355591169,3
084755.63+263147.6,0.282122,-22.462354535643737,-22.507171008406075,-22.68520691748295,-22.88077024111813,-23.063290373923586,-21.618467040993067,-21.84549591045828,-23.324935054010965,-23.49781602402235,-23.769563025328992,-24.06071568018235,-24.63118339116864,3
085240.12+051215.4,0.226212,-22.2094175845322,-22.637581351041906,-22.961342985683345,-23.03744781420526,-23.131381522057783,-21.17862229564364,-21.567685070185984,-23.16634429702586,-23.39868366556573,-23.65331048391815,-23.513381560643538,-23.87723243934236,3
085259.22+031320.6,0.297364,-24.02495154826971,-24.21428703121547,-24.396882580757755,-24.40720277155052,-24.48278290755324,-23.230165915353084,-23.40675958181869,-24.469443468696976,-24.752899819926203,-25.324400002522555,-25.846328110793056,-26.434941073047987,3
085550.64+271824.1,0.30264,-22.430572541362835,-22.67398809716399,-22.92906384627445,-22.99846214382748,-23.089752105158063,-21.768703454258084,-21.950814767803216,-23.09234781994248,-23.896704329419283,-24.0741383734374,-24.693532996357945,-25.224031476499988,3
085828.69+342343.8,0.256979,-23.74463558547525,-23.946756698137907,-24.03492355089713,-24.149527754513663,-24.16586979178524,-23.408513790176904,-23.4281570751041,-24.05581071394495,-24.42566702360974,-24.84609093347678,-25.65318810240852,-26.3576545528493,3
090022.27+503138.1,0.148,-21.010665695513573,-21.335302056753445,-21.71702147554383,-21.855977358883184,-21.82215525080031,-20.78309382393184,-21.2449375283831,-21.983709471453803,-22.115906536350455,-22.593948093341965,-23.2278159882716,-23.62632802068816,3
090137.99+532051.2,0.161,-21.622795007931455,-21.850794329386435,-22.09414002497075,-22.14596227155908,-22.14350107091541,-20.752000020527326,-21.11620909130084,-22.55072306835055,-22.92455042436552,-23.263872659573373,-23.964501321542794,-24.350290071212093,3
090429.00+422659.3,0.225033,-21.52697360298897,-21.69857317965892,-22.017627571407147,-22.244132571848084,-22.261395446888034,-21.28572410619453,-21.60155781931039,-22.52737837355095,-23.087083238482144,-23.59417495054675,-24.13265458782154,-24.657558822986623,3
090454.99+511444.5,0.22469,-22.870243837695234,-22.96498282013816,-23.07150517575269,-23.217362781064896,-23.157488300669023,-22.23993593470655,-22.09188742968347,-22.83974917982186,-23.393040477424893,-23.6118871320215,-24.295745614788537,-24.822126667269984,3
090654.48+391455.3,0.241,-21.72931690259208,-22.064773894101435,-22.34587411660979,-22.439440702177876,-22.396607837243053,-21.122115918016807,-21.698616844023945,-22.35542856442828,-23.23306976911914,-22.826802178591684,-23.514445564680653,-24.02480042272844,3
090802.24+090625.3,0.186141,-21.509766308544663,-21.719298093040276,-22.11037253982114,-22.36489760236604,-22.30176944764712,-20.649966638911284,-21.23006163011923,-22.58360575366406,-22.861780260210733,-23.774401366998543,-24.52439082185325,-25.130791771217325,3
090851.26+444611.2,0.319342,-22.722144306005024,-22.959886021663436,-23.20243247561094,-23.380182672057398,-23.27483247580876,-22.187615555939107,-22.15999692599546,-23.71114941309462,-23.99462661981382,-24.170701531064427,-24.23710511557147,-24.76083701845951,3
091304.06+293558.7,0.342693,-22.97893508446273,-23.214191160160095,-23.510676029492533,-23.57492739778907,-23.653403037327543,-21.87410453367731,-22.363683766239163,-23.69422463333263,-24.52240470783785,-24.69339912839188,-25.565206494949027,-26.20857598877325,3
091514.59+173102.0,0.239619,-20.98812053626848,-21.332206395868305,-21.780320560061945,-21.947395081357666,-21.98285002521155,-19.88204396685275,-20.60729295143087,-22.44910071150869,-22.679714829569804,-23.24127055171833,-23.7877033043548,-24.312616166719565,3
091548.25+124737.5,0.7612,-23.956359632369725,-24.02818681013935,-24.26477788773269,-24.384352281913102,-24.449766027435977,-22.930995130451684,-23.398453617033525,-24.5345268451818,-24.81440733934489,-25.35420300481431,-25.9853782496043,-26.713942009928715,3
091702.10+212337.5,0.202325,-22.438945105777123,-22.53407470496539,-22.702403073676397,-22.922380954193315,-22.811843246663035,-22.069978519168508,-22.14636017215936,-22.882850745494565,-23.292939997697573,-23.56927959810696,-23.96543145799159,-24.33096001512279,3
091955.34+552137.1,0.123366,-22.643599905456558,-22.687867375494832,-22.885857903369367,-23.093998899287254,-22.9186506655126,-22.143275776941536,-22.233077658211982,-23.3591900319302,-23.781662688152394,-24.21707677450297,-24.61652448816088,-24.965299472492408,3
092045.61+233900.9,0.242871,-21.173023627336804,-21.69498232898404,-22.147300499484714,-22.447471317544043,-22.507893407308085,-21.15817698615712,-21.24105764383012,-22.457875125336717,-23.03927875227806,-23.42361702112989,-24.231841638198578,-24.65683347536546,3
092149.16+311202.0,0.102639,-20.035140736241868,-20.237776259742866,-20.59368721627693,-20.605685642676114,-20.70195625972007,-19.647626076313987,-19.723019610127174,-20.792454166815524,-21.20117921975561,-21.61897250944911,-22.312623797030312,-22.63498668804504,3
092554.71+195405.1,0.1922,-23.99500021590288,-23.99459073785196,-24.15338175668892,-24.297905092891483,-24.11488128233094,-23.39841692357725,-23.81615405385713,-24.34387818155352,-24.918096496309325,-25.608776378452934,-26.574857819558968,-26.88975530159913,3
092909.79+464424.0,0.239981,-23.519365783797745,-23.648540797285683,-23.797558416882133,-23.96194456737108,-23.90404932048284,-23.068690584254483,-23.33305221455427,-23.97970008259461,-24.51476003533266,-25.02404602068807,-25.833426877768066,-26.382110451311952,3
093017.71+470721.0,0.16,-21.588292900584708,-21.71379138220403,-22.044640978640093,-22.381046474377424,-22.231307031157424,-21.23781342105883,-21.48944387730592,-22.56804630419332,-22.879696967590057,-23.28264501382959,-23.70893065171457,-23.92867989127241,3
093034.43+204416.6,0.242234,-22.99996850104722,-23.148475660692142,-23.359586427157986,-23.51887973419932,-23.52901845452916,-22.51993773155074,-22.881924969697977,-23.64083863782113,-24.21673364463725,-24.821897314007828,-25.527552549365044,-26.01869120207684,3
093203.97+614051.6,0.35918,-22.191447394725277,-22.592109277256498,-23.136739604803545,-23.290313210665744,-23.33008991843866,-21.181726643521102,-21.81934336780817,-23.488354403477,-24.07749519168529,-24.47509211799456,-24.92157477190309,-25.494945285600835,3
093404.75+195617.5,0.1749,-21.81789292707608,-21.861964495364155,-22.101668626990875,-22.41502889958207,-22.210289346279847,-21.31255740528972,-21.294176637855863,-22.291020883713628,-22.836251619957512,-23.05444818536909,-23.253556072236712,-23.724697234349254,3
093527.09+261709.6,0.1222,-22.024986347442223,-21.984113055536582,-22.229270014398,-22.59910542938217,-22.29065913728128,-21.26261585034742,-21.235024943123875,-22.710034211516188,-23.1056768641131,-23.590607141913857,-24.427077246973035,-24.670379382170104,3
093653.84+533126.8,0.227581,-22.38750349827385,-22.776080639873648,-23.12879262816895,-23.426578514432432,-23.379311283734832,-21.34940390856289,-21.786463599273425,-23.493171419669636,-23.88473907383445,-24.567975627622403,-25.37093000529935,-25.87790689094,3
094305.15+280536.1,0.266678,-22.49514891229356,-22.598440630920177,-22.80465392761874,-22.97188096755428,-23.08663894324672,-21.837530203354085,-21.994651611709266,-23.215895826536183,-23.738788610521752,-24.160302167378436,-24.49841696497516,-24.92129299554658,3
094427.99+360837.0,0.228099,-22.40447491393455,-22.426840130387166,-22.65743791033684,-22.86735234776812,-22.846670174745704,-22.16918039106928,-22.314489845418333,-23.153238597832445,-23.53394840403937,-23.91181867620629,-24.13016958502864,-24.486160696064285,3
094603.94+013923.6,0.219925,-22.139699441364183,-22.40653417207888,-22.90982830377311,-23.360813247125257,-23.199680903759344,-19.954703063345825,-20.08294227920606,-23.698963211094256,-24.014352711750774,-24.64564949159088,-24.39301417596917,-24.87946743367222,3
094621.26+471131.3,0.23,-21.740732145079,-21.76068083440753,-21.986448541114584,-22.26975247437828,-22.268357731464512,-21.639652370152582,-21.88239436642148,-22.75846544985433,-23.1207657820608,-23.61336033900085,-23.726209602489728,-24.249875898835583,3
094652.57+131953.8,0.1333,-22.899787963616145,-22.94715179639153,-23.234409127422865,-23.42526635315081,-23.144216649754163,-22.448344689403235,-22.698637634003084,-23.641945970377808,-23.97666017335746,-24.432590673073417,-25.040181383676728,-25.525330457701724,3
094859.47+433518.9,0.226256,-22.756443483644052,-23.03473325273992,-23.387594771291774,-23.50783999413171,-23.516247399079223,-22.308146769566974,-22.6188551672415,-23.81356305820212,-24.1033429510836,-24.44064380699291,-25.14551609355163,-25.622156257529795,3
095048.38+392650.4,0.205896,-23.227467576949373,-23.259792999414767,-23.445549412031195,-23.6824268293639,-23.580853088995724,-23.377170327400588,-23.478469826060337,-24.047260658851933,-24.49967342279917,-25.18933244810535,-25.65331255982932,-26.2759831816402,3
095302.64+380145.2,0.2728,-22.658601414577973,-22.78482247252426,-22.91116128177864,-22.98477632136979,-23.152394921410806,-22.695645428857112,-22.785691702384334,-23.20184952588088,-23.638738960291825,-24.11893827018816,-24.620163837621707,-25.16722191290004,3
095636.42+690028.3,1.9752,-24.485796032404107,-24.81015538778963,-25.308308200030908,-25.55135211540779,-25.70677014087778,-23.74989415863568,-24.35731200115642,-26.29364199850105,-27.079216972254567,-26.874091652799848,-27.33332856242348,-27.57585643282828,3
095915.65+050355.1,0.162631,-22.124243035732867,-22.110993946907648,-22.30226035561363,-22.569472931020258,-22.447469787049403,-21.662522461217645,-21.851714478541577,-22.55121081687936,-22.83917911419,-23.41728869698981,-23.82429450177638,-24.085207514101203,3
095931.67+504449.0,0.143,-21.983435098466128,-22.134790652373347,-22.33889135359237,-22.422883033057563,-22.350901352358644,-21.417724438328715,-21.734581931036203,-22.676821700092876,-23.14604597141643,-23.75398134554621,-24.09505255263266,-24.522557084749703,3
100402.60+285535.3,0.328802,-24.47937994456811,-24.66968508007912,-24.960939580534426,-25.03503276353902,-25.068906418207742,-24.34038659355811,-24.43166316838873,-25.04447692752702,-25.438863945185886,-26.12213164025372,-26.80256306484572,-27.5021539186348,3
100417.96+282444.1,0.328,-23.075003214095037,-23.22068453271671,-23.39816829393271,-23.463746540667355,-23.48894820849645,-22.546773496972214,-22.93100223743284,-23.32624406505813,-24.05932454225618,-24.49204887419809,-25.45368622569845,-26.031070609210555,3
100420.13+051300.4,0.161076,-22.469999635399063,-22.757995068297973,-22.96947894307317,-23.088225812173494,-22.99078710365629,-21.983268289198044,-22.410168921417807,-23.246551602270628,-23.74041208343212,-24.3118220628266,-25.331934937201957,-25.762833867929192,3
100528.34+423037.5,0.25736,-22.948102308514283,-23.14872880432013,-23.424399210158157,-23.557829251734915,-23.610464695381804,-22.235614890694105,-22.601895732590467,-23.870633898329245,-24.393339037032177,-24.87801883688744,-25.38253122542174,-26.01181065595021,3
100541.85+433240.4,0.178291,-22.85260479921675,-22.93221792319279,-23.131147334641486,-23.1070894889204,-23.110122354716257,-22.37340822552673,-22.856988204100062,-23.678034995499843,-24.269878433018683,-24.93877541269655,-25.30052794269464,-25.90285583294848,3
100744.55+500746.6,0.212331,-22.4100307742569,-22.526189290021897,-22.736688008635515,-22.935770014469696,-22.890980245012805,-22.736335653008982,-22.37747937665952,-23.120745027735406,-23.450804419328524,-23.96775780082561,-24.24179368171938,-24.71812369791656,3
100751.17+150543.1,0.3154,-21.784578160171915,-22.070019498829247,-22.476362253342,-22.66560301325861,-22.71543138637281,-21.12835287149272,-21.402222895092223,-23.296797791374686,-23.60784920429233,-24.078052674602432,-24.501349624160994,-25.158496212621195,3
100759.66+611533.9,0.225,-20.846289389370565,-20.98169437526254,-21.33219361040861,-21.58653390750653,-21.55389977715345,-20.720032012804754,-20.638175844381244,-21.74302675306975,-22.206478388647,-22.8659527030311,-22.91655197827319,-23.316467091943768,3
101000.68+300321.5,0.256429,-22.80887349991125,-22.989999076387782,-23.28498929491694,-23.353044442560112,-23.310408559976693,-22.23052038266568,-22.72875586943305,-23.687174251878076,-23.972839972505945,-24.45589037711401,-25.637210720101976,-26.176996145557094,3
101023.99+453545.9,0.333,-21.081467437884108,-21.56052132253069,-22.33533972677112,-22.67472248884203,-22.690283907763504,-19.7256085127541,-20.638831821562988,-22.838787991761883,-23.28646297145555,-23.94994152845604,-23.81003724968713,-24.13884519026653,3
101044.50+004331.3,0.177905,-23.27685675029238,-23.32918549349663,-23.481597707577144,-23.591661521944943,-23.48025731325995,-22.72102401501348,-22.922891828167632,-23.675418804088785,-24.117503898811098,-24.58075421080981,-25.308067265443054,-25.788835888866338,3
101102.76+613937.9,0.233,-21.371979019725007,-21.62084228032585,-22.061792202739564,-22.398597036181016,-22.273932386198503,-20.78707369921875,-20.91847426755897,-22.53863447574023,-22.86963771977034,-23.13294369626561,-23.545021659117115,-24.012733133504025,3
101300.92+572243.7,0.14,-21.32581206099586,-21.50350331627675,-21.8547442902497,-22.12760010598043,-22.00626601177304,-20.99945878884388,-20.946797829727878,-22.244392466288453,-22.44948719700373,-22.80067213010242,-23.501578393210004,-23.747517333988892,3
101303.17+355123.7,0.079097,-22.231446282862763,-22.295987102975094,-22.54127600656181,-22.582406406137068,-22.41592539093557,-21.129423993894367,-21.37140342705129,-22.51706196994264,-22.85461352932023,-23.228478102898123,-23.710611046516576,-23.945456218140347,3
101312.15+020416.4,0.220816,-22.08074891630242,-22.434877322520816,-22.86420244087323,-22.971746141106248,-22.928735885992047,-21.456907210631623,-21.956970344726084,-23.14759354101017,-23.327840048660757,-23.925910968598394,-24.77595946564813,-25.43794636470736,3
101317.98+050034.0,0.265803,-22.04553311741448,-22.207190665007523,-22.46712438143512,-22.6620600384565,-22.900757697739344,-21.59854956636007,-21.67352712557346,-23.05140567396796,-23.63340088359081,-23.50393679180856,-23.985792318294216,-24.46699871126109,3
101325.42+221229.4,0.273291,-22.54939620788093,-22.697150235805065,-22.911812475399923,-23.00928857714844,-23.00772784335265,-22.312374736375567,-22.602924374834217,-23.28137673170081,-23.77912181640137,-24.26859410407707,-25.04249130724479,-25.59856471806102,3
101719.02+151620.8,0.2452,-22.232062037891456,-22.52705526500907,-22.842100667557425,-23.04211212743292,-23.07984848571113,-21.596346589025423,-21.834755810829147,-23.257196011931693,-23.662861860663096,-23.98290106067639,-24.465390577718875,-24.939366752115287,3
102330.48+223437.2,0.133,-19.57655644657519,-19.917835801449677,-20.47170366162541,-20.57813501264071,-20.725521154902296,-18.56479300555064,-18.95235364871096,-21.470442537740347,-21.81256099030981,-22.094069108927787,-22.60320131447294,-22.867777099129125,3
102706.60+312856.7,0.240148,-21.990213735757504,-22.10999139433131,-22.472010814946163,-22.640202031549222,-22.62110314556691,-21.667705316810043,-21.707653341355385,-23.323984989758525,-23.771412554650382,-24.35711135598603,-24.51626778682695,-25.02769299139675,3
102738.53+605016.4,0.331,-22.55181724470971,-22.94176448725256,-23.36913327644882,-23.62727676553335,-23.62314676491111,-22.029207112106903,-21.731223601653785,-23.84903902089044,-23.977824316720564,-24.283713636999146,-24.71601886509041,-25.260130023870254,3
102912.58+404219.7,0.14696,-20.586086024591022,-21.062274044923623,-21.404283461859094,-21.439455827488544,-21.462488511498822,-19.054129310788745,-21.73804261981382,-21.83483646719203,-22.132901943688346,-22.663853607708177,-24.56824509256136,-24.740084716512406,3
103609.28+275019.9,0.282,-22.7132481096696,-22.84380051391373,-22.98373504123195,-23.13439605111528,-23.13416612234273,-22.58595056687013,-22.77145881709803,-23.125971553243524,-23.57340899075176,-23.917295106398317,-24.22210601153192,-24.73499844940114,3
104111.97+282805.1,0.211,-23.277868533876365,-23.33940365705404,-23.46214006283588,-23.548292507248117,-23.45967869206964,-22.98993395942996,-23.100059646483416,-23.53981709497851,-24.10035982059557,-24.63381732235933,-25.29283145058524,-25.79934573522068,3
104431.98+110105.6,0.168881,-21.21152071386758,-21.775417876631774,-22.322736548840147,-22.364486354768708,-22.44423743614064,-20.66860665434564,-20.98585292371605,-22.51932922086725,-23.03560308319544,-23.415936934875266,-23.710017607515315,-24.091493556224247,3
104505.16+084339.0,0.125022,-21.443166583682963,-21.85309245504528,-22.349291018455677,-22.620200561378148,-22.48143090918398,-20.48782498526076,-20.81765351340997,-22.58989212965856,-23.045156069197372,-23.63735077981266,-24.71070846607122,-25.136980276765144,3
104528.30+293344.7,0.293369,-22.2224586821006,-22.537918401155693,-22.801061890962263,-23.073707608947284,-23.00402430569483,-21.245798309457214,-21.73890086789528,-23.27755309179439,-23.31221163008546,-23.550810463296585,-24.058217136127787,-24.445782631640974,3
104937.78+640219.5,0.2255,-22.66706563643821,-22.83486741878585,-23.07670741810835,-23.2526120942125,-23.16783792994959,-22.077942366594712,-22.32019403711219,-23.65160099498477,-23.90668497628663,-24.418399293662127,-24.967059016623764,-25.53551587796973,3
105000.86+294926.9,0.319216,-22.28574181435212,-22.430972148471227,-22.665041953180648,-22.776410285096773,-22.958063137367827,-22.812090562956325,-22.66527335724434,-23.32873060998665,-23.59935164420969,-23.91686178777822,-24.145350245127226,-24.763346548884424,3
105126.35+183952.4,0.2438,-22.017872691148987,-22.03624640630509,-22.237556499837783,-22.458440666696774,-22.39701207657629,-21.77404455919829,-21.892272890791283,-23.02212102776741,-23.38649445840914,-23.55675664458656,-24.37265310560785,-24.885963743257463,3
105143.89+335926.6,0.167138,-22.40850155241386,-22.43098977493797,-22.718378771865687,-22.97967526075479,-22.8211683822734,-22.532100706247395,-22.632343673820955,-23.13436572511389,-23.46004383225932,-23.893024016605263,-24.346541971088357,-24.88419896536969,3
105416.19+351124.1,0.204786,-22.397955178579515,-22.546659554752672,-22.76068846896252,-22.8642913006536,-22.81918648369377,-22.30937636820682,-22.17976670328788,-23.172549662288382,-23.49614727511334,-24.07056637486233,-25.20197557493289,-25.66620532960817,3
105927.60+425719.4,0.255897,-21.571958488048807,-21.75926231757866,-22.064754577207676,-22.282766097318728,-22.37298496388713,-21.620679758915124,-21.78513792305048,-22.92506480167736,-23.44608081081929,-24.01977476024016,-24.41280235154314,-24.99457683451513,3
105935.75-000551.2,0.283128,-22.32925690079975,-22.450556109397496,-22.678994237100955,-22.772233021563263,-22.85217094165976,-21.27199355375432,-21.45341537078471,-23.34416812517979,-23.55454093472424,-24.14877307309944,-24.0110011717478,-24.47406371433437,3
110052.33+283801.2,0.242716,-22.50248420311955,-22.657112570401072,-22.86192722066983,-23.008542197529557,-23.014021516281336,-21.89428735232685,-22.14970337557086,-23.354519671141865,-23.56499044280693,-24.02118999815183,-24.387811344377766,-24.88802012000332,3
110205.92+084435.7,0.294216,-23.92508364034333,-23.95260744915828,-24.15899786608283,-24.31900424812201,-24.244861883200528,-23.384324866682867,-23.709017196469823,-24.34726667325973,-24.605704585611917,-25.064087938210164,-25.759654285747505,-26.45611439126126,3
110402.00+205953.1,0.34,-21.624210641774045,-21.971047040488173,-22.424004497331488,-22.652344130194205,-22.55430560156347,-20.41692920982824,-21.122107016232956,-22.97289002979297,-23.716133367270974,-24.250812338809784,-24.121691462281756,-24.65917259545471,3
110606.88+253545.4,0.1759,-21.128808119348395,-21.3041789082151,-21.613538106886462,-21.92212506812317,-21.762369900465245,-21.03587119476458,-20.882788967938268,-22.28940625215036,-22.41708693149354,-22.898261191768597,-23.40386506537537,-23.79119181209614,3
111507.65+023757.5,0.567381,-24.09647274568058,-24.26162916301651,-24.56990853417125,-24.664288960911605,-24.7894405097438,-23.928030026154683,-23.686389220587145,-24.76276281693537,-25.13481645538388,-25.667413763663795,-26.15953837818356,-26.892957840634587,3
111603.13+020852.2,0.211975,-22.83620459539144,-22.873259641009344,-23.11684407892756,-23.17295645135085,-23.149428234074996,-22.32537630777069,-22.76367479711523,-23.731593780186905,-24.35153785419044,-24.96415572434428,-25.58659345025805,-26.05809574589744,3
111706.39+441333.3,0.143862,-22.82111869210126,-23.082628534817207,-23.374334366325296,-23.59060492941553,-23.406738329311374,-20.78291817959515,-21.39762287596684,-23.88059937006005,-24.160061693967137,-24.831732943396137,-25.545456944235884,-26.09780779056389,3
111712.84+242214.5,0.3308,-22.36764998298482,-22.432701232661262,-22.66661303216936,-22.827127110602625,-22.92128821245002,-22.097681216998488,-22.152408213522804,-23.370966473392425,-23.712828385344697,-24.189534325945985,-24.42691721448861,-25.00883204592006,3
111740.48+530151.2,0.158411,-21.52385187392256,-21.658630275689816,-21.8811927455516,-21.845959614242773,-21.963788382264333,-21.15467428171675,-21.423337411503027,-22.34937837900684,-23.04221405303973,-23.487496442930897,-23.80728423364452,-24.292839165929596,3
111830.28+402554.0,0.154338,-23.148273311665147,-23.21938138544577,-23.32707793066263,-23.44173369573664,-23.35547558936041,-22.8517473909803,-23.048927541674225,-23.553870906210868,-24.042822738829223,-24.56009535236827,-25.102326936215405,-25.442881087499558,3
111908.67+211917.9,0.176,-25.01100675082385,-25.00649342243265,-25.09320854062228,-25.261120806457736,-25.07350189905681,-24.52806266771811,-24.670717560903952,-24.90632009449473,-25.435333562033872,-26.070218973289656,-26.964174890741635,-27.37280427424245,3
111947.60+233539.5,0.147,-20.745534241298447,-20.93713973888284,-21.32770456586336,-21.55250159552228,-21.3856061495213,-19.80320254474732,-20.050051767640685,-21.319192125158317,-21.614624871846747,-21.578209342873496,-22.39235569485556,-22.623586198911696,3
112007.43+423551.3,0.226597,-22.294823250859007,-22.469366780707222,-22.713178665988814,-23.03140485495362,-22.885453715473574,-22.015739533912672,-22.136190271588905,-22.75479849955565,-22.90331321442017,-23.28451479782525,-23.93385377792881,-24.489790844231635,3
112048.06+421212.4,0.885,-24.835360136148847,-24.89937639461319,-25.33936144401905,-25.659304794716107,-25.841329421939964,-24.340558190693372,-24.58645449416342,-25.396847510753123,-25.91251164058268,-26.45557145781086,-27.068466878740825,-27.41192398205235,3
112252.50+595133.5,0.353482,-23.082861737637614,-23.26628105585902,-23.49648736808903,-23.64291875434125,-23.542516909275307,-21.45789860738034,-22.657778668595505,-23.587440669989277,-23.773662346892294,-24.351516962433507,-24.89264983244895,-25.467008014941268,3
112417.79+602026.7,0.204845,-21.46903422867132,-21.591978899754523,-21.86948752922557,-22.040574793085224,-21.909919581412744,-21.308956906832,-21.559094594131988,-22.159946541731777,-22.653360930811814,-23.01727087579388,-23.72593704387127,-24.171291490522627,3
112439.18+420145.0,0.225,-23.602116596125796,-23.887982453562262,-24.06038357677702,-24.22083822387133,-24.064369242152715,-23.39766715212468,-23.50817300071328,-23.88805685188168,-24.28505317399906,-24.903665495026168,-25.346559502976174,-25.855162669457528,3
112503.68+251302.3,0.2715,-22.93211917691939,-23.045262262303304,-23.27980333832412,-23.27926887781387,-23.43607542962101,-22.979942054147365,-23.213481950250724,-23.538561948092102,-23.9595507742012,-24.543351443632076,-24.99881276028978,-25.543326791163043,3
112540.84+412231.6,0.196565,-22.112225869589608,-22.10991961225337,-22.3613565317007,-22.59543717247212,-22.45818984877492,-21.800435600783118,-21.865258138210876,-22.74061805866852,-23.32866079383384,-23.73291982326714,-24.479280641422505,-24.952784369173106,3
113020.99+022211.5,0.240949,-22.25538251838601,-22.28951827105872,-22.5103722140038,-22.77620239032822,-22.767601750391865,-21.277516466714484,-21.221077159212808,-22.9802934839518,-23.41110573570548,-23.99662576616281,-24.05548120881962,-24.690517027434645,3
113105.07+610405.1,0.337056,-22.897564410931004,-23.017446183688637,-23.219346213812567,-23.33247548239581,-23.418182999872645,-21.986795888727404,-22.48355875085093,-23.600471359786045,-24.098126735044456,-24.351467267129845,-25.2939234939352,-25.91354764134246,3
113109.24+263207.8,0.244005,-23.016922903837195,-23.04510944071548,-23.20229088543437,-23.342415834259537,-23.299891296892618,-23.111126535028287,-23.233984930206983,-23.995883268167702,-24.21306401425684,-24.83986281581832,-25.15108582990238,-25.73276201794416,3
113109.48+311405.4,0.289477,-24.103834376236662,-24.28783076557292,-24.378909614128485,-24.51535465369812,-24.652210650424543,-23.84034123074648,-23.80821685108572,-24.815910135106783,-24.9646908343929,-25.339234478214568,-25.781595948886466,-26.371138425998616,3
113210.55+133509.2,0.200705,-21.912696962078307,-22.15440593815854,-22.374773640443216,-22.59183600525084,-22.614814994564775,-21.991910198747128,-22.19349855911612,-23.213155381811816,-23.73108751979144,-24.12945850339547,-24.689999697185957,-25.27384775225136,3
113312.83+401029.0,0.270087,-21.960771506273137,-22.097629553206747,-22.25181527676165,-22.4120238860461,-22.535758676233744,-21.8818957873834,-21.982101853947825,-22.58613867257487,-23.075464979836084,-23.40849173040926,-24.010477843636643,-24.604878511214377,3
113342.78+353135.4,0.202025,-21.52188947239285,-21.77935585387094,-22.118249228957577,-22.33794978696695,-22.24490873530564,-21.14866695467146,-21.62062739058119,-22.757425634393535,-23.51377755670255,-23.94496782071035,-24.507232848610293,-24.924801063573963,3
113541.20+002235.2,0.175253,-21.66674203374273,-21.788304401707435,-22.082526437531616,-22.253547200481872,-22.2997788205186,-20.76956653013105,-20.874525775672694,-22.426054506112788,-23.091850687187428,-23.598467494869794,-23.54180694125393,-23.878755492075907,3
113655.95+343236.9,0.192635,-21.48238978878164,-21.92398491596234,-22.25495546295377,-22.39167256969964,-22.40972117679568,-20.41416477293238,-20.99416498655166,-22.912716203166227,-23.245452174514508,-23.98328143425316,-24.31364649521592,-24.697039421640813,3
113706.84+013947.9,0.192603,-22.320563958448844,-22.37845715320853,-22.583972600330195,-22.973409474274764,-22.78168526476608,-22.535342295847386,-22.67676476103661,-23.18328679707505,-23.497255982043534,-23.96700345258317,-24.3893285810691,-24.801646167621254,3
113908.96+591154.7,0.061,-21.681513605516464,-21.619773985712506,-21.864520200119227,-21.80547473310743,-21.72011477656208,-21.29840137416738,-21.240098815524163,-20.993744220049926,-21.24133593067486,-21.608101956283768,-22.826332449925623,-23.333104826045428,3
114010.12+102928.1,0.149845,-21.847420747843877,-22.158879258297365,-22.514302014395916,-22.745250071368464,-22.66677536910576,-20.93539911124534,-21.429110646460423,-23.06350696095597,-23.444354577150627,-24.000993303277284,-24.35373114963624,-24.83655217201129,3
114231.81+250338.2,0.1842,-21.94780740009458,-22.13257955706333,-22.378214531859214,-22.513975300847367,-22.445724320873715,-21.898051333765896,-22.18198348073791,-22.978326927438196,-23.630930947614853,-24.271265611170715,-25.303256854845635,-25.641889390941163,3
114330.98+643248.5,0.124,-20.155519082263467,-20.38170843596098,-20.801141022025497,-20.907245595895063,-20.93508859666228,-19.532275585032757,-20.23395982127057,-21.564294186912736,-21.67053348147285,-22.177233142054185,-22.36935143014328,-22.641454316405177,3
114407.29+021038.7,0.216357,-22.045034981284697,-22.20741545712174,-22.426403154202387,-22.68476756824153,-22.57221477973978,-21.75883761192909,-21.97036830897206,-22.693140389896737,-23.030504451108385,-23.62388628520582,-24.07913757398247,-24.41668707098001,3
114421.47+432206.0,0.219547,-22.06347630631541,-22.135500973779603,-22.413151624362804,-22.7106172524632,-22.68704417147098,-21.97432536917737,-22.07892080106752,-22.818058041125862,-23.258808256143592,-23.759719436966925,-24.22516654062708,-24.597372758294107,3
114559.55+461309.1,0.154,-22.050456985858165,-22.1342062014428,-22.35172837799454,-22.669544278983437,-22.59296285223036,-20.682170351241886,-21.045727881161884,-23.086218983112,-23.42758212940233,-23.807897280859795,-23.86151685718261,-24.23487353023989,3
114646.02+371511.7,0.295,-23.389451235019298,-23.476243914975647,-23.65662401974065,-23.627094481664194,-23.722547838349865,-22.99713623331489,-23.311156196159008,-23.979688221151807,-24.493785876619583,-25.114577728065782,-25.67310373184969,-26.220497214047374,3
115050.71+353149.1,0.204653,-21.99228618096592,-22.10831352927792,-22.31901490609543,-22.43754499233288,-22.418227802441383,-20.881093007207564,-20.952638909315635,-22.595758550699003,-22.826759426979827,-23.331779484907432,-23.57257275847115,-24.04603173147571,3
115306.70+223629.6,0.2099,-21.61931246205378,-21.88480518043392,-22.15881351568228,-22.27230951959732,-22.293898401235165,-21.3569658070022,-21.41950236893262,-22.405109976153483,-22.846860257661767,-22.89105606018647,-22.884223146522565,-23.322076425050334,3
115346.15+561935.2,0.129,-20.570368924092417,-20.78832300474147,-21.18485465978815,-21.21553876121459,-21.258975590035973,-20.15252575113935,-20.19589066474997,-21.43091377802411,-21.686554611408543,-22.03148854446426,-22.247995771365247,-22.477892680456566,3
115349.26+112830.4,0.176068,-22.94079969380292,-23.006809695397457,-23.15565963401114,-23.458295473756056,-23.21735502925369,-22.68599160085972,-22.75501048450532,-23.62529902848771,-23.922498318160724,-24.52997226938347,-24.753307008133586,-25.284287561655606,3
115509.55+223838.3,0.1814,-21.17257610409408,-21.31096982841969,-21.59621360587097,-21.815401782190445,-21.809477658141983,-20.62659942308961,-20.843075243571576,-21.94179049765205,-22.301344766944126,-22.782635990330515,-23.68235841213643,-24.138812280182943,3
115549.42+502117.2,0.284344,-22.34170582224088,-22.676122674164333,-23.00808644851912,-23.150674248660668,-23.23634896541994,-22.017452178843893,-22.25215780361062,-23.482338059626212,-23.861382875576897,-24.38128415677777,-24.786349740200905,-25.416462851514627,3
115558.97+593129.2,0.240834,-22.16198299364811,-22.336309853732523,-22.617405377524367,-22.73728242171377,-22.814372221674567,-21.73571328949677,-22.091029631984757,-23.08469377572066,-23.541801356744333,-23.87599978297466,-24.42465460913564,-24.96405780847248,3
115758.72-002220.9,0.260354,-22.604753887186945,-22.75694050061743,-23.007171277385098,-23.116906820998068,-23.2714478152275,-21.996071745382388,-22.413084092289697,-23.660082025571537,-23.98842109111584,-24.44128723578679,-24.87219946520432,-25.448370935327457,3
120347.69+520749.7,0.177681,-23.485230772808087,-23.57643919015516,-23.80434140651708,-23.87457338822972,-23.671936105751968,-22.64154779513284,-23.04654796853921,-23.58212303867932,-23.879449640011373,-24.28136380248981,-24.99550282383069,-25.51507985148154,3
120442.10+275411.8,0.165,-22.017117485037943,-22.03220190141416,-22.32700538412417,-22.663555209270594,-22.497127787071744,-21.614872030756715,-21.66517891260492,-23.604168423320303,-23.95413303955484,-24.59267998109824,-25.105083478150792,-25.531460151337026,3
120447.91+170256.8,0.2982,-23.15434582969548,-23.420413325833287,-23.5081981095148,-23.598674441679243,-23.767188337778038,-22.819635447589405,-22.814382924582542,-23.309626132730457,-23.491641223095925,-23.684684355351788,-24.6250156725015,-25.2097627017762,3
120713.06+174843.4,0.1485,-21.66899456889109,-22.08313204723718,-22.55732599243092,-22.776092589263214,-22.75009243910783,-19.36501118612824,-20.54394969201246,-23.023318034635047,-23.525706919322,-23.96077963402368,-24.59272816664788,-25.12808975617243,3
120720.99+262429.1,0.322492,-23.278702808065923,-23.333143607557226,-23.605477945618404,-23.78851459345836,-23.952655525503708,-23.46311808201885,-23.53963616026274,-24.47470016508988,-24.69362524740007,-24.98481019279001,-25.35998952446251,-25.96271247714364,3
120802.73+653238.3,0.237012,-22.251577453230084,-22.323962703316887,-22.562259407970444,-22.73948530660528,-22.734043246144143,-21.85932939555609,-21.85846151945463,-23.05559057777045,-23.197091013770187,-23.76672376276144,-24.173203247466816,-24.70255037226029,3
120944.81+023212.7,0.238532,-22.07562760412174,-22.302241769349063,-22.59790712208087,-22.749314886637507,-22.673019147892752,-21.39324038845887,-21.34605611286292,-22.578762723038825,-22.954540603729672,-22.99154633910921,-23.46140368679108,-23.98227064162716,3
120945.20+321701.1,0.1444,-21.280696989456825,-21.61248358441401,-21.875799582311732,-21.969452909248904,-21.96260103748945,-20.45061681471169,-20.79825456157797,-22.04972222916335,-22.78046404329297,-22.91524868692412,-23.966575809766336,-24.357331315549438,3
120950.85+554113.1,0.339,-22.218248555974945,-22.36464800197783,-22.784503093459385,-23.03631772942118,-23.171491630073064,-21.239593744151808,-21.80952470451184,-23.562374842047674,-23.938915992986523,-24.38689772349938,-24.448729429379743,-24.91749629119088,3
121018.34+015405.9,0.216264,-22.433270634080674,-22.520818349934142,-22.698843748348715,-22.83874991931366,-22.79997652145694,-22.10186741783472,-22.093450416626265,-23.11073727630272,-23.421887246563912,-23.801093480612423,-24.37015197262233,-24.75698841006759,3
121045.63+272536.4,0.23039,-22.590192569935517,-22.65958642102298,-22.82839144073517,-22.956695693828376,-22.9256119579828,-21.80413542143223,-22.066564118685637,-23.463385927214333,-23.81280628836204,-24.227802500525332,-24.56828205339701,-24.94534849258871,3
121114.56+365739.5,0.171,-22.37503063726361,-22.5170382928513,-22.77978824182666,-22.90193857671554,-22.85182251067974,-21.719407096959973,-22.02359684122268,-23.20322973047337,-23.56986665971697,-24.074513176804995,-25.132923591895523,-25.644939037526235,3
121224.89+185920.1,0.2154,-21.94581523501456,-22.112425839576684,-22.423438416744585,-22.782492977333305,-22.590116641887477,-21.18726902409276,-21.36009639313204,-22.26134928918573,-22.14503419951287,-22.8429101322954,-23.6627630167086,-24.0099491855679,3
121301.70+421224.2,0.201943,-21.067758785804244,-21.73776435896428,-22.128142403649225,-21.99460049497576,-22.226917295894832,-20.475592486327177,-21.14151068235685,-22.17082712774725,-22.39349837725966,-22.46046083789399,-22.021429468644243,-21.995912734072327,3
121724.32+314546.9,0.699427,-23.54782392197341,-23.777066505955545,-23.97376778807395,-24.12472627246937,-24.20082341269759,-22.55917605198595,-23.267190727270155,-24.375611471943213,-24.63813636200376,-24.72535064208205,-25.180037407805084,-25.797638277075063,3
121752.16+333447.2,0.177769,-22.289795929377068,-22.38077831217716,-22.607129011594072,-22.70869414395097,-22.67106015060232,-21.8028616540394,-22.019491475239693,-22.958078924517302,-23.53875064182957,-23.847969835921276,-24.45886086204924,-24.879193031643588,3
121830.84+183458.2,0.1973,-21.77236786151497,-22.16253074982709,-22.608570372823596,-22.81764689002688,-22.760311111456502,-19.94408214429916,-20.388192366496977,-22.979288401411484,-23.429691260553543,-23.827712677746,-24.56969463284629,-25.134511220978297,3
122011.88+020342.2,0.240373,-23.99922787874521,-24.118608376846883,-24.25766773364726,-24.509282980779197,-24.477809543282707,-23.881517812331666,-23.75468948123305,-24.616204732275676,-24.87852930247569,-25.30472054939069,-25.786410015089555,-26.271688488630364,3
122420.28+435157.9,0.321438,-22.372660649308614,-22.505672179502103,-22.68599664089619,-22.75322286108276,-22.917943191392418,-22.17221280100967,-22.215699392319465,-23.017115437888386,-23.47142606679037,-23.84141554912816,-24.450619012817395,-25.07477121537006,3
122549.28+472343.7,0.318757,-22.216454681750943,-22.42220912089287,-22.628133892008563,-22.756616805032536,-22.60226619384339,-21.792163157585268,-22.01795506790677,-22.81033974512954,-23.132846492493076,-23.185375956360215,-23.578509592660687,-24.21645719595708,3
122657.83+671624.0,0.153207,-20.894056126118265,-21.207137052556345,-21.66699134736993,-21.77579326395519,-21.86918140100137,-20.084797422083216,-20.471016895651932,-22.53407037984849,-22.720333674974288,-22.89801224299613,-23.00348776237693,-23.42553477714792,3
123022.17+662154.6,0.184649,-22.49803305352553,-22.593274371607396,-22.91962999939069,-23.13082777393858,-22.99886349176225,-21.9462594191838,-22.18026047331882,-23.54561905759276,-23.973859117775213,-24.49362327678906,-24.916058855544893,-25.42451896887453,3
123220.11+495721.7,0.261968,-22.12011568571389,-22.42726715543282,-22.649223107421268,-22.702617497466253,-22.76126703049122,-21.66271232121069,-21.985729471466957,-22.71248507572118,-22.99914421100937,-23.64955106591189,-24.57087249371024,-25.046603418119485,3
123341.67+310102.8,0.290983,-23.090108566078253,-23.38094122761804,-23.73353996945972,-23.87687542544801,-24.04702377797388,-23.01661702460962,-23.24400467028346,-23.80322188477409,-24.097911608389936,-24.434306608989072,-25.250214236594203,-25.807510276950897,3
123550.26+180242.8,0.2536,-22.631579167413868,-22.72817598284791,-22.99780652582604,-23.13064889123921,-23.16147849389706,-22.11153418080331,-22.32078769565877,-23.396151027562148,-23.86603793682652,-24.145952624850874,-24.939329318308005,-25.550447097444337,3
123604.02+264135.9,0.209152,-21.953091269635568,-22.05569749403712,-22.361190990094304,-22.55356559497743,-22.577179856349936,-21.763300821815623,-21.99100962525972,-23.009215064952944,-23.478363307576483,-23.95412115352613,-24.688666988745403,-25.22785374864312,3
123657.20+265701.2,0.227502,-21.933731828774352,-22.145507902507717,-22.45564508226585,-22.52653284672692,-22.08954360076164,-21.139712588949745,-21.51850108838205,-22.8679164294677,-23.291647282537724,-23.81021342671412,-24.407672106825725,-24.766965485711665,3
124526.98+652358.3,0.32023,-22.77704275411201,-22.93309222028189,-23.2537543441956,-23.35754733674127,-23.41512827851883,-22.69601471370872,-23.095930397428024,-23.78146291863517,-24.286441575127743,-24.783461374046,-25.582791075710464,-26.25470466451056,3
124551.03+032128.3,0.227239,-22.157745713998303,-22.348960299105777,-22.646672658916472,-22.96685078453553,-22.95148220777584,-21.038215074975355,-21.53499616693948,-23.176849373938246,-23.44418029619075,-24.048359321254697,-24.272702260899155,-24.88189875558286,3
124711.86+293910.4,0.1936,-22.334046550385946,-22.379247604132253,-22.504883329607985,-22.706778163682035,-22.57539494073677,-21.753288948289075,-21.80793590233986,-22.4708762521837,-22.70715373850297,-23.24437901457388,-23.691612554485104,-24.077648392468184,3
124931.71+523039.1,0.161769,-22.566449200227687,-22.61381820043958,-22.74066942203171,-22.8642894560028,-22.68275604986733,-21.72702527603022,-22.011824492843544,-23.07418978787352,-23.32521876392404,-23.79946381740685,-24.28658383139561,-24.742520033473504,3
125142.27+240435.2,0.1885,-21.49445968280128,-21.663258580584092,-22.13559150678741,-22.4575994549129,-22.290280150956,-20.953714615622417,-21.241682566994964,-22.727994119155387,-23.04392635823431,-23.71704915222133,-23.897215726496047,-24.40022117752401,3
125327.70+145456.0,0.253686,-21.622486930250265,-21.856584240888225,-22.18286764977615,-22.50227465951428,-22.687833431114,-21.10592030567292,-21.54343627959075,-22.307879802270374,-22.66308880775759,-23.106251747292223,-24.015242674144083,-24.43380522960345,3
