SDSS_NAME,M_u,M_g,M_r,M_i,M_z,M_FUV,M_NUV,M_2j,M_2h,M_2k,M_W1,M_W2,community,u_g,g_r,r_i,i_z,FUV_NUV,j_h,h_k,W1_W2,opt_mir
125547.61+401230.7,-24.29571378820668,-24.43175909607053,-24.757965455432736,-24.951397233562734,-25.116649056794568,-22.13382056332084,-24.0734147171746,-25.021421892768004,-25.306409316200615,-25.38428655674944,-26.101906779413177,-26.96336004326057,0,0.13604530786384927,0.32620635936220665,0.19343177812999812,0.1652518232318343,1.9395941538537613,0.28498742343261085,0.07787724054882617,0.8614532638473911,1.1505095458504435
125645.80+141426.8,-24.72321875308256,-25.00609488958296,-25.41455884923437,-25.672600196600325,-25.898456688544695,-22.10144637415832,-23.87418619618028,-26.22030842181491,-26.560473844513208,-26.265991286044283,-27.36712802552266,-28.26125496746561,0,0.282876136500402,0.40846395965141014,0.2580413473659533,0.22585649194436996,1.7727398220219577,0.3401654226982984,-0.2944825584689248,0.8941269419429503,1.694527828922336
125716.34+511758.1,-23.325576720588828,-23.594466380834483,-23.915865692439528,-24.01525426452852,-24.255592794744228,-23.75181566910269,-23.628781215433825,-24.21926273883346,-24.85957276822317,-24.806305098509075,-25.37634946553118,-26.10310164369501,0,0.2688896602456552,0.3213993116050453,0.09938857208899066,0.24033853021570906,-0.12303445366886478,0.6403100293897097,-0.05326766971409569,0.726752178163828,1.3610952010026622
125719.53+005018.9,-24.951072919783893,-25.202702118155155,-25.630368964691527,-25.81783972649012,-26.0909937831756,-23.199602137022488,-24.743802791389744,-26.57712174430142,-26.92739204474802,-26.841759089402355,-27.43744360991192,-28.35696116795385,0,0.25162919837126196,0.427666846536372,0.18747076179859334,0.27315405668547754,1.5442006543672555,0.3502703004466028,-0.08563295534566606,0.9195175580419281,1.6196038834217994
125722.13+254638.0,-24.461660435031884,-24.76671417353017,-25.24915973149804,-25.45413485978124,-25.708129009708465,-19.67147057438829,-22.509662566186112,-26.331343352998417,-26.90589427635486,-27.078769425544383,-26.940044993552156,-27.435142201075543,0,0.3050537384982839,0.48244555796787125,0.20497512828320197,0.25399414992722313,2.838191991797821,0.5745509233564441,0.1728751491895224,0.4950972075233864,1.4859101337709149
125731.44+404206.9,-24.100839970672045,-24.42112618776548,-24.809413782414627,-25.053647186851297,-25.363880573114223,-20.66366920838085,-23.767387749433457,-25.49926966712984,-26.022613193977413,-25.925598988044385,-25.943225520276386,-26.497668282282973,0,0.32028621709343597,0.388287594649146,0.2442334044366703,0.31023338626292585,3.103718541052608,0.5233435268475723,-0.09701420593302856,0.5544427620065875,0.8895783334250886
125914.84+672011.8,-25.134245816111807,-25.10750410763513,-25.498417970520645,-25.60942480224721,-25.80398419256725,-19.42068534611613,-19.920651568559894,-26.07095000598933,-26.56831816359964,-26.97998360467306,-26.455071211881545,-26.901030678807363,0,-0.026741708476677672,0.39091386288551533,0.11100683172656645,0.19455939032003755,0.49996622244376354,0.49736815761030684,0.4116654410734206,0.44595946692581734,0.8456464096343339
125924.28+445105.0,-24.956226374968,-25.394094303546037,-26.01278438643992,-26.11881827332984,-26.215502652449352,-21.898955250297263,-23.65311271654473,-26.22358832368242,-26.990079608999235,-26.760049769981126,-26.581101365373296,-26.94415146584326,0,0.43786792857803647,0.6186900828938846,0.106033886889918,0.09668437911951244,1.7541574662474666,0.766491285316814,-0.23002983901810836,0.36305010046996244,0.46228309204345663
125944.09+445444.1,-24.698146075587037,-24.82143186132153,-25.07691236917162,-25.25710486441665,-25.515304247110823,-21.67768974805423,-24.23425995340164,-25.4035994588303,-25.853556352971285,-26.0042038769627,-26.34092924816326,-27.216838432418488,0,0.12328578573449178,0.25548050785009124,0.18019249524503067,0.25819938269417264,2.556570205347409,0.4499568941409855,0.15064752399141312,0.875909184255228,1.0838243837466095
125948.78+342322.5,-25.923377612586084,-26.149083224617737,-26.499935500869853,-26.634239789112165,-26.87745689221899,-24.358167865511327,-25.758388368343645,-26.828616860648324,-27.129156599660057,-26.938159902035117,-27.32280709650703,-27.917901969728035,0,0.2257056120316534,0.350852276252116,0.134304288242312,0.24321710310682576,1.400220502832319,0.30053973901173237,-0.19099669762493932,0.5950948732210044,0.6885673073948659
130020.21+045854.3,-24.89798771351504,-24.972403693398377,-25.301129859922646,-25.563421839786336,-25.76983318976715,-18.662560640953448,-19.611419202769223,-26.05737974559205,-26.549146436996924,-26.98070429557128,-26.74923085150932,-27.55782693483621,0,0.07441597988333726,0.32872616652426956,0.26229197986369,0.20641134998081512,0.9488585618157757,0.49176669140487306,0.43155785857435447,0.8085960833268899,1.1858090117229843
130023.84+151856.0,-24.34326153159989,-24.612881035840044,-24.93946476102586,-25.092972104648457,-25.390207100306064,-22.349038313186824,-23.21125195693193,-25.955028526983725,-27.105260306614245,-26.3449841799824,-26.36836511662221,-27.17086800122492,0,0.26961950424015413,0.3265837251858166,0.15350734362259644,0.29723499565760747,0.8622136437451076,1.15023177963052,-0.7602761266318439,0.8025028846027098,1.2753930119737547
130058.58+193559.4,-23.10272522027776,-23.324664982016284,-23.74951657847579,-23.86428447892417,-24.09219631956161,-22.33191489285621,-22.735203163295825,-24.314004957535417,-24.47856612453648,-24.658564566189533,-25.36126827834067,-25.996206397056017,0,0.22193976173852192,0.4248515964595079,0.1147679004483777,0.2279118406374394,0.4032882704396137,0.1645611670010645,0.17999844165305134,0.6349381187153469,1.4969837994165012
130100.86+281944.7,-25.1976986849638,-25.386099629189488,-25.72726683150552,-25.90295119317553,-26.18118462865841,-24.586564993043503,-25.529737713004128,-26.411779996324345,-26.63123108847696,-26.678700073256277,-27.603894594381032,-28.54234681845509,0,0.18840094422568754,0.3411672023160328,0.17568436167000812,0.27823343548288193,0.943172719960625,0.21945109215261382,0.047468984779317935,0.9384522240740587,1.7009434012055031
130111.46+340629.7,-23.900448304195496,-24.227250016458942,-24.65350990891641,-24.99986641431126,-25.205948884266743,-23.18069095631757,-23.70091239234243,-25.545664303362766,-25.79087802699011,-26.059915700794505,-26.39174425194913,-27.30367615621583,0,0.3268017122634461,0.4262598924574661,0.3463565053948514,0.20608246995548285,0.5202214360248618,0.2452137236273444,0.2690376738043945,0.911931904266698,1.391877837637871
130124.73+475909.5,-24.586480881059277,-24.64817212698876,-25.086996981596783,-25.160085477432517,-25.416229375197062,-19.33207328843749,-20.732628154289515,-26.40443811049896,-26.492178808732383,-26.63580783772325,-26.487768671525263,-27.25953987159264,0,0.061691245929484495,0.438824854608022,0.07308849583573362,0.25614389776454516,1.4005548658520262,0.08774069823342501,0.1436290289908655,0.7717712000673771,1.3276831940927458
130236.35+305146.8,-24.221889707202603,-24.396857822361987,-24.730481792189867,-24.895866766252936,-25.121034425330382,-22.305832782678664,-23.803333755047937,-25.138479054754782,-25.66100816747232,-25.863083141746294,-26.450097205267987,-27.23422790719751,0,0.17496811515938404,0.33362396982787956,0.16538497406306973,0.22516765907744585,1.4975009723692736,0.5225291127175389,0.20207497427397314,0.7841307019295236,1.5542304390150505
130403.73+085728.4,-24.90046564095423,-25.082939187147065,-25.34147592748536,-25.475265059695232,-25.769888214053303,-21.091180928886388,-23.642930437759198,-25.93797962776708,-26.210446364768465,-26.481785260520976,-26.832738589599977,-27.70775784741141,0,0.18247354619283485,0.2585367403382932,0.13378913220987343,0.29462315435807085,2.5517495088728097,0.272466737001384,0.27133889575251047,0.8750192578114344,1.3574735299047447
130430.59+130218.0,-25.62981066695667,-25.84755972106757,-26.2328584932259,-26.38943655808804,-26.65083315452373,-20.423337479239628,-23.34932924082684,-26.98622391283528,-27.27195588190801,-27.57310429240849,-27.669194016169296,-28.539694139984014,0,0.21774905411090018,0.3852987721583325,0.15657806486213843,0.26139659643569146,2.9259917615872126,0.2857319690727316,0.30114841050048113,0.8705001238147183,1.2797574580812565
130443.58+200104.1,-24.272158309891815,-24.378477522984845,-24.711042464917377,-24.8677604591168,-25.127880129239596,-20.240057499890195,-23.056393854632717,-26.07491462179289,-26.48919118553227,-26.85671699347194,-26.12431008365599,-26.98947291276537,0,0.10631921309303038,0.3325649419325316,0.1567179941994219,0.2601196701227977,2.8163363547425213,0.4142765637393815,0.36752580793967127,0.86516282910938,1.2565496245391898
130501.45+381034.5,-22.8227767886337,-23.0150318938415,-23.489718667999625,-23.722168803918372,-23.951921078005444,-22.260518537335457,-22.40005853565752,-24.07733120262652,-24.54700319639944,-24.503108651130223,-24.86441266680728,-25.616276363322893,0,0.1922551052077992,0.4746867741581262,0.23245013591874653,0.22975227408707255,0.1395399983220642,0.4696719937729199,-0.0438945452692181,0.7518636965156134,1.1422438628889076
130522.74+511640.2,-24.44124068194153,-24.567788565465744,-25.054255990218188,-25.23980496002689,-25.34548133824224,-24.023891650541955,-24.369645281626767,-25.36802498041657,-25.798107786467043,-26.02101719961192,-26.57807295717796,-27.559528091296205,0,0.1265478835242142,0.4864674247524441,0.1855489698087034,0.10567637821534959,0.3457536310848113,0.43008280605047133,0.2229094131448761,0.9814551341182458,1.3382679971510676
130534.03+611754.0,-24.61269749935223,-24.63183142151833,-25.148750640156003,-25.295149830104137,-25.62656422201872,-21.97009627324815,-21.04135389469958,-26.157929651967365,-26.73722388137272,-26.9137175423127,-26.808475798815053,-27.784413621671483,0,0.01913392216610177,0.5169192186376712,0.14639918994813428,0.3314143919145849,-0.92874237854857,0.579294229405356,0.17649366093997898,0.9759378228564302,1.513325968710916
130923.06+253331.1,-24.83572779144473,-25.01208574981512,-25.423017479110875,-25.532353853267104,-25.79780964650398,-20.213205625430597,-23.54635715892177,-25.82833694433495,-26.18130603084076,-26.5505886043164,-26.67753479985758,-27.596132017577776,0,0.17635795837039225,0.41093172929575417,0.10933637415622854,0.2654557932368746,3.333151533491172,0.3529690865058086,0.3692825734756404,0.9185972177201975,1.1451809465904752
130928.92+260748.4,-24.808787295262988,-25.0234452731791,-25.327284970859434,-25.35104012906499,-25.58315504006219,-21.440407993928304,-24.54781757083233,-25.98719785561182,-26.20626116166532,-26.36572243949775,-26.78047367640242,-27.71077017597688,0,0.21465797791611152,0.3038396976803348,0.023755158205556626,0.2321149109972005,3.1074095769040255,0.21906330605349922,0.15946127783242758,0.9302964995744603,1.4294335473374282
130943.71+254336.0,-24.996365969443207,-25.13075951052707,-25.441973026270507,-25.577931140847443,-25.835372383149657,-23.931605862930645,-25.11165243125721,-26.07068005457303,-26.26437075979201,-26.15645952565252,-26.81489675740031,-27.733358558152048,0,0.13439354108386325,0.3112135157434359,0.13595811457693685,0.2574412423022139,1.1800465683265635,0.1936907052189767,-0.10791123413948966,0.9184618007517393,1.2369656165528653
130957.20+020206.9,-24.730828271965173,-25.13160317475352,-25.512177668290253,-25.680228446685973,-26.00800982386464,-22.430894638703457,-24.03145100271411,-26.67192792334482,-27.006684737733654,-27.083906500314058,-27.19005678350452,-27.723401042813947,0,0.4007749027883456,0.38057449353673434,0.16805077839572036,0.32778137717866684,1.6005563640106537,0.3347568143888324,0.07722176258040392,0.5333442593094269,1.509828336818547
131007.99+634103.5,-20.617079444030107,-21.47198126504424,-21.987891381935512,-22.118356532161187,-22.24989839966693,-17.0007858915473,-19.36430650860032,-22.12654257137992,-22.65656043035091,-23.11306190774411,-23.02083229020109,-23.37651520091354,0,0.8549018210141313,0.5159101168912734,0.13046515022567462,0.13154186750574226,2.3635206170530196,0.5300178589709894,0.4565014773931999,0.35568291071245284,0.9024757580399019
131131.99+373408.2,-24.76949529853354,-25.00092477239314,-25.28716604988042,-25.448623096805044,-25.662365347400456,-23.06188366193657,-24.773622164878763,-25.998623420663307,-26.10083326328173,-25.859964535148467,-26.39836566832492,-27.216190507333486,0,0.23142947385960255,0.286241277487278,0.1614570469246246,0.21374225059541274,1.7117385029421932,0.10220984261842148,-0.2408687281332611,0.8178248390085656,0.9497425715198773
131209.10+210923.1,-24.145548262398798,-24.5840891334015,-25.161165698761213,-25.345463410070444,-25.58696054463611,-19.834045372524024,-18.653270236847792,-26.14242375943721,-26.895789720230688,-26.68501758389621,-26.64768327069797,-27.56087172426885,0,0.4385408710027008,0.5770765653597145,0.184297711309231,0.24149713456566602,-1.1807751356762317,0.7533659607934773,-0.21077213633447656,0.9131884535708785,1.3022198606275275
131248.73+425236.7,-25.56519145372245,-25.598281901379075,-26.09087709564301,-26.289726633037137,-26.427809089181416,-22.34759959281053,-23.5339518944288,-26.61009981966701,-27.3899490290911,-27.407554729677837,-27.24168768583212,-28.04273289446777,0,0.033090447656626054,0.4925951942639344,0.19884953739412836,0.1380824561442786,1.186352301618271,0.7798492094240892,0.017605700586738493,0.8010452086356494,0.9519610527949816
131315.96+091820.6,-25.33502164906248,-25.60190657366283,-25.933211400641643,-26.02925993239604,-26.267464358605974,-23.87180538979504,-24.99576502291994,-26.518515353398666,-27.01255378347185,-26.823291223500792,-27.120762948523247,-28.011451596815323,0,0.26688492460035107,0.3313048269788119,0.09604853175439843,0.23820442620993276,1.123959633124901,0.4940384300731857,-0.18926255997105912,0.8906886482920768,1.0915030161272057
131327.87+124258.4,-24.185723467749355,-24.702687752607684,-25.089786211031026,-25.29272342164669,-25.63999450923062,-21.088264779141408,-23.765024855272674,-26.211406064110832,-26.57210124296901,-26.701734526094267,-26.970586964762397,-27.840583006362422,0,0.5169642848583287,0.3870984584233419,0.20293721061566572,0.3472710875839269,2.6767600761312664,0.36069517885817604,0.12963328312525846,0.8699960416000252,1.6778635431157056
131329.53+404320.8,-24.184783919884644,-24.239126712700237,-24.58613237137625,-24.81429477273236,-25.092334995156,-21.80721983314584,-24.543632200119216,-25.564705181827605,-25.67606555179628,-25.666691774260286,-26.4863996096628,-27.38284163737322,0,0.054342792815592844,0.3470056586760144,0.22816240135610855,0.2780402224236411,2.7364123669733758,0.1113603699686756,-0.009373777535994776,0.896442027710421,1.6721048369304405
131536.75+191459.9,-24.36637680874434,-24.992020277987404,-25.39359104816112,-25.677952600442183,-26.00254326342985,-20.080283840163197,-21.68499775201848,-26.221638697537436,-26.696140175275904,-26.8089209739922,-26.94479974092125,-27.603419314037808,0,0.6256434692430624,0.40157077017371634,0.2843615522810623,0.32459066298766714,1.6047139118552813,0.4745014777384675,0.11278079871629743,0.6586195731165567,1.2668471404790687
131549.55+411129.2,-24.475051896050424,-24.561101026757008,-24.77666988259577,-24.926110352813755,-25.11404734756231,-23.44675209836557,-24.501298043586004,-25.40062999265531,-25.54480832963237,-25.303088739724963,-26.57268435322048,-27.373148386248136,0,0.08604913070658426,0.21556885583876095,0.14944047021798568,0.1879369947485543,1.0545459452204327,0.14417833697705973,-0.24171958990740805,0.8004640330276551,1.6465740004067264
131602.82+471032.8,-24.738587708053675,-24.864924873195545,-25.192207096605376,-25.231713112506704,-25.49364781373041,-22.912249733624527,-24.415740031518776,-25.904095836308727,-26.236834026703946,-26.165806769410647,-26.542806125156755,-27.580457713996424,0,0.12633716514186943,0.3272822234098314,0.03950601590132763,0.261934701223705,1.503490297894249,0.3327381903952187,-0.07102725729329862,1.037651588839669,1.3110930126500513
131741.87+573049.5,-24.439133621596167,-24.619844234466765,-24.964203655921352,-25.182714092586952,-25.43897044641946,-18.78466045431748,-22.19723295110056,-26.42038200122054,-26.576182508533854,-26.70425699516722,-26.46237842281864,-27.08335784374417,0,0.1807106128705982,0.34435942145458753,0.21851043666559988,0.25625635383250867,3.4125724967830813,0.15580050731331596,0.1280744866333663,0.6209794209255293,1.2796643302316895
131831.21+481512.0,-24.38155936581929,-25.056965039863417,-25.57996962919698,-25.78342048995525,-26.16812201672883,-17.785720861621105,-23.595586380513986,-26.560928607748146,-26.59624332490081,-26.834614646080205,-27.17262838734464,-27.93617920444389,0,0.6754056740441285,0.5230045893335635,0.20345086075827012,0.38470152677357916,5.809865518892881,0.035314717152665764,0.2383713211793932,0.7635508170992473,1.3892078973893902
131956.81+422208.3,-23.976066873990245,-24.20150060917357,-24.689827666619813,-24.84644280735184,-25.15792761397332,-20.891245396323583,-22.56683070941978,-24.988731463924577,-25.306960358791752,-25.662006377287906,-26.20168229069972,-27.02873652053485,0,0.22543373518332643,0.4883270574462415,0.15661514073202554,0.3114848066214826,1.675585313096196,0.3182288948671754,0.3550460184961537,0.8270542298351309,1.35523948334788
132052.19+574737.3,-22.818677838502108,-23.20303843952609,-23.911243918904965,-24.06458073283736,-24.31876694398403,-20.75861204098736,-21.57447530407025,-24.11382428179991,-24.18694935553684,-24.33819654351568,-24.21270884934002,-24.907860418408525,0,0.38436060102398173,0.7082054793788757,0.15333681393239473,0.2541862111466706,0.8158632630828926,0.07312507373692867,0.1512471879788393,0.6951515690685035,0.14812811650266156
132055.95+173855.2,-24.75518831993551,-24.98609907353572,-25.47857698093044,-25.69836247763677,-25.98620348750076,-18.743667384088205,-23.12286744879772,-26.552930960426025,-26.68374685910444,-26.753065995726,-26.56224931654604,-26.98895304959858,0,0.23091075360020952,0.4924779073947221,0.2197854967063293,0.287841009863989,4.379200064709515,0.1308158986784136,0.0693191366215622,0.42670373305254117,0.86388683890927
132101.20+400013.5,-25.11342964904002,-25.348449616999996,-25.68686757769576,-25.79945853583697,-26.075136094835877,-15.90163588335968,-18.60541319228863,-26.38398751918062,-26.592255623238568,-26.740138866532543,-27.40588378949135,-28.38409622892997,0,0.2350199679599747,0.33841796069576446,0.11259095814120812,0.27567755899890756,2.7037773089289505,0.2082681040579466,0.1478832432939754,0.978212439438618,1.6064252536543826
132120.48+574259.5,-25.605328700317543,-25.797234814045268,-26.14114596584384,-26.269757623454904,-26.49362489449045,-23.07839321321712,-24.603338831252614,-26.61438584574817,-27.17827250793247,-27.11192790744141,-27.37172599124712,-28.160891601970707,0,0.19190611372772537,0.34391115179857223,0.12861165761106363,0.2238672710355445,1.5249456180354954,0.5638866621842986,-0.06634460049106039,0.789165610723586,1.1019683677922174
132139.56+002357.6,-24.776972507159968,-25.04279154648736,-25.471889850040625,-25.65455203657028,-25.885938280225,-21.856231750934867,-23.801174552395278,-26.257279543913217,-26.853175000199336,-26.493659666042312,-26.79919441997695,-27.429155454904368,0,0.26581903932739337,0.42909830355326406,0.1826621865296545,0.23138624365472182,1.9449428014604102,0.5958954562861187,-0.35951533415702386,0.629961034927419,1.1446423834066692
132146.46+392011.4,-24.00917650961396,-24.564635812484784,-25.09017895036409,-25.20405685461557,-25.49779988787518,-21.387086509803638,-23.579575939377587,-25.7718635318682,-26.141986485458844,-26.347752045355644,-26.20217166032085,-26.61122406635299,0,0.5554593028708226,0.525543137879307,0.1138779042514777,0.2937430332596094,2.19248942957395,0.37012295359064495,0.20576555989680045,0.40905240603213855,0.9981148057052813
132147.96+191647.3,-23.85754549932386,-24.058969353507305,-24.553183308429084,-24.78598848052852,-24.93761482878179,-22.63219318581934,-23.70284403428641,-24.876662190803444,-24.92634027433869,-24.851251664647283,-25.656160655272064,-26.450936681818945,0,0.20142385418344588,0.4942139549217792,0.23280517209943596,0.15162634825327004,1.0706508484670714,0.04967808353524461,-0.07508860969140585,0.7947760265468808,0.8701721747435442
132201.35+495835.0,-23.599297735550465,-24.06071600061637,-24.42288621209889,-24.777502800321823,-25.17071286836661,-21.819636927589315,-23.638185048604544,-25.634875159629857,-25.46769929157243,-25.7067662863105,-25.80929539563704,-26.30542558964412,0,0.46141826506590533,0.36217021148252115,0.35461658822293174,0.3932100680447874,1.8185481210152297,-0.16717586805742712,0.2390669947380708,0.4961301940070797,1.031792595315217
132224.06+482027.6,-24.25699521880522,-24.421381758154716,-24.78223513906595,-25.013189535895886,-25.20421576995317,-23.58324160832161,-24.01935246105524,-25.452650205023613,-25.78401855263655,-26.039297077977075,-26.246973425721265,-27.066674806432463,0,0.16438653934949699,0.36085338091123376,0.23095439682993657,0.1910262340572828,0.4361108527336306,0.331368347612937,0.2552785253405254,0.8197013807111979,1.2337838898253786
132231.81+042726.0,-24.271931482727396,-24.393542967483604,-24.656507024641325,-24.844843772643067,-25.0182036199784,-23.232074469949776,-23.943931127901468,-24.95771402480861,-25.48329057572455,-25.18934079981125,-25.944612221686885,-26.891326056269094,0,0.1216114847562082,0.26296405715772053,0.18833674800174194,0.17335984733533394,0.7118566579516923,0.5255765509159396,-0.29394977591329763,0.9467138345822086,1.0997684490438182
132232.23+303211.9,-24.4390041642473,-24.716017201493557,-25.025367983801107,-25.183069563048765,-25.388508612831952,-22.711898646294134,-23.736488676422045,-25.343782862812255,-25.641951639526894,-25.649629982493007,-25.68298709330136,-26.401621853899595,0,0.27701303724625603,0.30935078230755053,0.15770157924765726,0.2054390497831875,1.0245900301279107,0.2981687767146397,0.0076783429661126945,0.7186347605982348,0.49991753025259555
132237.19+382943.5,-23.624734162877235,-23.806912887250583,-24.15152045122956,-24.258295722679804,-24.431545761204173,-23.263473733028704,-23.65117177325061,-24.756304822194387,-25.25879091518208,-25.222306451039337,-25.839213082406413,-26.811012923448864,0,0.18217872437334748,0.3446075639789754,0.10677527145024612,0.17325003852436893,0.3876980402219061,0.5024860929876915,-0.03648446414274176,0.9717998410424507,1.5809173597266089
132406.07+262921.2,-24.905377356653855,-25.11772463261794,-25.50771345404877,-25.760054626304093,-26.05319555215721,-22.52994244545577,-24.25933268281566,-26.5498190456646,-26.841477019069877,-27.02587471577449,-27.28601423591651,-28.072189783348524,0,0.21234727596408476,0.3899888214308298,0.25234117225532415,0.29314092585311613,1.7293902373598904,0.2916579734052789,0.18439769670461104,0.7861755474320127,1.5259596096124177
132426.81+564121.2,-24.468567614205384,-24.785178847484737,-24.940457245358576,-25.005540048982468,-25.19359649399513,-20.52022756747813,-23.824813607963844,-25.12975555864578,-25.59302749487668,-26.043090442128637,-26.61170361098196,-27.48465703550793,0,0.31661123327935314,0.15527839787383968,0.0650828036238913,0.18805644501266272,3.304586040485713,0.4632719362308997,0.4500629472519577,0.8729534245259707,1.606163561999491
132552.17+663405.7,-25.076790696227043,-25.14460580402324,-25.54339003205686,-25.7155577843448,-25.95994905656313,-20.36732299540355,-21.660525755764805,-26.49910541751612,-26.5794977137682,-26.85730925555398,-26.935898483712545,-27.541679844299992,0,0.06781510779619637,0.39878422803361957,0.17216775228794035,0.2443912722183299,1.293202760361254,0.08039229625207867,0.2778115417857805,0.6057813605874465,1.2203406993677461
132606.17+190851.4,-24.248646907556516,-24.310057094360083,-24.885497596339864,-25.04575549398113,-25.35286400188225,-22.80073043711099,-23.965770931229116,-25.807926900308757,-26.387329738133463,-25.87747233993173,-26.29483902915181,-26.787142307884608,0,0.0614101868035668,0.5754405019797808,0.16025789764126586,0.30710850790111976,1.1650404941181272,0.5794028378247056,-0.5098573982017314,0.49230327873279833,1.24908353517068
132644.96+434804.5,-23.85333544194692,-24.002309924355576,-24.4279303615301,-24.65615077136548,-24.839957815093808,-23.14782417538308,-23.752928045195624,-25.27791377454556,-25.612576554096005,-25.88113746145604,-26.014829307821103,-26.90060895176347,0,0.1489744824086543,0.4256204371745227,0.22822040983538017,0.18380704372832923,0.6051038698125453,0.3346627795504453,0.26856090736003324,0.8857796439423673,1.3586785364556242
132645.50+612954.4,-24.41559814889853,-24.57116944775104,-24.905207129444644,-25.0217046842308,-25.23006183003896,-23.2673951457206,-24.219778507522516,-25.323926668734288,-25.59600493211288,-25.79581346235332,-26.32665384481805,-27.21280687355117,0,0.15557129885251086,0.33403768169360504,0.11649755478615731,0.2083571458081579,0.9523833618019175,0.2720782633785923,0.1998085302404391,0.8861530287331192,1.304949160587249
132700.91+380058.4,-24.78528043030576,-24.881451506632704,-25.2619165537886,-25.44079461086864,-25.718064091597785,-22.985108897120675,-24.32716755371257,-25.794811466207285,-26.4763233974001,-26.42870330096146,-26.480303549515572,-27.065259496484234,0,0.096171076326943,0.38046504715589435,0.17887805708004123,0.2772694807291458,1.3420586565918953,0.6815119311928157,-0.04762009643864218,0.5849559469686625,1.0395089386469323
132736.56+033128.3,-25.2086998500943,-25.784455979167618,-26.254655400940354,-26.45857426095538,-26.72286300095572,-22.719321972093745,-24.69950309243133,-27.004950741182032,-27.37396152288253,-27.15116951176105,-27.973845343450986,-29.06120200717991,0,0.5757561290733193,0.47019942177273677,0.20391886001502613,0.26428874000033886,1.9801811203375834,0.3690107817004993,-0.22279201112148073,1.0873566637289258,1.5152710824956053
132747.47+284259.9,-24.873226818819266,-25.248406296458853,-25.644731895652548,-25.724226027482608,-25.972141024754045,-19.214298153587645,-22.27726638088892,-26.34315013750127,-26.663392072867424,-27.19793184076844,-27.035883028090783,-28.00290664709215,0,0.3751794776395876,0.3963255991936947,0.07949413183006016,0.24791499727143673,3.062968227301276,0.3202419353661554,0.5345397679010162,0.9670236190013668,1.3116570006081751
132807.47+274108.6,-24.727967265202523,-24.966267570718006,-25.2984677937967,-25.484210437489622,-25.76712817125937,-22.44745050644011,-24.6069597643498,-25.773409574725907,-25.912674673961096,-26.07598101107778,-26.67024179796513,-27.504850258548835,0,0.23830030551548376,0.33220022307869357,0.18574264369292237,0.2829177337697466,2.15950925790969,0.13926509923518893,0.1633063371166834,0.8346084605837056,1.186031360475507
132843.42+015119.5,-25.279265899409456,-25.485423106440408,-25.75482660044818,-25.94058930267472,-26.141437312521365,-23.950667625003444,-25.4673116358408,-26.62232393747292,-26.760466541429256,-26.74992605145853,-27.33413558759317,-28.1996442308622,0,0.20615720703095164,0.2694034940077721,0.18576270222654045,0.20084800984664497,1.5166440108373571,0.13814260395633582,-0.010540489970725986,0.8655086432690311,1.3935462849184503
132848.89+372959.7,-25.23035382327596,-25.412036537935496,-25.758277410615182,-25.925535192942576,-26.174509776301257,-24.013351860792408,-25.180114528665698,-26.46917585484637,-26.687314359244564,-26.708711663283903,-27.2067774977376,-28.09811642073228,0,0.18168271465953723,0.3462408726796866,0.1672577823273933,0.24897458335868095,1.1667626678732894,0.21813850439819404,0.021397304039339815,0.8913389229946773,1.2812423047950254
132850.29+305420.0,-22.30628790280403,-22.48184689565393,-22.78348610289871,-22.996224041598907,-23.225325761885514,-22.4369499571232,-22.485813930644778,-23.16520830491953,-23.5407244817606,-23.850061058916687,-24.31386425552731,-24.991115939845997,0,0.17555899284990062,0.30163920724477933,0.2127379387001973,0.22910172028660725,0.04886397352157701,0.3755161768410673,0.3093365771560883,0.6772516843186871,1.317640213928403
132921.75+144431.2,-24.245804150281813,-24.403436980730465,-24.676467371410645,-24.743091945375667,-24.944232917181036,-22.984544118144974,-23.67125937616677,-24.75182798055667,-25.242607137588685,-25.50745773120183,-25.896627621996664,-26.87124053432199,0,0.15763283044865162,0.2730303906801801,0.0666245739650222,0.20114097180536916,0.6867152580217954,0.4907791570320157,0.26485059361314356,0.9746129123253269,1.1535356766209972
132943.72+363851.5,-23.93838107364872,-24.14491377990198,-24.53165681779749,-24.779545907045545,-25.03838470795113,-22.87463393661431,-24.110128522730964,-25.27747971214966,-25.516787450785163,-25.91186550942597,-26.015366942797584,-26.76873038350869,0,0.2065327062532596,0.3867430378955099,0.24788908924805497,0.2588388009055862,1.2354945861166549,0.23930773863550314,0.3950780586408058,0.7533634407111052,1.2358210357520392
133127.31+182416.9,-24.226201055698244,-24.46449964745685,-24.79772882115088,-24.94720268742889,-25.11097435991773,-23.568976878541832,-24.291732260093603,-25.58132801298787,-25.74364164976913,-25.83621348777364,-26.15294973862883,-26.95688299933499,0,0.2382985917586069,0.33322917369402916,0.1494738662780115,0.1637716724888385,0.7227553815517709,0.16231363678125987,0.09257183800450974,0.8039332607061596,1.205747051199939
133129.89+410509.0,-25.22841853834968,-25.463437178562863,-25.88366660027917,-26.048276682793908,-26.221828428126216,-22.995558141030912,-23.222707313267243,-26.550846711325654,-26.849500527794145,-27.183716739434733,-27.454938637965324,-28.393519243142396,0,0.23501864021318397,0.42022942171630717,0.16461008251473785,0.17355174533230766,0.2271491722363308,0.2986538164684909,0.33421621164058735,0.9385806051770729,1.4066619551714155
133220.98+161158.5,-24.851053893656257,-24.9272521865802,-25.196960748332163,-25.361140777729087,-25.613382358601577,-22.680746441527813,-23.244810586473577,-26.207494648697427,-26.577286365284333,-26.74411079162065,-26.49739120466112,-27.297167245540145,0,0.07619829292394442,0.2697085617519619,0.164180029396924,0.2522415808724894,0.564064144945764,0.36979171658690646,0.16682442633631567,0.7997760408790242,1.1362504269320333
133401.41+461937.5,-24.67596603070064,-24.928040585445974,-25.27371522892861,-25.42061585800543,-25.74119761163479,-17.874056001036646,-21.582853843889172,-26.0945687813845,-26.74566134149695,-27.337862135663357,-26.97401863149652,-27.61929461476343,0,0.25207455474533447,0.345674643482635,0.14690062907682133,0.3205817536293587,3.708797842852526,0.6510925601124526,0.5922007941664056,0.6452759832669095,1.55340277349109
133418.63+481317.1,-24.64996069707111,-24.890547284783757,-25.18127694383365,-25.40676216386708,-25.675218570110157,-19.79582938612364,-22.148449669961995,-26.004554328265115,-26.762653717479004,-26.684905234161167,-26.398371504579785,-26.84057391642074,0,0.24058658771264874,0.29072965904989445,0.22548522003342697,0.26845640624307876,2.3526202838383554,0.7580993892138892,-0.07774848331783701,0.442202411840956,0.9916093407127065
133426.44+185228.4,-25.463934234059003,-25.46185470259997,-25.88701251499772,-25.996074038982705,-26.194783176657587,-17.163887202229848,-18.61307871081701,-26.663106048584115,-26.89613409360806,-27.20362178875729,-26.99391500389656,-27.82402576949904,0,-0.002079531459031614,0.4251578123977495,0.10906152398498392,0.19870913767488219,1.4491915085871625,0.23302804502394636,0.30748769514922714,0.8301107656024804,0.9978409649138555
133516.42+332052.9,-24.446545445764905,-24.64599631130141,-24.961156950841765,-25.14099809298458,-25.38256179694559,-23.341014890815167,-24.63982321392147,-25.649266267554196,-26.288551388118226,-25.89163101407441,-26.41832562104152,-27.166045991752814,0,0.19945086553650526,0.31516063954035545,0.17984114214281632,0.24156370396100968,1.2988083231063037,0.6392851205640291,-0.3969203740438161,0.747720370711292,1.27732752805694
133550.93+261754.7,-24.51824310102975,-24.666413136414477,-25.01442257437009,-25.222407946186863,-25.53063673298737,-19.73824561509448,-23.78635164612448,-25.375838303933275,-26.282742752758303,-26.56516835529127,-26.62439017893705,-27.277131429031453,0,0.14817003538472662,0.34800943795561423,0.2079853718167719,0.3082287868005089,4.048106031029999,0.9069044488250277,0.28242560253296745,0.6527412500944045,1.4019822327501856
133556.09+184603.4,-24.7555751072084,-25.015112307002028,-25.517921997850557,-25.590962406445737,-25.917164428632766,-21.03974339562438,-24.535032724785378,-26.31033607324783,-26.638983725439825,-26.71183600783076,-27.011329537041224,-27.648455332645756,0,0.2595371997936269,0.5028096908485296,0.07304040859517968,0.32620202218702943,3.4952893291609968,0.32864765219199654,0.07285228239093655,0.6371257956045326,1.420367130595487
133610.96+184529.9,-25.40335285288129,-25.710872360299536,-26.29535997987343,-26.613414900321303,-26.83745376884231,-19.76842239450739,-22.58649593830725,-27.45015256027301,-27.72184910944132,-27.87017601796965,-27.94230444470985,-28.484322356615824,0,0.3075195074182453,0.5844876195738955,0.31805492044787087,0.2240388685210064,2.818073543799862,0.27169654916830766,0.14832690852833252,0.5420179119059725,1.3288895443885487
133612.97+375139.9,-25.08070624933231,-25.52027888150644,-26.0688887576589,-26.258227076582987,-26.463291968275676,-18.95412437575888,-22.258926247372624,-26.83029050910965,-27.32126041094656,-27.404165580219843,-27.466947040577484,-27.992255874208556,0,0.43957263217413,0.5486098761524616,0.18933831892408648,0.2050648916926896,3.304801871613744,0.49096990183691247,0.08290516927328184,0.5253088336310725,1.208719963994497
133621.21+012221.8,-24.023173221847333,-24.078602498475604,-24.471745759282516,-24.53329758228475,-24.71727254323373,-21.12474678059397,-23.51212626954478,-24.872240628334232,-25.471496671909858,-25.467550923102703,-26.073586425794243,-26.79783763679546,0,0.055429276628270685,0.3931432608069123,0.061551823002233164,0.18397496094898003,2.3873794889508098,0.5992560435756253,-0.003945748807154814,0.7242512110012171,1.5402888435094937
133646.55+015741.8,-25.04439595542673,-25.04381763063187,-25.460685222099848,-25.541668503050825,-25.70158713873501,-22.821067388879417,-23.459695182396363,-25.89860687410013,-26.615910268715577,-26.870374965236845,-26.693746310934987,-27.442150721668472,0,-0.0005783247948585313,0.4168675914679767,0.08098328095097784,0.15991863568418552,0.638627793516946,0.717303394615449,0.2544646965212678,0.7484044107334853,1.1520778078841616
133647.14-004857.1,-25.762098745586083,-25.75368905138683,-26.032269883130063,-26.1647831261868,-26.447438118003664,-18.763934170676293,-21.682965210428844,-26.793961151430132,-27.511145874817824,-27.72468682910946,-27.55567725482831,-28.03605684599841,0,-0.008409694199254858,0.2785808317432341,0.13251324305673862,0.2826549918168624,2.91903103975255,0.7171847233876925,0.21354095429163422,0.48037959117009876,1.3908941286415093
133733.30+590622.5,-24.96789762341545,-25.191392074159552,-25.54952745783889,-25.75584092241449,-26.044032967869256,-22.80917023134384,-24.51544578536997,-26.174324931145616,-26.331605447817733,-26.37593196407273,-27.153086902889896,-28.056585147218968,0,0.22349445074410212,0.3581353836793397,0.2063134645755973,0.2881920454547675,1.7062755540261314,0.15728051667211673,0.04432651625499773,0.9034982443290716,1.3972459804754074
133754.40+234317.4,-23.89766209716011,-24.082194888599663,-24.48413622793467,-24.58300321455148,-24.843707117883103,-20.271526311235437,-23.168916853799995,-25.342205819158952,-25.36984627000918,-25.248733453162824,-26.34552499388625,-27.22888794334963,0,0.18453279143955115,0.4019413393350071,0.09886698661680882,0.2607039033316241,2.8973905425645583,0.02764045085022815,-0.121112816846356,0.883362949463379,1.7625217793347723
133823.15+261353.4,-23.83249689857407,-24.05378210262916,-24.51478366056811,-24.68866709750219,-24.92224762159189,-22.53669485563444,-23.488136690225257,-25.158723396510062,-25.95326677791077,-25.545444998317,-26.525660191985416,-27.45839936013535,0,0.22128520405508922,0.4610015579389497,0.17388343693408004,0.23358052408969954,0.9514418345908169,0.7945433814007075,-0.4078217795937711,0.9327391681499329,1.8369930944832262
133934.12+444931.3,-25.32525515490502,-25.494724734218,-25.754658464866147,-25.891548476959485,-26.135218297338707,-23.646502360556603,-25.48708682972105,-26.36118873856489,-26.686047784908418,-26.766573788708502,-27.26719677994117,-28.203926538952995,0,0.169469579312981,0.2599337306481466,0.13689001209333895,0.24366982037922114,1.8405844691644475,0.32485904634352636,0.08052600380008457,0.9367297590118255,1.3756483029816842
134006.81+184122.1,-24.6778700303971,-24.930720191718866,-25.254952368663485,-25.327346644917636,-25.527581681431023,-23.29932399276095,-23.85514105718014,-26.398128066274246,-26.67239407351433,-26.794775115366143,-26.52243726374417,-27.392984496314376,0,0.2528501613217671,0.32423217694461925,0.07239427625415118,0.20023503651338714,0.5558170644191911,0.2742660072400831,0.12238104185181342,0.8705472325702068,1.1950906188265336
134113.20+613344.3,-25.358600502275955,-25.37076889906411,-25.77405019904917,-25.891355647061363,-26.12578708947078,-20.662834861114412,-21.74371464295192,-26.33518965221085,-26.833765547187014,-27.003418668246283,-27.187544626153457,-27.98453949906587,0,0.012168396788155178,0.40328129998506057,0.11730544801219267,0.2344314424094165,1.0808797818375098,0.49857589497616317,0.16965312105926955,0.7969948729124141,1.2961889790920935
134117.06+601620.0,-24.169252995147893,-24.40697475638567,-24.75887341057338,-24.95388672093079,-25.181917208158065,-21.785410472861955,-24.087775524677816,-25.619551810562815,-25.814353041923457,-25.874590197836167,-26.29268170429495,-27.278206511619747,0,0.23772176123777555,0.3518986541877105,0.19501331035741032,0.2280304872272758,2.302365051815862,0.19480123136064265,0.060237155912709284,0.9855248073247971,1.33879498336416
134121.33-020856.4,-25.66639932597476,-25.89931112145096,-26.22249715700617,-26.27576838771729,-26.455957981154476,-22.715098527999444,-23.827426909403528,-26.839667260404564,-27.19884903534688,-27.23888568040318,-27.32139415826476,-28.04263802133014,0,0.2329117954762019,0.3231860355552101,0.05327123071111828,0.18018959343718777,1.1123283814040832,0.3591817749423143,0.04003664505630056,0.7212438630653821,1.0456257705474705
134122.50+185213.9,-25.683968321557217,-25.99245410698649,-26.371611127623154,-26.5081177409966,-26.75683970265469,-23.45269253089118,-24.245916706323385,-27.329107213293156,-27.68943137094349,-27.621371295465664,-27.82679223829155,-28.81160179881093,0,0.30848578542927285,0.379157020636665,0.13650661337344516,0.24872196165809157,0.7932241754322042,0.3603241576503322,-0.068060075477824,0.9848095605193805,1.3186744972949498
134136.72+405130.4,-24.349638019306603,-24.7778851147465,-25.166639538593127,-25.35167424971178,-25.505622123286063,-21.480635746825023,-23.71803390703285,-25.882103614234985,-26.177426946500503,-26.148077043873798,-26.62661436193437,-27.65029526410329,0,0.4282470954398967,0.3887544238466276,0.18503471111865366,0.15394787357428186,2.237398160207828,0.295323332265518,-0.02934990262670567,1.0236809021689197,1.2749401122225876
134211.97+601525.2,-24.96622488781036,-25.17403600196714,-25.49406483829651,-25.614807625040477,-25.92304042492611,-17.999583381696038,-21.65874606869872,-26.51738952222087,-27.116885822016982,-27.695831368085926,-27.3175442057626,-27.87530230118383,0,0.20781111415677955,0.32002883632937085,0.12074278674396766,0.30823279988563357,3.6591626870026808,0.5994962997961117,0.5789455460689439,0.557758095421228,1.7027365807221244
134259.16+140510.0,-24.085052526087583,-24.19512701915656,-24.42482344639355,-24.50504496002023,-24.69941655967582,-23.160234207633604,-24.169187004333917,-24.961825643040488,-24.837802610746397,-23.992672065740752,-25.977467738823982,-26.838256618309064,0,0.11007449306897499,0.22969642723699124,0.08022151362667884,0.19437159965559303,1.0089527967003136,-0.12402303229409029,-0.8451305450056452,0.8607888794850815,1.4724227788037538
134341.99+255652.9,-24.853577081387005,-25.34028146316571,-26.028507964158344,-26.20999912440693,-26.46915187764609,-19.05028878834279,-23.006823677695092,-26.84259545097566,-27.24193615562429,-27.35936406457141,-27.62824366994417,-28.236284678907285,0,0.48670438177870423,0.6882265009926343,0.18149116024858714,0.2591527532391602,3.9565348893523016,0.3993407046486297,0.11742790894711774,0.6080410089631165,1.418244545537238
134444.32+315007.6,-24.332711841548612,-24.927113131509604,-25.39537099169709,-25.64681355275657,-25.988623498041136,-18.977507470818036,-23.25026092251121,-26.208437335692604,-26.60068945204066,-26.531121578524758,-27.15923746436962,-28.093010346815483,0,0.5944012899609916,0.46825786018748516,0.2514425610594806,0.34180994528456665,4.272753451693173,0.3922521163480539,-0.06956787351590066,0.9337728824458615,1.5124239116130518
134453.90+625227.7,-25.26741915148268,-25.210583093961542,-25.61794064753972,-25.82148876094708,-25.950811962519538,-20.471797121168603,-21.70710837297024,-26.207304696295783,-26.84964603586952,-27.451158868019547,-27.08865730122031,-27.709656440487866,0,-0.05683605752113863,0.4073575535781764,0.20354811340736134,0.1293232015724577,1.2353112518016367,0.6423413395737363,0.6015128321500285,0.6209991392675569,1.2671685402732287
134553.03+133030.2,-25.795620656271357,-25.791530959988812,-26.229474775828606,-26.326683000836574,-26.49154305068528,-23.88969679648349,-24.20537122456276,-26.47854425648277,-26.679673629877648,-27.07690777235073,-27.417460760762932,-28.15853020521425,0,-0.004089696282544963,0.4379438158397946,0.097208225007968,0.16486004984870561,0.3156744280792694,0.20112937339487758,0.3972341424730814,0.7410694444513197,1.0907777599263575
134601.27+585820.0,-24.226349650283183,-24.892803589654264,-25.35089213946319,-25.51253712420359,-25.766081615426515,-19.64862330353358,-22.31905903393646,-25.846788062375623,-26.24863638874028,-26.514908769257023,-26.231347880013764,-27.029785136011007,0,0.6664539393710811,0.4580885498089273,0.16164498474039846,0.2535444912229252,2.670435730402879,0.4018483263646573,0.2662723805167424,0.7984372559972428,0.7188107558101748
134612.91+412053.0,-25.447554333964145,-25.737383973323684,-26.098480112948,-26.208362010411832,-26.420576945410705,-22.889273963969494,-23.935999837172773,-26.821375643161616,-27.060975494969004,-27.0466799849797,-27.29385453319623,-28.16736560809828,0,0.28982963935953876,0.3610961396243155,0.1098818974638327,0.21221493499887245,1.046725873203279,0.2395998518073874,-0.014295509989302957,0.8735110749020478,1.0854925227843992
134636.59+012213.8,-25.47501990376008,-25.753019553264537,-26.052099248573644,-26.13555831822877,-26.336363138008345,-23.406476475223688,-25.095839949975165,-26.791219612710925,-27.11615249854457,-27.12540676677541,-27.351116283393655,-28.19252692447197,0,0.277999649504455,0.29907969530910705,0.0834590696551274,0.20080481977957376,1.6893634747514774,0.3249328858336433,0.009254268230840523,0.8414106410783155,1.2155579651648836
134804.34+284025.3,-24.802191372736356,-24.895160583480195,-25.19949042532509,-25.373950359217226,-25.632644008492807,-19.7923976215004,-22.804280667069666,-26.181145477658827,-26.353881506628017,-26.65778854611404,-26.60972486116524,-27.0367900870712,0,0.09296921074383846,0.304329841844897,0.174459933892134,0.2586936492755818,3.0118830455692667,0.17273602896919016,0.30390703948602393,0.4270652259059595,1.2357745019480149
134809.01+280213.5,-24.41208592745976,-24.840329643394625,-25.21897779109915,-25.26427243291625,-25.410320438890317,-21.52612590038697,-23.89170770503688,-25.74491857302616,-25.997356448115507,-25.876928697064745,-26.36988115166593,-27.26042783203525,0,0.4282437159348653,0.37864814770452426,0.04529464181710097,0.1460480059740661,2.36558180464991,0.252437875089349,-0.12042775105076231,0.8905466803693223,1.1056087187496786
134821.41+072135.4,-24.309626038202957,-24.44082288567456,-24.780189879863254,-24.90026204783783,-25.0152332346379,-23.18241553825561,-24.35207502189416,-25.401974218371148,-25.49346372222116,-24.375054540322573,-26.281501830360725,-27.18859002307183,0,0.1311968474716032,0.3393669941886941,0.12007216797457687,0.11497118680006935,1.1696594836385472,0.09148950385001342,-1.1184091818985884,0.9070881927111039,1.3812397825228935
134945.16+434131.2,-25.306883771324408,-25.40019640180887,-25.880622020566307,-26.007866710116325,-26.23284929324627,-19.98622984599845,-17.670954867631604,-26.446106054389176,-26.929846504062592,-27.16281150895514,-27.14744197885152,-27.85476466374637,0,0.09331263048446203,0.4804256187574367,0.1272446895500181,0.2249825831299468,-2.3152749783668476,0.4837404496734159,0.23296500489254868,0.707322684894848,1.1395752687351965
134948.39-010621.7,-24.762888509299597,-25.110956128123657,-25.56675679907234,-25.74048594214786,-25.954210407657733,-23.722603280165828,-23.868575810363684,-25.95050627256266,-26.05573897827574,-26.11224105386666,-26.433905989509867,-27.195762351774203,0,0.3480676188240608,0.45580067094868326,0.17372914307551923,0.21372446550987334,0.14597253019785583,0.10523270571308174,0.05650207559092024,0.7618563622643357,0.6934200473620074
135015.03+381206.7,-24.32810740581548,-24.464111867456463,-24.874015405237685,-25.02624011240248,-25.34263696042801,-22.007736051773644,-23.86485914233746,-25.718538221365268,-26.139613620573847,-26.064506182881683,-26.270470093237368,-26.89391262531886,0,0.136004461640983,0.4099035377812221,0.15222470716479464,0.3163968480255299,1.8571230905638139,0.42107539920857917,-0.07510743769216432,0.6234425320814907,1.2442299808348878
135023.68+265243.1,-25.54667516863548,-25.67934360225859,-25.93898280805595,-26.022021360890765,-26.30884615152379,-21.84194134452532,-24.86638920369153,-26.517042595279044,-26.760935833302213,-26.45753612262784,-27.091349165704248,-28.052875200198866,0,0.13266843362310965,0.25963920579735955,0.08303855283481454,0.2868247906330268,3.0244478591662087,0.2438932380231691,-0.3033997106743733,0.9615260344946179,1.0693278048134829
135031.73+084354.7,-25.029358149187683,-25.064683984504526,-25.465371068297586,-25.59875309155795,-25.84950806035069,-20.10630385345044,-21.16427365679733,-26.316359001483463,-26.57440452424561,-27.355693430016988,-26.713524432525947,-27.43906833772297,0,0.035325835316843524,0.4006870837930592,0.13338202326036352,0.25075496879274084,1.0579698033468894,0.2580455227621492,0.7812889057713761,0.7255439051970214,1.114771340967998
135218.22+130241.6,-24.801779882447164,-24.96054020810465,-25.3189051029175,-25.516541014276584,-25.75205910582606,-23.243548291671697,-24.23825785698835,-25.49548723088153,-26.36314712843066,-26.2278641387556,-26.47665615309409,-27.13966199039669,0,0.15876032565748588,0.3583648948128513,0.19763591135908243,0.23551809154947634,0.9947095653166542,0.8676598975491316,-0.13528298967506203,0.6630058373025989,0.9601151388175069
135218.49+224708.9,-24.60756537455517,-25.15494832693059,-25.73836382422633,-25.96189142848221,-26.221384953070736,-19.05165165140243,-23.029848680894297,-26.54148487684428,-26.67436961619896,-26.75573909442777,-27.232881831467648,-28.076480581042635,0,0.5473829523754219,0.5834154972957393,0.22352760425588158,0.2594935245885246,3.9781970294918665,0.13288473935467948,0.08136947822881169,0.843598749574987,1.2709904029854364
135236.08+253012.2,-23.873407864075077,-24.02356629497487,-24.339280021089227,-24.377363900240606,-24.51612472282629,-21.05974687654523,-23.805293852702675,-25.29747470563369,-25.734259931456616,-25.550310174663004,-26.025015846957192,-26.937089298823977,0,0.15015843089979342,0.3157137261143568,0.03808387915137956,0.13876082258568445,2.7455469761574456,0.436785225822927,-0.1839497567936128,0.9120734518667852,1.6476519467165858
135404.63+143702.8,-24.680024091052665,-25.100077737873,-25.36707037859329,-25.579962916119737,-25.98660361864798,-21.295895365811592,-22.787522176150517,-26.20380853575501,-26.82265464333528,-26.88296611289701,-27.2603934438018,-28.231334193176444,0,0.4200536468203353,0.2669926407202894,0.21289253752644655,0.406640702528243,1.491626810338925,0.6188461075802714,0.060311469561728615,0.9709407493746447,1.6804305276820628
135506.26+292550.3,-25.21173947228819,-25.161893003102765,-25.673066938901115,-25.718216380983968,-25.89322529067296,-22.969427783602736,-23.90549771192903,-26.34630540813541,-26.58085637725532,-26.956163680013585,-26.8717147299265,-27.5981320728026,0,-0.049846469185425235,0.5111739357983502,0.04514944208285243,0.17500890968899085,0.9360699283262939,0.23455096911990836,0.37530730275826585,0.7264173428761005,1.1534983489425308
135518.03+451135.5,-24.57628428202811,-24.827971458097803,-25.137479792454705,-25.279121636729048,-25.52081795681744,-22.781721755667554,-24.13135485008072,-25.49926626321474,-25.738499492719438,-25.661015138139984,-26.384096123305053,-27.39184938441236,0,0.2516871760696944,0.3095083343569023,0.1416418442743428,0.2416963200883906,1.3496330944131643,0.23923322950469839,-0.0774843545794539,1.0077532611073075,1.1049744865760047
135648.41+072823.3,-24.975242594217168,-25.640003207018893,-26.05355273601575,-26.23640223972412,-26.63733699111462,-21.002321353095464,-24.36412854170957,-27.02193740370003,-27.041517812851087,-27.200878662424465,-27.661702639986984,-28.420418893668447,0,0.6647606128017252,0.4135495289968567,0.18284950370837194,0.4009347513904977,3.3618071886141045,0.01958040915105741,0.15936084957337826,0.7587162536814631,1.4253004002628629
135708.72+201936.1,-22.9084681199484,-23.158291369347413,-23.229593982929007,-23.413492884195215,-23.617182160867472,-22.44130713522456,-22.43586220479108,-23.682110074570737,-24.31905191062725,-24.247484847946904,-24.41277789528329,-25.030004402707725,0,0.24982324939901446,0.07130261358159373,0.18389890126620756,0.20368927667225734,-0.005444930433480266,0.6369418360565113,-0.0715670626803444,0.6172265074244336,0.9992850110880767
135718.20+284736.0,-23.777296558592173,-24.45123385809312,-24.934937393915376,-25.29646851464959,-25.23871873416231,-21.507367796487017,-22.418498526518476,-26.00077802004857,-26.416362663503207,-26.407062137663097,-24.826344232689884,-27.60832337203679,0,0.6739372995009454,0.4837035358222579,0.3615311207342131,-0.0577497804872813,0.9111307300314593,0.4155846434546362,-0.009300525840110652,2.7819791393469053,-0.47012428195970557
135748.39+080158.4,-24.643121279904893,-24.89038624755739,-25.234060145126648,-25.352846350476245,-25.58664817964905,-22.649595743548684,-24.2465058722726,-26.2325958741587,-26.580130942880405,-26.34869408073089,-27.246390284467363,-28.205038471298487,0,0.24726496765249806,0.34367389756925704,0.11878620534959694,0.2338018291728048,1.5969101287239162,0.3475350687217045,-0.23143686214951487,0.9586481868311232,1.8935439339911184
135817.59+575204.5,-25.56950831474713,-25.608291364921158,-26.04740355274611,-26.144022517030383,-26.3539815478638,-23.01724703704919,-24.969470948723657,-26.54629847716996,-26.930080403197277,-26.748104148411223,-27.29050132018073,-28.113605499224526,0,0.038783050174028944,0.43911218782495354,0.09661896428427141,0.20995903083341716,1.9522239116744657,0.38378192602731787,-0.18197625478605417,0.8231041790437956,1.1464788031503481
135828.00+481446.8,-25.142102477305308,-25.202409484770754,-25.46835175166589,-25.566488596124408,-25.785735087716763,-23.53681256564353,-24.930393156431883,-26.0243784396551,-26.300437541468256,-26.254022136688256,-26.601572082043717,-27.544015517333374,0,0.060307007465446816,0.26594226689513434,0.09813684445851933,0.21924649159235443,1.3935805907883534,0.27605910181315707,-0.04641540477999939,0.9424434352896576,1.0350834859193085
135838.41-020423.9,-24.88314972036648,-25.21804269832413,-25.55311688269312,-25.73573472424306,-25.918291218115357,-21.73166880739788,-24.600292686807105,-26.052159804521768,-26.681603938672964,-27.37911117912768,-26.745914542095267,-27.643265830781367,0,0.33489297795765083,0.3350741843689917,0.18261784154993776,0.18255649387229766,2.868623879409224,0.6294441341511963,0.6975072404547156,0.8973512886860995,1.0101798178522081
135908.35+305830.8,-25.39285091968461,-25.418222525314484,-25.869256643343636,-26.008289123351805,-26.28795021021997,-21.574606034603093,-22.04808077005531,-26.81898123671585,-27.172005325063424,-27.42698383243172,-27.360583368486875,-28.29752185369727,0,0.02537160562987495,0.4510341180291526,0.1390324800081686,0.2796610868681668,0.47347473545221774,0.35302408834757415,0.2549785073682962,0.9369384852103941,1.3522942451350701
135950.25+204703.4,-24.941497315033505,-25.03819103627325,-25.563481972961064,-25.70476646527569,-25.938784370932154,-19.52500927523816,-18.74826812421197,-26.266726388184413,-26.98324736062778,-26.5302887730999,-27.214753679799685,-28.077972402796615,0,0.0966937212397454,0.5252909366878136,0.14128449231462525,0.23401790565646508,-0.7767411510261866,0.7165209724433659,-0.45295858752787765,0.8632187229969297,1.5099872145239956
140008.54+364836.7,-24.74296193886152,-25.051442907240038,-25.40421893629596,-25.63109293337272,-25.98624077803325,-21.90479495382525,-23.86167343155548,-26.35910373950713,-26.602015177849403,-26.577875142010416,-27.161955612655728,-28.025980352088556,0,0.30848096837851813,0.35277602905592076,0.22687399707676192,0.35514784466052873,1.956878477730232,0.24291143834227213,-0.02414003583898605,0.8640247394328284,1.5308626792830076
140039.00+112022.4,-25.68812356247733,-25.82125773622652,-26.28919480526702,-26.43675992321216,-26.652408065575937,-22.635126803917164,-23.12644007703823,-26.65766647947255,-27.44892414998749,-27.51197899417171,-27.528386426395365,-28.24196898932266,0,0.13313417374919112,0.4679370690404987,0.14756511794514182,0.21564814236377572,0.4913132731210652,0.7912576705149412,0.0630548441842187,0.7135825629272965,1.0916265031832033
140051.79+463530.0,-24.91336671849132,-25.086794714850843,-25.403260862410253,-25.596793753348603,-25.858238445504288,-20.017222583058626,-23.195187412556127,-26.33389825817654,-26.638628083910305,-27.146228811885887,-26.859192876567704,-27.45816131625521,0,0.17342799635952133,0.31646614755941016,0.19353289093835002,0.2614446921556848,3.177964829497501,0.30472982573376584,0.5076007279755821,0.598968439687507,1.262399123219101
140109.13+015220.2,-24.390977240316023,-24.98181809433257,-25.43453879972594,-25.57397134026003,-25.892039901862123,-20.84541949272465,-22.229985380205328,-26.761312026961505,-26.631712000141967,-26.375732295413883,-27.028593851317,-28.00776514136456,0,0.5908408540165482,0.45272070539336795,0.1394325405340915,0.31806856160209307,1.3845658874806794,-0.12960002681953853,-0.25597970472808385,0.9791712900475567,1.4546225110569715
140224.05+535517.1,-24.78435890368243,-24.83439776229574,-25.14330395155897,-25.281164229647796,-25.52932612076903,-23.047871457209265,-24.40847188137239,-25.783131676118863,-25.912539167001626,-25.97468866458817,-26.32988680982303,-27.341061098736752,0,0.050038858613309145,0.30890618926322944,0.1378602780888265,0.2481618911212351,1.360600424163124,0.1294074908827625,0.062149497586545976,1.0111742889137219,1.0487225801752338
140320.70+101109.1,-23.74397424826878,-24.07966371985479,-24.40617856110045,-24.51778782508117,-24.75782468741557,-22.82416142596226,-23.623512695053584,-25.154340847415444,-25.527788771094745,-25.67931615297072,-25.794688646033787,-26.667483215971977,0,0.3356894715860079,0.3265148412456611,0.11160926398072135,0.24003686233439936,0.7993512690913249,0.3734479236793007,0.15152738187597592,0.8727945699381898,1.2769008209526156
140323.64+242757.8,-24.979684777357505,-25.13163593329052,-25.380848435317063,-25.52349411974322,-25.762112373304827,-23.331265267412316,-24.170585634512094,-26.149856468384492,-26.58260138962497,-26.74666645968862,-26.612047792726138,-27.563344286481257,0,0.15195115593301622,0.24921250202654122,0.14264568442615655,0.23861825356160793,0.8393203670997771,0.43274492124047725,0.1640650700636499,0.9512964937551196,1.0885536729829184
140326.91+561307.4,-24.87324798265359,-25.063392224000367,-25.43455345413827,-25.63027981936872,-25.79604046811773,-22.723120072590216,-24.14898860430357,-26.723858409111493,-26.78019884348401,-26.65060917264061,-26.47904149235011,-27.101994297522687,0,0.19014424134677554,0.37116123013790414,0.19572636523044906,0.16576064874901064,1.4258685317133555,0.05634043437251535,-0.1295896708433979,0.6229528051725772,0.8487616729813894
140338.83+604809.4,-24.18460891268728,-25.14860024070694,-25.88813411824183,-26.00254417412981,-26.207904509567022,-21.789204177054224,-23.495511422808853,-26.49030735607714,-26.797495913816995,-26.904170857553577,-26.90713997561923,-27.694775680644423,0,0.9639913280196595,0.739533877534889,0.11441005588797992,0.20536033543721288,1.7063072457546298,0.3071885577398561,0.10667494373658215,0.7876357050251919,0.9045958014894211
140342.68+224427.0,-24.36403894809762,-24.578699923354414,-24.96760157500621,-25.14759224914309,-25.3364913761984,-21.486483976898327,-23.73322275925784,-25.474477032177106,-26.1860023136997,-26.43404161744842,-26.523090071158997,-27.469895794422246,0,0.21466097525679473,0.38890165165179624,0.17999067413688152,0.18889912705530776,2.246738782359511,0.7115252815225936,0.24803930374871896,0.9468057232632496,1.3754978220159053
140402.16+102800.6,-24.741145476854605,-24.999075029236696,-25.363800954841224,-25.59969494727216,-25.916768728186057,-22.987377522193224,-24.56705854080741,-26.325597832594656,-26.35542875396832,-26.419013510790005,-26.979709668074246,-27.939074492019003,0,0.25792955238209103,0.3647259256045281,0.23589399243093467,0.3170737809138977,1.5796810186141848,0.029830921373662278,0.06358475682168674,0.9593648239447568,1.3800147208020874
140409.53+064005.8,-23.63204140210396,-23.77774707674684,-24.135528566570336,-24.277103137859157,-24.546805259336,-23.24798207573872,-23.686724697373407,-25.096246075833932,-25.323875127393197,-25.490377857600222,-25.848702584131825,-26.471052254271196,0,0.14570567464287976,0.3577814898234948,0.141574571288821,0.26970212147684336,0.43874262163468813,0.2276290515592656,0.166502730207025,0.6223496701393714,1.5715994462726677
140432.67+233519.1,-23.28800686970584,-23.838717274751826,-24.196108989799157,-24.3922229244299,-24.78739147926113,-18.49167682097116,-22.059821799985365,-25.08370996774935,-25.6312542547637,-25.71191763902753,-26.36338125088633,-27.30662534001469,0,0.5507104050459866,0.35739171504733136,0.19611393463074123,0.39516855483123337,3.5681449790142032,0.5475442870143503,0.08066338426382913,0.9432440891283598,1.9711583264564325
140434.54+613905.2,-24.900388279339666,-25.20711604197194,-25.686179801759632,-25.90059937931897,-26.16667025396584,-21.53394967267832,-23.55973101750568,-26.576242719159996,-27.15410965116701,-26.910285195725645,-27.460208655277757,-28.48778803212274,0,0.3067277626322742,0.47906375978769233,0.21441957755933672,0.2660708746468714,2.025781344827358,0.5778669320070122,-0.2438244554413629,1.027579376844983,1.5596092759587883
140456.06+003953.9,-24.616306744668844,-24.890840769863136,-25.12545018721712,-25.247421720667816,-25.564790455831066,-22.67372910200957,-24.10995984688597,-25.9741004367697,-25.97585826980466,-25.9807749744109,-26.88253184620005,-27.838323628142827,0,0.27453402519429204,0.23460941735398322,0.12197153345069722,0.3173687351632495,1.4362307448764007,0.0017578330349614646,0.004916704606237943,0.9557917819427786,1.6351101255322327
140549.72+245227.4,-23.70839070194388,-23.923631398227784,-24.329287067480884,-24.578544782844627,-24.689848159849117,-22.447277443448463,-23.64976854110944,-25.06492449183724,-25.241486885751584,-25.106480144410515,-25.548669125719844,-26.36682057573037,0,0.21524069628390308,0.40565566925310037,0.24925771536374342,0.11130337700448933,1.2024910976609782,0.17656239391434525,-0.13500674134106916,0.8181514500105251,0.9701243428752164
140701.12+212715.9,-24.86598585349315,-24.664446922742616,-25.14866940284661,-25.380448509021967,-25.624752209642804,-21.597080570225536,-22.4289020167508,-26.22616325176406,-26.441755730373668,-27.11211805583137,-26.46317170511468,-27.004964685683888,0,-0.20153893075053375,0.4842224801039947,0.23177910617535602,0.2443037006208364,0.8318214465252645,0.21559247860960795,0.6703623254577025,0.541792980569209,1.0827231960927115
140704.43+273556.6,-25.304330307095803,-25.403465664833377,-25.822410688826302,-25.93624886630017,-26.162014791371707,-23.3356239543462,-24.203477853400766,-26.550914481681488,-26.81490981341072,-27.461609140097156,-27.13926481033012,-27.89452982766373,0,0.09913535773757332,0.41894502399292577,0.11383817747386615,0.22576592507153848,0.8678538990545661,0.2639953317292303,0.6466993266864378,0.7552650173336133,1.20301594402995
140753.62+174836.0,-23.41733727584889,-23.51063802176653,-23.856400771021587,-23.967670049184765,-24.33742744646358,-23.06831436666844,-23.020470265386493,-24.131092032817417,-24.413828107193943,-24.532087970724067,-24.94776141655745,-25.587911464652517,0,0.09330074591763804,0.34576274925505857,0.11126927816317789,0.3697573972788142,-0.04784410128194594,0.28273607437652615,0.11825986353012397,0.6401500480950659,0.9800913673726868
140810.27+104717.1,-24.89292022556548,-25.27027080210396,-25.769788431097314,-25.876448944434216,-26.08879451519871,-20.53415775658768,-21.120967507328,-26.79703473496196,-26.96027083296765,-27.02598681451969,-26.84802699576406,-27.33708053331864,0,0.37735057653847903,0.49951762899335606,0.10666051333690163,0.21234557076449434,0.586809750740322,0.16323609800569017,0.06571598155203873,0.48905353755458236,0.9715780513298427
140813.33+494348.7,-24.56764243527958,-24.75573611183108,-25.04588412999858,-25.233038986358224,-25.47420904962662,-22.55222627297014,-24.500928276676625,-25.71796731326718,-25.91838769829776,-26.024857786835117,-26.524789167195703,-27.42091181566217,0,0.18809367655149956,0.2901480181674998,0.18715485635964413,0.2411700632683953,1.948702003706483,0.20042038503057924,0.10647008853735684,0.8961226484664664,1.2917501808374787
140848.80+650528.0,-25.69100411164684,-25.82238796924498,-26.103949420995413,-26.16760113181973,-26.38831690768101,-19.28913978543217,-19.972662565815032,-26.84679409823371,-27.188439891297367,-27.302113916632027,-27.45097393628352,-28.0430914066441,0,0.13138385759813787,0.28156145175043434,0.06365171082431687,0.22071577586127944,0.6835227803828623,0.34164579306365894,0.1136740253346602,0.5921174703605772,1.2833728044637915
140854.16+565743.2,-22.862709347352283,-23.10561634692112,-23.59319015237904,-23.791800239708262,-23.962517804638413,-22.18904204168246,-22.31427172057702,-23.9646276873513,-24.216110271459304,-24.57209532656717,-24.74459005905788,-25.53385874863281,0,0.242906999568838,0.4875738054579202,0.19861008732922159,0.17071756493015044,0.12522967889455927,0.25148258410800395,0.3559850551078654,0.7892686895749286,0.9527898193496185
140931.16+383812.6,-24.771419900228345,-25.074337527824817,-25.417116950417387,-25.488060285549874,-25.762511154417297,-21.43697913240173,-24.37183279910547,-26.23170064694219,-26.68188119268161,-26.47663815451397,-26.93268794006316,-27.790474908899625,0,0.30291762759647156,0.3427794225925709,0.07094333513248685,0.2744508688674223,2.934853666703738,0.45018054573942123,-0.2052430381676409,0.8577869688364643,1.4446276545132868
141000.18+064340.0,-24.98614720207468,-25.21280782144058,-25.633425839102166,-25.815280356271547,-26.119896836955835,-23.024021387855107,-24.896050871552905,-26.35271061218409,-26.67605303223084,-26.446348266837337,-27.13965133553068,-27.951786669408104,0,0.22666061936590154,0.42061801766158524,0.18185451716938061,0.30461648068428815,1.8720294836977978,0.3233424200467496,-0.22970476539350315,0.8121353338774249,1.3243709792591325
141104.23+470140.1,-24.12571009462201,-24.25895603932037,-24.54557984102108,-24.590798726186392,-24.785198018239807,-21.33550334274149,-24.06831038315394,-24.999785745848477,-25.29667479583353,-24.68140428632868,-25.877399988788063,-26.748621784943637,0,0.13324594469835915,0.2866238017007099,0.04521888516531192,0.194399292053415,2.7328070404124496,0.29688904998505095,-0.6152705095048496,0.8712217961555737,1.2866012626016712
141105.86+170703.5,-24.852561379235343,-25.02223927369768,-25.34211600805483,-25.494326339922573,-25.669256580853187,-23.17709358025033,-24.71022238043252,-25.427688364680375,-25.972684171598782,-26.00759529809809,-26.78633355727717,-27.693259375166107,0,0.1696778944623354,0.3198767343571518,0.15221033186774235,0.17493024093061393,1.5331288001821903,0.5449958069184078,0.03491112649930628,0.9069258178889363,1.2920072173545982
141129.79+433453.2,-24.11316765039049,-24.518176278396737,-24.931972507700387,-25.102846876806996,-25.34223141010784,-22.13664189729167,-23.65213192954316,-25.6986483253076,-25.92193013447084,-26.157441497138908,-26.08056710280693,-26.945420679528358,0,0.4050086280062466,0.41379622930364945,0.1708743691066097,0.23938453330084286,1.5154900322514884,0.2232818091632396,0.23551136266806694,0.8648535767214263,0.9777202259999349
141205.96+032320.9,-25.14823707499425,-25.430442948564167,-25.64971184194028,-25.72565371739013,-25.92496582658393,-21.734047122642377,-24.72032732272728,-26.179745321902047,-26.414499101276544,-26.404997810033933,-27.07083019154545,-28.11831919415235,0,0.282205873569918,0.219268893376114,0.07594187544984976,0.19931210919379794,2.9862802000849022,0.23475377937449693,-0.009501291242610677,1.0474890026068984,1.3451764741553198
141206.16+241801.7,-24.374973189354865,-24.4768148413549,-24.95198628314324,-25.20149718789184,-25.46375075567482,-21.44528300622189,-23.746433355620823,-25.91981665143952,-26.457834915447837,-26.382268289277636,-26.61353837342245,-27.48247267547733,0,0.10184165200003648,0.47517144178833703,0.24951090474860038,0.2622535677829809,2.3011503493989345,0.5380182640083184,-0.07556662617020038,0.8689343020548783,1.4120411855306116
141312.57+564113.3,-23.60151668830249,-23.99298281943648,-24.61373058699603,-24.897226180428223,-25.190073678016827,-21.83707809670109,-22.797542112295694,-25.347526683355177,-25.60612238934732,-25.72998142997332,-25.831757594911924,-26.49236379648912,0,0.391466131133992,0.6207477675595499,0.28349559343219255,0.2928474975886033,0.9604640155946029,0.25859570599214265,0.12385904062600162,0.6606062015771954,0.9345314144837005
141347.98+211821.6,-24.681741114065694,-24.801359472654568,-25.143213909645784,-25.316152499349037,-25.54183726171759,-22.722936116723016,-24.516569161803588,-26.015290665516552,-26.264053591998056,-26.170891118290257,-26.58548567723577,-27.54675384256024,0,0.11961835858887326,0.3418544369912162,0.1729385897032536,0.22568476236855162,1.793633045080572,0.2487629264815041,-0.09316247370779962,0.9612681653244692,1.2693331778867325
141354.40+262339.7,-24.372252733759375,-24.64739109070849,-25.05113382063347,-25.21168358559738,-25.469919257461317,-22.618419470877413,-24.39797477023184,-26.130460329661855,-26.308211971552712,-25.945368064661647,-26.90667371579178,-27.79362029732893,0,0.2751383569491139,0.40374272992498206,0.1605497649639105,0.25823567186393603,1.7795552993544277,0.17775164189085757,-0.36284390689106516,0.8869465815371491,1.6949901301943981
141421.12+144718.4,-24.830860581521257,-24.89089781634701,-25.19091571158843,-25.34047820172676,-25.60656400097925,-21.049752951571644,-22.975178151909336,-26.00327531593937,-26.45298359609731,-26.776108530424864,-26.700322157615325,-27.486481071921745,0,0.06003723482575296,0.300017895241421,0.14956249013832945,0.2660857992524903,1.925425200337692,0.4497082801579424,0.3231249343275522,0.7861589143064194,1.3598439558885644
141518.93+261302.7,-22.41178408770369,-22.73893679524426,-23.10522961038245,-23.182609276993063,-23.51503554824763,-21.46919126494356,-21.624056722502075,-23.42088986620768,-23.845063643759577,-23.97349144232329,-24.67385641357739,-25.529651369202572,0,0.32715270754057,0.36629281513819123,0.0773796666106108,0.3324262712545689,0.15486545755851466,0.42417377755189634,0.12842779856371322,0.855794955625182,1.4912471365843274
141601.20+293929.9,-24.80645191780213,-24.91974461079572,-25.20121064490123,-25.34169170387397,-25.61135192714748,-22.28825445488242,-23.82594782500869,-25.63241171510237,-26.302349582599238,-26.068757704247982,-26.564896763686978,-27.518110661063115,0,0.11329269299359268,0.2814660341055095,0.140481058972739,0.2696602232735117,1.53769337012627,0.6699378674968663,-0.2335918783512554,0.9532138973761377,1.223205059813008
141644.37+441557.4,-24.99172111003964,-25.34817173575681,-25.699166208326595,-25.731654628565288,-25.961012877490585,-22.59995731100169,-24.281192698758453,-26.371390700187806,-26.589629406647703,-26.649937618919203,-26.86541881910771,-27.832384805107065,0,0.35645062571716934,0.3509944725697842,0.032488420238692584,0.22935824892529766,1.6812353877567645,0.2182387064598963,0.06030821227150085,0.9669659859993551,1.133764190542422
141645.25+171052.4,-24.538334772098526,-24.75212595921424,-24.91747561999145,-24.932355410233683,-25.252720396437866,-20.959341480599004,-23.557981021039527,-25.78935329471786,-25.96818254938483,-25.834147612574245,-26.30132555472414,-27.23034143969037,0,0.21379118711571365,0.1653496607772098,0.01487979024223307,0.32036498620418286,2.598639540440523,0.1788292546669723,-0.1340349368105862,0.9290158849662298,1.3689701444904578
141721.69+170129.2,-24.944700808032657,-25.07224400325812,-25.48627794917508,-25.62637660390202,-25.84055514681913,-20.169840524564275,-22.61622069044458,-26.36628027280762,-26.622303382545464,-26.633246678203705,-26.829576381785817,-27.490004488188102,0,0.12754319522546353,0.41403394591695886,0.14009865472694116,0.2141785429171108,2.4463801658803064,0.2560231097378427,0.01094329565824026,0.6604281064022857,1.2031997778837962
141822.89+585806.4,-25.40950449981284,-25.26799920519789,-25.69763962572169,-25.90976709531366,-26.03169171800404,-21.63589349396588,-23.27984291333574,-26.42480095310829,-26.874278429561503,-27.65806550375922,-27.07116338040677,-27.767868953276967,0,-0.14150529461495154,0.4296404205237998,0.21212746959197304,0.12192462269037918,1.6439494193698607,0.44947747645321456,0.7837870741977184,0.6967055728701972,1.161396285093108
141832.04+340830.2,-25.04670521600977,-25.251364188519155,-25.583872346253287,-25.66077807838396,-25.896430610746837,-22.9816378641982,-24.76462725459221,-25.852762975387463,-26.402106369429223,-26.39903657231085,-26.75848996768587,-27.69183489651466,0,0.20465897250938525,0.3325081577341322,0.07690573213067253,0.2356525323628773,1.782989390394011,0.5493433940417596,-0.003069797118371298,0.9333449288287916,1.0977118893019089
141848.83+340710.9,-24.778547683649904,-25.04532798919904,-25.295528545148866,-25.47962558262313,-25.74201654599397,-22.909605068923035,-24.41944675564569,-25.926847524916163,-26.267546032320663,-26.09675919164881,-26.79114693559797,-27.779527640928688,0,0.2667803055491369,0.2502005559498244,0.1840970374742632,0.2623909633708408,1.5098416867226554,0.34069850740450036,-0.1707868406718518,0.9883807053307194,1.3115213529748395
141849.61+132458.1,-24.843042521298837,-25.01372133766567,-25.366881845687946,-25.584240014991774,-25.869254642971107,-19.52396490658129,-19.19941418778241,-26.299927522621463,-26.453530357351195,-26.448675274104517,-26.811259194949827,-27.206082328450684,0,0.17067881636683424,0.35316050802227394,0.21735816930382867,0.28501462797933286,-0.3245507187988821,0.1536028347297318,-0.004855083246678049,0.3948231335008572,1.2270191799580523
141851.06+085228.0,-25.70470226862845,-25.843381788407115,-26.20019277250269,-26.440631497279966,-26.67490412618508,-20.128883665955623,-22.55136115289735,-27.195467649275628,-27.44806560873102,-27.68593578312193,-27.587840215827324,-28.14552656784513,0,0.1386795197786661,0.3568109840955742,0.24043872477727746,0.23427262890511358,2.4224774869417267,0.2525979594553931,0.23787017439090974,0.5576863520178073,1.1472087185473576
141917.02+113347.6,-23.87874501509924,-24.136168036613853,-24.547668408487176,-24.687171405521863,-24.824189856998625,-23.50713791327836,-23.16043920829519,-24.734392406233237,-25.370760202607084,-25.57925737194286,-26.16380371236136,-27.094894808772786,0,0.2574230215146116,0.41150037187332345,0.13950299703468616,0.13701845147676295,-0.3466987049831687,0.6363677963738468,0.2084971693357751,0.931091096411425,1.4766323068394982
141925.48+074953.5,-25.59698082589209,-25.566570384067276,-26.090068231689457,-26.261915803825616,-26.471940949865346,-23.68926152949952,-24.058133398305777,-26.646669673660934,-27.129505710291028,-27.55582565663021,-27.42382035590908,-28.341395143322547,0,-0.030410441824813006,0.5234978476221812,0.17184757213615853,0.21002514603972955,0.3688718688062558,0.48283603663009345,0.4263199463391807,0.9175747874134679,1.1619045520834632
141949.39+060654.0,-25.528212711530163,-25.71655102235128,-25.850540169180224,-25.874452304506,-26.07640728892985,-23.83689187021436,-24.904969110176268,-25.97719865303915,-26.35190993372555,-26.734193980663107,-26.944373869025835,-27.98441375582495,0,0.1883383108211163,0.13398914682894514,0.023912135325776518,0.20195498442384974,1.0680772399619087,0.3747112806864017,0.38228404693755635,1.0400398867991143,1.0699215645198343
142108.71+224117.4,-25.91539105428654,-25.875890277663046,-26.221882014014767,-26.524933879796453,-26.81041218218821,-19.093327353496434,-22.31564990968901,-27.38556967151134,-27.827021107633254,-28.30199574696323,-28.168865347945324,-28.799455731894025,0,-0.039500776623494716,0.34599173635172065,0.3030518657816863,0.28547830239175553,3.2223225561925766,0.4414514361219126,0.4749746393299752,0.6305903839487002,1.643931468148871
142110.21+392137.8,-24.728795913492394,-24.708049147005365,-25.18876783673836,-25.25797521392149,-25.452121044223997,-22.846912854269068,-23.04664632217706,-25.524300507514315,-25.85893693374808,-26.65496449713926,-26.50900917894784,-27.32402530513541,0,-0.020746766487029333,0.4807186897329956,0.06920737718312964,0.19414583030250654,0.1997334679079934,0.33463642623376444,0.7960275633911813,0.8150161261875724,1.2510339650263482
142136.36+371128.8,-24.883105319490937,-25.049048123510158,-25.266247379969982,-25.4767701408363,-25.715332935630613,-22.39913352910833,-23.21825046313168,-25.913728539172585,-26.50570188002963,-26.83257392927399,-26.7133168804575,-27.603738651353048,0,0.16594280401922035,0.21719925645982485,0.2105227608663185,0.23856279479431208,0.8191169340233522,0.5919733408570451,0.3268720492443613,0.8904217708955464,1.2365467396212004
142147.79+105249.5,-24.89258712221773,-25.06100030097448,-25.45076251319938,-25.58352155103237,-25.865086887856904,-22.443900489505413,-24.01634962559308,-25.38365410796141,-26.47844559977255,-26.27694357926955,-26.34838104261858,-26.97250209468384,0,0.16841317875675088,0.38976221222489826,0.13275903783299015,0.281565336824535,1.5724491360876662,1.09479149181114,-0.2015020205029998,0.6241210520652594,0.7648594915862112
142151.57+021352.7,-24.216554952169933,-24.5272316106086,-25.01126172456516,-25.12888293291297,-25.366657555937355,-15.60268265283843,-18.694365843561275,-25.96086526208047,-26.33860581916756,-26.866450904810748,-26.052372654913484,-27.00745770519317,0,0.3106766584386662,0.48403011395656037,0.11762120834780987,0.2377746230243858,3.0916831907228453,0.3777405570870904,0.527845085643186,0.9550850502796848,0.9234897220005145
142213.95-012046.6,-24.901967258044508,-25.102828054534555,-25.42923057758693,-25.54336581955648,-25.833937241695622,-22.96416492332417,-24.04716376519965,-26.28772483171119,-26.928301212639195,-26.545209581615623,-26.881958668024044,-27.71107505831224,0,0.20086079649004773,0.3264025230523764,0.11413524196954938,0.29057142213914133,1.0829988418754795,0.6405763809280032,-0.38309163102357147,0.8291163902881955,1.338592848467563
142227.78+632438.1,-22.192185715739893,-22.40135574856421,-22.76810114792329,-22.92492125564854,-23.16112599661321,-21.11029182242864,-21.58214467143827,-23.27042260279727,-23.67557503244413,-23.955171144321454,-24.1993795401872,-24.88002633127563,0,0.2091700328243178,0.366745399359079,0.15682010772525246,0.23620474096466992,0.47185284900963254,0.4051524296468578,0.2795961118773249,0.6806467910884315,1.2744582845386567
142239.09+545620.3,-23.431401329741504,-24.29980631906141,-24.819548114433765,-25.121544647632454,-25.423587564249345,-20.586076600307493,-21.833225540162942,-25.99030109625706,-25.99398044922737,-25.6638676372864,-26.40430534081289,-27.31037426488368,0,0.868404989319906,0.5197417953723544,0.3019965331986896,0.302042916616891,1.2471489398554496,0.003679352970308969,-0.33011281194096753,0.9060689240707909,1.2827606931804354
142240.36-010646.1,-23.74600841596812,-24.08184553926537,-24.42483844577942,-24.482943031676957,-24.68569013632458,-22.71188116369257,-23.86568108780224,-24.8115707415922,-25.00530689445444,-25.23641440917609,-25.77306481313821,-26.58611849171097,0,0.33583712329724946,0.342992906514052,0.05810458589753509,0.20274710464762435,1.15379992410967,0.19373615286223966,0.23110751472164992,0.8130536785727607,1.2901217814612522
142310.50+093357.1,-25.507675487435925,-25.78796328506033,-26.049907282518777,-26.09964921477089,-26.358304090431457,-22.741203417548064,-24.95600218420472,-26.477027265842302,-26.803896758758636,-26.94357244290921,-27.232165838056535,-28.249695343546136,0,0.28028779762440337,0.26194399745844876,0.0497419322521111,0.258654875660568,2.2147987666566564,0.3268694929163338,0.13967568415057485,1.0175295054896019,1.132516623285646
142315.24+375220.0,-24.468290142565507,-24.82213559103923,-25.248092474901963,-25.456820831251203,-25.754120826888823,-20.34557452342919,-23.864098172553007,-26.17322482440477,-26.54936399892243,-26.778020214467816,-26.729436027218657,-27.50293088668264,0,0.3538454484737237,0.4259568838627317,0.20872835634924058,0.2972999956376192,3.518523649123818,0.376139174517661,0.22865621554538507,0.7734948594639839,1.2726151959674539
142322.27+443459.8,-23.556768033007028,-23.79067479343669,-24.06324179566107,-24.183085422283074,-24.35813862807312,-22.27155429149745,-22.84915682428345,-24.411218660258896,-24.955946423523912,-25.276066320760854,-25.578601554405864,-26.294648060334133,0,0.23390676042966163,0.2725670022243811,0.11984362662200354,0.17505320579004646,0.5776025327860026,0.5447277632650156,0.32011989723694256,0.7160465059282686,1.3955161321227898
142326.05+325220.3,-26.22428404069309,-26.46774714650236,-26.957854231895023,-27.21087177925689,-27.438076212698995,-19.256771686584727,-24.38467516484682,-28.017315219769586,-28.453196075725725,-28.534605502228978,-28.64693196469365,-29.244406306103254,0,0.24346310580927266,0.4901070853926619,0.25301754736186766,0.22720443344210395,5.127903478262091,0.4358808559561389,0.081409426503253,0.5974743414096046,1.4360601854367587
142330.09+115951.2,-24.61772846656189,-24.81512648477707,-25.22101992657437,-25.43580807192129,-25.797345476903267,-21.27737118774605,-23.78974004770311,-26.403914591747277,-26.81555808383441,-26.73093546313617,-26.840428829958547,-27.35605055599092,0,0.197398018215182,0.4058934417972999,0.21478814534691892,0.36153740498197706,2.5123688599570606,0.41164349208713347,-0.08462262069824078,0.5156217260323714,1.4046207580372574
142459.51+384246.2,-24.569162351154915,-24.816650839505687,-25.36031330831174,-25.465088856988803,-25.66962234653958,-19.318123133924814,-23.04900205331884,-26.07771522135839,-26.48235731875976,-26.536731874481013,-26.624463261593423,-27.39960168824348,0,0.24748848835077197,0.5436624688060512,0.10477554867706473,0.20453348955077644,3.7308789193940264,0.40464209740137136,0.05437455572125316,0.7751384266500558,1.1593744046046197
142522.21+283622.3,-24.55022006337942,-24.91887837610764,-25.316820882206592,-25.481582458918503,-25.85236472196197,-23.172953142892577,-23.933655911104516,-26.151543112673835,-26.94371273057573,-26.633040804762185,-27.060838065929328,-27.827738996943097,0,0.36865831272821836,0.39794250609895343,0.1647615767119106,0.3707822630434663,0.7607027682119387,0.7921696179018944,-0.3106719258135442,0.7669009310137689,1.5792556070108255
142539.01+331009.4,-24.52884503489616,-24.653583961007907,-25.010621808294893,-25.18200371888421,-25.456389001963785,-20.76822205820269,-21.46476342410034,-25.903777687524315,-26.28295473414054,-26.549208803287915,-26.57997501055958,-26.93803355201738,0,0.1247389261117462,0.3570378472869855,0.17138191058931795,0.27438528307957455,0.6965413658976516,0.3791770466162241,0.2662540691473758,0.358058541457801,1.3979712916753684
142543.10+044712.5,-24.319320899628234,-24.605538524911665,-24.95045404587968,-25.12561894449052,-25.39189097215285,-20.967369778214668,-23.858032675316,-25.53310854609408,-25.91076995568088,-26.297652140705505,-26.288459571112707,-27.277661823236773,0,0.286217625283431,0.3449155209680157,0.17516489861083784,0.2662720276623318,2.8906628971013326,0.37766140958679983,0.3868821850246249,0.9892022521240662,1.162840626622188
142544.40+174755.5,-25.193312286164694,-25.149973951000653,-25.54349576162789,-25.664179592868948,-25.824467149560466,-23.53311217109912,-24.01934099455506,-26.33575811424961,-26.488140552376667,-26.695739005383565,-26.75662758787032,-27.47061671537144,0,-0.04333833516404084,0.393521810627238,0.12068383124105608,0.16028755669151806,0.48622882345593865,0.15238243812705576,0.2075984530068986,0.7139891275011188,1.092447995001372
142550.71+240403.3,-23.941371310420365,-24.300566676493435,-24.799584750148767,-24.872807805642235,-25.056566336472237,-24.27546901287268,-23.971110218069505,-25.243375304763592,-25.352462176952937,-25.48981770343531,-25.73544154190188,-26.356686234430537,0,0.35919536607307023,0.499018073655332,0.07322305549346808,0.18375853083000138,-0.30435879480317496,0.10908687218934432,0.1373555264823736,0.6212446925286557,0.8626337362596459
142704.90+291654.5,-23.93775244236437,-24.14804662787168,-24.534280766530184,-24.816744141051515,-24.96097158121873,-23.082368380688717,-23.364607377515952,-25.15366202706451,-25.61411245327145,-25.723676406579216,-25.96704426450045,-26.860592224717525,0,0.21029418550730838,0.3862341386585051,0.2824633745213312,0.14422744016721367,0.2822389968272354,0.46045042620693977,0.10956395330776658,0.8935479602170737,1.150300123448936
142808.38+143300.3,-25.26936855160608,-25.477567959404983,-25.816501347311217,-25.95999530931764,-26.14919583071861,-19.927490041325846,-23.18027806063479,-26.42286680939858,-26.642715047193388,-26.666538174244582,-26.698214643802565,-27.167324147955163,0,0.2081994077989009,0.3389333879062342,0.14349396200642417,0.18920052140097,3.2527880193089445,0.21984823779480678,0.023823127051194604,0.46910950415259833,0.7382193344849242
143043.59+534516.8,-24.64203866622088,-24.831936102120228,-25.25619210261776,-25.459928811333537,-25.69016047602978,-19.160968852421885,-23.09015632035247,-25.97177752732649,-26.24763137517873,-26.82168372832372,-26.686725810039388,-27.40288689177284,0,0.18989743589934704,0.4242560004975324,0.20373670871577687,0.23023166469624456,3.9291874679305856,0.27585384785223965,0.5740523531449888,0.7161610817334534,1.2267969987058507
143132.07+052701.1,-24.70885064285824,-24.856278743586056,-25.22975975189358,-25.39871031497793,-25.6817358653831,-22.678973352856296,-24.41858162782644,-25.653484394354283,-26.380711589845717,-26.219184039053037,-26.312900780920263,-27.028973085535203,0,0.1474281007278151,0.3734810083075253,0.16895056308434775,0.28302555040517063,1.739608274970145,0.7272271954914338,-0.16152755079268033,0.71607230461494,0.9141904659423332
143148.09+053558.0,-26.060525045887324,-26.23634939903254,-26.619983364661103,-26.85016540903109,-27.15163108332782,-23.482811290023395,-24.54221774958189,-27.622626995009657,-27.90751787655785,-28.14156481367486,-28.155279501488547,-28.970495629443874,0,0.1758243531452166,0.38363396562856167,0.23018204436998602,0.30146567429673254,1.0594064595584953,0.2848908815481934,0.23404693711701086,0.8152161279553276,1.3051140924574582
143157.94+341650.2,-24.31859094327638,-24.54428951921292,-24.98825973561128,-25.00950237504515,-25.306472334009324,-24.208204065114614,-24.410854231953977,-25.52823719523545,-25.613587752171902,-25.69279017363974,-26.03721135460275,-26.84848111779252,0,0.22569857593654064,0.443970216398359,0.021242639433872057,0.2969699589641728,0.2026501668393621,0.08535055693645077,0.07920242146783707,0.8112697631897703,1.0277089795575982
143253.72+460343.8,-24.64451269571565,-25.063054848287063,-25.475240193599213,-25.69900737038936,-26.05202046624244,-20.394513056461985,-24.696854965344265,-26.03383752465353,-26.24441681566317,-26.23536588279596,-26.84260673248214,-27.396546018225006,0,0.4185421525714119,0.41218534531214956,0.22376717679014746,0.35301309585307905,4.30234190888228,0.2105792910096369,-0.009050932867207706,0.5539392857428673,1.143599362092779
143256.62+494844.1,-25.411780727689628,-25.459829739439137,-25.9772492208599,-26.11936449395682,-26.272477072378603,-18.121840593072665,-20.725937829232485,-26.86974979047652,-27.426299660874367,-27.57111989345182,-27.337489780066843,-28.034382385548177,0,0.04804901174950871,0.5174194814207631,0.14211527309691974,0.1531125784217835,2.60409723615982,0.5565498703978484,0.1448202325774517,0.6968926054813345,1.2181252861100234
143329.79+151029.3,-24.57874810146332,-24.76629648310055,-25.15365426953296,-25.288053099809638,-25.50394157606904,-21.29494668437744,-24.071967056570244,-25.95130285933254,-26.29126316615148,-26.238095058646685,-26.55930217095645,-27.346305427879106,0,0.18754838163723164,0.3873577864324105,0.13439883027667676,0.21588847625940133,2.777020372192805,0.3399603068189414,-0.053168107504795614,0.7870032569226559,1.271249071146812
143420.67+465055.3,-24.513841128930267,-24.887401803478127,-25.31774975888761,-25.51271584189901,-25.748475879214517,-19.69972486563626,-22.883325147221612,-26.199653632103825,-26.8080115588361,-26.8184394279793,-26.747832923634423,-27.34499471074004,0,0.37356067454786057,0.43034795540948423,0.19496608301139773,0.235760037315508,3.1836002815853526,0.6083579267322747,0.010427869143200041,0.5971617871056161,1.2351170817354138
143531.50+260710.1,-23.433886389730365,-23.656898961026943,-24.161168644579465,-24.37491049997983,-24.62821557522516,-22.866648835503693,-23.039188042041456,-24.89441416504355,-24.933171221065308,-25.05701681932236,-24.99994283012078,-25.6046109649279,0,0.2230125712965787,0.504269683552522,0.2137418554003645,0.2533050752453292,0.17253920653776333,0.038757056021758274,0.1238455982570521,0.6046681348071203,0.6250323301409502
143614.14+105905.6,-24.983721903696523,-25.123715850343963,-25.50040815235549,-25.696600030317143,-25.93375393960569,-22.43951380885942,-24.12848245658084,-26.129966337285907,-26.20656178948025,-26.187591491669156,-26.7443551851484,-27.35555210915919,0,0.13999394664744003,0.37669230201152715,0.1961918779616525,0.23715390928854774,1.6889686477214205,0.0765954521943435,-0.018970297811094383,0.6111969240107911,1.0477551548312576
143645.80+633637.9,-25.83119885559921,-25.9700334244399,-26.342901662988496,-26.57959855396325,-26.863087112778608,-20.61048303016588,-21.98038771467141,-27.522711767475727,-27.791434898446163,-28.14626082210536,-27.671874374133647,-28.275517036074145,0,0.13883456884068934,0.37286823854859463,0.23669689097475555,0.28348855881535684,1.3699046845055278,0.2687231309704359,0.35482592365919885,0.6036426619404978,1.0922758201703964
143714.47+395457.0,-24.5253314247512,-24.6473690510776,-25.17553446614057,-25.38252327904365,-25.67640012018633,-20.30459410901547,-22.301772394278625,-25.978094035784636,-26.66649113937298,-26.49105962642212,-26.73561242933543,-27.508404382027297,0,0.12203762632639936,0.5281654150629684,0.2069888129030808,0.29387684114268,1.997178285263157,0.6883971035883434,-0.17543151295085835,0.7727919526918683,1.3530891502917797
143748.28-014710.7,-26.829289637267447,-26.99046966712531,-27.315536646945965,-27.4906528362568,-27.756677265668174,-25.174156347912174,-26.49183735765648,-27.958457595772877,-28.10604388403423,-28.22929241454127,-28.804209248291546,-29.83076974144071,0,0.16118002985786362,0.32506697982065447,0.1751161893108346,0.26602442941137383,1.3176810097443052,0.14758628826135123,0.12324853050704121,1.0265604931491659,1.313556412034746
143819.07+170033.2,-25.32829114944485,-25.35492751378818,-25.68471272132394,-25.842176353967115,-26.05222227176263,-23.003079887996545,-24.13190868886541,-26.423171515250804,-26.75269820842166,-26.89462254992624,-27.199173777802788,-27.81117875284676,0,0.026636364343328722,0.32978520753576035,0.1574636326431751,0.21004591779551518,1.1288288008688632,0.32952669317085537,0.14192434150458055,0.6120049750439733,1.3569974238356721
143829.97+613037.5,-24.962905386380733,-25.0355932537894,-25.287294274165674,-25.46316191348013,-25.581104951063683,-23.7861991492732,-24.80862871195676,-25.75695217881928,-26.002113189068343,-25.76770151121368,-26.141696346385334,-26.72186974030832,0,0.07268786740866773,0.25170102037627373,0.17586763931445404,0.1179430375835544,1.0224295626835591,0.24516101024906334,-0.23441167785466277,0.580173393922987,0.6785344329052059
143901.36+504241.0,-24.970707076055277,-25.0261601416762,-25.466245221652997,-25.621560918189623,-25.882404312583123,-20.745546539106687,-21.501543882760817,-26.531808949726454,-26.682103561476143,-27.18852436584328,-27.06582409217676,-27.74751010631597,0,0.05545306562092378,0.4400850799767966,0.15531569653662558,0.26084339439350046,0.7559973436541298,0.15029461174968972,0.506420804367135,0.6816860141392098,1.4442631739871388
143903.59+092054.3,-24.54001344928147,-24.80048221689204,-25.087603982668146,-25.37820218812596,-25.681096466597246,-22.09027111641108,-22.525108253779543,-25.96309070371701,-26.685187137167382,-26.951723368998817,-26.47689733847797,-27.011277796618472,0,0.26046876761056836,0.2871217657761065,0.29059820545781534,0.30289427847128536,0.4348371373684614,0.7220964334503712,0.2665362318314344,0.5343804581405038,1.0986951503520075
143912.34+295448.0,-24.90029705796569,-25.59353916436367,-25.96123031590228,-26.15280201413774,-26.42065421656041,-19.73544519767371,-22.56924444204794,-27.043671472044167,-27.412080430007983,-27.592820814591544,-27.70648766679836,-28.327057917056024,0,0.6932421063979781,0.36769115153861165,0.19157169823546027,0.26785220242267016,2.83379924437423,0.36840895796381545,0.18074038458356156,0.6205702502576642,1.5536856526606186
143921.69+414923.5,-23.28741780324621,-23.947758747591497,-24.378365473357697,-24.704240973709958,-25.049096155681035,-18.65488910761239,-22.807580969844405,-25.69136748064972,-25.553857719102023,-25.834510292502888,-25.865894744918272,-26.44108646951801,0,0.6603409443452861,0.43060672576620007,0.32587550035226087,0.34485518197107723,4.152691862232015,-0.13750976154769745,0.28065257340086447,0.5751917245997369,1.1616537712083144
144001.63+610133.7,-25.044019134048938,-25.258430070281737,-25.62956832645036,-25.67228493960849,-25.92975076058507,-22.153267489652585,-23.690155364184115,-26.433016959101437,-26.60859497205296,-26.688017646365083,-26.85278866714728,-27.64197458979552,0,0.21441093623279883,0.3711382561686243,0.04271661315812736,0.2574658209765808,1.53688787453153,0.1755780129515223,0.07942267431212358,0.7891859226482403,1.1805037275387917
144042.94+582319.7,-23.568287126896063,-23.647824765034944,-23.98882969090919,-24.112094420999632,-24.317914443608668,-22.86528759111519,-23.867731026616884,-24.848190901131,-25.618268737626305,-25.640713697231988,-25.42933169908638,-26.316160338831637,0,0.0795376381388806,0.3410049258742447,0.12326473009044392,0.20582002260903565,1.002443435501693,0.7700778364953038,0.022444959605682158,0.8868286397452572,1.317237278086747
144226.04+271446.9,-25.157198637541654,-25.111247621645425,-25.6076026215106,-25.76015293786499,-25.99640597386109,-23.09726763417763,-23.26191935315915,-26.384427473970423,-26.971054285298685,-27.308487238646965,-27.25637872323776,-28.00423644503686,0,-0.04595101589622885,0.49635499986517573,0.15255031635438954,0.23625303599609992,0.16465171898152065,0.5866268113282622,0.33743295334828005,0.7478577217991003,1.4962257853727685
144309.79+014200.8,-24.632387311618164,-24.800098438907007,-25.131830604200303,-25.34942451690525,-25.585100283885552,-22.17062217236947,-24.237322433121083,-25.930814616754752,-26.3837850849512,-26.52493795380122,-26.751829728329398,-27.71222178279165,0,0.1677111272888432,0.3317321652932961,0.21759391270494532,0.2356757669803038,2.066700260751613,0.4529704681964475,0.1411528688500212,0.960392054462254,1.4024052114241492
144329.14+624750.5,-24.513786290271845,-24.70339633921157,-25.164765039583624,-25.315824968946032,-25.563521573716464,-21.857820457939123,-22.26632748399904,-26.032811984946328,-26.32746877879924,-26.484735328085684,-26.53873435767713,-27.46318046719156,0,0.18961004893972344,0.4613687003720557,0.15105992936240753,0.24769660477043232,0.4085070260599153,0.2946567938529121,0.1572665492864438,0.924446109514431,1.2229093887310967
144334.96+553538.5,-24.22011240255701,-24.275578330975776,-24.48546993638057,-24.694700680650836,-25.06567164276108,-23.72377050420827,-24.371494875945896,-25.438928880162557,-25.84421467640884,-25.55347732407325,-26.38256861622282,-27.37303857051394,0,0.05546592841876574,0.20989160540479546,0.20923074427026478,0.3709709621102455,0.647724371737624,0.40528579624628236,-0.29073735233559006,0.9904699542911217,1.6878679355719832
144413.53+385854.1,-24.90075961742673,-25.14319283295004,-25.44893088193523,-25.600065688316896,-25.86571649539138,-23.299562906814973,-24.399411432960584,-26.11857798480879,-26.371473708193097,-26.70397672053413,-26.82407181049666,-27.631271320047865,0,0.24243321552330954,0.30573804898519086,0.1511348063816662,0.26565080707448274,1.0998485261456104,0.2528957233843059,0.3325030123410322,0.8071995095512072,1.2240061221797625
144429.39+311321.2,-25.366018737354025,-25.572629466599317,-25.896491028568068,-26.087674027256888,-26.38406195113844,-21.320982044272714,-24.326357055278613,-26.73643166317084,-27.1733814446429,-27.168897849359517,-27.413289739096665,-28.348739834973067,0,0.20661072924529122,0.3238615619687515,0.19118299868882005,0.29638792388155366,3.005375011005899,0.4369497814720589,-0.004483595283382158,0.9354500958764014,1.3256157118397773
144441.93+201819.3,-24.60709387366129,-24.741053593344517,-25.153074621261883,-25.38373708019065,-25.67373789651703,-20.129201160592626,-23.650784638233613,-26.499375605775725,-26.74978878576205,-26.559869915995613,-26.827562241245143,-27.557209180242467,0,0.13395971968322584,0.4120210279173655,0.2306624589287658,0.29000081632637986,3.521583477640988,0.2504131799863245,-0.18991886976643713,0.7296469389973232,1.4438251610544945
144448.25+234554.3,-23.81231511821849,-23.9836362976333,-24.416486260839232,-24.56522206224435,-24.78324630683752,-23.294795303350774,-23.124280881249295,-24.692245937612068,-24.98007047147889,-25.2388641841244,-26.077873075925684,-27.005150152423585,0,0.17132117941481084,0.43284996320593194,0.14873580140511677,0.21802424459317038,-0.17051442210147982,0.2878245338668215,0.25879371264550954,0.9272770764979015,1.5126510136813351
144510.93+320320.0,-24.635544520603744,-24.80585917244642,-25.249308885575974,-25.46407850530996,-25.748224686939743,-23.78772421931729,-24.63041457129863,-26.110863756689078,-26.516263629900457,-26.68072854902625,-26.981937159594416,-27.888648931112897,0,0.17031465184267702,0.44344971312955295,0.21476961973398545,0.284146181629783,0.8426903519813393,0.4053998732113797,0.1644649191257912,0.9067117715184807,1.5178586542844563
144537.84+415405.6,-25.2283511205506,-25.412219544462022,-25.7316274932355,-25.85259268571188,-26.0172384365806,-23.43160852303284,-25.019624323310666,-26.118290380963888,-26.539103416017785,-26.3125161575854,-26.91665154279727,-27.790553681305717,0,0.18386842391142366,0.31940794877347756,0.12096519247637971,0.16464575086872202,1.5880158002778266,0.42081303505389656,-0.22658725843238514,0.8739021385084484,1.0640588570853886
144701.77+323411.7,-23.219349301031336,-23.45031034984266,-23.77694898080229,-23.90243884152053,-24.211541883168337,-22.12697274771777,-22.48528645361571,-24.02394291706981,-24.503521610058502,-24.88827834210773,-25.15094674782708,-25.892770010192763,0,0.23096104881132362,0.32663863095962853,0.1254898607182433,0.30910304164780555,0.35831370589794176,0.47957869298869227,0.384756732049226,0.7418232623656813,1.2485079063065498
144709.40+132237.9,-24.26698444640948,-24.40091834334451,-24.652542061013435,-24.77462873275927,-24.988757171798174,-21.408539011289097,-24.13834920702207,-25.11280360785469,-25.63118628865578,-25.61888572394319,-26.21404617945098,-27.120831641485896,0,0.1339338969350301,0.2516237176689238,0.12208667174583354,0.21412843903890533,2.7298101957329735,0.5183826808010892,-0.012300564712589335,0.906785462034918,1.43941744669171
144717.47-012442.4,-24.950278619421724,-24.98586204428773,-25.35290369493895,-25.501004161715866,-25.759615944711587,-23.208652689709005,-24.087922452069687,-26.2390064103116,-26.599273080511544,-27.15966521051783,-26.89992893341657,-27.644078980018715,0,0.03558342486600807,0.36704165065121686,0.14810046677691702,0.25861178299572174,0.879269762360682,0.3602666701999446,0.5603921300062851,0.7441500466021438,1.398924771700706
144758.88+225733.4,-25.35078779223414,-25.461924681915693,-25.837616457531453,-26.00091980514539,-26.251920737049872,-17.407439262122114,-17.71654796509735,-26.266297918647656,-26.77026589813911,-27.156172100807776,-27.043060669571663,-27.594092813656214,0,0.11113688968155344,0.37569177561575984,0.16330334761393672,0.2510009319044819,0.3091087029752373,0.5039679794914562,0.3859062026686644,0.5510321440845516,1.0421408644262726
144807.60+452241.8,-24.36505810833438,-24.666810054784435,-25.149113397438636,-25.27238797153991,-25.435267183681137,-19.31067750318273,-22.507561482577756,-26.20454167418757,-26.65152664841596,-26.07257970022222,-26.49296289065169,-27.42992389602595,0,0.30175194645005377,0.4823033426542018,0.12327457410127352,0.16287921214122747,3.196883979395025,0.4469849742283891,-0.5789469481937388,0.9369610053742612,1.2205749191117796
144830.74+084310.3,-25.364748717249796,-25.669611319981804,-26.10332188386671,-26.23360676574172,-26.49753772615593,-23.52177468092701,-25.38895146531492,-27.06081098083382,-27.1588481148344,-27.030441378133084,-27.40281015171681,-28.235410286049287,0,0.30486260273200827,0.4337105638849046,0.13028488187500997,0.2639309604142106,1.8671767843879117,0.09803713400057745,-0.12840673670131508,0.8326001343324769,1.1692033859750914
144835.78+383920.1,-24.897810064764148,-25.091695210491093,-25.381829546255812,-25.54946886253348,-25.794433309466207,-23.447336122103685,-24.78111153536145,-26.06078916857292,-26.402994065017214,-24.988565962655105,-26.684287287273623,-27.38934394897634,0,0.19388514572694504,0.29013433576471925,0.16763931627766837,0.2449644469327268,1.333775413257765,0.34220489644429364,-1.414428102362109,0.7050566617027165,1.1348184247401427
144842.45+042403.1,-25.162313048733317,-25.659093521892437,-26.15333069310668,-26.309569643826165,-26.53905101256958,-21.96379601195804,-23.922471762420276,-27.014273487057824,-27.69254117878928,-27.55695271458896,-27.589798157863093,-28.20590804763894,0,0.4967804731591201,0.49423717121424104,0.15623895071948724,0.2294813687434143,1.9586757504622376,0.6782676917314561,-0.1355884642003211,0.6161098897758457,1.2802285140369278
144856.61+542037.5,-24.626665360038206,-24.82534809847,-25.41285858418177,-25.562230690091702,-25.773656477021728,-20.433742650811613,-19.66112223142856,-26.14426838324804,-26.55241427684606,-26.762024964057066,-26.281010125836666,-26.772930463861165,0,0.19868273843179196,0.5875104857117712,0.14937210590993288,0.21142578693002534,-0.7726204193830526,0.40814589359802156,0.20961068721100418,0.4919203380244994,0.7187794357449633
145026.31+062449.3,-24.099786564767143,-24.727225839890668,-25.11896161552554,-25.24497629917546,-25.536887774674263,-22.66803037497088,-23.855001454365,-25.49745058624053,-25.48714433696197,-25.5903663830718,-26.688471108461123,-27.57486766336983,0,0.6274392751235247,0.3917357756348707,0.1260146836499203,0.2919114754988037,1.1869710793941195,-0.010306249278560387,0.10322204610983121,0.886396554908707,1.4434948092856636
145027.73+482509.1,-25.16818286140584,-25.24329740786505,-25.706988525517996,-25.862696881639145,-26.12631784045461,-21.82466622502382,-20.868048867509795,-26.759550342779544,-26.90797107300597,-27.57210800404355,-27.220291717532188,-27.94355504536396,0,0.07511454645921134,0.4636911176529459,0.1557083561211492,0.26362095881546566,-0.9566173575140233,0.14842073022642666,0.6641369310375786,0.7232633278317735,1.3575948358930425
145156.37+110737.1,-24.702486037321115,-24.961794445240344,-25.2780042428458,-25.62232035984588,-25.95335192514657,-19.740675041071608,-20.194120591973444,-26.614855229777337,-26.761214924798534,-27.020243734234416,-27.01180934274736,-27.68490414894622,0,0.25930840791922805,0.3162097976054561,0.3443161170000799,0.331031565300691,0.45344555090183647,0.1463596950211965,0.2590288094358826,0.6730948061988613,1.3894889829014794
145220.74+085220.6,-23.33102530462359,-23.6554034349035,-24.02932265957486,-24.23009949871486,-24.538403269064453,-23.242980207373066,-23.11796055474304,-24.498191952220694,-24.99479146476168,-25.236737618920557,-25.34471303310205,-26.04570964542116,0,0.3243781302799107,0.37391922467135785,0.20077683914000133,0.30830377034959255,-0.12501965263002646,0.49659951254098544,0.2419461541588781,0.7009966123191091,1.114613534387189
145233.73+543014.0,-24.544130535960853,-24.76464199959079,-25.064075067686808,-25.25582085499764,-25.502399096563995,-22.51166230077525,-23.502247263023712,-25.76318847893276,-26.20962256849679,-26.18498449798805,-26.237824911618667,-27.17229315654449,0,0.22051146362993634,0.2994330680960182,0.19174578731083258,0.246578241566354,0.9905849622484624,0.4464340895640291,-0.024638070508739673,0.9344682449258244,0.982004056621026
145307.12+420004.4,-22.736175601285744,-22.98350158426708,-23.346563910538705,-23.70012119045646,-23.882193194586996,-22.50897239770382,-22.506681379098172,-23.696368264026503,-24.003666085693663,-24.12247844537901,-24.67427825905603,-25.55045332422296,0,0.24732598298133723,0.36306232627162416,0.3535572799177551,0.1820720041305357,-0.0022910186056464,0.30729782166715935,0.11881235968534654,0.8761750651669296,0.9741570685995704
145326.57+471504.9,-24.643790797917013,-24.73452377747213,-24.992082098838395,-25.15172891168483,-25.40135635886885,-23.54056361543648,-24.33263751216903,-25.4378256188252,-25.939080079492467,-25.82058795575313,-26.575700701339496,-27.42911286158703,0,0.09073297955511705,0.25755832136626466,0.1596468128464359,0.24962744718401808,0.7920738967325498,0.5012544606672655,-0.11849212373933682,0.8534121602475331,1.423971789654665
145356.57-025151.8,-25.818720524885705,-25.962014524809025,-26.43449066576853,-26.59720379245445,-26.831733345671072,-23.50102123088504,-24.85223131924731,-27.371084969136582,-27.829916041375625,-27.747047180569343,-27.87158932959585,-28.516024334943648,0,0.14329399992331915,0.47247614095950397,0.1627131266859223,0.23452955321662117,1.3512100883622686,0.4588310722390432,-0.08286886080628264,0.6444350053477983,1.2743855371413986
145432.61-015641.1,-24.32159978420808,-25.008458965373283,-25.47785946727229,-25.56977511425397,-25.88369335782104,-21.1216610244013,-22.77441172871051,-26.50977321387616,-26.53102640634388,-26.605888597773173,-27.10909559122991,-28.21865679721028,0,0.6868591811652038,0.4694005018990062,0.09191564698168264,0.31391824356706977,1.652750704309213,0.021253192467721504,0.07486219142929329,1.10956120598037,1.5393204769759379
145459.24+331058.6,-24.82985390080046,-24.895214174317665,-25.232733527035226,-25.38168860818172,-25.602074542771238,-23.22828739368388,-25.044646134634363,-25.556439701229817,-25.88549891120007,-26.113794859861105,-26.75173452567292,-27.55331115218965,0,0.06536027351720364,0.3375193527175604,0.14895508114649303,0.22038593458951894,1.8163587409504842,0.3290592099702536,0.2282959486610352,0.8015766265167308,1.3700459174912005
145508.14-004507.4,-24.546847709984316,-24.656340948672003,-25.040850201134106,-25.218468129551887,-25.436758344625005,-20.037898949055496,-20.257395653112763,-25.818849038249603,-26.107051784566632,-26.1837452168179,-26.52873165765257,-27.43936827641197,0,0.10949323868768701,0.3845092524621023,0.17761792841778146,0.21829021507311808,0.21949670405726707,0.2882027463170296,0.07669343225126823,0.9106366187593977,1.310263528100684
145523.41+194614.9,-25.10779595290593,-25.095190061668145,-25.41877629255216,-25.5572399041879,-25.82485334604697,-23.435735279319065,-24.61435312168098,-25.767484717568024,-26.012220751224493,-26.237363643102302,-26.988488896568228,-27.836608749651923,0,-0.012605891237786437,0.3235862308840147,0.13846361163573917,0.26761344185907276,1.1786178423619162,0.24473603365646923,0.2251428918778089,0.8481198530836949,1.431248992380329
145543.45+300322.3,-24.175577940630586,-24.435139630170145,-24.831545222527968,-24.99075544511847,-25.242786953166654,-23.35813840124512,-23.36019004273025,-24.944798052519417,-25.179854425326592,-25.39110448856506,-25.85889193711789,-26.6847902460518,0,0.2595616895395594,0.3964055923578229,0.15921022259050233,0.25203150804818364,0.0020516414851279308,0.2350563728071755,0.21125006323846662,0.8258983089339118,0.8681364919994188
145604.74+331347.9,-24.35392930432787,-24.565188146917595,-24.7729566271424,-24.926329383041853,-25.24428184374743,-22.382484791380502,-23.64051351831161,-25.22945786563895,-25.473868489190604,-25.637350201876263,-26.564613216866498,-27.55083649339573,0,0.21125884258972505,0.20776848022480365,0.1533727558994542,0.3179524607055768,1.2580287269311086,0.244410623551655,0.16348171268565892,0.986223276529234,1.6382838338246444
145606.98+461740.0,-24.92684821543339,-24.996005095621985,-25.38494576828225,-25.578493504785808,-25.809204929607404,-22.385919524165384,-24.785208165953332,-26.05042394799157,-26.233286646472614,-26.108549960824806,-26.88371937498374,-27.751970484688453,0,0.06915688018859356,0.3889406726602651,0.1935477365035574,0.230711424821596,2.3992886417879475,0.18286269848104553,-0.12473668564780738,0.8682511097047119,1.3052258701979333
145608.33+111823.7,-25.230666018890645,-25.41660382993707,-25.632309386748396,-25.736534953308794,-25.95639955593088,-23.857770787574445,-24.933430184686745,-26.23953888656225,-26.820804438012075,-27.03895287770569,-26.79953993524771,-27.73142941083173,0,0.1859378110464256,0.21570555681132575,0.10422556656039816,0.21986460262208496,1.0756593971123003,0.5812655514498246,0.2181484396936142,0.9318894755840184,1.0630049819389171
145610.77+120145.0,-25.378530954262896,-25.57516447134258,-25.82646888918136,-26.019667244383808,-26.298167495101907,-19.16494601203522,-18.837034753703477,-26.390775758465463,-26.70335495515633,-26.74058839115127,-27.47639514249673,-28.41816365943413,0,0.19663351707968246,0.25130441783878155,0.19319835520244766,0.2785002507180998,-0.32791125833174206,0.31257919669086576,0.037233435994942,0.9417685169373975,1.4567278981129235
145637.66+460828.4,-25.03872833061248,-25.335394964801377,-25.648891424293907,-25.746233277731225,-25.99126039799212,-21.395900481468995,-22.489228787580824,-25.979522871598103,-26.67445000456792,-26.57038765476407,-26.96075358493506,-27.87292377588542,0,0.2966666341888988,0.31349645949253,0.09734185343731738,0.24502712026089668,1.0933283061118289,0.6949271329698163,-0.10406234980385065,0.9121701909503592,1.2145203072038342
145638.80+442755.2,-23.91933298635657,-24.41203893800217,-24.824903487910824,-24.986823579883072,-25.20476947915533,-23.156873470030984,-23.645146448474986,-25.025547227284463,-25.219337810950503,-25.523370002108795,-26.18510455849865,-27.000780275139164,0,0.4927059516456005,0.4128645499086545,0.16192009197224877,0.21794589927225871,0.48827297844400164,0.19379058366603985,0.30403219115829216,0.8156757166405129,1.1982809786155784
145641.90+072806.8,-24.606653759975035,-24.8130399679395,-25.19408300141095,-25.34609008650907,-25.54874064594468,-23.227204571673763,-24.43215802492026,-25.990219612877382,-26.164178839097755,-25.709225895805677,-26.673512311970963,-27.57969413693729,0,0.2063862079644636,0.38104303347144963,0.1520070850981199,0.20265055943561094,1.204953453246496,0.1739592262203722,-0.4549529432920778,0.9061818249663283,1.3274222254618948
145717.85+024747.3,-25.661317459514574,-26.124031167100824,-26.69422147838132,-26.951603704389957,-27.0449618454122,-17.682019286585604,-23.498759156193568,-27.329432177350576,-27.508237351466725,-27.824641950780386,-27.540747781946195,-28.01207077879645,0,0.46271370758624997,0.5701903112804949,0.25738222600863736,0.09335814102224305,5.816739869607964,0.1788051741161496,0.3164045993136604,0.4713229968502546,0.589144077556238
145814.69+050204.3,-24.79296260448968,-25.08264104173795,-25.42493517646412,-25.53136054994412,-25.61364040006241,-22.68118560692189,-23.66693620488337,-25.797967284858693,-26.72453052563214,-26.84465861592886,-26.70245781762139,-27.57717468988848,0,0.2896784372482699,0.34229413472617054,0.10642537348000047,0.08227985011828665,0.9857505979614807,0.9265632407734472,0.12012809029672056,0.8747168722670899,1.1710972676772684
145911.51+133728.0,-24.99949434178149,-24.973037230944133,-25.37653549220808,-25.511532527823157,-25.71951321486471,-21.92536679103304,-23.54195091895356,-26.17650656510543,-26.67105812902744,-27.082015032687053,-26.7848388473062,-27.6135731879109,0,-0.026457110837355913,0.40349826126394817,0.1349970356150756,0.2079806870415517,1.6165841279205218,0.49455156392200905,0.41095690365961346,0.8287343406047007,1.2733063194830443
150142.10+553809.6,-23.08391160515441,-23.34793071994083,-23.56085536535585,-23.69515081939933,-23.919225728833563,-22.475895520357994,-22.842558534918105,-24.13749445515208,-24.43603478507717,-24.381011490776974,-24.7709245009868,-25.568999918864623,0,0.2640191147864215,0.21292464541501843,0.13429545404348175,0.2240749094342327,0.3666630145601104,0.29854032992508905,-0.05502329430019515,0.798075417877822,1.0757736815874708
150313.62+575151.5,-25.256202419133015,-25.49576078525138,-25.833072961850167,-25.93210730591901,-26.17940695857561,-23.434097978596824,-24.951982674224684,-26.42017110071703,-26.708767664689844,-26.322523141407093,-27.001534195705823,-27.8301892488052,0,0.23955836611836645,0.3373121765987861,0.09903434406884415,0.24729965265659715,1.5178846956278598,0.2885965639728134,-0.38624452328275183,0.8286550530993786,1.0694268897868113
150325.41+184426.3,-25.122128104711837,-25.400510099639625,-25.74319728308465,-25.8643227751719,-26.147207017264428,-23.11668117804513,-24.30613857769732,-26.25341983148629,-27.081262634033813,-26.692219233520785,-26.90863491861584,-27.52471402884713,0,0.2783819949277877,0.342687183445026,0.12112549208724843,0.2828842420925284,1.1894573996521878,0.8278428025475222,-0.3890434005130281,0.6160791102312899,1.044312143443939
150606.82+041513.2,-25.283466992154548,-25.145389055627685,-25.588051443454408,-25.70848749477577,-25.93762941776648,-17.827492933397597,-20.12186537594085,-26.33673659115445,-26.809098513296963,-27.060683641497302,-26.829873182819348,-27.505064719615397,0,-0.1380779365268623,0.4426623878267222,0.12043605132136292,0.2291419229907099,2.294372442543253,0.47236192214251105,0.2515851282003396,0.6751915367960493,1.1213856880435777
150624.62+413555.2,-24.6691898531538,-24.88145444870148,-24.9761101901486,-25.19339603731217,-25.46389784577686,-23.49366944957631,-24.868905709931223,-25.730375462603256,-26.03482819523225,-26.160229709423973,-26.56049088478248,-27.482401215677964,0,0.21226459554767985,0.09465574144712008,0.2172858471635699,0.2705018084646902,1.3752362603549138,0.3044527326289952,0.12540151419172219,0.9219103308954821,1.3670948474703124
150649.29+304225.0,-24.241875501625277,-24.45507079356576,-25.019385531586043,-25.186319984296237,-25.415354404991632,-19.145660887980803,-22.47328752031133,-25.913562426863635,-26.48809376632481,-26.60821669006003,-26.587596485222058,-27.39008673489001,0,0.21319529194048314,0.5643147380202826,0.16693445271019414,0.22903442069539537,3.327626632330528,0.5745313394611742,0.12012292373522016,0.8024902496679509,1.401276500925821
150743.31+011324.0,-25.06896146057219,-25.119489507509392,-25.57108940298008,-25.740525771606816,-26.02564450614,-21.69447414607577,-24.720481354354877,-26.21519363570122,-26.581716161332604,-26.758832318390308,-26.930790264879136,-27.64753006409709,0,0.050528046937202475,0.4515998954706859,0.16943636862673728,0.28511873453318515,3.0260072082791076,0.3665225256313853,0.17711615705770356,0.7167397992179545,1.1902644932723199
150837.10+604955.9,-25.60702480515116,-25.71336987233377,-26.05056392500835,-26.14617351963182,-26.29987157376097,-21.425831546861986,-23.43380286375773,-26.531272054972764,-26.85206928805125,-27.27706860377116,-26.916001363347075,-27.24734405644536,0,0.1063450671826125,0.3371940526745796,0.0956095946234683,0.15369805412915127,2.0079713168957447,0.32079723307848695,0.42499931571990857,0.3313426930982857,0.7698278437152553
150911.23+215508.7,-24.688160020864466,-25.008735833541312,-25.545496538678083,-25.53790840831159,-25.66644010246073,-23.455015770300665,-24.28709147522847,-25.58855145217234,-25.732697858442016,-25.942489930876132,-26.198772374374087,-26.75405470581239,0,0.32057581267684654,0.5367607051367713,-0.007588130366492862,0.1285316941491388,0.8320757049278029,0.14414640626967667,0.2097920724341158,0.5552823314383026,0.6608639660624966
150916.97+440806.3,-24.64027702996728,-24.785668310862963,-25.153057461299884,-25.268759599825724,-25.396143623573668,-22.100249683030697,-24.631238568028007,-25.510759219963557,-26.012130625369146,-26.281442496228163,-26.343178001075252,-27.09309964369608,0,0.14539128089568365,0.3673891504369209,0.11570213852584033,0.12738402374794333,2.53098888499731,0.5013714054055889,0.269311870859017,0.7499216426208264,1.0744184012495275
150926.51+291502.3,-24.94126691967785,-25.17990077591748,-25.444692681078656,-25.57227586573149,-25.81583970445653,-21.84941812911984,-22.56623885841356,-26.49204674867672,-27.055984440785597,-27.15801580977629,-26.70489335413134,-27.481769366557277,0,0.2386338562396304,0.2647919051611751,0.1275831846528348,0.24356383872503784,0.716820729293719,0.5639376921088761,0.1020313689906942,0.7768760124259373,1.1326174883998483
150930.62+135647.3,-24.823857056770155,-25.07631016129181,-25.338037212944137,-25.386713967571765,-25.64670228883041,-22.59726422055736,-23.718215392851707,-26.147632122042733,-26.714388572999585,-26.838521375281225,-26.454074371712505,-27.37546945237393,0,0.25245310452165626,0.26172705165232557,0.04867675462762833,0.25998832125864624,1.1209511722943475,0.5667564509568521,0.1241328022816397,0.9213950806614264,1.0673604041407394
151019.81+184012.7,-25.0117757651264,-25.02963775352841,-25.413293746252094,-25.600944421200875,-25.921158052115487,-22.45113962608285,-23.230688180629837,-26.00952249565662,-26.568630663260954,-27.610425265271317,-27.09962400898172,-27.813488647118263,0,0.017861988402007256,0.38365599272368556,0.18765067494878096,0.32021363091461197,0.779548554546988,0.5591081676043359,1.0417946020103628,0.7138646381365419,1.4986795877808454
151031.79-020113.5,-25.33460873641648,-25.558534261892817,-26.010247977080446,-26.2032783659726,-26.49051266327413,-22.814919500882528,-23.567791617802985,-26.93240064753084,-27.088927472524944,-27.253335709535484,-27.49612302891824,-28.40158550387047,0,0.2239255254763357,0.4517137151876298,0.1930303888921543,0.2872342973015307,0.7528721169204573,0.15652682499410275,0.16440823701054086,0.9054624749522304,1.2928446629456403
151218.22+240740.1,-25.501850478682403,-25.817478919604564,-26.19991055354612,-26.275888724503947,-26.41701189505291,-19.096618712590537,-21.587662537415135,-26.455601687160115,-27.05697639921167,-27.254366282516667,-27.40478770132771,-28.215736159041818,0,0.31562844092216125,0.3824316339415539,0.07597817095782844,0.14112317054896195,2.4910438248245974,0.6013747120515553,0.19738988330499652,0.8109484577141082,1.1288989768237627
151223.89+562150.8,-24.843795140730837,-25.016014039110505,-25.28800435958808,-25.42852067427318,-25.68060060256056,-22.29511725169686,-24.36407300307166,-25.89296944514736,-26.25462589303897,-26.409525362487788,-26.46222676130377,-27.32103505005674,0,0.17221889837966842,0.271990320477574,0.14051631468510095,0.2520799282873796,2.0689557513748014,0.3616564478916082,0.15489946944881794,0.858808288752968,1.0337060870305912
151226.00+102726.5,-25.69539508071338,-25.865595221946865,-26.133688478088256,-26.24558347146764,-26.4468945661457,-23.65305716606709,-24.74928640169049,-26.567833437360296,-26.880212721624066,-26.881118149538832,-27.2699404475012,-28.009146062173624,0,0.1702001412334866,0.2680932561413911,0.11189499337938358,0.2013110946780614,1.096229235623401,0.3123792842637698,0.0009054279147662214,0.7392056146724251,1.024356976033559
151328.99+252238.6,-23.666967703935025,-23.9508406191049,-24.33166790991748,-24.451108806354554,-24.70480624839833,-20.949508891221843,-22.84857026167737,-25.23894633574441,-25.78757156123517,-24.856593257581864,-26.034248025449056,-26.85516998228776,0,0.2838729151698729,0.38082729081258293,0.11944089643707301,0.25369744204377653,1.8990613704555273,0.5486252254907598,-0.9309783036533048,0.8209219568387027,1.5831392190945017
151344.33+143006.4,-24.328257055672225,-24.66442698463129,-25.066719334225965,-25.173969214956937,-25.38143521962844,-22.73058110680105,-23.537689016657136,-26.05494241057614,-26.55502390952889,-26.83443873111014,-26.3923249860971,-27.29716966799032,0,0.33616992895906606,0.4022923495946742,0.10724988073097208,0.20746600467150245,0.8071079098560858,0.5000814989527527,0.2794148215812484,0.9048446818932199,1.218355771140164
151609.98+010637.1,-24.97695670652456,-25.092762577129168,-25.404096087745483,-25.56577527251549,-25.819661712152183,-21.83451993406621,-22.97836912747818,-26.154317235009287,-26.83651971637005,-26.931487730282644,-26.58671376500614,-27.12317991349924,0,0.11580587060460701,0.31133351061631487,0.16167918477000853,0.2538864396366911,1.1438491934119703,0.6822024813607612,0.09496801391259524,0.5364661484930977,1.0209384924906502
151709.37+154625.7,-25.0803350084293,-25.346814522272787,-25.686014868059264,-25.89612682946412,-26.09175603063465,-19.733866903143216,-18.70553504223289,-26.336187191764644,-26.80721992160893,-26.64376656162465,-26.905134582720425,-27.61666536836021,0,0.26647951384348545,0.33920034578647673,0.21011196140485566,0.1956292011705294,-1.0283318609103276,0.47103272984428557,-0.16345335998428112,0.7115307856397841,1.0090077532563058
151724.54+291419.7,-24.67162343796353,-24.84142782948944,-25.240835901506337,-25.434528769249464,-25.69435993217088,-20.9795625273824,-22.24593765626436,-26.25772333305021,-26.44010532678371,-26.945913388046925,-26.919458676233692,-27.532416672801663,0,0.1698043915259113,0.39940807201689665,0.19369286774312755,0.25983116292141517,1.2663751288819611,0.18238199373350028,0.5058080612632168,0.612957996567971,1.4849299069842274
151727.68+133358.6,-25.491673393336,-25.54234217347217,-25.914025749551133,-26.015369268342152,-26.23161131496872,-20.44724402639886,-23.01391131643941,-26.542172598858365,-26.95974697310856,-27.38842870473407,-27.284735929852005,-28.22421830456578,0,0.05066878013617071,0.3716835760789614,0.101343518791019,0.21624204662656865,2.5666672900405487,0.41757437425019717,0.4286817316255096,0.9394823747137764,1.269366661509853
151919.35+224417.8,-24.43840200857047,-24.55058327204825,-25.12247656325276,-25.238890430672654,-25.53425367181442,-20.310837550015695,-17.776450293074916,-25.65250042684476,-26.4594085484406,-26.919120336522628,-26.606777947800893,-27.33876284133092,0,0.11218126347777968,0.5718932912045105,0.11641386741989379,0.2953632411417644,-2.5343872569407786,0.8069081215958391,0.4597117880820285,0.7319848935300257,1.3678875171282385
151919.43+234603.2,-25.47535150398883,-25.73867605498832,-26.008640810001346,-26.162956868724617,-26.397529205444197,-22.898343573426057,-24.063393267058217,-26.1784506579664,-26.72860090409938,-26.48183605351446,-27.311952068707768,-28.05021802821652,0,0.26332455099949215,0.2699647550130244,0.15431605872327125,0.23457233671958022,1.1650496936321595,0.5501502461329792,-0.24676485058492048,0.7382659595087517,1.1489951999831511
152141.90+551019.2,-24.748594262467986,-25.096746914694226,-25.553908071884354,-25.771252563253377,-26.10237110059019,-22.34163294578025,-24.30768222015832,-26.33311610564622,-26.703322256611784,-26.64829302963689,-27.379524358211217,-28.389763286698,0,0.3481526522262399,0.4571611571901286,0.21734449136902256,0.3311185373368133,1.9660492743780686,0.370206150965565,-0.055029226974895096,1.0102389284867819,1.6082717949578402
152154.00+195533.7,-24.92176696979956,-25.086962909384376,-25.54207567564188,-25.71210339219756,-26.029779900112285,-19.86545787629404,-17.972698155187135,-26.501951113329596,-26.823535237604627,-27.2287940808801,-27.036346664457103,-27.6891718351806,0,0.16519593958481593,0.4551127662575034,0.17002771655567983,0.3176765079147259,-1.8927597211069056,0.3215841242750308,0.40525884327547246,0.6528251707234958,1.3242432722595439
152156.48+520238.5,-26.775045467150555,-27.166288861413257,-27.768662594053566,-27.962620930966,-28.111106362119788,-23.56782824968595,-24.88695296079848,-28.360623133643188,-28.71847268774877,-28.96618144410958,-28.89450985080853,-29.60661391908968,0,0.3912433942627018,0.6023737326403094,0.19395833691243425,0.14848543115378732,1.3191247111125328,0.35784955410558084,0.24770875636081158,0.7121040682811497,0.9318889198425282
152414.47+081413.1,-24.866089353106545,-25.101325582130887,-25.452718905453768,-25.58369097615837,-25.8959301904788,-21.42781892745901,-24.41298616243802,-25.87025820750761,-26.5439195027929,-26.028694289190728,-26.69932445258369,-27.591984987976268,0,0.23523622902434127,0.3513933233228812,0.13097207070460115,0.31223921432043156,2.9851672349790093,0.6736612952852887,-0.5152252136021716,0.8926605353925794,1.1156334764253195
152421.54+142114.7,-24.881904879826365,-25.053160468739957,-25.375240811370197,-25.53762176693263,-25.846019095870187,-23.72574952064345,-24.939241533543584,-25.485865837577546,-25.84085756868815,-25.585716017636003,-27.03845385686076,-27.995203031771677,0,0.17125558891359205,0.3220803426302403,0.16238095556243337,0.30839732893755567,1.213492012900133,0.354991731110605,-0.255141551052148,0.956749174910918,1.500832089928128
152441.83+480718.9,-24.88764154606096,-25.03262116783188,-25.361457015853414,-25.54427853578752,-25.842358858691483,-18.594511388229726,-21.99661116881608,-26.443818417763666,-26.650316897007187,-27.1641808097912,-26.695443910978717,-27.21154942963109,0,0.14497962177092205,0.32883584802153365,0.18282151993410523,0.2980803229039637,3.4020997805863544,0.20649847924352116,0.5138639127840143,0.516105518652374,1.1511653751911979
152620.35+575144.2,-25.459308353575825,-25.761871323526854,-26.1488204674361,-26.31729209316326,-26.596120110108807,-22.59997690664036,-24.004022025338774,-26.88543659406414,-27.428355576008908,-27.351693101734018,-27.786744914536275,-28.61265092254678,0,0.3025629699510297,0.38694914390924495,0.168471625727161,0.27882801694554615,1.4040451186984129,0.5429189819447693,-0.07666247427489026,0.8259060080105058,1.4694528213730145
152701.79+245249.4,-23.95762417638989,-24.21380230609013,-24.58811464749542,-24.71503005651856,-24.972294188384154,-20.994112423799606,-23.5642210201746,-25.161840785084227,-25.320836139000853,-25.484714048927287,-26.14177773735021,-26.842135459828008,0,0.2561781297002419,0.3743123414052896,0.12691540902314102,0.25726413186559327,2.5701085963749932,0.15899535391662667,0.16387790992643403,0.700357722477797,1.4267476808316495
152731.29+511206.4,-25.031554449923824,-25.19805700630412,-25.82580162839306,-25.989785581853837,-26.234036444543552,-17.811803667339866,-19.92774260073548,-26.637717312935617,-27.22637352980044,-27.420301825232453,-27.27253139841349,-28.235918904498444,0,0.1665025563802942,0.6277446220889402,0.16398395346077876,0.2442508626897144,2.115938933395615,0.5886562168648233,0.19392829543201273,0.9633875060849526,1.282745816559654
152800.28+535223.7,-25.155535445871493,-25.26247295147815,-25.75327040560139,-25.86160531784116,-26.13122609108242,-21.262322052625095,-24.784150461056687,-26.199694426051337,-26.76109851898111,-26.72830342745104,-26.847844227148723,-27.55641570154006,0,0.10693750560665549,0.4907974541232427,0.10833491223976921,0.269620773241261,3.521828408431592,0.5614040929297737,-0.03279509153007254,0.7085714743913378,0.9862389093075627
152836.83+122136.5,-22.29430309466954,-22.445478562822963,-22.78169475280804,-22.89777810029295,-23.01766834320532,-21.18352618074121,-21.725349105057138,-22.86340025496213,-23.47917551105072,-23.64153849898804,-24.22414357817586,-24.84754392594007,0,0.1511754681534221,0.33621618998507685,0.1160833474849099,0.11989024291236916,0.5418229243159267,0.6157752560885896,0.16236298793732118,0.6234003477642105,1.3263654778829093
152838.20+121644.4,-24.229495652628657,-24.4213054458801,-24.84065224169692,-25.073754670265423,-25.38298021160173,-22.409247718315445,-24.037537328161843,-25.621516393824344,-25.93202480776777,-26.010281578766165,-26.50616225030725,-27.399747883875158,0,0.1918097932514442,0.4193467958168178,0.23310242856850394,0.309225541336307,1.628289609846398,0.31050841394342754,0.07825677099839368,0.8935856335679091,1.4324075800418257
152843.91+520517.7,-25.655311718736264,-25.80943799736237,-26.094904405592303,-26.19710958787156,-26.40896430950589,-24.212809750743443,-25.570937597187093,-26.56469416004117,-26.850263487089894,-26.862437931886817,-27.36813733968652,-28.357888415082844,0,0.15412627862610506,0.28546640822993297,0.10220518227925623,0.2118547216343316,1.3581278464436508,0.28556932704872295,0.012174444796922756,0.9897510753963239,1.171027751814961
152929.55+230208.7,-25.25478419254017,-25.511847791080022,-25.78135008578957,-25.93308270090056,-26.146394722621118,-22.94398727572649,-24.58207506210367,-26.105571435149283,-26.552406085519213,-26.33861261998653,-27.078498965983883,-27.98224914726916,0,0.25706359853985106,0.2695022947095467,0.15173261511099057,0.21331202172055796,1.6380877863771808,0.4468346503699294,-0.21379346553268164,0.9037501812852788,1.1454162650833233
152938.90+103803.9,-24.60768940626014,-25.11905643230282,-25.543716728826823,-25.65298228368475,-25.955760840567287,-19.664504791943504,-19.265438244688507,-26.665469715943946,-27.25099359843886,-27.45006847974082,-27.211068956615534,-28.03319465200728,0,0.5113670260426808,0.42466029652400294,0.10926555485792733,0.3027785568825365,-0.39906654725499635,0.5855238824949147,0.19907488130196072,0.822125695391744,1.5580866729307843
153043.22+210743.2,-24.142292257009835,-24.47070888083057,-24.91574469133742,-25.11185848079003,-25.36335889438964,-22.08074014402801,-24.16691622681021,-25.49903883478703,-26.204226888754924,-26.073301830878,-26.6217607391955,-27.67382868477027,0,0.3284166238207362,0.44503581050684815,0.19611378945261038,0.2515004135996115,2.086176082782199,0.7051880539678947,-0.13092505787692588,1.0520679455747697,1.5099022584054715
153117.68+091009.9,-24.51985598880071,-24.658148354534404,-24.94734792735896,-25.021299089096527,-25.434085067399067,-21.957765625612705,-24.519293445514847,-25.30578333569403,-25.856233732137568,-26.066628198206807,-26.90868992201982,-27.85507292955118,0,0.13829236573369386,0.289199572824554,0.07395116173756833,0.4127859783025407,2.5615278199021425,0.5504503964435372,0.21039446606923917,0.9463830075313595,1.8873908329232947
153123.20+150229.5,-24.27174714042312,-24.583265271721785,-25.16089344662281,-25.390884105369157,-25.583814794701773,-19.67307069491426,-22.07663628408891,-26.20795340211412,-26.51254088075873,-26.56229669275481,-26.752755188252,-27.591056911604003,0,0.3115181312986657,0.5776281749010259,0.2299906587463454,0.19293068933261637,2.403565589174651,0.3045874786446099,0.04975581199607859,0.8383017233520036,1.3618710828828426
153207.62+131435.9,-23.401790390398435,-23.764896778167135,-24.140513869831704,-24.313903801026232,-24.62989682139649,-21.535255051075133,-23.31028620060105,-24.967682361009253,-25.257529035632963,-25.288032281143064,-25.42870571047161,-26.260856916842297,0,0.3631063877686991,0.37561709166456936,0.17338993119452795,0.3159930203702572,1.7750311495259155,0.2898466746237105,0.03050324551010064,0.8321512063706855,1.1148019094453794
153209.09+072352.5,-24.672645945870563,-24.84634229933363,-25.16538996735608,-25.302772475475702,-25.57194863153658,-22.37008679163956,-23.91737505778261,-26.12778581457929,-26.8358233330266,-26.774443484187977,-26.49446643712396,-27.274410762604745,0,0.17369635346306822,0.3190476680224492,0.1373825081196216,0.2691761560608761,1.547288266143049,0.7080375184473091,-0.06137984883862302,0.7799443254807841,1.1916939616482587
153209.51+061356.1,-24.384727819598695,-24.68482977700876,-25.234856530489125,-25.442450396334657,-25.69300991285729,-20.66443654395081,-23.46336822464613,-25.982480439698374,-26.024124620670065,-26.089091041395925,-26.76110860862821,-27.61055155206916,0,0.30010195741006385,0.5500267534803669,0.2075938658455314,0.25055951652263175,2.7989316806953184,0.04164418097169076,0.06496642072585956,0.8494429434409518,1.3186582122935526
153338.11+023320.9,-23.91526332448756,-24.216377089598712,-24.5750045074122,-24.74137289714023,-24.96884371388797,-22.479122691298617,-23.878918886952107,-25.39997768121438,-25.617282677676737,-25.632245014611694,-26.187461397766437,-26.91980244310385,0,0.3011137651111504,0.35862741781348717,0.16636838972803147,0.22747081674773995,1.3997961956534901,0.21730499646235657,0.014962336934956966,0.7323410453374137,1.4460885006262068
153415.05+465819.2,-22.02571491255261,-22.3978791189223,-22.87915343389826,-23.074650840035314,-23.285737286077183,-21.540615451381797,-21.66821818590828,-23.42495603539825,-23.61211800045496,-23.69443352454395,-23.831096625778617,-24.366543939355697,0,0.3721642063696926,0.48127431497595907,0.19549740613705424,0.21108644604186821,0.12760273452648363,0.1871619650567098,0.08231552408899034,0.5354473135770803,0.7564457857433027
153600.35+483709.6,-24.323883911629306,-24.48235965760781,-24.86863541685181,-24.976066561886984,-25.185921774708294,-23.8466550612922,-23.8021502364769,-24.81627181072038,-25.13503420897795,-25.59707033646796,-25.750493054635182,-26.523344814606816,0,0.1584757459785031,0.3862757592440005,0.10743114503517504,0.20985521282131003,-0.044504824815298605,0.3187623982575687,0.46203612749001266,0.7728517599716334,0.7744264927481979
153612.80+034245.7,-22.51679501707721,-22.666930493787763,-23.02668077201742,-23.20102017001067,-23.4014762448054,-22.64664241237674,-22.698758788619788,-23.48054890881768,-23.91277085139884,-24.57263748701689,-24.478731533912985,-25.216303754494056,0,0.1501354767105525,0.359750278229658,0.17433939799324705,0.20045607479473304,0.05211637624304899,0.4322219425811582,0.6598666356180516,0.7375722205810717,1.2777113639023163
153636.22+044127.0,-23.101914126001727,-23.598930894868392,-24.1356712506754,-24.367483355625595,-24.638322731287403,-20.67583823103059,-21.74496405776005,-24.68642807860754,-24.921055136623767,-25.259611047207784,-25.468655800552533,-26.02953900481741,0,0.4970167688666649,0.5367403558070087,0.231812104950194,0.27083937566180794,1.0691258267294614,0.2346270580162262,0.3385559105840166,0.5608832042648757,1.101172444926938
153656.81+411924.3,-25.019408968874775,-25.3545599148606,-25.695308930199317,-25.791036636266167,-25.971097589268552,-19.676882639349,-20.696228449435853,-26.17632746498733,-26.516333236473173,-26.234356981669883,-26.83461937067428,-27.70602626017176,0,0.33515094598582706,0.3407490153387158,0.09572770606684955,0.18006095300238556,1.019345810086854,0.340005771485842,-0.2819762548032898,0.8714068894974822,1.043582734408112
153718.41+461259.7,-25.177393527205982,-25.285563174312223,-25.55285493029512,-25.665287127026374,-25.857609534812884,-23.03027846583598,-25.0499562471761,-25.933331932208134,-26.24235771018388,-26.402311758603307,-26.75499053300995,-27.68766180310777,0,0.10816964710624077,0.267291755982896,0.11243219673125537,0.19232240778650933,2.019677781340121,0.30902577797574793,0.15995404841942573,0.9326712700978206,1.089703405983574
153730.29+510807.3,-24.83571969914395,-24.86398390764776,-25.26592037471608,-25.381351937099907,-25.569932109973102,-22.52547710579288,-22.86834006670267,-26.015591640348955,-26.45431885730948,-27.10718493512888,-26.569308371881505,-27.481446882682427,0,0.02826420850380984,0.401936467068321,0.11543156238382579,0.18858017287319484,0.34286296090979107,0.4387272169605261,0.6528660778194002,0.9121385108009221,1.1879564347815972
153803.99+353658.5,-22.990540499549084,-23.31940642257589,-23.75273686745626,-23.87537981240922,-24.09972142045125,-22.92920184397698,-23.19836948480255,-24.09374890993549,-24.412924342794,-24.58087594028529,-25.35013033542693,-26.18011227265408,0,0.3288659230268074,0.43333044488036876,0.12264294495296113,0.22434160804202818,0.26916764082557165,0.31917543285851124,0.16795159749128885,0.8299819372271493,1.4747505230177076
153834.92+453310.7,-24.96171849615282,-25.121253827098897,-25.37820580430212,-25.4992450482352,-25.68317618179276,-23.2911930196227,-24.97851335780357,-26.07291642570376,-26.3684099800178,-26.13223919309864,-26.903629084113746,-27.80125381154296,0,0.15953533094607764,0.25695197720322227,0.12103924393307963,0.18393113355756086,1.6873203381808715,0.2954935543140387,-0.23617078691915694,0.8976247274292142,1.4043840358785467
153901.53+220620.1,-25.2858005792487,-25.656098838932788,-26.100866110904075,-26.19824598393411,-26.471237572402245,-22.517153061716957,-24.57869949388244,-26.731411455263725,-27.189215840841246,-26.97581359191317,-27.400666472946053,-28.21619266096031,0,0.3702982596840876,0.44476727197128696,0.09737987303003592,0.272991588468134,2.061546432165482,0.45780438557752134,-0.2134022489280767,0.8155261880142568,1.202420489011942
153913.47+395423.4,-24.6499634122887,-25.301560241815885,-25.79142491431786,-25.89462746772089,-26.070420497973377,-19.41581311835338,-23.06102282719306,-26.329335001846736,-27.009702941054623,-26.649983673166528,-26.75389136461556,-27.652794000242373,0,0.6515968295271861,0.48986467250197663,0.10320255340302964,0.1757930302524855,3.6452097088396798,0.680367939207887,-0.35971926788809583,0.8989026356268148,0.8592638968946673
154115.79-014208.6,-23.381219706006533,-23.78089874623615,-24.37309346153212,-24.597745849058605,-24.930159472661668,-21.86560915279906,-22.539970893895887,-24.66655860443998,-24.82546208576191,-25.11378910581536,-25.285942721479028,-25.947549603543667,0,0.39967904022961775,0.592194715295971,0.22465238752648276,0.33241362360306326,0.6743617410968277,0.15890348132192855,0.2883270200534511,0.661606882064639,0.6881968724204235
154231.96+390854.8,-24.330593053232796,-24.75471695562102,-25.079996410726626,-25.331153326108108,-25.68622719493837,-19.31908823489137,-20.64152975467238,-25.99922260354484,-27.0735455472635,-27.149993179575528,-26.874851717922457,-27.55807101293637,0,0.4241239023882244,0.32527945510560485,0.25115691538148255,0.35507386883026015,1.3224415197810089,1.0743229437186592,0.07644763231202845,0.6832192950139131,1.543698391814349
154359.43+535903.1,-25.980753150278336,-26.05390874706551,-26.37886726234465,-26.553287717406683,-26.82328789699416,-23.086120435912477,-24.00104546400081,-27.17550346462405,-27.71238002350275,-28.0548120999889,-27.894300572254675,-28.715706983234128,0,0.0731555967871742,0.324958515279139,0.17442045506203385,0.2700001795874769,0.9149250280883336,0.5368765588786992,0.34243207648615126,0.8214064109794528,1.3410128548479925
154400.16+531903.4,-24.439606513698525,-25.24264262994585,-25.647595301482657,-25.832692566131563,-26.09305146856439,-17.620570011996403,-18.97552233774272,-26.376244290879477,-27.337617080116956,-26.84755010147753,-27.24737070920676,-27.76302076221467,0,0.8030361162473234,0.40495267153680814,0.1850972646489062,0.2603589024328272,1.3549523257463179,0.9613727892374797,-0.49006697863942605,0.51565005300791,1.4146781430751965
154521.07+014517.2,-25.16694095712698,-25.416127853612483,-25.786496073304374,-26.0156122106386,-26.34200307774221,-20.040966400302548,-24.127514358923204,-26.736890098146617,-27.50339316665938,-27.51245843706908,-27.552007448424828,-27.79772747999708,0,0.2491868964855044,0.3703682196918905,0.22911613733422698,0.32639086710360843,4.086547958620656,0.7665030685127618,0.009065270409699622,0.24572003157225097,1.5363952377862269
154600.53+510357.9,-25.151045806965787,-25.47513042564429,-25.816588240698767,-25.95931427706387,-26.149315101664115,-23.210686236419463,-24.46776263780933,-26.477836878666483,-26.7623107544619,-26.77549322982361,-27.119407088829195,-28.259663597440863,0,0.3240846186785049,0.3414578150544756,0.1427260363651044,0.1900008246002436,1.2570764013898668,0.28447387579541683,0.013182475361709578,1.1402565086116674,1.160092811765324
154814.54+431115.6,-25.03259167579406,-25.59180208970344,-25.95017550536699,-26.063403304369277,-26.294228595158927,-20.639399097860867,-23.34215955873599,-26.51673473757945,-27.01575888035248,-26.76052334197175,-27.22234029471138,-28.065220350246168,0,0.5592104139093799,0.3583734156635501,0.11322779900228852,0.23082529078964953,2.7027604608751226,0.49902414277302753,-0.25523553838072743,0.8428800555347884,1.1589369903421023
154843.65+290859.3,-23.26901534707704,-23.50097447456809,-23.880845143577957,-23.95741712076831,-24.19285262368018,-22.71134383122255,-23.125582543483013,-24.34959092650734,-24.58493187180434,-24.74908667939537,-25.27791676102913,-26.20555453360236,0,0.23195912749104863,0.3798706690098683,0.07657197719035125,0.23543550291187287,0.41423871226046316,0.23534094529700056,0.16415480759102863,0.927637772573231,1.3204996402608202
154907.47+565645.7,-25.15065585934741,-25.278729568294334,-25.57656129228341,-25.694634753720404,-25.9251115633105,-23.310045984762606,-24.364799013358997,-26.06200577443234,-26.483694486435223,-26.669465321881923,-26.795919369026567,-27.726187179804214,0,0.12807370894692482,0.2978317239890771,0.11807346143699249,0.23047680959009753,1.0547530285963909,0.42168871200288294,0.18577083544670003,0.9302678107776465,1.101284615306163
154916.23+171734.9,-24.66949816360915,-24.847548212195413,-25.12683799456885,-25.252173757338245,-25.52425869232967,-22.61981671325579,-24.29978374782663,-25.92469826798981,-25.875496577302613,-25.487024284373888,-25.90428823341497,-26.646376419780225,0,0.1780500485862646,0.2792897823734357,0.12533576276939584,0.27208493499142605,1.67996703457084,-0.04920169068719815,-0.388472292928725,0.7420881863652546,0.6521144760767257
155003.71+031325.0,-24.15434562211262,-24.81413035396988,-25.3295693356978,-25.60389917742566,-25.902358812033217,-20.93498207410653,-23.188865790739964,-26.352661501887745,-26.779773367227943,-26.655134491327065,-27.103250607193065,-27.92093944281964,0,0.6597847318572612,0.5154389817279217,0.2743298417278588,0.298459634607557,2.2538837166334353,0.42711186534019774,-0.12463887590087808,0.8176888356265763,1.4993514297674047
155014.03+111134.6,-24.17824025719918,-24.50374083512048,-25.03608646758042,-25.22260501764152,-25.549734552435773,-20.15611970793767,-24.040270940033853,-26.08297740995697,-26.41217816207852,-26.117298016413468,-26.304045489080348,-27.056077837704592,0,0.32550057792130005,0.5323456324599398,0.1865185500610984,0.32712953479425266,3.8841512320961833,0.3292007521215474,-0.2948801456650507,0.752032348624244,1.0814404714388282
155052.73+272952.1,-24.899365681356286,-25.024098953180324,-25.36461852963477,-25.564274272056068,-25.768057438768,-19.81482081421885,-23.69193978577027,-26.237347354378574,-26.475145190388144,-26.456367119527037,-26.51633092499947,-27.23470507244944,0,0.12473327182403793,0.3405195764544473,0.1996557424212959,0.20378316671193275,3.8771189715514183,0.2377978360095696,-0.0187780708611065,0.7183741474499712,0.9520566529434014
155121.13+071357.7,-24.48965144600495,-24.824469310037376,-25.23651500152831,-25.501438187241952,-25.73609037745831,-24.047590482007333,-24.08476154074009,-25.73025931612789,-25.87941047813594,-26.27325077133853,-26.79410253326672,-27.553172081581742,0,0.3348178640324271,0.41204569149093473,0.2649231857136414,0.23465219021635875,0.03717105873275628,0.149151162008053,0.3938402932025902,0.759069548315022,1.2926643460247682
155130.88+371506.7,-24.89391022279145,-25.08295893673966,-25.36746053767851,-25.51419177082647,-25.75825128484544,-22.368313908015995,-23.94380127032385,-25.839612691968178,-26.501469989281,-26.685461069039896,-26.46604766721937,-27.25445350246602,0,0.18904871394821043,0.28450160093884946,0.14673123314796044,0.24405951401896786,1.5754873623078538,0.661857297312821,0.18399107975889706,0.7884058352466496,0.9518558963928996
155152.46+191104.0,-27.039399886390484,-27.238091495947145,-27.67174927336094,-27.881725703847952,-28.14019903202773,-20.51116144889897,-22.40629041799515,-28.65109511285773,-29.05373322274771,-29.35041344279249,-29.176828336361396,-29.729577321027516,0,0.19869160955666132,0.43365777741379574,0.20997643048701065,0.25847332817977886,1.8951289690961808,0.40263810988998117,0.2966802200447809,0.5527489846661204,1.2951026325134443
155158.20+580644.4,-25.19348855789532,-25.325223745304143,-25.692941966838493,-25.857481562827815,-26.08242511586316,-23.7794046500342,-25.077805596144128,-26.627901512310427,-26.83269199810393,-26.94397404201663,-26.938075174923213,-27.8176511311485,0,0.13173518740882173,0.36771822153434996,0.16453959598932144,0.2249435530353452,1.298400946109929,0.20479048579350234,0.11128204391270202,0.8795759562252883,1.0805936120953987
155205.74+552354.8,-24.734411918142698,-24.917532519410443,-25.221944556138272,-25.357648049826995,-25.54344097827489,-20.95304081275877,-23.845221866174636,-25.76509497389538,-25.88908515730372,-25.765235890915477,-26.609524761768142,-27.632448676383017,0,0.18312060126774554,0.3044120367278289,0.13570349368872314,0.18579292844789563,2.892181053415868,0.12399018340834189,-0.12384926638824467,1.022923914614875,1.2518767119411471
155230.85+092709.3,-25.486631580886083,-25.70003758137957,-25.93499012564379,-26.12416839579542,-26.384832398576147,-19.411223901507203,-19.316590679256617,-26.74602291118606,-26.9819997349705,-26.936357820978387,-27.90930288173549,-28.889836924232164,0,0.21340600049348524,0.23495254426422107,0.18917827015162914,0.26066400278072877,-0.0946332222505859,0.23597682378444063,-0.045641913992113814,0.9805340424966751,1.7851344859400697
155250.77+561455.7,-24.68775644047781,-24.907486621965678,-25.34104424046199,-25.486620973970144,-25.734555501560813,-22.461809278738198,-24.24580619287222,-26.12063769415439,-26.20611268264441,-26.117382178187142,-26.661306080388396,-27.502635549307374,0,0.2197301814878685,0.43355761849631236,0.14557673350815392,0.2479345275906688,1.783996914134022,0.08547498849002011,-0.08873050445726705,0.8413294689189783,1.1746851064182522
155306.31+414041.7,-25.04470877868299,-25.16315128795577,-25.53397935126371,-25.68854120993608,-26.028333503120862,-22.34764692580811,-24.72351267350992,-26.34220444101183,-26.729411181386272,-26.320747000027797,-26.738359199840584,-27.60500338352268,0,0.1184425092727821,0.3708280633079397,0.15456185867236982,0.3397922931847823,2.375865747701809,0.3872067403744417,-0.4086641813584748,0.8666441836820944,1.0498179899045041
155326.79-010556.0,-25.100205639228577,-25.48386848616887,-25.845752349437475,-25.91488448811515,-26.182988216341723,-19.357959639885877,-20.80301709610492,-26.49582179773244,-27.035597646811716,-26.56155959888517,-27.18968230430373,-28.207841389179052,0,0.3836628469402932,0.36188386326860567,0.06913213867767354,0.26810372822657413,1.4450574562190432,0.5397758490792768,-0.4740380479265447,1.0181590848753217,1.2747978161885811
155400.30+204312.5,-24.553072167253465,-24.977085781167936,-25.340122836039757,-25.533841441139277,-25.814743235627688,-21.83573577597687,-24.177189205159436,-26.296162736177028,-26.50423309509948,-26.707971362919945,-27.01884780199703,-27.700798321696123,0,0.4240136139144717,0.36303705487182114,0.19371860509951944,0.2809017944884111,2.3414534291825646,0.20807035892245196,0.20373826782046578,0.6819505196990931,1.4850063608577528
155420.17+161427.7,-24.542707655156825,-24.490631971598813,-24.867074297921764,-24.944050841296807,-25.204543704534387,-22.752471767999,-23.851180798461733,-25.733508268327007,-25.93817643052036,-25.42408443365605,-26.050144269890414,-26.65287805404998,0,-0.05207568355801229,0.3764423263229517,0.0769765433750429,0.26049286323758025,1.0987090304627323,0.2046681621933537,-0.5140919968643125,0.6027337841595681,1.1060934285936064
155502.02+134756.8,-24.820809463655262,-24.92493511169399,-25.18897364366085,-25.33304084227783,-25.56558876102229,-19.633373344031924,-18.818824648550795,-25.793943303858946,-26.127379191192198,-26.46347646790296,-26.474936353769905,-27.377054318303536,0,0.10412564803872826,0.264038531966861,0.1440671986169768,0.23254791874446212,-0.814548695481129,0.3334358873332519,0.3360972767107633,0.9021179645336304,1.141895511492077
155527.31+241044.9,-24.320190216422237,-24.451796993160983,-24.80174261374319,-24.92627745535993,-25.10696495434087,-22.123709817680364,-23.84177355587913,-24.962456915224163,-25.38008463964345,-25.706346452247264,-26.09404806361057,-26.888085023005495,0,0.13160677673874588,0.3499456205822078,0.12453484161673956,0.18068749898094083,1.7180637381987651,0.41762772441928675,0.32626181260381415,0.7940369593949264,1.1677706082506383
155621.31+112433.2,-24.898866005008287,-25.240157002013326,-25.71807987290401,-25.89234054156323,-26.096084347123604,-22.682979473124256,-24.22060862702711,-26.23548615505792,-26.52387537362869,-26.53679369300904,-26.56930142575985,-26.870668253436254,0,0.3412909970050393,0.4779228708906835,0.17426066865921896,0.20374380556037508,1.5376291539028557,0.2883892185707708,0.012918319380350596,0.30136682767640366,0.676960884196621
155636.13+340332.2,-24.831676530097763,-24.93264004358483,-25.30358893456632,-25.51352921588781,-25.824973866022656,-21.350407625797825,-24.49242093363569,-26.0714383291125,-26.646435174896748,-26.134613392521217,-26.78148692823468,-27.64227258961438,0,0.10096351348706634,0.37094889098149153,0.20994028132149012,0.31144465013484535,3.142013307837864,0.5749968457842485,-0.5118217823755309,0.8607856613796976,1.2679577123468704
155854.88+105051.0,-25.32932603113041,-25.669785411761783,-26.03553211520296,-26.145666906689183,-26.40001460705031,-22.4745314532098,-23.579161119189312,-26.76112650360857,-27.09440704942132,-26.988617471144384,-27.47101661981172,-28.38916708343364,0,0.3404593806313727,0.36574670344117877,0.11013479148622096,0.2543477003611265,1.1046296659795125,0.3332805458127517,-0.10578957827693714,0.9181504636219202,1.325349713122538
160029.19+073102.6,-24.5352475755674,-24.8858538524344,-25.34177900930907,-25.574060774319783,-25.834927277325125,-20.565731477341195,-21.72685450417495,-26.572891343140483,-26.72697254236028,-26.97394388044516,-26.89994625059645,-27.467373039060558,0,0.3506062768670013,0.4559251568746703,0.23228176501071118,0.2608665030053423,1.161123026833753,0.1540811992197959,0.24697133808487948,0.5674267884641075,1.3258854762766674
160243.91+174503.9,-23.76134806273328,-23.91959733165878,-24.233799997052447,-24.32691079270625,-24.59923575459488,-22.69424301300369,-23.132309622834764,-24.576482786290143,-24.72098922741865,-25.06481761497152,-25.647428521532504,-26.44412609415669,0,0.15824926892550195,0.31420266539366537,0.09311079565380354,0.27232496188862854,0.4380666098310755,0.14450644112850597,0.3438283875528718,0.7966975726241863,1.3205177288262533
160314.84+023136.1,-24.845432541223968,-25.133027378727668,-25.503503361391243,-25.68507036198404,-25.909652588388933,-23.82666593918111,-25.095991558607995,-25.71232898115635,-26.393962079367824,-26.19184661355498,-27.000128066561924,-27.79842529308277,0,0.2875948375037005,0.3704759826635744,0.1815670005927963,0.22458222640489467,1.2693256194268834,0.6816330982114742,-0.20211546581284523,0.7982972265208446,1.3150577045778853
160325.52+521222.4,-23.48375925336669,-23.90244333148729,-24.531306173856265,-24.73776526294012,-24.95520958703568,-16.78969413522477,-15.159070828212062,-25.158926463471357,-25.653476741573044,-25.490980267432658,-26.084551010574387,-26.899125806187616,0,0.41868407812060227,0.6288628423689744,0.2064590890838538,0.2174443240955597,-1.6306233070127085,0.4945502781016877,-0.16249647414038648,0.814574795613229,1.346785747634268
160441.47+164538.3,-25.877472014999068,-26.372703254692173,-26.84550164367773,-27.129632030923734,-27.368425709659856,-22.369913152652323,-23.84603509613414,-27.36971945383311,-27.66078785264939,-28.163338881500547,-27.85093285834912,-28.2537145043976,0,0.4952312396931049,0.4727983889855558,0.28413038724600526,0.23879367873612267,1.476121943481818,0.2910683988162788,0.5025510288511583,0.40278164604848143,0.7213008274253845
160447.03+171816.2,-23.81748290241491,-24.178395517540327,-24.4788613545767,-24.677974430449357,-24.8892781880715,-21.20500667898289,-22.692822593674546,-24.8357250092014,-25.02545532328723,-25.17242228195853,-25.92042448340536,-26.84200151072756,0,0.36091261512541806,0.30046583703637353,0.19911307587265625,0.2113037576221437,1.4878159146916552,0.1897303140858284,0.1469669586712996,0.9215770273222006,1.242450052956002
160455.39+381201.6,-26.9512015202581,-26.986963220462854,-27.51310301490031,-27.711739954638315,-27.928895877949618,-23.433917845559627,-23.061126099627828,-28.29639368303492,-28.646794446836807,-29.03407387775185,-28.991088620106428,-29.794373936221604,0,0.03576170020475544,0.5261397944374551,0.19863693973800522,0.21715592331130296,-0.3727917459317993,0.35040076380188623,0.3872794309150436,0.8032853161151756,1.2793486654681132
160619.62+205618.9,-24.838597660604268,-25.173735523708373,-25.5253483690439,-25.75518231601192,-26.02961641614044,-22.991542560123847,-24.78072806175568,-26.40961203800845,-26.63369704780164,-26.652432288424126,-27.38086521958728,-28.35220731750389,0,0.3351378631041051,0.35161284533552717,0.22983394696801795,0.27443410012852,1.7891855016318345,0.22408500979318902,0.01873524062248677,0.9713420979166081,1.6256829035753633
160624.23+434336.7,-24.004815360233778,-24.310766800003314,-24.813854868466716,-25.02215521711724,-25.328565582006814,-22.11961416876258,-23.94518911274554,-25.843901481454253,-26.75394270275052,-26.579796960086625,-26.37037932170104,-27.1898578311149,0,0.30595143976953665,0.503088068463402,0.20830034865052482,0.3064103648895724,1.8255749439829572,0.9100412212962681,-0.17414574266389593,0.8194785094138588,1.3482241045837995
160645.39+084515.9,-24.24397187963081,-24.698467520800865,-25.145135502545862,-25.3917371609931,-25.570246453140925,-19.10229288296358,-18.47597728294394,-26.05872163574148,-26.1994349943968,-26.025294329465787,-26.463888413283986,-27.20808445974973,0,0.45449564117005536,0.4466679817449979,0.24660165844723636,0.17850929214782596,-0.626315600019641,0.14071335865531864,-0.17414066493101288,0.7441960464657456,1.0721512522908867
160753.08+323105.4,-24.69643683837492,-25.038793187996948,-25.420034508364,-25.480137296540025,-25.66556732501548,-22.827003034855228,-23.85137984849944,-26.15252488946761,-27.01953019476467,-26.6238452476016,-26.654318035022875,-27.62740380847859,0,0.3423563496220261,0.38124132036705305,0.060102788176024546,0.1854300284754551,1.0243768136442135,0.8670053052970594,-0.395684947163069,0.9730857734557148,1.1741807384828498
160820.76+561356.3,-24.466828236019406,-24.79685202190546,-25.07362378236741,-25.17216794419693,-25.326379036293638,-22.658239724176887,-23.187553774675465,-25.67076385073926,-26.28678694632228,-26.710654732419627,-26.16631004892274,-26.82837559677197,0,0.33002378588605197,0.2767717604619513,0.09854416182951908,0.15421109209670902,0.5293140504985772,0.6160230955830208,0.42386778609734677,0.662065547849231,0.9941421047258103
160842.42+302837.4,-24.22632493966973,-24.59654709521312,-25.34405944027928,-25.445995541273984,-25.632066229210647,-21.314895222269428,-22.606203523631777,-26.39306568794768,-26.62991628666272,-26.640980479638223,-26.848972735570825,-27.69005680266367,0,0.370222155543388,0.7475123450661627,0.10193610099470263,0.18607068793666315,1.2913083013623492,0.23685059871504066,0.011064192975503317,0.8410840670928437,1.4029771942968416
160952.64-002101.0,-24.509176021226523,-24.559565092424386,-24.77549928682693,-24.86790628835819,-25.06943745999664,-23.45339309213089,-23.76402641048648,-25.14901327821452,-25.4925698177192,-25.59046879315348,-26.043508309223554,-26.943783391197545,0,0.050389071197862734,0.2159341944025428,0.09240700153126014,0.20153117163845025,0.3106333183555883,0.3435565395046787,0.09789897543427983,0.9002750819739909,1.175602020865366
161022.33+323824.1,-24.30707416220124,-24.599021356068164,-25.011864294534742,-25.190164899687872,-25.524236307950567,-19.390064927946334,-23.454719162462965,-26.018765962058243,-26.313543323508945,-26.374640346191303,-26.338299057411056,-26.891110000939204,0,0.2919471938669247,0.4128429384665786,0.1783006051531295,0.33407140826269455,4.064654234516631,0.2947773614507021,0.061097022682357505,0.5528109435281472,1.1481341577231845
161336.69+285402.7,-24.99619696879951,-25.32900253949345,-25.621048102509043,-25.741130237787228,-25.976333758188915,-19.841413151424884,-22.198699333517045,-26.20484529931302,-26.531957363432795,-27.10077032089433,-26.690679412139964,-27.489082186093967,0,0.33280557069394234,0.29204556301559137,0.12008213527818512,0.23520352040168646,2.3572861820921602,0.327112064119774,0.5688129574615353,0.7984027739540025,0.949549174352736
161341.06+341247.8,-25.067765540940727,-25.13288514316708,-25.53533551716779,-25.72262425903285,-26.10214227956945,-20.24741434758492,-24.49670996948314,-26.271132403530288,-26.706547961423727,-27.11092910318795,-27.02154435565636,-27.649899262724517,0,0.06511960222635338,0.40245037400071126,0.18728874186506062,0.37951802053659733,4.2492956218982165,0.4354155578934389,0.40438114176422246,0.6283549070681573,1.2989200966235082
161435.70+372715.6,-24.800373324235508,-25.10348532219799,-25.63904206812677,-25.813198234107915,-26.12961712691041,-20.770025265224557,-24.353495087636546,-26.758686152631096,-27.298217949461336,-27.157053391273863,-27.321771227754965,-27.975186676248462,0,0.3031119979624819,0.5355567459287798,0.17415616598114525,0.3164188928024956,3.5834698224119883,0.5395317968302393,-0.14116455818747298,0.6534154484934973,1.50857299364705
161441.39+504235.1,-24.71200181925517,-24.836827833956157,-25.107662168028543,-25.268417710994417,-25.537825580426585,-23.966387615190367,-24.810750328567483,-25.867351087277964,-26.29078561523623,-26.330967589613707,-26.53906475073789,-27.541075581267805,0,0.12482601470098587,0.27083433407238644,0.16075554296587313,0.2694078694321682,0.8443627133771159,0.42343452795826764,0.04018197437747517,1.0020108305299154,1.2706470397434728
161503.19+262543.4,-24.704660372019585,-24.942762232382155,-25.208506446326982,-25.32036918310952,-25.60380278415738,-23.472833151504624,-24.56456128344541,-26.0669116550088,-26.281933125954723,-26.09940608141619,-26.534424069571887,-27.463038331637748,0,0.23810186036256908,0.26574421394482783,0.11186273678253755,0.28343360104786086,1.091728131940787,0.21502147094592416,-0.1825270445385314,0.9286142620658602,1.2140548864623675
161511.35+314728.3,-25.06134715477476,-25.314821683636904,-25.797405050386693,-25.91904312838477,-26.145000631701084,-22.09280033205669,-23.670669514706443,-26.658910980297417,-26.99896645963685,-27.153684984556453,-27.24832912355185,-28.250170355715166,0,0.2534745288621423,0.48258336674978963,0.12163807799807813,0.22595750331631237,1.5778691826497528,0.3400554793394335,0.15471852491960192,1.001841232163315,1.32928599516708
161521.78+543148.3,-23.24055360815401,-23.406505962640285,-23.79011266247665,-23.87687909318737,-24.096071775209506,-23.287202573513603,-23.075229629975308,-23.868702670531484,-24.26980330046603,-24.43398348080186,-25.070606105443403,-25.768616453658723,0,0.16595235448627577,0.3836066998363634,0.08676643071072121,0.21919268202213615,-0.21197294353829577,0.40110062993454676,0.16418018033582982,0.6980103482153197,1.1937270122560335
161522.38+404154.5,-25.23835588170856,-25.52641504533444,-25.91576904961298,-26.03344083282809,-26.249327618246145,-23.622742841507627,-24.407660239855023,-26.57052686750677,-26.764943401337263,-27.50222553990112,-27.148408808461525,-27.894914373044923,0,0.2880591636258778,0.38935400427854105,0.11767178321511196,0.2158867854180535,0.784917398347396,0.1944165338304913,0.7372821385638559,0.7465055645833978,1.1149679756334336
161538.88+392051.1,-24.773675544469956,-24.85661604257351,-25.28792340488602,-25.430570656392128,-25.61305230024513,-19.75012521047364,-19.105734169745528,-25.91700875558624,-26.329114415800014,-26.79016683428293,-26.578292200832752,-27.44774865451796,0,0.08294049810355375,0.4313073623125092,0.14264725150610857,0.18248164385300214,-0.644391040728113,0.41210566021377204,0.4610524184829181,0.8694564536852063,1.1477215444406248
161543.51+544828.6,-24.44684913070141,-24.61212149344042,-24.874252882337327,-25.08782005898104,-25.33594131527267,-20.157238311274533,-23.5976133354737,-25.9812374546742,-26.343436331723787,-26.1731389631764,-26.151979428498763,-26.825474510312965,0,0.16527236273901025,0.2621313888969077,0.21356717664371416,0.24812125629162907,3.4403750241991666,0.3621988770495861,-0.17029736854738786,0.6734950818142025,1.0641593695177214
161556.87+170751.4,-24.871635897655278,-24.911934208040776,-25.289321557859047,-25.432609923962342,-25.70210003899715,-20.752609899489432,-20.233178845636623,-26.033241680926125,-26.4084175302114,-26.955825621131204,-26.93164959976509,-27.509198849624056,0,0.04029831038549858,0.37738734981827093,0.14328836610329532,0.2694901150348059,-0.5194310538528093,0.3751758492852737,0.5474080909198058,0.5775492498589649,1.4990396758027487
161633.32+424550.3,-24.670949138647888,-24.893575200968,-25.225599043539788,-25.32928376608588,-25.615488296251616,-23.080938707050013,-24.309058522589144,-25.81448635748597,-26.241577791361323,-26.44427302858397,-26.78139169915223,-27.66328231217361,0,0.2226260623201135,0.3320238425717861,0.10368472254609173,0.28620453016573677,1.2281198155391309,0.4270914338753542,0.20269523722264893,0.8818906130213797,1.452107933066351
161805.85+092004.1,-25.41555369718255,-25.477315432258823,-25.855344906754155,-25.985309763862084,-26.21468202936081,-21.610184823157702,-22.13471303924258,-26.638851444004924,-27.16497221248092,-27.54137424930708,-27.151464674297063,-28.00887013375152,0,0.06176173507627425,0.37802947449533164,0.12996485710792882,0.22937226549872491,0.5245282160848781,0.5261207684759945,0.37640203682616047,0.8574054594544549,1.1661549104349795
162104.73+270546.5,-24.77743941674724,-24.94336445252213,-25.099559942885858,-25.21833192174608,-25.333195389154746,-22.72094957658181,-24.17950192945687,-25.506213671721326,-25.777204715119584,-25.84563037375344,-26.30346684963708,-27.14935301605804,0,0.16592503577489026,0.1561954903637286,0.11877197886022373,0.11486346740866438,1.45855235287506,0.27099104339825786,0.0684256586338563,0.8458861664209607,1.0851349278909979
162115.06+400732.3,-24.79616050641396,-24.938295953933668,-25.419807148761144,-25.627649910955416,-25.831997153289933,-18.635716549028206,-22.75237598104602,-26.249389678535977,-26.72533290107327,-26.574718107046248,-26.31735342908178,-26.79935526420682,0,0.14213544751970986,0.4815111948274762,0.20784276219427156,0.20434724233451718,4.116659432017812,0.4759432225372926,-0.15061479402702105,0.4820018351250397,0.6897035181263647
162143.73+401949.6,-24.58050634862277,-24.89610059388351,-25.231925564902127,-25.45130915131737,-25.653782476205077,-23.821957464186468,-24.787127315300214,-26.076638124788563,-26.02803853271108,-25.95493922266939,-26.96939804808163,-28.106863095645423,0,0.31559424526074054,0.3358249710186172,0.21938358641524403,0.20247332488770553,0.9651698511137461,-0.04859959207748332,-0.07309931004169101,1.1374650475637935,1.518088896764258
162151.74+340559.1,-25.61418494691516,-25.76526333542053,-26.18266009586103,-26.26051649248001,-26.622512764353598,-22.451367343154384,-24.85636997006384,-26.83613893775578,-27.332570178397848,-27.44736573289296,-27.6248833649445,-28.52531009943124,0,0.15107838850537192,0.4173967604405,0.07785639661898003,0.3619962718735863,2.4050026269094573,0.49643124064206745,0.11479555449511025,0.9004267344867429,1.3643668724644868
162222.56+494236.7,-23.999181724787636,-24.46180017428656,-24.90269998797745,-25.133531485506257,-25.434084253730926,-22.89263641287737,-23.90445658484725,-25.81647209708948,-25.93146349743024,-26.12425099384955,-26.75627081515407,-27.669516731001828,0,0.4626184494989225,0.4408998136908906,0.23083149752880772,0.30055276822466936,1.0118201719698803,0.1149914003407595,0.19278749641931014,0.9132459158477566,1.622739329647814
162250.29+422232.8,-24.36701597048452,-24.67364982657281,-25.07040623773716,-25.18037192984005,-25.393344246042677,-18.95067281247794,-20.04105352443188,-25.912865752370067,-26.407113971025638,-26.60024260070193,-26.24609733708261,-27.215788583317707,0,0.30663385608828975,0.39675641116435045,0.10996569210288953,0.21297231620262735,1.0903807119539408,0.4942482186555708,0.1931286296762913,0.9696912462350973,1.0657254072425602
162307.39+300406.0,-24.37130737124553,-24.90890057423612,-25.285082189031723,-25.393475737841843,-25.756704648039733,-22.431863904623658,-24.114336690004286,-25.98079608098085,-26.006852002484436,-26.223617205124157,-26.92394192667441,-27.860288000917105,0,0.5375932029905925,0.37618161479560186,0.10839354881012042,0.36322891019788983,1.6824727853806287,0.026055921503587598,0.21676520263972066,0.9363460742426959,1.5304661888325661
162307.62+390932.3,-25.92178515357517,-26.084195576451684,-26.455399378697475,-26.565914900111554,-26.8219560058118,-24.39647216847388,-24.940729290732843,-27.33167253498509,-27.73257713400124,-27.94552207707903,-27.735065349469945,-28.443295275328204,0,0.16241042287651553,0.3712038022457911,0.11051552141407939,0.25604110570024474,0.5442571222589621,0.40090459901615105,0.21294494307779033,0.7082299258582587,1.1691504493583906
162324.51+162653.1,-24.61349357146356,-24.80610097679361,-25.09065665678389,-25.23964198768872,-25.519318165082087,-23.35157811256489,-24.460052623664776,-25.19304474226592,-25.622887760951667,-25.649464808576685,-26.66251769486802,-27.572313880056388,0,0.1926074053300475,0.2845556799902802,0.14898533090483213,0.27967617739336603,1.1084745110998853,0.42984301868574804,0.026577047625018224,0.9097961851883696,1.4228757071792977
162358.25+074130.5,-24.49482007855084,-24.51420622052342,-24.94670416914279,-25.150880825110598,-25.409868476461416,-19.544546142121717,-19.41373682471369,-25.572733056151428,-25.686913282160624,-26.064267227211324,-26.1844270156921,-26.789057899528327,0,0.019386141972578486,0.4324979486193712,0.20417665596780665,0.258987651350818,-0.13080931740802626,0.11418022600919642,0.3773539450507002,0.6046308838362258,1.0335461905815038
162413.29+123035.2,-25.31575704049857,-25.441195412180303,-25.756472141973354,-25.93954247443788,-26.170060358168698,-21.013333577056937,-23.91829834970755,-26.491243927359854,-26.818491039334194,-27.13758084019887,-26.838444566773298,-27.258586511465065,0,0.12543837168173155,0.31527672979305166,0.1830703324645242,0.23051788373081905,2.9049647726506116,0.32724711197434075,0.3190898008646741,0.4201419446917676,0.898902092335419
162439.95+323918.9,-21.750162858718923,-22.0267422952451,-22.352380120281985,-22.562196792787987,-22.69384974669909,-20.637946927340348,-20.937208627330637,-22.48568524958894,-22.90834889508919,-23.21179002718825,-23.56954665830545,-24.201978602844985,0,0.2765794365261769,0.32563782503688543,0.2098166725060011,0.13165295391110376,0.2992616999902893,0.4226636455002506,0.30344113209906,0.6324319445395368,1.0073498655174618
162615.44+571344.0,-24.70814779686536,-25.04386870038297,-25.41875002108588,-25.53615822209136,-25.716970637468155,-22.841772217650824,-23.11481142560183,-26.273718235552582,-26.45472158972481,-26.642985657098954,-26.74473905269971,-27.56001422487077,0,0.33572090351760764,0.3748813207029116,0.11740820100547822,0.1808124153767956,0.27303920795100467,0.18100335417222624,0.18826406737414558,0.8152751721710594,1.2085808306083514
162659.24+301535.0,-24.3235979694793,-24.68726543171994,-25.24786583081956,-25.30791704947288,-25.63473229389102,-22.59401614590205,-23.75162321417553,-26.152598007655044,-26.41561574471601,-26.552822632464583,-26.275562864610727,-26.58671812750108,0,0.3636674622406382,0.56060039909962,0.06005121865332086,0.3268152444181389,1.1576070682734816,0.26301773706096654,0.13720688774857237,0.31115526289035245,0.9676458151378462
162701.94+313549.2,-26.048146592076854,-26.22938237400219,-26.63035678013329,-26.76614765951077,-26.94457193358202,-19.75843631078148,-23.087104106110047,-26.999930198151795,-27.175705942200423,-27.639041238156413,-27.33913228512804,-27.71620711457486,0,0.1812357819253343,0.4009744061311018,0.13579087937748113,0.17842427407124717,3.328667795328567,0.17577574404862872,0.4633352959559893,0.37707482944681914,0.5729846256172699
162714.15+394444.5,-24.463014241690665,-24.745524918747304,-25.0241595936881,-25.154421517678628,-25.44115905612811,-21.869509014961515,-24.17277588767704,-25.585677620114907,-26.147645360866523,-26.03482369602401,-26.65687814223381,-27.575328041860583,0,0.28251067705663857,0.27863467494079686,0.1302619239905276,0.2867375384494828,2.3032668727155254,0.5619677407516157,-0.11282166484251377,0.918449899626772,1.5024566245551831
162727.33+010840.8,-24.63992356216141,-24.95268614939404,-25.32014963384938,-25.56199157126483,-25.78024378422378,-22.09604666107156,-22.885266776389493,-26.284160491879657,-26.82536618034789,-27.03502022951795,-26.782117364195496,-27.333926192021465,0,0.31276258723262984,0.36746348445533883,0.241841937415451,0.21825221295895147,0.7892201153179315,0.5412056884682315,0.20965404917006225,0.551808827825969,1.2201257929306664
162738.14+411916.5,-26.22638358528184,-26.127244492594848,-26.523063877523786,-26.65458842700508,-26.79232031586503,-22.499849310574238,-23.587353278716986,-26.857586793889205,-27.46000107972136,-27.79992561990221,-27.554399030920017,-28.34473505297322,0,-0.09913909268699328,0.395819384928938,0.13152454948129488,0.1377318888599497,1.087503968142748,0.602414285832154,0.33992454018085283,0.7903360220532036,0.8998106039149363
162756.12+125925.8,-24.55721174424024,-24.83509787275136,-25.26080465371085,-25.45584438513575,-25.77052436643947,-21.888304821529196,-23.54939910200422,-26.05985147668885,-26.37250100927252,-26.56485336325509,-26.517809428050462,-27.350140892557786,0,0.27788612851111694,0.42570678095949077,0.19503973142490239,0.3146799813037191,1.661094280475023,0.31264953258367,0.1923523539825709,0.8323314645073232,1.0619650429147107
162800.93+321635.7,-24.84912229103599,-24.99706623935129,-25.457121797943746,-25.55371723145937,-25.76562694463462,-18.266817450473063,-20.268311798904733,-26.17750518105814,-26.552476788666624,-26.778769065082063,-26.755322934536576,-27.68709755563686,0,0.14794394831530155,0.4600555585924546,0.09659543351562405,0.21190971317524898,2.0014943484316703,0.374971607608483,0.22629227641543892,0.9317746211002849,1.201605703077206
162802.81+301219.0,-24.63856541123298,-24.72008609273341,-25.29608769046529,-25.39123551413602,-25.601624862468583,-17.960075612048808,-18.90862004759308,-25.877542211721234,-26.317889846230116,-26.89903816712527,-26.78276408230105,-27.58570364480669,0,0.0815206815004288,0.576001597731878,0.09514782367073238,0.21038934833256207,0.9485444355442709,0.4403476345088819,0.5811483208951529,0.8029395625056388,1.391528568165029
162847.02+122719.5,-24.362501730056557,-24.61199752468761,-24.980241027024427,-25.21156924835361,-25.566403233792567,-19.012838499130936,-21.184378152191154,-25.85501733585644,-26.28414359539634,-26.371907886842767,-26.663364828974668,-27.554267323158168,0,0.2494957946310521,0.36824350233681713,0.23132822132918207,0.35483398543895817,2.1715396530602185,0.429126259539899,0.08776429144642606,0.8909024941835,1.4517955806210594
162933.74+244604.7,-24.6977445996611,-24.95324915495798,-25.371789726316365,-25.43205176817459,-25.663314231368755,-22.061304079364582,-23.089164351813828,-26.11143940333814,-26.7458917566004,-26.50427564565957,-26.7042206517948,-27.575160149706157,0,0.25550455529688065,0.41854057135838474,0.06026204185822337,0.23126246319416666,1.0278602724492458,0.6344523532622617,-0.24161611094083213,0.8709394979113583,1.2721688836202105
163046.21+361306.0,-24.93895417625291,-24.91946950102213,-25.274936269930787,-25.402497925706577,-25.5814405134279,-22.872519877361523,-24.25157570338145,-25.635149872595427,-26.26223551326207,-26.44280351625438,-26.317366361097644,-27.11308022823492,0,-0.019484675230778237,0.3554667689086557,0.12756165577578926,0.17894258772132332,1.379055826019929,0.6270856406666425,0.18056800299230957,0.7957138671372768,0.9148684353910674
163128.51+124722.6,-24.842570858211367,-25.17834651136677,-25.54915427606409,-25.67681597771777,-25.931115315240746,-22.146352394095047,-23.538870228574453,-26.384237830277527,-27.029741883323588,-26.69142057178409,-26.875903543974204,-27.76814740042698,0,0.3357756531554017,0.3708077646973216,0.12766170165367896,0.2542993375229763,1.3925178344794062,0.6455040530460607,-0.33832131153949874,0.8922438564527759,1.1990875662564342
163140.87+470511.0,-24.250447595452183,-24.63186649801136,-25.100568784973177,-25.35588253066954,-25.60299470952545,-22.29844908316816,-23.949701676585104,-25.766732257758683,-25.90682640567127,-26.08859239583853,-26.918072259894576,-27.832375101517226,0,0.3814189025591759,0.46870228696181826,0.25531374569636256,0.24711217885591097,1.6512525934169453,0.14009414791258834,0.18176599016725703,0.91430284162265,1.562189729225036
163201.11+373749.9,-26.62001093241448,-26.76191436290291,-27.024313225565983,-27.13017061315097,-27.414831615246225,-25.04252298348949,-26.519952494698863,-27.579057868528103,-27.81749976903657,-27.80824568469196,-28.15567739713624,-28.99347832046398,0,0.1419034304884299,0.26239886266307266,0.10585738758498664,0.28466100209525536,1.4774295112093725,0.23844190050846592,-0.00925408434460806,0.8378009233277375,1.0255067839852714
163214.50+121803.1,-26.0728408069366,-26.229688670767757,-26.568066575030016,-26.775600968594897,-27.088468567317477,-23.80217999347632,-25.05795896255504,-27.43653550788073,-27.586583289545064,-27.69093273620608,-28.146468800858354,-29.032415348826884,0,0.1568478638311568,0.3383779042622592,0.20753439356488101,0.31286759872257974,1.2557789690787224,0.15004778166433397,0.10434944666101487,0.8859465479685298,1.3708678322634569
163221.91+465642.5,-24.98210226383164,-25.029667813474184,-25.21296924277736,-25.46604047324665,-25.744952982647103,-22.53868850633367,-23.625100871109243,-25.87239316442876,-26.57677503919404,-26.981204042964364,-26.806091932450794,-27.68264759311586,0,0.047565549642545335,0.1833014293031745,0.2530712304692919,0.27891250940045254,1.0864123647755726,0.7043818747652786,0.40442900377032487,0.8765556606650655,1.340051459204144
163348.98+313411.9,-25.271326396147707,-25.486278421983293,-25.798252663690803,-25.965312780757834,-26.22811795141234,-22.656818306325054,-24.875288573814075,-26.616280934830485,-26.9016014110092,-26.944291414388683,-27.47067541581307,-28.500132191759544,0,0.21495202583558637,0.3119742417075102,0.16706011706703094,0.2628051706545058,2.218470267489021,0.2853204761787147,0.0426900033794837,1.0294567759464748,1.505362635055235
163356.64+313954.1,-24.950188165436117,-25.046406937904,-25.422247173288135,-25.69822165034318,-25.925611513063448,-21.9936316090226,-24.129824609121663,-26.439443829864786,-26.83231142469115,-26.611017883794005,-27.086877365351047,-27.701641136979287,0,0.09621877246788202,0.37584023538413547,0.2759744770550441,0.22738986272026906,2.1361930000990625,0.39286759482636313,-0.22129354089714326,0.6147637716282404,1.388655715007868
163416.47+145951.1,-25.244202267434083,-25.58332555757308,-25.94041789146652,-26.072515930792672,-26.295392571118672,-21.06959087589033,-24.095735682471755,-26.80002000492502,-27.14246560823912,-27.22959530279571,-27.34162101780695,-28.17019342884527,0,0.3391232901389962,0.35709233389344064,0.13209803932615216,0.22287664032599963,3.0261448065814243,0.34244560331410057,0.08712969455658737,0.8285724110383192,1.2691050870142782
163444.84+375308.9,-24.68631729568686,-24.86155504469217,-25.17938028687839,-25.35452118333331,-25.696523542643902,-23.24799367963835,-24.661533524859244,-26.08381423888798,-26.380812715012883,-26.184529640605604,-26.791948357793192,-27.48662624010909,0,0.17523774900531208,0.31782524218622044,0.17514089645491993,0.342002359310591,1.413539845220896,0.2969984761249016,-0.19628307440727966,0.6946778823158972,1.4374271744598808
163515.49+380804.4,-24.94316439876109,-25.26967590733327,-25.5935547048633,-25.748830257025208,-26.07908785533853,-20.28383138796725,-23.70568763537684,-26.672187808871705,-27.240019632366188,-27.198771429135203,-28.74430372862284,-29.551504709596443,0,0.32651150857217814,0.3238787975300319,0.15527555216190692,0.33025759831332024,3.4218562474095897,0.5678318234944832,-0.041248203230985325,0.8072009809736045,2.9954734715976308
163623.97+002302.6,-24.26033331259029,-24.41738220405442,-24.87922900441829,-25.04216484512296,-25.252606127445212,-22.53471979920509,-24.19438616853962,-25.62457180474348,-25.90816802150442,-25.555599163841208,-26.369424982577826,-27.161364779058005,0,0.15704889146412881,0.46184680036386894,0.16293584070467304,0.21044128232225034,1.6596663693345306,0.28359621676094093,-0.35256885766321133,0.7919397964801789,1.3272601374548643
163642.91+332729.0,-24.841864910335094,-24.98422788524004,-25.317733435284925,-25.53316648399825,-25.71985435570658,-24.041801179947303,-24.73583641929194,-25.71701476092927,-25.7915167026282,-25.74672486141611,-26.746969966359504,-27.651149284862942,0,0.14236297490494465,0.3335055500448867,0.2154330487133258,0.18668787170832957,0.6940352393446361,0.0745019416989301,-0.04479184121209201,0.9041793185034379,1.2138034823612536
163704.25+480731.3,-24.49058452927947,-24.68620157301228,-25.00487198563462,-25.12968957171585,-25.277468356419075,-23.11212329887085,-24.925353622852604,-25.876766315628053,-26.022217363252192,-25.987656563776937,-26.504643560687292,-27.456903172435027,0,0.19561704373280975,0.31867041262233897,0.12481758608123172,0.14777878470322392,1.813230323981756,0.14545104762413885,-0.03456079947525481,0.9522596117477349,1.3749539889714413
163917.52+225154.9,-24.624430541945337,-24.70486774485435,-25.166473518349644,-25.435524077745104,-25.645961401587765,-21.368939758098534,-23.657713810289817,-26.083072374235915,-26.492966587557405,-26.53947310190998,-26.780090500142517,-27.34860252966834,0,0.0804372029090139,0.4616057734952932,0.26905055939545974,0.21043732384266178,2.2887740521912825,0.4098942133214898,0.04650651435257558,0.5685120295258237,1.3445664223974134
164224.17+204417.4,-24.770980624627224,-25.11099459968592,-25.54510075901546,-25.77933436190687,-26.12342283654565,-21.30869384494624,-24.174249477245784,-26.444377187591023,-27.036364010064343,-26.840992872453757,-27.17596637666464,-28.01541508028411,0,0.3400139750586959,0.43410615932954144,0.2342336028914076,0.3440884746387809,2.865555632299543,0.59198682247332,-0.19537113761058578,0.8394487036194711,1.3966320147577704
164305.37+244543.8,-24.922648035473312,-24.88509346216937,-25.27694885221838,-25.38355964336931,-25.585817761054468,-21.35840647824016,-22.45769804986157,-25.82533429210652,-26.368880652568595,-27.090512643736957,-26.467887098970817,-27.17191819123614,0,-0.03755457330394307,0.3918553900490096,0.1066107911509313,0.2022581176851581,1.0992915716214107,0.5435463604620772,0.721631991168362,0.7040310922653248,1.0843274556015068
164308.51+342330.3,-24.37878340587497,-24.52005625189968,-24.836378576698383,-24.95632887423252,-25.225752630154687,-23.53695515174147,-24.4571509402427,-25.444518867087897,-25.536455626783397,-25.408079773525344,-26.356315544148234,-27.234698884819437,0,0.1412728460247088,0.3163223247987048,0.11995029753413533,0.26942375592216905,0.9201957885012284,0.09193675969549986,-0.12837585325805279,0.8783833406712027,1.399986669915716
164347.89+301108.8,-24.860188725838185,-25.01195371697365,-25.44437344230473,-25.759504212738804,-26.11322691133552,-23.83270891706104,-25.1624886622836,-26.48321760238269,-26.985466325766797,-26.80563026876871,-27.21878825266274,-28.10666548203545,0,0.15176499113546527,0.43241972533108,0.3151307704340738,0.3537226985967159,1.3297797452225595,0.5022487233841062,-0.1798360569980879,0.8878772293727089,1.4592840399239364
164411.11+310435.2,-24.956414523136104,-25.254177618721084,-25.55902030853678,-25.648956138013467,-25.848408395450303,-22.88210478418266,-24.053279704753347,-26.082981042837822,-26.757255424734478,-26.71916315263575,-26.650840653119317,-27.442106835087245,0,0.2977630955849797,0.30484268981569684,0.08993582947668699,0.19945225743683537,1.1711749205706887,0.6742743818966552,-0.038092272098726454,0.7912661819679272,1.00188451510585
164508.64+442440.2,-24.724833760495056,-25.195853196896945,-25.565175302880167,-25.661558842279845,-25.931954338306053,-20.46080819854133,-22.3626410820557,-26.254486984527315,-26.637615492272804,-26.783420472284185,-26.977578346362943,-28.0082332541015,0,0.4710194364018889,0.36932210598322257,0.09638353939967814,0.2703954960262074,1.9018328835143699,0.38312850774548934,0.14580498001138054,1.0306549077385583,1.3160195040830978
164537.93+471358.1,-24.58131232641211,-24.800906263315404,-25.10736831545473,-25.29517148705962,-25.54097588498175,-21.301477431968262,-24.57818385107266,-25.71824618620136,-25.8531916000363,-24.669189843796303,-26.69185933893213,-27.608198751542943,0,0.2195939369032942,0.30646205213932376,0.1878031716048909,0.24580439792213227,3.2767064191043964,0.13494541383494152,-1.1840017562399971,0.9163394126108138,1.3966878518725103
164658.36+412942.0,-25.166018667335297,-25.0878030763529,-25.436968420384616,-25.54230598112201,-25.84738169702015,-16.57437097544001,-19.697199423761173,-25.80699532056011,-25.91278436951274,-25.032811389270588,-26.57440343336497,-27.249115649326026,0,-0.07821559098239916,0.34916534403171795,0.10533756073739298,0.3050757158981412,3.1228284483211617,0.10578904895263008,-0.879972980242151,0.6747122159610548,1.0320974522429616
164824.90+293831.3,-23.60625132809467,-23.83180268476891,-24.167165219828814,-24.28895695310123,-24.545830568377568,-23.208226537640783,-23.322861662436235,-24.52818373652905,-24.92823888248385,-25.11267276362004,-25.835152074028013,-26.77642393389158,0,0.22555135667423798,0.3353625350599039,0.12179173327241699,0.2568736152763371,0.11463512479545201,0.4000551459547985,0.18443388113619008,0.9412718598635657,1.5461951209267824
164826.24+312622.7,-24.343715916094336,-24.56044385171521,-24.89966580703933,-25.09005300347084,-25.318107130244936,-21.907723716031217,-23.62514095831012,-25.53666033450127,-26.27210430368901,-26.44340159650832,-26.363846798056965,-27.08197410056995,0,0.21672793562087378,0.33922195532412047,0.1903871964315087,0.2280541267740972,1.717417242278902,0.7354439691877381,0.17129729281931105,0.7181273025129862,1.2737937945861262
164938.91+302228.8,-24.49974550653731,-24.89348625937288,-25.20465456745314,-25.42971832669872,-25.72866100776492,-19.906288419330743,-23.034467390074287,-25.97551747139152,-26.294411146522595,-26.19581527568335,-26.84587746023314,-27.89424832177778,0,0.39374075283557275,0.3111683080802585,0.22506375924557886,0.29894268106620103,3.1281789707435443,0.3188936751310756,-0.09859587083924382,1.0483708615446403,1.4161591335344212
165321.03+271706.7,-25.56239686818046,-25.9208679131249,-26.248960044381256,-26.34152795565642,-26.626020160397573,-22.14243316719243,-24.70246207039584,-26.938369225266936,-27.1842938647953,-27.335232852554984,-27.76354716950738,-28.74793207625353,0,0.3584710449444408,0.32809213125635495,0.0925679112751645,0.2844922047411522,2.56002890320341,0.24592463952836496,0.15093898775968384,0.9843849067461505,1.4220192138509589
165527.33+203947.7,-25.001377236386208,-25.430905911506308,-25.81720836256984,-25.987819630807834,-26.295305117301567,-21.067699824705397,-23.432631260748902,-26.772346139427366,-27.186470972666832,-27.049738426159216,-27.38112042825192,-28.42967687552477,0,0.42952867512009973,0.386302451063532,0.17061126823799455,0.3074854864937322,2.3649314360435056,0.41412483323946603,-0.13673254650761635,1.0485564472728512,1.393300797444084
165542.60+381338.3,-25.290203796922857,-25.78714390968497,-26.20002855330054,-26.289133893247843,-26.498535726995534,-22.545589341596926,-23.978497607386128,-26.99209786125836,-27.345684388832588,-27.21058348084404,-27.39672024236419,-28.181108197278,0,0.4969401127621147,0.41288464361556976,0.0891053399473023,0.20940183374769106,1.4329082657892016,0.35358652757422604,-0.1351009079885479,0.7843879549138109,1.107586349116346
165543.23+394519.9,-24.309816960997946,-24.68561249583416,-25.101873376076547,-25.24486242208724,-25.466409351542683,-21.59696097434872,-23.305057057469288,-26.1522479827538,-26.622451940471414,-26.62953990566214,-26.393581979167585,-26.904146799976857,0,0.37579553483621453,0.41626088024238683,0.14298904601069395,0.2215469294554424,1.7080960831205694,0.47020395771761514,0.007087965190724077,0.5105648208092717,1.1487195570803443
165802.77+473749.2,-24.908978377341544,-25.09008010108024,-25.342001647222965,-25.44522882887839,-25.60795335470113,-23.51526362680021,-24.36736518553244,-26.42208422132483,-26.67615339418504,-26.57993134088983,-26.704526110234248,-27.72145729983877,0,0.1811017237386956,0.2519215461427251,0.10322718165542355,0.16272452582274255,0.8521015587322296,0.25406917286020914,-0.09622205329521094,1.0169311896045237,1.2592972813558596
170017.85+631923.0,-24.69821890947912,-25.08599457916014,-25.366573529585214,-25.58499614267309,-25.65433742485711,-22.75358468219532,-23.970658798239743,-26.052036520583748,-26.71799180472735,-26.3270023843698,-26.830781748234998,-27.798767789415816,0,0.3877756696810195,0.28057895042507397,0.2184226130878777,0.0693412821840198,1.2170741160444223,0.6659552841436032,-0.3909894203575526,0.9679860411808185,1.245785605561906
170100.60+641209.3,-27.23155395170005,-27.13202995966171,-27.552622025717337,-27.74495025145504,-27.95169841214935,-24.32768470821662,-24.554177583938973,-28.29024515990469,-28.732144602557824,-29.02996965681653,-29.01774677414854,-29.544313536946884,0,-0.09952399203833906,0.42059206605562593,0.19232822573770392,0.20674816069431046,0.22649287572235366,0.44189944265313486,0.29782505425870553,0.5265667627983426,1.2727965226935005
170124.75+351156.3,-24.97463207033037,-24.952298460902743,-25.306236860814035,-25.59242369657857,-25.88653473011433,-21.448942774387486,-22.07499643545929,-26.170606989751665,-27.050472995862297,-27.030260141715388,-26.88918533237125,-27.40706719199658,0,-0.0223336094276263,0.35393839991129283,0.28618683576453563,0.29411103353575996,0.6260536610718042,0.8798660061106318,-0.020212854146908654,0.5178818596253265,1.2967616357926808
170232.50+352618.2,-22.749517360196972,-23.039953481809352,-23.45298239999341,-23.588824839228334,-23.808464334650324,-22.000947746546174,-22.464232273782027,-23.580218471239053,-23.82698838935936,-24.071828051826024,-24.355010674834823,-25.25743117834284,0,0.2904361216123803,0.4130289181840574,0.13584243923492423,0.21963949542199046,0.463284527235853,0.24676991812030735,0.24483966246666355,0.9024205035080186,0.766185835606489
170301.35+610712.7,-24.177919834832693,-24.573925504873543,-24.91917367605984,-25.09480559397725,-25.46064086753041,-22.453488450315024,-24.140197814413455,-25.79461607436982,-25.881131161041427,-25.968829818732136,-26.51487356031066,-27.38399128774932,0,0.3960056700408501,0.3452481711862987,0.17563191791740707,0.3658352735531629,1.68670936409843,0.08651508667160712,0.08769865769070861,0.8691177274386597,1.4200679663334128
170306.10+615244.4,-25.06402339796159,-25.38332994201862,-25.69407403966205,-25.81729317844184,-26.02034591396352,-22.431223809205576,-24.078264512261452,-26.55919136293693,-27.05294039958152,-26.631300818185025,-26.83424194684945,-27.699583743827148,0,0.31930654405702796,0.31074409764342903,0.12321913877979185,0.20305273552168046,1.6470407030558754,0.4937490366445907,-0.4216395813964944,0.8653417969776989,1.0169487684076088
170634.12+361508.0,-23.76327572441368,-24.068200453222936,-24.448714117727405,-24.5670985081538,-24.69555373050457,-22.511321522557346,-24.296482767659548,-25.126764990466704,-25.55279099041228,-25.3779788757526,-25.377509675086717,-25.98517551693433,0,0.3049247288092545,0.3805136645044698,0.11838439042639592,0.12845522235076956,1.785161245102202,0.4260259999455762,-0.17481211465968016,0.6076658418476129,0.8104111669329157
170659.37+452506.7,-24.2931892794468,-24.351665181535072,-24.66677350432064,-24.7298670432014,-24.88104454361481,-22.92857803158686,-24.29539834882814,-25.310060963087626,-25.6095395612745,-25.6284366879478,-26.13238968151112,-27.154264956361654,0,0.058475902088272136,0.31510832278556933,0.0630935388807572,0.15117750041341083,1.366820317241281,0.29947859818687306,0.01889712667330201,1.021875274850533,1.4025226383097227
170713.58+412704.1,-24.29913412201977,-24.552446150745222,-24.95282221532205,-25.136952887707203,-25.417467191310216,-21.07443320893546,-23.88218406111048,-25.53553806205153,-26.06032931939102,-26.25518902299088,-26.052434598609672,-26.977731227495987,0,0.25331202872545333,0.40037606457682884,0.18413067238515168,0.2805143036030131,2.807750852175019,0.5247912573394906,0.19485970359986027,0.9252966288863149,0.9154817109024691
170757.55+332934.4,-24.348639049035555,-24.85065522968481,-25.21948492719212,-25.30716066537392,-25.55068458570896,-22.000743182308906,-23.42502206837838,-26.022179145180587,-26.12740727023028,-25.9835318499927,-26.62023196744916,-27.605552660695235,0,0.5020161806492567,0.36882969750730865,0.08767573818180097,0.2435239203350399,1.424278886069473,0.10522812504969181,-0.1438754202375776,0.9853206932460736,1.3130713020752403
170819.79+614207.2,-25.198300758271287,-25.55648257809178,-25.949325693947888,-26.170031938704412,-26.41532374962336,-23.752440939466847,-24.964053222575597,-26.4778118124364,-26.841115989870808,-26.96752226952168,-27.368924054929813,-28.254591374825733,0,0.35818181982049424,0.3928431158561061,0.22070624475652423,0.2452918109189497,1.2116122831087495,0.3633041774344079,0.12640627965087248,0.8856673198959193,1.1988921162254016
170850.70+423444.6,-25.446956591780744,-25.65494200173442,-25.92327321328315,-26.074199795048266,-26.318771365294083,-23.681192481434813,-24.89078689368259,-26.69776826397727,-27.08569714653369,-26.98969828078228,-27.28786056677376,-28.19467561036783,0,0.20798540995367532,0.2683312115487304,0.1509265817651162,0.24457157024581733,1.2095944122477782,0.38792888255641955,-0.09599886575140815,0.9068150435940723,1.2136607717254932
170942.56+335117.7,-24.83040363931433,-25.08280906589523,-25.32325554242957,-25.416567504859117,-25.58814996709375,-21.47625650906353,-23.814762777644116,-25.81889721026587,-26.10500632917466,-26.135538524947705,-26.79406982179193,-27.80964288247197,0,0.2524054265808999,0.24044647653434126,0.09331196242954576,0.1715824622346318,2.3385062685805877,0.2861091189087901,0.03053219577304489,1.0155730606800404,1.3775023169328122
171029.47+590834.8,-23.544096012012226,-23.67191262412888,-24.119866087004205,-24.18137247486136,-24.383322994631232,-21.76146197572098,-23.027149044264117,-24.58572274905524,-25.20608656655471,-25.605094119292566,-25.26176179263077,-25.960665115869723,0,0.12781661211665352,0.44795346287532567,0.06150638785715401,0.20195051976987344,1.2656870685431372,0.6203638174994701,0.3990075527378565,0.6989033232389517,1.0803893177694128
171522.17+573626.7,-25.614297242398727,-25.65974736975363,-25.95645133129718,-26.2809957751563,-26.4706795687418,-20.20268727112852,-23.208265240540584,-26.83746679038045,-27.251021917612714,-27.544313639393444,-27.548456863576657,-27.86941907197352,0,0.04545012735490417,0.2967039615435496,0.32454444385911785,0.1896837935855018,3.0055779694120623,0.4135551272322644,0.2932917217807294,0.32096220839686396,1.267461088420358
171911.96+291546.5,-23.267927571873035,-23.689231567471698,-24.15845454532257,-24.35277033063874,-24.578394243803118,-22.33848294218596,-22.935024402484665,-25.18296432055416,-25.123246733681125,-24.97357538121986,-25.536482750040985,-26.594764944230057,0,0.42130399559866305,0.4692229778508725,0.19431578531617077,0.2256239131643767,0.596541460298706,-0.059717586873034634,-0.14967135246126517,1.058282194189072,1.1837124194022444
172133.61+561220.9,-24.098368780619364,-24.27800665381969,-24.706102856539253,-24.914752501621507,-25.10716387797619,-21.756660370682408,-23.60554122170044,-25.192050710617696,-25.375236147385145,-25.324661378041643,-26.45969640906558,-27.42712154997057,0,0.17963787320032765,0.42809620271956206,0.2086496450822537,0.1924113763546842,1.8488808510180341,0.1831854367674488,-0.05057476934350191,0.9674251409049894,1.5449439074440718
172209.44+273042.9,-25.027260426079582,-25.272119456659016,-25.63475944424236,-25.7576568332349,-25.998952208904942,-23.165456308849794,-24.202979584973825,-26.445939648280028,-26.895902324976827,-27.03704444484794,-27.062354741602785,-27.90473043526396,0,0.24485903057943403,0.3626399875833428,0.12289738899254132,0.24129537567004178,1.0375232761240305,0.44996267669679924,0.14114211987111247,0.8423756936611753,1.304697908367885
172314.14+654746.1,-25.15257444979401,-25.46762799376979,-26.002135574814773,-26.080592876383328,-26.34569466812496,-21.98753311732479,-24.6297157559428,-26.69347725133936,-26.978159468721454,-26.581963633113972,-27.018938076227567,-27.61279940321198,0,0.3150535439757789,0.5345075810449842,0.07845730156855524,0.26510179174163184,2.64218263861801,0.28468221738209465,-0.3961958356074824,0.5938613269844133,0.9383451998442389
172409.19+531405.5,-25.08246165315166,-25.09882562650621,-25.61377751717477,-25.80081278311529,-25.99497102661947,-20.602134441952582,-17.840453807254406,-26.569175501536503,-26.81271059920419,-27.4333448512434,-27.03236303363358,-27.83528465688405,0,0.016363973354547312,0.5149518906685628,0.18703526594051922,0.1941582435041802,-2.761680634698177,0.24353509766768866,0.6206342520392099,0.8029216232504695,1.2315502505182891
172958.77+575838.5,-25.03436356700582,-25.218717127624323,-25.46964557432384,-25.586157391931785,-25.867763179201976,-22.640957771863423,-24.867755704851216,-26.07998804704096,-26.197489372764814,-26.26131460250726,-27.03458217103391,-28.04636252289837,0,0.18435356061850428,0.2509284466995183,0.11651181760794316,0.28160578727019114,2.226797932987793,0.11750132572385397,0.06382522974244509,1.0117803518644592,1.448424779102126
173052.71+602516.7,-23.7093510692591,-24.01290159806528,-24.4765065748457,-24.724701040382293,-24.987642160147264,-22.819566250344863,-23.39227217236757,-24.9949638524678,-25.41472189895997,-25.22689389083216,-26.11830765557905,-26.89185199584341,0,0.3035505288061806,0.46360497678042023,0.2481944655365922,0.2629411197649709,0.5727059220227062,0.41975804649216997,-0.18782800812781275,0.7735443402643618,1.3936066151967559
205900.36-064309.5,-24.98272177829253,-24.96940121861987,-25.64203219741352,-25.841184175954403,-26.07448885999435,-20.93324350893855,-24.17042224982918,-26.488034566341007,-26.958776190461727,-26.96224548622864,-26.74209419393012,-27.463617879410258,0,-0.013320559672660437,0.6726309787936522,0.19915197854088262,0.23330468403994686,3.2371787408906307,0.47074162412071985,0.0034692957669122393,0.7215236854801361,0.9009100179757183
211157.77+002457.5,-25.16038041730417,-25.064392887630746,-25.539721275165583,-25.606019691789427,-25.833146715694944,-22.254234820769927,-22.803893511913135,-26.134501251731734,-26.45807903855429,-26.91576904118444,-26.89690685007396,-27.856147671829927,0,-0.09598752967342605,0.4753283875348373,0.0662984166238445,0.22712702390551698,0.5496586911432075,0.323577786822554,0.4576900026301516,0.9592408217559658,1.2908871582845336
211832.88+004218.9,-24.973823007583437,-25.040944301303988,-25.32876612284049,-25.479130225350136,-25.760238569402063,-22.0114775774594,-23.55423810647216,-25.946741036385845,-26.580039616138475,-26.80494647242818,-26.660390965529736,-27.29659145465384,0,0.06712129372055031,0.2878218215365038,0.15036410250964494,0.2811083440519262,1.5427605290127602,0.6332985797526298,0.22490685628970652,0.6362004891241035,1.1812607401795994
211922.87-001533.7,-24.20080840056208,-24.55680564751725,-25.07274370718774,-25.22313681538104,-25.518209382030392,-21.485642385013904,-23.63395801388156,-26.065668400663967,-26.577311856648784,-26.201826718960778,-26.733665252250745,-27.757771732458224,0,0.35599724695516954,0.5159380596704892,0.15039310819329899,0.29507256664935255,2.148315628867657,0.5116434559848173,-0.3754851376880062,1.0241064802074789,1.5105284368697056
212125.73+112525.2,-24.928132747523414,-25.271919810291926,-25.637417643877797,-25.758057440112303,-26.049995867389296,-23.304796540079007,-24.811971389086786,-26.35636282117829,-26.86707971185684,-26.690637543731835,-27.270200908794934,-28.14702947208275,0,0.3437870627685129,0.36549783358587007,0.12063979623450649,0.2919384272769925,1.5071748490077788,0.5107168906785482,-0.17644216812500346,0.8768285632878161,1.5121434686826305
212329.46-005052.9,-26.3897392567832,-26.432668348374083,-27.00615728765764,-27.151411412532788,-27.401141192971355,-17.061274043186245,-20.75924882102321,-27.843554893198394,-28.19077516549259,-28.446051390014595,-28.418822658251536,-29.229887191668823,0,0.04292909159088154,0.5734889392835569,0.145254124875148,0.24972978043856742,3.697974777836965,0.3472202722941944,0.2552762245220066,0.8110645334172872,1.2674112457187476
212418.00-015158.9,-23.943007354329847,-24.262349313076413,-24.65063356227811,-24.876671132494256,-25.01514780741913,-22.531282486316947,-23.852490992240497,-25.427527169125582,-25.96538447650831,-25.8304803107529,-26.45391735526148,-27.302312690153688,0,0.31934195874656623,0.38828424920169624,0.22603757021614612,0.13847667492487403,1.3212085059235505,0.5378573073827262,-0.1349041657554082,0.8483953348922064,1.5772462227672257
212521.99-000736.7,-24.350410246017177,-24.440782035453772,-24.349621261197605,-24.75117766697309,-24.875054687945,-16.140329372616794,-18.561202224977933,-25.26093126011671,-26.755154454018683,-26.87354928513177,-26.12092853840085,-27.05186717755066,0,0.0903717894365954,-0.09116077425616709,0.4015564057754837,0.12387702097191067,2.420872852361139,1.4942231939019734,0.11839483111308624,0.930938639149808,1.3697508714277618
212549.48+000741.8,-24.67157862216781,-24.91116391159393,-25.257740986125903,-25.41046566865148,-25.68013800585741,-22.57168104844297,-23.37127770422157,-26.330279209681343,-26.846958117943934,-26.76137542113644,-26.43987236946477,-27.2122810914407,0,0.23958528942612034,0.3465770745319716,0.15272468252557658,0.26967233720592887,0.7995966557786005,0.5166789082625911,-0.08558269680749575,0.7724087219759319,1.0294067008132899
213054.48+011500.5,-25.01018308250913,-25.075667259312187,-25.95901560797217,-26.169622435419186,-26.302900083832757,-19.73762704182684,-22.209016467675337,-26.65957556031072,-26.99509394735345,-27.014690433344693,-27.16032654242557,-27.852557785492166,0,0.06548417680305718,0.8833483486599825,0.2106068274470161,0.13327764841357137,2.4713894258484963,0.33551838704272896,0.01959648599124364,0.6922312430665976,0.9907041070063833
213408.11+043611.4,-24.173051906392185,-24.475941857852217,-24.921325230715755,-25.09859437315168,-25.380542166580835,-17.708059325431485,-22.11468979796044,-26.13079840003628,-26.54244626515734,-26.41368065990823,-26.559337873239866,-27.2559603828194,0,0.30288995146003117,0.4453833728635388,0.17726914243592518,0.2819477934291541,4.406630472528956,0.41164786512106133,-0.12876560524911085,0.6966225095795338,1.460743500088185
213440.84+040613.4,-23.54466670936697,-23.967075057880685,-24.318725112080653,-24.429883513885297,-24.71619274924857,-18.35420550742615,-17.905586772855113,-25.07470099225638,-25.349971674228676,-25.988396214497037,-25.67199392718946,-26.374270351109235,0,0.4224083485137129,0.3516500541999683,0.11115840180464431,0.286309235363273,-0.4486187345710384,0.2752706819722981,0.6384245402683604,0.7022764239197734,1.2421104133041645
213638.58+004154.2,-25.98670618825349,-26.221798670145557,-26.547631916378617,-26.70224816695516,-26.97735061883754,-22.261552607797007,-25.124969030189693,-27.42379662444908,-27.679090454972428,-27.94417521149584,-27.900092338859693,-28.497913439162197,0,0.23509248189206744,0.32583324623306,0.15461625057654516,0.27510245188237903,2.8634164223926852,0.25529383052334964,0.2650847565234109,0.5978211003025038,1.1978441719045314
213831.33+121527.0,-24.414841850935336,-24.83422690759667,-25.12423180636117,-25.30103770836291,-25.560433163824914,-21.68490872442364,-23.76500494645092,-25.83632989439177,-25.95284003219992,-25.92586558375065,-26.324464301542605,-26.37996241443877,0,0.4193850566613335,0.29000489876450075,0.17680590200173896,0.2593954554620055,2.0800962220272794,0.11651013780814878,-0.026974448449269772,0.055498112896163576,1.0234265931796962
214100.52+041129.5,-23.89697104547199,-24.178747520044286,-24.546952155772185,-24.643317725190894,-24.84166717500172,-18.60983590244044,-18.11116311327501,-25.12373387990772,-25.89650303741772,-25.60438935581709,-26.27671944911552,-27.099901759017747,0,0.2817764745722968,0.3682046357278992,0.09636556941870822,0.19834944981082714,-0.49867278916543256,0.7727691575099982,-0.2921136816006289,0.8231823099022257,1.633401723924628
214633.34+000318.6,-25.306570751399967,-25.4832702372062,-25.845374636503884,-26.021821511416427,-26.250512996421687,-15.51633184811393,-18.71261476512517,-26.677358707868105,-26.86042937946228,-27.43804469274768,-27.203884269256907,-27.77100836078116,0,0.17669948580623185,0.3621043992976851,0.17644687491254274,0.22869148500526038,3.1962829170112403,0.183070671594173,0.5776153132854027,0.5671240915242528,1.1820627578404803
214638.87-014946.3,-23.9212719663086,-24.13530057152146,-24.552414384092224,-24.70602310808557,-25.0200641863652,-22.229261957694835,-23.23511935288153,-25.278619984991085,-25.68106412677755,-25.46274711162924,-26.55775367271193,-27.61703365769472,0,0.21402860521286016,0.41711381257076496,0.15360872399334724,0.31404107827962946,1.0058573951866947,0.40244414178646437,-0.21831701514830826,1.0592799849827905,1.851730564626358
214657.66-023946.3,-25.117494523847054,-25.107736089166497,-25.448784633179347,-25.53223785884821,-25.719222432325875,-21.679497845320952,-23.676732907388644,-26.5841414126737,-26.71677655088335,-27.037821687047582,-26.774698133720385,-27.31923794977498,0,-0.00975843468055615,0.3410485440128497,0.08345322566886182,0.18698457347766606,1.9972350620676913,0.13263513820965045,0.32104513616423347,0.5445398160545949,1.242460274872176
214901.20-073141.7,-24.989794793663357,-25.07111930859602,-25.50317242365243,-25.590792416720458,-25.80619403848346,-22.251523413865733,-23.62915171331329,-26.160867200079057,-26.87599991186232,-26.6354917885862,-26.759472216627834,-27.72846437458865,0,0.08132451493266402,0.43205311505640864,0.08761999306802792,0.2154016217630037,1.377628299447558,0.7151327117832622,-0.24050812327611837,0.9689921579608161,1.1686797999073768
214914.69+023902.8,-24.744782235994634,-24.76480346006075,-25.029506383871407,-25.18343643276067,-25.28389636499473,-23.179705752213405,-24.70483864943853,-25.205002473832906,-25.383135803901403,-25.309094556883178,-26.324862284879853,-27.05357178672313,0,0.020021224066116616,0.2647029238106562,0.15393004888926143,0.10045993223406313,1.5251328972251237,0.17813333006849774,-0.07404124701822568,0.7287095018432765,1.141425852119184
215243.98+225258.2,-24.209599939548067,-24.468047904125008,-24.85521952103616,-25.10324596310239,-25.35606446657828,-19.861073943530126,-23.733075851049108,-25.91338761431164,-25.898684447086524,-25.238083472786357,-26.551800353881283,-27.534183470718254,0,0.2584479645769413,0.38717161691115365,0.2480264420662266,0.2528185034758934,3.8720019075189818,-0.014703167225118108,-0.6606009743001664,0.9823831168369708,1.4485543907788951
215603.00+221256.8,-23.47932469764798,-24.21482819418286,-24.807405377793188,-25.056144806602884,-25.396968060858608,-21.00696782408032,-22.02564093429676,-26.21169357300016,-26.3261051073931,-25.463177260713337,-26.55473930633699,-27.55676539845351,0,0.7355034965348821,0.5925771836103273,0.2487394288096958,0.34082325425572435,1.0186731102164401,0.11441153439293927,-0.8629278466797636,1.0020260921165196,1.4985944997341072
215710.29+065125.3,-23.55475450318338,-23.834275827810128,-24.17714606949783,-24.448811912577543,-24.649453703816004,-21.027260986717287,-23.611300674688763,-24.990160361102102,-25.032373640139586,-25.53796006970466,-25.553382939470435,-26.02511932184962,0,0.2795213246267494,0.3428702416877023,0.2716658430797132,0.2006417912384606,2.584039687971476,0.042213279037483176,0.5055864295650743,0.47173638237918425,1.1045710268928914
215918.73+233015.0,-23.422472936990903,-23.86994964754599,-24.14222071879805,-24.351293120993414,-24.664557010691794,-21.075792056798733,-22.43316511630303,-24.749190447421,-25.23643187788329,-25.143084174057662,-26.005442188231463,-26.63776511532912,0,0.44747671055508675,0.2722710712520602,0.20907240219536405,0.3132638896983799,1.3573730595042974,0.48724143046229074,-0.09334770382562851,0.6323229270976576,1.6541490672380483
215954.45-002150.1,-25.82033480521133,-26.132734405382244,-26.55841607118159,-26.774574814663204,-27.01412002156791,-24.158354349994244,-25.112994866130716,-27.35846353480952,-27.72392061062933,-27.64906252961248,-27.74992340724124,-28.00229676086486,0,0.31239960017091306,0.4256816657993454,0.21615874348161412,0.2395452069047046,0.9546405161364717,0.3654570758198119,-0.07485808101685265,0.2523733536236179,0.9753485925780367
220207.15+024838.4,-24.968813969015045,-24.947823903193825,-25.4344232896825,-25.5438399053345,-25.807742056216117,-22.49047151165159,-24.204269481874043,-26.09142631667448,-26.390076115194,-26.30597304310632,-26.379553681888343,-27.01388972928348,0,-0.020990065821219872,0.48659938648867396,0.10941661565200178,0.2639021508816164,1.7137979702224513,0.29864979851952,-0.08410307208767875,0.6343360473951378,0.8357137765538418
220305.83+003453.8,-24.02305749461357,-24.295338401882024,-24.67076961870194,-24.896849943811347,-25.22396438346344,-19.853048437815268,-22.782076593453485,-25.768479854478915,-26.101281985622432,-26.15962905821663,-26.110626097797027,-26.764709047234152,0,0.27228090726845267,0.37543121681991565,0.22608032510940745,0.3271144396520924,2.9290281556382176,0.33280213114351653,0.05834707259419858,0.6540829494371252,1.2137761539856804
220459.00+055515.3,-23.67736815784693,-23.90675402174992,-24.309965566927318,-24.35432466387778,-24.523165610607503,-22.274012360855053,-23.97206284086436,-25.1455895377733,-25.673501482925374,-25.384571464448413,-25.980683322816997,-26.743739929367997,0,0.2293858639029871,0.403211545177399,0.04435909695046192,0.16884094672972338,1.6980504800093073,0.5279119451520735,-0.288930018476961,0.7630566065510003,1.6263586589392176
220626.00-015201.3,-24.41095628949456,-25.093971567006584,-25.566243466820197,-25.80028690474719,-26.143217317711564,-19.253559662472107,-19.16365638250874,-26.155767715562103,-26.081870701163137,-26.420436418043995,-26.84286641056393,-27.53255216888199,0,0.6830152775120233,0.47227189981361306,0.23404343792699223,0.34293041296437465,-0.08990327996336589,-0.07389701439896612,0.3385657168808578,0.6896857583180598,1.0425795058167395
220809.45+203024.1,-24.821583542808074,-24.86924812168302,-25.364395849112825,-25.521053694213144,-25.689794522654303,-21.920695631817477,-23.59942444855146,-26.28534493039928,-26.724803975060805,-27.02837769589519,-26.74934688007591,-27.52978468416941,0,0.04766457887494724,0.49514772742980284,0.15665784510031955,0.1687408284411589,1.678728816733983,0.4394590446615254,0.30357372083438605,0.7804378040934985,1.2282931858627677
220813.63-091820.1,-24.91107349282691,-25.347835284533165,-25.697692579938263,-25.79453711156057,-26.0611383879872,-16.454729332391757,-19.003568389736856,-26.18437383474236,-26.404767439269797,-26.571438139737552,-26.98777515112692,-27.913663882684865,0,0.4367617917062532,0.3498572954050978,0.09684453162230611,0.26660127642663056,2.5488390573450985,0.2203936045274375,0.16667070046775478,0.9258887315579436,1.1932380395663529
221024.19+043514.2,-23.63383473966581,-24.062285894910044,-24.600576335670933,-24.79680287258204,-25.018676293925694,-18.361997253512342,-17.9745627635575,-25.53367774838432,-25.546308423149952,-25.413499950670488,-26.162304952488885,-27.019768042776352,0,0.4284511552442325,0.538290440760889,0.1962265369111087,0.22187342134365196,-0.38743448995484187,0.012630674765631511,-0.13280847247946426,0.8574630902874674,1.3655020799068431
221038.80+001908.7,-23.697677294588864,-23.97272836490997,-24.410953789353435,-24.65625302491993,-24.86429277170987,-20.198895456708712,-23.50582336505037,-25.55565159854774,-25.773008076556778,-25.85856162938992,-26.02394287664645,-27.00788287282962,0,0.2750510703211049,0.43822542444346624,0.24529923556649535,0.20803974678993953,3.3069279083416596,0.21735647800903735,0.0855535528331437,0.9839399961831674,1.3676898517265208
221114.65+022503.5,-24.827100255059047,-24.970067153019716,-25.25481407797291,-25.460762035295,-25.68803983150162,-22.191120180923846,-22.61884180533723,-26.196543966524303,-26.869060700073,-26.905479533895065,-26.696575314034614,-27.310034930266,0,0.14296689796066886,0.2847469249531933,0.20594795732209192,0.22727779620661792,0.42772162441338324,0.6725167335486972,0.03641883382206501,0.6134596162313848,1.235813278739613
221328.15-023909.4,-24.818793477106254,-24.870547185745234,-25.409603698978373,-25.549916894598017,-25.78658114752569,-20.71614271201237,-21.11771026391802,-26.296867877649294,-26.32095760163684,-26.744234667683735,-26.85108486594308,-27.44489930318226,0,0.0517537086389801,0.5390565132331382,0.14031319561964395,0.23666425292767457,0.4015675519056501,0.024089723987547274,0.42327706604689297,0.5938144372391818,1.3011679713450626
221511.93-004550.0,-24.67455745312057,-25.63521445375404,-26.523669878755825,-26.552443579704114,-26.700648376927678,-20.532737133769125,-23.424742456723063,-26.92500515644369,-27.246442630163397,-27.221923275512985,-27.145117578212037,-27.63917691327543,0,0.9606570006334678,0.8884554250017871,0.028773700948288905,0.1482047972235634,2.8920053229539384,0.3214374737197083,-0.024519354650411884,0.49405933506339395,0.592673998507923
221602.32+005826.6,-24.81379574349094,-25.10993637341157,-25.43775852034874,-25.691718211812308,-25.92654023214984,-16.942750060082805,-22.022820374913003,-26.459787924156966,-26.84680568408451,-27.410339405779293,-26.950571648474646,-27.55224770128684,0,0.2961406299206324,0.3278221469371694,0.25395969146356734,0.23482202033753197,5.080070314830198,0.38701775992754506,0.5635337216947818,0.6016760528121949,1.2588534366623385
221756.92+010119.4,-23.95826824082146,-24.04977198556057,-24.421771665526062,-24.5461088704592,-24.73808971084009,-22.90647850235448,-23.603569513320775,-25.25363429455552,-25.492227839295857,-25.44187399179417,-26.166834668525844,-27.13398540662574,0,0.09150374473911072,0.37199967996549077,0.12433720493313771,0.19198084038088936,0.6970910109662931,0.23859354474033623,-0.05035384750168603,0.967150738099896,1.620725798066644
221815.62+010842.2,-23.54756647762482,-23.71559111183667,-24.180098976869377,-24.35599572654454,-24.54539198929298,-22.72392951011658,-23.241562692351405,-24.53682937084436,-25.421457256528782,-25.46651802558585,-26.028459596531988,-26.92852404934695,0,0.1680246342118501,0.4645078650327079,0.1758967496751609,0.189396262748442,0.5176331822348246,0.8846278856844236,0.04506076905706635,0.9000644528149628,1.6724638699874497
221825.04+002426.4,-23.146334404273663,-23.443921312576464,-23.89923857650918,-24.06658780994958,-24.261248663525503,-20.178577493805797,-23.089878845877745,-25.117073273700157,-25.59360964134293,-25.67709972934373,-25.536484594552224,-26.21845117658981,0,0.2975869083028009,0.45531726393271654,0.16734923344040098,0.19466085357592178,2.9113013520719484,0.4765363676427725,0.08349008800080071,0.6819665820375853,1.4698967846026427
221958.83+200047.8,-23.599461289388582,-24.090908929080907,-24.539261385643712,-24.816353910597517,-25.12389482000216,-19.613173950298982,-23.350856566223744,-25.31386036531768,-25.703825808383232,-25.84537155136956,-26.13859522222327,-26.702390852383264,0,0.49144763969232486,0.4483524565628052,0.27709252495380454,0.3075409094046435,3.7376826159247614,0.38996544306555236,0.14154574298632738,0.5637956301599942,1.3222413116257528
222538.04+211806.3,-24.853756740581836,-25.19672182723672,-25.53427564064453,-25.635685265425245,-25.85678096119462,-18.743713459336057,-22.05884134503983,-26.08487661725571,-26.67197653641248,-27.110007732308823,-27.235547095404627,-28.047001251682868,0,0.3429650866548819,0.337553813407812,0.10140962478071458,0.2210956957693746,3.315127885703774,0.5870999191567705,0.4380311958963432,0.8114541562782414,1.5998618299793819
222636.16+255604.7,-24.090332504189508,-24.20008787398279,-24.50885642687392,-24.682974622459707,-24.997656924604907,-21.24232913252932,-24.32028310208669,-25.69351407750007,-26.04226769031062,-26.07044752606533,-26.335771031886235,-27.236372109087213,0,0.10975536979328027,0.3087685528911308,0.17411819558578756,0.31468230214520077,3.0779539695573703,0.34875361281055106,0.028179835754709615,0.900601077200978,1.6527964094265286
222720.55-000159.2,-23.1939835256803,-23.501312394276173,-23.92608420279137,-24.078916790170496,-24.36266021551257,-15.551908681681091,-19.291088848225044,-24.74157944100337,-25.10803604108348,-25.61555503542434,-25.628478891175348,-26.30616338652106,0,0.3073288685958744,0.4247718085151959,0.15283258737912675,0.28374342534207386,3.739180166543953,0.3664566000801095,0.5075189943408596,0.6776844953457122,1.5495621010048524
223045.88+030918.6,-25.868825909931463,-25.91003326474419,-26.26677213582257,-26.4307336991246,-26.703527340599912,-22.904102692107305,-25.03987768929832,-26.858130360224177,-27.032866286050517,-27.09009700096399,-27.33399289899381,-28.14140461658312,0,0.04120735481272675,0.356738871078381,0.1639615633020277,0.2727936414753138,2.135774997191014,0.17473592582634012,0.05723071491347298,0.8074117175893107,0.9032591998692112
223158.23-094359.8,-24.009252566878867,-24.52178637486228,-24.922141046777394,-25.086824212352383,-25.493804471985925,-23.024253835438373,-24.166287140904256,-25.694402559762064,-25.970254439811168,-26.03540373231946,-26.437427283409317,-27.135490958376472,0,0.512533807983413,0.40035467191511387,0.16468316557498852,0.4069802596335421,1.1420333054658833,0.2758518800491032,0.06514929250829127,0.6980636749671554,1.3506030710569341
223246.80+134702.0,-24.523823780107648,-24.864287930423,-25.46528469663536,-25.66122592250373,-25.856499856248515,-22.3251704530313,-23.827899304455023,-26.39286838299329,-26.67287292163369,-26.60343554843448,-26.94226365462658,-27.909722427292103,0,0.34046415031535204,0.6009967662123614,0.19594122586836704,0.19527393374478663,1.502728851423722,0.28000453864040153,-0.06943737319921084,0.9674587726655233,1.2810377321228508
223301.90+010454.9,-24.20035191167941,-24.61141975644104,-25.011522838486027,-25.141700165609823,-25.392915150036583,-20.97176970881257,-23.195816064710108,-25.916846779243727,-26.15210631975594,-26.491163643172,-26.39277977266015,-27.361992536811943,0,0.4110678447616323,0.40010308204498557,0.13017732712379626,0.2512149844267597,2.2240463558975385,0.23525954051221376,0.33905732341606054,0.9692127641517949,1.2510796070503254
223316.12+034115.7,-24.31165710511373,-24.60227060642673,-24.996745647945648,-25.213850743545688,-25.550787876541584,-22.87916924780964,-24.164167894539787,-26.051902206669396,-26.150349686947525,-26.24041456321401,-26.257171681267018,-26.871822409366125,0,0.2906135013129969,0.39447504151891977,0.21710509560004,0.3369371329958959,1.2849986467301484,0.09844748027812855,0.09006487626648507,0.6146507280991074,1.0433209377213295
223322.74+003221.8,-24.059708826656244,-24.241537152649418,-24.541332674332843,-24.74371471235307,-25.01926075025675,-21.610259351282338,-23.98349132670088,-25.414227637123343,-25.636532765368155,-25.78485229144165,-26.351370012383608,-27.18904047295629,0,0.18182832599317322,0.29979552168342494,0.2023820380202288,0.27554603790367693,2.373231975418541,0.22230512824481252,0.14831952607349308,0.8376704605726815,1.6076553000305367
223335.27+053101.3,-22.964091067004944,-23.191626329769228,-23.62566384462302,-23.74813832158669,-23.92575148042289,-22.53917597271417,-22.66505265098344,-23.934104411616943,-24.19361300766712,-24.46413953866331,-24.79858807906287,-25.64191832593312,0,0.2275352627642846,0.4340375148537916,0.12247447696367075,0.17761315883619844,0.12587667826927174,0.2595085960501784,0.2705265309961895,0.8433302468702486,1.05044975747618
223439.25+235513.0,-24.714431760785885,-25.16417224523609,-25.725821910125852,-25.84141874545524,-26.158505882371788,-19.75937826793811,-23.195965839836767,-26.561271385062625,-27.09269915108759,-26.609063735977877,-27.316682151427678,-28.138041359121104,0,0.4497404844502064,0.5616496648897602,0.11559683532938791,0.3170871369165482,3.436587571898656,0.5314277660249651,-0.4836354151097133,0.8213592076934262,1.4752634059724379
223458.73-022419.0,-22.531511873078745,-22.857734993091537,-23.23265203757082,-23.36125657253285,-23.66275794451207,-22.245562659447728,-22.58745393631253,-24.376322726347126,-24.99760772471378,-24.45769346992131,-25.375643920720066,-26.142425471102463,0,0.3262231200127914,0.3749170444792824,0.1286045349620295,0.3015013719792208,0.3418912768648035,0.6212849983666544,-0.5399142547924711,0.7667815503823974,2.014387348187217
223629.02+182826.4,-24.376784670019227,-24.471614424309763,-24.847862643532533,-25.0019161772444,-25.279627140197626,-22.14075979731056,-24.1915929142116,-24.69335111056131,-26.020073195932003,-26.016456522703947,-26.05127754222353,-26.78641392480556,0,0.09482975429053653,0.3762482192227701,0.15405353371186692,0.2777109629532255,2.050833116901039,1.3267220853706938,-0.003616673228055589,0.7351363825820307,1.0493613649791307
223727.16+302851.6,-24.649780376617947,-24.804465616827155,-25.105053051011147,-25.19995456386283,-25.441086411582543,-22.18215806734201,-23.044381785351675,-25.86502310640218,-26.4487185751946,-26.23101547326212,-26.521338439218223,-27.43580888682008,0,0.15468524020920782,0.30058743418399203,0.09490151285168125,0.2411318477197142,0.8622237180096661,0.5836954687924205,-0.2177031019324822,0.9144704476018575,1.3213838753553944
223931.96+122224.4,-24.675120480229268,-24.917877985106685,-25.38484605827815,-25.607937936663507,-25.968651320666105,-18.90512918774116,-24.03245576722581,-26.86777040735485,-27.27983613369941,-27.381425762324977,-27.482641839395843,-28.120583284388125,0,0.24275750487741732,0.46696807317146494,0.2230918783853575,0.36071338400259734,5.127326579484649,0.41206572634455796,0.1015896286255682,0.6379414449922827,1.8747039027323353
223934.45-004707.2,-24.87416468973919,-25.028521883010274,-25.511390362024287,-25.58130567806757,-25.840427076900355,-22.38286247666295,-23.22256805876293,-26.11445809759216,-26.82931727514146,-26.630251122111755,-26.508407803745072,-27.426213338183167,0,0.15435719327108544,0.4828684790140123,0.06991531604328216,0.25912139883278584,0.839705582099981,0.7148591775493003,-0.19906615302970465,0.9178055344380951,0.9271021256775036
223950.25+262912.9,-24.378584300787747,-24.64543132782353,-24.968558600602247,-25.089956724812787,-25.31924537153056,-20.26855052357545,-23.57964392038591,-26.10509065431156,-26.227972433678705,-25.866439611700105,-26.19079532435326,-27.089304830900826,0,0.26684702703578367,0.32312727277871645,0.12139812421053975,0.22928864671777305,3.3110933968104597,0.12288177936714462,-0.3615328219785994,0.8985095065475655,1.1008385995404737
224013.41-083628.7,-23.421162288616497,-23.76089209557508,-24.079237844931377,-24.233360784450777,-24.41229120507656,-23.27428541110065,-23.680521768380856,-24.94812000465035,-25.313844837267,-25.441350439119635,-25.9426172537817,-26.98954914345836,0,0.3397298069585837,0.3183457493562969,0.15412293951940015,0.17893042062578246,0.406236357280207,0.36572483261664956,0.12750560185263637,1.0469318896766566,1.7092564693309242
224256.20+253308.8,-23.875280246753764,-24.105117269763905,-24.54417226446387,-24.74836373632448,-25.035725260033075,-22.06136504863325,-23.525333721805595,-25.403583372357808,-25.54908330192219,-25.638699570774783,-26.49075833565115,-27.34318240171205,0,0.2298370230101412,0.43905499469996556,0.20419147186061082,0.2873615237085936,1.4639686731723458,0.14549992956438373,0.08961626885259122,0.8524240660608982,1.7423945993266692
224431.50+003226.1,-24.378606136538785,-24.87176299185209,-25.175087135781546,-25.303218742683217,-25.513607498679967,-20.866478335158718,-24.382286594026287,-25.95264347398065,-26.314398684515844,-25.792469206557715,-26.818819318419298,-27.85965472012184,0,0.49315685531330544,0.30332414392945495,0.1281316069016718,0.21038875599674967,3.515808258867569,0.36175521053519333,-0.5219294779581283,1.040835401702541,1.5156005757360802
224548.47+193323.5,-23.581987233517808,-23.733160812930297,-23.951171340487424,-24.04216874932667,-24.22468469101381,-23.168759388558843,-23.33411694595706,-24.545291622709208,-24.57059135022285,-24.48867108824344,-25.279362162032665,-26.036503672755504,0,0.15117357941248954,0.21801052755712647,0.09099740883924667,0.18251594168713936,0.16535755739821667,0.025299727513640846,-0.08192026197940905,0.757141510722839,1.2371934127059951
224558.55-002745.5,-23.93968602489821,-24.26089644172028,-24.72132804752152,-24.97884655844833,-25.29912095967825,-20.374664265706148,-23.37625212455366,-25.221714593553376,-26.17603273574877,-26.20840467979289,-26.504309755510583,-27.33753128180523,0,0.3212104168220691,0.4604316058012401,0.25751851092680766,0.3202744012299199,3.001587858847511,0.9543181421953939,0.032371944044118806,0.833221526294647,1.5254631970622547
224649.29-004954.3,-25.135291704183857,-25.34083836754353,-25.779742787092143,-25.94318161291948,-26.215670107583083,-23.594696310756817,-24.353386452837867,-26.91584037156693,-27.15744500780032,-27.415167446049846,-27.38497226634253,-28.192916063163644,0,0.20554666335967298,0.4389044195486136,0.16343882582733826,0.2724884946636017,0.7586901420810506,0.24160463623339012,0.2577224382495267,0.8079437968211138,1.4417906534230482
224728.80-004417.5,-24.075624118121336,-24.26814743900831,-24.66786807796842,-24.882617046528413,-25.06796289864373,-23.246316251404863,-24.24144535858031,-25.22371886127528,-25.45283381205421,-25.638158660887136,-26.165995754743605,-27.071534536885903,0,0.19252332088697344,0.3997206389601118,0.21474896855999148,0.18534585211531862,0.9951291071754476,0.22911495077892852,0.1853248488329271,0.9055387821422975,1.2833787082151922
224841.69+304321.3,-24.991384458897905,-24.892582622086948,-25.32352399640268,-25.48365714588977,-25.70160898355971,-16.165921376884313,-19.2048043708117,-26.33923314821748,-26.91865025338131,-27.54927128426833,-26.814796779798005,-27.494749947562465,0,-0.09880183681095644,0.4309413743157329,0.16013314948708768,0.21795183766993986,3.0388829939273876,0.5794171051638273,0.6306210308870206,0.6799531677644595,1.3311396339082364
224943.25+273016.5,-24.43301748889636,-24.644367811967253,-25.035893426106234,-25.29808164923668,-25.56886367086249,-20.163407942383703,-23.1799435700827,-26.202102938566764,-26.85920575368913,-26.564640994290823,-26.702486514995936,-27.406276976533768,0,0.2113503230708922,0.3915256141389811,0.262188223130444,0.2707820216258128,3.016535627698996,0.6571028151223679,-0.29456475939830895,0.7037904615378316,1.4044048657592576
225022.11+131431.0,-24.37094384210107,-24.664413846059723,-24.996256918992188,-25.16529764575465,-25.40914422148036,-22.055636320576472,-24.834301649897355,-25.71176464319083,-25.83923796755194,-25.814540427907,-26.77132164432193,-27.7333419473561,0,0.2934700039586531,0.3318430729324646,0.16904072676246074,0.243846575725712,2.7786653293208836,0.12747332436111236,-0.024697539644940036,0.9620203030341692,1.6060239985672808
225053.10-003303.1,-24.06020182277134,-24.29904386539129,-24.717968873558107,-24.830856070983454,-25.047532187918627,-22.06378605230297,-22.68222948372228,-25.68764497691502,-26.476435605624854,-26.66198639321721,-26.029448639665084,-27.37184679786593,0,0.23884204261995023,0.4189250081668163,0.11288719742534781,0.2166761169351723,0.6184434314193119,0.7887906287098332,0.185550787592355,1.3423981582008473,1.1985925686816294
225121.36-084034.7,-24.610977513738085,-24.894466764852403,-25.40579497998083,-25.689777507609715,-25.955670595924108,-19.508694721226785,-21.937320286399206,-26.18882872121244,-26.601171346431126,-27.00428708325179,-26.84955203955769,-27.356554133834027,0,0.2834892511143181,0.511328215128426,0.2839825276288863,0.2658930883143924,2.428625565172421,0.4123426252186846,0.4031157368206628,0.5070020942763378,1.1597745319479742
225128.49+140146.1,-24.7703061333893,-25.211291346793026,-25.60926959709981,-25.81935999130132,-26.06991613772596,-23.707454413193695,-25.060000443577447,-26.32774784884993,-26.419436500257422,-26.138447629637582,-26.78979091057588,-27.38975740338153,0,0.44098521340372443,0.39797825030678524,0.210090394201508,0.25055614642464263,1.3525460303837527,0.09168865140749105,-0.28098887061984,0.599966492805649,0.9704309192745626
225307.36+194234.6,-22.959515144898614,-23.43911771546161,-24.013890992045415,-24.175242223754783,-24.421528558175297,-22.723202742189773,-22.984349004151998,-24.529779117613632,-24.673619379099325,-24.92341332125561,-25.334357902624443,-25.863489019261163,0,0.4796025705629958,0.5747732765838052,0.16135123170936794,0.24628633442051395,0.26114626196222446,0.14384026148569262,0.24979394215628403,0.5291311166367194,1.1591156788696608
225309.43+005111.9,-23.32048109511488,-23.557494392318507,-24.036122817410632,-24.185079951425763,-24.406779710875256,-22.321209717195917,-22.76199069227654,-24.500787503601597,-25.067708768777607,-25.41100094820221,-25.85272680990527,-26.73168213123568,0,0.23701329720362807,0.47862842509212555,0.14895713401513078,0.22169975944949272,0.4407809750806244,0.5669212651760098,0.3432921794246049,0.8789553213304089,1.6676468584795074
225350.08+140210.3,-24.859656690173686,-25.056190662185053,-25.37822040905859,-25.461637983185064,-25.588048985655423,-23.960216277272902,-24.75977571171232,-25.81259797266132,-26.854009235862097,-26.21318649070491,-26.76413729477864,-27.75161193281953,0,0.19653397201136613,0.322029746873536,0.0834175741264751,0.12641100247035908,0.7995594344394163,1.0414112632007786,-0.6408227451571875,0.9874746380408901,1.302499311593575
225409.59+005629.1,-24.69847291894013,-25.348025998077738,-25.800914208886564,-26.015676211464164,-26.381891997070145,-23.216439092333943,-24.374557581416028,-26.76495517790918,-26.6550864470808,-26.70264227540853,-27.1103158169314,-28.08951337711072,0,0.6495530791376076,0.45288821080882613,0.2147620025776007,0.36621578560598067,1.158118489082085,-0.10986873082837789,0.04755582832772731,0.979197560179319,1.0946396054672363
225442.28+244734.5,-22.234545853893707,-22.473991856865265,-22.960332277127137,-22.973630598165936,-23.15025445370222,-21.001768945684223,-22.14791353479177,-23.46405963664407,-24.74464109618656,-24.42299490384596,-24.61706728430084,-25.353025196726417,0,0.23944600297155816,0.48634042026187174,0.013298321038799799,0.17662385553628468,1.1461445891075464,1.2805814595424891,-0.321646192340598,0.735957912425576,1.6434366861349048
225522.46+231325.0,-24.18141735802288,-24.36838769001928,-24.7750524881629,-25.02808447747629,-25.299233876250195,-19.69006122732391,-23.718788496034573,-25.866839656034195,-26.05000296319917,-24.854735531461102,-26.431007184613776,-27.229758894613344,0,0.1869703319963989,0.4066647981436198,0.2530319893133921,0.271149398773904,4.028727268710664,0.18316330716497475,-1.195267431738067,0.7987517099995678,1.4029227071374848
225607.53+194028.6,-23.78857636874365,-23.9487190664292,-24.3619967779207,-24.462446978481708,-24.65569207869624,-23.378280479359223,-23.471555492012488,-24.214858000077484,-24.59700636462905,-25.102243602486773,-25.80314383016868,-26.489424783230803,0,0.16014269768554712,0.41327771149150294,0.1004502005610064,0.19324510021453278,0.09327501265326532,0.38214836455156487,0.5052372378577239,0.6862809530621234,1.340696851686971
225624.32+011154.1,-24.996926923743285,-25.066151471835827,-25.62353183251172,-25.868562519563977,-26.1619076551385,-18.801560707584294,-22.65924781999182,-26.327083767205988,-27.021215008399597,-27.474549484298876,-27.244833444820628,-27.71505494733952,0,0.06922454809254219,0.5573803606758929,0.24503068705225672,0.2933451355745227,3.8576871124075254,0.6941312411936096,0.453334475899279,0.4702215025188927,1.3762709252566516
225629.81+174623.9,-24.040431386533758,-24.17865324742435,-24.525391208156773,-24.751280291743967,-25.041696261226285,-22.28711076249477,-23.830856368556237,-24.98873097403509,-25.55719379945615,-25.732577915741324,-26.212812243450852,-26.956380302749736,0,0.1382218608905923,0.3467379607324226,0.2258890835871945,0.29041596948231785,1.5437456060614672,0.5684628254210615,0.1753841162851728,0.7435680592988838,1.4615319517068848
225717.56+024317.5,-24.983086765107437,-25.11569793551757,-25.563790967944534,-25.85530965274572,-26.099057568231185,-22.471523553829805,-24.027695073682374,-26.38709830178723,-26.89917898514033,-27.11980342902798,-26.915764676867447,-27.341570527803785,0,0.13261117041013293,0.4480930324269643,0.29151868480118637,0.24374791548546426,1.556171519852569,0.5120806833531013,0.22062444388764746,0.4258058509363387,1.060455024121726
225733.46-010932.1,-24.630436270655835,-24.856363790327517,-25.22406937824572,-25.33898148020577,-25.72707203413256,-21.720889566848484,-24.13731273732202,-25.95883317607252,-26.68611677057593,-26.429995899471752,-26.56048529032407,-27.38122656754073,0,0.22592751967168212,0.36770558791820207,0.11491210196005142,0.3880905539267907,2.4164231704735357,0.7272835945034082,-0.2561208711041765,0.8207412772166585,1.2215038101182998
225748.26+265555.7,-25.0163754249276,-25.27301346603013,-25.81473081171057,-26.01700866679265,-26.306412361544243,-22.675635350250957,-24.12870407801003,-26.59154431462665,-26.983232834338736,-27.04183463315338,-27.44681751639618,-28.171184671407968,0,0.25663804110252997,0.5417173456804427,0.20227785508207674,0.289403694751595,1.4530687277590744,0.39168851971208696,0.058601798814642336,0.7243671550117874,1.429808849603532
225900.19+173420.5,-23.264438036972077,-23.569607014462694,-23.8981043230661,-23.998237786881223,-24.21415799363093,-20.570297693243543,-22.815034826084275,-24.880284201177776,-25.887354390280738,-25.46692933711094,-25.9229476837632,-26.61650522731864,0,0.30516897749061656,0.3284973086034064,0.10013346381512278,0.2159202067497077,2.244737132840733,1.0070701891029614,-0.4204250531697973,0.6935575435554391,1.9247098968819785
225947.54+053447.4,-23.615688305794983,-23.86459307528513,-24.27523465157508,-24.439403083683978,-24.615213960273323,-21.84127215931131,-23.24257650414305,-25.100688943730532,-25.56446183983472,-25.273659792055167,-25.98439325852442,-26.729982077167747,0,0.24890476949014584,0.4106415762899509,0.1641684321088981,0.17581087658934536,1.4013043448317397,0.4637728961041887,-0.2908020477795539,0.745588818643327,1.5449901748404429
230101.55+290417.5,-24.32198828424129,-24.576813001817868,-24.959709792421428,-25.06585832522746,-25.303436618269085,-20.965008444841505,-23.13490753549535,-26.008265496826848,-26.404318033537063,-26.115646007147426,-26.23994380318157,-27.279665409240263,0,0.25482471757657876,0.3828967906035601,0.10614853280603143,0.2375782930416257,2.1698990906538462,0.396052536710215,-0.2886720263896372,1.0397216060586913,1.1740854779541117
230449.00-010050.6,-24.1004718101034,-24.346735744133177,-24.75463235700908,-24.833487858351848,-25.00388756730527,-23.358686703834515,-23.958093927467967,-25.33589742888125,-25.643210432643706,-25.458379538789,-25.806992576920557,-26.730080599308938,0,0.24626393402977698,0.40789661287590206,0.07885550134276897,0.17039970895342194,0.5994072236334524,0.30731300376245585,-0.18483089385470564,0.9230880223883808,0.9735047185687087
230609.22+000844.1,-25.197613948814297,-25.46131323505919,-25.934224869128503,-26.08067611522776,-26.27330477528368,-23.04115996538773,-24.72285512960253,-26.676814681887475,-26.82220506299032,-26.88753660952325,-27.479229502466257,-28.45226119691689,0,0.26369928624489347,0.47291163406931247,0.1464512460992573,0.19262866005592016,1.6816951642147977,0.14539038110284608,0.06533154653292783,0.9730316944506328,1.398553387238497
230855.49+003705.6,-25.07752853656909,-25.4374569868665,-25.84501568450799,-25.98844904250145,-26.246387475202127,-23.150996380336498,-24.455684930924264,-26.597055436447164,-26.74404439392253,-26.701384555055853,-27.342046982481754,-28.43311229970385,0,0.35992845029741005,0.4075586976414911,0.1434333579934588,0.2579384327006764,1.3046885505877661,0.1469889574753651,-0.042659838866676125,1.091065317222096,1.353597939980304
231027.23+074658.2,-24.403876275122013,-24.61842035733194,-25.11111182850072,-25.201504739765785,-25.499748606878885,-21.800292831761936,-22.093438557242926,-26.189135804273917,-26.45670061082504,-26.56316800670466,-26.592800359294458,-27.46762452852195,0,0.21454408220992605,0.49269147116878287,0.09039291126506299,0.2982438671131007,0.29314572548098994,0.2675648065511247,0.10646739587961918,0.874824169227491,1.3912956195286732
231125.73+020713.7,-23.61839971617941,-24.108406906703667,-24.42936196265694,-24.55158594197381,-24.821400809019966,-19.896230820846824,-23.40864494380905,-25.24970089261168,-25.538675393724365,-25.60447120494375,-26.073616465482,-26.707706178008703,0,0.49000719052425623,0.32095505595327367,0.12222397931686757,0.26981486704615776,3.5124141229622268,0.2889745011126834,0.0657958112193846,0.634089712526702,1.5220305235081923
231144.33+150235.7,-24.072846495443933,-24.31135777912993,-24.68608704759365,-24.76282100693961,-24.865926028657512,-21.81894903623892,-23.565919080560437,-25.29072298961264,-25.15132505762976,-24.74486499423486,-26.23786189938428,-27.01233885274188,0,0.23851128368599817,0.37472926846371735,0.07673395934596172,0.10310502171790148,1.7469700443215181,-0.13939793198288086,-0.40646006339489915,0.774476953357599,1.475040892444671
231426.06+291947.7,-24.167661806403498,-24.247131661992174,-24.71431229056378,-24.85358411850653,-25.2047867344579,-21.94634154000246,-23.964015681454413,-25.371113447919395,-25.908817000892792,-25.94975657273261,-26.16931471859783,-26.963432550652573,0,0.07946985558867681,0.4671806285716045,0.13927182794274984,0.35120261595137237,2.017674141451952,0.5377035529733973,0.040939571839818,0.7941178320547451,1.3157306000912996
231508.21+324036.0,-23.62170420020689,-24.28386596264406,-24.724356198879143,-24.84577121263949,-25.050169935005385,-20.482202288219423,-22.992976116278754,-25.723008899010637,-26.10911227203252,-26.26741734858556,-26.38277253993403,-27.322408920297548,0,0.6621617624371723,0.44049023623508177,0.12141501376034824,0.20439872236589451,2.5107738280593317,0.38610337302188213,0.1583050765530416,0.9396363803635168,1.53700132729454
231554.30+022406.5,-24.4470477347775,-24.42987610393629,-24.9184359096545,-24.994839565008107,-25.328566859358457,-23.22057768104315,-24.36612600691591,-25.68612913541028,-26.136261715120646,-26.25411641565954,-25.9686687314028,-26.56849363186709,0,-0.017171630841207985,0.4885598057182108,0.07640365535360516,0.33372729435035,1.1455483258727597,0.4501325797103668,0.11785470053889213,0.5998249004642879,0.9738291663946939
231607.25+010012.8,-25.046142088513253,-24.900875902401975,-25.37813878000468,-25.551234623993,-25.73782918892849,-23.034007668145502,-23.643212921089848,-26.20392133545557,-26.74618016140492,-26.890751212996232,-26.640210983867668,-27.39568417102219,0,-0.14526618611127873,0.4772628776027048,0.173095843988321,0.18659456493548987,0.6092052529443457,0.5422588259493502,0.14457105159131345,0.7554731871545215,1.0889763598746676
231649.54+090634.8,-24.9135628980674,-25.02439105068365,-25.355978823246986,-25.5008968127326,-25.7452786170953,-19.113058498882065,-19.745728478059984,-26.018758291527064,-26.551275158353725,-27.09588101452491,-26.653429342369183,-27.209856942222764,0,0.11082815261625001,0.33158777256333494,0.14491798948561296,0.24438180436269974,0.6326699791779191,0.5325168668266613,0.5446058561711844,0.5564275998535813,1.1525325296365843
231711.84-103350.1,-25.16491233098348,-25.407269921158058,-25.72781636569258,-25.860301929141094,-26.058560589079143,-23.428426693266584,-23.761082711478306,-26.288850479578397,-26.67763906148624,-26.584733349797634,-27.04408172698668,-27.97887982887253,0,0.2423575901745778,0.3205464445345214,0.13248556344851536,0.19825865993804825,0.33265601821172197,0.3887885819078427,-0.09290571168860495,0.9347981018858498,1.1837797978455846
231805.97+182706.7,-23.04898719830712,-23.279927964254146,-23.81369239090249,-23.97057848870872,-24.25113385912104,-22.24614500948944,-22.62652833101087,-24.314297695524388,-24.699562416639385,-24.891819819780068,-25.28409810290125,-25.899816898873617,0,0.23094076594702528,0.533764426648343,0.15688609780623253,0.28055537041231915,0.38038332152143184,0.38526472111499643,0.19225740314068318,0.6157187959723665,1.3135196141925292
232314.79+212817.2,-24.18584150214142,-24.367808477721468,-24.742444022923102,-24.84738536458624,-25.0860226560146,-22.24160229222152,-23.89695870726801,-25.769203013242297,-26.08157218546496,-25.994617193996675,-26.22365604336945,-27.185317609782828,0,0.18196697558004615,0.37463554520163456,0.10494134166313884,0.23863729142835766,1.6553564150464908,0.31236917222266314,-0.08695499146828567,0.9616615664133796,1.3762706787832073
232324.82+004416.3,-24.03844606366895,-25.15370495785865,-25.807677417327643,-25.991381934432376,-26.31198357951504,-19.28994948268297,-23.031633534879614,-26.777495695909,-26.90565763830333,-26.89680688317716,-27.098908134539823,-27.800945796470547,0,1.1152588941897008,0.6539724594689922,0.1837045171047329,0.32060164508266453,3.741684052196643,0.12816194239433187,-0.00885075512617206,0.7020376619307243,1.107526200107447
232356.15+163314.2,-24.15911699319358,-24.24344677515475,-24.604677578421967,-24.725488503190395,-24.9137019367149,-23.20673227019722,-23.92882523841002,-24.982544538778267,-25.54690223902532,-25.649096397710448,-26.15152924731814,-27.007513604334456,0,0.08432978196116991,0.36123080326721535,0.1208109247684277,0.18821343352450626,0.7220929682127988,0.5643577002470543,0.10219415868512627,0.8559843570163146,1.4260407441277465
232533.05+165554.9,-23.510961923952102,-23.765351463687168,-24.178497591814697,-24.26847148859095,-24.42812765177796,-22.63131588352287,-23.48888497982112,-24.786945683379827,-24.822575175823275,-23.97305922975288,-24.87948311345605,-25.48986939877204,0,0.2543895397350653,0.41314612812752927,0.08997389677625378,0.15965616318700881,0.8575690962982492,0.03562949244344793,-0.8495159460703938,0.6103862853159896,0.6110116248650996
232544.53+342142.3,-24.521756956595052,-24.734158096531687,-25.10822150526815,-25.39683735472887,-25.730502148515072,-20.79635751511916,-20.755509643488065,-26.415688911560192,-26.66788442420458,-27.018850872576195,-26.77561653362952,-27.51760049165574,0,0.21240113993663456,0.3740634087364647,0.2886158494607187,0.33366479378620184,-0.040847871631093824,0.2521955126443878,0.35096644837161506,0.7419839580262213,1.3787791789006505
232636.00+032557.8,-24.37922584293085,-24.380523483142916,-24.59697092499337,-24.70280657258395,-24.959441920904776,-23.25742340495597,-23.890923763945494,-24.81954877621142,-25.887744452353672,-25.61242093330782,-26.381835290340224,-27.285589306501063,0,0.0012976402120656871,0.2164474418504554,0.10583564759057751,0.25663534832082746,0.6335003589895258,1.0681956761422526,-0.27532351904585184,0.9037540161608391,1.6790287177562746
232654.29+090811.5,-23.455355620224783,-23.773781509932704,-24.29770975026022,-24.441137578127837,-24.8104341448941,-22.61116861537176,-23.30957067522842,-24.90094818582096,-25.04589701063893,-25.32721123434517,-25.2073366603113,-25.925502928878267,0,0.3184258897079211,0.5239282403275176,0.14342782786761532,0.36929656676626266,0.6984020598566616,0.14494882481797333,0.2813142237062394,0.7181662685669679,0.7661990821834621
232743.12+152655.4,-23.38504219385543,-23.75135939102429,-24.238658929206235,-24.519384911976392,-24.770751340825907,-21.85678569381145,-22.813969732742983,-25.10390561767917,-24.934410554799623,-24.772919794837986,-26.335135741957,-27.331207742741828,0,0.36631719716886124,0.4872995381819436,0.28072598277015715,0.251366428849515,0.9571840389315334,-0.1694950628795482,-0.1614907599616373,0.996072000784828,1.8157508299806082
232906.58+323933.7,-23.7587244282127,-23.949177415680428,-24.416743749103173,-24.64342367553255,-24.949595907681186,-21.360538590495235,-23.58166877541805,-25.21601701101716,-25.713916432871248,-25.669031493389912,-25.847326904159527,-26.50691827927904,0,0.19045298746772588,0.4675663334227451,0.22667992642937662,0.3061722321486364,2.2211301849228136,0.4978994218540862,-0.044884939481335095,0.6595913751195148,1.2039032286269773
232925.18-100722.4,-24.93649586486904,-25.122581348534208,-25.61965447964817,-25.854906610380848,-26.20701748332805,-22.730052177135946,-24.63491233758962,-26.70411966376869,-26.81265701096216,-26.89579989103838,-27.150857101436348,-27.996472115375106,0,0.18608548366516686,0.4970731311139609,0.23525213073267892,0.35211087294720045,1.9048601604536728,0.10853734719346875,0.0831428800762204,0.8456150139387582,1.2959504910554998
232941.89+263054.8,-23.93638805817991,-24.1197145560034,-24.55624637546319,-24.644950516678648,-24.909906457396755,-22.69166418282092,-23.502353827662837,-24.880117475560912,-25.4572801320158,-25.517027009424112,-26.0359884445186,-26.94383380361627,0,0.1833264978234901,0.4365318194597876,0.08870414121545878,0.2649559407181066,0.8106896448419185,0.5771626564548882,0.05974687740831186,0.9078453590976672,1.3910379278399532
233136.34-014807.1,-24.68568509194794,-24.811870287786935,-25.089702820133635,-25.35970202004186,-25.611339680555457,-21.851829711309573,-22.801367808858725,-26.147327060896348,-26.720078909790743,-26.72843605704378,-26.608092119671348,-27.30640775351017,0,0.12618519583899612,0.27783253234670013,0.26999919990822363,0.25163766051359815,0.9495380975491514,0.572751848894395,0.008357147253036601,0.6983156338388241,1.2483900996294892
233407.13+324036.8,-24.692050125092624,-24.960998132264912,-25.29773416649075,-25.40556350724954,-25.620099928315668,-20.437330614982034,-23.61924913805349,-26.06565364630626,-26.59355629384923,-26.016086758696837,-26.55145221919945,-27.351194101222827,0,0.2689480071722876,0.33673603422583653,0.10782934075879069,0.21453642106612847,3.181918523071456,0.5279026475429696,-0.5774695351523924,0.7997418820233761,1.1458887119499117
233440.00+005201.7,-23.751023316792025,-23.97508648310376,-24.36541929074408,-24.47652100458588,-24.650657443075428,-21.94342462601096,-23.29930625767548,-24.7818627705745,-25.37174241138192,-25.47942979370703,-25.85716126026389,-26.754028434276425,0,0.2240631663117334,0.39033280764031986,0.11110171384180134,0.17413643848954763,1.35588163166452,0.5898796408074212,0.10768738232511055,0.8968671740125345,1.38064025567801
233501.54+293415.7,-25.850317140553116,-26.19430783266077,-26.704472634151816,-27.043483739710783,-27.354779794550502,-17.42954133168165,-23.8848068042565,-27.76474835105578,-28.084811224948314,-28.577252738814742,-28.55727255014213,-29.20816870316748,0,0.34399069210765276,0.5101648014910474,0.3390111055589671,0.311296054839719,6.4552654725748475,0.3200628738925353,0.492441513866428,0.6508961530253501,1.5137888104313468
233553.58-011743.9,-24.30609922729987,-24.44334373043313,-24.78625530710948,-24.98317579103952,-25.279794665424134,-23.461079645306302,-24.44046977544133,-25.431334140759347,-25.91042210606998,-26.05864842708533,-26.574979143569063,-27.52851762550815,0,0.1372445031332603,0.3429115766763502,0.19692048393003958,0.2966188743846132,0.9793901301350267,0.479087965310633,0.1482263210153505,0.9535384819390877,1.591803352529542
233823.16+150445.2,-25.526755491097383,-25.426571285440925,-25.851469708942997,-26.055212969248373,-26.355453300070195,-22.35339188233813,-21.90374341811905,-26.747992092164864,-27.03195454997314,-27.635324879019027,-27.537771607680348,-28.153624899914487,0,-0.10018420565645769,0.4248984235020714,0.2037432603053766,0.300240330821822,-0.4496484642190808,0.28396245780827556,0.6033703290458874,0.6158532922341386,1.4825586384319749
233908.79-000637.8,-23.153756814826952,-23.37459744881605,-23.729588543878016,-23.83951862896277,-24.095786383506773,-22.473775129563588,-22.785253014997288,-24.137658192411045,-24.72926491197237,-24.748999682052517,-25.40981101277284,-26.34933941342812,0,0.22084063398909848,0.35499109506196547,0.10993008508475555,0.25626775454400175,0.3114778854336997,0.591606719561323,0.019734770080148678,0.9395284006552806,1.5702923838100666
233936.09+111034.5,-23.2305431742289,-23.454031573089992,-23.931805669699735,-24.078618204206744,-24.331295337238423,-22.27492902553261,-22.302089665951456,-24.03334575374941,-24.662317969482444,-24.72043421096387,-25.523580138296985,-26.38680906103808,0,0.22348839886109317,0.47777409660974257,0.14681253450700993,0.2526771330316784,0.02716064041884536,0.628972215733036,0.058116241481425135,0.8632289227410936,1.4449619340902409
234017.26+255639.4,-24.02561980861169,-24.465541009456004,-25.0136325492628,-25.246172138617467,-25.59144927534004,-17.78767768661756,-21.72637376130122,-26.142638298080342,-26.697792574765927,-26.5567058829131,-26.870115854680947,-27.816163097415423,0,0.43992120084431363,0.5480915398067978,0.23253958935466557,0.3452771367225722,3.9386960746836586,0.5551542766855846,-0.14108669185282707,0.9460472427344762,1.6239437160634793
234046.91+110729.9,-24.313812865161616,-24.648982689092215,-25.05287359188264,-25.250742561029657,-25.520836805876748,-21.49239197019621,-23.155640033032032,-25.881817965085208,-26.22458556405077,-26.45579195146551,-26.28482582548429,-26.88967110353246,0,0.3351698239305989,0.40389090279042605,0.19786896914701657,0.27009424484709044,1.663248062835823,0.34276759896556186,0.23120638741474053,0.6048452780481703,1.0340832644546332
234105.29+315826.4,-24.24634528329576,-24.330453609765325,-24.65740400080723,-24.815473146501848,-25.08397116011193,-20.99869138542223,-23.701029907089477,-25.358527573533653,-25.8168658406966,-26.02816933616031,-25.974250562646283,-26.94028771812836,0,0.08410832646956479,0.3269503910419047,0.15806914569461838,0.2684980136100812,2.7023385216672473,0.45833826716294723,0.21130349546371008,0.966037155482077,1.158777416144435
234403.11+003804.1,-25.322751951885092,-25.58717132313634,-25.80860217455669,-25.902440445939742,-26.110172517303774,-23.843157919907224,-25.46563663765943,-26.184485241436835,-26.422171089354457,-26.539662025933293,-27.55998491118613,-28.53701186563717,0,0.2644193712512468,0.2214308514203509,0.09383827138305278,0.20773207136403116,1.6224787177522053,0.23768584791762137,0.11749093657883591,0.9770269544510377,1.6575444652463887
235356.79+113746.8,-23.56798134590642,-23.832818815821096,-24.251812096467862,-24.420532245125912,-24.70224709917226,-21.95481048601061,-23.269349216996456,-25.59631809705759,-26.305559891513045,-26.167245208687103,-26.05720572559158,-27.08063974392453,0,0.2648374699146743,0.41899328064676666,0.16872014865804985,0.2817148540463492,1.314538730985845,0.7092417944554548,-0.13831468282594273,1.0234340183329493,1.6366734804656673
235451.67-040503.4,-23.218166757111288,-23.562965233802043,-23.958368811544776,-24.19549330930082,-24.44249478638612,-23.05793151509093,-23.351096524307977,-24.760107027336492,-25.0101427120792,-25.262842598381354,-25.457890394579746,-26.15912325458783,0,0.34479847669075525,0.3954035777427336,0.23712449775604227,0.24700147708530196,0.293165009217045,0.2500356847427092,0.25269988630215323,0.7012328600080835,1.262397085278927
235527.68+150938.0,-25.18160666675112,-25.32489287221421,-25.695173161858023,-25.88450131773232,-26.14904843793614,-22.038583634158424,-24.87723790852379,-26.323612716708976,-26.39623622212062,-26.40048891705325,-27.069015040856726,-28.098245947387145,0,0.14328620546309168,0.3702802896438122,0.1893281558742963,0.2645471202038223,2.838654274365364,0.07262350541164508,0.004252694932628032,1.0292309065304188,1.1845137231244074
235552.28+005959.8,-23.918859259631965,-24.4659397995685,-24.87763313812212,-25.07471619655923,-25.42775690892435,-22.148866442059603,-23.54267619395775,-25.63291728366846,-25.97636912617886,-25.8605207833273,-26.467351101246862,-27.485804780566998,0,0.5470805399365339,0.4116933385536221,0.1970830584371086,0.3530407123651216,1.3938097518981465,0.34345184251040095,-0.1158483428515602,1.0184536793201353,1.3926349046876325
235736.27+003056.4,-23.81904922520437,-23.991970564741862,-24.34761973314701,-24.52945853752236,-24.76540321697328,-22.89435931896745,-23.5320018991696,-24.842011109554317,-25.335362645826745,-25.04309881485261,-26.01099629635936,-26.919793943268036,0,0.172921339537492,0.35564916840514726,0.18183880437534938,0.23594467945092035,0.6376425802021508,0.4933515362724279,-0.2922638309741359,0.9087976469086776,1.4815377588369998
235818.74+092038.1,-24.707000315359547,-24.79735635880472,-25.57980448353545,-25.882068363623,-26.09805660197492,-15.912176045451146,-22.01114667874166,-26.63927163447665,-26.88003773113433,-27.269857498131383,-27.0169354544783,-27.614925075315043,0,0.09035604344517267,0.7824481247307311,0.3022638800875477,0.2159882383519225,6.098970633290515,0.2407660966576799,0.38981976699705356,0.5979896208367421,1.1348670908553018
235928.10+022421.8,-23.51988165090815,-24.00538483010966,-24.38216347550902,-24.505799666874395,-24.79361267500983,-21.04100461287672,-22.389880799667075,-25.256948556009306,-25.73133832821101,-25.478881818889192,-26.13712974655001,-27.06483871636226,0,0.4855031792015083,0.37677864539936223,0.12363619136537451,0.28781300813543353,1.3488761867903563,0.47438977220170386,-0.2524565093218172,0.9277089698122509,1.6313300796756138
235942.24+081859.4,-23.83862159955037,-24.203325094169404,-24.662912828299543,-24.87104389954399,-25.217796117658875,-20.15204371195817,-22.091484218014728,-26.299804137620352,-27.054303737905105,-26.482064835819,-26.220101961679617,-26.729324488151427,0,0.36470349461903595,0.45958773413013887,0.2081310712444484,0.346752218114883,1.939440506056556,0.7544996002847526,-0.5722389020861058,0.5092225264718095,1.3490580621356258
000237.31-022110.3,-24.29617982013868,-24.573874260197517,-25.052221974821958,-25.26353441328763,-25.59391476691004,-17.899271208979364,-22.59915318693808,-26.0340024417916,-26.45816653861717,-26.6799593613705,-26.753453952262635,-27.34510097872645,0,0.2776944400588377,0.4783477146244408,0.21131243846567216,0.3303803536224095,4.699881977958714,0.4241640968255709,0.22179282275332923,0.5916470264638143,1.4899195389750055
000256.06+213900.5,-25.104613568040367,-25.075910048794253,-25.54478947313337,-25.6886479857664,-25.933803051410923,-21.835755476691688,-22.135802797256204,-26.33024505440709,-26.778265410416072,-26.995331985381853,-26.873246771159977,-27.56695815761541,0,-0.028703519246114695,0.4688794243391179,0.14385851263303095,0.24515506564452139,0.30004732056451644,0.44802035600898193,0.21706657496578075,0.6937113864554334,1.1845987853935753
000544.71-044915.2,-24.027984264552,-24.24914053882384,-25.05364569502957,-25.17820814331445,-25.476345208189635,-20.070100682601733,-22.154049584537763,-26.07652870043133,-26.71336781894728,-25.72334457398849,-26.44590596045634,-27.36105223116226,0,0.22115627427184137,0.8045051562057282,0.12456244828488039,0.2981370648751849,2.0839489019360293,0.636839118515951,-0.9900232449587882,0.9151462707059217,1.2676978171418902
000553.39+220319.1,-24.83930377054716,-24.83725131894177,-25.32006555131932,-25.45485268531938,-25.74640709877005,-19.458409639446245,-21.67639174860172,-26.20101287032815,-26.7097421890502,-27.123345441673045,-26.84808248724195,-27.390303428832976,0,-0.0020524516053903596,0.4828142323775495,0.13478713400006015,0.2915544134506689,2.217982109155475,0.5087293187220503,0.4136032526228455,0.542220941591026,1.393229801922569
000710.01+005329.0,-22.7533906993985,-23.151113572615287,-23.597983406577782,-23.732646575640995,-24.11005516005496,-21.90348015532549,-22.402599166160925,-23.787857818800436,-24.21846217215957,-24.581070220500624,-24.99366898625495,-25.73440297717296,0,0.3977228732167859,0.446869833962495,0.13466316906321296,0.3774085844139634,0.49911901083543597,0.43060435335913283,0.3626080483410554,0.7407339909180095,1.261022410613954
000912.90+000504.5,-24.9136034738822,-25.249638259351197,-25.66560696343568,-25.77884145998873,-26.03523456872181,-22.51296705283488,-24.10207227554737,-26.30175431041859,-26.61110761936372,-26.56397805555809,-27.05861804558954,-28.023719419838304,0,0.33603478546899623,0.41596870408448083,0.1132344965530514,0.25639310873307863,1.5891052227124902,0.3093533089451306,-0.04712956380563327,0.9651013742487642,1.2797765856008105
000943.75+313709.0,-24.537697436716847,-24.735599429132886,-25.094282830643746,-25.302066306922,-25.54469563125907,-18.70484468411326,-20.15701955379948,-26.00186685056797,-26.85678084318046,-27.01342189071638,-26.34122497823845,-27.03166273863605,0,0.197901992416039,0.3586834015108593,0.2077834762782551,0.24262932433707007,1.4521748696862176,0.854913992612488,0.15664104753592056,0.6904377603976002,1.03915867131645
001008.19+260947.6,-23.599426483049125,-23.86284033813613,-24.251063903197387,-24.380500658348183,-24.540449116244364,-22.246381541977865,-23.52752246705687,-24.851759036153435,-25.046188007187787,-24.845844335642976,-25.864569438129653,-26.722384921034,0,0.26341385508700554,0.38822356506125644,0.12943675515079534,0.1599484578961814,1.2811409250790042,0.19442897103435186,-0.20034367154481103,0.8578154829043463,1.4840687797814702
001010.43-014140.4,-24.94029800291588,-25.103333551054327,-25.606227985963184,-25.66316331216933,-25.865811183288415,-17.424145897079676,-20.9209607819531,-26.004561071477912,-26.322646507563217,-26.754925938053727,-26.48166763435027,-27.49671589457796,0,0.16303554813844556,0.5028944349088569,0.05693532620614761,0.20264787111908333,3.496814884873423,0.3180854360853047,0.4322794304905102,1.0150482602276902,0.8185043221809387
001030.55+010006.0,-22.36021585476767,-22.858649496542448,-23.50735433255292,-23.69509166509909,-24.04595510150267,-20.972683971730223,-21.70597094898027,-23.89178893027543,-24.15356727203767,-24.27478469139657,-24.387413757775573,-24.984215383756585,0,0.49843364177477767,0.6487048360104737,0.18773733254616687,0.3508634364035821,0.7332869772500459,0.26177834176224124,0.12121741935889929,0.596801625981012,0.6923220926764841
001113.91+051901.6,-24.720662257716807,-24.89889228866801,-25.33198247413512,-25.59685585280459,-25.880962478022248,-18.804995428992903,-18.53443836716972,-26.585079613587617,-26.870183498004884,-26.85474550644061,-27.042476385179032,-27.6783160507742,0,0.1782300309512017,0.43309018546711187,0.2648733786694706,0.2841066252176567,-0.2705570618231832,0.28510388441726775,-0.015437991564272835,0.6358396655951672,1.4456205323744413
001147.45+064625.9,-24.76919242470997,-24.87967289563424,-25.238018077727105,-25.404779165158494,-25.6121253599586,-23.86795723842783,-24.20470069363581,-25.119398328087797,-25.345343723294675,-25.79191003951352,-26.791584865294965,-27.54959398197943,0,0.11048047092426927,0.35834518209286514,0.1667610874313894,0.20734619480010608,0.33674345520798,0.22594539520687817,0.44656631621884557,0.758009116684466,1.3868057001364704
001214.31+313918.3,-24.93935801738628,-24.960524586488223,-25.47120912677243,-25.61447424938979,-25.86089339422432,-22.806733713379124,-22.499340781551677,-26.344127566234658,-26.854279951138185,-27.213475035862363,-27.13786454390656,-28.010713786808594,0,0.021166569101943367,0.5106845402842062,0.14326512261736113,0.24641914483452965,-0.3073929318274473,0.5101523849035274,0.3591950847241776,0.8728492429020349,1.5233902945167692
001215.26+334400.3,-24.79122666915499,-24.809828476356515,-25.22676035833467,-25.325056439524563,-25.60959279742057,-19.72709640127854,-22.661264868188866,-26.20535974575729,-26.81842470171561,-26.756373588726525,-26.813764091067217,-27.491723592424638,0,0.018601807201523712,0.41693188197815445,0.09829608118989341,0.28453635789600895,2.934168466910325,0.6130649559583219,-0.062051112989085055,0.6779595013574209,1.4887076515426543
001235.72+020326.3,-23.51222515816212,-23.822587328908885,-24.227995237979524,-24.31115480796602,-24.59623711573399,-22.540123850400068,-22.762867750156484,-24.29876388776037,-24.6161851085264,-24.98661440443574,-25.771955151406743,-26.563629818741223,0,0.31036217074676387,0.4054079090706395,0.08315956998649554,0.28508230776797205,0.2227438997564164,0.31742122076602897,0.3704292959093429,0.7916746673344797,1.4608003434407237
001606.45+012005.1,-25.16620131703859,-25.357213578799115,-25.702944927164417,-25.810490447921225,-26.0667150325442,-23.62883114967435,-25.099426733166588,-26.08655903086916,-26.40886012459049,-25.881961543817265,-26.93467992063752,-27.99562129272432,0,0.19101226176052677,0.3457313483653017,0.10754552075680834,0.2562245846229736,1.470595583492237,0.32230109372132887,-0.5268985807732243,1.0609413720867984,1.1241894727162958
001615.36+334557.2,-24.99732665862324,-25.32225211663887,-25.636857574309264,-25.707159093653413,-25.945607521308133,-23.3413755704587,-24.19907027377479,-26.344238670926572,-26.49821878966885,-25.42213055799897,-26.86492078558754,-27.90725544716065,0,0.3249254580156311,0.3146054576703925,0.07030151934414874,0.23844842765472052,0.857694703316092,0.1539801187422789,-1.0760882316698819,1.0423346615731113,1.1577616919341267
001641.27+040326.5,-24.113558853951837,-24.23072399002319,-24.677877317580386,-24.82943093421289,-24.989360620790908,-21.862085180642666,-23.877251778688738,-25.289084683301574,-25.626985291020997,-25.93692870657373,-25.832132831180907,-26.59988052247088,0,0.11716513607135326,0.4471533275571957,0.15155361663250488,0.15992968657801754,2.015166598046072,0.33790060771942265,0.3099434155527341,0.7677476912899728,1.0027018969680164
001700.61-030251.9,-24.777646785098717,-24.867387907383076,-25.343110052896844,-25.440075824285177,-25.6492138083004,-20.363155323798388,-24.0344823846083,-25.979298624740164,-26.355215762789573,-26.760192467643357,-26.61733018227646,-27.327410587131887,0,0.08974112228435871,0.47572214551376746,0.09696577138833362,0.20913798401522143,3.6713270608099116,0.3759171380494095,0.4049767048537838,0.7100804048554252,1.1772543579912842
001732.64+210118.4,-23.72680924956715,-23.874724987258737,-24.299699284083808,-24.525186350248124,-24.71423455116461,-23.387077568970845,-23.64874468446116,-24.74284992514248,-25.260422860995902,-25.032619443088176,-25.873210341309985,-26.758426940484963,0,0.14791573769158717,0.42497429682507004,0.22548706616431602,0.1890482009164849,0.2616671154903152,0.5175729358534227,-0.22780341790772596,0.8852165991749779,1.3480239910618614
001902.52+040038.8,-24.137119605431163,-24.243916628818894,-24.525434510848232,-24.644604125174386,-24.81317485930236,-22.69038519109609,-23.456748049246567,-24.6682636664452,-24.968498197939,-25.10892384724801,-26.04840930939837,-26.718687984060704,0,0.10679702338773112,0.2815178820293376,0.1191696143261538,0.16857073412797519,0.766362858150476,0.30023453149379975,0.14042564930901236,0.6702786746623346,1.4038051842239838
001906.16-051002.4,-24.539591730563146,-24.828581468236184,-25.17475265834457,-25.30096279612351,-25.45209606178029,-22.325745227272503,-23.148969647053665,-25.689979607665915,-26.184505149444483,-26.49457812479904,-26.467681305537937,-27.34535903442371,0,0.28898973767303815,0.34617119010838593,0.12621013777894063,0.1511332656567781,0.8232244197811625,0.4945255417785681,0.3100729753545579,0.8776777288857716,1.1667185094144266
001941.22+031025.9,-23.721114184289075,-23.921709056424525,-24.41187318095294,-24.50761598351965,-24.75220219034589,-22.050229329392906,-23.4094501552852,-25.048295244541382,-25.41470266585369,-25.49834365141068,-26.41745411663825,-27.38430759180315,0,0.20059487213545069,0.49016412452841607,0.09574280256670775,0.24458620682624144,1.3592208258922938,0.3664074213123065,0.08364098555698973,0.9668534751648998,1.9098381331186012
002010.81+213252.3,-25.07947497282745,-25.282683434097848,-25.78123298637384,-26.00182743371163,-26.2555353251567,-22.7592170795021,-23.767285100793572,-26.87131227225961,-27.341005560686607,-27.27027195824248,-27.417125045279327,-28.312012733371382,0,0.20320846127039616,0.4985495522759926,0.22059444733778832,0.253707891445071,1.0080680212914714,0.4696932884269991,-0.07073360244412896,0.8948876880920551,1.4152976115676985
002033.19+022852.7,-21.096493837026514,-21.22750435464554,-21.5429740993466,-21.821797577257183,-21.977013940132863,-21.110528257490884,-21.06558617285042,-22.467740038460573,-23.18153378262107,-23.14554714239042,-23.073961217222383,-23.52292661046025,0,0.13101051761902482,0.3154697447010619,0.2788234779105814,0.15521636287568086,-0.04494208464046423,0.7137937441604976,-0.035986640230650124,0.44896539323786655,1.2521636399652003
002240.68+092859.1,-24.370721299569396,-24.648986679308315,-25.008614357542005,-25.15819644465141,-25.41635652871472,-22.338203337937607,-23.81703492312505,-26.099282756756047,-26.390304454490607,-26.40928908968453,-26.354447741798573,-27.348784118824767,0,0.27826537973891874,0.35962767823368935,0.14958208710940468,0.25816008406330937,1.478831585187443,0.29102169773456055,0.018984635193923793,0.9943363770261939,1.196251297147164
002411.66-004348.1,-24.298694276624573,-24.680876472011573,-25.15859900678597,-25.23406629988765,-25.403583288935604,-21.664087467569207,-22.82434956044606,-25.95281619077085,-26.58919624346065,-26.875472835709225,-26.229084902356657,-27.18186036631529,0,0.38218219538699927,0.4777225347743972,0.07546729310168132,0.16951698904795265,1.1602620928768523,0.6363800526897982,0.2862765922485764,0.9527754639586341,0.9950186024690062
002504.53+213224.6,-24.132123319006688,-24.48192594641596,-24.945477962950484,-25.16147428240269,-25.50429343038927,-21.6124615190649,-23.892671342716064,-25.9135572759502,-26.401805909005876,-26.56719186758019,-26.56467135888808,-27.427086164500903,0,0.3498026274092716,0.4635520165345248,0.21599631945220565,0.34281914798658164,2.2802098236511625,0.4882486330556759,0.16538595857431204,0.862414805612822,1.403197076485391
002538.73+143620.3,-24.790311108181207,-25.263857798949456,-25.706005306229272,-25.910400830940212,-26.179215185837677,-23.06797148197956,-24.593975001240768,-26.462981732088878,-26.6739371012016,-26.61336587935849,-27.52822481414718,-28.51522831257008,0,0.4735466907682486,0.44214750727981667,0.20439552471093947,0.2688143548974651,1.5260035192612094,0.21095536911272106,-0.0605712218431087,0.9870034984229008,1.6178239832069679
002553.11-091252.1,-25.00866715994952,-24.9830149901328,-25.39211793645014,-25.57017795056803,-25.759645612395065,-23.298295077758954,-24.86962904312771,-25.80670728417393,-26.098178076571187,-25.93904623046794,-26.507370528598614,-27.36949039167641,0,-0.025652169816719805,0.4091029463173399,0.1780600141178894,0.18946766182703456,1.5713339653687548,0.29147079239725926,-0.1591318461032465,0.8621198630777975,0.937192578030583
002610.61+093405.7,-24.92667432781728,-25.495126051077413,-26.034258089925785,-26.24974137257509,-26.55311630667521,-20.48045548615168,-24.43657534675563,-26.902051105599405,-27.236995518436604,-27.17593216426623,-27.795096112158088,-28.698889428644797,0,0.5684517232601323,0.539132038848372,0.2154832826493056,0.30337493410011973,3.956119860603952,0.3349444128371992,-0.06106335417037556,0.9037933164867091,1.5453547395829972
002613.14+191308.7,-23.18282708107768,-23.45884893273152,-23.93193779834216,-24.13206858223677,-24.39278429549185,-22.67144921730756,-22.75206566583693,-24.425380976096527,-24.637134470968444,-24.85399674430421,-25.747794964426397,-26.614796338175797,0,0.27602185165384086,0.47308886561064156,0.2001307838946076,0.260715713255081,0.08061644852936922,0.21175349487191752,0.21686227333576724,0.8670013737493996,1.615726382189628
002717.38+003723.5,-24.76653508477728,-24.72701624123025,-25.111326274050636,-25.261719191188227,-25.44556071989306,-21.82207257117907,-24.402406622016997,-25.4690070496795,-25.779533894632788,-25.749277087082703,-26.2351610382435,-27.224633771947428,0,-0.03951884354703239,0.38431003282038745,0.15039291713759084,0.18384152870483206,2.5803340508379264,0.3105268449532872,-0.030256807550085085,0.9894727337039271,0.9734418470552733
002909.15-040436.6,-23.66996533176705,-24.40497138192541,-24.94514505959657,-25.15667821068297,-25.471909027253485,-16.205988988211068,-21.39305852522517,-26.1008110625896,-26.433514483784244,-26.53439277988617,-26.697345768096923,-27.457130673621712,0,0.7350060501583613,0.5401736776711594,0.21153315108639958,0.31523081657051577,5.187069537014104,0.332703421194644,0.100878296101925,0.7597849055247892,1.5406675574139541
002948.04-095639.4,-24.42166223455522,-24.672969887461647,-25.113737160152738,-25.34556154542375,-25.599230842275087,-22.54253456812612,-24.34485031119156,-25.907363046597325,-26.508170643815667,-26.385630383639278,-26.82604226022452,-27.763753525353955,0,0.2513076529064264,0.4407672726910903,0.23182438527101112,0.25366929685133854,1.8023157430654422,0.600807597218342,-0.12254026017638964,0.9377112651294368,1.4804807148007697
002952.10+020606.1,-24.71697096399132,-24.93852620794184,-25.1710016462321,-25.371651229186185,-25.659800184081323,-18.195336509025125,-21.001434629449637,-26.508952773345428,-26.610733980244916,-26.951351723532945,-26.559998131647323,-26.93482061756448,0,0.2215552439505224,0.2324754382902583,0.2006495829540853,0.2881489548951386,2.8060981204245117,0.10178120689948855,0.3406177432880284,0.37482248591715717,1.188346902461138
003013.91+011405.1,-24.311671691627957,-24.447601946666797,-24.85332500274172,-25.200802372103137,-25.27338715811681,-22.289180857221368,-24.16836182026735,-26.18789449556743,-26.495623091339244,-26.033509338505603,-26.24340304777833,-26.865116046822436,0,0.13593025503883993,0.40572305607492254,0.3474773693614175,0.07258478601367457,1.8791809630459824,0.3077285957718132,-0.4621137528336412,0.6217129990441066,1.0426006756751924
003042.48+313542.5,-23.711341895725702,-23.898830412556848,-24.22869935191275,-24.452745114544516,-24.75707850500794,-21.55860329901041,-22.95357268560135,-25.25624342588049,-25.26367964484802,-25.3343423309862,-25.63551286094092,-26.51977181561953,0,0.1874885168311451,0.3298689393559009,0.2240457626317678,0.3043333904634231,1.3949693865909403,0.007436218967526997,0.07066268613818139,0.8842589546786108,1.1827677463964044
003237.64+245636.9,-24.11472014400401,-24.34276177551918,-24.83724375081957,-24.916097458250647,-25.141854328909908,-22.039594081137924,-23.719132258657368,-26.01670859203264,-26.54756967255366,-26.420756998996875,-26.27028157281884,-27.222116027265148,0,0.22804163151516832,0.49448197530039195,0.078853707431076,0.22575687065926076,1.6795381775194436,0.5308610805210208,-0.12681267355678472,0.9518344544463098,1.3541841145681914
003337.12+035100.4,-25.250715897661287,-25.32705150273576,-25.69672846500257,-25.84635858507298,-26.10956275029313,-20.633173694302915,-19.97665279983032,-26.22683155712983,-26.62319670100621,-27.1219189918462,-27.058810064058665,-27.748292260738143,0,0.07633560507447257,0.3696769622668086,0.14963012007041243,0.26320416522014867,-0.656520894472596,0.39636514387638044,0.4987222908399893,0.689482196679478,1.2124514789856846
003510.50+070356.1,-25.27505933151,-25.51789506637766,-25.953634351742185,-26.178523994581223,-26.358960606542794,-23.67467400734342,-24.29443896136294,-26.792504758264712,-27.13585679161693,-27.39187642215472,-27.11317367440148,-27.50306978693417,0,0.24283573486765775,0.43573928536452655,0.22488964283903812,0.18043661196157146,0.6197649540195194,0.3433520333522182,0.2560196305377893,0.3898961125326892,0.9346496798202573
003820.78-032958.9,-25.300821240074526,-25.52857432252361,-26.07021513715781,-26.300498564302863,-26.52645920522567,-22.547210829015867,-24.044865236954998,-26.82566346949588,-27.48387370929109,-27.44012427067058,-27.883850277631883,-28.692269158964358,0,0.22775308244908388,0.5416408146341993,0.23028342714505357,0.225960640922807,1.4976544079391303,0.6582102397952099,-0.04374943862050884,0.8084188813324751,1.5833517133290194
003910.99+260141.1,-23.636645733101187,-24.106127022186445,-24.59608324844835,-24.87312584229121,-25.19608737927349,-21.88781360806287,-23.525568313547623,-25.65355719757773,-25.565089235348047,-24.51726793387904,-25.632105147623463,-26.43548981400093,0,0.4694812890852589,0.4899562262619028,0.2770425938428609,0.32296153698228025,1.6377547054847525,-0.08846796222968223,-1.047821301469007,0.8033846663774682,0.7589793053322538
003952.47-054740.7,-22.64657896566304,-22.821448306628103,-23.329699176099997,-23.448962529104996,-23.71466611323988,-21.382716111480292,-22.053712786431223,-23.854621672950003,-24.101843248096767,-24.390841996274933,-24.62776524077263,-25.194152644985248,0,0.17486934096506346,0.5082508694718939,0.11926335300499957,0.26570358413488293,0.6709966749509313,0.24722157514676368,0.28899874817816595,0.5663874042126196,1.1788027116676325
004045.30+040558.0,-23.982115077992454,-24.053838108192213,-24.366714363360504,-24.526645849558182,-24.782370672072368,-22.897750747648576,-23.84140292122926,-24.95236428753308,-25.471866531426112,-25.791803064259728,-25.990418699285566,-26.771373054336475,0,0.07172303019975956,0.3128762551682911,0.15993148619767794,0.2557248225141855,0.9436521735806842,0.519502243893033,0.31993653283361567,0.780954355050909,1.463772849727384
004053.49-025101.9,-24.27324052175284,-24.45207975575491,-24.776532608189243,-25.079117692656148,-25.40346595295627,-20.95222903123135,-23.511495541548825,-25.18401922685254,-25.6257201587648,-26.18136987438032,-26.38430750127676,-27.21347736913155,0,0.17883923400206925,0.32445285243433375,0.30258508446690513,0.3243482603001233,2.5592665103174745,0.44170093191225845,0.5556497156155196,0.829169867854791,1.3051898086206108
004204.88-045421.0,-24.428687896781263,-24.69906573269568,-25.12173106032888,-25.33708527589016,-25.65510419557388,-16.98962599155515,-21.266933351208674,-25.99550708151118,-26.402138395513603,-26.86837427549889,-26.619901458330517,-27.009193721636898,0,0.27037783591441666,0.42266532763320086,0.21535421556128043,0.31801891968371976,4.277307359653523,0.40663131400242136,0.4662358799852875,0.38929226330638045,1.2828161824403566
004252.10+125023.4,-23.90996115470029,-24.227758685791223,-24.71613075402985,-24.99160093624302,-25.37129760080696,-18.68383496665075,-22.545927565860897,-25.984895967456385,-26.426665930422203,-26.517746668703168,-26.268011712452477,-26.721981707111905,0,0.3177975310909318,0.488372068238629,0.2754701822131693,0.3796966645639408,3.862092599210147,0.44176996296581805,0.09108073828096508,0.45396999465942756,1.276410776209456
004402.07+230921.2,-24.02553405692321,-24.28538789316632,-24.75136067995518,-25.006731130205804,-25.286415081894983,-21.8998677787679,-23.79464489573372,-25.939853531891096,-26.070659557768643,-26.238871417387635,-26.01392409736844,-26.58360991983094,0,0.25985383624311,0.46597278678886056,0.25537045025062355,0.27968395168917937,1.8947771169658232,0.13080602587754697,0.16821185961899232,0.5696858224624997,1.0071929671626378
004507.04+060345.8,-24.01186755445885,-24.11439833995829,-24.481826840488957,-24.610658329357825,-24.95220664477989,-21.82965915358529,-23.30754859823909,-25.40380299462506,-26.23867566410079,-25.93945189785956,-25.816169181728903,-26.43844933917452,0,0.1025307854994395,0.3674285005306679,0.12883148886886886,0.3415483154220631,1.4778894446538011,0.8348726694757289,-0.29922376624123004,0.6222801574456192,1.2055108523710771
004544.85+094610.5,-24.425438420778736,-24.7332544268015,-25.285792041766182,-25.439661742982054,-25.77327942860468,-22.452425421017097,-23.288852496657203,-26.086593962984697,-26.427739525650416,-26.637307892541045,-26.704144267373568,-27.396334675444045,0,0.30781600602276527,0.552537614964681,0.1538697012158714,0.3336176856226274,0.8364270756401062,0.3411455626657194,0.20956836689062897,0.692190408070477,1.2644825243915143
004621.83+151048.0,-24.47362156562817,-24.73414198591785,-25.066443821771024,-25.183845461545577,-25.36448698047121,-22.133617442355792,-24.14014974752604,-25.9304692254088,-26.2556103777553,-26.615360299986484,-26.04936346093168,-26.85460122063985,0,0.26052042028968003,0.33230183585317263,0.11740163977455254,0.18064151892563274,2.0065323051702464,0.3251411523465002,0.3597499222311846,0.8052377597081701,0.8655179993861033
004635.69-043221.6,-23.74560647242974,-24.06625356736893,-24.4982245440405,-24.602408450489644,-24.68229500953309,-21.629665580226703,-22.825047274173617,-24.89988718316313,-25.563222002906528,-25.276125332447904,-25.64155802663429,-26.378102909199864,0,0.32064709493918997,0.4319709766715718,0.1041839064491441,0.07988655904344455,1.1953816939469135,0.6633348197433975,-0.28709667045862375,0.7365448825655747,1.039149576144645
004819.90+034903.7,-24.1734922565029,-24.80878308282556,-25.33872482924421,-25.566717176825865,-25.873030780457352,-17.640515537713124,-23.56958959910007,-26.15780257540527,-26.1302765011616,-26.10042335246386,-26.719947944813978,-27.40813232648012,0,0.6352908263226595,0.5299417464186504,0.22799234758165454,0.3063136036314873,5.929074061386945,-0.027526074243670706,-0.029853148697739584,0.6881843816661437,1.1532307679881129
004845.29+212715.4,-22.25649361145182,-22.49166712226159,-22.84349818541897,-22.92352281914212,-23.57360579190092,-22.535131923007533,-22.41211208461669,-23.681476277447697,-24.120110145112747,-24.04091389445092,-23.891912693385198,-24.509036315413976,0,0.23517351080976923,0.35183106315738044,0.08002463372315205,0.6500829727587991,-0.1230198383908423,0.4386338676650503,-0.0791962506618269,0.6171236220287781,0.9683898742430763
005031.91+141133.5,-24.672455174703902,-25.088466663717146,-25.573981990969397,-25.712930898825714,-25.95654191486479,-22.8350827300862,-23.572070002454765,-26.36421246940168,-26.709596126339974,-26.98520946959444,-27.052476081230186,-28.050077762866103,0,0.41601148901324336,0.48551532725225144,0.1389489078563173,0.24361101603907542,0.736987272368566,0.34538365693829576,0.2756133432544665,0.997601681635917,1.3395451824044713
005202.40+010129.2,-25.665899450579776,-25.673118597202222,-26.06980657085302,-26.191006445963385,-26.465867120299414,-22.4591866967083,-22.85800328077932,-26.87766031661734,-27.071629847530765,-27.3986900436653,-27.401762011513195,-27.98178426721316,0,0.007219146622446715,0.3966879736507991,0.12119987511036356,0.2748606743360291,0.39881658407102094,0.1939695309134244,0.32706019613453563,0.5800222556999657,1.2107555655498103
005205.27+050536.5,-22.92644757852152,-23.142039304894443,-23.55978478710619,-23.63857062942609,-23.90503854098137,-22.963554914006263,-22.780006402106693,-23.722349316774544,-24.45569171615232,-24.348094607954067,-24.915001615119408,-25.57997470965066,0,0.21559172637292434,0.4177454822117461,0.0787858423199026,0.26646791155527794,-0.1835485118995699,0.7333423993777757,-0.1075971081982523,0.664973094531252,1.2764309856933167
005205.57+003538.1,-23.705124571796244,-24.17692528019072,-24.78454344247156,-25.01942087613761,-25.306109033823347,-22.511369012083325,-23.007041981321684,-25.36625041927689,-25.33433965346097,-25.435792262109587,-25.586219344646917,-26.19510196071715,0,0.4718007083944755,0.6076181622808399,0.23487743366604974,0.2866881576857381,0.4956729692383597,-0.03191076581592256,0.10145260864861783,0.6088826160702325,0.5667984685093082
005335.48+221537.3,-23.82581711875609,-23.94455600257696,-24.164776674156265,-24.26400566120667,-24.612937492897142,-22.300377917909355,-23.709661097383325,-24.77428941920611,-25.31249160872925,-25.71793746814655,-25.407872461569312,-26.21600682337592,0,0.11873888382087117,0.22022067157930536,0.09922898705040595,0.3489318316904715,1.4092831794739702,0.5382021895231404,0.4054458594172985,0.8081343618066086,1.143866800362641
005346.21-035141.0,-23.85134509838848,-24.05383762863263,-24.31764110688184,-24.412113079887902,-24.544252355522573,-23.19104941252632,-23.673583784842616,-24.792375155950072,-25.759364545599112,-25.308560827269652,-26.040752526930877,-26.792484375249977,0,0.2024925302441467,0.263803478249212,0.09447197300606192,0.1321392756346711,0.48253437231629803,0.96698938964904,-0.4508037183294604,0.7517318483190998,1.6286394470429748
005415.36+023254.3,-24.057881708736847,-24.176545965226484,-24.76527090796733,-24.81489917009026,-25.10020323298498,-19.649257169376263,-23.49924383105128,-25.423272195006074,-25.80189617942886,-25.992160764357465,-26.16745773801609,-26.9285674386455,0,0.11866425648963741,0.5887249427408463,0.04962826212292981,0.28530406289472054,3.8499866616750182,0.37862398442278433,0.19026458492860598,0.7611097006294116,1.3525585679258292
005433.66+053633.5,-23.768651375134613,-24.167604305967785,-24.592731111752723,-25.06165689091984,-25.412411214556396,-20.668304922187943,-22.2199980500388,-25.22300388349193,-26.64698991484925,-26.463762010021654,-26.67665025815816,-27.467488891580807,0,0.39895293083317185,0.425126805784938,0.4689257791671153,0.3507543236365578,1.5516931278508572,1.4239860313573196,-0.18322790482759643,0.7908386334226485,1.6149933672383199
005444.06+144646.5,-24.33351051229233,-24.45347093429106,-24.81480963078197,-24.91643203600552,-25.141094605387543,-22.829614587414863,-23.95251331950378,-25.474729412977556,-26.004057813413493,-25.87482370792961,-26.19343596727096,-27.117281364010573,0,0.11996042199873003,0.36133869649090755,0.10162240522355148,0.22466256938202278,1.1228987320889168,0.5293284004359364,-0.12923410548388148,0.9238453967396119,1.2770039312654404
005448.53+225123.5,-23.86131292248476,-24.08703305617505,-24.478432850767643,-24.670659135643778,-24.78487661070384,-23.0393106317618,-23.325447093744,-24.557198271167497,-25.042962484362253,-25.13778046430375,-25.59020316492765,-26.206430494355768,0,0.2257201336902881,0.3913997945925942,0.1922262848761349,0.11421747506006241,0.2861364619821991,0.4857642131947557,0.09481797994149588,0.6162273294281171,0.9195440292838732
005454.83-004244.0,-24.99348736241471,-25.057665190254863,-25.35080780659269,-25.531408075571623,-25.7941271571933,-20.5899215743961,-21.327444477314128,-26.23554699792853,-26.667878760790003,-26.959704616874184,-26.76499647652113,-27.580899763344345,0,0.06417782784015102,0.29314261633782834,0.18060026897893167,0.2627190816216789,0.7375229029180268,0.4323317628614731,0.29182585608418066,0.8159032868232146,1.2335884009495075
005553.07-040057.0,-23.157315165828354,-23.59596333065528,-24.123013243186023,-24.46816310134277,-24.80606046728781,-21.61742571983148,-22.70031930665825,-24.78100247719757,-25.01086190903335,-24.88509271041553,-25.05395872782037,-25.59786197399193,0,0.43864816482692603,0.5270499125307424,0.3451498581567485,0.3378973659450395,1.0828935868267706,0.22985943183577717,-0.12576919861781732,0.5439032461715598,0.5857956264775979
005644.63+021630.2,-23.971533460224013,-24.3413852226393,-24.80034739027824,-25.01081963989532,-25.334968154564944,-18.67624693762973,-21.673457658577124,-25.54774753616316,-26.19390027873776,-26.19073984225589,-26.232006506148053,-27.26539063860981,0,0.36985176241528706,0.4589621676389406,0.2104722496170801,0.32414851466962347,2.9972107209473933,0.6461527425745999,-0.0031604364818704767,1.0333841324617552,1.221186866252733
005700.19+143737.7,-25.29149610472823,-25.42268350330883,-25.929930482284917,-26.194837570135476,-26.461851821320646,-19.075218101992885,-22.586049442726235,-26.77500465025034,-27.276426027828304,-27.861067200915347,-27.51982785315016,-28.19528840803842,0,0.13118739858060025,0.5072469789760881,0.2649070878505597,0.2670142511851701,3.5108313407333505,0.5014213775779623,0.5846411730870429,0.6754605548882573,1.3249902830146851
005722.66+214702.3,-24.11816131730924,-24.239815269619992,-24.58500982668539,-24.78500377599824,-24.967999870547647,-22.803528536637145,-24.0710853898062,-25.252603396628384,-25.169199683370167,-24.70342098688323,-25.95113486645481,-26.754798831369627,0,0.12165395231075138,0.3451945570653976,0.19999394931285153,0.1829960945494058,1.2675568531690544,-0.0834037132582175,-0.46577869648693593,0.803663964914815,1.1661310904565703
005800.81-032024.1,-24.60906921207214,-24.77998754381539,-25.146758784106407,-25.267648534715715,-25.539942506523385,-21.85147099314689,-24.461487183220957,-25.82130689305349,-26.32859955015936,-26.20858338033229,-26.684192940197462,-27.677176581692155,0,0.17091833174325188,0.3667712402910155,0.12088975060930807,0.27229397180767023,2.6100161900740666,0.5072926571058716,-0.1200161698270712,0.9929836414946926,1.4165444054817478
005836.59+084109.0,-24.122939306796734,-24.26354623727092,-24.655520726925936,-24.818367487470283,-25.04067386722393,-22.571125463912587,-23.863678052619505,-25.38381982107546,-25.81549105509826,-25.888582909660748,-26.300599896304405,-27.121559468530567,0,0.14060693047418482,0.39197448965501636,0.16284676054434755,0.22230637975364687,1.2925525887069185,0.43167123402280083,0.07309185456248812,0.8209595722261618,1.4822324088341219
010113.72+032427.0,-25.321380552164467,-25.54250805618905,-25.915973437109404,-26.11250530853385,-26.350467160949204,-20.252384708912956,-24.46526717843101,-26.37149763944018,-26.842169678135484,-26.731714468830013,-27.151552712232423,-27.901983942852198,0,0.22112750402458303,0.3734653809203543,0.1965318714244475,0.23796185241535284,4.212882469518053,0.47067203869530516,-0.1104552093054707,0.7504312306197747,1.0390474036985715
010116.53+020157.3,-25.025426957314163,-24.8998801440223,-25.30192936175778,-25.354651055036957,-25.56634534494713,-22.52232412459663,-23.63455803039067,-26.26523183783897,-26.52806301898997,-26.66984735552736,-26.775116307657957,-27.66907414217582,0,-0.12554681329186224,0.4020492177354775,0.05272169327917808,0.2116942899101737,1.1122339057940422,0.26283118115100024,0.14178433653738765,0.8939578345178631,1.4204652526209998
010131.16+133145.8,-24.03752643968709,-24.22068143286952,-24.636449273645702,-24.784768622548917,-24.9707418169844,-22.76290818837066,-23.776819886401757,-25.18090788778041,-25.531958975771957,-25.770603071701032,-26.32100669152514,-27.18034001362555,0,0.18315499318243056,0.41576784077618356,0.14831934890321463,0.18597319443548344,1.013911698031098,0.3510510879915465,0.2386440959290752,0.859333322100408,1.5362380689762247
010136.53+020310.4,-24.334620562099477,-24.396447806578365,-24.674607292158004,-24.79849797686943,-24.950325755413807,-23.047960809586986,-24.16753065802088,-25.335516601993454,-25.606617194684016,-25.657092906055748,-26.093529068407037,-26.998450171690013,0,0.06182724447888788,0.2781594855796392,0.1238906847114265,0.15182777854437646,1.119569848433894,0.2711005926905621,0.05047571137173179,0.9049211032829767,1.2950310915376058
010205.89+001156.9,-24.278270896631355,-24.57398135478244,-24.93476139118576,-25.17184451940789,-25.33474489165964,-21.821092413099333,-23.34352989920667,-25.39436501719774,-25.663645984846223,-26.053538703993024,-26.153571150046364,-26.909057359450973,0,0.29571045815108477,0.36078003640331957,0.23708312822213173,0.16290037225174814,1.5224374861073358,0.2692809676484842,0.38989271914680046,0.7554862094046086,0.9817266306384731
010413.29-040842.1,-24.402427309604768,-24.725554570326334,-25.127316606317702,-25.25822403005461,-25.54922710530525,-20.99729797531416,-23.645293757541356,-26.019978176542757,-26.446803461444784,-26.722651683065624,-26.59147037570953,-27.47605432380866,0,0.3231272607215665,0.40176203599136784,0.13090742373690745,0.2910030752506394,2.647995782227195,0.4268252849020264,0.27584822162084066,0.8845839480991309,1.3332463456549206
010438.08+051614.1,-25.025890843312844,-25.22867831949897,-25.457475048105795,-25.495971646727167,-25.806273190233604,-23.881580266726708,-24.88573978937817,-25.69680963546674,-26.303623049603555,-26.41907389270112,-26.56169871105929,-27.51549963953552,0,0.2027874761861277,0.22879672860682376,0.03849659862137145,0.3103015435064371,1.004159522651463,0.6068134141368162,0.11545084309756604,0.9538009284762303,1.0657270643321226
010508.13-005041.3,-24.349439976249357,-24.638823896782007,-24.99401177115355,-25.111373387983765,-25.3948908651274,-22.4286968653615,-23.91691993980774,-25.69024509036972,-26.15064790958912,-26.43408207318658,-26.33308451199647,-27.22919925157297,0,0.28938392053265005,0.3551878743715413,0.11736161683021606,0.2835174771436364,1.4882230744462426,0.4604028192194001,0.2834341635974589,0.8961147395765003,1.2217111240127068
010509.85+183145.3,-24.625048376907536,-24.78307826341957,-25.24446303710556,-25.290875071043704,-25.52844428097305,-22.399805269821822,-22.95290103659267,-25.422842704064017,-26.50594682038272,-26.620269735888467,-26.454573456567964,-27.106649347861715,0,0.15802988651203265,0.4613847736859924,0.04641203393814308,0.23756920992934738,0.5530957667708485,1.0831041163187045,0.11432291550574547,0.6520758912937517,1.1636983855242597
010543.52+004003.8,-24.365077183515837,-24.60573122700015,-24.97984968589379,-25.123970342219188,-25.290991301394268,-22.94638746838408,-24.752894221400982,-25.604243144704505,-25.977669052459994,-25.69012866363111,-26.342810754448223,-27.07273589301309,0,0.2406540434843123,0.3741184588936406,0.1441206563253985,0.16702095917507975,1.806506753016901,0.37342590775548956,-0.28754038882888366,0.729925138564866,1.218840412229035
010636.83+041240.6,-22.750631156893064,-22.98565903511709,-23.468225339620265,-23.6810699582018,-23.94928776011358,-21.099253955371463,-22.092115979008508,-23.90664705652572,-24.658572325262032,-24.656002118982325,-25.27067849450776,-26.033390539375915,0,0.23502787822402738,0.48256630450317317,0.21284461858153492,0.26821780191178135,0.9928620236370449,0.7519252687363114,-0.0025702062797066105,0.7627120448681559,1.5896085363059598
010735.57+024947.2,-23.458571846589223,-23.607657200629728,-23.99843820926242,-24.17527754960767,-24.37491902454853,-21.850909574665398,-23.046573545127885,-24.63138249356832,-24.878664794153,-25.0294455202107,-25.00797469258197,-25.738558077667093,0,0.14908535404050482,0.39078100863269327,0.17683934034524995,0.19964147494085793,1.195663970462487,0.24728230058467915,0.15078072605770032,0.7305833850851222,0.8326971429743004
010844.40+191342.7,-25.17930458592369,-25.31056174050046,-25.623106371273533,-25.785380900722544,-26.04454337279273,-22.904043104797346,-23.70411162022081,-26.17031669612172,-26.861920745430304,-26.843368861122126,-26.96949195339233,-27.94346215801664,0,0.13125715457677245,0.31254463077307193,0.16227452944901088,0.2591624720701873,0.8000685154234652,0.6916040493085838,-0.018551884308177335,0.9739702046243117,1.1841110526697847
010855.02-005747.2,-24.609546077472466,-24.902285885374138,-25.301644013660898,-25.47775478867196,-25.73635442957752,-20.81496827780419,-23.63040430230048,-26.086781587580163,-26.40161387598691,-26.22539677103768,-26.89979391509451,-27.902399262118298,0,0.29273980790167187,0.3993581282867602,0.1761107750110611,0.25859964090556176,2.8154360244962895,0.31483228840674826,-0.17621710494923093,1.0026053470237883,1.4220391264225505
010859.58+072442.3,-24.09164295120239,-24.327296582480987,-24.696294541279403,-24.988572795343263,-25.26815370318237,-18.78799902922008,-23.636785231561053,-25.87211797680429,-26.23974001213304,-26.496696479726975,-26.25499231875199,-26.978484145334985,0,0.23565363127859484,0.3689979587984169,0.2922782540638593,0.27958090783910805,4.848786202340971,0.3676220353287505,0.256956467593934,0.7234918265829933,1.2664195234087288
010900.36+151217.5,-22.408395815767854,-23.03125693142244,-23.62677412660084,-23.870358282247143,-24.05952854130572,-20.272515638006524,-21.23621308783135,-24.20918872092994,-24.27733608869608,-24.636936966496712,-24.390557162033808,-25.14772527507378,0,0.6228611156545867,0.5955171951783989,0.2435841556463032,0.18917025905857798,0.9636974498248243,0.06814736776614083,0.35960087780063077,0.7571681130399703,0.5201988797866655
010927.88+314956.0,-25.04626379084351,-25.32753446164424,-25.76033999210724,-25.920821393342383,-26.255084375028236,-22.51930877285595,-24.766087323348085,-26.62954842403209,-26.80173951446771,-26.850082047069822,-27.037236361229816,-27.471957874784728,0,0.28127067080072976,0.43280553046299985,0.16048140123514187,0.33426298168585333,2.2467785504921345,0.17219109043561787,0.04834253260211341,0.43472151355491206,1.116414967887433
011100.99+243005.4,-23.171205968017773,-23.61982457835541,-24.13999352905193,-24.247123467440872,-24.534191248604166,-21.732095531787422,-22.638213070532643,-26.003388381439017,-26.243916935746736,-26.30625839265479,-26.22162894067433,-27.208333261615657,0,0.44861861033763617,0.5201689506965224,0.10712993838894036,0.28706778116329446,0.9061175387452209,0.24052855430771913,0.06234145690805448,0.9867043209413282,1.9745054732334566
011128.61+325307.2,-24.396958758036394,-24.740538982425736,-25.00641128035866,-25.11719467780548,-25.35675334435457,-22.588113270081795,-24.40372751916808,-25.959610094769214,-26.53336452884193,-25.76711224830165,-26.54282273187296,-27.470924454075607,0,0.343580224389342,0.26587229793292266,0.11078339744681998,0.2395586665490903,1.815614249086284,0.5737544340727148,-0.7662522805402787,0.9281017222026477,1.4256280540674808
011135.72+203314.0,-23.66160821082445,-23.864903016147533,-24.257047269273343,-24.42288635126764,-24.70089841667677,-22.50358430577888,-23.32371196387785,-24.86524116778283,-25.05655785188181,-25.38120662980589,-25.71097543416692,-26.44878001833849,0,0.20329480532308253,0.39214425312581014,0.16583908199429587,0.2780120654091327,0.820127658098972,0.19131668409897884,0.3246487779240823,0.7378045841715704,1.2880890828992797
011152.26+201748.9,-23.97361068527512,-24.187108824642294,-24.56284807437559,-24.69652264947186,-24.84392688131436,-20.09470300749819,-23.792227790685967,-24.944975439405592,-25.33184002019919,-25.15883818808218,-25.679691358396664,-26.39341887063756,0,0.2134981393671751,0.37573924973329653,0.13367457509626846,0.14740423184250062,3.6975247831877773,0.3868645807935991,-0.1730018321170128,0.7137275122408973,0.9831687089248042
011214.65-083555.9,-24.69253026166724,-24.971504427339006,-25.36293645743229,-25.555173716990083,-25.89432722883972,-21.3251821070963,-23.78969291508677,-26.194845010487377,-26.879681201606097,-26.51582469300046,-26.87100572296727,-27.793979629043715,0,0.2789741656717659,0.3914320300932843,0.19223725955779258,0.3391535118496378,2.4645108079904716,0.6848361911187197,-0.363856508605636,0.9229739060764466,1.3158320059771853
011307.53+263113.1,-24.744166580094067,-24.762761972083837,-25.16263783015808,-25.31664013064713,-25.581952776685235,-19.187700813043516,-22.17761758021816,-26.15821397865481,-26.805787854255808,-26.944358748627334,-26.708169512281057,-27.40002333731627,0,0.018595391989769894,0.39987585807424253,0.15400230048905073,0.26531264603810456,2.9899167671746447,0.6475738756009974,0.1385708943715258,0.6918538250352135,1.3915293816339265
011319.04+024240.0,-24.27128673596159,-24.63597950366463,-25.053767663334117,-25.26767356084443,-25.576939859667984,-22.233386516642025,-23.76702174850591,-25.566102966161147,-25.800961783037096,-25.839248649015158,-26.421527143692604,-27.124614547455455,0,0.3646927677030405,0.4177881596694881,0.21390589751031186,0.3092662988235553,1.5336352318638866,0.23485881687594912,0.03828686597806197,0.7030874037628507,1.1538535828481749
011456.35-030806.2,-24.302648271486927,-24.383007732293997,-24.867736887680103,-25.0341495415357,-25.201527225263288,-22.55299739719896,-24.281627128887063,-25.5409923584225,-25.952789707276597,-26.248329900532877,-26.36689339398627,-27.278163154586306,0,0.08035946080707035,0.4847291553861055,0.16641265385559834,0.16737768372758666,1.7286297316881019,0.4117973488540976,0.29554019325627934,0.9112697606000353,1.3327438524505695
011538.72+242446.0,-25.67248823592436,-25.522590168937448,-25.95101011368985,-26.047684836403505,-26.20032727902497,-19.960285757748533,-22.741612344075712,-26.48420985984043,-27.081686259186988,-27.31267812248044,-26.962148919993083,-27.839001498120314,0,-0.14989806698691055,0.4284199447524024,0.0966747227136544,0.15264244262146676,2.7813265863271788,0.5974763993465579,0.23099186329345045,0.8768525781272309,0.9144640835895785
011540.05-003328.6,-24.289262350839536,-24.807901187938285,-24.975192038825096,-25.11882582721328,-25.296147898460514,-21.346878380006277,-23.384122741418512,-25.675280891757048,-25.84034792168069,-25.7231311554024,-26.50656991253645,-27.58431884049868,0,0.5186388370987487,0.16729085088681117,0.14363378838818264,0.17732207124723587,2.0372443614122346,0.16506702992364097,-0.1172167662782897,1.0777489279622294,1.3877440853231704
011643.64-014908.8,-22.8927559450752,-23.46461466283325,-23.785565706447137,-23.945899254664653,-24.243200957003925,-20.242268570955776,-22.886914926710308,-24.64910926828624,-24.957223642988662,-24.897773702298647,-24.96881115187609,-25.67118554590818,0,0.5718587177580474,0.3209510436138885,0.16033354821751544,0.2973017023392721,2.6446463557545314,0.30811437470242353,-0.059449940690015524,0.7023743940320912,1.0229118972114364
011714.09+072950.8,-22.058150467497875,-22.33177448770076,-22.731420517610328,-22.91024250341775,-23.04788038006118,-21.175681579660512,-21.534136493547987,-23.23222459061236,-23.9347129124249,-24.12486048187889,-24.374157882667998,-25.147620627316243,0,0.27362402020288457,0.39964602990956877,0.1788219858074207,0.1376378766434314,0.3584549138874742,0.7024883218125382,0.19014756945399114,0.7734627446482456,1.463915379250249
011827.98-005239.8,-24.803726283433885,-24.88832588726792,-25.272305056708344,-25.41968325378941,-25.62361323121561,-21.435374134393427,-22.62569223330104,-26.14063676116487,-26.348211829866155,-26.606524495194936,-26.729150975731336,-27.565102160191213,0,0.08459960383403597,0.38397916944042265,0.1473781970810677,0.20392997742619912,1.190318098907614,0.20757506870128495,0.2583126653287806,0.8359511844598764,1.3094677219419246
011948.29+032318.2,-24.25760412996937,-24.45708415231042,-24.94228059433398,-25.067927887350965,-25.39584824696325,-21.97000113331785,-24.07971522104269,-26.1694349278956,-26.26275000303474,-26.1210814232108,-26.281391419875483,-27.17260270747597,0,0.19948002234104933,0.48519644202356105,0.12564729301698563,0.3279203596122855,2.1097140877248393,0.09331507513913806,-0.1416685798239392,0.8912112876004876,1.2134635325245178
011953.55-031730.0,-24.435968664755105,-24.539490842480184,-24.925843557131483,-25.0559024470738,-25.336069905093503,-23.228905670668063,-24.44541750322152,-25.66824273147456,-25.87477415860702,-25.96004579627628,-26.262696708974413,-27.16780412271692,0,0.10352217772507899,0.3863527146512986,0.13005888994231896,0.2801674580197009,1.2165118325534579,0.20653142713246098,0.08527163766925838,0.9051074137425061,1.2067942619006118
012209.02+102020.0,-21.98088556142052,-22.40437700116338,-22.865601760614343,-23.099686727398996,-23.33065956863313,-21.239434516144662,-21.469418360440542,-23.57928707783984,-23.780707254252302,-24.131309733272506,-24.279347198845123,-24.97324334386932,0,0.4234914397428575,0.461224759450964,0.2340849667846534,0.2309728412341343,0.22998384429588015,0.20142017641246213,0.35060247902020336,0.6938961450241976,1.1796604714461267
012313.92-083628.5,-25.09029514983675,-25.43279438311168,-25.776270039969766,-25.947822494025555,-26.17428572618153,-19.917008218736356,-21.812812774928908,-26.6082886040141,-26.73971505889,-26.7421372052918,-26.902204680369493,-27.934792510566595,0,0.3424992332749319,0.3434756568580859,0.17155245405578867,0.2264632321559752,1.8958045561925516,0.13142645487589988,0.002422146401801939,1.0325878301971017,0.9543821863439383
012443.53-060811.1,-22.92817410872991,-23.25862753218741,-23.75458812338239,-23.96955010215741,-24.214681896909894,-22.046021013479027,-22.67129237768229,-24.31868553672002,-24.662105715007822,-24.47784766138317,-24.816077697629392,-25.52250538451673,0,0.3304534234575023,0.49596059119497937,0.214961978775019,0.24513179475248492,0.625271364203261,0.3434201782878006,-0.18425805362465297,0.7064276868873378,0.8465275954719829
012501.45+210415.0,-24.345548501080938,-24.48167519705753,-24.882070625334997,-25.037801741764092,-25.35888697178044,-23.023149077448775,-24.09798176503735,-25.737537294775198,-26.22352576356144,-25.237691381852148,-26.188073883259605,-27.084018099236257,0,0.13612669597659277,0.40039542827746644,0.1557311164290951,0.32108523001634737,1.0748326875885752,0.4859884687862426,-0.9858343817092923,0.8959442159766517,1.1502721414955133
012541.31+350234.3,-24.770229004259736,-25.01242085779616,-25.473290316268965,-25.66512101257507,-25.902372389150464,-19.953204313755982,-17.032200663123106,-26.10403734776853,-26.61228041924391,-27.15691683756437,-26.925923273094057,-27.698291386939037,0,0.24219185353642558,0.4608694584728035,0.1918306963061056,0.23725137657539364,-2.9210036506328763,0.5082430714753805,0.5446364183204615,0.7723681138449798,1.260802260518986
012807.86+075853.0,-24.90309373841578,-24.75860942259956,-25.359098095548045,-25.49347103670785,-25.563857092635644,-18.265557344476864,-19.624104561762685,-25.908610094696108,-26.069521800673417,-26.518190783256173,-26.209701604726742,-26.92188608087494,0,-0.14448431581622145,0.6004886729484866,0.13437294115980336,0.0703860559277949,1.358547217285821,0.16091170597730908,0.4486689825827561,0.7121844761481988,0.7162305680188936
012836.63+312448.3,-25.022360003868503,-25.365541386051422,-25.70155606836304,-25.805320727993653,-26.063454919000694,-22.85919576805744,-24.62225827326926,-26.1214754775571,-26.306544480029487,-26.18729284205768,-26.587544479128773,-27.36351777472492,0,0.3431813821829195,0.33601468231161746,0.10376465963061321,0.2581341910070414,1.7630625052118205,0.18506900247238534,-0.11925163797180716,0.7759732955961454,0.7822237511351204
012907.40-033844.3,-24.464992602369406,-24.57318798683659,-24.99753089584073,-25.16947747523385,-25.403512309203865,-21.65063172149596,-24.34970488923117,-26.02961498909948,-26.359058638176368,-26.22019353642561,-26.74205486662356,-27.63129550991075,0,0.10819538446718369,0.42434290900413885,0.17194657939312208,0.23403483397001423,2.699073167735211,0.3294436490768895,-0.13886510175075628,0.8892406432871915,1.5725773913897072
013136.44+130331.0,-24.72996204545924,-25.109216539260267,-25.618127403652448,-25.780625677372583,-26.066991103073573,-19.471638176807,-23.933732084142,-26.347094914410363,-26.82338391670223,-26.39323174442783,-26.668258808953688,-27.402213548497503,0,0.37925449380102805,0.5089108643921811,0.1624982737201357,0.2863654257009891,4.462093907334999,0.47628900229186755,-0.4301521722744006,0.7339547395438153,0.8876331315811044
013401.49+322024.0,-23.54967883472301,-23.91717428416094,-24.469963865179796,-24.66300135895349,-24.889827760307444,-18.954788592651504,-22.92834344579047,-25.6632233182712,-25.78019728905673,-25.142065386678965,-25.633896892438784,-26.29073108404075,0,0.36749544943792856,0.5527895810188568,0.19303749377369428,0.2268264013539536,3.9735548531389675,0.11697397078552996,-0.638131902377765,0.6568341916019662,0.9708955334852938
013435.09-034548.6,-24.742254220352688,-24.893309522233217,-25.207922484654716,-25.3728205109085,-25.54192381485576,-21.50083723673125,-23.463600759883025,-25.38980340512164,-25.787707511671112,-25.831570464255435,-26.477347413486665,-27.26450634723779,0,0.15105530188052896,0.3146129624214993,0.16489802625378402,0.16910330394726003,1.962763523151775,0.39790410654947195,0.04386295258432327,0.787158933751126,1.104526902578165
013450.27+003537.1,-24.981611390623893,-25.14677979738505,-25.57683280027605,-25.818150419541183,-26.03230346873417,-17.844653418840625,-19.31484689461638,-26.28953685753524,-26.56114544380956,-27.12532770344933,-27.1007117640162,-27.678863094070984,0,0.16516840676115763,0.43005300289100035,0.24131761926513207,0.21415304919298705,1.4701934757757549,0.27160858627432205,0.5641822596397681,0.5781513300547836,1.2825613444750168
013614.30+154733.5,-24.387820107468485,-24.76447653542725,-25.044962447374782,-25.10100083161472,-25.345292297429477,-21.511046114274187,-23.786622573012384,-25.669940621490078,-26.09034429480384,-26.34031177173025,-26.407654033765915,-27.31504811549497,0,0.3766564279587641,0.28048591194753314,0.05603838423993679,0.2442914658147579,2.275576458738197,0.42040367331376416,0.24996747692640753,0.9073940817290556,1.306653202151196
013736.20+292142.0,-23.9987228562092,-24.200756105555435,-24.66984375801447,-24.82253929676798,-24.928009000448014,-23.588944517474104,-23.82083928451086,-25.20339484468704,-25.32746424529994,-25.263181922330435,-25.609588138714265,-26.35985072370743,0,0.20203324934623623,0.4690876524590344,0.1526955387535125,0.10546970368003272,0.23189476703675638,0.12406940061289973,-0.06428232296950398,0.7502625849931661,0.7870488419462838
013830.79+225531.1,-23.286590207064005,-24.131411929653765,-24.607746485904794,-24.80680941684005,-25.0829026866087,-18.98926960311065,-21.74433278817146,-25.78724452420696,-26.33276758041124,-26.1230697570014,-26.40935244697943,-27.36213817130921,0,0.8448217225897601,0.47633455625102883,0.19906293093525562,0.27609326976865134,2.755063185060809,0.5455230562042779,-0.2096978234098401,0.9527857243297788,1.6025430301393797
013846.94-050724.5,-24.571491548070792,-24.77164514131833,-25.19342922967741,-25.295940545840967,-25.577928759983426,-20.33886970532625,-22.479909726846444,-26.0767357834162,-26.66515587802953,-26.28518089466284,-26.633988110070693,-27.436710862478677,0,0.20015359324753845,0.4217840883590789,0.10251131616355735,0.28198821414245856,2.141040021520194,0.5884200946133298,-0.3799749833666901,0.8027227524079841,1.3380475642297256
013850.80+343511.8,-22.94250856992548,-23.31580056217561,-23.768709941696187,-23.89565886858992,-24.14361753286374,-20.96801995304048,-22.85266111724473,-24.575359397443165,-24.94363592079885,-24.780025342459822,-24.865737337781788,-25.55453738142488,0,0.373291992250131,0.45290937952057675,0.12694892689373205,0.24795866427382052,1.8846411642042504,0.3682765233556857,-0.16361057833902848,0.6888000436430914,0.9700784691918685
013855.80+252415.5,-24.69154541566924,-24.950189098344985,-25.365790451932654,-25.60331606986594,-25.85845465923136,-22.031053233938604,-23.512520483770874,-26.316780541298773,-26.307292827951738,-26.736904546962634,-26.78729877667436,-27.3303291128868,0,0.25864368267574633,0.41560135358766814,0.23752561793328653,0.2551385893654192,1.4814672498322707,-0.009487713347034799,0.42961171901089656,0.5430303362124427,1.1839827068084183
014053.59+261917.3,-24.428085916130616,-24.666607573537327,-25.103095768985213,-25.352821146574936,-25.55097156713306,-22.87027807936933,-24.54643631124765,-26.00760341261009,-25.925528686172477,-25.90980359951623,-26.1695101484068,-26.870027395253505,0,0.23852165740671083,0.4364881954478861,0.2497253775897228,0.19815042055812526,1.6761582318783184,-0.08207472643761449,-0.01572508665624639,0.7005172468467045,0.8166890018318647
014349.15+002128.3,-24.070163222703727,-24.22817344754949,-24.595264390919937,-24.834250584977312,-25.027288143346095,-21.84086597275867,-23.87914537402824,-27.97189571159256,-28.06118294132169,-28.064791572296787,-26.85129643217188,-27.36064972101613,0,0.1580102248457642,0.3670909433704459,0.2389861940573752,0.19303755836878267,2.0382794012695697,0.0892872297291305,0.003608630975097782,0.5093532888442525,2.0170458471945665
014352.43-032906.7,-24.634385693968685,-25.06159330292501,-25.633602642415507,-25.89451780303479,-26.18807585514493,-22.56790863653285,-23.524418478932613,-26.58499296834253,-27.10885927693354,-26.774656838100825,-27.18938925851666,-28.17169670674179,0,0.42720760895632637,0.5720093394904957,0.2609151606192839,0.2935580521101393,0.9565098423997647,0.5238663085910105,-0.3342024388327154,0.9823074482251322,1.2948714554818679
014501.51+010001.4,-24.46814125279365,-24.778309365605622,-25.13439826834377,-25.2854023022421,-25.542546533392198,-21.912950117259907,-22.79106583861832,-25.733329186738093,-26.444265942403483,-26.406281662694315,-26.48455916331512,-27.339049884984487,0,0.3101681128119722,0.3560889027381471,0.1510040338983316,0.25714423115009666,0.8781157213584123,0.71093675566539,-0.03798427970916762,0.854490721669368,1.1991568610730177
014516.59-094517.3,-26.518169186172493,-26.54058201918408,-26.948032008013527,-27.104850640484035,-27.30774843283369,-19.095179059035416,-21.908315730023237,-27.467878020011096,-28.0681594412318,-28.56505700963778,-28.30314568852492,-28.982910600446058,0,0.02241283301158603,0.4074499888294483,0.15681863247050742,0.20289779234965621,2.81313667098782,0.6002814212207035,0.49689756840598065,0.6797649119211364,1.1982950480408867
014541.01-031753.9,-24.108234838289796,-24.196345536794382,-24.498078537413928,-24.68538715157217,-24.868840436231164,-21.897777091345837,-23.510825911643423,-25.154745253004197,-25.496595020248854,-25.49076499452206,-26.00437730983146,-26.840594880899225,0,0.08811069850458608,0.3017330006195458,0.18730861415824052,0.18345328465899513,1.6130488202975855,0.341849767244657,-0.005830025726794474,0.8362175710677633,1.318990158259293
014648.42+315224.5,-23.470174911222056,-23.600141345539413,-23.89600843399583,-23.984624477198185,-24.259298970116223,-23.414732661232268,-23.337256007016983,-23.66348591717356,-24.137444238212694,-24.442194543732715,-24.862056567168747,-25.61537793149341,0,0.12996643431735677,0.2958670884564185,0.08861604320235372,0.274674492918038,-0.07747665421528538,0.4739583210391345,0.30475030552002025,0.7533213643246626,0.8774320899705614
014705.40+133210.0,-25.18973483091602,-25.47348654870932,-25.789510576824053,-25.94820416515277,-26.216285731651237,-23.07418681532169,-24.308032013801192,-26.43494433963368,-26.772344498111103,-26.52311917361413,-27.18410873467114,-28.047870614653338,0,0.2837517177933009,0.3160240281147324,0.15869358832871683,0.2680815664984664,1.2338451984795036,0.337400158477422,-0.24922532449697243,0.8637618799821993,1.2359045695183681
014809.64-001017.8,-24.904607175777677,-25.082031422835552,-25.520811026761372,-25.66882843560481,-25.85614460468824,-22.428545704078743,-23.381465414784085,-26.115241237986105,-26.51127869342917,-26.85212677411726,-26.85294588672537,-27.782294405025173,0,0.17742424705787485,0.4387796039258198,0.14801740884343673,0.18731616908343085,0.9529197107053413,0.39603745544306435,0.34084808068809025,0.929348518299804,1.18411745112056
014812.23+000153.3,-24.935425335977666,-25.199629353792147,-25.44766290343153,-25.551687899905108,-25.71384728714076,-23.47703630709457,-24.721275712176567,-25.889099899648752,-26.468023132115384,-26.764773434714463,-26.40479191369305,-27.469507333377734,0,0.2642040178144818,0.24803354963938418,0.10402499647357644,0.1621593872356506,1.2442394050819985,0.5789232324666322,0.2967503025990794,1.0647154196846849,0.8531040137879415
014901.18+314548.6,-23.35170939468081,-23.53115645989198,-23.95863093026477,-24.07753898874557,-24.255185468494854,-20.180092590628217,-22.94845216675076,-25.08992680775149,-25.36417386668467,-25.381595345520665,-25.93521034022605,-26.86850050666907,0,0.17944706521117126,0.42747447037278974,0.11890805848079822,0.17764647974928494,2.768359576122542,0.2742470589331809,0.01742147883599543,0.9332901664430189,1.8576713514804801
014944.43+150106.7,-25.66392092564052,-25.71378072020102,-26.021962188443155,-26.163133897518065,-26.356036537761305,-23.302781311196224,-23.934629678984667,-26.41675091830672,-26.81609992489982,-27.108537931467666,-27.33474645344528,-28.18099794090281,0,0.04985979456049705,0.308181468242136,0.14117170907491072,0.1929026402432399,0.631848367788443,0.39934900659309847,0.2924380065678456,0.8462514874575291,1.171612555927215
015044.31+132334.1,-22.767326854708685,-22.97791085959293,-23.54710724754604,-23.670156325943037,-23.879870248227352,-21.96651482165694,-22.140494857148497,-23.822903716208128,-24.248540956890807,-24.393674441673145,-24.910089207043168,-25.61312645186128,0,0.21058400488424667,0.5691963879531095,0.12304907839699553,0.2097139222843154,0.1739800354915566,0.42563724068267916,0.14513348478233823,0.7030372448181126,1.2399328811001311
015143.36-030912.9,-23.484313551228094,-23.793449783359197,-24.206380102697857,-24.509102950564028,-24.71097039821589,-22.47918840670367,-23.212946095510564,-24.69732070508864,-25.35311805003766,-25.464357064514545,-25.96862810552604,-26.8345861813456,0,0.3091362321311024,0.41293031933865976,0.3027228478661712,0.2018674476518605,0.7337576888068931,0.655797344949022,0.11123901447688311,0.8659580758195595,1.4595251549620123
015322.60+331628.6,-23.662032304936016,-23.869447204066912,-24.32072150154135,-24.51403461822761,-24.704876409915094,-22.343911356725123,-23.15982045317382,-25.10284535146793,-25.251533588839564,-25.271814657457305,-25.21464773040664,-25.778322473641825,0,0.20741489913089595,0.4512742974744377,0.19331311668625872,0.19084179168748605,0.8159090964486957,0.1486882373716334,0.020281068617741482,0.5636747432351861,0.7006131121790311
015430.85+075650.7,-24.438199617595785,-24.842352784137443,-25.31258640218376,-25.42308070977059,-25.77927210202672,-19.458388307433435,-21.70177095597917,-26.18569752047721,-26.941118330833028,-26.96861859569944,-26.887815429550216,-27.605842152347865,0,0.4041531665416578,0.47023361804631847,0.11049430758682988,0.35619139225612884,2.2433826485457367,0.7554208103558189,0.027500264866411328,0.7180267227976493,1.4647347197796243
020003.93+012511.9,-24.11588097330423,-24.2095702113736,-24.658842996499747,-24.72036148449365,-24.869830021477345,-20.106265921349426,-23.98819018400619,-25.15449194615673,-25.898189076988377,-25.99768708208018,-26.385086959653226,-27.247835803421843,0,0.0936892380693699,0.44927278512614777,0.06151848799390436,0.14946853698369367,3.8819242626567636,0.7436971308316487,0.09949800509180307,0.8627488437686175,1.6647254751595746
020105.15+000617.9,-23.810073870134325,-24.14787830406901,-24.657822775670645,-24.848359157669243,-25.042766650978187,-19.507036051892143,-22.71643716797953,-25.517181709102065,-25.73835880264136,-26.20202439434916,-26.285167344809302,-27.021401296023686,0,0.33780443393468573,0.509944471601635,0.1905363819985979,0.1944074933089439,3.2094011160873883,0.22117709353929627,0.4636655917077981,0.7362339512143841,1.436808187140059
020139.97-033450.5,-23.481103629580737,-24.02310752373284,-24.623708688879667,-24.86978532241119,-25.05673180471529,-19.96489022664526,-23.199524304135352,-25.72149493905057,-25.822997135136145,-26.114172338231864,-26.02078845473628,-26.54363410878228,0,0.5420038941521028,0.600601165146827,0.24607663353152276,0.18694648230410138,3.2346340774900924,0.1015021960855762,0.29117520309571887,0.522845654045998,1.1510031323250907
020343.39+300506.5,-23.509506353676667,-23.772210877996915,-24.16228483954561,-24.240043461302378,-24.403867802310305,-23.529927886793608,-23.66444681550378,-24.81057717229848,-24.855055526281003,-24.86709339335947,-25.568984154805012,-26.340931932004327,0,0.2627045243202488,0.3900739615486941,0.07775862175676806,0.16382434100792764,0.1345189287101718,0.04447835398252309,0.012037867078468878,0.7719477771993155,1.3289406935026342
020614.58-042815.1,-25.18899068050396,-25.06126996074184,-25.470158616895567,-25.694930165073817,-25.909789130858837,-21.417406904596813,-22.19975322834521,-26.28419106641785,-26.657415227589123,-28.00792633524121,-26.99874989509686,-27.740953723029715,0,-0.12772071976212018,0.40888865615372794,0.22477154817824996,0.2148589657850195,0.7823463237483956,0.37322416117127233,1.3505111076520855,0.7422038279328547,1.3038197300230436
020636.63-031740.0,-24.353277583798587,-24.637198304502668,-25.028401557567346,-25.23308096170303,-25.55105055822211,-21.60924165357353,-23.686139732179857,-25.637950061360083,-25.761205968105845,-25.901597541898017,-26.586015028323224,-27.343537508182028,0,0.2839207207040815,0.3912032530646776,0.20467940413568542,0.3179695965190774,2.0768980786063267,0.12325590674576148,0.14039157379217215,0.7575224798588032,1.3529340666201932
020717.68+274621.0,-25.124280745165223,-25.07286639856557,-25.536515857956893,-25.62146761050048,-25.81031889914679,-21.462748324639247,-22.668170451688024,-25.692912012903488,-26.65751006336968,-26.26925302078983,-26.72659421871356,-27.44787510088777,0,-0.05141434659965327,0.4636494593913234,0.08495175254358855,0.1888512886463083,1.2054221270487773,0.9645980504661935,-0.38825704257985194,0.7212808821742094,1.1051266082130802
020833.01-031619.0,-21.22842443908781,-21.53138771666069,-22.08561128283626,-22.32567806544039,-22.436557402861972,-20.74261997518298,-21.072402823785104,-22.89567119476536,-23.364335194259205,-23.474158385047968,-23.25727190546845,-23.921754425238284,0,0.30296327757287855,0.5542235661755726,0.24006678260412784,0.11087933742158285,0.32978284860212526,0.4686639994938453,0.10982319078876301,0.6644825197698339,0.9315938400280608
020845.54+002236.0,-25.754421629667156,-25.93825463821516,-26.26910869139644,-26.43415368645261,-26.70067460361991,-17.51767077999182,-19.371047394758538,-26.98058077535616,-27.320503206976333,-27.326202778600543,-27.795839760706503,-28.68403647984497,0,0.1838330085480031,0.33085405318128025,0.16504499505617076,0.2665209171672984,1.8533766147667166,0.3399224316201739,0.005699571624209199,0.8881967191384668,1.3616860742538925
020852.73+294322.5,-22.642570838809725,-22.85696265864712,-23.351160007774567,-23.55756413828178,-23.82503656482509,-22.655163776113,-22.76296662496523,-24.0739198288856,-24.329276413914027,-24.69281588233691,-24.64936419800447,-25.360395074256694,0,0.2143918198373953,0.49419734912744673,0.20640413050721307,0.2674724265433106,0.10780284885223068,0.2553565850284265,0.3635394684228821,0.7110308762522237,1.09180005972269
021238.53-043404.6,-24.559020071018768,-24.64788829679793,-25.021817915301845,-25.140009627682765,-25.345770949091065,-23.01944092002988,-24.195834267435416,-25.4573233425471,-25.97516548387646,-25.884540913239995,-26.39064842399604,-27.33137449097956,0,0.0888682257791622,0.37392961850391515,0.11819171238091997,0.20576132140829984,1.1763933474055364,0.5178421413293606,-0.09062457063646434,0.9407260669835189,1.2506387963132752
021354.86-035629.5,-24.509743096483493,-24.68388518694811,-24.950230687318896,-25.07636262690005,-25.299289129477955,-23.29984750048329,-24.467265506593083,-25.36768041155516,-25.91851774517537,-25.930112291187942,-26.67323126927019,-27.756605898593584,0,0.17414209046461693,0.26634550037078597,0.12613193958115332,0.2229265025779057,1.167418006109795,0.5508373336202119,0.011594546012570817,1.0833746293233943,1.59686864237014
021408.07-035304.9,-24.918391259442856,-24.95357433070829,-25.179955090263096,-25.33774300248336,-25.628495987086808,-23.64747991580196,-24.642053369840216,-25.567340076676288,-25.77940195152956,-25.826096732632127,-26.56449213712185,-27.49472661958485,0,0.03518307126543263,0.2263807595548073,0.15778791222026456,0.2907529846034471,0.9945734540382567,0.21206187485327277,0.046694781102566196,0.9302344824629998,1.2267491346384887
021457.22-043011.5,-24.87294257592013,-24.7977280399517,-25.28255029968127,-25.37966538706923,-25.63378566968752,-18.12936150047441,-23.060892680715888,-26.1654826999312,-26.828881912809,-27.207481081483454,-26.640222547496837,-27.18485266060076,0,-0.0752145359684313,0.4848222597295688,0.09711508738796226,0.25412028261828823,4.931531180241478,0.663399212877799,0.3785991686744552,0.5446301131039242,1.2605571604276058
021541.11+030428.9,-23.17109695612849,-23.44642139033603,-23.89090861864044,-24.021664225547347,-24.27349951676749,-22.743871985520663,-22.68497751255822,-24.29231946579953,-24.71737746635524,-25.055633853008253,-25.38699304099389,-26.155179583037008,0,0.2753244342075405,0.44448722830441056,0.1307556069069058,0.2518352912201429,-0.05889447296244299,0.42505800055571186,0.3382563866530113,0.768186542043118,1.3653288154465422
021612.20-010518.9,-24.809898612575527,-24.922647105471757,-25.31106113380508,-25.4649398462028,-25.69562954419425,-23.264445387142903,-24.715915913805468,-25.70457710005093,-26.09769231355489,-26.30773504624237,-26.53324480275413,-27.30096385375297,0,0.11274849289623035,0.3884140283333224,0.1538787123977201,0.23068969799145123,1.4514705266625647,0.39311521350396106,0.21004273268748008,0.7677190509988421,1.06830495655133
021907.35-022715.2,-23.743433280284428,-23.813186000552108,-24.133426348485244,-24.161501315598247,-24.319529641713554,-20.32510923809545,-23.14783424267445,-25.727846105384028,-25.996860507500195,-25.6669089718406,-25.22767635421383,-25.915999124156013,0,0.06975272026767954,0.3202403479331366,0.02807496711300317,0.15802832611530704,2.8227250045789987,0.26901440211616645,-0.3299515356595961,0.6883227699421823,1.066175038615583
022039.48-030820.3,-22.373251927999625,-22.539128850534357,-23.073298500044924,-23.253201804001627,-23.41861004405299,-21.173318144467235,-21.73850687380311,-23.662911636415384,-24.05779563455205,-24.23011190474843,-24.67518435177244,-25.474737299603085,0,0.16587692253473207,0.5341696495105666,0.17990330395670284,0.165408240051363,0.5651887293358762,0.39488399813666675,0.1723162701963794,0.7995529478306445,1.4219825477708135
022240.03+033906.6,-23.736787657842395,-23.984533718996957,-24.447823635723537,-24.622169601793047,-24.635888295113386,-22.86806664821157,-24.16913663367322,-25.62943418294857,-26.32832752172967,-25.637701183239127,-25.738683966840167,-26.488706075114237,0,0.24774606115456166,0.4632899167265805,0.17434596606950947,0.013718693320338815,1.3010699854616483,0.6988933387810974,-0.6906263384905422,0.7500221082740701,1.11651436504712
022246.46-004836.2,-25.115618847402867,-25.28007289061471,-25.572944750364336,-25.697514252398825,-26.019992247824508,-22.705758644051823,-24.77919564557244,-26.362918092128336,-26.63259151054634,-26.86138926863332,-27.152942351941302,-28.09656027869237,0,0.16445404321184398,0.29287185974962426,0.12456950203448969,0.32247799542568245,2.0734370015206167,0.2696734184180052,0.22879775808698,0.9436179267510667,1.4554280995424769
022633.47+030834.3,-23.98734762606521,-24.17243449212722,-24.58046559157089,-24.75197895083267,-24.84756497950204,-20.87038268630628,-23.83687669474413,-25.317330237473502,-25.50333459356738,-25.819401450234817,-25.455448853624794,-26.004867324729943,0,0.18508686606201152,0.40803109944366867,0.17151335926178035,0.09558602866936994,2.966494008437852,0.18600435609387844,0.3160668566674367,0.5494184711051489,0.7034699027921256
022712.98-044636.4,-24.14293957926889,-24.25733484240874,-24.54505478258198,-24.757006767151392,-25.016299597297976,-23.335278652532217,-23.897984936065072,-25.04298861399197,-25.25004891927658,-25.607402643773906,-25.545746293444704,-26.218453668302104,0,0.11439526313984771,0.28771994017323976,0.21195198456941355,0.25929283014658466,0.5627062835328545,0.20706030528461028,0.35735372449732594,0.6727073748573993,0.7887395262933126
022735.93-093530.1,-24.216602723662664,-24.48349982493332,-24.889241835636817,-25.0565759542465,-25.27623844898846,-22.31612207330465,-23.80643656955108,-25.175206926165178,-26.29359116832679,-26.101080278944607,-26.1426133364996,-27.06705016182129,0,0.2668971012706578,0.405742010703495,0.16733411860968417,0.21966249474196076,1.4903144962464303,1.1183842421616141,-0.1925108893821843,0.9244368253216884,1.0860373822530995
022740.55-040251.2,-24.77231484564537,-24.82845240366825,-25.36005172019974,-25.54094183537717,-25.667916910585205,-15.678199562372876,-18.157967488014485,-26.07003360488366,-26.594128377535597,-27.455945454400386,-26.604661903853653,-27.282070492996866,0,0.05613755802288267,0.5315993165314872,0.18089011517743003,0.12697507520803697,2.4797679256416085,0.5240947726519387,0.8618170768647886,0.6774085891432122,1.063720068476485
022828.19-040044.5,-24.885976027543794,-24.939962810924197,-25.25740072022873,-25.472844904482933,-25.723735364568263,-19.86704144791612,-23.790424095273032,-26.269010778378377,-26.481758342470258,-26.75547903506787,-26.542839496220274,-27.21396813573033,0,0.053986783380402414,0.31743790930453386,0.21544418425420275,0.2508904600853299,3.923382647356913,0.212747564091881,0.2737206925976139,0.6711286395100551,1.0699945917373412
022845.57-043350.4,-25.341447426590538,-25.726051752173216,-26.149880406994864,-26.296078128072125,-26.579002241754,-22.964297773910477,-24.773202584646928,-26.975865698156458,-27.23100236194868,-27.262818343746336,-27.67765306226393,-28.52646246929998,0,0.38460432558267854,0.4238286548216479,0.14619772107726092,0.28292411368187587,1.8089048107364505,0.25513666379222144,0.031815981797656434,0.8488094070360503,1.3815749341918035
023056.43+041600.3,-24.78786040385887,-25.15352812424715,-25.77987942452381,-25.9301114483318,-26.141134566524816,-21.135736145848234,-24.037673393024125,-26.715450337770985,-27.016412794589773,-26.73241966241714,-27.19909895162209,-28.0487561172956,0,0.36566772038828077,0.6263513002766601,0.15023202380799106,0.21102311819301534,2.9019372471758906,0.3009624568187874,-0.28399313217263256,0.8496571656735092,1.2689875032902904
023307.82-015311.5,-24.66205098410003,-24.763429475075117,-25.27489983122474,-25.4044155860063,-25.605572658286437,-20.987588941685527,-22.379416523706787,-25.81271339736078,-26.178225163294847,-26.825615525780016,-26.549486911159416,-27.35182619643222,0,0.10137849097508678,0.5114703561496228,0.1295157547815613,0.2011570722801359,1.3918275820212607,0.3655117659340661,0.6473903624851687,0.8023392852728044,1.1450713251531148
023357.72+033443.9,-24.83711046817843,-24.865839032797425,-25.22996168696032,-25.36095973543642,-25.53569094927491,-20.76135572813117,-22.40678665933521,-25.779368414630607,-26.129886854907767,-26.90422966033396,-26.53151470779194,-27.20781508851361,0,0.028728564618994312,0.3641226541628946,0.1309980484761013,0.17473121383848778,1.6454309312040394,0.3505184402771597,0.774342805426194,0.6763003807216705,1.170554972355518
023507.34-040205.3,-25.923257157584125,-26.0045759026652,-26.41863651289252,-26.606053300093805,-26.823140341219883,-24.74848467648688,-26.041364741894625,-27.36683476356248,-27.67659800002736,-27.552566346720265,-27.83400091157357,-28.76164021268188,0,0.08131874508107373,0.4140606102273203,0.18741678720128618,0.2170870411260779,1.292880065407747,0.3097632364648817,-0.12403165330709598,0.9276393011083108,1.2279476114797632
023647.47+014128.6,-23.723032129398177,-23.72778102831692,-24.401286876938915,-24.526420788061355,-24.786752765377067,-19.96807103069879,-23.53096109320381,-25.064746477931937,-25.76259043320307,-25.82843591089437,-25.732516472491007,-26.47373139540369,0,0.004748898918741418,0.6735058486219963,0.12513391112243966,0.2603319773157118,3.5628900625050193,0.6978439552711322,0.06584547769130111,0.7412149229126825,1.206095684429652
025340.94+001110.0,-24.48243727150876,-24.758999774957477,-25.15728087590889,-25.370920122087348,-25.61987303397343,-21.186233765946515,-23.51571233061621,-26.033775510342927,-26.27104433508228,-26.35711437627609,-26.677247524940515,-27.330464964998747,0,0.2765625034487158,0.39828110095141156,0.21363924617845953,0.24895291188608226,2.329478564669696,0.23726882473935262,0.08607004119381045,0.6532174400582313,1.3063274028531673
031019.95+010111.5,-24.891930951538317,-25.058411561406,-25.33005657029909,-25.485856783788947,-25.72286823724521,-22.69794422994845,-24.758200582424585,-25.949789055008107,-26.065268992700755,-26.20008960718998,-26.779758141554,-27.765963174263952,0,0.16648060986768343,0.2716450088930884,0.15580021348985795,0.23701145345626173,2.0602563524761344,0.11547993769264764,0.13482061448922522,0.9862050327099503,1.2939013577650549
031926.23-072808.8,-25.056883686628144,-25.370447351665465,-25.68828831004751,-25.851306056614284,-26.06169631398472,-23.332173673491123,-24.866871958865595,-26.145095378589424,-26.599813965288355,-26.521510367002804,-27.239752538125845,-28.258889214206253,0,0.31356366503732147,0.31784095838204607,0.16301774656677281,0.2103902573704346,1.5346982853744713,0.45471858669893095,-0.07830359828555089,1.0191366760804073,1.3884464815115614
032524.44-003311.6,-23.552811257308356,-23.78941321579404,-24.166082741516103,-24.206530095292116,-24.432650181396003,-20.89671873470996,-22.960615266510583,-24.793488182807987,-25.839581943438944,-25.20622165861614,-26.154617003665305,-26.91812807300286,0,0.23660195848568222,0.3766695257220647,0.04044735377601327,0.22612008610388656,2.063896531800623,1.0460937606309564,-0.6333602848228033,0.7635110693375537,1.9480869083731882
033329.89-002642.5,-25.209196746311125,-25.443822399498423,-25.7608636095426,-25.98010201210204,-26.292624212277527,-23.070835534292502,-24.723787158224702,-26.39345371861078,-26.63840762034796,-26.62247234707051,-27.23935559129815,-28.13949457435521,0,0.23462565318729744,0.3170412100441773,0.21923840255944071,0.3125222001754864,1.6529516239322,0.2449539017371798,-0.01593527327744937,0.9001389830570616,1.259253579196109
033623.76-064947.9,-24.682160724163456,-24.96418831711512,-25.34628936919128,-25.5386752444475,-25.638060978857094,-19.90989246394272,-23.51718155968472,-25.875241468828776,-26.076905719357296,-26.02615958943776,-26.740766950925885,-27.769325088153504,0,0.282027592951664,0.38210105207615896,0.19238587525622108,0.0993857344095943,3.607289095741997,0.20166425052851977,-0.050746129919534866,1.0285581372276198,1.2020917064783845
033636.11-001351.6,-24.46888652662796,-24.950403003383723,-25.419457932110685,-25.61327856586588,-26.01193363108952,-21.86003899385304,-23.55212401188684,-26.286470940982102,-26.77150637529739,-26.777438938603144,-27.242808678814725,-28.21987405649447,0,0.4815164767557647,0.46905492872696186,0.19382063375519465,0.3986550652236396,1.6920850180338007,0.48503543431528584,0.005932563305755423,0.9770653776797431,1.6295301129488458
034313.77+010336.9,-24.43481817761125,-24.80454056628456,-25.44077756836281,-25.599307712399845,-25.930062520072635,-20.56218714612528,-22.70468698621396,-26.29963541573025,-26.66325324187285,-27.17908955582931,-26.51838263797747,-26.984004124352825,0,0.3697223886733134,0.63623700207825,0.1585301440370337,0.33075480767278975,2.142499840088682,0.3636178261426011,0.5158363139564592,0.4656214863753547,0.9190749255776254
040241.42-064138.0,-25.246536767883143,-25.243063136295515,-25.65578675861783,-25.773947504903816,-26.0847403034806,-23.01505845244981,-23.739346882020147,-26.49676723990425,-26.64654405966589,-27.07865564915996,-26.92462485759791,-27.468492195754603,0,-0.0034736315876280344,0.4127236223223143,0.11816074628598727,0.31079279857678443,0.7242884295703362,0.14977681976163737,0.43211158949407036,0.5438673381566943,1.1506773526940925
071705.94+391922.9,-23.28156653295772,-23.791546083979863,-24.11661410599056,-24.277105876933017,-24.531051795278287,-22.24046796342663,-23.806051954684627,-25.13543029875288,-25.67346202951653,-25.549398558695465,-26.191507417412808,-26.854523034965016,0,0.5099795510221448,0.3250680220106972,0.16049177094245692,0.2539459183452699,1.565583991257995,0.5380317307636489,-0.1240634708210635,0.6630156175522082,1.9144015404797905
072517.52+434553.4,-25.23184008485972,-25.498298635217303,-25.837922190624862,-25.98209764314119,-26.23304636684388,-22.95740022247336,-24.911948345047268,-26.51488976136593,-26.7629771149117,-27.007931149360054,-27.44571006510339,-28.557745577142224,0,0.2664585503575836,0.3396235554075595,0.14417545251632902,0.25094872370268817,1.9545481225739074,0.24808735354577038,0.24495403444835517,1.1120355120388332,1.4636124219621998
072802.48+252251.2,-24.196279444112125,-24.40173028888838,-24.855926311434764,-25.054192958204915,-25.386107729278255,-22.888227693309304,-24.48187036292053,-25.548098716070047,-25.91449544047444,-26.015004871121533,-26.7365609502393,-27.87823975602434,0,0.20545084477625508,0.4541960225463839,0.1982666467701506,0.33191477107333967,1.5936426696112278,0.3663967244043924,0.10050943064709372,1.1416788057850376,1.6823679920343864
072837.92+450008.6,-24.384187508603056,-24.691305570326666,-25.072578782912853,-25.24045924284278,-25.50474838998334,-23.013902146954727,-24.1778263996108,-25.96053605978749,-26.240464129022858,-26.284146400228103,-26.80693361024682,-27.75611483255802,0,0.3071180617236102,0.38127321258618707,0.1678804599299255,0.2642891471405626,1.1639242526560736,0.2799280692353676,0.04368227120524537,0.9491812223112,1.566474367404041
072914.66+382008.6,-24.24819408073982,-24.400596359716843,-24.783469251360263,-24.91247923711728,-25.02233432423122,-21.88405338438912,-23.531794100377287,-25.40752907374649,-25.714448797185025,-25.58695853788353,-25.946432349958098,-26.72852972378117,0,0.1524022789770214,0.3828728916434194,0.12900998575701905,0.10985508711393877,1.6477407159881672,0.30691972343853635,-0.1274902593014957,0.7820973738230705,1.0339531128408161
072939.02+353613.4,-23.070240800155,-23.272767368688733,-23.744903792136917,-23.83344895348103,-24.113993010705844,-21.38163682002436,-22.01608168804617,-24.085077814201128,-24.30585497631089,-24.714914377687784,-25.12179864187664,-25.87020949940421,0,0.20252656853373452,0.47213642344818396,0.08854516134411483,0.28054405722481235,0.6344448680218093,0.22077716210976206,0.40905940137689356,0.7484108575275705,1.2883496883956091
073047.08+263409.6,-22.744840180219423,-23.038801951766573,-23.548847841264408,-23.770879367375805,-24.13660644896772,-22.16526902046091,-22.453424304495496,-24.11073166619252,-24.335172547363506,-24.65109660497919,-24.87148278663858,-25.381385078476608,0,0.2939617715471492,0.5100458894978352,0.22203152611139743,0.36572708159191336,0.288155284034584,0.2244408811709846,0.3159240576156854,0.5099022918380278,1.1006034192627752
073210.34+373406.8,-23.84543461427688,-24.036882948669643,-24.33512713119893,-24.535307780322984,-24.71434443198773,-20.852009790212275,-23.397360867609773,-26.108065909465683,-26.52362337802015,-26.672545165575578,-25.378917702181365,-26.472697074626492,0,0.19144833439276354,0.2982441825292881,0.20018064912405364,0.17903665166474525,2.5453510773974983,0.41555746855446785,0.14892178755542673,1.0937793724451268,0.8436099218583806
073406.75+273355.6,-25.72386950412502,-26.011592277980988,-26.292180234987427,-26.29659113151788,-26.561384539433952,-23.077150382241754,-24.32084856184796,-27.133200643035305,-27.193808436360875,-27.117849211950716,-27.250482248919955,-28.09520544121252,0,0.28772277385596823,0.2805879570064391,0.00441089653045168,0.2647934079160734,1.2436981796062057,0.06060779332556976,-0.07595922441015901,0.844723192292566,0.9538911174020761
073519.38+430918.1,-23.548866365067173,-23.826866614155826,-24.252928978267008,-24.404439342841755,-24.611718016319287,-22.98848610099437,-23.217122582539293,-24.09097324100614,-24.68601536942647,-25.02975547129504,-25.775003216721075,-26.65598770369445,0,0.2780002490886524,0.42606236411118203,0.1515103645747473,0.20727867347753204,0.22863648154492466,0.5950421284203316,0.34374010186856907,0.8809844869733752,1.3705638738793198
073733.01+392037.4,-26.2430613852476,-26.51658148841401,-26.909439590215108,-27.153237426255465,-27.33614701663297,-23.716334975691883,-25.551360277012552,-27.56978902491575,-27.88673376369032,-27.82095020846633,-28.37056894899552,-29.307821909628267,0,0.2735201031664083,0.3928581018010995,0.24379783604035765,0.18290959037750554,1.8350253013206697,0.31694473877456986,-0.06578355522399093,0.9372529606327475,1.2173315227400536
073913.65+461858.5,-24.94767810535528,-25.24895747083341,-25.65222537463485,-25.767507499877897,-26.072159793408773,-22.224991830488783,-24.727400881742103,-26.42406078729274,-26.540054797025466,-26.78154698206912,-27.19225095785005,-28.028058114509605,0,0.3012793654781305,0.4032679038014386,0.11528212524304848,0.3046522935308751,2.50240905125332,0.11599400973272722,0.24149218504365422,0.8358071566595555,1.424743457972152
074142.19+444045.4,-24.6173415510295,-24.75538361800072,-25.06959923444648,-25.23742149949597,-25.50686230507266,-21.12122683478241,-24.20731291429253,-25.47335862739765,-25.927454133799436,-26.06476252924177,-26.46499774643704,-27.28174875827509,0,0.13804206697122012,0.31421561644575746,0.16782226504949094,0.26944080557668926,3.086086079510121,0.4540955064017851,0.1373083954423322,0.8167510118380505,1.2275762469410694
074300.00+485903.7,-24.33795934551115,-24.771394584724156,-25.21149625872842,-25.415579008179947,-25.669283596021863,-23.143127412155103,-24.28512019518286,-25.989620143645563,-26.216865066563283,-26.21467311312832,-26.96351287117228,-27.83968547909135,0,0.43343523921300786,0.44010167400426425,0.20408274945152627,0.2537045878419164,1.1419927830277565,0.2272449229177198,-0.0021919534349628123,0.8761726079190701,1.547933862992334
074338.02+234825.0,-24.3865919018604,-24.578728776175225,-25.055094806569286,-25.27152458906392,-25.46068555654666,-20.80967424770541,-23.461317531508527,-25.87752807026557,-26.28620413449108,-26.380288260331437,-26.71058596890387,-27.279574850850747,0,0.1921368743148264,0.4763660303940611,0.2164297824946324,0.18916096748274214,2.651643283803118,0.40867606422551006,0.0940841258403573,0.5689888819468756,1.439061379839952
074411.00+482253.8,-24.071708653902903,-24.594218362630954,-25.185459219854945,-25.33701579872412,-25.68905916654407,-20.47532517462396,-23.36395884043304,-25.8450578495442,-25.8596010912096,-26.252096972376968,-26.521576544637178,-26.89973880582016,0,0.5225097087280517,0.5912408572239904,0.15155657886917595,0.3520433678199488,2.8886336658090777,0.01454324166540033,0.3924958811673669,0.37816226118298246,1.184560745913057
074415.29+395216.9,-25.360118064757607,-25.640654342651057,-26.048381270060883,-26.17100753595786,-26.404588553861554,-23.953824896937565,-24.698910411421256,-26.83499769456854,-27.25210615995489,-26.738832058642394,-27.39482818599446,-28.198552910594803,0,0.28053627789345015,0.40772692740982563,0.1226262658969759,0.23358101790369545,0.7450855144836908,0.4171084653863524,-0.5132741013124971,0.8037247246003432,1.2238206500366005
074512.37+322524.5,-24.67109889089213,-24.81049302122596,-25.0887642912846,-25.28341251018081,-25.572228775777184,-21.98632607967982,-24.668727839588268,-25.70553236527599,-25.928928990523534,-25.94835069482791,-26.65765078438148,-27.557452755530655,0,0.1393941303338302,0.2782712700586423,0.19464821889620865,0.28881626559637397,2.6824017599084478,0.22339662524754544,0.019421704304374288,0.8998019711491736,1.3742382742006711
074727.75+212541.6,-25.093941764577107,-25.23464098525739,-25.53935717090565,-25.620206404849096,-25.79598454734778,-21.130446061240068,-23.182771610559644,-25.77290513878437,-26.59461492503108,-26.572070473290307,-26.65298459263349,-27.687604393178443,0,0.14069922068028262,0.3047161856482603,0.08084923394344656,0.1757781424986824,2.0523255493195762,0.8217097862467106,-0.022544451740774463,1.0346198005449523,1.0327781877843947
074838.00+285059.4,-21.580809951020044,-22.225828004472657,-22.474231788488897,-22.82751462774793,-22.88904009045211,-20.942557518792835,-21.186955504223327,-22.827491043213733,-23.2204840656916,-23.067026118873105,-23.307423987038085,-23.895954147625996,0,0.6450180534526133,0.24840378401624008,0.3532828392590339,0.06152546270417858,0.24439798543049207,0.39299302247786727,-0.15345794681849512,0.5885301605879114,0.4799093592901542
074851.72+440303.5,-24.53068087457229,-24.957971257787516,-25.40084626899032,-25.50037848792936,-25.737103676789324,-22.64361589291317,-24.213530685132547,-26.232824957049303,-26.6228531862218,-26.09863636242392,-26.772466466419115,-27.717452386852727,0,0.42729038321522594,0.4428750112028048,0.0995322189390393,0.23672518885996396,1.5699147922193752,0.390028229172497,-0.5242168237978788,0.9449859204336128,1.272087978489754
074851.79+235618.6,-23.522479687229687,-23.94299737338492,-24.30352646315577,-24.44021620775399,-24.662483007842727,-22.045426534182145,-22.981169194725016,-24.818391223326454,-25.231437761212923,-25.31439754968253,-26.18209887295367,-27.04069023905503,0,0.42051768615523244,0.36052908977084996,0.1366897445982218,0.222266800088736,0.9357426605428714,0.41304653788646917,0.08295978846960494,0.8585913661013613,1.7418826651996788
074910.94+474944.3,-24.150487999569112,-24.63102834555632,-25.13352643977388,-25.30119386925415,-25.56798198216712,-21.055998131212625,-23.318005341260665,-25.96480251062666,-26.42658185176646,-26.60535500567704,-26.765432715817788,-27.725361411788374,0,0.4805403459872082,0.502498094217561,0.16766742948026803,0.26678811291296967,2.26200721004804,0.461779341139799,0.1787731539105799,0.9599286959705857,1.4642388465636387
075022.86+432603.4,-23.64495906982347,-24.41487930840592,-25.1410020280506,-25.22728860580224,-25.446910485539675,-18.212253229074136,-21.52678834838539,-25.88114797276683,-26.17193097965662,-26.46946725519665,-26.402939009714547,-27.1537777440404,0,0.7699202385824471,0.7261227196446818,0.08628657775163973,0.21962187973743497,3.3145351193112553,0.2907830068897894,0.2975362755400326,0.7508387343258534,1.1756504039123072
075054.64+425219.2,-26.743472347374947,-26.88992330006413,-27.22406349426442,-27.40614989512085,-27.670677900087792,-24.415953221901667,-25.834135001864126,-28.187229290006403,-28.61589803805601,-28.645871332558723,-28.850477317501245,-29.70879866664247,0,0.1464509526891824,0.33414019420029106,0.18208640085643069,0.26452800496694096,1.4181817799624596,0.4286687480496063,0.0299732945027138,0.8583213491412245,1.4443274223803932
075228.55+375053.6,-24.303397892440124,-24.515644826514663,-24.97955345974566,-25.145817260375907,-25.435588832318597,-22.478660229996954,-24.048446078042996,-25.789245222107365,-26.213796122234413,-26.508983977451592,-26.3157969711445,-26.87205326368418,0,0.21224693407453898,0.4639086332309965,0.16626380063024726,0.28977157194269054,1.5697858480460418,0.42455090012704844,0.29518785521717916,0.556256292539679,1.1699797107685939
075341.07+292309.9,-25.376153624315567,-25.50023219327196,-25.99430963759952,-26.17391820447895,-26.480614188013966,-23.51352840224659,-24.223392084849227,-26.958452949209107,-27.32417737825253,-27.535172600652547,-27.46782091448004,-28.20025102014567,0,0.12407856895639213,0.4940774443275622,0.1796085668794305,0.3066959835350147,0.7098636826026379,0.3657244290434214,0.2109952224000189,0.7324301056656317,1.2939027100010883
075547.83+220450.1,-25.4204746888163,-25.470659261356108,-25.90278342512448,-26.06675467983193,-26.34311527128077,-23.0723437671882,-23.18622906615584,-26.95456404969635,-27.317102942208543,-27.6438411844665,-27.510215709066333,-28.185501270372825,0,0.050184572539809125,0.43212416376837126,0.16397125470745166,0.27636059144883873,0.113885298967638,0.36253889251219107,0.32673824225795656,0.6752855613064916,1.4434610292344026
075634.64+362215.3,-24.55434096928662,-24.75976447767824,-25.046863203522715,-25.17069430863513,-25.32036376762772,-22.69173584175433,-24.332242236847268,-25.15601722978337,-25.297363417516436,-25.27395016126154,-26.323060869289,-27.100136294766656,0,0.20542350839161827,0.2870987258444764,0.12383110511241568,0.14966945899258732,1.6405063950929382,0.14134618773306684,-0.023413256254897874,0.7770754254776548,1.1523665606538707
075707.46+522739.2,-25.710722327499504,-26.040993846320784,-26.35222863031036,-26.453062775459337,-26.67794211904602,-23.981196119089024,-24.79545401466248,-26.842881123427205,-27.087230687840783,-26.985865706345304,-27.280539993460188,-28.174359993199005,0,0.3302715188212808,0.31123478398957616,0.10083414514897626,0.22487934358668227,0.814257895573455,0.2443495644135787,-0.1013649814954789,0.8938199997388168,0.8274772180008512
075746.05+150419.3,-23.44409743317792,-23.6802875863614,-23.979624339956786,-24.059730409837584,-24.310087251783028,-22.18700518408838,-22.704520725222416,-24.353559484570425,-24.62614816016735,-24.62761777671449,-25.349953415380305,-26.086203215709947,0,0.2361901531834789,0.29933675359538725,0.08010606988079871,0.25035684194544316,0.5175155411340349,0.2725886755969249,0.0014696165471406175,0.7362498003296416,1.290223005542721
075837.62+135733.7,-25.08585588392137,-25.258365766977374,-25.600502118292656,-25.94871588025625,-26.249279122330503,-18.3896028518131,-23.742299225062883,-26.64463475395431,-27.22807078378461,-27.839091737665395,-27.62026075866817,-28.21440055805816,0,0.172509883056005,0.34213635131528264,0.3482137619635921,0.30056324207425433,5.352696373249785,0.583436029830299,0.6110209538807858,0.5941397993899891,1.6715448784119218
075851.52+220457.7,-24.725347005887816,-25.07196344850855,-25.40362071944629,-25.576234517327705,-25.72036703475785,-21.59855207816243,-23.721760485732133,-25.741903099075063,-26.0151372237427,-26.012789984093512,-26.36193048605948,-27.12675588604584,0,0.34661644262073565,0.33165727093773967,0.1726137978814144,0.144132517430144,2.1232084075697024,0.27323412466763486,-0.0023472396491861502,0.764825399986357,0.7856959687317762
075917.80+353251.9,-24.370286147819936,-24.71695784962837,-25.180804397521943,-25.307239352074863,-25.495979651703923,-18.478331382446004,-20.413147891657577,-25.957207139226316,-26.703880547414823,-26.66417461156985,-26.707404910373363,-27.73036962895897,0,0.34667170180843243,0.46384654789357427,0.12643495455291998,0.18874029962906036,1.934816509211572,0.7466734081885065,-0.03970593584497095,1.0229647185856088,1.4001655582985002
080040.78+391700.4,-24.75248538845959,-25.266823002676205,-25.614293751788075,-25.670709732671654,-25.88013823300107,-22.92528416274269,-24.570988107079582,-26.19005706254768,-26.489056358725357,-26.533540838873357,-27.03810867381672,-27.900428023858165,0,0.5143376142166147,0.3474707491118707,0.05641598088357824,0.20942850032941607,1.6457039443368906,0.2989992961776764,0.044484480148000216,0.8623193500414459,1.3673989411450655
080103.39+495457.4,-22.01225757635205,-22.34203980718545,-22.715954333639395,-22.770948495407428,-23.129425679404573,-21.849467661555245,-21.794402669932957,-23.188195648247117,-23.565372953116693,-24.117715437642865,-24.02111909818515,-24.815943119704293,0,0.32978223083340197,0.3739145264539445,0.05499416176803251,0.35847718399714523,-0.05506499162228806,0.37717730486957635,0.5523424845261715,0.794824021519144,1.2501706027777217
080138.12+310226.4,-24.21698846430828,-24.395924677635136,-24.789823793699608,-25.098478164335347,-25.313906007443908,-21.52840121024766,-22.982836856970767,-25.38021839617147,-26.451200669761484,-25.904722312024635,-26.773871420912663,-27.62586085242596,0,0.17893621332685683,0.39389911606447114,0.30865437063573964,0.21542784310856078,1.4544356467231054,1.0709822735900154,-0.5464783577368486,0.8519894315132959,1.6753932565773155
080208.93+360417.7,-24.34788540011181,-24.49616383951529,-24.866632093567112,-25.056770117959,-25.294211723638263,-22.11298051997513,-24.31467754231195,-25.720377224234436,-25.929159995420832,-25.80460066361224,-26.266650567467305,-27.17875518336655,0,0.14827843940348018,0.37046825405182204,0.19013802439188865,0.23744160567926187,2.2016970223368197,0.20878277118639588,-0.12455933180859091,0.9121046158992456,1.2098804495083044
080223.14+134709.1,-24.282661472279784,-24.602766019688,-25.0547171404053,-25.247270866888183,-25.52885621360615,-22.3883657229097,-23.96326539749604,-25.79413082700645,-26.56306836461203,-26.781951445323852,-26.618661318236285,-27.492069554442267,0,0.32010454740821714,0.45195112071730037,0.19255372648288116,0.28158534671796787,1.5748996745863408,0.7689375376055771,0.21888308071182294,0.8734082362059823,1.371390451348102
080226.44+513403.0,-25.478117220694774,-25.63818313991992,-25.97588494007549,-26.088760441554896,-26.352574235477253,-22.73457976292999,-25.18851794550706,-26.65243784966721,-26.962849726817826,-26.81273056850134,-27.38233068649169,-28.24416731070256,0,0.160065919225147,0.3377018001555676,0.11287550147940806,0.26381379392235615,2.453938182577069,0.31041187715061724,-0.15011915831648537,0.8618366242108699,1.2935702449367952
080235.89+475134.0,-22.58725945492163,-22.803559031517576,-23.16967102842487,-23.27917428246189,-23.5938793108794,-22.22275771362768,-22.34882145714718,-24.05494795287548,-24.51813251425387,-24.60344703656912,-25.3326272259919,-26.213531886566425,0,0.21629957659594723,0.3661119969072928,0.10950325403702266,0.31470502841751014,0.12606374351950222,0.4631845613783909,0.08531452231524739,0.8809046605745259,2.053452943530008
080342.03+302254.7,-26.473458350583844,-26.64401600967196,-26.967015790640826,-27.18010019405668,-27.42586840244876,-23.05204463751538,-24.78542330913555,-27.854051465221257,-28.353312738227903,-28.4977392511912,-28.346427007531325,-28.739249442189,0,0.17055765908811793,0.32299978096886406,0.21308440341585566,0.2457682083920787,1.7333786716201693,0.49926127300664547,0.144426512963296,0.3928224346576741,1.1663268134746438
080359.23+433258.3,-23.274406006463927,-23.530049548203746,-23.74843902679901,-23.889401913218546,-24.201085845981773,-23.42030687739301,-23.394106445373463,-24.3279438343527,-24.910677568617203,-24.732899793174877,-24.939882525318847,-25.641283666556188,0,0.2556435417398184,0.21838947859526314,0.14096288641953691,0.31168393276322703,-0.026200432019546582,0.5827337342645045,-0.1777777754423262,0.7014011412373407,1.0504806121003014
080429.61+113014.0,-25.02184994738296,-25.03806679938418,-25.309405426227936,-25.577211085197828,-25.87061865786209,-19.786568436528235,-20.728216894378303,-26.366534502539785,-26.792739513065285,-27.19410886170526,-26.97270567964636,-27.68267337547019,0,0.01621685200121803,0.2713386268437574,0.26780565896989117,0.2934075726642611,0.9416484578500679,0.42620501052549997,0.40136934863997453,0.7099676958238312,1.3954945944485324
080533.41+461838.4,-24.649900846677845,-24.70513386374405,-25.04006768353957,-25.202434201661838,-25.50815440473569,-22.13919181085988,-24.03111545169407,-25.82995139176551,-26.34349009897612,-26.11061505235574,-26.387215978387847,-27.26888013705391,0,0.05523301706620387,0.33493381979551984,0.1623665181222691,0.3057202030738537,1.8919236408341895,0.5135387072106106,-0.2328750466203786,0.8816641586660623,1.184781776726009
080609.87+221537.7,-24.99542774080221,-25.18637347716368,-25.589208292730248,-25.734715514363515,-26.030549682517787,-17.015574093033003,-20.010664458537804,-26.39096695766459,-26.87576328371314,-27.42571887081546,-27.091607910134574,-27.59214949290876,0,0.1909457363614706,0.40283481556656753,0.14550722163326668,0.295834168154272,2.995090365504801,0.4847963260485493,0.5499555871023176,0.5005415827741864,1.3568923957710588
080636.81+345048.4,-24.09787396256899,-24.66896684415613,-25.08872248402088,-25.21140638472317,-25.55755012793228,-22.19634520528604,-23.580850364875563,-26.1483752858033,-26.318557595828903,-25.391821554569425,-26.84565634938949,-27.84195309603804,0,0.5710928815871412,0.41975563986474995,0.12268390070228818,0.3461437432091117,1.3845051595895228,0.17018231002560213,-0.9267360412594776,0.9962967466485502,1.6342499646663207
080713.08+234518.8,-24.89112353047798,-24.991425745447152,-25.356531577808376,-25.56639880500721,-25.819902118304075,-21.20702483461069,-24.577915102730568,-26.145747361159447,-26.240293975502183,-25.97915158424961,-26.70808582990152,-27.555865387731394,0,0.10030221496917235,0.3651058323612233,0.20986722719883488,0.25350331329686426,3.3708902681198794,0.09454661434273604,-0.261142391252573,0.8477795578298739,1.1416870248943098
080901.35+275342.2,-24.28412382812622,-25.12109443818109,-25.49329778705801,-25.66017698872874,-25.899314947914952,-21.679551398225232,-23.45867427262892,-26.315853794018416,-26.505905204040925,-26.384826230302963,-27.22007925586648,-28.316520365731417,0,0.8369706100548697,0.37220334887692275,0.1668792016707279,0.2391379591862126,1.7791228744036864,0.1900514100225088,-0.12107897373796206,1.0964411098649371,1.5599022671377405
080906.22+291235.4,-25.312254826565933,-25.55013149339385,-25.785581218545364,-25.889863038829187,-26.093845470344792,-23.29265557643321,-24.63951609349597,-26.227382581714505,-26.492347904715025,-26.311981415168358,-26.766520525775505,-27.6569909964656,0,0.23787666682791553,0.23544972515151485,0.10428182028382338,0.20398243151560536,1.3468605170627619,0.26496532300052067,-0.18036648954666745,0.8904704706900937,0.8766574869463177
080929.62+181604.5,-25.3039681989082,-25.77918778881233,-26.38424661218228,-26.559373107513156,-26.866541708196184,-21.52235273300581,-24.43071378128264,-27.186583107417512,-27.56277325673211,-27.448826840282194,-27.67175877455213,-28.369688739282942,0,0.47521958990412827,0.6050588233699514,0.17512649533087554,0.30716860068302765,2.9083610482768307,0.37619014931459915,-0.11394641644991665,0.697929964730811,1.112385667038975
081002.69+502538.6,-25.48047593369364,-25.58004087446844,-26.01208441128987,-26.162062488875254,-26.337031249764078,-22.766797618182437,-24.678668951289648,-26.484959857417564,-26.779197939411794,-27.00071049187476,-27.208732642650897,-28.04508722175226,0,0.09956494077480116,0.4320435368214284,0.14997807758538428,0.17496876088882374,1.9118713331072108,0.29423808199423007,0.22151255246296486,0.8363545791013642,1.0466701537756435
081006.90+145333.2,-23.43957838368916,-23.72261046682261,-24.166363663048973,-24.32258189880224,-24.54672202733781,-20.90177558579316,-22.813134672095373,-25.11100515674123,-25.81669189191629,-24.18401308751558,-26.34611426758316,-27.246276529469327,0,0.28303208313344896,0.4437531962263641,0.15621823575326843,0.22414012853556997,1.9113590863022125,0.7056867351750604,-1.6326788044007081,0.900162261886166,2.02353236878092
081022.10+114732.6,-23.491781354703654,-23.62751134571609,-24.010546581584304,-24.16263109879858,-24.43438587626873,-22.452486729005127,-22.81934711604657,-24.568820301918688,-24.83097565626912,-24.844009227335576,-25.24536821976872,-26.0456903298387,0,0.1357299910124361,0.3830352358682134,0.15208451721427707,0.2717547774701501,0.3668603870414415,0.26215535435043336,0.013033571066454641,0.8003221100699776,1.0827371209701404
081115.83+265950.3,-24.0193439702051,-24.456652235271168,-24.80169629394509,-24.905936010220096,-25.09069419763958,-20.924420763849376,-23.459616744273596,-25.592734089816595,-25.89549751934906,-26.063331836872063,-26.369673803542568,-27.347939472489404,0,0.43730826506606846,0.3450440586739205,0.10423971627500705,0.18475818741948302,2.53519598042422,0.30276342953246527,0.1678343175230026,0.9782656689468361,1.4637377933224727
081121.48+182754.9,-24.151934575064548,-24.414706240367288,-24.78858629989408,-25.01716124290673,-25.38567749168042,-22.90098107974421,-23.947788671444656,-25.679014641869166,-25.918343264451387,-25.410184458629367,-26.32164514343436,-27.343210863267988,0,0.2627716653027399,0.37388005952679393,0.22857494301264936,0.3685162487736875,1.0468075917004462,0.23932862258222087,-0.5081588058220206,1.021565719833628,1.3044839005276287
081130.79+390411.0,-24.162589383213195,-24.48089965944654,-24.99633113248946,-25.210484633272383,-25.462174369715417,-20.593881843651605,-22.975128291655565,-25.314055013624635,-26.178812562777225,-26.0599813886144,-26.263752211781785,-26.928951130634324,0,0.31831027623334407,0.5154314730429199,0.21415350078292406,0.2516897364430335,2.38124644800396,0.8647575491525892,-0.11883117416282474,0.6651989188525391,1.0532675785094021
081148.31+375645.2,-24.59132439606824,-25.026632760571943,-25.56295019258972,-25.72401179500612,-25.98888770036473,-22.782981485713357,-23.657045901200263,-26.410630071750617,-26.6359127638596,-26.69779649159652,-27.046846957269725,-27.906482610137918,0,0.43530836450370103,0.5363174320177784,0.16106160241639955,0.26487590535861116,0.8740644154869059,0.22528269210898344,0.061883727736919525,0.8596356528681923,1.3228351622636048
081219.23+370258.9,-24.994263944950166,-25.479277897877253,-25.85339919687149,-25.9355951446424,-26.174752814091818,-17.62174467750301,-21.30603284474065,-26.409786053442968,-26.74794546126365,-26.370895047512047,-26.93657931800664,-27.822620641192785,0,0.48501395292708693,0.3741212989942362,0.08219594777090933,0.23915766944941907,3.6842881672376393,0.3381594078206831,-0.3770504137516042,0.886041323186145,1.000984173364241
081227.19+075732.9,-24.942386798150203,-25.14649809945521,-25.51629377985404,-25.584044827015955,-25.76729324348543,-23.20295823990172,-24.10497465688381,-25.940554456453093,-26.221170468464173,-25.948720874496917,-26.91724741608818,-27.891283691510974,0,0.20411130130500865,0.36979568039882693,0.06775104716191649,0.18324841646947476,0.902016416982093,0.28061601201108033,-0.27244959396725577,0.9740362754227938,1.3332025890722257
081329.29+483427.8,-21.784009593031804,-22.00248057257784,-22.330628047279067,-22.53474598709657,-22.75394834084996,-21.23454049067269,-21.17017579785565,-22.94971983067047,-23.211414610089022,-23.509750820290577,-23.84014912005904,-24.308399368962164,0,0.21847097954603711,0.3281474747012254,0.20411793981750392,0.21920235375338848,-0.06436469281704049,0.26169477941855135,0.29833621020155476,0.46825024890312505,1.3054031329624678
081433.78+482924.4,-25.3687932636854,-25.39523016964085,-25.72657961287361,-25.978543974266195,-26.214993817038668,-19.878400794465083,-23.502909823182364,-26.67460264418001,-27.30239286359487,-27.616495660519934,-27.39017922298937,-27.882585310059568,0,0.026436905955449674,0.33134944323276017,0.2519643613925844,0.2364498427724726,3.6245090287172808,0.6277902194148623,0.31410279692506293,0.4924060870701972,1.4116352487231758
081607.70+285830.8,-24.2082940551857,-24.288132157106254,-24.64146099157172,-24.813332436833228,-24.909261923918677,-22.230239569939464,-23.874108326294493,-24.828699270725625,-25.108118566066093,-25.3488583466369,-25.972996269691837,-26.807927455267016,0,0.0798381019205543,0.35332883446546504,0.17187144526150888,0.09592948708544924,1.6438687563550296,0.2794192953404675,0.2407397805708058,0.8349311855751793,1.1596638328586089
081710.06+080940.0,-24.253898171825465,-24.50710047314842,-24.843678898935263,-25.010904268291185,-25.158951049803623,-21.92221077812305,-23.960032291711123,-25.46242926741304,-25.826156932614392,-25.95913984033863,-26.4015169328548,-27.329205790697888,0,0.25320230132295407,0.3365784257868434,0.16722536935592203,0.14804678151243778,2.0378215135880744,0.3637276652013526,0.13298290772423726,0.9276888578430871,1.3906126645636157
081832.86+123219.9,-24.78620194438566,-25.001905083309143,-25.26756503270972,-25.46241339097718,-25.68105249212168,-22.20742628543984,-24.018318126857785,-26.159039030711103,-26.557111649577248,-26.62523436944264,-26.90121905916848,-28.04129147329108,0,0.2157031389234838,0.26565994940057536,0.1948483582674605,0.21863910114450036,1.810891841417945,0.398072618866145,0.06812271986539287,1.1400724141225993,1.4388056681913
081842.30+222327.2,-23.836684358089663,-23.945535751164496,-24.313303928949654,-24.44745645212704,-24.6570803437265,-22.49190952417792,-23.83179327111156,-25.057493080655338,-25.41344326531426,-25.515508599983228,-26.22915783418501,-27.147737099456588,0,0.10885139307483271,0.3677681777851589,0.13415252317738435,0.2096238915994597,1.3398837469336407,0.3559501846589228,0.10206533466896772,0.9185792652715783,1.781701382057971
081930.35+480825.8,-24.35230184417156,-24.954724176156034,-25.531319766538378,-25.61282066725959,-25.80257643071497,-18.702582851909597,-18.65031144569283,-25.942789533522777,-26.46878668600061,-26.87599203088964,-26.260297111058435,-27.02529259725328,0,0.6024223319844744,0.5765955903823432,0.0815009007212133,0.1897557634553806,-0.05227140621676796,0.5259971524778315,0.40720534488903226,0.7649954861948451,0.6474764437988441
081933.14+303219.0,-23.834845351739705,-24.25556584172581,-24.521208563230022,-24.61120557707106,-24.908955588489995,-20.78534200421986,-23.11899850544883,-25.136626845859684,-25.533808593171752,-25.504147297158188,-25.485685629223997,-26.13194933229125,0,0.4207204899861061,0.26564272150421075,0.08999701384103886,0.297750011418934,2.333656501228969,0.397181747312068,-0.02966129601356471,0.6462637030672518,0.8744800521529363
081946.32+414247.2,-24.870973142495533,-25.027041108475785,-25.405637697164632,-25.622799164772974,-25.923627169000483,-23.568860661300736,-24.10670403160229,-26.579211751852963,-27.13311562970756,-26.88274094916913,-26.960183792627184,-27.56841493544465,0,0.1560679659802524,0.37859658868884694,0.2171614676083422,0.3008280042275082,0.5378433703015553,0.5539038778545979,-0.2503746805384317,0.6082311428174663,1.3373846278542096
082001.18+124623.4,-24.61631337696814,-24.817570267235343,-25.08112696048489,-25.25898386446252,-25.506753852084124,-21.52269941704092,-23.69614656109275,-25.240270794319382,-25.99666300852088,-26.287041815987312,-26.62629293805458,-27.490886694966413,0,0.20125689026720295,0.2635566932495479,0.17785690397763076,0.24776998762160218,2.1734471440518313,0.7563922142014974,0.29037880746643197,0.8645937569118338,1.3673090735920574
082038.69+522706.3,-24.88896291532918,-24.926942765541583,-25.318735811360707,-25.403456508433063,-25.65364075263604,-22.8224790065591,-23.634954289759342,-26.157881889482265,-26.984958803720897,-26.880857500654606,-26.6034628828754,-27.33521416932637,0,0.0379798502124018,0.39179304581912433,0.08472069707235619,0.2501842442029769,0.8124752832002429,0.8270769142386314,-0.10410130306629028,0.7317512864509688,1.2000063744423386
082146.22+571226.0,-25.38702048593517,-25.628671687346117,-25.992465032570653,-26.17472363097964,-26.44068379365232,-23.79630143460899,-24.799315954780067,-26.660288076682907,-27.166618818203844,-26.940401781066267,-27.316263880119998,-28.28663117016537,0,0.24165120141094576,0.3637933452245363,0.1822585984089855,0.2659601626726804,1.003014520171078,0.5063307415209373,-0.22621703713757668,0.9703672900453739,1.141540249140359
082153.82+503120.4,-24.954199834218223,-25.186012364730644,-25.58448813188197,-25.751018448536826,-25.940979550389414,-21.57652516427476,-23.344625247781742,-26.255055922043987,-26.592965337422367,-26.8881629824335,-26.753195037482048,-27.523454736029795,0,0.23181253051242123,0.39847576715132504,0.16653031665485685,0.18996110185258885,1.7681000835069831,0.3379094153783804,0.29519764501113244,0.770259698547747,1.0021765889452219
082154.28+520358.3,-24.86760177906299,-24.8690587601194,-25.34476568673064,-25.50130134085717,-25.6987477647827,-15.944322987535124,-17.6466855928945,-25.978277316913463,-26.356119690848363,-26.67430868083028,-26.608766154435745,-27.57666625555996,0,0.0014569810564104557,0.47570692661123815,0.15653565412653236,0.19744642392552691,1.702362605359376,0.37784237393490017,0.31818898998191614,0.967900101124215,1.1074648135785736
082200.22+162652.8,-25.32229726645316,-25.246510173802115,-25.58270140600145,-25.674463555373933,-25.89552494994296,-23.588177553372397,-24.039226953464865,-26.165990684704045,-26.77239022688672,-26.79550983865582,-26.95363083339449,-27.61326259034684,0,-0.07578709265104422,0.33619123219933655,0.09176214937248162,0.22106139456902696,0.45104940009246874,0.6063995421826753,0.0231196117691006,0.6596317569523471,1.2791672780205587
082214.45+253832.4,-24.120473017132987,-24.469093802587928,-24.830396530209025,-25.01565927598533,-25.377364615809498,-21.94450403816634,-23.31844594467598,-25.90972949843999,-26.30063278056887,-26.384314166769705,-26.612525442443975,-27.36736147126152,0,0.3486207854549406,0.36130272762109783,0.18526274577630275,0.3617053398241694,1.3739419065096392,0.39090328212887826,0.08368138620083698,0.7548360288175466,1.5968661664586463
082223.86+562320.5,-24.62964381566925,-24.85759815487529,-25.4298177082263,-25.667153271879023,-26.02905047689618,-23.13828486563823,-24.3016150189237,-26.34397959077909,-26.968812308966296,-27.00178693659933,-26.89139693365713,-27.60310658697929,0,0.2279543392060397,0.5722195533510082,0.23733556365272435,0.36189720501715783,1.1633301532854716,0.6248327181872071,0.032974627633034714,0.7117096533221599,1.2242436617781074
082334.60+213917.5,-24.538634885604363,-24.753296967067516,-25.0671673989697,-25.140913178569257,-25.41726246636604,-23.27054964923625,-24.27723886411974,-25.889685037785934,-26.42530554636104,-26.41985342904924,-26.41647408584156,-27.426221003937165,0,0.21466208146315324,0.3138704319021848,0.0737457795995553,0.27634928779678347,1.0066892148834903,0.5356205085751071,-0.0054521173118011745,1.0097469180956047,1.275560907272304
082339.26+242158.8,-24.876764545854023,-25.05755546755415,-25.352600510780995,-25.51774029668016,-25.759930289965844,-22.8644710682662,-24.58599489553597,-26.00334740277914,-26.536270312151714,-26.35132931585905,-26.591744119100216,-27.508062031959827,0,0.180790921700126,0.2950450432268461,0.16513978589916434,0.24218999328568458,1.7215238272697668,0.5329229093725729,-0.18494099629266358,0.9163179128596113,1.0740038224200568
082341.07+241805.4,-24.65744400958476,-25.403436028718165,-25.997453244785948,-26.180021382096825,-26.44135934589533,-19.29922773142497,-23.25071378587488,-26.66497203151691,-26.95754844127841,-27.03377972375941,-27.636249784284143,-28.484023425739824,0,0.7459920191334035,0.5940172160677832,0.18256813731087718,0.2613379637985034,3.9514860544499086,0.292576409761498,0.0762312824810003,0.8477736414556816,1.4562284021873175
082411.75+324535.7,-25.07009967949912,-25.331531484598283,-25.54944701521784,-25.62135189758912,-25.806482485411397,-23.108962713138155,-24.916442481994903,-25.828935841076483,-26.043965099740078,-25.870251779229783,-25.751637269142424,-26.706998587320847,0,0.2614318050991642,0.21791553061955682,0.07190488237127823,0.18513058782227887,1.8074797688567479,0.2150292586635949,-0.17371332051029498,0.9553613181784222,0.1302853715533061
082431.53+312020.1,-23.749545685160182,-23.823509466905165,-24.14665110166797,-24.40409245389552,-24.46818981525109,-21.51641447380863,-22.735164690635436,-24.818392525764647,-25.10595199068272,-24.979222463857525,-25.76352954010397,-26.64788641920915,0,0.07396378174498253,0.32314163476280555,0.2574413522275485,0.06409736135557154,1.2187502168268054,0.28755946491807194,-0.12672952682519423,0.8843568791051801,1.3594370862084517
082438.99+405707.7,-24.13175481211137,-24.43604380504552,-24.866835563080325,-24.984887426710653,-25.20561827911595,-23.82434041236595,-24.19087177296729,-25.155758997507093,-25.335304407171293,-25.625064575718792,-26.077750395415546,-26.8494574871091,0,0.30428899293415057,0.43079175803480396,0.1180518636303276,0.22073085240529622,0.3665313606013427,0.1795454096642004,0.28976016854749886,0.7717070916935533,1.0928629687048925
082456.93+215539.4,-23.102810705160103,-23.31430661928346,-23.7143954763063,-23.84456003404878,-23.981922036872035,-22.78078614993934,-22.998831558769872,-24.001608328108844,-24.439926275747823,-24.72222195507538,-25.11453780089504,-25.792925954760022,0,0.21149591412335766,0.40008885702284047,0.1301645577424786,0.13736200282325584,0.21804540883053392,0.43831794763897847,0.2822956793275573,0.678388153864983,1.2699777668462602
082508.75+115536.3,-25.2832221360875,-25.81790786214864,-26.22107900420453,-26.23001443828413,-26.30139383654877,-17.837799399098976,-20.877894885794547,-26.72033884118304,-26.961427159671267,-27.093907966387093,-26.872010918839106,-27.944671184585804,0,0.5346857260611415,0.4031711420558892,0.008935434079599958,0.07137939826463935,3.04009548669557,0.24108831848822732,0.13248080671582585,1.0726602657466984,0.641996480554976
082524.71+424416.8,-24.676201249069315,-24.88033692309928,-25.247562271322924,-25.43221814672882,-25.6860069384504,-22.59434453619004,-24.87562397027243,-25.736854383528065,-26.210743757732512,-26.329879990231777,-26.985020720726386,-27.83220210157593,0,0.20413567402996335,0.36722534822364494,0.18465587540589823,0.2537887917215791,2.281279434082389,0.47388937420444677,0.1191362324992653,0.8471813808495448,1.552802573997564
082524.79+091747.6,-25.00805955410656,-25.17516577918336,-25.502395610609007,-25.58653465343172,-25.79842008855426,-22.093871239896544,-24.77215028489361,-26.27776649525472,-26.648893268544555,-25.68046498820833,-26.76352668499091,-27.710710722551493,0,0.16710622507680029,0.32722983142564743,0.0841390428227129,0.21188543512253943,2.6782790449970655,0.37112677328983423,-0.9684282803362265,0.9471840375605822,1.176992031559191
082632.51+131046.5,-25.49017591496772,-25.592621533211087,-25.92845456504953,-26.03730990432761,-26.295406890130756,-23.540781446568232,-25.538759045679843,-26.544929280552317,-26.852883927574727,-26.941087434553477,-27.348935742609942,-28.31204021442171,0,0.10244561824336884,0.33583303183844393,0.10885533927807955,0.2580969858031459,1.9979775991116107,0.3079546470224095,0.08820350697875057,0.9631044718117678,1.3116258382823318
082643.45+143427.6,-24.76566280761696,-24.943011399067288,-25.343049260714423,-25.55062705586973,-25.882004299108747,-16.102655523013457,-22.107550546262228,-26.14401997487465,-26.81220095977496,-26.749505337847644,-26.953181065084884,-27.365106232444656,0,0.177348591450329,0.4000378616471352,0.20757779515530572,0.33137724323901807,6.004895023248771,0.6681809849003102,-0.0626956219273147,0.41192516735977236,1.4025540092151552
082715.18+562937.9,-24.796281424823405,-25.040476529604344,-25.48960908439893,-25.64486967552496,-25.978472383551637,-21.710039216968816,-23.97088357175032,-26.467542718793062,-26.85225836755004,-26.978334312937086,-26.991286486781227,-27.654724335659584,0,0.24419510478093898,0.44913255479458414,0.15526059112603008,0.33360270802667813,2.2608443547815043,0.38471564875697695,0.12607594538704703,0.6634378488783561,1.3464168112562689
082751.78+132107.2,-25.013246615865363,-25.37034430616705,-25.638088431418936,-25.693840623734708,-25.897308436770924,-23.48465688975076,-24.040922340954,-26.22084850048106,-26.586985860479317,-26.035072949385164,-26.73213795472002,-27.70129270254069,0,0.3570976903016856,0.2677441252518875,0.05575219231577222,0.20346781303621597,0.5562654512032417,0.36613735999825536,-0.5519129110941527,0.9691547478206708,1.038297330985312
082857.22+125140.0,-25.15276179706447,-25.27946101150877,-25.77786233657501,-26.10079102806977,-26.3750953942674,-17.171903299028024,-19.743578973060163,-27.08016849444682,-27.563186471047977,-27.77349489473344,-27.5265568148602,-28.19504094409751,0,0.12669921444429733,0.49840132506624,0.3229286914947629,0.27430436619762943,2.5716756740321394,0.48301797660115753,0.21030842368546132,0.66848412923731,1.4257657867904285
083010.50+321352.7,-23.09176073859728,-23.29020601622581,-23.72564324951265,-23.846330763465016,-24.000508351084505,-23.095489215828383,-23.08267518980638,-24.057979430250334,-24.756896395392417,-24.77580500486888,-25.67605331465157,-26.571886114570358,0,0.19844527762852948,0.4354372332868408,0.12068751395236532,0.15417758761948974,-0.012814026022002878,0.6989169651420823,0.01890860947646189,0.8958327999187894,1.8297225511865527
083038.54+314031.7,-24.570244324925103,-24.68998804708287,-25.133633619551272,-25.36595035644137,-25.614904438922643,-23.76561701019641,-24.90821559180116,-25.921247904621,-26.308736470637083,-26.266052148992998,-26.55751941405513,-27.364712167390667,0,0.11974372215776796,0.44364557246840164,0.23231673689009824,0.24895408248127282,1.142598581604748,0.3874885660160814,-0.04268432164408509,0.8071927533355385,1.1915690576137585
083057.19+461111.2,-24.71473819898628,-24.808149654335644,-25.239312527098157,-25.28354040318209,-25.43837428571283,-22.08215376027158,-23.899855075598943,-25.338733571288948,-26.073143600421343,-26.017765763990784,-26.37122336687013,-27.251450641850145,0,0.09341145534936501,0.4311628727625134,0.04422787608393364,0.15483388253073826,1.817701315327362,0.7344100291323947,-0.0553778364305586,0.8802272749800153,1.0876829636880387
083133.68+213743.4,-22.78199741801817,-22.979948142848844,-23.46057961788904,-23.596677785623623,-23.77919789229264,-23.00452872952856,-22.77322889808402,-23.725943252598096,-24.447466668737885,-24.44586759513068,-25.68334680438608,-26.51351814160624,0,0.19795072483067244,0.48063147504019454,0.13609816773458405,0.18252010666901697,-0.23129983144453803,0.7215234161397888,-0.0015990736072062361,0.8301713372201611,2.086669018762457
083220.08+243100.5,-25.334301630020803,-25.610935002401646,-25.853293429714054,-25.943575046811997,-26.121288720820512,-23.97682509301445,-25.242650603248773,-26.35962309972017,-26.500985094491607,-26.527644362298137,-27.268815158520205,-28.351014742564363,0,0.27663337238084296,0.2423584273124071,0.09028161709794347,0.17771367400851545,1.2658255102343219,0.14136199477143663,0.026659267806529385,1.082199584044158,1.325240111708208
083238.81+493936.4,-24.22804191681338,-24.461375576946946,-24.8529711498756,-25.03431474643013,-25.312278897570607,-22.874764353094783,-23.983396319889216,-25.676395756654003,-25.921867262019703,-26.05838456820177,-26.43554519197169,-27.24336883050655,0,0.23333366013356738,0.39159557292865443,0.18134359655453025,0.2779641511404769,1.1086319667944338,0.24547150536569973,0.1365173061820677,0.8078236385348596,1.401230445541561
083243.71+240817.4,-24.807126553754152,-24.97954526305623,-25.280571989810998,-25.449912325530057,-25.712457278875146,-21.542659221318143,-24.37506487999152,-25.748344691773507,-26.19726842216448,-25.985639652445823,-26.929721591623924,-27.90177486253016,0,0.1724187093020788,0.3010267267547668,0.1693403357190597,0.2625449533450883,2.832405658673377,0.4489237303909732,-0.21162876971865785,0.9720532709062368,1.4798092660938664
083255.63+182300.7,-25.471831609227443,-25.6720878671576,-26.195267036498183,-26.31615187359679,-26.53906863839176,-17.080437533238033,-18.63225048090182,-27.118610919091257,-27.374616515368587,-27.670950201019064,-27.538786664724757,-28.35798853075613,0,0.20025625793015678,0.5231791693405832,0.12088483709860753,0.22291676479497013,1.5518129476637874,0.25600559627732977,0.29633368565047746,0.8192018660313742,1.222634791127966
083431.61+240146.2,-24.802752081630388,-24.91725698694512,-25.358075779013653,-25.48235864054143,-25.748916702212835,-22.86487546819946,-24.277517929556375,-25.58242417624825,-26.332572856798485,-26.15838056289492,-26.3729930740201,-27.14339065232628,0,0.11450490531473179,0.4408187920685336,0.12428286152777801,0.26655806167140383,1.4126424613569135,0.750148680550236,-0.17419229390356605,0.7703975783061772,0.8906344334786702
083432.73+493340.6,-24.495883786647,-24.648408969538924,-25.083202872624007,-25.271333366188244,-25.5572844818616,-23.26443230766539,-24.767030763819623,-25.89721813585497,-26.150754821047283,-26.014514290382305,-26.42634642429132,-27.32086444424569,0,0.15252518289192452,0.43479390308508314,0.1881304935642376,0.28595111567335607,1.5025984561542316,0.2535366851923122,-0.13624053066497765,0.8945180199543685,1.1550130581030764
083444.58+042302.1,-24.81076951405863,-25.029363191311827,-25.395120032144263,-25.631667078789658,-25.84676784245292,-17.712664640910532,-21.173975505428658,-26.282495706850213,-26.70801490039149,-26.762382134782168,-26.669117531721536,-27.361465957208203,0,0.218593677253196,0.36575684083243587,0.23654704664539494,0.21510076366326203,3.4613108645181256,0.42551919354127676,0.054367234390678476,0.6923484254866672,1.0374504529318784
083512.14+271503.6,-24.483707307439627,-24.588731187561983,-24.939129081600623,-25.09436803561519,-25.319980424398214,-23.234486562503047,-24.851078959072137,-25.69768512946713,-26.603681753267946,-25.834625285905013,-26.767717144661344,-27.52192745157765,0,0.10502388012235642,0.35039789403863963,0.15523895401456755,0.22561238878302348,1.6165923965690894,0.9059966238008172,-0.7690564673629332,0.7542103069163062,1.6733491090461534
083532.69+252627.6,-24.26215855881336,-24.879107844059185,-25.47672646805473,-25.609237051589297,-25.76983401756076,-21.18177050396968,-23.770957029039504,-26.13740065507268,-26.46799317276701,-26.578135605298908,-26.672577765611496,-27.403934250259635,0,0.6169492852458234,0.5976186239955439,0.13251058353456813,0.16059696597146456,2.589186525069824,0.3305925176943312,0.11014243253189804,0.7313564846481384,1.0633407140221998
083722.41+582501.8,-24.808214056672448,-25.1273493718009,-25.5638085548546,-25.6963200683794,-25.87944074154921,-18.453300325083664,-21.37215401362201,-26.15397853392161,-26.735832839910607,-26.375417097282643,-26.66095961441487,-27.50111647021688,0,0.3191353151284524,0.43645918305369946,0.1325115135248005,0.1831206731698103,2.918853688538345,0.5818543059889976,-0.36041574262796416,0.8401568558020074,0.9646395460354711
083740.25+245423.1,-24.204727672437105,-24.2235230405905,-24.62586209579153,-24.77382884460149,-24.9841631930445,-22.88990746820372,-24.429831052311133,-25.73864684054339,-25.83732317792092,-25.568568216219266,-25.56783040836097,-26.10855535154413,0,0.018795368153394776,0.4023390552010291,0.14796674880996008,0.21033434844300913,1.539923584107413,0.09867633737752968,-0.2687549617016529,0.5407249431831609,0.7940015637594797
083748.17+314239.9,-22.651897351151284,-22.95296964266679,-23.300884499308903,-23.363670058557755,-23.63802805453092,-22.192783879460443,-22.31127137462267,-23.7143959043795,-23.96830667899026,-24.382282466770967,-24.718494768966405,-25.46242870479643,0,0.3010722915155064,0.3479148566421131,0.06278555924885154,0.27435799597316546,0.11848749516222767,0.25391077461075895,0.4139757877807071,0.7439339358300252,1.35482471040865
083803.61+203750.2,-24.164291864680624,-24.2783153883459,-24.55545164542286,-24.654135015512367,-24.91091204847616,-22.34691209744582,-23.58870928937691,-24.993642769617736,-25.34994440720752,-25.479823103625844,-26.24150267705702,-27.17864840034007,0,0.11402352366527424,0.2771362570769611,0.0986833700895069,0.25677703296379306,1.2417971919310915,0.35630163758978384,0.1298786964183236,0.9371457232830487,1.5873676615446541
083833.32+273629.3,-24.6771614176754,-24.91980933309397,-25.294429107556716,-25.49500822011719,-25.736466007070646,-18.766260547280616,-23.19617761687579,-25.990061994316303,-26.37257951755774,-26.45010117112845,-26.874186999645783,-27.519710205196667,0,0.24264791541856923,0.3746197744627473,0.20057911256047234,0.24145778695345754,4.429917069595174,0.38251752324143595,0.0775216535707095,0.6455232055508837,1.3791787795285941
083850.15+261105.4,-26.348062783497102,-26.49509746048884,-26.823078934883323,-26.94657387945053,-27.26385528819598,-24.297938413076736,-25.61690326825692,-27.434663740621527,-27.837745577156014,-27.72434950018615,-28.15197283218795,-29.049211961279266,0,0.147034676991737,0.327981474394484,0.12349494456720578,0.3172814087454512,1.3189648551801838,0.40308183653448637,-0.1133960769698632,0.8972391290913144,1.205398952737422
083856.38+102200.9,-23.41986576305055,-23.637559694307104,-23.910087863422604,-23.931172865781143,-24.061975241645275,-23.857470819984503,-23.708634038106425,-25.41755618212865,-25.457474477209168,-24.90712074487817,-25.29079428055096,-26.150683859362893,0,0.21769393125655512,0.2725281691154997,0.021085002358539384,0.1308023758641319,-0.14883678187807803,0.03991829508051836,-0.550353732330997,0.8598895788119343,1.3596214147698156
083914.06+502037.9,-25.66029620568823,-25.843332476474664,-26.252099812875556,-26.42491452540373,-26.68106498824008,-23.231062235400383,-24.684703996554877,-26.83973885587543,-27.139074988782195,-26.865252529497432,-27.657574710138285,-28.693598371408616,0,0.18303627078643459,0.40876733640089213,0.17281471252817227,0.25615046283635223,1.4536417611544934,0.2993361329067632,-0.27382245928476223,1.036023661270331,1.2326601847345557
083952.35+525624.2,-24.4153186407738,-24.69972525189965,-25.05607342320437,-25.23858077615544,-25.4712168045732,-23.306546468176013,-24.41755429195786,-25.811623282069323,-26.16300597395708,-25.838211606158172,-26.745063227025685,-27.61231301965718,0,0.2844066111258492,0.3563481713047203,0.18250735295107035,0.2326360284177582,1.111007823781847,0.35138269188775695,-0.32479436779890847,0.8672497926314939,1.5064824508702443
083955.85+252105.1,-23.62666274820501,-24.078799606791605,-24.46845101122439,-24.70614242663506,-25.01300846211025,-21.00623542508524,-22.868545586014584,-25.780998738781047,-25.892942786820967,-25.734403488397597,-26.726083153921454,-27.7676230012888,0,0.452136858586595,0.389651404432783,0.23769141541067285,0.3068660354751884,1.8623101609293435,0.11194404803991986,-0.15853929842337067,1.0415398473673463,2.019940727286393
084029.97+465113.7,-25.67788315884492,-25.867273557702863,-26.118236609429857,-26.27648396582983,-26.51557745297637,-24.18815189678914,-25.28868460494736,-26.70306043867054,-27.01260916329056,-26.95242975251044,-27.360301567512685,-28.31632307956537,0,0.18939039885794173,0.25096305172699473,0.158247356399972,0.23909348714654044,1.1005327081582195,0.3095487246200186,-0.060179410780119014,0.9560215120526863,1.0838176016828562
084034.18+401621.1,-25.1021508409668,-25.39885839374009,-25.85487524258792,-26.06316731593184,-26.259483375626548,-23.245433441557218,-24.140511796419897,-26.597792157056205,-26.889805063725973,-26.957398332866887,-27.609697201421827,-28.637284950932937,0,0.2967075527732881,0.4560168488478311,0.20829207334391953,0.1963160596947091,0.8950783548626795,0.2920129066697683,0.06759326914091446,1.0275877495111096,1.5465298854899885
084153.08+162902.7,-24.552584972795152,-24.971721489066475,-25.477478998113483,-25.648177542116446,-25.63690339075747,-18.67717872776856,-22.04649024266188,-26.245618369139816,-26.186258554513515,-26.50161921972713,-26.349900692355558,-26.884212073418208,0,0.41913651627132253,0.5057575090470081,0.17069854400296336,-0.01127415135897536,3.369311514893319,-0.059359814626301244,0.31536066521361406,0.5343113810626505,0.7017231502391112
084215.36+452544.1,-24.796135339501397,-25.07579283993737,-25.599892209482714,-25.779184942272707,-26.028898464331743,-22.715291006780397,-24.397699699588028,-26.281732608254107,-26.867486576449515,-26.62761366849465,-26.99820863626107,-27.749766445252003,0,0.2796575004359738,0.5240993695453433,0.17929273278999247,0.24971352205903585,1.6824086928076305,0.5857539681954087,-0.23987290795486516,0.7515578089909347,1.2190236939883619
084235.00+565350.2,-24.49813457243877,-24.927840706842627,-25.23253968574593,-25.44940197804891,-25.71679243811687,-22.047601598967077,-23.746400639798352,-25.65452194647744,-25.83881322321077,-25.951953241605697,-27.01504453482174,-27.97155081056721,0,0.4297061344038582,0.30469897890330344,0.21686229230298082,0.26739046006795775,1.6987990408312754,0.18429127673332957,0.11314001839492605,0.9565062757454683,1.5656425567728292
084255.56+580425.6,-24.14917986651897,-24.720177676244656,-25.100046184526644,-25.3816059927206,-25.76191638901074,-19.428317643494047,-23.98011357161636,-25.915651182722137,-26.0561131149986,-26.451615650353983,-26.152188635619986,-26.728087345198063,0,0.5709978097256858,0.37986850828198726,0.28155980819395765,0.3803103962901382,4.5517959281223135,0.14046193227646242,0.3955025353553836,0.5758987095780768,0.7705826428993845
084312.42+612943.8,-24.22175896235387,-24.47502530260121,-24.95629257885098,-25.10789097268229,-25.32996814423091,-23.34562735586604,-23.750427040754243,-25.505266682136597,-25.489021507246974,-25.717124180778413,-26.09899566199617,-26.73127496329549,0,0.2532663402473396,0.4812672762497705,0.15159839383131057,0.2220771715486194,0.4047996848882036,-0.016245174889622405,0.22810267353143843,0.6322793012993202,0.9911046893138789
084511.55+493952.0,-24.473478680728103,-24.63957308719168,-25.18435239162574,-25.359961029746845,-25.61474012347547,-20.41554659270624,-23.64819855143492,-25.86910887985604,-26.439568390648784,-26.62515525000145,-26.71499858984081,-27.484780103398112,0,0.16609440646357498,0.5447793044340621,0.17560863812110483,0.25477909372862584,3.232651958728681,0.5704595107927446,0.1855868593526644,0.7697815135573016,1.3550375600939653
084525.81+233019.3,-24.43197899022061,-24.78196021313695,-25.318766658659296,-25.44763392326483,-25.675014241359246,-19.945461646072427,-23.75153118086909,-26.259242513002764,-26.613306465884484,-26.188370326640086,-26.396298363224425,-27.13255056187858,0,0.34998122291634104,0.5368064455223447,0.12886726460553533,0.22738031809441495,3.806069534796663,0.3540639528817202,-0.424936139244398,0.7362521986541566,0.9486644399595932
084607.70+482838.0,-25.53832718899201,-25.55427511655017,-25.931064041006817,-26.01675544863558,-26.210641797086414,-22.898624944773683,-23.80932338262778,-26.39238773350391,-26.68359025400851,-26.819140575150257,-26.986970549902203,-27.965013761332155,0,0.01594792755815888,0.3767889244566476,0.0856914076287616,0.1938863484508353,0.9106984378540979,0.2912025205046014,0.13555032114174637,0.9780432114299522,0.9702151012666249
084704.39+375836.0,-23.761016690477835,-24.291089120782097,-24.61019567838701,-24.581973752939646,-24.85924986829801,-22.878797698492072,-23.82075587158195,-24.879049557266697,-25.06712836940755,-25.10997458312925,-26.00102587304181,-27.02043584685797,0,0.5300724303042621,0.3191065576049148,-0.028221925447365237,0.27727611535836516,0.9419581730898798,0.18807881214085143,0.0428462137217025,1.0194099738161597,1.4190521201021653
084746.06+383139.3,-23.35775632896364,-23.65363780018384,-23.975130219152085,-24.1027807581144,-24.363234422353973,-22.800421202279804,-23.016041348452724,-24.03870499734847,-24.31944971699994,-24.7921420880026,-25.44009032747189,-26.14549045269545,0,0.29588147122020203,0.3214924189682442,0.12765053896231393,0.2604536642395736,0.21562014617292036,0.2807447196514694,0.47269237100265826,0.7054001252235622,1.3373095693574903
084846.11+611234.6,-26.12700573569805,-26.254860070202877,-26.6617196942296,-26.87122081515595,-27.10491439487704,-18.669666858805517,-21.420835206264385,-27.648574063607665,-28.07567622470381,-28.451167180192385,-28.33537097491185,-28.767359022491835,0,0.12785433450482842,0.4068596240267226,0.2095011209263511,0.23369357972108773,2.7511683474588686,0.4271021610961441,0.37549095548857636,0.4319880475799849,1.4641501597558992
084915.11+280109.6,-24.68501798929768,-24.829833676672894,-25.103048552869804,-25.281276182073224,-25.550339651168063,-21.72043728963696,-24.27271936521147,-25.84084372394244,-26.07887205299313,-26.13375655503602,-26.331504453727742,-27.234150120221464,0,0.144815687375214,0.27321487619691,0.17822762920341972,0.2690634690948386,2.55228207557451,0.23802832905068882,0.05488450204288853,0.9026456664937221,1.0502282716545182
084956.42+214652.7,-24.616905424183813,-24.68412950697775,-25.084416925182094,-25.27129270624503,-25.551403669429508,-21.243302751325707,-24.39102590858542,-25.84839662477529,-26.15964333650341,-26.30429591536969,-26.618673364926725,-27.37553209856505,0,0.06722408279393832,0.40028741820434277,0.18687578106293756,0.2801109631844767,3.147723157259712,0.3112467117281206,0.14465257886627825,0.7568587336383246,1.3473806586816934
085042.48+020659.1,-24.83742519667063,-24.94922391120069,-25.314451804770112,-25.59757373506907,-25.811152373312435,-21.43560618115184,-23.352376009192145,-26.053783831199517,-26.935941333120944,-27.196260302778025,-26.66106574676738,-27.27381801741977,0,0.1117987145300603,0.365227893569422,0.2831219302989574,0.21357863824336576,1.9167698280403052,0.8821575019214265,0.26031896965708157,0.6127522706523898,1.0634920116983118
085045.73+110840.5,-25.137247957357665,-25.40251406291525,-25.81059338502281,-25.956768299569934,-26.191563225533493,-20.130840943258903,-18.93375430323912,-26.57056224298548,-26.846291504626286,-26.951803393839903,-27.069281983438493,-27.43183642515368,0,0.26526610555758623,0.4080793221075574,0.1461749145471245,0.2347949259635591,-1.1970866400197835,0.27572926164080513,0.10551188921361643,0.36255444171518647,1.1125136838685599
085113.73+071959.8,-24.594426317687173,-24.861429180748345,-25.202202411001142,-25.37492561825174,-25.63575762679122,-21.437481182159825,-24.116272436987742,-26.14180007667101,-26.308089695539994,-26.58509065973984,-26.782911239632927,-27.70360335294665,0,0.2670028630611725,0.3407732302527968,0.17272320725059842,0.26083200853948085,2.6787912548279174,0.16628961886898352,0.2770009641998463,0.9206921133137236,1.4079856213811865
085124.45+250450.7,-22.969027431470185,-23.29257468270304,-23.78603108012556,-23.926854616229907,-24.179041561452483,-21.387402594970585,-21.921329484085025,-24.012394534323903,-24.279644056455385,-24.37391142808338,-24.8779103081138,-25.71233686191357,0,0.3235472512328563,0.4934563974225199,0.14082353610434595,0.2521869452225758,0.53392688911444,0.26724952213148256,0.09426737162799625,0.8344265537997693,0.9510556918838944
085141.76+161221.9,-25.42659166854827,-25.663903721526083,-25.98303754702064,-26.11671966680341,-26.350456837867505,-17.457471992083676,-21.91170663731516,-26.632780413676123,-26.89739436866162,-26.76292802078426,-27.20162772330162,-27.872162656479485,0,0.23731205297781344,0.31913382549455704,0.1336821197827689,0.23373717106409586,4.454234645231484,0.2646139549854958,-0.13446634787736045,0.6705349331778656,1.084908056498211
085253.72+232102.0,-24.358772384762997,-24.553170387882773,-24.97405230174012,-25.128371165299143,-25.381521759381457,-23.329593458378238,-24.56328912505435,-25.84748843918207,-26.017581620239262,-26.11602801664869,-26.33394891904945,-27.08280998662405,0,0.19439800311977606,0.42088191385734675,0.15431886355902336,0.2531505940823138,1.2336956666761125,0.17009318105719373,0.09844639640942887,0.7488610675745981,1.2055777537503083
085321.88+610529.6,-24.618481788387378,-25.03088530635386,-25.440743040203,-25.616670317138297,-25.85756386744448,-21.44452852452711,-23.52490760958878,-26.01164870094229,-26.316199295517062,-26.388845666628374,-26.730117185273382,-27.48968527330492,0,0.41240351796648156,0.40985773384914026,0.17592727693529753,0.24089355030618265,2.0803790850616686,0.3045505945747742,0.07264637111131123,0.7595680880315392,1.1134468681350853
085337.36+121800.3,-25.278308685493084,-25.4670710027461,-26.03662418023229,-26.27064295760827,-26.548180228538328,-16.196047974559384,-22.37140322714481,-26.95263866537365,-27.14065502243953,-27.521926507008423,-27.445317707806264,-28.03176409220894,0,0.1887623172530155,0.5695531774861919,0.23401877737597943,0.27753727093005764,6.175355252585426,0.18801635706588016,0.3812714845688916,0.5864463844026773,1.174674750197994
085425.52+554652.0,-24.488085597361064,-24.6554262315384,-24.977895640714756,-25.195210287883302,-25.39526660916099,-22.264457577902792,-24.08889557274203,-26.017564136515357,-26.235238472663625,-26.13696526246474,-26.23259193720988,-26.934820884976528,0,0.1673406341773358,0.3224694091763567,0.21731464716854632,0.2000563212776889,1.8244379948392364,0.21767433614826714,-0.09827321019888302,0.702228947766649,1.0373816493265764
085443.10+075223.2,-24.77791578816074,-25.00485956629833,-25.36418966180101,-25.498267106760917,-25.768931228067963,-23.42509552804104,-24.46302825264287,-26.02682658850645,-26.6384708317699,-26.49635842245357,-26.77458123563151,-27.69890235617917,0,0.22694377813758848,0.35933009550268125,0.1340774449599067,0.2706641213070462,1.0379327246018306,0.6116442432634521,-0.1421124093163293,0.9243211205476598,1.2763141288705917
085502.84+321730.5,-24.820309304131907,-24.928885254177608,-25.21449587315883,-25.390750720942037,-25.634312907027997,-22.64179319634817,-24.44623850686894,-25.69079788280797,-25.94157950846589,-25.95903998496495,-26.854512940012548,-27.679436995401453,0,0.10857595004570086,0.2856106189812202,0.1762548477832091,0.2435621860859598,1.8044453105207694,0.2507816256579183,0.017460476499060462,0.8249240553889052,1.4637622190705102
085602.42+284327.9,-24.155770886429305,-24.35113207242561,-25.232768413220416,-25.41335707809832,-25.638091136362497,-17.525460137612527,-21.82186953077261,-26.345113745488995,-26.39278340083399,-26.38448017760606,-26.308387182360637,-26.86110247457464,0,0.1953611859963047,0.881636340794806,0.18058866487790226,0.22473405826417903,4.296409393160083,0.0476696553449969,-0.00830322322793009,0.5527152922140033,0.8950301042623181
085626.94+130814.9,-24.76483648026555,-25.03289017444959,-25.3836836956146,-25.497207834940845,-25.716388261617087,-21.765629654310683,-23.100845406587943,-26.35740999654896,-26.8387141464725,-26.970156554728128,-26.58421208411197,-27.509743112724,0,0.2680536941840401,0.3507935211650093,0.11352413932624472,0.2191804266762425,1.3352157522772607,0.48130414992354176,0.13144240825562648,0.9255310286120277,1.0870042491711267
085636.13+130909.9,-24.68856535020861,-24.74064164304626,-25.10103479084606,-25.27938491787415,-25.49057675913074,-22.512599330531295,-24.043373564257436,-26.063523035687037,-26.41890875466355,-26.11544304106165,-26.47852498462077,-27.405084279604107,0,0.052076292837650584,0.36039314779980103,0.1783501270280894,0.21119184125658919,1.5307742337261416,0.35538571897651394,-0.3034657136019021,0.9265592949833383,1.1991400667466188
085850.00+255146.0,-23.45043215564392,-23.681554176487804,-24.121106526597483,-24.258181945295757,-24.3937852101948,-21.6744081731714,-23.504930319460183,-25.12023881298914,-25.39062842295822,-25.47863474781165,-25.808820190302075,-26.60024557900502,0,0.231122020843884,0.43955235010967897,0.13707541869827367,0.13560326489904284,1.8305221462887822,0.27038960996907946,0.0880063248534313,0.7914253887029439,1.5506382450063185
085856.00+015219.4,-24.977640812101352,-25.2318906475823,-25.74600960474991,-25.811197045188045,-25.99361556490937,-19.029770747904152,-19.474608265370065,-26.14690735655889,-27.011276579217743,-27.260999661059245,-27.13393517258787,-28.0423294179676,0,0.25424983548094815,0.5141189571676108,0.06518744043813385,0.18241851972132395,0.4448375174659134,0.8643692226588513,0.24972308184150194,0.908394245379732,1.3227381273998233
085909.26+382303.9,-24.70479159980766,-24.81266435494871,-25.30123437512797,-25.497338229622017,-25.784488551358027,-20.505433168725887,-22.05921698482632,-26.516662385795968,-26.50489464788816,-26.367856018161,-26.918358865564187,-27.502555036674345,0,0.10787275514104877,0.4885700201792602,0.19610385449404788,0.28715032173601074,1.5537838161004345,-0.011767737907806719,-0.13703862972716152,0.5841961711101575,1.4210206359421704
085944.61+411719.8,-25.001371630076672,-25.193227927366493,-25.536620645784684,-25.688533543431365,-25.95689935245371,-23.48178504807645,-24.871243936818555,-26.19865040922796,-26.73673669360681,-26.622962552855363,-27.04754566960778,-27.935174803286724,0,0.1918562972898208,0.3433927184181904,0.1519128976466817,0.2683658090223453,1.389458888742105,0.5380862843788528,-0.11377414075144898,0.8876291336789457,1.3590121261764132
085946.79+603702.1,-24.888582231769085,-25.01167409347822,-25.52906969357934,-25.719935357411615,-25.925815130482416,-22.871109066623934,-23.12036692572465,-26.322115059749592,-26.841141117452374,-27.24830958019037,-27.249028584401596,-28.04555813075209,0,0.12309186170913478,0.5173956001011213,0.1908656638322732,0.20587977307080152,0.24925785910071596,0.5190260577027814,0.4071684627379959,0.7965295463504951,1.529093226989982
090001.46+082952.6,-24.926090677470693,-25.12161115160124,-25.455516652724523,-25.642532640899336,-25.90166028316868,-22.402745002821497,-22.979788216023582,-26.1557639954418,-26.614327260503128,-26.974988362144146,-26.856197468781755,-27.550359658071898,0,0.19552047413054652,0.333905501123283,0.18701598817481369,0.2591276422693447,0.5770432132020851,0.45856326506132916,0.3606611016410177,0.6941621892901431,1.2136648278824183
090007.99+364610.6,-23.716189662999227,-24.01710374288297,-24.35477919015266,-24.46121103807311,-24.72289634487009,-24.12580063254117,-24.028133136083024,-24.320607713823463,-24.61029353423976,-24.43791036050737,-25.863069389620705,-26.73869456050056,0,0.30091407988374286,0.3376754472696888,0.1064318479204509,0.26168530679698065,-0.09766749645814699,0.2896858204162953,-0.17238317373238843,0.8756251708798537,1.4018583515475953
090055.54+211557.4,-24.42441407440535,-24.77148124238393,-25.16790270300248,-25.333394942777154,-25.594045814892837,-21.499728188765843,-23.532603822278148,-25.82124506642408,-26.05146606218366,-26.06161102734163,-26.658791199520245,-27.58447587056754,0,0.3470671679785795,0.3964214606185479,0.1654922397746752,0.26065087211568283,2.0328756335123046,0.23022099575958066,0.01014496515796992,0.9256846710472963,1.3253962567430904
090115.69+354059.5,-23.225590522022745,-23.40735345882522,-23.801636822364685,-24.007855725662377,-24.19708742303172,-22.84023315553439,-23.07520519872701,-24.586380831878976,-25.06096791386694,-24.98349477917474,-25.63941312403555,-26.471012708958533,0,0.18176293680247468,0.3942833635394649,0.20621890329769244,0.18923169736934398,0.2349720431926201,0.47458708198796273,-0.07747313469219819,0.8315995849229836,1.6315573983731717
090152.74+334413.6,-25.08427778891072,-25.24943847319905,-25.637880073974785,-25.806199682492515,-26.045379542946925,-17.855102648958447,-21.778319554402888,-26.25901338269876,-26.77753982797428,-27.095804649762595,-27.212392477290475,-27.97833773586861,0,0.16516068428833108,0.3884416007757352,0.16831960851773076,0.23917986045440998,3.9232169054444412,0.5185264452755192,0.31826482178831483,0.7659452585781352,1.4061927947979598
090429.62+281932.7,-24.829636389429727,-25.004793990849915,-25.33570765875464,-25.53315851547377,-25.737758765608536,-23.348927964607046,-24.598873550182105,-25.963994948773514,-26.04872252549427,-26.110092816984416,-26.493979155761163,-27.21580096202156,0,0.17515760142018877,0.3309136679047242,0.19745085671912932,0.20460025013476724,1.249945585575059,0.08472757672075559,0.061370291490145945,0.7218218062603974,0.9608206402873947
090501.55+533907.5,-23.684475822687585,-23.911586717451016,-24.178089900300503,-24.25806894126276,-24.49650251741077,-22.848041330614585,-23.36352624738106,-24.46104660770356,-24.48960256177557,-24.43907624423581,-25.20987115452217,-26.057119041761545,0,0.22711089476343105,0.2665031828494868,0.07997904096225739,0.23843357614801164,0.515484916766475,0.02855595407200795,-0.05052631753975945,0.8472478872393765,0.9518022132594091
090519.71+084917.3,-24.490392880838392,-24.694327261406716,-24.98960529101306,-25.097635800014277,-25.33317416270465,-22.65714661584183,-24.13792051418828,-24.961074292860545,-26.04061385522189,-26.31057929536513,-26.53047411138028,-27.463592438599356,0,0.2039343805683238,0.29527802960634375,0.10803050900121747,0.23553836269037376,1.480773898346449,1.0795395623613437,0.26996544014324186,0.9331183272190771,1.4328383113660017
090554.64+205201.0,-24.370822125639023,-24.699418947723533,-25.096079728730636,-25.235745122368908,-25.53113911753977,-23.17550238801728,-24.28068502207644,-25.72358633424866,-26.0288349614416,-26.142218229200264,-26.758418156798932,-27.929740668306096,0,0.3285968220845099,0.3966607810071032,0.13966539363827124,0.29539399517086196,1.1051826340591617,0.3052486271929382,0.11338326775866392,1.1713225115071637,1.5226730344300243
090646.98+174046.8,-25.335425573399327,-25.48094438370221,-25.771980925910157,-25.891478303429437,-26.153921908817644,-23.283353964965237,-25.133889570446517,-26.359574826550183,-26.753367244606167,-26.78109527676163,-27.2352446223578,-28.106907312707857,0,0.14551881030288172,0.29103654220794795,0.11949737751928069,0.26244360538820644,1.85053560548128,0.393792418055984,0.027728032155462046,0.8716626903500568,1.3437663189283633
090657.29+403131.2,-24.78499863455938,-24.773814992165292,-25.133205218464795,-25.38504230201413,-25.642409709882767,-22.15439032155058,-23.05650167614179,-26.22905961166854,-26.636770860250508,-26.70795360220381,-26.713685216920545,-27.144139348261135,0,-0.011183642394087201,0.359390226299503,0.2518370835493364,0.2573674078686352,0.9021113545912094,0.4077112485819683,0.07118274195330088,0.4304541313405892,1.328642914906414
090702.26+245326.6,-24.66179189984593,-25.03923983955097,-25.42535195255971,-25.518470380015128,-25.74648706518545,-21.893408375592173,-23.643725872224824,-26.158040472898403,-26.8134405271972,-26.754199595151075,-26.65730876845961,-27.408714604145363,0,0.3774479397050392,0.38611211300873904,0.0931184274554191,0.2280166851703207,1.7503174966326505,0.6554000542987986,-0.05924093204612646,0.7514058356857518,1.1388383884444835
090908.79+390403.7,-25.004512841162384,-25.13275700589696,-25.515563264086254,-25.771433922442316,-26.060682782642267,-23.18747232121205,-23.81180296311939,-26.60593889500724,-26.84615744234829,-27.216658211015183,-27.155313984623145,-27.714163383807485,0,0.1282441647345749,0.38280625818929437,0.2558706583560628,0.289248860199951,0.624330641907342,0.24021854734104764,0.3705007686668935,0.5588493991843393,1.383880062180829
090913.75+375935.0,-24.976727584747064,-25.15375003690866,-25.4866275166154,-25.57291153400216,-25.849909038864965,-22.15949593462692,-23.81536721283135,-25.99859340414502,-26.25995585895126,-26.160882606099804,-26.522273458709627,-27.499684843276764,0,0.17702245216159795,0.3328774797067382,0.08628401738675961,0.2769975048628055,1.6558712782044296,0.261362454806239,-0.09907325285145419,0.9774113845671373,0.9493619247074676
090918.56+040323.5,-24.69509899356332,-24.808199577527603,-25.17294065511702,-25.309039300929765,-25.577360585903588,-22.850699892437444,-24.27455223975688,-25.63900226014412,-26.185441165154938,-25.932574986285896,-25.992772146529447,-26.824170362595154,0,0.11310058396428246,0.364741077589418,0.13609864581274422,0.26832128497382257,1.4238523473194356,0.5464389050108167,-0.2528661788690414,0.8313982160657076,0.6837328455996818
090924.01+000211.0,-25.925433623655685,-26.25484885881148,-26.6201560792726,-26.762724338859638,-27.02228570765256,-21.383267180360008,-23.482550451105254,-27.344177365016524,-27.53533247475129,-27.475459662265298,-28.06382947392443,-28.977207535508363,0,0.3294152351557962,0.3653072204611192,0.142568259587037,0.259561368792923,2.0992832707452465,0.19115510973476546,-0.059872812485991744,0.9133780615839342,1.301105135064791
091003.94+310323.6,-24.262943812853383,-24.709210351950528,-25.11374802438217,-25.33823422384176,-25.72033238380415,-19.003792734200918,-23.585562508989053,-26.20528265332252,-26.665336396016272,-26.650140882304644,-27.288217350028816,-27.704184724736265,0,0.4462665390971452,0.4045376724316405,0.2244861994595908,0.38209815996238916,4.581769774788135,0.4600537426937521,-0.015195513711628195,0.41596737470744927,1.9499831261870568
091020.40+600215.0,-24.214805381908707,-24.4825409101931,-24.8456834174687,-24.941179601085484,-25.12224530865886,-22.899044917165472,-23.711719294633944,-25.50710660398884,-25.647867362352944,-25.626804426086675,-26.096537819187706,-26.964097676887004,0,0.26773552828439406,0.3631425072755974,0.09549618361678469,0.18106570757337792,0.8126743774684719,0.1407607583641024,-0.02106293626626865,0.8675598576992982,1.1553582181022222
091020.97+190410.1,-24.913370569277777,-25.0161741171979,-25.378389103814417,-25.625132853754334,-25.86027883204692,-23.334145115633213,-24.769078455129595,-26.01617727425729,-26.315622385830988,-26.244364179198243,-26.58041212632597,-27.41442722435628,0,0.10280354792012147,0.3622149866165181,0.24674374993991677,0.23514597829258577,1.4349333394963821,0.29944511157369647,-0.07125820663274496,0.83401509803031,0.9552792725716373
091054.17+375914.9,-25.39508373869277,-25.53026090534299,-25.863142791892,-26.00938214128283,-26.221229185344978,-22.05734097957217,-23.39570894723377,-26.552305723159197,-26.929235123105947,-27.19927429316573,-27.06511302730938,-27.78184473904662,0,0.1351771666502195,0.33288188654901063,0.14623934939083227,0.2118470440621465,1.3383679676616005,0.37692939994675,0.27003917005978195,0.7167317117372392,1.0557308860265486
091117.30+531905.6,-24.33850671110444,-24.52916428289653,-24.90564647657049,-25.03728503887333,-25.1419578730465,-22.060489733651305,-24.222800633932117,-25.35414061914885,-25.459096269148,-25.285640885953534,-25.50936871118555,-26.317657597173785,0,0.19065757179209086,0.37648219367395797,0.13163856230283955,0.10467283417317219,2.1623109002808114,0.10495564999914819,-0.17345538319446518,0.8082888859882331,0.47208367231222326
091135.00+293803.7,-23.326054853612828,-23.617895532348044,-24.03106761386574,-24.180083903682217,-24.435379071986887,-23.151320764427066,-23.19297935559465,-24.44720674565514,-24.756193205692767,-25.07088332146199,-25.82282520985529,-26.59134545324546,0,0.29184067873521613,0.4131720815176969,0.1490162898164762,0.25529516830467003,0.04165859116758597,0.30898646003762664,0.3146901157692241,0.7685202433901708,1.6427413061730718
091143.79+273450.0,-24.7196153513936,-24.93443282668784,-25.154839742784155,-25.30579872455196,-25.591656143319543,-23.617015419630352,-24.74939200422345,-25.940824831842388,-26.20536876967074,-25.748486758930945,-26.50891158267174,-27.48973924865908,0,0.21481747529423956,0.2204069160963158,0.1509589817678041,0.2858574187675842,1.1323765845930964,0.2645439378283534,-0.45688201073979684,0.9808276659873414,1.2031128581197805
091145.03+145556.8,-25.297342426679396,-25.53729149609953,-25.96415670094028,-26.14245729926917,-26.386302869399973,-19.94124655739297,-20.51344548001981,-26.341155024841544,-26.469166848090776,-26.70379910536273,-26.956025096950214,-27.66089067093744,0,0.23994906942013472,0.4268652048407482,0.17830059832889233,0.24384557013080155,0.5721989226268427,0.12801182324923133,0.23463225727195436,0.7048655739872274,0.813567797681042
091159.36+442526.8,-25.067749982565367,-25.04222272361794,-25.457432706739837,-25.61797263081368,-25.753686686947937,-22.857888163115124,-23.759737540281414,-26.096929923898312,-26.533168067184768,-26.914624708359614,-26.82346805450649,-27.73000343486053,0,-0.025527258947427356,0.4152099831218976,0.16053992407384143,0.13571405613425824,0.9018493771662897,0.43623814328645594,0.38145664117484657,0.9065353803540432,1.2054954236928097
091206.96+391146.4,-24.23057910730953,-24.66887109350261,-25.133553743296385,-25.37436151025196,-25.59909072575405,-21.07020742026335,-23.32464173395028,-25.7218875764337,-26.234657838271232,-26.667917092861455,-26.579743586875,-27.255721587743366,0,0.43829198619307874,0.46468264979377594,0.24080776695557304,0.2247292155020908,2.2544343136869287,0.5127702618375309,0.4332592545902223,0.6759780008683656,1.2053820766230423
091258.55+120638.4,-25.441959109318304,-25.597948294728663,-26.0275036468382,-26.137225554048328,-26.436410712815054,-23.616358292099616,-24.704103472493816,-26.69559959412932,-27.23042061815507,-27.010733589498376,-27.429367976381545,-28.418793162342077,0,0.155989185410359,0.429555352109535,0.10972190721012964,0.2991851587667256,1.0877451803942009,0.5348210240257494,-0.21968702865669343,0.9894251859605312,1.2921424223332174
091310.41+392257.8,-24.714829694935705,-25.165339610725084,-25.33662657981529,-25.450098559147435,-25.681233513867536,-21.51449376446059,-24.64940426036566,-25.675778201079577,-25.998942383833,-26.076098916481456,-26.823763191663662,-27.698913005018664,0,0.4505099157893788,0.17128696909020746,0.11347197933214304,0.23113495472010115,3.1349104959050713,0.3231641827534233,0.07715653264845557,0.8751498133550015,1.3736646325162276
091311.22+115131.8,-25.117351839384376,-25.09978933122451,-25.565677130958782,-25.654726158108,-25.85693159405629,-22.38317426632164,-23.24106786322625,-26.31003548077192,-26.757918638056506,-26.832764339570204,-27.01872948278267,-27.837345554982257,0,-0.01756250815986604,0.4658877997342721,0.08904902714921903,0.2022054359482901,0.85789359690461,0.4478831572845863,0.07484570151369851,0.8186160721995854,1.3640033246746697
091334.97+352540.7,-25.12881447419804,-25.24460054058446,-25.63010060873799,-25.801892583850297,-26.06142592476137,-18.86000111050992,-19.49614314308335,-26.289474716752203,-26.630108467240944,-27.060347479204427,-26.722220489205444,-27.56715028241693,0,0.11578606638641986,0.38550006815352944,0.17179197511230626,0.25953334091107294,0.6361420325734315,0.3406337504887418,0.4302390119634829,0.8449297932114845,0.9203279053551476
091418.44+130546.9,-21.93486469060615,-22.39806601823333,-22.71023465084719,-22.836822424249643,-23.080505134686685,-21.83307651169241,-21.9634570016159,-23.29509496926376,-23.613978617298944,-24.03276181831258,-23.80188871416596,-24.52607694563129,0,0.46320132762717847,0.3121686326138615,0.1265877734024521,0.24368271043704226,0.13038048992348905,0.31888364803518243,0.4187832010136354,0.7241882314653303,0.9650662899163152
091431.77+083742.7,-24.34793426159276,-24.58741850899145,-25.00494032803284,-25.15532911795016,-25.32278801046383,-24.02449778563339,-23.92480317467332,-25.206010786307523,-25.498794649065005,-25.821607526774702,-26.51692596492431,-27.402061556271025,0,0.23948424739869267,0.4175218190413901,0.15038878991731863,0.16745889251367174,-0.09969461096007137,0.2927838627574815,0.3228128777096977,0.8851355913467138,1.3615968469741517
091532.59+172143.9,-25.3914889927653,-25.564449422498544,-25.87410141502832,-26.0485152404452,-26.36634501135832,-24.020151729353348,-24.8458691887262,-26.93396595417808,-27.1122861069815,-26.90889073022448,-27.44859657736205,-28.33699040599673,0,0.17296042973324433,0.30965199252977627,0.174413825416881,0.3178297709131179,0.8257174593728536,0.17832015280341906,-0.2033953767570189,0.8883938286346797,1.4000813369168483
091553.57+640120.4,-24.28373985060601,-24.678589213306932,-25.0745963765656,-25.27273491033281,-25.51605520661405,-21.669719445959664,-23.966507869864277,-25.631990352347607,-25.760248911641963,-25.706278589006526,-26.80357900010131,-27.85604232572467,0,0.39484936270092064,0.3960071632586697,0.19813853376721013,0.24332029628123664,2.296788423904612,0.12825855929435548,-0.05397032263543622,1.0524633256233606,1.5308440897684967
091617.16+125828.1,-24.33019571095656,-24.61333434726264,-24.928110027877317,-25.10665917649873,-25.313760074971896,-22.45615728583098,-23.903901305149144,-25.84056354844636,-26.101982575267755,-26.06254803759165,-26.550348760696693,-27.4036750857129,0,0.2831386363060808,0.31477568061467665,0.17854914862141413,0.20710089847316482,1.447744019318165,0.2614190268213932,-0.0394345376761045,0.8533263250162086,1.443689584197962
091622.82+132829.1,-25.43567820742228,-25.642665805120416,-26.03912514563753,-26.202095679706453,-26.355048246725467,-23.628995564804853,-25.255793003626327,-26.526710537526466,-26.635978510363024,-26.65355799527553,-27.42074670889609,-28.223252413173107,0,0.20698759769813435,0.39645934051711507,0.16297053406892203,0.15295256701901394,1.6267974388214732,0.10926797283655887,0.01757948491250616,0.8025057042770172,1.2186510291896369
091632.93+080809.4,-22.845033947025552,-23.04231087514253,-23.271018951103745,-23.32820219251441,-23.536999543732986,-22.31527143908769,-22.45512348844771,-24.6136782546156,-24.666820903098305,-24.245219173200056,-24.62785066111494,-25.285600355579557,0,0.1972769281169775,0.22870807596121523,0.057183241410665886,0.2087973512185748,0.1398520493600195,0.05314264848270511,-0.4216017298982493,0.6577496944646164,1.2996484686005303
091640.11+341040.0,-23.84588674738303,-24.223873888767507,-24.69033937105701,-24.91403504777764,-25.20360635637661,-21.141895680400346,-23.434450714505164,-25.607605256947384,-25.959447455240664,-25.80479952815526,-26.545738701379555,-27.33133823916817,0,0.37798714138447664,0.4664654822895038,0.22369567672063084,0.28957130859896907,2.2925550341048186,0.35184219829328,-0.15464792708540287,0.7855995377886131,1.6317036536019138
091714.71+311907.6,-24.54118545276566,-24.696653907604425,-24.974204617408127,-25.08941859797478,-25.290454977406945,-21.949101494086303,-23.85207535512676,-25.57860021592934,-26.10866140135959,-26.17655750895536,-26.102806088608,-26.70401295362735,0,0.1554684548387648,0.2775507098037018,0.11521398056665433,0.20103637943216413,1.9029738610404578,0.5300611854302488,0.06789610759576803,0.6012068650193498,1.0133874906332174
091728.30+532835.0,-24.76783585911491,-25.04039659758013,-25.319126280507557,-25.430531855700128,-25.66289877518856,-23.294421083231583,-24.304540088725847,-26.05520922233336,-26.341043616208346,-26.466419357277896,-26.24221222748308,-27.110085514969526,0,0.27256073846522,0.27872968292742684,0.11140557519257044,0.23236691948843102,1.0101190054942641,0.28583439387498544,0.12537574106955063,0.8678732874864465,0.8116803717829519
091750.53+290137.3,-24.13252295959983,-24.595145550765714,-25.05514366696396,-25.306580187634932,-25.713351323065837,-16.497872766292918,-22.89174619621606,-26.58695988833775,-27.020356943680067,-27.241456092750937,-27.076436431723756,-27.886205008543836,0,0.46262259116588567,0.45999811619824627,0.2514365206709712,0.4067711354309047,6.3938734299231434,0.43339705534231854,0.22109914907087003,0.8097685768200797,1.7698562440888246
091901.52+425435.9,-25.7327093563606,-26.102953153500607,-26.279667151467077,-26.4079489907697,-26.67462468371938,-24.055379477538445,-25.123106079824588,-26.75004762076288,-27.329551599205363,-27.21217405101829,-27.57866384003741,-28.50471609821641,0,0.3702437971400059,0.1767139979664698,0.12828183930262327,0.2666756929496792,1.0677266022861431,0.5795039784424816,-0.11737754818707202,0.9260522581789985,1.1707148492677106
091920.57+575452.9,-24.676874436641693,-24.886416550158955,-25.185016814075063,-25.356699389147867,-25.636370854616217,-21.804681140545902,-24.559942654163525,-25.532422068356407,-26.109153548204038,-25.95378511270989,-26.651752082970877,-27.582708950768097,0,0.20954211351726215,0.29860026391610717,0.17168257507280416,0.27967146546835053,2.755261513617622,0.5767314798476306,-0.1553684354941467,0.9309568677972209,1.2950526938230098
091939.08+220333.2,-25.112440313648303,-25.26560689683541,-25.55038565356447,-25.689402230614952,-25.91653075439065,-23.72243428505737,-24.587362118239326,-26.233854135563934,-26.53458670213428,-26.021033074173857,-26.70636398240658,-27.35545295326044,0,0.15316658318710807,0.2847787567290574,0.13901657705048365,0.22712852377569703,0.8649278331819552,0.3007325665703462,-0.5135536279604231,0.6490889708538603,1.0169617517916265
091941.26+253537.7,-24.77231283124259,-24.971280663536533,-25.319152682078624,-25.497472453362157,-25.796184446018973,-23.03511156792529,-23.81101818347741,-26.201429631463466,-26.782667767350016,-26.378309300166,-26.834222132528588,-27.568802571611705,0,0.19896783229394188,0.34787201854209115,0.17831977128353316,0.29871199265681625,0.7759066155521204,0.5812381358865508,-0.4043584671840179,0.7345804390831177,1.3367496791664308
092011.33+495403.9,-25.105631918096112,-25.75150585311405,-26.113396874822254,-26.136053624719946,-26.39501598925996,-21.990439792825008,-23.519437104137708,-26.643143713857768,-26.82366815897617,-26.74350744311186,-27.448369309094435,-28.452670735403675,0,0.6458739350179385,0.3618910217082032,0.022656749897691952,0.25896236454001453,1.5289973113127004,0.18052444511840093,-0.0801607158643094,1.0043014263092402,1.3123156843744894
092013.85+301311.7,-24.82516082769604,-24.966933086442904,-25.24889583647056,-25.40687764076647,-25.676958451651707,-20.169416085041963,-22.63694233719222,-26.268767571677085,-26.90216656567703,-26.89425307990421,-26.69479145234011,-27.40605197323093,0,0.14177225874686528,0.28196275002765603,0.15798180429591113,0.2700808108852364,2.4675262521502574,0.6333989939999469,-0.00791348577282136,0.7112605208908214,1.2879138115736382
092038.29+163609.8,-25.089967435774646,-25.32679326540928,-25.65446650224727,-25.839394009623685,-26.10270806981457,-23.646967862451657,-24.466214770332847,-26.65016538741001,-26.91517539238448,-27.008225511391128,-27.193814919048418,-27.894777436992687,0,0.2368258296346326,0.32767323683799177,0.18492750737641472,0.2633140601908863,0.8192469078811904,0.2650100049744708,0.09305011900664795,0.7009625179442693,1.3544209094247321
092046.25+573842.6,-24.071530239355777,-24.379674960299635,-24.825496700030698,-25.036752554328597,-25.323315167163774,-17.64965610380932,-17.85175049967488,-25.5162248534194,-25.87909334844671,-25.83020046976847,-26.46716259300934,-27.207979136828506,0,0.3081447209438579,0.44582173973106265,0.2112558542978995,0.28656261283517637,0.20209439586555789,0.36286849502731044,-0.048892878678238105,0.7408165438191645,1.4304100386807441
092100.37+183605.8,-24.86995817280648,-24.95824530750707,-25.298941389385224,-25.50733779346649,-25.698269506663827,-23.8034339224224,-24.81080074676759,-25.89646047099936,-26.11552962836085,-25.90287323743877,-26.55281846974476,-27.33576307055474,0,0.08828713470058958,0.3406960818781535,0.2083964040812667,0.1909317131973367,1.0073668243451905,0.21906915736148846,-0.21265639092208133,0.7829446008099801,1.0454806762782702
092120.95+003629.3,-24.81220125071885,-24.837096951894367,-25.2052207961668,-25.38218488923509,-25.63577544448583,-21.08554166880385,-24.785465209040638,-25.951016430127638,-26.21621573633518,-26.17764210405398,-26.172275072994186,-26.903724854236888,0,0.02489570117551665,0.36812384427243217,0.17696409306829253,0.2535905552507387,3.6999235402367887,0.26519930620754195,-0.038573632281199366,0.7314497812427021,0.7900901837590943
092126.70+003858.6,-25.1305263444824,-25.01351609504441,-25.430927288898705,-25.5597180292589,-25.771096776886704,-22.422727898209644,-23.32360585286914,-25.89931667172129,-26.6534923638098,-27.143634327998797,-26.368391373960165,-27.292119878269983,0,-0.11701024943799254,0.4174111938542957,0.1287907403601949,0.21137874762780484,0.9008779546594958,0.7541756920885092,0.4901419641889966,0.9237285043098176,0.8086733447012655
092133.01+321320.4,-24.194604401432105,-24.442233419866596,-24.850526560123942,-24.986193424721744,-25.20177957037549,-23.996170462568184,-23.82523386683522,-24.64218144655573,-24.90225339618417,-25.14748461041105,-26.20589680427287,-26.939491387976528,0,0.24762901843449114,0.40829314025734575,0.13566686459780186,0.21558614565374512,-0.1709365957329645,0.2600719496284434,0.24523121422687666,0.7335945837036562,1.2197033795511274
092318.70+140743.9,-24.374673059491677,-24.59131834413233,-24.942407594143425,-25.084425220365837,-25.293709823393,-19.113912179377145,-13.260238478870962,-25.85728820987373,-25.982950232537277,-25.85170328498736,-26.14683776971838,-26.98521058627816,0,0.21664528464065214,0.35108925001109625,0.14201762622241176,0.20928460302716445,-5.853673700506183,0.12566202266354765,-0.1312469475499185,0.8383728165597795,1.062412549352544
092332.32+574557.3,-25.13486027687361,-25.633513201615266,-26.241857411700217,-26.252267483160235,-26.523608830437585,-19.441605059827467,-24.250404212907828,-26.92448839657833,-27.071297834158045,-26.940443919695703,-26.72620647216538,-27.12733213883508,0,0.49865292474165557,0.608344210084951,0.0104100714600186,0.2713413472773496,4.808799153080361,0.14680943757971576,-0.1308539144623424,0.4011256666696994,0.47393898900514486
092335.47+312408.9,-23.897267867636888,-24.227164244185825,-24.63340142983719,-24.827065297713773,-25.158272500447744,-20.47065867706736,-23.53448795705447,-25.57393933536891,-25.792385428057926,-25.93150232436892,-26.218296234511165,-26.87073966751847,0,0.32989637654893755,0.4062371856513636,0.19366386787658385,0.331207202733971,3.063829279987111,0.2184460926890175,0.13911689631099478,0.6524434330073063,1.3912309367973918
092423.93+435513.6,-24.950277562107026,-25.22032663312244,-25.49719638169941,-25.576345594690483,-25.870899649456405,-22.484758424445467,-23.76530372367709,-26.28066534078433,-26.747881722719804,-25.410374425651597,-26.83335494926123,-27.79085451332707,0,0.2700490710154142,0.27686974857697066,0.07914921299107291,0.29455405476592134,1.2805452992316226,0.4672163819354722,-1.337507297068207,0.9574995640658379,1.257009354570748
092445.65+142532.0,-24.131825565891035,-24.505894059057447,-24.959263516541043,-25.12123620620982,-25.363944442538354,-21.16255575521174,-23.42025711317091,-25.42619566879233,-26.03456692047176,-26.544434800340817,-26.564832601361164,-27.33201862681377,0,0.374068493166412,0.45336945748359625,0.16197268966877587,0.24270823632853578,2.257701357959167,0.6083712516794293,0.5098678798690557,0.767186025452606,1.4435963951513457
092450.25+165134.3,-25.145091820333874,-25.542440634653182,-25.831613459846764,-25.838608698331697,-25.99422846573731,-19.633850433846565,-18.715281360425127,-26.336176129317572,-26.87378464009008,-26.44019592717768,-27.06631085982765,-28.022578486020105,0,0.397348814319308,0.2891728251935817,0.006995238484932997,0.15561976740561434,-0.9185690734214376,0.5376085107725075,-0.43358871291239964,0.9562676261924565,1.2277021614959516
092503.76+582959.0,-24.17251769258452,-24.329017183579648,-24.63341320908811,-24.800788750306555,-25.10339467211961,-21.77085481713147,-23.77776657631331,-25.087704184483997,-25.29817920160148,-25.328535357646597,-26.33337215621253,-27.326582741404625,0,0.1564994909951274,0.30439602550846345,0.1673755412184441,0.3026059218130541,2.0069117591818397,0.21047501711748495,0.030356156045115767,0.9932105851920952,1.5325834059059744
092507.81+001913.9,-25.21329402923373,-25.548290148865608,-25.993883933437623,-26.19087797996187,-26.50507482923664,-22.96423364557337,-24.27403618247613,-26.78518305695716,-26.99117580269942,-27.024892187807403,-27.408381650599043,-27.98486420510116,0,0.33499611963187803,0.44559378457201504,0.1969940465242459,0.3141968492747722,1.3098025369027617,0.205992745742261,0.033716385107982916,0.5764825545021175,1.217503670637175
092537.64+102115.3,-24.750084519688297,-24.9179301977224,-25.25916898385315,-25.451943756346797,-25.61205479871537,-23.36643772250169,-24.654421712483227,-25.89134927376569,-26.205975796713428,-26.231768222384787,-26.62103757007212,-27.529999654614656,0,0.16784567803410155,0.3412387861307522,0.19277477249364594,0.1601110423685732,1.2879839899815373,0.3146265229477372,0.025792425671358643,0.9089620845425372,1.169093813725322
092549.95+165812.2,-25.38440878918281,-25.64883704421297,-26.04994811222261,-26.22176255984531,-26.58474546295324,-21.999370042317462,-24.895242361741765,-27.044213040911885,-27.49290936675844,-27.50044403790551,-28.08936737344109,-28.991019261336117,0,0.2644282550301611,0.40111106800963725,0.17181444762270104,0.36298290310793035,2.895872319424303,0.44869632584655506,0.007534671147070071,0.9016518878950279,1.8676048135957792
092641.49+071422.2,-24.672025446452917,-25.184802141090984,-25.65230009711635,-25.788532015390125,-26.09098503582614,-22.15160052172883,-23.95730157076085,-26.671922825193388,-26.890484909524908,-26.837039306373423,-27.114096643371205,-28.09912731649573,0,0.5127766946380667,0.46749795602536537,0.13623191827377568,0.3024530204360154,1.8057010490320202,0.2185620843315199,-0.05344560315148428,0.9850306731245233,1.3255646279810804
092658.87+093248.4,-22.723073290500185,-23.020817041328304,-23.432981970996103,-23.62585036582413,-23.878640423627,-21.999464997208637,-22.17759861326911,-24.18719619504166,-24.27778566309698,-24.464954839443266,-24.43420515409921,-25.08869280548045,0,0.29774375082811844,0.4121649296677994,0.19286839482802876,0.25279005780286923,0.1781336160604745,0.09058946805532031,0.18716917634628416,0.6544876513812383,0.8083547882750786
092702.61+084758.7,-25.137052816347865,-25.277822367200724,-25.7130616001714,-25.801196192708755,-26.0124955923868,-22.186085115186835,-24.086874824715068,-26.489002308419494,-26.68018235175058,-27.27070320553953,-26.996824567471545,-27.744247991422014,0,0.14076955085285903,0.4352392329706767,0.08813459253735445,0.2112993996780439,1.9007897095282331,0.1911800433310873,0.5905208537889486,0.7474234239504689,1.1956283747627907
092718.38+211357.3,-24.901591388550305,-25.392810989763127,-25.771993766191944,-25.860490244451608,-26.06980810442749,-23.510417350036736,-23.937240709214223,-26.87645686879187,-26.83256677652384,-26.638125396031345,-27.039220739293263,-27.856787763227537,0,0.4912196012128227,0.3791827764288165,0.088496478259664,0.20931785997588293,0.4268233591774866,-0.04389009226802898,-0.1944413804924956,0.8175670239342736,1.1787304948416555
092726.15+435339.6,-24.349388906760822,-24.49505418805559,-24.82422226513656,-25.004122708470533,-25.31438049029038,-21.014218776193843,-23.98152279354874,-25.597073128973182,-25.820568288611152,-26.04141348150169,-26.258177898244835,-26.934448871044587,0,0.14566528129476808,0.3291680770809684,0.17990044333397393,0.3102577818198462,2.9673040173548983,0.22349515963797018,0.22084519289053617,0.6762709727997525,1.2540551897743022
092752.62+091938.2,-24.66775807021319,-24.97861782309708,-25.397295965528745,-25.518156385855946,-25.713311314440915,-22.332206605013223,-23.264198017462466,-25.99370268817188,-26.744865644005568,-27.03242266890057,-26.65597447684359,-27.5457414497622,0,0.31085975288388923,0.41867814243166634,0.12086042032720101,0.1951549285849694,0.9319914124492428,0.7511629558336885,0.28755702489500123,0.8897669729186113,1.1378180909876434
092824.89+105239.9,-23.586821806773592,-23.83085055968135,-24.27080761944469,-24.370546291543757,-24.60809674810323,-22.56061955204633,-22.964062629812563,-24.981518402980544,-25.296957041674112,-25.32126517283678,-25.530064590792232,-26.30725127274689,0,0.24402875290775583,0.43995705976334065,0.09973867209906828,0.2375504565594717,0.40344307776623367,0.3154386386935677,0.02430813116266961,0.7771866819546567,1.1595182992484752
092829.85+122011.8,-24.576576354691326,-24.878553263945587,-25.293237924238976,-25.555766081875,-25.764617573872588,-17.65594014167796,-22.05093573810169,-26.206082930079127,-26.661228219755763,-26.381946494994,-26.857567948243457,-27.61280869646021,0,0.301976909254261,0.41468466029338913,0.262528157636023,0.20885149199758857,4.39499559642373,0.45514528967663637,-0.2792817247617627,0.7552407482167531,1.3018018663684572
092840.54+425506.8,-24.64348049508466,-24.900865513922135,-25.20492644464466,-25.34579914865773,-25.5340622039136,-22.87023259522386,-23.938601076398346,-25.910296652351573,-26.298210620254466,-26.45958586162977,-26.654677810442674,-27.453114107667336,0,0.2573850188374749,0.3040609307225246,0.14087270401306995,0.18826305525587017,1.0683684811744847,0.3879139679028931,0.16137524137530335,0.7984362972246615,1.308878661784945
092929.91+071105.9,-25.404481150905724,-25.49448363662331,-25.83121219000595,-26.027238236421844,-26.21676564863952,-24.00369396089672,-25.21963297815345,-26.430020002331805,-26.704796460791865,-26.71747804405785,-27.12246317920272,-28.03297648359916,0,0.09000248571758718,0.3367285533826383,0.19602604641589494,0.1895274122176751,1.21593901725673,0.27477645846006027,0.012681583265983676,0.9105133043964386,1.0952249427808773
092942.97+064604.1,-25.217741072380736,-25.389943418948096,-25.785035180774056,-25.918283050420868,-26.154115727030117,-22.897912112709164,-24.983365766735577,-25.982001269088887,-26.71811371830936,-26.727962315768423,-26.949600006869414,-27.94646781323909,0,0.1722023465673601,0.3950917618259595,0.13324786964681223,0.2358326766092489,2.085453654026413,0.7361124492204745,0.009848597459061637,0.996867806369675,1.0313169564485456
093044.96+663430.0,-24.357775204211755,-24.82061013669175,-25.2418903538232,-25.345564958786245,-25.650541920368944,-22.5602333140398,-23.712523922755278,-25.75022590115188,-25.96025387797852,-25.87410409739636,-25.962580669337672,-26.54227832025502,0,0.4628349324799963,0.42128021713145003,0.10367460496304304,0.3049769615826996,1.1522906087154787,0.2100279768266411,-0.08614978058216138,0.5796976509173462,0.6170157105514278
093047.49+223024.2,-25.20367041325863,-25.53127140512163,-25.893225711525123,-26.01190318026908,-26.22893778040592,-22.925485713455977,-24.13606289492415,-26.423086318096853,-26.81541735802372,-26.807640307798597,-27.2545864819148,-28.03132005180047,0,0.3276009918629974,0.3619543064034936,0.11867746874395735,0.2170346001368415,1.2105771814681745,0.3923310399268658,-0.00777705022512265,0.7767335698856712,1.2426833016457195
093051.10+171038.9,-24.845625964782386,-25.026253936766118,-25.275421952371083,-25.41208272403149,-25.65295554608398,-19.62804388706521,-18.721591329988534,-26.207934071668472,-26.24093816369056,-25.558620435831568,-26.41647299961918,-27.433865614820693,0,0.18062797198373204,0.24916801560496538,0.1366607716604058,0.2408728220524914,-0.9064525570766762,0.03300409202208954,-0.6823177278589938,1.017392615201512,1.0043902755876921
093134.46+445522.2,-24.17612023298221,-24.29538815873778,-24.55705854377138,-24.70299784632384,-24.984825183053008,-23.07248791822767,-24.434345320088685,-25.54930066112372,-25.89822193627161,-25.795238639299303,-26.2911936649267,-27.251837940343297,0,0.11926792575556888,0.2616703850336002,0.1459393025524598,0.2818273367291688,1.3618574018610161,0.34892127514789095,-0.10298329697230812,0.9606442754165982,1.588195818602859
093208.77+314328.0,-25.470118714705283,-25.68640541657606,-26.21328765523491,-26.392285702757945,-26.653198668532333,-21.826429330433964,-23.88966564997268,-26.883220419720423,-27.19733530582825,-27.645417704808704,-27.72495390973073,-28.59387872343965,0,0.21628670187077859,0.5268822386588496,0.1789980475230344,0.26091296577438783,2.063236319538717,0.3141148861078271,0.44808239898045343,0.8689248137089223,1.3326682069727838
093209.46+024351.6,-24.20025388902796,-24.40149484387658,-24.85302270236785,-25.074256887022678,-25.32155714329764,-22.90966520705617,-23.898817830551167,-25.532851470040463,-25.72562029603804,-25.7493640297097,-26.98842676365506,-27.95936700099549,0,0.2012409548486218,0.45152785849126786,0.22123418465482914,0.24730025627496133,0.989152623494995,0.19276882599757883,0.023743733671658163,0.9709402373404288,1.914169876632382
093242.12+195424.8,-25.063435723031404,-25.33399715549729,-25.84582286312425,-26.00412810145859,-26.28037997501997,-21.76542454254516,-24.05219411370444,-26.683182562020228,-27.10485333310095,-27.051115282123508,-27.36013634921105,-28.2987398742372,0,0.27056143246588604,0.5118257076269614,0.1583052383343393,0.27625187356137815,2.286769571159283,0.4216707710807235,-0.05373805097744366,0.9386035250261493,1.3560082477524595
093407.31+354237.9,-24.82427903925673,-25.043980921547345,-25.37261641994736,-25.62465802952785,-26.039033264321134,-23.365940124695054,-24.964482113102672,-26.487121231066624,-26.33375595980153,-26.743414861142803,-26.827674242237222,-27.375292761657537,0,0.2197018822906145,0.3286354984000148,0.25204160958049115,0.4143752347932832,1.598541988407618,-0.1533652712650948,0.4096589013412739,0.5476185194203147,1.2030162127093718
093416.02+441353.4,-24.146962163509723,-24.31996009734033,-24.70389954395024,-24.775365933410143,-25.02474530440323,-21.60867446534366,-23.682236029736057,-25.10935368420755,-25.34485464971821,-25.54882979585337,-25.95132832412474,-26.602959613636767,0,0.17299793383060802,0.383939446609908,0.07146638945990347,0.24937937099308627,2.0735615643923957,0.2355009655106599,0.2039751461351571,0.6516312895120251,1.1759623907145986
093420.59+315845.4,-24.966297139421464,-25.03533425242942,-25.44017146277041,-25.66843138219375,-26.019277353571447,-23.393618246922006,-24.60620916368704,-26.356172077365308,-26.960592212772944,-26.480211515743164,-26.8714910447197,-27.659439556117025,0,0.06903711300795479,0.4048372103409932,0.228259919423337,0.3508459713776979,1.2125909167650342,0.6044201354076364,-0.4803806970297799,0.7879485113973246,1.203059662525952
093446.81+271123.8,-24.703275985526812,-24.87898568004877,-25.205404648325544,-25.391859984823974,-25.63831433546186,-23.301335750171045,-24.439117799764936,-26.00089391002228,-26.41612942372388,-26.370050980029703,-26.70530473828014,-27.53738870659055,0,0.1757096945219594,0.32641896827677286,0.1864553364984296,0.24645435063788668,1.1377820495938913,0.4152355137015995,-0.046078443694177906,0.8320839683104104,1.3134447534561673
093511.06+210312.0,-24.04334342202887,-24.363087338436227,-24.68740677609072,-24.83197306443384,-25.01209359678512,-21.77764044419788,-23.291455579561976,-25.100540473079345,-25.4765568942952,-25.6342784736388,-26.44724914575807,-27.40150574645148,0,0.3197439164073579,0.3243194376544949,0.14456628834311758,0.18012053235128178,1.5138151353640978,0.376016421215855,0.1577215793436011,0.9542566006934088,1.6152760813242324
093514.71+033545.7,-25.798819860117963,-26.01277713642452,-26.32938027100869,-26.493334419146017,-26.829090311645626,-22.61406675700632,-24.796697286162647,-27.401715245295165,-27.555884252984495,-27.727476230634267,-27.99560425074992,-28.877725934666167,0,0.2139572763065587,0.3166031345841702,0.163954148137325,0.33575589249960913,2.1826305291563273,0.15416900768932962,0.17159197764977208,0.882121683916246,1.502269831603904
093533.88+235720.5,-24.97482725339423,-25.18558770771194,-25.585454640733666,-25.74673383216804,-26.03875583255768,-18.438251014637107,-20.214179046658494,-26.352888757805555,-26.877735847828653,-27.07962573224073,-26.94170053670437,-27.678878027513395,0,0.2107604543177075,0.3998669330217268,0.16127919143437452,0.29202200038963966,1.7759280320213868,0.5248470900230977,0.20188988441207556,0.7371774908090245,1.1949667045363306
093536.72+223059.3,-24.29102183453032,-24.75502531582632,-25.12622054519685,-25.249324319277463,-25.45228026311764,-22.32479284017177,-23.44388509248328,-26.183556238046748,-26.603806700898406,-26.182532746141774,-26.39237167939428,-27.535201728561848,0,0.46400348129600033,0.3711952293705316,0.12310377408061157,0.2029559438401769,1.1190922523115105,0.42025046285165857,-0.4212739547566322,1.1428300491675678,1.1430473601168174
093536.98+112408.0,-23.84271125338861,-23.9795079391571,-24.384530230610565,-24.524396003107533,-24.68287049914638,-22.5009434813366,-23.395471300366022,-24.988362224784535,-25.422297783872757,-25.6379293288648,-25.95497816608201,-26.96700818526154,0,0.1367966857684877,0.40502229145346647,0.13986577249696808,0.15847449603884556,0.8945278190294239,0.4339355590882228,0.21563154499204273,1.0120300191795302,1.4305821629744777
093725.57+284612.5,-24.08621917477399,-24.60144036598028,-25.14864203639413,-25.327321754204267,-25.632568036615694,-22.17995790164284,-23.650471863433552,-25.984404075277084,-26.87965969767692,-26.085371415948003,-26.94091686339589,-28.006907818768028,0,0.5152211912062903,0.5472016704138483,0.17867971781013736,0.3052462824114279,1.4705139617907115,0.8952556223998371,-0.7942882817289174,1.0659909553721363,1.6135951091916247
093809.53+450420.5,-25.16709971305184,-25.32386498762781,-25.646719361831167,-25.73928939037286,-26.04661138755431,-23.06449003480192,-24.194368085883475,-26.192755606463614,-26.63845992248277,-26.70664521222581,-27.17085173052512,-28.04687972632243,0,0.1567652745759709,0.32285437420335583,0.09257002854169372,0.30732199718145026,1.1298780510815547,0.4457043160191567,0.06818528974303817,0.8760279957973118,1.431562340152258
093824.72+204611.8,-24.651134204535285,-24.656012832230815,-24.9665596398303,-25.13355590741236,-25.399018102025305,-22.279761704572607,-23.16872715890408,-25.800042087124552,-26.591634420527217,-26.438051375008506,-26.224370983575405,-26.903091426410334,0,0.0048786276955290475,0.3105468075994864,0.16699626758206065,0.26546219461294385,0.8889654543314727,0.7915923334026651,-0.1535830455187117,0.6787204428349298,1.090815076163043
093849.66+090509.7,-25.5256762013855,-25.62657973242643,-26.087572563796904,-26.154386054773145,-26.369538716217747,-22.68912312327219,-22.54298937675412,-26.7096900662722,-27.02027811529505,-27.23324148132481,-27.021349975577984,-27.874929245306177,0,0.10090353104092742,0.46099283137047564,0.06681349097624079,0.215152661444602,-0.14613374651806765,0.31058804902285075,0.2129633660297614,0.8535792697281934,0.8669639208048388
093855.25+290224.1,-23.054630898622563,-23.45616831436728,-23.793145135514923,-24.028901906482258,-24.37213297574447,-21.496149732846828,-22.88439473161829,-24.790723651874327,-24.85916534398588,-24.950181598859714,-25.69333049672012,-26.416395621342502,0,0.40153741574471624,0.33697682114764405,0.23575677096733472,0.34323106926221314,1.3882449987714622,0.06844169211155204,0.09101625487383558,0.7230651246223836,1.6644285902378613
093932.88+252356.4,-22.661630241327124,-22.974398493429263,-23.28468969761324,-23.3084949609376,-23.54352830766486,-22.391307959403782,-22.459771252991075,-23.17249782462804,-24.12013064531636,-23.88060452634637,-24.56459074506942,-25.38952035211057,0,0.31276825210213843,0.3102912041839758,0.023805263324362613,0.23503334672725984,0.06846329358729264,0.9476328206883231,-0.23952611896999088,0.8249296070411489,1.2560957841318192
093934.94+130941.8,-24.92529385755502,-25.17338962525936,-25.554135705921137,-25.705031237654453,-25.92453136370775,-22.470362993791696,-23.89200705508729,-26.26294753629484,-26.518971526207427,-26.757498330181487,-26.86689701326472,-27.937674160813994,0,0.24809576770434205,0.3807460806617762,0.15089553173331538,0.2195001260532976,1.421644061295595,0.25602398991258823,0.2385268039740609,1.0707771475492756,1.1618657756102664
093935.12+364000.9,-24.786584676757613,-24.987898188322028,-25.363876827545173,-25.69060681830749,-25.93193474438211,-20.382469042257924,-22.725842561354987,-26.324908885495105,-26.628613601838232,-26.6611744829507,-27.11841660482684,-27.659239995750088,0,0.20131351156441468,0.37597863922314545,0.3267299907623169,0.2413279260746215,2.3433735190970637,0.3037047163431268,0.03256088111246669,0.5408233909232472,1.4278097865193509
093945.61+511327.1,-25.27056827820394,-25.729328444926825,-26.081607344928987,-26.173224175638243,-26.45504640235213,-22.146703688054394,-24.261895679909028,-26.87967226965979,-26.9977285634362,-27.00776347751024,-27.500099792898567,-28.311415219476167,0,0.458760166722886,0.3522789000021618,0.09161683070925619,0.28182222671388857,2.1151919918546334,0.11805629377641225,0.010034914074040557,0.8113154265776004,1.326875617260324
093958.91+360922.0,-25.188475295484714,-25.236997887913684,-25.6421994626684,-25.81926441282973,-26.01897555895997,-21.772407352107457,-21.400167541166784,-26.041311595501632,-27.135658898948204,-27.03842756010182,-27.090280027367804,-27.58344717393722,0,0.04852259242897006,0.40520157475471663,0.17706495016133061,0.19971114613023744,-0.37223981094067327,1.0943473034465718,-0.09723133884638457,0.49316714656941585,1.2710156145380722
094025.95+233609.3,-25.188307539160693,-25.51636139512396,-25.866027625290144,-25.993329344827004,-26.270822410505783,-22.3033077142798,-23.57876970069226,-26.39428580776653,-27.08888725135997,-26.92401655520379,-27.273698558577298,-28.217700925485342,0,0.3280538559632653,0.3496662301661857,0.12730171953685954,0.2774930656787795,1.2754619864124592,0.6946014435934416,-0.1648706961561821,0.9440023669080446,1.2803692137502942
094058.13+555325.0,-25.599739383488888,-25.728629754045656,-26.00162833044079,-26.191751030717608,-26.5033691434878,-22.699492930435465,-25.421579675876053,-26.671096697967744,-26.996276329345434,-27.130854189529387,-27.49214469499152,-28.36419885594819,0,0.12889037055676766,0.2729985763951355,0.19012270027681666,0.3116181127701907,2.7220867454405884,0.32517963137769,0.13457786018395268,0.8720541609566688,1.300393664273912
094116.24+184518.1,-25.173651501417776,-25.53572620845388,-26.12419905927805,-26.335936708807623,-26.56502166300044,-18.21193948621325,-21.23545530964579,-26.935678885117543,-27.427439141526524,-27.701875362773723,-27.64267547997052,-28.323459869698397,0,0.3620747070361041,0.5884728508241714,0.21173764952957086,0.2290849541928175,3.0235158234325397,0.49176025640898047,0.2744362212471998,0.6807843897278758,1.3067387711628982
094209.14+520714.5,-26.029805995521937,-26.29561727856192,-26.73214347179299,-26.87297221372153,-27.196185948057053,-24.57427204588885,-25.40553151280897,-27.540092538468787,-27.83455570670864,-27.83516587473184,-27.862451273947794,-28.37801897390201,0,0.2658112830399837,0.4365261932310709,0.14082874192853723,0.3232137343355248,0.8312594669201196,0.2944631682398544,0.0006101680231971329,0.5155676999542145,0.989479060226266
094214.40+034100.3,-24.16439609598164,-24.41582164009556,-24.91003772944074,-25.14691164854624,-25.493174838398783,-20.558628809095232,-23.62890338164845,-25.993852133949947,-26.246012687911367,-26.456339133202444,-26.555192590988856,-27.19120180013129,0,0.25142554411392126,0.4942160893451799,0.2368739191054985,0.346263189852543,3.070274572553217,0.2521605539614207,0.21032644529107714,0.6360092091424328,1.408280942442616
094215.12+090015.8,-21.61930388463413,-22.28964607638837,-22.83868516975425,-22.9447484474417,-23.16503678446879,-20.661523708310305,-21.025436403860176,-23.412184962145897,-23.54195951782476,-23.731056510254152,-23.99142215435576,-24.400789616929057,0,0.6703421917542371,0.5490390933658809,0.10606327768745061,0.22028833702708894,0.36391269554987105,0.1297745556788641,0.18909699242939126,0.4093674625732966,1.04667370691406
094246.41+540321.7,-24.21793850130024,-24.43111827013287,-24.77153737676321,-24.94949602569953,-25.265324364112,-23.35177344193989,-24.42992866874407,-25.40590391838036,-26.28707811828504,-25.97974086358688,-26.72555891943424,-27.563723121901056,0,0.21317976883263157,0.34041910663033903,0.17795864893632185,0.3158283384124694,1.0781552268041779,0.8811741999046809,-0.30733725469816164,0.8381642024668174,1.7760628937347072
094252.90+533432.7,-24.133733935790943,-24.530531729743767,-25.00779473862912,-25.213881039158625,-25.501462750873124,-20.421434129853623,-23.28593775321909,-25.66817499162566,-26.01566762931274,-26.09375384517202,-26.357314371838783,-27.14901496301988,0,0.39679779395282466,0.4772630088853518,0.20608630052950616,0.2875817117144983,2.8645036233654686,0.3474926376870826,0.07808621585927966,0.7917005911810975,1.1434333326801571
094254.05+345133.1,-21.88145731319008,-22.273680323141622,-22.644673665760987,-22.94731243914271,-23.187654979195184,-20.780132105646206,-21.43096130573548,-23.45406551018332,-23.655616609800976,-23.76500353655579,-24.41836752917823,-24.921889540433533,0,0.39222300995154313,0.37099334261936434,0.30263877338172307,0.2403425400524739,0.650829200089273,0.2015510996176566,0.10938692675481221,0.5035220112553027,1.4710550900355202
094319.68+194303.6,-25.03355989906988,-24.919091234277385,-25.40034967391032,-25.47424585061064,-25.64345615520618,-20.84683016437173,-19.26368270054633,-25.796137904867543,-26.33133287170587,-26.491325653313,-26.43112906862684,-27.31120206183901,0,-0.11446866479249351,0.4812584396329349,0.07389617670031967,0.16921030459554132,-1.5831474638254015,0.5351949668383291,0.15999278160713004,0.8800729932121669,0.9568832180162019
094406.51+231447.1,-23.56975570847082,-23.766510785509244,-24.09344116874363,-24.224783657196987,-24.41730636295085,-20.83292433158597,-23.47515327183097,-25.028711639736123,-25.48199948244303,-25.193011660410363,-25.79961459988069,-26.60243924635849,0,0.19675507703842499,0.3269303832343873,0.13134248845335605,0.19252270575386277,2.6422289402449977,0.4532878427069065,-0.2889878220326665,0.8028246464777986,1.574830942683704
094419.44+600526.1,-25.06132297111397,-25.394613729160163,-25.699213941553527,-25.804328188182108,-26.015029575010896,-24.12214949458722,-25.22755088642884,-26.162228616683777,-26.439975249422243,-26.475932572551557,-27.426314890580592,-28.4967574718783,0,0.3332907580461928,0.304600212393364,0.10511424662858104,0.21070138682878792,1.105401391841621,0.27774663273846656,0.03595732312931332,1.0704425812977085,1.621986702398484
094450.76+151236.9,-25.267978160937314,-25.429221714449497,-25.74208973216339,-25.837724101527147,-25.975358003977576,-18.758145418598215,-20.417750545823136,-26.28500572157585,-27.058718086185003,-26.82617928979668,-26.684818655211497,-27.519231706213425,0,0.16124355351218256,0.3128680177138925,0.0956343693637578,0.13763390245042828,1.6596051272249213,0.7737123646091533,-0.2325387963883223,0.8344130510019276,0.8470945536843502
094504.12+165600.4,-22.960477683815604,-23.18767908980152,-23.571310530412248,-23.78125368152631,-23.90356097584517,-21.82934495646738,-22.648232185596363,-24.388638660382878,-25.00570991495349,-25.30803343159046,-24.68618641336487,-25.410723988768897,0,0.22720140598591598,0.38363144061072774,0.2099431511140608,0.12230729431886189,0.8188872291289826,0.617071254570611,0.3023235166369709,0.7245375754040282,0.90493273183856
094555.99+191608.7,-25.142416230568795,-25.09922404489208,-25.6225626144054,-25.75001742647032,-25.908363945653598,-21.06994472955852,-19.640051808702363,-26.547152254196337,-26.636805566124984,-26.99593105264677,-26.72317114659651,-27.350013206984293,0,-0.04319218567671612,0.5233385695133208,0.1274548120649186,0.15834651918327936,-1.4298929208561582,0.08965331192864667,0.359125486521787,0.6268420603877836,0.9731537201261915
094611.12+281134.7,-24.070739637542555,-24.5123933460083,-24.873989613211872,-25.05147882736668,-25.48965457074057,-19.34696449988508,-23.725572663645487,-26.163011708484262,-26.084502139913354,-25.998737058977557,-26.11307608924675,-26.70035292067816,0,0.4416537084657435,0.3615962672035735,0.17748921415480723,0.43817574337388976,4.378608163760408,-0.07850956857090807,-0.08576508093579704,0.5872768314314101,1.0615972618800704
094613.97+133441.1,-25.58434013148279,-25.56689417996315,-25.94263092499549,-26.08634515373976,-26.29619885294436,-22.290015408193387,-21.60605796922092,-26.67528924365175,-27.123695215575317,-27.464465001629627,-27.30025977415381,-28.057295454583755,0,-0.017445951519640346,0.37573674503234145,0.14371422874426898,0.20985369920460073,-0.6839574389724667,0.4484059719235667,0.3407697860543095,0.7570356804299436,1.2139146204140516
094651.18+494703.4,-24.094705286450697,-24.25193830615533,-24.57547770712776,-24.83514308869042,-24.9895396060622,-23.533662715464725,-24.45350178398529,-25.333871826812224,-25.28834176268781,-24.83222518098144,-25.615589967516264,-26.322536918715013,0,0.1572330197046341,0.32353940097242884,0.25966538156265884,0.1543965173717794,0.9198390685205631,-0.04553006412441363,-0.4561165817063717,0.7069469511987485,0.7804468788258454
094712.03+345119.9,-24.425601270105105,-24.80033137441949,-25.482378181892727,-25.53475817603597,-25.771020845581624,-18.93824742383237,-23.59691085719011,-26.56622925852029,-26.687820610646103,-26.83750830168113,-26.51955420357729,-27.097503733291106,0,0.37473010431438425,0.6820468074732382,0.052379994143244346,0.23626266954565267,4.6586634333577415,0.12159135212581162,0.14968769103502666,0.5779495297138162,0.9847960275413179
094715.10+313009.2,-25.31506728992531,-25.360744686074277,-25.759223315979245,-25.93973260369043,-26.10091616180508,-23.776640372938623,-25.30337913375003,-26.29245785342655,-26.39947714779969,-26.43878371386338,-26.752206661229145,-27.52125514468185,0,0.045677396148967375,0.3984786299049681,0.18050928771118535,0.1611835581146508,1.5267387608114085,0.10701929437313851,0.039306566063689985,0.7690484834527034,0.812474057538715
094813.41+142303.9,-24.96694550820164,-24.96986593051707,-25.46463209282868,-25.67657728997624,-25.956499104344665,-20.52517287601988,-23.706528068406133,-26.560688883152206,-26.92763200448136,-26.909886560783445,-26.903307345508715,-27.511147230204088,0,0.0029204223154302156,0.49476616231160975,0.21194519714756055,0.279921814368425,3.1813551923862526,0.36694312132915385,-0.01774544369791542,0.6078398846953732,1.2267300555324745
094854.19+235506.5,-24.976766613871703,-25.451003804899543,-25.962208444071223,-26.118780215764943,-26.420826716315126,-18.745947691852923,-22.92552313857851,-26.884769358398867,-27.31023494236156,-27.17768864343752,-27.53959150175749,-28.140490995675748,0,0.47423719102783934,0.5112046391716802,0.15657177169372005,0.30204650055018334,4.179575446725586,0.4254655839626942,-0.13254629892404068,0.6008994939182593,1.4208112859925457
094907.15+544510.4,-25.07844356968019,-25.233859627822216,-25.53198644763533,-25.71089341696444,-26.006466560988237,-23.96950222193939,-25.307202388408346,-26.22470687529685,-26.44627186676822,-26.473874325493032,-26.81124633264379,-27.633687152919453,0,0.15541605814202697,0.2981268198131133,0.178906969329109,0.2955731440237983,1.3377001664689558,0.22156499147137154,0.02760245872481093,0.8224408202756628,1.100352915679352
094913.05+175155.9,-25.133089164623627,-25.43999369766127,-25.776806804380605,-25.917328239447134,-26.18127791478917,-22.989003611224582,-24.79430020676912,-26.51762155739498,-26.713054719282248,-26.722210085627506,-27.374358135488663,-28.41017781810304,0,0.30690453303764187,0.33681310671933673,0.14052143506652826,0.2639496753420367,1.8052965955445366,0.19543316188726934,0.009155366345257931,1.0358196826143775,1.4570298960415293
094944.99+652029.1,-24.681058879595746,-25.00708613244355,-25.43550746127016,-25.72354182479483,-25.82466141798545,-19.73037685211593,-22.886560044320788,-26.362817221500237,-26.62777865792615,-26.781799560005997,-26.89042522017796,-27.85154590887796,0,0.32602725284780476,0.42842132882660877,0.2880343635246696,0.1011195931906208,3.156183192204857,0.26496143642591363,0.15402090207984642,0.9611206886999994,1.166883395383131
095047.48+480047.3,-25.484171077315636,-25.71696631891769,-26.052255254400578,-26.241872835041256,-26.53742926700384,-22.3272852564406,-23.87975596639381,-26.876142072005624,-27.476988878601077,-27.28149210631709,-27.402438468334505,-28.037572141514943,0,0.23279524160205511,0.3352889354828861,0.1896175806406788,0.2955564319625843,1.5524707099532087,0.6008468065954524,-0.1954967722839882,0.6351336731804373,1.160565633293249
095058.76+263424.6,-25.174069212488263,-25.171978353520775,-25.650677432042063,-25.744157847755844,-25.92981849304361,-22.59878227228764,-23.698812947816467,-26.40450705480681,-26.87892781408264,-26.77841020966163,-26.96946491539421,-27.868816916927468,0,-0.002090858967488174,0.4786990785212879,0.09348041571378118,0.18566064528776494,1.1000306755288278,0.47442075927583005,-0.10051760442101099,0.8993520015332592,1.225307067638365
095122.57+263513.9,-24.71511173447433,-24.907623143614543,-25.38133523870001,-25.52107550710856,-25.798860958213687,-21.28450819641843,-24.3461014706346,-26.512696010425675,-26.78553988171633,-26.750639068004038,-26.710843733546625,-27.14910277657365,0,0.19251140914021292,0.4737120950854674,0.13974026840854847,0.2777854511051281,3.061593274216172,0.2728438712906538,-0.03490081371229081,0.4382590430270241,1.1897682264380656
095156.72+211402.1,-24.064040221300885,-24.3380351769966,-24.832795861024582,-24.97154378119324,-25.233601223815985,-18.758120064180027,-20.410083014063588,-25.402511060364358,-26.13335958446643,-26.4080668565995,-26.28025866408117,-27.017065318427548,0,0.27399495569571286,0.4947606840279839,0.1387479201686581,0.2620574426227442,1.6519629498835613,0.7308485241020719,0.274707272133071,0.7368066543463776,1.30871488288793
095216.52+204316.5,-25.3640913326764,-25.537987495113036,-25.801127754497895,-25.92657488442521,-26.165020932073038,-21.77182089185848,-24.66691055553289,-26.431382505053097,-26.73677714233049,-26.73183775508469,-27.242390867555613,-28.20874038583135,0,0.17389616243663752,0.2631402593848584,0.12544712992731633,0.23844604764782673,2.895089663674412,0.30539463727739147,-0.004939387245798343,0.966349518275738,1.3158159831304026
095227.18+224006.1,-24.650470727778817,-24.695543782846038,-25.107222288634173,-25.249796388425384,-25.436050359449357,-23.316052024929483,-24.74035445762223,-25.447043181582316,-25.78060531129975,-25.734610656491725,-26.288985627836944,-27.132296153446266,0,0.04507305506722048,0.41167850578813514,0.1425740997912115,0.186253971023973,1.4243024326927483,0.3335621297174356,-0.04599465480802678,0.8433105256093221,1.0391892394115594
095237.27+600554.0,-25.30944746169365,-25.37443202891395,-25.70892901100753,-25.870268686993956,-26.09391739805553,-22.78966602403931,-22.632780299099505,-26.4565645486825,-27.04444356103521,-27.259652305198404,-27.188147979837893,-27.862650069616603,0,0.0649845672203,0.3344969820935795,0.16133967598642585,0.2236487110615748,-0.15688572493980502,0.5878790123527082,0.21520874416319558,0.6745020897787093,1.3178792928439371
095330.36+353223.1,-25.088575506544085,-25.05369023203329,-25.5938190683615,-25.730349059266263,-25.9396343369094,-20.45404421890623,-22.06640160110973,-26.07522760465085,-26.917917957678537,-26.713388775720897,-26.907601493572667,-27.605866439568636,0,-0.03488527451079548,0.5401288363282113,0.13652999090476214,0.20928527764313642,1.612357382203502,0.8426903530276881,-0.20452918195763914,0.6982649459959696,1.1772524343064035
095422.02+220731.9,-24.55108091959045,-24.80504371238388,-25.442281700318325,-25.60864922596777,-25.85936540106832,-19.81480218224535,-18.81567215642668,-26.075805296575343,-26.54338331985701,-26.531192675882515,-26.809727415299804,-27.66214862245475,0,0.2539627927934305,0.6372379879344443,0.166367525649445,0.2507161751005498,-0.9991300258186726,0.46757802328166775,-0.01219064397449543,0.8524212071549471,1.2010781893320335
095456.82+174331.2,-25.28725260890697,-25.51366120996128,-25.74044070465154,-25.84363074047913,-26.07126144174443,-19.24841874950657,-19.349673293844543,-26.10173469458151,-26.61035316841811,-26.21023332922156,-27.07239996274649,-27.947250143972724,0,0.2264086010543096,0.22677949469025904,0.10319003582759123,0.22763070126529783,0.10125454433797287,0.5086184738366022,-0.40011983919655236,0.8748501812262326,1.2287692222673599
095707.82+184739.9,-25.24820586671709,-25.20447924614685,-25.77323488044905,-25.939421239573495,-26.04506269187408,-19.86817418386491,-18.6494018574324,-26.478842440743865,-27.140547024308614,-27.036516576563194,-27.23109832968781,-28.044758268007,0,-0.043726620570240016,0.5687556343021996,0.16618635912444546,0.10564145230058486,-1.2187723264325072,0.6617045835647488,-0.10403044774541925,0.8136599383191907,1.291677090114316
095713.99+130252.0,-24.15196151006927,-24.651366619466085,-25.09922487648795,-25.33118639915034,-25.613173591356404,-16.859306190923512,-21.042773094531267,-26.041411302510088,-27.137794582452237,-26.57145314331844,-26.664539792598298,-27.415834657349507,0,0.4994051093968146,0.44785825702186344,0.23196152266239167,0.2819871922060635,4.183466903607755,1.096383279942149,-0.5663414391337973,0.751294864751209,1.3333533934479576
095716.94+301132.8,-24.368910166302275,-24.65298085097136,-25.243333402457605,-25.45810381572403,-25.731395998670088,-21.995412013139457,-23.65339629180306,-25.56557932524368,-26.657556521890733,-26.416614232862813,-26.52958334819541,-27.201938917968786,0,0.2840706846690857,0.5903525514862444,0.2147704132664252,0.27329218294605795,1.6579842786636014,1.0919771966470542,-0.24094228902792025,0.6723555697733765,1.071479532471379
095746.75+565800.7,-25.272832595172236,-25.610267936386368,-25.92692983732359,-26.048485698369475,-26.274524673584047,-23.245490688359297,-24.81904491212638,-26.513848505795483,-26.901535580480655,-26.9387666175739,-27.22984512642966,-28.23011369935677,0,0.33743534121413177,0.31666190093722335,0.12155586104588423,0.22603897521457128,1.5735542237670828,0.3876870746851715,0.037231037093246044,1.0002685729271121,1.1813594280601833
095758.34+174638.5,-24.13119688464264,-24.43169890757199,-24.73930173616147,-24.87685174795752,-25.080617340145555,-16.509512428474096,-19.10589050025221,-25.55933886073108,-25.81048523693134,-25.59788542761112,-25.96450119546485,-26.48931513693221,0,0.3005020229293507,0.3076028285894772,0.1375500117960513,0.20376559218803436,2.5963780717781155,0.25114637620025704,-0.21259980932021705,0.5248139414673574,1.0876494475073315
095820.94+322402.2,-25.01823296971121,-25.21429823744813,-25.629686747569384,-25.733071415706423,-25.948049613610856,-24.6736590031694,-24.894643095355157,-25.815492624131736,-25.943231170264028,-26.29782319571675,-26.35625049808313,-26.95031354164792,0,0.19606526773691968,0.4153885101212538,0.10338466813703917,0.21497819790443273,0.22098409218575554,0.12773854613229219,0.35459202545272106,0.5940630435647876,0.6231790823767085
095830.60+392354.4,-23.31473053341436,-23.62184733227929,-24.159891990009427,-24.307947269284544,-24.556563226063428,-23.16467263458224,-23.10577066063082,-24.47870833788528,-24.85994833825339,-25.08701271384253,-25.53969859759979,-26.441523391241912,0,0.30711679886493215,0.5380446577301363,0.1480552792751162,0.2486159567788846,-0.05890197395141783,0.3812400003681091,0.2270643755891406,0.9018247936421204,1.231751328315248
095847.88+690532.7,-25.03048848162812,-25.23323236836086,-25.62828702888925,-25.923491069360477,-26.1885070889572,-22.39936516906089,-24.62418909246472,-26.35141876212588,-26.66567155189156,-26.65451239945447,-27.229903948402445,-28.16576409122099,0,0.20274388673274046,0.3950546605283911,0.2952040404712264,0.2650160195967217,2.2248239234038323,0.3142527897656784,-0.011159152437087982,0.9358601428185445,1.306412879041968
095855.94+331617.5,-24.344956512436145,-24.517301128466467,-24.80128918704053,-24.96269480624952,-25.227074422880637,-22.59752734420404,-24.16666791372582,-25.3862672690492,-25.86677814946508,-26.099529728637,-26.50010915584401,-27.2972635809425,0,0.17234461603032258,0.28398805857406373,0.16140561920898833,0.26437961663111764,1.5691405695217817,0.4805108804158813,0.2327515791719179,0.797154425098487,1.537414349594492
095857.36+170811.0,-24.624553301538583,-24.629994462510748,-25.00639828551622,-25.15185976978896,-25.46373320875053,-19.66949163692933,-22.688259653557598,-25.76453338601248,-26.296781943624552,-26.68473166886412,-26.53880096150881,-27.339050901037087,0,0.005441160972164738,0.3764038230054716,0.1454614842727402,0.3118734389615696,3.018768016628268,0.5322485576120712,0.3879497252395687,0.8002499395282783,1.386941191719849
095929.88+633359.8,-25.096863588441455,-25.72365921582887,-26.51977862555875,-26.77290809841047,-27.066381827967813,-17.463810089582676,-23.117379199780707,-27.55082540799312,-27.83973155479028,-27.92127956039049,-28.087124429847496,-28.68551000986736,0,0.6267956273874162,0.7961194097298794,0.25312947285171816,0.29347372955734485,5.653569110198031,0.2889061467971601,0.08154800560021158,0.5983855800198654,1.3142163314370272
100021.81+395105.4,-24.922348325604112,-25.12940941998756,-25.440990254537645,-25.591660008504835,-25.841427189286563,-23.061595205976325,-24.656358630865707,-25.956702193874182,-26.54454257736081,-26.682068970524497,-26.67984217474817,-27.58291945005168,0,0.2070610943834481,0.31158083455008523,0.15066975396718973,0.24976718078172766,1.5947634248893827,0.587840383486629,0.13752639316368587,0.9030772753035095,1.0881821662433353
100023.48+124705.4,-24.836516644162455,-25.255219676956404,-25.66979393790352,-25.81463725469212,-26.11182910680076,-23.788829160092085,-24.559130983221063,-26.31876670564362,-26.640128496522,-26.6402893482409,-27.222804901057582,-28.21459527462235,0,0.4187030327939496,0.41457426094711636,0.14484331678859874,0.2971918521086394,0.7703018231289782,0.321361790878381,0.0001608517188991243,0.9917903735647684,1.408167646365463
100129.64+545438.1,-26.70707274372328,-26.92394366413578,-27.32663654537225,-27.396281236014268,-27.572838419221696,-22.043233149233554,-24.643525923948765,-27.78287404382805,-28.11675838880831,-27.92369706656081,-28.247161437568217,-28.8977625474648,0,0.2168709204125001,0.40269288123646874,0.0696446906420185,0.17655718320742864,2.6002927747152107,0.3338843449802624,-0.19306132224750172,0.6506011098965843,0.8508802015539487
100151.34+280002.2,-25.396730889595524,-25.55331419876046,-25.869866544289053,-25.94398653633581,-26.092134589265168,-24.2245562163075,-25.34271704968782,-26.266270161314043,-26.454300900468205,-26.418223856051213,-27.164438976253987,-28.1467040672639,0,0.15658330916493668,0.3165523455285921,0.07411999204675723,0.14814805292935773,1.118160833380319,0.18803073915416135,-0.036077044416991555,0.9822650910099142,1.2204524399181764
100222.11+510205.9,-24.86869147800516,-25.06279048564339,-25.382423990307775,-25.63794377438683,-25.910344334832896,-17.928723255563785,-23.093851920864267,-26.310702978799345,-26.743495108045163,-27.096671173893014,-26.879167723258465,-27.411159329225303,0,0.19409900763822918,0.31963350466438456,0.2555197840790555,0.27240056044606575,5.165128665300482,0.43279212924581856,0.3531760658478511,0.5319916059668373,1.2412239488716352
100226.54+342756.7,-23.801686074739944,-24.05182386874426,-24.405009608976428,-24.51207963850617,-24.642605326290585,-23.88245417104589,-23.844694150834364,-24.94425980561116,-24.989041614640705,-24.976620818273467,-25.4934950847474,-26.293786729211668,0,0.250137794004317,0.353185740232167,0.10707002952974065,0.13052568778441653,-0.03776002021152536,0.044781809029544206,-0.012420796367237585,0.8002916444642665,0.9814154462412326
100248.37+363624.0,-25.584264204930577,-25.475027642990423,-25.868638423639947,-26.03121277011314,-26.209897094608976,-23.26122200084824,-23.37344740128458,-26.523576538214236,-27.281318107237823,-26.78655433546416,-27.18544493453617,-27.90682282241908,0,-0.10923656194015408,0.39361078064952437,0.16257434647319258,0.17868432449583693,0.11222540043634055,0.7577415690235867,-0.4947637717736626,0.7213778878829089,1.154232164423032
100310.66+630840.6,-24.34387283444792,-24.812444852774707,-25.262362736005297,-25.43736282497612,-25.6817672864757,-22.60676132170317,-23.98635326957996,-25.921626964906075,-26.08023653704739,-26.18510978231533,-26.97691948025432,-27.940096468655103,0,0.4685720183267854,0.4499178832305901,0.17500008897082253,0.24440446149958106,1.37959194787679,0.15860957214131588,0.10487324526793884,0.9631769884007824,1.5395566552782007
100334.72+050232.0,-25.80094804401164,-25.71797543742499,-26.235281934605027,-26.351055122525587,-26.574227784757284,-24.095023123065907,-25.422283892271384,-26.72351244522986,-26.90201898494975,-27.08813386746155,-27.685755004376908,-28.627867611157463,0,-0.08297260658665095,0.5173064971800372,0.1157731879205599,0.22317266223169696,1.327260769205477,0.17850653971988706,0.1861148825118022,0.9421126067805545,1.3346998818513214
100336.44+224028.4,-23.64212739653223,-23.84124738042647,-24.26468245349754,-24.45435307256228,-24.71611933403292,-22.33638734451263,-22.97054372908969,-25.08531088976706,-25.83794624622959,-25.250593477124507,-26.265183740718864,-27.177098674909423,0,0.19911998389423857,0.42343507307106876,0.18967061906474214,0.2617662614706404,0.6341563845770608,0.7526353564625268,-0.587352769105081,0.911914934190559,1.8108306681565836
100343.64+245427.0,-24.76873942631429,-24.913887110889625,-25.508871484370232,-25.56420296570095,-25.8330766492184,-15.138999053259507,-17.004192192070438,-26.283491956780622,-26.674306047786395,-26.804431007835003,-26.846258575525894,-27.77789093263579,0,0.14514768457533478,0.5949843734806066,0.05533148133071819,0.2688736835174481,1.8651931388109304,0.39081409100577247,0.13012496004860807,0.9316323571098941,1.282055609824944
100357.21+200611.4,-24.28201109655003,-24.415569673205024,-24.89645286862548,-24.98400102533313,-25.23592735731085,-22.216492750944635,-23.87943346307686,-25.470504757059675,-26.09501271587684,-25.77484566445541,-26.20633988046005,-26.844379951128843,0,0.1335585766549947,0.4808831954204571,0.0875481567076477,0.25192633197772096,1.662940712132226,0.6245079588171656,-0.3201670514214321,0.6380400706687936,1.222338855126921
100416.04+632912.6,-24.73726652520131,-24.962154695321026,-25.365816317775952,-25.50005299755114,-25.787151536524025,-18.967022636423795,-19.78104477029947,-25.906524755214097,-26.47181271363696,-25.990080708174588,-26.909376180421383,-27.73701057450328,0,0.22488817011971562,0.4036616224549263,0.1342366797751886,0.2870985389728844,0.8140221338756746,0.5652879584228643,-0.4817320054623728,0.8276343940818975,1.4093231828702422
100449.84+372143.6,-25.208571494670775,-25.37471254449831,-25.68654572738734,-25.854162590551606,-26.11396467652128,-23.71864768594998,-24.655880133806225,-26.44069391564356,-26.654329564543367,-26.720901464143758,-27.0659111343423,-28.01468622124483,0,0.16614104982753375,0.31183318288903195,0.16761686316426605,0.2598020859696746,0.9372324478562462,0.2136356488998068,0.06657189960039034,0.9487750869025291,1.2117485437906943
100512.95+173956.4,-24.33770711622952,-24.64508728548669,-25.02698222271489,-25.229239441261253,-25.572250502326572,-17.630176337277977,-20.613590633775907,-25.85530847282054,-26.2942838299407,-26.70766813280544,-26.681022146217863,-27.46323893423259,0,0.3073801692571685,0.3818949372281999,0.20225721854636447,0.34301106106531876,2.98341429649793,0.4389753571201602,0.4133843028647419,0.7822167880147255,1.45178270495661
100517.43+434609.3,-25.99321789760092,-26.23380786490789,-26.68794530013979,-26.85839853151516,-27.115881143017425,-23.8631662160984,-24.658141268437745,-27.504793408400836,-27.75072266783989,-28.03109417606657,-28.155721071483697,-29.031437750223624,0,0.24058996730697046,0.45413743523189964,0.17045323137536883,0.25748261150226526,0.7949750523393462,0.24592925943905541,0.2803715082266791,0.8757166787399271,1.2973225399685369
100517.58+094314.9,-24.389517972195343,-24.829552218604952,-25.159718893723618,-25.27134392271832,-25.554170821914905,-21.899260434549934,-23.633303177645548,-26.04585780197668,-25.901811294278023,-25.70903315664936,-26.51551283999257,-27.361361253120226,0,0.44003424640960986,0.33016667511866515,0.11162502899470184,0.28282689919658566,1.734042743095614,-0.14404650769865768,-0.19277813762866103,0.8458484131276549,1.2441689172742514
100533.41+055128.6,-25.287471534232736,-25.505055569967737,-25.85528911621432,-26.045262102207577,-26.246058683652027,-23.544687286960382,-24.924479210443103,-26.333153341022737,-26.68506101095176,-26.59640245634409,-27.033544730641164,-27.89742692798723,0,0.21758403573500118,0.35023354624658154,0.18997298599325774,0.20079658144445034,1.3797919234827205,0.3519076699290231,-0.0886585546076688,0.8638821973460651,0.9882826284335877
100539.52+063629.8,-24.43649808571112,-24.91664857024178,-25.454302109863875,-25.60291747259904,-25.837878248998557,-22.162553410595187,-23.230449523517255,-26.472135180821866,-26.825352598884965,-25.5918714107336,-26.85296000374881,-27.796514815616657,0,0.480150484530661,0.5376535396220952,0.14861536273516407,0.23496077639951807,1.0678961129220674,0.3532174180630996,-1.2334811881513659,0.9435548118678483,1.25004253114977
100620.97+041244.8,-24.96697883226331,-25.19573425509391,-25.46400858434954,-25.632142234145515,-25.940598425383687,-22.413498073665853,-24.36814596194097,-26.26609943802865,-26.59001958451569,-26.771599869049734,-27.03034445488599,-27.88067938105888,0,0.22875542283059858,0.2682743292556289,0.16813364979597623,0.3084561912381716,1.9546478882751188,0.3239201464870405,0.18158028453404285,0.8503349261728879,1.398202220740476
100622.10+301547.8,-24.561495581065163,-25.28366931945436,-26.19462394227032,-26.426998461617803,-26.57817053745402,-18.47153722498874,-21.501514974363324,-26.92581189853148,-27.052404482363382,-27.19058197750772,-27.15517959064079,-27.67984485342188,0,0.7221737383891984,0.9109546228159573,0.2323745193474842,0.15117207583621806,3.0299777493745843,0.12659258383190064,0.13817749514433686,0.5246652627810917,0.7281811290229854
100629.13+682126.0,-24.034123641723745,-24.42277074707254,-24.93248921777488,-25.11943591958644,-25.39220895143215,-21.59721430180389,-23.9866255716937,-25.96605374324477,-26.421442321388778,-26.328303452944564,-26.715161012229384,-27.460366264203348,0,0.3886471053487952,0.5097184707023388,0.1869467018115607,0.2727730318457091,2.389411269889809,0.4553885781440066,-0.09313886844421404,0.7452052519739638,1.5957250926429438
100711.80+053208.8,-25.989920579260957,-26.442566211578825,-27.0530135559838,-27.211901160947733,-27.449120077778613,-19.468331002008583,-23.503476209655712,-27.85327423867028,-28.08194938674024,-28.44041602950907,-28.428708199382893,-29.13013988285565,0,0.4526456323178678,0.6104473444049745,0.15888760496393317,0.23721891683088003,4.03514520764713,0.2286751480699607,0.35846664276882834,0.7014316834727587,1.2168070384351601
100716.69+030438.7,-24.64741018399483,-24.980942426716368,-25.344759392102123,-25.397963878932,-25.588493944547977,-18.32646152781031,-19.63936628732001,-26.02298337808367,-26.279470257301718,-26.712703501159176,-26.4293331240586,-27.22932097924705,0,0.3335322427215388,0.36381696538575525,0.053204486829876885,0.1905300656159774,1.3129047595096992,0.25648687921804836,0.4332332438574582,0.7999878551884478,1.0313692451266014
100736.05+363859.6,-25.48459713939128,-25.597276424050055,-25.783563277686984,-25.87245896874899,-26.03291945333452,-24.09475137900668,-25.100885304753707,-25.947578358268164,-25.865300756056065,-25.552620864442048,-27.11330283512813,-28.056329668571625,0,0.11267928465877475,0.1862868536369291,0.08889569106200668,0.1604604845855313,1.0061339257470259,-0.08227760221209834,-0.31267989161401744,0.9430268334434935,1.2408438663791408
100845.08+630631.2,-24.63220139268641,-24.988145837497783,-25.28102811442361,-25.39265374653969,-25.604922771031926,-21.9559607254006,-22.63997335646992,-26.11585457301341,-26.849188889785346,-26.236116814987867,-26.75778442405762,-27.4705891908389,0,0.3559444448113709,0.2928822769258268,0.11162563211608045,0.21226902449223672,0.6840126310693186,0.7333343167719342,-0.6130720747974792,0.7128047667812822,1.3651306775179286
100907.95+582949.3,-24.8502395976228,-25.11548331351212,-25.517735887858525,-25.710106505086205,-26.03127649562932,-17.773663972450354,-21.550974596093763,-26.157209325827395,-26.546551766287056,-27.05751197365001,-27.22098067870983,-27.85202704262936,0,0.2652437158893193,0.4022525743464058,0.1923706172276809,0.32116999054311535,3.777310623643409,0.3893424404596608,0.5109602073629524,0.6310463639195305,1.5108741736236233
100927.44+273215.7,-25.47430145061345,-25.639879686166243,-25.856203212792423,-25.91127167394581,-26.10392376471731,-23.8519640950576,-25.229573211174024,-25.97399592423169,-26.421055292332767,-26.74701078114757,-26.93334940626505,-27.826927656485637,0,0.16557823555279327,0.21632352662618004,0.05506846115338604,0.19265209077150303,1.3776091161164246,0.44705936810107616,0.3259554888148024,0.8935782502205853,1.022077732319243
101000.09+183846.0,-24.873170416424344,-25.16126792206449,-25.62231381974921,-25.7837276809092,-26.046167494140587,-22.69063000651192,-24.6504212918915,-26.184948552339257,-26.67131707228348,-26.76471400119925,-27.23748865642689,-28.075325615569888,0,0.28809750564014536,0.4610458976847198,0.16141386115999268,0.262439813231385,1.9597912853795805,0.4863685199442216,0.09339692891576945,0.8378369591429973,1.4537609755176888
101152.50+641157.8,-24.62759058078839,-24.7632316131725,-25.150823017110795,-25.340206784060467,-25.649394521065982,-18.99648629107161,-19.956809230697957,-25.954358519093688,-26.378681009393965,-26.50730940494666,-26.73822163807645,-27.56266410263004,0,0.13564103238411107,0.38759140393829483,0.18938376694967118,0.30918773700551583,0.960322939626348,0.4243224903002769,0.12862839555269545,0.8244424645535915,1.3980148540159831
101159.11+365142.7,-24.89040282932708,-25.335242693737523,-25.684343093660168,-25.78018598746781,-26.042339670450414,-20.104396480916733,-22.60603506782745,-26.38143754280781,-26.71920497749624,-27.22679055439708,-27.031282227731225,-27.62233146820895,0,0.44483986441044365,0.3491003999226443,0.09584289380764233,0.26215368298260344,2.5016385869107154,0.3377674346884305,0.5075855769008406,0.5910492404777266,1.251096240263415
101211.44+330926.4,-24.947390029741257,-25.151444570884838,-25.434684920723463,-25.64288302933868,-25.938969501873387,-21.96770007073082,-22.1099358523146,-26.41548108461775,-26.949024853528265,-27.16248915698681,-27.02088886433405,-27.622928179039555,0,0.2040545411435808,0.2832403498386249,0.2081981086152176,0.2960864725347072,0.14223578158377848,0.5335437689105156,0.21346430345854372,0.6020393147055039,1.3780058349953705
101252.22+185635.0,-23.589675275700397,-23.760237570071343,-24.233593306396944,-24.38289147651676,-24.59439779912496,-22.402192891455588,-23.15425832970307,-24.472386970021603,-24.97089439640083,-25.2104879062965,-25.87179537806148,-26.70974676023781,0,0.17056229437094572,0.47335573632560113,0.14929817011981683,0.2115063226081979,0.752065438247481,0.49850742637922707,0.23959350989566985,0.8379513821763283,1.4889039015447203
101317.98+050034.0,-22.04553311741448,-22.207190665007523,-22.46712438143512,-22.6620600384565,-22.900757697739344,-21.59854956636007,-21.67352712557346,-23.05140567396796,-23.63340088359081,-23.50393679180856,-23.985792318294216,-24.46699871126109,0,0.16165754759304463,0.25993371642759655,0.19493565702137872,0.23869765928284536,0.07497755921339078,0.5819952096228498,-0.12946409178224982,0.4812063929668753,1.3237322798377171
101326.90+355806.8,-23.617510993825405,-24.08313651710988,-24.625078520625166,-24.78796945111491,-25.075334866836275,-20.56825209243725,-22.026033916124,-25.12753689323323,-25.409947288461563,-25.598698251790378,-25.828896074409418,-26.56420648864355,0,0.4656255232844764,0.5419420035152847,0.1628909304897448,0.2873654157213643,1.4577818236867515,0.28241039522833233,0.1887509633288147,0.7353104142341316,1.0409266232945065
101330.16+531559.6,-26.208016911659595,-26.471417368441045,-26.71823981837331,-26.804847276912728,-27.066086112431755,-24.379119273006577,-25.994842959708897,-27.239732044945967,-27.622024985145664,-27.57177279042608,-28.432909378916086,-29.55098266686925,0,0.26340045678145074,0.24682244993226377,0.08660745853941876,0.26123883551902694,1.6157236867023208,0.3822929401996973,-0.05025219471958309,1.1180732879531625,1.6280621020033585
101353.43+244916.4,-26.193922948757905,-26.380325225211884,-26.79073311956932,-26.97590143996284,-27.26553536188672,-22.392100257171663,-25.653893775912668,-27.615111661734264,-28.21207265029325,-28.126582754988327,-28.41261775630534,-29.05235813028936,0,0.186402276453979,0.4104078943574372,0.18516832039351883,0.2896339219238797,3.2617935187410048,0.5969609885589868,-0.08548989530492435,0.6397403739840186,1.4367163163425012
101429.57+481938.4,-25.269685277229136,-25.51288214896691,-25.71817034586579,-25.78113465551695,-26.08282992433079,-22.68065999254898,-24.76730007495853,-26.34169901326028,-26.68156738510021,-26.65811793104678,-26.98257086036404,-27.93398231478953,0,0.24319687173777282,0.20528819689888067,0.06296430965116073,0.301695268813841,2.086640082409552,0.33986837183993046,-0.023449454053427132,0.951411454425493,1.201436204847088
101447.54+521320.2,-25.15522753255645,-25.237235284354337,-25.48433008784391,-25.626048870797213,-25.824281955149107,-23.02655806418081,-24.544455298307177,-25.866261393215996,-26.247227508463453,-26.207160171595568,-26.468778177213217,-27.386603234489627,0,0.08200775179788877,0.24709480348957413,0.14171878295330131,0.19823308435189446,1.517897234126366,0.3809661152474568,-0.04006733686788522,0.91782505727641,0.842729306416004
101605.66+641740.9,-24.98852129492117,-24.893581881400102,-25.42398000407784,-25.64834617335741,-25.779028178208915,-19.51962919970438,-20.019350072330177,-26.507036429815283,-26.69033021882492,-27.164209100853416,-27.09928797877953,-27.73835382486904,0,-0.09493941352106816,0.5303981226777381,0.22436616927956976,0.13068200485150427,0.49972087262579734,0.18329378900963533,0.4738788820284974,0.6390658460895118,1.4509418054221186
101614.97+181504.9,-23.9262734970409,-23.9446435705938,-24.150253609706827,-24.38069994373576,-24.611580739644182,-22.75207820603529,-23.82481197720305,-24.438444821479003,-25.29991727320431,-25.347474166033905,-25.81935361011402,-26.62609019241164,0,0.018370073552901545,0.20561003911302578,0.2304463340289331,0.2308807959084227,1.072733771167762,0.8614724517253087,0.04755689282959352,0.8067365822976207,1.4386536663782614
101636.41+124959.6,-23.1170617146844,-23.21245557628265,-23.45594625902699,-23.54157229027309,-23.7561241293458,-22.821930114576936,-22.98031944185391,-23.852536811118803,-24.24235435373885,-24.430043348666004,-24.80837690881924,-25.79555973938783,0,0.09539386159825014,0.2434906827443406,0.08562603124610035,0.21455183907270836,0.15838932727697497,0.3898175426200474,0.18768899492715363,0.9871828305685888,1.26680461854615
101636.44+180826.4,-24.53751523210969,-24.67908115594479,-25.01845957894255,-25.173567318596028,-25.373393388207457,-23.154618588682588,-24.538856107250872,-25.72211536661838,-25.76914506195444,-25.82077418471728,-26.40183379985196,-27.1611136999962,0,0.14156592383509903,0.3393784229977612,0.15510773965347724,0.19982606961142935,1.384237518568284,0.04702969533606094,0.05162912276284004,0.7592799001442394,1.2282664812559325
101637.90+381540.6,-24.700061176675582,-24.81398978825486,-25.09914810862233,-25.269673961444177,-25.578265239779448,-22.98219314283941,-24.3019275069148,-26.18045201287491,-26.43095880786672,-26.3351227641674,-26.475443339880307,-27.380629598619425,0,0.11392861157927925,0.2851583203674686,0.1705258528218465,0.3085912783352711,1.3197343640753907,0.2505067949918107,-0.0958360436993182,0.9051862587391177,1.2057693784361305
101702.11+353405.4,-23.56794700578143,-23.910482998351537,-24.36179168200051,-24.539659141530134,-24.74379580038928,-22.68750264465957,-23.34968997620573,-25.06332222596136,-24.981434426186567,-24.58425644308362,-26.543314252605533,-27.48533195127157,0,0.3425359925701059,0.4513086836489748,0.17786745952962235,0.20413665885914511,0.6621873315461606,-0.08188779977479399,-0.39717798310294583,0.9420176986660351,2.0036551110753997
101749.09+293629.2,-24.54861907200714,-24.752615701060407,-25.03250060468512,-25.22717902183326,-25.500143472388817,-22.646490423044764,-24.23728089215828,-25.891601960013823,-26.152141110870325,-25.88719418130604,-26.862184890020394,-27.92565338669373,0,0.2039966290532682,0.27988490362471197,0.19467841714813972,0.27296445055555907,1.590790469113518,0.26053915085650203,-0.2649469295642852,1.0634684966733374,1.635005868187136
101842.90+311230.1,-22.535830053260398,-22.73405918183416,-23.186799951997333,-23.261933035987223,-23.408254297230748,-22.24175597672568,-22.33845452498088,-23.4784515613586,-23.86808624313612,-24.364833034311577,-24.157237719117543,-24.87533330447886,0,0.19822912857376096,0.4527407701631745,0.07513308398988983,0.14632126124352496,0.09669854825519764,0.3896346817775189,0.4967467911754575,0.7180955853613185,0.8953046831303197
101903.12+101655.0,-25.070787459807555,-25.361238239153504,-25.577391359848644,-25.79749397499146,-26.16577279280107,-23.12703143890611,-24.9043430051062,-26.319153146714797,-26.53832919663095,-26.58859721131374,-27.276211516541025,-28.290432789250623,0,0.29045077934594943,0.21615312069513948,0.22010261514281737,0.36827881780961036,1.7773115662000905,0.21917604991615391,0.050268014682789186,1.014221272709598,1.478717541549564
101916.38+504557.2,-24.550524366263247,-24.803279646323148,-25.25064689141936,-25.374534526597326,-25.668439107766844,-22.18969425680116,-24.246725976835787,-26.252682997918583,-26.271311166878608,-26.125586725557987,-26.60753393240852,-27.343622213290985,0,0.2527552800599011,0.4473672450962134,0.1238876351779652,0.29390458116951734,2.057031720034626,0.018628168960024283,-0.14572444132062046,0.7360882808824663,1.2329994058111922
101921.62+354036.7,-25.137606874131198,-25.414637872741164,-25.71871195270113,-25.84827451368324,-26.11112593362985,-22.530344850775947,-24.61484143886927,-26.341135340507588,-26.53101013419257,-26.19624151367558,-27.169297148595877,-28.046338925649064,0,0.27703099860996616,0.3040740799599675,0.12956256098210872,0.2628514199466103,2.084496588093323,0.18987479368498228,-0.3347686205169893,0.8770417770531864,1.3210226349126373
102008.82+460151.8,-24.54891832497124,-24.97674420798357,-25.42174130072157,-25.55719447581786,-25.805226177991443,-21.624627713008167,-24.06274337209031,-26.2895276250125,-26.40294032918899,-26.499815827920905,-26.599776314432923,-27.577965926628128,0,0.42782588301233204,0.44499709273799937,0.13545317509628774,0.24803170217358428,2.4381156590821433,0.11341270417648985,0.09687549873191514,0.9781896121952052,1.0425818386150638
102018.17+243244.5,-25.493791919931493,-25.742312245489213,-25.96137134001649,-26.046396392656916,-26.24787952747787,-22.92166452162684,-24.33102848254424,-26.70194201062765,-26.84859721369597,-26.764084615568432,-26.944783024698037,-27.774145158544652,0,0.2485203255577204,0.21905909452727812,0.08502505264042526,0.20148313482095404,1.4093639609173998,0.14665520306832036,-0.08451259812753875,0.8293621338466153,0.8983866320411202
102035.23+605832.2,-24.20060257110558,-24.36117738452181,-24.648758218033382,-24.82573453790787,-25.091985942317496,-22.72964374013546,-24.263740638009484,-25.30832886919744,-26.05216742697912,-26.12666734329014,-26.023779058447897,-27.02812848993567,0,0.16057481341622903,0.2875808335115728,0.1769763198744876,0.26625140440962625,1.5340968978740221,0.7438385577816824,0.07449991631101938,1.0043494314877748,1.1980445205400265
102230.30+304105.1,-25.17062988460896,-25.30370705211035,-25.553015402921385,-25.75324042395073,-25.98074338364473,-23.84398415243276,-25.34900097117549,-26.051814655915265,-26.473802243616667,-26.55316812987803,-26.74398071727927,-27.547461427075064,0,0.13307716750139065,0.24930835081103453,0.20022502102934325,0.22750295969400014,1.5050168187427282,0.4219875877014019,0.07936588626136398,0.8034807097957923,0.9907402933285425
102311.56+394815.4,-24.161999945702483,-24.298071555891177,-24.664698098736935,-24.83129333958923,-25.038784895665533,-20.700881947386783,-23.985233863666,-26.548862961023207,-26.93909611306225,-27.55913608813904,-26.190130461576317,-26.906380902702917,0,0.13607161018869363,0.3666265428457578,0.1665952408522955,0.20749155607630243,3.284351916279217,0.3902331520390412,0.6200399750767929,0.7162504411266006,1.3588371219870865
102311.95+401903.1,-25.43528264989008,-25.63248484235069,-25.969263764230583,-26.15287232118361,-26.471771796959818,-22.398278469088734,-23.835153625617988,-26.81543711811104,-27.20310628492411,-27.297958915404585,-27.43605573916708,-28.05082217071568,0,0.19720219246060822,0.336778921879894,0.18360855695302902,0.31889947577620603,1.4368751565292541,0.3876691668130725,0.09485263048047443,0.614766431548599,1.2831834179834694
102338.50+262911.0,-23.961246994232717,-24.549321179489706,-24.96340973679228,-25.195955833410878,-25.489056691516293,-20.499443246338984,-23.429337337924952,-25.46164106519969,-25.693189402560364,-25.79723543351472,-26.874770653786214,-27.829573482567564,0,0.5880741852569891,0.41408855730257343,0.2325460966185986,0.2931008581054151,2.929894091585968,0.2315483373606746,0.1040460309543576,0.9548028287813501,1.6788148203753366
102457.43-001742.1,-25.447154176163213,-25.57217166566704,-25.960645512157075,-26.113301197927385,-26.351590066453547,-22.062192144980852,-24.92121915501737,-26.67299503875445,-27.01807854648632,-26.63013494594312,-26.90362968602811,-27.70514579234724,0,0.12501748950382563,0.3884738464900366,0.1526556857703092,0.23828886852616193,2.8590270100365167,0.3450835077318679,-0.3879436005431991,0.8015161063191272,0.7903284881007266
102459.93+200524.6,-24.417935131555023,-24.837629577344547,-25.31752101031813,-25.48932383784072,-25.77695216017076,-19.698576397685777,-18.62461386559824,-26.22299420790606,-26.616854234877504,-26.831953992019034,-27.07182326678417,-28.091639676842263,0,0.4196944457895242,0.4798914329735844,0.1718028275225869,0.2876283223300433,-1.0739625320875383,0.3938600269714456,0.2150997571415303,1.0198164100580946,1.58249942894345
102518.17+180522.3,-24.716032343054614,-25.13253580426602,-25.41328795900932,-25.47737364590257,-25.690736893655394,-22.37136989389168,-23.13212565493947,-25.806373401327463,-26.37000802327163,-26.112264770746965,-26.574865080721825,-27.5823684022316,0,0.4165034612114056,0.2807521547433005,0.06408568689325023,0.21336324775282378,0.7607557610477897,0.5636346219441677,-0.2577432525246657,1.0075033215097768,1.0974914348192542
102547.59+121011.6,-24.622483530627346,-24.909320944861182,-25.13717973808533,-25.223397107872817,-25.433119618569997,-23.380009982353727,-25.04572077444673,-25.68764759044252,-25.89419233632489,-26.131169790285675,-26.71124251021699,-27.786862727074784,0,0.2868374142338368,0.22785879322414715,0.08621736978748729,0.20972251069717984,1.6657107920930017,0.20654474588236837,0.23697745396078673,1.0756202168577929,1.487845402344174
102550.59+200358.9,-25.009974414696376,-25.36604930809698,-25.727884106213068,-25.887852312022627,-26.1160809816897,-19.69672206934125,-18.614497967840293,-26.286088470417678,-27.863487391658428,-26.39942690005315,-27.06320686326877,-27.84890752496307,0,0.35607489340060283,0.36183479811608876,0.15996820580955884,0.22822866966707167,-1.0822241015009553,1.57739892124075,-1.4640604916052773,0.7857006616942996,1.1753545512461443
102621.07+480009.2,-24.46079901420396,-24.5921616401444,-24.877272972182794,-25.06156469560984,-25.28442577128124,-22.430086862173425,-24.216998347004598,-25.66582630370182,-25.75242188056271,-25.804758868332065,-26.347437987939863,-27.29015031491449,0,0.13136262594044013,0.2851113320383938,0.18429172342704447,0.2228610756713998,1.7869114848311725,0.08659557686089059,0.05233698776935469,0.9427123269746289,1.2858732923300238
102622.81+592424.7,-24.68383434818065,-25.277806861139933,-25.692767748555344,-25.792524808608505,-26.059977529417974,-23.030609889788632,-23.790655242845,-26.277096788630747,-26.75486842115154,-26.4508697037747,-26.7005265219691,-27.47237334950986,0,0.593972512959283,0.41496088741541115,0.09975706005316098,0.26745272080946947,0.7600453530563662,0.4777716325207919,-0.3039987173768388,0.7718468275407595,0.9080017133605942
102648.15+295410.9,-25.147409360915823,-25.274941671165976,-25.61110288114882,-25.717582155896174,-26.09608097266897,-23.08043268455329,-23.865659034627893,-26.40872899706491,-27.26199393629201,-27.305605393344276,-27.241135775210413,-28.058183681226893,0,0.1275323102501531,0.33616120998284416,0.10647927474735397,0.3784988167727974,0.785226350074602,0.8532649392271026,0.04361145705226477,0.8170479060164801,1.5235536193142387
102721.01+131151.9,-23.834143196910755,-24.126307268400428,-24.557157702483543,-24.77003155132114,-25.070385013062584,-22.810106135790743,-23.82088488979262,-24.961703245445573,-25.583799550124105,-25.29837112922363,-26.296278075997986,-27.01612438901838,0,0.2921640714896725,0.43085043408311563,0.21287384883759586,0.3003534617414445,1.0107787540018762,0.6220963046785322,-0.2854284209004767,0.719846313020394,1.5262465246768464
102731.49+541809.7,-24.608154638798364,-25.09443789222056,-25.53410420144207,-25.728287472302515,-25.97645580417297,-23.30545071803983,-23.81860329962235,-26.0601589835738,-26.513889401245923,-26.28601304422927,-26.68564362038058,-27.590943589775303,0,0.48628325342219725,0.43966630922150784,0.19418327086044584,0.24816833187045617,0.5131525815825206,0.45373041767212285,-0.2278763570166511,0.9052999693947221,0.9573561480780661
102734.13+183427.5,-25.11654795368552,-25.186416747419877,-25.67132628042485,-25.889481560074422,-26.065983752144675,-23.16576428090208,-23.55135274762421,-26.632678326108987,-26.940663713866943,-27.016928304533742,-26.967848874979,-27.626523279746017,0,0.06986879373435784,0.4849095330049735,0.21815527964957226,0.1765021920702523,0.38558846672212965,0.3079853877579559,0.07626459066679914,0.6586744047670159,1.078367314904579
102817.47+140421.9,-24.43421884259612,-24.751233242040108,-25.290657793318395,-25.573777123390947,-25.861255850055517,-21.72999149543044,-23.089454287283413,-26.16002558352552,-26.58633371629271,-26.5562474962402,-26.68879053649639,-27.586857620495497,0,0.31701439944398757,0.5394245512782874,0.28311933007255163,0.2874787266645704,1.3594627918529731,0.4263081327671898,-0.03008622005251027,0.8980670839991056,1.1150134131054443
102902.71+291532.9,-24.765983673749737,-25.323964508494296,-25.85802591942305,-26.040390477785493,-26.36680678684131,-19.71443566252424,-23.66443607245353,-26.758281272555344,-27.16322012927136,-27.01674422479126,-27.67293616271545,-28.627802751496525,0,0.5579808347445585,0.5340614109287536,0.18236455836244403,0.32641630905581565,3.950000409929288,0.40493885671601504,-0.1464759044800985,0.9548665887810728,1.6325456849299584
102905.69+231150.9,-24.356817294756844,-24.623319135107614,-25.01589687073559,-25.20317061645404,-25.359648936416107,-21.730314707531416,-23.770294709817648,-26.03062433116552,-26.50133774932716,-26.331011966018323,-26.911558757643693,-28.002411503948007,0,0.2665018403507702,0.3925777356279774,0.1872737457184499,0.15647831996206563,2.0399800022862316,0.47071341816164036,-0.17032578330883652,1.0908527463043143,1.7083881411896513
102907.09+651024.6,-25.988575536155004,-26.12553106388326,-26.560596165933507,-26.65459006428347,-26.86017644170452,-22.81107040357261,-23.50978174754409,-27.119477796670523,-27.364995776459608,-27.74869001166711,-27.82921309051123,-28.687833066947363,0,0.13695552772825437,0.43506510205024895,0.09399389834996441,0.20558637742104935,0.6987113439714783,0.24551797978908496,0.38369423520750345,0.8586199764361311,1.17462302622776
102919.29+250650.3,-25.35204365430736,-25.531633462012127,-25.92471149458128,-26.11916792483415,-26.44191362890319,-23.99076715578822,-25.007784993841938,-27.01772422187473,-27.412404213590666,-27.395919254363942,-27.937438597607933,-28.789067725352705,0,0.17958980770476884,0.39307803256915363,0.1944564302528704,0.3227457040690389,1.017017838053718,0.39467999171593604,-0.016484959226723106,0.8516291277447721,1.8182706727737816
102928.63+310623.4,-24.65019482454965,-24.76645570395538,-25.060716263094807,-25.20677385369931,-25.50106680143844,-21.74693284127757,-24.256533060127428,-25.104057239404494,-25.66740697174613,-25.82114702138074,-26.621213942087262,-27.49680194811192,0,0.11626087940572916,0.2942605591394276,0.14605759060450296,0.2942929477391303,2.509600218849858,0.563349732341635,0.1537400496346102,0.8755880060246568,1.414440088387952
102928.69+270255.5,-25.199410157775464,-25.169136679365568,-25.48897488007152,-25.646409242615675,-25.87496425770203,-18.74826902709261,-20.54488269638209,-25.84925954292425,-26.453799671574284,-26.566470135709576,-26.63170484104038,-27.48062280400036,0,-0.030273478409895915,0.31983820070595215,0.157434362544155,0.22855501508635356,1.7966136692894779,0.6045401286500329,0.11267046413529158,0.8489179629599803,0.985295598424706
102955.97+552057.9,-25.41533818909169,-25.56764567548625,-25.92442694032789,-26.08593336466807,-26.330079996955472,-23.490674406388163,-24.3204662570666,-26.660461610177485,-26.814345163653627,-26.789089467588184,-26.939570328611765,-27.67578250977056,0,0.15230748639456237,0.35678126484163997,0.16150642434017826,0.24414663228740352,0.8297918506784363,0.1538835534761418,-0.02525569606544309,0.7362121811587947,0.8536369639436963
103005.10+132531.1,-25.61744742764218,-26.02343563512721,-26.39141226158964,-26.526305621799725,-26.77082675977294,-22.932020169160456,-24.935129478160995,-27.182282743678165,-27.55319098244306,-27.44576240683984,-27.749451049392277,-28.705625010060537,0,0.4059882074850307,0.3679766264624291,0.1348933602100857,0.24452113797321573,2.003109309000539,0.3709082387648941,-0.10742857560321895,0.9561739606682593,1.2231454275925522
103024.95+551622.7,-23.72853811509177,-23.93627528390603,-24.424192651596268,-24.564553314337655,-24.847501828020075,-23.605065826330865,-23.43817735647009,-24.54946756701785,-24.786548671512847,-25.22108941826361,-25.888480945148665,-26.6940294887765,0,0.20773716881426196,0.48791736769023686,0.14036066274138648,0.28294851368242036,-0.1668884698607762,0.23708110449499742,0.4345407467507627,0.805548543627836,1.32392763081101
103026.43+214714.9,-25.19597176311896,-25.23956827012359,-25.62917629143057,-25.76759217184573,-25.99614427510617,-23.14275206932217,-24.965539280911944,-25.67118060331856,-26.454177197388372,-26.401057708073058,-26.833106949250997,-27.595446741804853,0,0.04359650700463291,0.38960802130698013,0.13841588041515962,0.22855210326044073,1.8227872115897732,0.7829965940698109,-0.05311948931531418,0.7623397925538562,1.0655147774052658
103045.22+255522.1,-24.30719375704122,-24.50263849757288,-24.92041404088664,-25.166767761249357,-25.32665292971342,-23.104709207482152,-23.833727501230108,-25.57080145363984,-25.771009433031765,-25.91749187318672,-26.193327115055645,-26.925260456196053,0,0.19544474053166283,0.4177755433137591,0.2463537203627162,0.15988516846406142,0.7290182937479557,0.20020797939192292,0.14648244015495493,0.7319333411404081,1.026559353806288
103054.82+121024.8,-24.768362690425025,-25.01185829079113,-25.32033197715033,-25.46034577244428,-25.738168541507868,-21.33165204123986,-24.08687834427796,-25.93753812775988,-26.15446941994648,-26.109947855190992,-26.654877459561646,-27.62406791075083,0,0.2434956003661064,0.3084736863591999,0.14001379529394953,0.2778227690635866,2.7552263030381,0.2169312921866009,-0.044521564755488185,0.9691904511891849,1.1945316871173652
103124.62+291300.3,-23.84659929126772,-24.176041664126448,-24.497398940516693,-24.757587347345112,-25.034409948405425,-17.338117019626697,-21.727762576789384,-25.813726397568438,-26.149805180457168,-26.639891025161408,-26.148191184366844,-26.56293564628388,0,0.329442372858729,0.3213572763902448,0.26018840682841926,0.27682260106031364,4.389645557162687,0.3360787828887304,0.49008584470423955,0.41474446191703507,1.3906038370217324
103135.98+480914.7,-25.34881955127232,-25.725954127200257,-25.92567339514907,-26.090439205210544,-26.35889832149497,-22.787523304074124,-25.127736954470954,-26.41027036475932,-26.677241855035057,-26.63155622007149,-27.678493512300385,-28.66564850110323,0,0.3771345759279363,0.19971926794881156,0.16476581006147484,0.26845911628442565,2.34021365039683,0.2669714902757363,-0.045685634963565036,0.9871549888028461,1.5880543070898412
103249.37+180530.6,-26.036853667030005,-26.338891553695333,-26.63089330746736,-26.73846734180565,-26.956344854988348,-23.077392061277266,-25.765411981934516,-27.06772071636684,-27.318210480708775,-27.35578067249551,-27.42420705579071,-28.30220515550231,0,0.30203788666532816,0.292001753772027,0.10757403433828827,0.21787751318269954,2.6880199206572506,0.2504897643419355,0.0375701917867346,0.8779980997116006,0.6857397139850612
103249.88+054118.3,-25.341342405278738,-25.897894721105462,-26.341874233180707,-26.556955407938005,-26.794269145979992,-18.9916586305864,-20.50989356692739,-27.263273561086205,-27.53631505269246,-28.05185988164356,-27.81604726159725,-28.369239854040355,0,0.5565523158267247,0.443979512075245,0.21508117475729804,0.23731373804198697,1.5182349363409884,0.2730414916062536,0.5155448289511,0.5531925924431036,1.2590918536592461
103347.71+271312.0,-24.57577523103813,-24.77094930841353,-25.148111654156345,-25.41309258075453,-25.808913919276357,-22.92068852536554,-23.65406303683917,-26.087568095478435,-26.908389597886867,-26.59066995691466,-26.91196546421597,-27.45366125609067,0,0.19517407737540182,0.37716234574281415,0.2649809265981844,0.3958213385218272,0.7333745114736274,0.8208215024084318,-0.3177196409722072,0.5416957918746981,1.4988728834614413
103402.00+261036.8,-23.92969027366608,-24.00295261783457,-24.35622697771202,-24.453450796066218,-24.632680273284,-21.8892197819922,-23.78317525906225,-24.781440971578817,-25.416330601790392,-25.120598107024502,-25.87274656790765,-26.838931152658613,0,0.07326234416849076,0.3532743598774495,0.09722381835419824,0.17922947721778115,1.893955477070051,0.6348896302115747,-0.2957324947658897,0.9661845847509625,1.4192957718414334
103405.73+463545.4,-24.87617524264282,-25.119447084040853,-25.580622003062828,-25.77951072293512,-26.018115642587997,-20.763559289753047,-20.662806370651523,-26.26272802670665,-26.830559944398924,-27.191862316754023,-26.968516462930484,-27.76951564498754,0,0.24327184139803393,0.4611749190219747,0.1988887198722935,0.23860491965287522,-0.10075291910152373,0.5678319176922741,0.3613023723550981,0.8009991820570548,1.1890057399953626
103428.96+181533.0,-25.766312737133127,-26.164548476658823,-26.449168662352637,-26.64492717357984,-27.03863578872201,-22.66306273401377,-24.77188097725677,-27.504880519395357,-27.79962665328516,-27.84277386077722,-28.077460331935185,-28.88501456064441,0,0.39823573952569546,0.2846201856938144,0.19575851122720422,0.39370861514217026,2.1088182432430003,0.2947461338898023,0.04314720749206202,0.8075542287092254,1.4325331583553442
103446.32+162612.2,-24.443728194304907,-24.774255680439808,-25.20987597691105,-25.44164431294078,-25.66079355352052,-22.05386781687099,-22.79929020172152,-25.992686420606613,-26.529505278989248,-26.758893337984883,-26.86684707113329,-27.70405770243052,0,0.33052748613490124,0.43562029647124234,0.2317683360297309,0.21914924057973906,0.7454223848505279,0.5368188583826345,0.2293880589956352,0.837210631297232,1.4252027581925084
103447.34+452703.1,-23.220003618988653,-23.65162549264147,-24.23300136613017,-24.457292193340464,-24.670983332494888,-21.62346854731515,-23.07856796530254,-24.841385962082366,-25.31318016885854,-25.2157843594341,-25.389570499465044,-26.184422820777737,0,0.43162187365281923,0.5813758734886996,0.22429082721029303,0.21369113915442384,1.455099417987391,0.471794206776174,-0.09739580942444093,0.7948523213126926,0.9322783061245801
103501.06+171311.5,-24.092152375919213,-24.269874165548607,-24.61136201632536,-24.902397423333024,-25.02608783910443,-22.65189290293171,-23.81565356602148,-25.04551056076533,-25.53958650599183,-25.28015233957117,-25.966731336892963,-26.87867695681212,0,0.17772178962939478,0.34148785077675115,0.2910354070076657,0.12369041577140649,1.1637606630897714,0.494075945226502,-0.25943416642066097,0.9119456199191589,1.0643339135599383
103527.46+495827.7,-25.37841147489418,-25.62667697193223,-25.923553805070853,-26.096690755961166,-26.3546551226932,-23.00758353822211,-25.29879370889053,-26.607401616697384,-26.89199993393314,-26.71529248949783,-27.232582368928828,-28.28752592217076,0,0.24826549703805156,0.29687683313862223,0.17313695089031356,0.2579643667320326,2.2912101706684176,0.2845983172357549,-0.1767074444353085,1.0549435532419338,1.1358916129676615
103533.01+450354.2,-24.92598715475401,-25.059667853229957,-25.32665093590174,-25.44868234777517,-25.692016124087637,-22.355685916357352,-24.170766831028786,-25.820368680323774,-26.12243879085959,-25.71244562587476,-26.735038322651345,-27.634036719092947,0,0.13368069847594555,0.26698308267178206,0.12203141187342936,0.24333377631246833,1.8150809146714337,0.3020701105358157,-0.4099931649848294,0.898998396441602,1.2863559748761766
103557.14+223133.7,-24.56198403813501,-24.617540196000483,-25.04718623898927,-25.230096619068505,-25.47162580370817,-23.054229199964325,-24.344378447886356,-25.888366630983192,-26.162939523491524,-26.29513593062684,-26.5349532511304,-27.424511809481203,0,0.05555615786547463,0.42964604298878584,0.18291038007923532,0.241529184639667,1.290149247922031,0.2745728925083313,0.13219640713531788,0.889558558350803,1.3048566320618953
103600.51+300053.2,-24.426550705197347,-24.622424234365827,-24.96090672211241,-25.06983959340622,-25.4024222046481,-21.69124485775676,-23.96241020514621,-25.943803693540524,-26.05194101974938,-26.05115713652122,-26.71847625550776,-27.87121594638348,0,0.19587352916848033,0.33848248774658174,0.1089328712938098,0.3325826112418824,2.2711653473894486,0.10813732620885474,-0.0007838832281592545,1.1527396908757197,1.6486366621015414
103617.58+414237.1,-25.02164950274184,-25.28766428362576,-25.649080957066367,-25.78883440091387,-25.86520388158784,-22.34141406972668,-24.192138985089187,-26.31358370536113,-26.634468809653207,-26.69216862853557,-26.977382291930315,-27.97059258123216,0,0.2660147808839177,0.36141667344060835,0.13975344384750343,0.07636948067396787,1.8507249153625054,0.3208851042920777,0.05769981888236231,0.993210289301846,1.1885478910164444
103621.60+393701.6,-25.04162425776457,-25.87823960733961,-26.29559811607951,-26.259248620373764,-26.564980612109267,-19.30810786421155,-23.979231677997475,-27.14931069944144,-27.20092942855308,-27.2367103820004,-27.823506138699813,-28.46941884467385,0,0.8366153495750375,0.4173585087399019,-0.03634949570574619,0.30573199173550236,4.6711238137859254,0.05161872911164167,0.03578095344731835,0.6459127059740375,1.5642575183260483
103623.66+152733.3,-25.28737779454234,-25.47327603419452,-25.859338046493807,-26.03870677981436,-26.28954255097413,-21.741603572215407,-24.159014667091803,-26.446078311676104,-26.971972524054145,-26.467327808372463,-27.248327050249063,-28.12652865297164,0,0.1858982396521789,0.3860620122992877,0.17936873332055114,0.25083577115977107,2.417411094876396,0.5258942123780415,-0.5046447156816818,0.8782016027225765,1.209620270434705
103632.90+365537.4,-24.788942406693742,-25.05721304983736,-25.466819031003052,-25.62827961709087,-25.82062284250833,-21.790282656372625,-23.63409281943319,-26.44703092866801,-26.645886803440128,-26.860748304320666,-26.649445927618142,-27.249305260122952,0,0.2682706431436195,0.40960598116569,0.16146058608782,0.19234322541745996,1.8438101630605637,0.19885587477211786,0.2148615008805379,0.5998593325048098,1.0211663105272706
103640.74+565126.0,-25.003775550746987,-25.271825416342075,-25.71745472211531,-25.84041381104092,-26.088079863031364,-23.521199135282448,-24.85330164195968,-26.305090615700923,-26.61440357131773,-26.65694108671469,-27.286724060865065,-28.232749701086146,0,0.2680498655950885,0.44562930577323456,0.12295908892561158,0.24766605199044278,1.3321025066772307,0.3093129556168073,0.04253751539695827,0.9460256402210803,1.446310249824144
103703.91+230330.3,-23.63228385536048,-23.737157379967847,-24.126368795725043,-24.265026361317076,-24.5325409979445,-21.53604177431019,-23.468698052017952,-24.77443703462811,-25.43295225089188,-25.804899033901837,-25.72708734998493,-26.607892077328664,0,0.10487352460736687,0.3892114157571953,0.1386575655920339,0.2675146366274248,1.932656277707764,0.6585152162637691,0.37194678300995676,0.8808047273437332,1.4620609886678544
103833.10+484152.4,-24.329780075991785,-24.7398200960604,-25.189121277957028,-25.34991091845853,-25.61137781590986,-23.338561627830483,-24.18004745332301,-26.13893765406465,-26.59624130873513,-26.17762391547677,-26.77804419117232,-27.81726398353028,0,0.41004002006861384,0.4493011818966295,0.1607896405015019,0.26146689745133145,0.8414858254925264,0.4573036546704792,-0.4186173932583621,1.0392197923579616,1.42813327271379
103905.26+282918.8,-24.669617974798037,-24.725229750035275,-24.96777857444885,-25.08070593006265,-25.31305131850337,-22.898211042314937,-24.142631792564828,-25.569181561040462,-25.80847345529836,-25.91906728667252,-26.079270300889736,-26.94460508856065,0,0.0556117752372387,0.24254882441357495,0.11292735561379885,0.23234538844072006,1.2444207502498905,0.23929189425789588,0.11059383137416035,0.8653347876709141,0.9985643708270864
103949.59+321643.1,-24.868420011029027,-24.847943466462624,-25.23480099496156,-25.45353568302638,-25.70933251605362,-23.136593935514924,-24.6621615366049,-26.1148339342946,-26.49739595781545,-26.538042402880052,-26.499368871059943,-27.28904967569977,0,-0.02047654456640302,0.3868575284989362,0.21873468806482066,0.2557968330272402,1.5255676010899748,0.38256202352084756,0.04064644506460269,0.7896808046398256,1.045833188033562
104020.70+143606.1,-24.9560357135536,-25.051346239365035,-25.420019830256106,-25.657853599423326,-25.919833825563824,-20.19817680562381,-21.503546635880756,-26.60809180317545,-26.964659834041385,-27.224307321895992,-26.853612615378808,-27.33244314646954,0,0.09531052581143484,0.36867359089107055,0.23783376916722077,0.26198022614049776,1.3053698302569465,0.35656803086593314,0.25964748785460756,0.4788305310907326,1.1957590159554812
104030.31+353825.1,-25.34270036324738,-25.470044407710663,-25.81079447133847,-25.97186693753891,-26.152921932583624,-23.576679454758345,-25.02933913559029,-26.234678502295168,-26.35112711154108,-26.35311870188832,-27.020638984651843,-27.897890020527505,0,0.12734404446328185,0.34075006362780513,0.1610724662004408,0.18105499504471467,1.452659680831946,0.11644860924591072,0.001991590347241612,0.8772510358756627,1.0487720471129336
104118.65+305452.2,-24.487786283661272,-24.63995180669681,-25.224108532409115,-25.48549497343057,-25.76798674416535,-22.954790680910097,-24.044940859284505,-26.36903289196356,-26.690940469494315,-26.563099091682275,-26.91716631257852,-27.77688748373417,0,0.15216552303553854,0.5841567257123046,0.2613864410214539,0.2824917707347794,1.090150178374408,0.32190757753075516,-0.12784137781203952,0.8597211711556518,1.4316713391479503
104205.62+133736.0,-23.96842829060658,-24.227174567995394,-24.60750552720754,-24.851960436105173,-25.174469683824984,-20.27385046825073,-23.38109985925981,-25.40132845963164,-25.64599155561497,-25.732971959927564,-26.605458377124197,-27.431031629459422,0,0.25874627738881273,0.3803309592121451,0.24445490889763377,0.32250924771981104,3.1072493910090806,0.2446630959833307,0.08698040431259457,0.825573252335225,1.753497941019024
104224.85+231001.8,-24.5426611687032,-24.69799407569253,-24.970216995918907,-25.16250498833931,-25.358594487310125,-18.034021150518058,-19.964003800744457,-24.75842423708915,-25.609870070364625,-25.32522655742199,-26.22567974175694,-27.048923030498116,0,0.15533290698932944,0.2722229202263762,0.19228799242040395,0.19608949897081374,1.9299826502263997,0.8514458332754735,-0.2846435129426368,0.8232432887411747,1.0631747534176306
104246.23+472217.7,-24.208081847660072,-24.406196174958183,-24.992547234428127,-25.191923904957825,-25.396866322093217,-18.72822859723564,-16.86129535326811,-25.983386154780323,-26.392160460664527,-26.93811842071004,-26.758102321016583,-27.50905853257624,0,0.19811432729811074,0.5863510594699441,0.19937667052969843,0.20494241713539196,-1.8669332439675301,0.4087743058842044,0.5459579600455129,0.7509562115596573,1.566178416058758
104330.09+441051.5,-25.26287370186452,-25.421757985387696,-25.892035539114158,-25.92340161318246,-26.17054596907938,-21.335038443689747,-22.748051787815463,-26.373179994302696,-27.02393203480751,-26.802779402982345,-27.0494794548295,-27.89534941556444,0,0.15888428352317518,0.4702775537264614,0.03136607406830194,0.2471443558969213,1.4130133441257158,0.6507520405048126,-0.22115263182516287,0.8458699607349409,1.1260778416470387
104336.73+494707.6,-25.113496371434785,-25.293475360385436,-25.644098699938294,-25.820404707717955,-25.978612322360423,-19.717416905657878,-22.399069128005653,-26.664123480118025,-27.00595560431837,-27.540591216170565,-27.547881880586296,-28.1505864698388,0,0.17997898895065134,0.3506233395528575,0.17630600777966166,0.15820761464246758,2.6816522223477754,0.34183212420034437,0.5346356118521953,0.6027045892525038,1.7274771728683405
104343.71+273722.9,-24.96631327962842,-25.171950421938977,-25.56325137560858,-25.73212491226292,-25.948091690395596,-22.307822284018208,-23.78634905461328,-26.4534764184092,-26.833556529828964,-26.91593187226554,-27.10524689648778,-27.91095714309481,0,0.2056371423105574,0.39130095366960305,0.16887353665433835,0.21596677813267817,1.4785267705950709,0.3800801114197654,0.08237534243657407,0.8057102466070276,1.3731219842248628
104355.51+562757.0,-25.019497396157647,-25.35148587234237,-25.8092240897762,-26.063234048523523,-26.30676303758348,-17.14404787321727,-21.112473366078188,-26.55566233505247,-26.721528027477905,-26.948084816813992,-27.1888073797155,-27.85173446801752,0,0.3319884761847227,0.4577382174338318,0.25400995874732146,0.243528989059957,3.9684254928609164,0.16586569242543447,0.2265567893360867,0.6629270883020197,1.1255733311919762
104409.47+053134.5,-25.32015737634873,-25.51573652076634,-25.86098431606873,-25.9334168340664,-26.132568553636908,-23.435562378740684,-24.117336692780352,-26.52507086377236,-27.05674958573803,-27.059924831962817,-27.218485012816817,-28.090916644645763,0,0.19557914441760715,0.3452477953023916,0.07243251799766881,0.1991517195705086,0.6817743140396679,0.5316787219656689,0.003175246224788708,0.8724316318289453,1.285068178750418
104513.81-010246.9,-24.63994606439864,-24.849816775561795,-25.17444268483097,-25.399230810909224,-25.64143609656881,-22.459291251491496,-24.5975225933903,-25.80106310890355,-25.9659056087976,-26.0929497581861,-26.80407237758161,-27.657149246974743,0,0.20987071116315548,0.32462590926917656,0.22478812607825205,0.24220528565958688,2.138231341898802,0.16484249989404987,0.12704414938850306,0.853076869393135,1.4048415666723848
104515.52+654139.6,-24.545048612362656,-24.913034217879854,-25.244111174324587,-25.399292808598208,-25.708975144758536,-19.06540600432639,-19.99514120216164,-26.080951952233107,-26.431644722628345,-26.531424129092,-26.78374416085372,-27.751783550066573,0,0.36798560551719817,0.3310769564447327,0.15518163427362097,0.3096823361603285,0.9297351978352495,0.35069277039523783,0.09977940646365369,0.9680393892128549,1.3844513522555104
104556.19+360718.5,-24.92306732024208,-25.25447935319452,-25.700530274626157,-25.90505621634053,-26.20168551759063,-21.23036344577968,-23.819400051707955,-26.751743724230124,-27.07577154530197,-26.886429249954528,-27.187909192583703,-28.146802011640425,0,0.33141203295243926,0.44605092143163816,0.20452594171437255,0.2966293012500998,2.589036605928275,0.32402782107184436,-0.18934229534744063,0.9588928190567216,1.2828529762431735
104556.86+271759.5,-24.16589216963479,-24.448420783253997,-24.85597808920235,-25.05778151869971,-25.33974384868594,-21.57231633971553,-24.07091472574933,-25.52321623380014,-25.962641939472288,-25.95179889912253,-26.668962461228112,-27.386562640639458,0,0.2825286136192062,0.4075573059483517,0.2018034294973603,0.28196232998623216,2.498598386033798,0.43942570567214645,-0.010843040349758581,0.7176001794113454,1.611180942528403
104743.57+661830.5,-25.26215929643988,-25.453977938289725,-25.873800457352303,-26.016342205089384,-26.257381620048783,-22.47073368122149,-23.90194944784752,-26.567843640938506,-27.138110723396007,-27.11855984691605,-27.095713809671555,-27.911363948170123,0,0.19181864184984576,0.4198225190625777,0.14254174773708073,0.24103941495939907,1.431215766626032,0.5702670824575016,-0.01955087647995768,0.8156501384985688,1.079371604582171
104844.43+131641.6,-25.11220580920203,-25.00379089794525,-25.378803951147663,-25.434714979091908,-25.65313374408617,-23.134165817899184,-23.895910015228687,-25.53997557164578,-25.926710127838167,-26.7246516106008,-26.421750960779995,-27.196562527066774,0,-0.10841491125678004,0.3750130532024123,0.055911027944244296,0.2184187649942615,0.7617441973295023,0.38673455619238695,0.797941482762635,0.7748115662867789,0.9870359816880878
104845.83+353110.7,-24.1289352967412,-24.40928575222314,-24.71438762345123,-24.96037264255436,-25.22545089692364,-22.497139336839737,-23.451092970252343,-25.23568430461072,-25.74437572052564,-26.001197281215013,-26.368765896691173,-27.224033181213017,0,0.2803504554819405,0.3051018712280893,0.24598501910313075,0.26507825436927845,0.9539536334126062,0.5086914159149174,0.25682156068937445,0.8552672845218439,1.4083932541368114
104910.31+143227.1,-24.43511518176295,-24.6129203272673,-25.04922619629404,-25.23008722360392,-25.499230135593407,-21.7720202895037,-23.67040885047268,-25.76298277114068,-26.57957350068241,-26.497603681094954,-27.05176764298881,-27.97469943363748,0,0.177805145504351,0.4363058690267394,0.18086102730988074,0.26914291198948703,1.8983885609689786,0.8165907295417298,-0.08196981958745653,0.9229317906486685,1.8216804193848901
104911.34+495113.6,-25.332130539010308,-25.570483997436654,-26.185748291793,-26.390980567401563,-26.72597337527334,-20.026100233969096,-23.98678336228992,-27.21956268841583,-27.66487563272791,-27.71462147262912,-27.86073424469957,-28.416775913715284,0,0.2383534584263458,0.6152642943563471,0.20523227560856228,0.3349928078717781,3.9606831283208237,0.4453129443120787,0.04974583990120962,0.5560416690157126,1.4697536772980087
104923.94+012224.6,-24.560559051791383,-25.28713828441104,-25.82554772183453,-26.08712845098442,-26.337371156778488,-17.80231561575148,-22.70723140729779,-26.63322374562109,-27.150041343474594,-27.05382195383041,-27.285655495826116,-28.18588667855182,0,0.7265792326196561,0.5384094374234891,0.26158072914989106,0.2502427057940686,4.904915791546312,0.5168175978535032,-0.0962193896441832,0.9002311827257046,1.198527044841697
105053.45+081144.0,-23.949192506144342,-24.27557334366988,-24.66103733980916,-24.84520195669741,-25.08132038601196,-22.923627949222016,-23.99724059310808,-25.347331808586247,-25.44980572762586,-25.687162264721135,-26.329711738412374,-26.97565486405968,0,0.32638083752553726,0.3854639961392792,0.1841646168882498,0.2361184293145513,1.0736126438860651,0.102473919039614,0.23735653709527327,0.6459431256473067,1.4845097817149657
105059.20+352539.9,-25.27977913725142,-25.469404789173467,-25.8475232220138,-26.10881851409066,-26.381445198786448,-23.75575821884504,-25.278465072901938,-26.580517003943104,-26.978988036943846,-27.0579721863936,-27.233592760555613,-28.063840451404,0,0.1896256519220465,0.3781184328403313,0.26129529207686275,0.272626684695787,1.5227068540568993,0.3984710330007424,0.0789841494497523,0.8302476908483882,1.124774246464952
105125.72+124746.3,-24.750611571015146,-24.961558548904836,-25.22186411233873,-25.33531668593076,-25.67203047766665,-23.47595765699665,-24.70686674677927,-25.941087011628092,-26.15799842692876,-25.98930269707535,-26.76147357523609,-27.669876781883637,0,0.21094697788969086,0.2603055634338922,0.11345257359203131,0.3367137917358889,1.230909089782621,0.21691141530066815,-0.16869572985341108,0.9084032066475487,1.4261568893053287
105127.79+003848.0,-23.93833298588608,-24.10099548426265,-24.45379215778821,-24.55646275995189,-24.71929567818448,-23.314619804257937,-24.17273677621428,-25.17270866866276,-25.34216577302875,-24.16762458779697,-26.02391776820452,-26.883278181382327,0,0.16266249837656943,0.3527966735255603,0.10267060216368051,0.1628329182325885,0.858116971956342,0.16945710436598915,-1.1745411852317815,0.8593604131778072,1.467455008252628
105153.04+072122.2,-24.774683165321814,-25.025267578982184,-25.44088505329457,-25.67014729209776,-25.884695340038764,-21.40017282459282,-23.127512495116143,-26.363042823278825,-26.36789215540838,-26.814910268560784,-26.582040503665965,-26.81410688826924,0,0.2505844136603699,0.41561747431238416,0.22926223880319085,0.21454804794100468,1.7273396705233246,0.004849332129555961,0.4470181131524029,0.2320663846032751,0.9118932115682057
105210.02+165543.7,-26.08792471939687,-26.1134115382744,-26.39221892500068,-26.482704226902595,-26.71178263375964,-24.55744901071096,-25.937353548469268,-26.646467374473445,-26.85012643071348,-26.796884616078973,-27.730755069820344,-28.545916491756795,0,0.02548681887752835,0.2788073867262817,0.09048530190191428,0.22907840685704528,1.379904537758307,0.20365905624003489,-0.05324181463450728,0.8151614219364518,1.248050842917749
105250.06+335504.9,-25.21273119095998,-25.41838396635142,-25.873760499308585,-26.031579735334194,-26.304098567271257,-22.81401681943602,-25.02934977876822,-26.3139956592526,-27.011692353195134,-26.772674654810388,-27.36774754129772,-28.12083371983936,0,0.20565277539144233,0.45537653295716396,0.15781923602560965,0.27251883193706306,2.2153329593322013,0.6976966939425324,-0.23901769838474607,0.7530861785416398,1.3361678059635267
105418.85+125512.4,-24.3475949691136,-25.27017149877416,-26.004313047009315,-26.18372991364892,-26.281398622508192,-20.70160954348525,-21.907660277612937,-26.636054337391084,-26.99457190115109,-26.793957718922105,-26.64201125153912,-27.15078957265716,0,0.9225765296605601,0.7341415482351543,0.1794168666396061,0.09766870885927048,1.206050734127686,0.35851756376000665,-0.20061418222898553,0.5087783211180401,0.45828133789019887
105421.90+212131.2,-24.26073156301096,-24.511205540427436,-24.911414677021416,-25.08130607708634,-25.292458654843525,-22.725038810137303,-24.070537643971143,-25.34299227286952,-26.040285461914404,-26.236179852053574,-26.504673199320912,-27.43625403862577,0,0.25047397741647615,0.40020913659397905,0.1698914000649232,0.21115257775718632,1.3454988338338403,0.6972931890448848,0.19589439013916987,0.931580839304857,1.4233671222345734
105426.36+263632.3,-25.06659022251097,-25.00178891436109,-25.520198795415222,-25.626743271538423,-25.818621579354264,-18.825734326208952,-18.41181332421792,-26.144678415462984,-26.418833817072,-26.01144559364476,-26.237309219851777,-26.757126068509443,0,-0.06480130814988172,0.5184098810541329,0.10654447612320084,0.19187830781584125,-0.41392100199103155,0.27415540160901486,-0.40738822342724035,0.5198168486576655,0.6105659483133543
105439.37+362837.7,-24.368743848677568,-24.442587395284644,-24.802131155467837,-24.880125661000985,-25.075231333538497,-21.01165655923236,-23.77315341139683,-25.368033041024773,-25.78030225728425,-26.0283759331338,-26.19202949062666,-27.14901109726308,0,0.07384354660707615,0.35954376018319323,0.07799450553314813,0.19510567253751177,2.76149685216447,0.4122692162594781,0.24807367584954676,0.9569816066364218,1.311903829625674
105541.15+330410.6,-24.060787143990467,-24.27241300425778,-24.678263515478687,-24.82609014812136,-24.97894647171827,-22.31154020031772,-23.65783158148177,-25.014455427327977,-25.266920833694297,-25.35073403515821,-26.03755246697773,-26.788021179322826,0,0.21162586026731134,0.4058505112209083,0.1478266326426727,0.15285632359691093,1.3462913811640504,0.2524654063663192,0.08381320146391502,0.7504687123450964,1.2114623188563698
105546.30+275721.6,-23.80612832590847,-23.944133029429,-24.263781724032555,-24.4314695690438,-24.77787054068141,-22.269135030602293,-23.476610032486303,-25.57563041751093,-25.56052930093571,-25.38801975064265,-25.759581124360142,-26.6250215466366,0,0.1380047035205294,0.31964869460355416,0.167687845011244,0.3464009716376104,1.20747500188401,-0.015101116575220175,-0.1725095502930607,0.8654404222764569,1.3281115553163438
105611.27+170827.5,-23.95564152073576,-24.624576613315732,-25.08575537488551,-25.198358847719696,-25.44001026851508,-20.155694312848087,-22.88913048794292,-25.723103087431497,-26.255867653338463,-26.281046738531156,-26.59291361215549,-27.602795268960048,0,0.6689350925799715,0.46117876156978,0.11260347283418426,0.24165142079538526,2.733436175094834,0.532764565906966,0.025179085192693407,1.0098816568045592,1.3945547644357923
105655.36+405747.5,-24.7167694412384,-24.849090757286117,-25.19882976242571,-25.353504779269485,-25.543891381391376,-18.72777556157178,-23.404394416282667,-25.88301406484989,-26.3228697747138,-26.32901303495205,-26.188655976849617,-26.70764670613064,0,0.13232131604771524,0.3497390051395932,0.15467501684377538,0.1903866021218903,4.676618854710888,0.4398557098639131,0.006143260238250292,0.5189907292810219,0.8351511975801316
105705.15+311907.8,-24.061045678921456,-24.24961739811353,-24.79086899860571,-24.99467923610312,-25.31817756345424,-22.497950292060967,-23.561667235378952,-25.851910145925643,-26.04968677976037,-25.81481147206294,-26.499678279674644,-27.201069704127438,0,0.1885717191920726,0.5412516004921812,0.2038102374974109,0.3234983273511176,1.063716943317985,0.197776633834728,-0.2348753076974326,0.7013914244527939,1.504999043571523
105811.93-023724.0,-25.01964449757752,-25.029260679441112,-25.670661135199516,-25.769380006296387,-25.941275379831666,-21.2861865118927,-17.738228740835066,-26.12417842058835,-26.677287546926124,-27.25196546265431,-26.95711805820532,-27.654629019326443,0,0.009616181863592033,0.6414004557584043,0.09871887109687094,0.1718953735352784,-3.5479577710576358,0.5531091263377732,0.5746779157281878,0.6975109611211217,1.1877380519089336
105821.49+220450.6,-24.44340409370845,-24.885017278877022,-25.465737599458475,-25.676844099755264,-25.88414704708166,-21.533332026303437,-22.93942681249436,-26.396129699059077,-26.523915834027004,-26.388063129924035,-26.3853708831404,-26.96065661628642,0,0.44161318516857406,0.5807203205814524,0.2111065002967898,0.2073029473263972,1.4060947861909234,0.127786134967927,-0.13585270410296957,0.5752857331460213,0.7085267833851354
105840.26+031607.6,-24.79153842681612,-24.83790993527108,-25.234194675749876,-25.407889969675637,-25.656952929057557,-22.57986015540006,-24.178977451041604,-25.91669639505864,-26.30513583599372,-26.0089963772039,-26.37331234384959,-27.140833700607768,0,0.04637150845496052,0.39628474047879436,0.17369529392576055,0.24906295938192002,1.5991172956415447,0.3884394409350804,-0.2961394587898205,0.7675213567581771,0.9654223741739543
105902.04+580848.6,-24.59750502171537,-25.07572481063828,-25.46560308591493,-25.742441750693096,-26.04811457358949,-18.476397658126924,-20.138707816922,-26.395160766088757,-26.862246783835594,-27.32388148636327,-27.115526732457628,-27.84969819330475,0,0.4782197889229103,0.3898782752766472,0.2768386647781682,0.3056728228963941,1.6623101587950764,0.467086017746837,0.46163470252767524,0.7341714608471221,1.3730849817645314
105951.05+090905.7,-25.58284941381307,-25.661116890997032,-26.09995913272586,-26.308698314798423,-26.530693740727635,-21.55870067171881,-24.8626683602084,-27.060296074241545,-27.290616337345305,-27.656838048598207,-27.46816681147374,-28.07216634872368,0,0.07826747718396376,0.43884224172882824,0.2087391820725628,0.22199542592921162,3.303967688489589,0.23032026310375997,0.36622171125290137,0.6039995372499405,1.1594684966753164
105951.90+405114.1,-25.251283537327744,-25.50515335074317,-25.87574312378059,-26.01241208346976,-26.25764850586684,-18.530904161140207,-17.98103390130941,-26.215984506268452,-26.79575755220837,-26.4385857827996,-27.06715623331245,-27.543100286713887,0,0.25386981341542736,0.3705897730374197,0.13666895968916748,0.2452364223970811,-0.5498702598307972,0.5797730459399197,-0.3571717694087724,0.4759440534014381,1.0547441498426906
110020.21+094935.6,-24.52468166903536,-24.910678817512977,-25.28269051183476,-25.51417750381139,-25.78953060299057,-20.77070121238264,-24.438766166676142,-25.96503459548971,-26.00406208396423,-26.65410282109349,-26.2798133538494,-26.644105455198805,0,0.38599714847761746,0.37201169432178105,0.23148699197663092,0.27535309917918127,3.668064954293502,0.03902748847452031,0.6500407371292596,0.36429210134940604,0.7656358500380094
110039.04+510902.3,-25.228817422717004,-25.501173658321864,-25.805907824215,-25.87777416586737,-26.168031873494964,-23.108714381120176,-24.341046093291617,-26.629673118316028,-27.00357261849748,-26.804228418144028,-27.31504068616254,-28.17779158390837,0,0.27235623560486033,0.3047341658931373,0.07186634165236683,0.29025770762759606,1.2323317121714403,0.37389950018145157,-0.19934420035345113,0.8627508977458298,1.4372665202951715
110041.19+003631.9,-24.48982116561482,-24.869465498139505,-25.336189434380948,-25.448614086800973,-25.71057597934969,-20.66288879685813,-22.930919946590663,-25.805205138529136,-26.696668693170103,-26.62736207310092,-26.694679131943037,-27.36376675819485,0,0.3796443325246841,0.4667239362414435,0.11242465242002453,0.2619618925487188,2.2680311497325327,0.8914635546409677,-0.06930662006918453,0.6690876262518124,1.246065045142064
110044.04+041819.2,-25.359459815285064,-25.570877175535923,-25.77389599701512,-25.853743144462676,-26.105293985019472,-22.853963046811742,-24.9268836706612,-26.50478320739068,-26.64306920992015,-26.70207857689991,-26.996407290184685,-27.97218401168873,0,0.21141736025085933,0.2030188214791977,0.0798471474475555,0.25155084055679566,2.072920623849459,0.138286002529469,0.05900936697976178,0.9757767215040438,1.1426641457220086
110048.92+190607.3,-24.279659134822666,-24.443498809045412,-24.803188246076907,-25.0261313940554,-25.345352493090378,-19.239761005687143,-22.119878425597108,-25.861672197245777,-26.40859323636939,-26.321816910624253,-26.53507457140674,-27.363457836217297,0,0.16383967422274637,0.3596894370314949,0.22294314797849424,0.3192210990349764,2.880117419909965,0.5469210391236139,-0.08677632574513794,0.828383264810558,1.5089431773513375
110108.43+515021.9,-24.092879863946123,-24.30601947186676,-24.758965774967056,-24.95241089690919,-25.197670902577183,-21.59068639601627,-23.87732350936074,-25.328153248129,-25.67214671945807,-25.70427965748229,-26.715516708839026,-27.69967713017355,0,0.21313960792063824,0.45294630310029405,0.19344512194213337,0.2452600056679941,2.2866371133444687,0.3439934713290711,0.032132938024219015,0.9841604213345256,1.7631058119298366
110218.68+595008.4,-24.66822316929251,-25.048388111661787,-25.568263777037,-25.760727005661465,-25.975642770896258,-21.4597878975762,-22.836881469411896,-26.01398925928372,-26.60689291033877,-26.88996707500765,-26.641386102781908,-27.311938471405004,0,0.38016494236927656,0.5198756653752135,0.1924632286244652,0.2149157652347924,1.3770935718356974,0.5929036510550532,0.2830741646688786,0.6705523686230954,0.8806590971204429
110223.04+184125.6,-24.65381517176502,-24.95434991084035,-25.279068635109724,-25.33889187015792,-25.536825545783117,-22.153025707770503,-23.836343539434324,-25.32748452808333,-26.082804310894847,-26.113174490290884,-26.344258950575835,-27.2229030818697,0,0.3005347390753279,0.3247187242693741,0.059823235048195755,0.19793367562519748,1.683317831663821,0.7553197828115188,0.030370179396037145,0.8786441312938642,1.0053670804179156
110240.16+394730.1,-24.637827024956067,-24.92079275420829,-25.299604383182825,-25.436761889996127,-25.71742724510612,-22.432984171387528,-24.44006851918061,-26.093932839390128,-26.155451107388437,-26.230120299488185,-26.858784074267387,-27.799072864236454,0,0.2829657292522221,0.37881162897453535,0.13715750681330263,0.280665355109992,2.007084347793082,0.061518267998309284,0.07466919209974776,0.9402887899690668,1.4220221842712597
110257.10+262442.6,-25.349057473765026,-25.51757906152541,-25.8217348425441,-25.990688840470668,-26.281680919186588,-23.681884310701136,-25.007185390674195,-26.283029514420807,-26.942360231996812,-26.87158908254145,-27.002510928383728,-27.470540702819275,0,0.1685215877603845,0.30415578101868945,0.16895399792656818,0.29099207871592014,1.325301079973059,0.6593307175760046,-0.07077114945536067,0.4680297744355464,1.0118220879130604
110303.52+115816.6,-23.076316930928787,-23.321955892793937,-23.64295947139169,-23.823497866628134,-24.191494129712204,-20.918719914040903,-22.75147053744284,-25.012187078652197,-25.426710127840064,-25.48352309644835,-25.68346304579024,-26.3814209110236,0,0.24563896186515066,0.32100357859775386,0.180538395236443,0.36799626308406985,1.8327506234019388,0.4145230491878671,0.05681296860828766,0.6979578652333593,1.8599651791621064
110504.89+442844.0,-24.994718677675515,-25.06603690686538,-25.44309084241801,-25.650086889230245,-25.939141692733457,-23.3967192084294,-24.2156160881336,-26.18670786314176,-26.491330893261985,-26.82722205126493,-26.7926223581953,-27.18114612848812,0,0.07131822918986686,0.37705393555262745,0.20699604681223605,0.28905480350321255,0.8188968797042016,0.30462303012022574,0.3358911580029442,0.3885237702928208,1.142535468965054
110516.68+200013.7,-24.83049758872584,-25.103731470899152,-25.540492960117216,-25.72777574036946,-26.05638473943039,-20.604937715745248,-20.800313061042694,-26.70294332397084,-27.14490101122109,-27.317193427073413,-27.235851491808525,-27.986781273763345,0,0.27323388217331157,0.436761489218064,0.187282780252243,0.3286089990609291,0.19537534529744605,0.44195768725025175,0.17229241585232202,0.7509297819548202,1.5080757514390655
110539.64+041448.2,-23.339971233075143,-23.651748356734497,-24.18742950267885,-24.315685311751245,-24.55904301709138,-22.83848950090252,-23.128273724980637,-24.519565651494656,-24.49074995160529,-24.875046117671243,-25.10594314426445,-25.704687546625063,0,0.31177712365935406,0.535681145944352,0.12825580907239598,0.24335770534013434,0.28978422407811877,-0.028815699889364055,0.3842961660659512,0.5987444023606123,0.7902578325132055
110605.65+305108.5,-25.33682443305219,-25.48921682523758,-25.929692477966064,-26.10140174526993,-26.271366052067144,-23.047157678809576,-24.43589813883287,-26.79209971929038,-27.22683873045829,-27.336935666231856,-27.567347370175224,-28.376991948869563,0,0.1523923921853907,0.4404756527284839,0.17170926730386427,0.16996430679721541,1.3887404600232927,0.4347390111679097,0.11009693577356572,0.8096445786943391,1.4659456249052951
110610.72+640009.6,-26.849575684282765,-26.951559350936076,-27.346019364921077,-27.44960100602512,-27.65610257457081,-23.88344333187058,-24.444416190031745,-27.94106427040806,-28.232167920031948,-28.36672247687715,-28.294310095601077,-29.12676087073999,0,0.10198366665331093,0.3944600139850003,0.10358164110404289,0.2065015685456899,0.5609728581611648,0.29110364962388857,0.13455455684520246,0.8324507751389127,0.8447090895759573
110622.46+363321.2,-24.78231514723216,-24.856395337769705,-25.241481977717573,-25.404728476799264,-25.60455497446174,-23.505180531469108,-24.98879196295752,-25.90796562891248,-26.25992834996609,-26.1962511144145,-26.60679384714284,-27.381607699384546,0,0.07408019053754344,0.3850866399478683,0.16324649908169064,0.19982649766247462,1.4836114314884128,0.35196272105361004,-0.06367723555158733,0.7748138522417065,1.2020653703435755
110628.79+134700.2,-24.06971592522372,-24.147080727139496,-24.45530945551087,-24.57005345214372,-24.74042470253436,-20.689305293582336,-24.16317828968014,-24.9479758906595,-25.42237995339646,-25.608611302316216,-25.87871280684168,-26.745412816654223,0,0.07736480191577755,0.3082287283713754,0.11474399663284984,0.17037125039063739,3.4738729960978034,0.4744040627369621,0.18623134891975468,0.8667000098125435,1.3086593546979586
110628.80+114336.5,-23.909284709852987,-24.018473595299216,-24.414204605644382,-24.52787988467441,-24.72523124872953,-22.89156018836546,-23.79849628658083,-25.06052052392804,-25.2647772344243,-25.38139364545787,-26.08584151293169,-26.845066750422877,0,0.10918888544622973,0.3957310103451661,0.11367527903002639,0.19735136405511966,0.9069360982153682,0.20425671049626004,0.11661641103356857,0.7592252374911865,1.5579616282572815
110653.38+195513.2,-24.661222697735823,-24.732635743501596,-24.95044726641685,-25.069906857509284,-25.36200533962789,-24.001560124980408,-24.590243846627345,-25.4941227631389,-25.63653631583611,-24.60137308836805,-26.264822310485016,-27.13889137482348,0,0.07141304576577312,0.2178115229152553,0.11945959109243276,0.2920984821186039,0.5886837216469374,0.14241355269721012,-1.035163227468061,0.8740690643384639,1.1949154529757315
110656.48+402537.4,-24.477166722012768,-24.59983353433116,-24.86370012763364,-25.002510763253824,-25.2479326269295,-23.345661039193097,-24.37209803194896,-25.46792379155987,-25.877981526223845,-25.857415439493533,-26.32060344912817,-27.13729499722348,0,0.12266681231839272,0.2638665933024775,0.13881063562018525,0.2454218636756771,1.0264369927558619,0.410057734663976,-0.02056608673031235,0.8166915480953101,1.3180926858743476
110714.53+145817.5,-24.51776819463177,-25.002410785747323,-25.47344484132217,-25.689874194911823,-25.97013814667596,-23.486758794092136,-24.2959070326157,-26.2510024957241,-26.7290923700401,-26.33354093355988,-26.886622316697604,-27.76732490314123,0,0.4846425911155521,0.47103405557484734,0.21642935358965332,0.28026395176413743,0.8091482385235622,0.47808987431599803,-0.3955514364802184,0.8807025864436255,1.196748121785781
110814.08+335423.4,-24.52852880742679,-24.83393386471876,-25.33302886817651,-25.54677937615267,-25.737972188392355,-22.65399002241225,-24.291221273171747,-25.999528537789946,-26.31392103860756,-26.572134889953897,-26.583685508464004,-27.280600838829365,0,0.3054050572919671,0.49909500345775015,0.21375050797616169,0.19119281223968443,1.6372312507594984,0.3143925008176147,0.258213851346337,0.6969153303653606,1.0369061323113336
110820.86+633808.4,-24.427312753961274,-25.227593526712425,-25.75581412586704,-25.948509214861293,-26.291106228598235,-21.498718110042116,-23.76405802643581,-26.54932519184653,-26.845786371520365,-26.782487232259424,-26.808502879455048,-27.382764347417915,0,0.800280772751151,0.528220599154615,0.19269508899425247,0.34259701373694185,2.2653399163936925,0.2964611796738339,-0.06329913926094122,0.5742614679628666,0.8599936645937554
110943.00+073539.5,-24.65277841443837,-24.95594519279692,-25.310741459223863,-25.423099960457627,-25.643923841450206,-20.17596299114085,-22.771514978715157,-26.21724208407395,-26.492176844211784,-26.658823726874097,-26.389371782936006,-27.316755491755288,0,0.3031667783585519,0.3547962664269413,0.11235850123376423,0.22082388099257955,2.595551987574307,0.27493476013783535,0.1666468826623131,0.9273837088192813,0.9662718224783795
111105.88+522749.0,-24.63486342309273,-24.767480852204677,-24.969214457355523,-25.08871985460893,-25.23472722923001,-22.882666679769148,-24.24590296519258,-25.305791886073813,-25.83018489012946,-25.943900955632348,-25.944971611477545,-26.75135674628341,0,0.13261742911194574,0.20173360515084582,0.11950539725340548,0.1460073746210817,1.363236285423433,0.5243930040556464,0.1137160655028886,0.8063851348058648,0.8562517568686161
111316.42+091439.0,-25.436691198304576,-26.17470533043928,-26.49441564872694,-26.53734341024353,-26.75837654650565,-21.74125966088306,-24.404089322282584,-26.921664346382663,-27.159818778770543,-27.393553419430344,-27.83083291409392,-28.744342534256788,0,0.7380141321347047,0.31971031828765817,0.042927761516590834,0.22103313626212184,2.662829661399524,0.23815443238787992,0.23373464065980087,0.9135096201628663,1.2934895038503917
111350.94+401721.4,-25.389456364054816,-25.72130595143648,-26.20384577164386,-26.335494478093946,-26.57420387944215,-23.101201037760056,-24.06825437347508,-26.99548092841847,-27.095842942970023,-27.651274459018527,-27.553299874207458,-28.30491600288772,0,0.33184958738166515,0.4825398202073785,0.1316487064500862,0.23870940134820273,0.9670533357150255,0.10036201455155336,0.5554315160485039,0.7516161286802614,1.217805396113512
111506.79-002255.5,-24.75475653739757,-24.891301838175007,-25.236817512430044,-25.3598524458445,-25.565333005640632,-21.759328309338752,-24.421509344233197,-25.71928662206071,-25.84447955680804,-25.74040935464594,-26.56819651557776,-27.48518984563332,0,0.13654530077743843,0.3455156742550365,0.1230349334144556,0.20548055979613267,2.662181034894445,0.12519293474732862,-0.10407020216209872,0.9169933300555613,1.2083440697332613
111523.70+615654.0,-24.005442345724614,-24.190842227518875,-24.601177083710244,-24.75656480566266,-24.824717940066783,-22.97606370094801,-23.53920397618461,-24.829263567322734,-25.20258554180779,-24.54667376177017,-25.896749604865995,-26.80416798419734,0,0.18539988179426103,0.4103348561913691,0.15538772195241535,0.06815313440412396,0.5631402752365986,0.3733219744850551,-0.65591178003762,0.9074183793313431,1.140184799203336
111541.85+214719.7,-25.15367492719509,-25.389528151186354,-25.852876843692364,-26.042547627855587,-26.25732354898095,-19.81943719664533,-18.600111461857864,-26.360025762472283,-26.684153904721576,-27.18817323586645,-27.13151249076528,-27.613387124220065,0,0.2358532239912634,0.46334869250600974,0.1896707841632228,0.21477592112536215,-1.2193257347874678,0.3241281422492932,0.5040193311448746,0.4818746334547832,1.0889648629096946
111603.47+255152.4,-24.8098407625434,-24.89953462369079,-25.16932406560869,-25.36821351182797,-25.56355172992854,-22.268053129222743,-24.40690783221159,-25.815444612257384,-26.364022299670037,-26.25392308932945,-26.413336788900214,-27.394531081486324,0,0.08969386114739208,0.2697894419179008,0.19888944621927962,0.19533821810057006,2.138854702988848,0.5485776874126529,-0.11009921034058578,0.9811942925861104,1.0451232770722427
111740.34+162915.1,-24.819291545768447,-25.150816662192497,-25.562098449740017,-25.685396028592496,-25.91895401148341,-23.33162670854453,-24.715273353641297,-26.30607899291908,-26.60134803811129,-26.51750418250883,-27.003071784192123,-28.05728423189929,0,0.33152511642405,0.41128178754751943,0.12329757885247972,0.23355798289091467,1.3836466450967677,0.2952690451922102,-0.08384385560245988,1.0542124477071653,1.3176757555996268
111816.35+173846.0,-23.789365255057643,-24.263997912540614,-24.859019360986338,-25.196595571717538,-25.52339985359555,-21.839895069567923,-23.040325576239823,-25.43497220539788,-25.398856021898386,-25.83241672500444,-25.967936803866063,-26.562712289858677,0,0.4746326574829709,0.5950214484457241,0.3375762107311999,0.3268042818780117,1.2004305066718999,-0.036116183499494525,0.4335607031060533,0.5947754859926135,0.7713412321485258
111822.38+345931.2,-24.67715868966492,-24.773588875787723,-25.18375935436233,-25.313356993255,-25.54154369692516,-21.866779507643717,-24.482807621083648,-25.73582745116965,-26.184158689833996,-26.14730683381689,-26.383135015699043,-27.09337554978634,0,0.0964301861228023,0.41017047857460653,0.12959763889266895,0.22818670367016125,2.6160281134399312,0.44833123866434477,-0.03685185601710472,0.7102405340872977,1.0697780224440443
111850.02+351311.7,-25.351142529581484,-25.483143561945926,-25.933232514124004,-26.053392129590897,-26.311411193461456,-22.630504385236584,-24.163358801116043,-26.53505817771961,-27.007922131018745,-26.997636673612973,-27.3047581857735,-28.286550929402715,0,0.1320010323644425,0.45008895217807776,0.12015961546689269,0.2580190638705595,1.5328544158794593,0.4728639532991359,-0.01028545740577158,0.9817927436292138,1.2513660561826043
111858.54+000654.6,-24.50083426333678,-24.524659267476288,-25.124639517523264,-25.25836906689706,-25.513604149475388,-19.789197588978965,-22.962142655172347,-26.01386327520985,-26.5385607033079,-26.77151413736705,-26.46484216816571,-27.06407393097785,0,0.023825004139506945,0.5999802500469755,0.13372954937379689,0.25523508257832717,3.172945066193382,0.524697428098051,0.23295343405914792,0.599231762812142,1.2064731012686494
111919.47+190705.5,-24.84116904259333,-24.935546761697225,-25.252651770197705,-25.416198866051687,-25.66383984258657,-23.4918861020004,-24.653339905330327,-25.805864523849213,-26.61318084958952,-26.526017605852903,-26.7044336439537,-27.69813689264868,0,0.09437771910389614,0.31710500850048007,0.16354709585398197,0.24764097653488193,1.1614538033299269,0.807316325740306,-0.08716324373661521,0.9937032486949811,1.2882347779020122
111922.90+204946.6,-25.620983621696453,-25.628018637059068,-25.98805099287828,-26.11184967789617,-26.33074167052307,-22.854834710945376,-23.75455232656857,-26.49614085817005,-27.10636095476901,-27.434337062514345,-27.441783280383056,-28.02730006148672,0,0.007035015362614416,0.3600323558192109,0.12379868501789204,0.21889199262690084,0.8997176156231959,0.6102200965989582,0.3279761077453358,0.5855167811036637,1.3299336024868857
111928.37+130251.0,-24.957627912658324,-25.10820823979383,-25.43866766838255,-25.582218031254207,-25.862700197196716,-20.90728169334972,-21.411325058966035,-26.392281841345085,-26.454325261686964,-26.73565335795212,-26.587815574371717,-26.954292104833005,0,0.15058032713550418,0.33045942858872124,0.14355036287165746,0.28048216594250874,0.5040433656163152,0.062043420341879596,0.2813280962651561,0.3664765304612878,1.00559754311751
112011.04+531301.4,-25.449906886301907,-25.67192319201636,-26.04448112154505,-26.269667682016163,-26.524962816691165,-22.82123544103172,-23.554366577385142,-26.85042780596948,-27.105319901630597,-27.30357915107101,-27.395358808542422,-28.13238484696481,0,0.22201630571445463,0.37255792952868916,0.22518656047111207,0.2552951346750021,0.7331311363534212,0.25489209566111626,0.19825924944041162,0.737026038422389,1.1256911265262595
112015.89+660744.1,-22.3698311672153,-22.58739086175179,-22.97842135744194,-23.10820478293423,-23.354425952500613,-21.68986034685225,-21.764980103693457,-23.52003566651051,-24.20980462642964,-24.641763950263936,-24.326812874512616,-25.11068614739132,0,0.21755969453649016,0.39103049569014914,0.12978342549229183,0.24622116956638251,0.07511975684120742,0.6897689599191317,0.43195932383429536,0.7838732728787043,1.2186080915783855
112045.14+130405.2,-24.01816533294993,-24.661801898820087,-25.153681028027293,-25.22595381341922,-25.4790261223144,-19.242682682178543,-23.130256920403124,-25.521432830311625,-26.52772910893841,-26.09993078407776,-26.52174849940578,-27.148679818965103,0,0.6436365658701568,0.4918791292072058,0.07227278539192739,0.25307230889518095,3.8875742382245804,1.0062962786267846,-0.4277983248606496,0.626931319559322,1.2957946859865608
112104.93+432141.6,-25.274641443502027,-25.350610443820955,-25.62287496006968,-25.848014743401517,-26.110670817233466,-22.450861387098087,-23.97897769632409,-26.41801637613836,-26.90328531368531,-27.376454662974474,-27.25212452010506,-27.865977528597806,0,0.07596900031892773,0.2722645162487254,0.22513978333183715,0.26265607383194833,1.5281163092260037,0.4852689375469481,0.4731693492891651,0.6138530084927467,1.4041097767035424
112116.24+505637.6,-24.701762351694263,-25.01625229344076,-25.54048608902425,-25.667458142267797,-25.93372419124803,-21.379100862911077,-21.646269830232868,-26.38889667007148,-26.701009410289952,-26.97217045359752,-26.788537976275137,-27.504193952732106,0,0.3144899417464977,0.5242337955834877,0.12697205324354854,0.2662660489802313,0.2671689673217905,0.31211274021847046,0.2711610433075684,0.7156559764569685,1.1210798340073396
112121.30+604021.7,-25.2783374397432,-25.510433211024807,-25.84409266139144,-26.02711445116152,-26.24114350630348,-21.98761847078102,-25.223769638141302,-26.44668000159014,-26.726054672872745,-26.503414023893097,-27.13436185635137,-28.12108258985018,0,0.23209577128160674,0.3336594503666319,0.18302178977008055,0.21402905514196036,3.2361511673602834,0.27937467128260707,-0.22264064897964886,0.9867207334988102,1.1072474051898489
112127.79+254758.9,-24.62570086163181,-24.97383060260309,-25.44975515248725,-25.655231406388,-25.95721477013825,-18.467115557878085,-22.62731838617868,-26.351641908657072,-26.815691338327408,-26.6082413754798,-27.02800851980077,-27.76721024622882,0,0.3481297409712809,0.47592454988415867,0.20547625390075197,0.30198336375024937,4.160202828300594,0.4640494296703359,-0.2074499628476083,0.7392017264280497,1.37277711341277
112140.13+322346.6,-24.544017174572957,-24.960284485078024,-25.723013753663764,-25.945277691012222,-26.02840223765262,-19.084605199224644,-20.76265279346492,-26.422011859273084,-26.65879904296268,-26.52408281942006,-26.40871436358978,-27.04903173953836,0,0.4162673105050665,0.7627292685857405,0.22226393734845828,0.08312454664039848,1.678047594240276,0.2367871836895965,-0.1347162235426218,0.6403173759485803,0.46343667257755783
112142.94+483406.7,-25.07484542518554,-25.150007910319623,-25.4488140481722,-25.619100986388123,-25.83108416867316,-19.04370480432025,-21.99817709851824,-26.108638536234366,-26.6766271621561,-26.779251452124225,-26.92966767552144,-27.52711961906688,0,0.07516248513408286,0.29880613785257637,0.17028693821592356,0.21198318228503865,2.9544722941979913,0.5679886259217355,0.1026242899681229,0.5974519435454404,1.3105666891333172
112146.23+454937.8,-25.14703237086667,-25.22877133548058,-25.75124986407242,-25.910379276255053,-26.10326982565394,-19.496369651071543,-16.85208114952324,-26.615488095027885,-27.04813254338787,-27.230964002848864,-27.148612223104667,-28.06833936110893,0,0.08173896461391195,0.5224785285918401,0.159129412182633,0.19289054939888572,-2.644288501548303,0.4326444483599836,0.18283145946099566,0.9197271380042622,1.2382329468496138
112236.75+582932.6,-25.046754810121428,-25.236139795599232,-25.45589045598121,-25.5339613184703,-25.682614763273065,-23.65235576636451,-24.650608691218093,-25.94430540379092,-26.04742549299381,-25.81858505757682,-26.4105296946726,-27.41639814582812,0,0.1893849854778047,0.2197506603819761,0.07807086248909201,0.14865344480276477,0.9982529248535812,0.10312008920288918,-0.22884043541699128,1.0058684511555178,0.8765683762023002
112320.73+013747.4,-26.579527949615272,-26.744143993471432,-27.14290407918702,-27.297504178363305,-27.579030296248717,-24.75582332957531,-26.16053853575077,-27.87327687831893,-28.22673385710905,-28.16046770490278,-28.366648436650618,-29.27687833040641,0,0.16461604385616013,0.39876008571558685,0.15460009917628525,0.28152611788541293,1.4047152061754602,0.3534569787901205,-0.0662661522062713,0.910229893755794,1.069144258287313
112321.33+541118.4,-24.943396794016547,-24.890649039584336,-25.07089847023275,-25.19630818882297,-25.31993837618208,-22.610767124804127,-24.29155343785866,-25.195617343338323,-25.695837178631145,-25.6666009841384,-26.063851408815484,-26.946504143597053,0,-0.052747754432211025,0.1802494306484128,0.1254097185902232,0.12363018735910813,1.6807863130545329,0.5002198352928211,-0.02923619449274284,0.8826527347815691,0.8675432199925126
112325.94-031548.6,-25.131625473327485,-25.41814055755535,-25.81383508777417,-25.949015903651187,-26.17132183881628,-23.50318277961331,-24.683225017106498,-26.534470409939665,-26.95287157580532,-26.949895191572963,-27.157766643016643,-28.023786122626515,0,0.2865150842278652,0.39569453021881884,0.13518081587701758,0.22230593516509245,1.1800422374931863,0.41840116586565657,-0.0029763842323582423,0.8660194796098715,1.2087507393654562
112341.88+012057.9,-25.098935664792997,-25.308634912324223,-25.54323455436964,-25.62493817749,-25.8385930067807,-23.370905834385557,-24.88647653942356,-25.812253871765524,-26.115499929739062,-26.13138009378993,-27.07280941945069,-28.08326559551048,0,0.20969924753122626,0.23459964204541706,0.08170362312036161,0.21365482929070012,1.5155707050380016,0.30324605797353854,0.01588016405086634,1.0104561760597903,1.4478712419606872
112430.28+511504.5,-24.33685129635042,-24.96445187888657,-25.35479875890023,-25.42034051324573,-25.677273502854923,-20.85866056196845,-22.7530300906323,-26.11438411693676,-26.58455956084724,-26.800486441927237,-26.76335042792423,-27.72066559137547,0,0.6276005825361501,0.39034688001365936,0.06554175434549947,0.25693298960919364,1.8943695286638516,0.47017544391048105,0.2159268810799979,0.9573151634512413,1.3430099146785004
112508.67+491755.1,-24.794338870338205,-24.97115645658866,-25.202834698533017,-25.401721608479352,-25.633596607237987,-17.56368220441713,-19.66703032776954,-25.873330298409385,-26.337876202771977,-26.734107494318238,-26.257152174087263,-26.870956715729903,0,0.17681758625045418,0.23167824194435838,0.19888690994633507,0.23187499875863438,2.1033481233524114,0.46454590436259124,0.39623129154626113,0.6138045416426401,0.8554305656079109
112509.35+041514.1,-24.26926416057146,-24.59608430661213,-24.99110381767642,-25.1894890423345,-25.427589720827825,-22.646154385808316,-24.309454037290514,-25.74034259086808,-26.130624447944523,-25.930834392011366,-26.765013901853653,-27.86428011152904,0,0.3268201460406708,0.3950195110642909,0.19838522465807884,0.23810067849332484,1.6632996514821983,0.3902818570764417,-0.1997900559331569,1.0992662096753882,1.5755248595191524
112542.29+000101.3,-25.16504684993236,-25.29500158843655,-25.61050686361699,-25.775972136149623,-26.039804010911062,-19.144327933654395,-23.51516624236146,-26.188906397866788,-26.82290898449267,-26.934950381962317,-26.956933294997285,-27.566999214973176,0,0.12995473850418904,0.3155052751804419,0.1654652725326322,0.2638318747614399,4.370838308707064,0.6340025866258827,0.11204139746964614,0.6100659199758915,1.180961158847662
112613.52+352002.5,-24.800520376287952,-24.88672213274125,-25.18600796133638,-25.368411447965737,-25.573603522052306,-21.960542889471856,-24.704302213355582,-25.58308087685271,-26.14952620038192,-26.115280780437374,-26.529613778147304,-27.400593342134474,0,0.08620175645329908,0.29928582859512787,0.182403486629358,0.20519207408656825,2.743759323883726,0.5664453235292122,-0.034245419944546995,0.87097956398717,1.1612023301815668
112626.70+175200.2,-25.04307040782461,-25.361882477166983,-25.663341761636637,-25.841134622937428,-25.938509858107118,-19.852603448102013,-23.57965024097257,-26.460858071818187,-26.840314432401577,-26.512675379749997,-26.953462570224207,-27.91257831140012,0,0.3188120693423713,0.3014592844696544,0.17779286130079086,0.09737523516968949,3.7270467928705564,0.37945636058339005,-0.32763905265158044,0.9591157411759141,1.1123279472867793
112627.00+372028.5,-24.509814396771247,-24.83713349733531,-25.177343192896004,-25.37326275896554,-25.628198913143308,-23.085142818968777,-24.30079398454668,-26.116783021954223,-26.26305140220453,-26.31722172240076,-26.893942810402148,-27.921553536789016,0,0.3273191005640612,0.340209695560695,0.19591956606953786,0.2549361541777664,1.2156511655779028,0.14626838025030509,0.05417032019623136,1.0276107263868681,1.5206800514366066
112726.10+430105.6,-24.72433206595664,-24.837632469610543,-25.16889707930688,-25.388633325972563,-25.66996845048668,-20.38125290514451,-23.24300200146977,-26.35492812828953,-26.871254858874508,-26.614949317766047,-26.736738758262582,-27.41282196433809,0,0.11330040365390204,0.331264609696337,0.2197362466656827,0.28133512451411846,2.8617490963252585,0.5163267305849786,-0.2563055411084605,0.6760832060755071,1.3481054322900192
112726.81+601020.2,-25.215641447044813,-25.4792937085023,-25.87113231301158,-25.93811896050762,-26.095360715372085,-19.7587941150962,-20.089789152160684,-26.40922670209628,-26.99017112734972,-26.920638465885165,-26.91887627500899,-27.79301147210477,0,0.2636522614574872,0.3918386045092781,0.06698664749604077,0.15724175486446512,0.33099503706448274,0.5809444252534384,-0.06953266146455306,0.8741351970957787,0.9807573145013713
112741.88+181416.1,-24.76285801877593,-24.94467238919678,-25.199167337416117,-25.34347372721093,-25.63275379095993,-19.28568155171466,-23.050296058451085,-26.0924774745723,-26.40188204046753,-25.064052269865662,-26.52810450351914,-27.128115486897105,0,0.1818143704208488,0.2544949482193388,0.14430638979481358,0.2892800637490005,3.764614506736425,0.3094045658952318,-1.3378297706018678,0.6000109833779668,1.1846307763082073
112753.14+320437.6,-23.615082869847463,-23.857966526882784,-24.31047834674639,-24.51075323513869,-24.72876507618836,-22.778882360427325,-23.25766422552635,-24.860934229895864,-25.20411293994011,-24.92077858017428,-25.11359690706826,-25.85013542822075,0,0.24288365703532122,0.4525118198636058,0.20027488839230045,0.21801184104966964,0.47878186509902676,0.3431787100442456,-0.2833343597658313,0.7365385211524895,0.6028436719295698
112756.01+143357.4,-24.688364014117944,-25.07947171827797,-25.583408484029672,-25.847057290597288,-26.07079425377685,-19.590370422163375,-23.872940412854355,-26.44499530457526,-27.027097737275604,-26.94762318766147,-27.52866633913521,-28.57639928836557,0,0.3911077041600244,0.5039367657517033,0.26364880656761613,0.2237369631795616,4.28256999069098,0.5821024327003421,-0.07947454961413314,1.0477329492303618,1.681609048537922
112756.94+522021.6,-24.795481339123636,-25.15177019741295,-25.503198972460417,-25.632553133834584,-25.821505388733623,-23.02409055710929,-23.854197103547328,-25.956928268379087,-26.793250194319917,-26.44890601429369,-26.80310203170526,-27.507952766593803,0,0.35628885828931445,0.3514287750474665,0.12935416137416667,0.18895225489903922,0.8301065464380386,0.8363219259408297,-0.34434418002622635,0.7048507348885416,1.1705488978706775
112757.97+122409.3,-24.64072688922827,-24.84465249747724,-25.15085122351737,-25.29112988873195,-25.50114419227426,-17.459344756128687,-20.78753341439354,-26.043264426258308,-26.48472845621409,-26.75658923190368,-26.367213674137204,-27.09541462848223,0,0.20392560824897288,0.30619872604012954,0.1402786652145771,0.21001430354231232,3.328188658264853,0.4414640299557817,0.2718607756895892,0.7282009543450272,1.076083785405256
112817.98+580910.6,-25.25206395628011,-25.50431559149154,-25.6798091107842,-25.80542440650225,-25.994217857629437,-22.23383821208709,-24.78041279679516,-25.97104039554185,-26.102934454075555,-26.04271960690673,-27.109395636781517,-28.19462421958032,0,0.25225163521142946,0.1754935192926581,0.12561529571805252,0.18879345112718582,2.546574584708072,0.13189405853370673,-0.06021484716882597,1.085228582798802,1.3039712302792665
112828.29+344619.6,-24.370969780110368,-24.55855575132012,-24.90505698322314,-25.00702182084962,-25.184351327078527,-21.493852610396825,-24.326568952440983,-25.28293206540757,-25.87949285053806,-26.30928811678277,-26.65790553063952,-27.538539960345567,0,0.18758597120975296,0.3465012319030194,0.10196483762647901,0.17732950622890797,2.832716342044158,0.5965607851304888,0.4297952662447102,0.8806344297060456,1.6508837097899018
112905.18+190711.3,-24.151152304335422,-24.51272750310392,-25.010373164625356,-25.202347074693023,-25.55385888939323,-18.53109267296694,-23.07226457000769,-26.18399549834425,-26.92240028492528,-26.675626512897765,-26.663371935383086,-27.50347360587,0,0.36157519876849875,0.4976456615214353,0.1919739100676665,0.3515118147002063,4.541171897040751,0.7384047865810324,-0.2467737720275167,0.8401016704869129,1.4610248606900633
112914.09+095159.0,-24.998127286939734,-25.249707336490737,-25.694772761160717,-25.91730401405588,-26.228737486658925,-20.61341484271952,-24.65320397915052,-26.605125303839728,-26.991967347424897,-27.025918066448437,-27.269038892856425,-27.956500965779533,0,0.2515800495510021,0.44506542466998056,0.22253125289516262,0.31143347260304566,4.039789136430997,0.38684204358516894,0.03395071902354019,0.6874620729231076,1.3517348788005457
112946.01-012140.5,-23.8044305428344,-24.14866838271559,-24.493879695402303,-24.521922410243647,-24.729104418235345,-23.610173099320992,-24.209811849809427,-25.02757472355919,-25.300502186132707,-25.32277782919664,-25.785123576636725,-26.546659516420185,0,0.34423783988119183,0.3452113126867111,0.028042714841344463,0.2071820079916975,0.5996387504884346,0.2729274625735165,0.022275643063931483,0.7615359397834602,1.2632011663930776
113020.40+422204.2,-23.582533307589184,-23.81708465899097,-24.35170595661672,-24.566102416864407,-24.699021249858607,-19.537236149664853,-22.908114822347382,-25.28518048247185,-25.30974376316884,-25.873614300002224,-25.44601511421388,-25.8631358495489,0,0.2345513514017874,0.5346212976257476,0.21439646024768777,0.13291883299419993,3.3708786726825295,0.024563280696987988,0.5638705368333845,0.4171207353350219,0.8799126973494715
113114.96+471419.2,-25.010594806397236,-25.263968049221823,-25.605658180462136,-25.792255014206876,-26.203196425448752,-20.454281773197867,-21.43904201596579,-26.495656410846276,-27.31344754228957,-26.507282650548827,-27.531213532453027,-28.27060906226716,0,0.25337324282458695,0.34169013124031267,0.18659683374474056,0.41094141124187544,0.9847602427679227,0.8177911314432933,-0.8061648917407425,0.7393955298141321,1.7389585182461502
113434.59+633647.3,-23.974179295221152,-24.379424533140863,-24.85569878409772,-25.145957553371428,-25.53150500266845,-18.064889132222955,-23.555032570767125,-25.34981257315173,-25.87722488735109,-26.016442489349064,-25.69273414700616,-26.442040881123976,0,0.40524523791971134,0.4762742509568554,0.2902587692737093,0.38554744929702167,5.49014343854417,0.5274123141993599,0.13921760199797362,0.7493067341178161,0.546776593634732
113448.31+333105.2,-25.632571510006866,-25.78962451508416,-26.095706505349646,-26.32978320735554,-26.554275732604523,-21.4843301342786,-24.10380322095848,-26.82949796017965,-27.08762949606727,-27.00928828011557,-27.52141924280268,-28.3749231155853,0,0.15705300507729447,0.3060819902654863,0.23407670200589337,0.22449252524898355,2.6194730866798785,0.2581315358876175,-0.07834121595169918,0.8535038727826212,1.1916360354471394
113517.40+581258.7,-21.1371952783762,-21.765265172410945,-22.27839950069071,-22.517427443504875,-22.772728010722563,-20.56386193018863,-21.033074039401946,-22.732874511833003,-23.09845787860953,-22.910466559784656,-23.43618779034967,-23.95834485366495,0,0.6280698940347449,0.5131343282797651,0.23902794281416462,0.255300567217688,0.46921210921331635,0.3655833667765265,-0.1879913188248743,0.5221570633152801,0.9187603468447954
113613.57+614757.3,-25.189033440218022,-25.441253005703665,-25.67538889086169,-25.78260658021422,-25.956204951342727,-22.780712558148863,-24.435191275219804,-25.930485293624173,-26.19025620472281,-26.173613787324086,-26.603910312149488,-27.596110241560527,0,0.2522195654856425,0.2341358851580253,0.10721768935253095,0.17359837112850585,1.6544787170709405,0.2597709110986379,-0.01664241739872452,0.99219992941104,0.8213037319352665
113631.87+015801.0,-24.436450720413013,-24.813735196858588,-25.13038212070405,-25.322332919020923,-25.54460859961888,-23.341018681329462,-24.66769204585373,-25.70865406590228,-26.25507916876391,-25.568122348370405,-27.076032379817534,-27.99863058746204,0,0.37728447644557406,0.316646923845461,0.19195079831687423,0.22227568059795644,1.326673364524268,0.5464251028616296,-0.6869568203935046,0.922598207644505,1.7536994607966108
113645.97+560349.4,-24.95344799485923,-25.295756733715194,-25.57550103794945,-25.822370809438617,-26.03100040966748,-21.906323460962145,-24.1974129669702,-26.36568287730856,-26.765123675286585,-26.903187371978035,-27.16841914226956,-28.12042719005086,0,0.3423087388559658,0.27974430423425645,0.2468697714891661,0.20862960022886412,2.2910895060080563,0.39944079797802345,0.13806369669145013,0.9520080477813018,1.346048332830943
113709.49+390723.4,-24.00757614133408,-24.200362048360667,-24.630584798752704,-24.82536724209518,-25.14173273326657,-20.791547836791363,-23.047827117027172,-25.067559273350533,-25.675823557848428,-25.595801487554937,-26.44817708681224,-27.361903134666,0,0.19278590702658605,0.43022275039203706,0.19478244334247563,0.3163654911713891,2.256279280235809,0.6082642844978956,-0.08002207029349151,0.9137260478537605,1.622809844717061
113718.51+123243.1,-24.100288369769583,-24.5784545994384,-24.92095906930468,-25.059016545580043,-25.385741385822623,-20.001130840296344,-21.294926307918672,-25.701860768846768,-26.20181287843525,-26.40540504232468,-26.120796249182742,-26.84036692420819,0,0.4781662296688154,0.3425044698662809,0.1380574762753639,0.32672484024258,1.2937954676223278,0.4999521095884809,0.20359216388943224,0.719570675025448,1.0617797036026992
113732.59+131050.6,-24.537728840533763,-24.738202186232563,-25.087923939797754,-25.319004841110303,-25.675449203796337,-21.44321949788112,-23.813869132611785,-26.02872464870336,-26.48697755771232,-26.694565449329115,-26.989910630160733,-27.88803505056825,0,0.20047334569879993,0.3497217535651913,0.23108090131254855,0.35644436268603386,2.3706496347306647,0.45825290900895865,0.20758789161679658,0.898124420407516,1.6709057890504297
113757.81+132355.1,-23.91334695816131,-24.13024927208362,-24.40855154668156,-24.54574234783038,-24.862247555487308,-21.61334894911348,-23.981095489811157,-25.620529236241545,-25.75706195826965,-25.76762401637157,-26.36974158488401,-27.30966092451677,0,0.2169023139223114,0.2783022745979409,0.13719080114881876,0.31650520765692747,2.367746540697677,0.13653272202810385,0.010562058101921679,0.939919339632759,1.8239992370536307
113820.35+565652.8,-24.25199218568264,-24.642542255866665,-25.122527762266056,-25.28565161708632,-25.598444521460102,-22.027648672171782,-23.472450327416784,-26.13840672995452,-26.400303652112623,-26.409328123022348,-26.61088431937424,-27.527219448122064,0,0.39055007018402677,0.47998550639939097,0.16312385482026315,0.31279290437378293,1.4448016552450014,0.2618969221581011,0.00902447090972558,0.916335128747825,1.32523270228792
113829.32+040101.0,-25.2357606483859,-25.49448659095454,-25.89757889855492,-26.097060511534146,-26.333973081494943,-21.5944583645186,-24.851270730942904,-26.53072540504693,-27.042839558475475,-26.551587363220403,-27.213317809106787,-28.16385973876013,0,0.2587259425686419,0.40309230760037806,0.19948161297922695,0.23691256996079701,3.2568123664243025,0.5121141534285449,-0.4912521952550719,0.9505419296533439,1.1162572975726412
113943.32+385621.2,-24.94218440492364,-25.18598265805036,-25.591575929750476,-25.69605495242296,-25.888693106030747,-22.22789943624338,-23.528179713603457,-26.17756350245902,-26.615655636930864,-26.241369814076258,-26.87160737257337,-27.80092663517597,0,0.24379825312671954,0.4055932717001163,0.1044790226724821,0.19263815360778835,1.300280277360077,0.4380921344718445,-0.3742858228546062,0.9293192626026006,1.1755524201504102
114034.86+171852.0,-24.22258921801273,-24.686385461667427,-25.246585997785964,-25.395795096063587,-25.531580522930938,-21.979516691671563,-23.591337527184667,-25.84551047714477,-26.137249059220927,-25.28234484075591,-26.733700737341174,-27.629457343958272,0,0.4637962436546985,0.5602005361185363,0.1492090982776233,0.13578542686735062,1.6118208355131038,0.29173858207615666,-0.8549042184650162,0.8957566066170983,1.3379056412775867
114106.45+513237.6,-23.58929817062288,-23.691490145911736,-23.88035388208616,-24.02263313810299,-24.239104498500044,-23.30857217088031,-22.634465505992065,-23.9671779295301,-24.559251800418263,-24.833918448252515,-25.254109753749745,-26.05077879292793,0,0.10219197528885715,0.18886373617442231,0.1422792560168311,0.21647136039705472,-0.6741066648882459,0.5920738708881643,0.2746666478342519,0.7966690391781839,1.2314766156467556
114116.52+034659.5,-25.600993689436205,-25.920460947190158,-26.152450049938388,-26.19355100832188,-26.391364861104293,-22.399943021599388,-24.010992861346185,-26.54597581896077,-27.07020558923336,-26.88275069785711,-27.271076759386084,-28.314385033530076,0,0.3194672577539528,0.23198910274822993,0.041100958383491815,0.1978138527824136,1.6110498397467978,0.5242297702725907,-0.1874548913762517,1.0433082741439925,1.0775257510642042
114212.25+233250.5,-25.83526137068863,-25.98235266098672,-26.2463815902622,-26.319972873695484,-26.573994542752946,-22.24846474522715,-25.457495662361197,-26.532605521345367,-26.71777592280494,-26.85991834447853,-27.572646187536595,-28.510920250100558,0,0.1470912902980892,0.2640289292754794,0.07359128343328436,0.2540216690574617,3.209030917134047,0.18517040145957253,0.14214242167359004,0.9382740625639627,1.252673313841111
114249.76+250919.4,-24.68649175146164,-24.80032400702248,-24.9889123691192,-25.14159780182764,-25.33585182479278,-24.0253519618742,-24.61467019755442,-25.30486285519688,-25.80593752593686,-26.24975119315152,-26.283034526701947,-27.31132776046851,0,0.11383225556083687,0.18858836209671992,0.15268543270844148,0.19425402296513994,0.5893182356802207,0.5010746707399782,0.44381366721466264,1.028293233766565,1.141436724874307
114254.26+265457.5,-26.295867551011,-26.36104336869285,-26.824312172614626,-26.958985630766577,-27.184756605701548,-20.102873442660503,-22.834385765357467,-27.21007599685554,-27.753304515223864,-28.036175119151387,-28.082316016478472,-28.629126825617757,0,0.0651758176818511,0.4632688039217747,0.1346734581519513,0.22577097493497078,2.7315123226969646,0.5432285183683234,0.28287060392752394,0.5468108091392843,1.1233303857118955
114311.60+651513.4,-25.355262477513005,-25.426759748412017,-25.83150091725823,-25.953507709381007,-26.185181807433143,-20.341403753770884,-19.60732548896306,-26.528718668434053,-27.172686257278368,-27.52804524840829,-27.33249907103053,-28.09338695819584,0,0.07149727089901248,0.40474116884621125,0.12200679212277876,0.23167409805213524,-0.7340782648078239,0.6439675888443155,0.355358991129922,0.7608878871653104,1.378991361649522
114350.30+362911.3,-25.587610863654294,-25.66139441815391,-26.087457722456943,-26.25087345401126,-26.41690570860868,-23.09177481683713,-23.603761340149894,-26.821344818366427,-27.29180913191277,-27.256404202919335,-26.997039045681312,-27.531928261669076,0,0.0737835544996166,0.42606330430303174,0.16341573155431632,0.16603225459742177,0.5119865233127641,0.4704643135463442,-0.03540492899343661,0.5348892159877643,0.7461655916700529
114351.58+153709.2,-24.854559633677287,-24.92309521506998,-25.22105918378989,-25.357089268917555,-25.60238505540012,-23.171773605641608,-24.404216635230487,-25.549545546561014,-26.02183473920601,-25.759548877088974,-26.81609807402456,-27.730235052184,0,0.06853558139269467,0.29796396871990893,0.1360300851276648,0.2452957864825649,1.2324430295888789,0.4722891926449968,-0.26228586211703586,0.9141369781594406,1.459008805107004
114354.04+011343.1,-25.192687014998285,-25.43730589437867,-25.66222271549709,-25.770753021979445,-26.016522910190897,-23.2449823657246,-24.986230591432207,-26.063912999626037,-26.496262361615848,-26.347307135992192,-27.159868725249943,-27.99557664038113,0,0.2446188793803863,0.22491682111841982,0.10853030648235418,0.24576988821145207,1.7412482257076078,0.4323493619898109,-0.1489552256236557,0.8357079151311879,1.3891157032704982
114355.47-023838.1,-24.43221428824725,-24.492654338344785,-24.86140887994192,-24.99594381518785,-25.232200301384037,-20.415598969473077,-23.72926412575212,-25.50546542891897,-26.055760023210325,-25.935331514563003,-26.18340714545399,-26.926643124972816,0,0.06044005009753661,0.3687545415971343,0.13453493524593085,0.23625648619618644,3.3136651562790433,0.5502945942913549,-0.12042850864732202,0.7432359795188255,1.1874633302661408
114407.88+644448.0,-25.314580615233226,-25.52135910506001,-25.94184011829785,-26.12399822316962,-26.382081856223238,-21.631051241462927,-20.346368292582987,-26.792558275070977,-27.184115787322483,-27.68786588508099,-27.52328760783673,-28.321387543824144,0,0.20677848982678526,0.4204810132378398,0.1821581048717711,0.2580836330536158,-1.28468294887994,0.3915575122515058,0.5037500977585054,0.7980999359874161,1.3992893846671066
114449.33+032751.8,-25.190991264791897,-25.36566347251636,-25.91846901622219,-26.2587855139452,-26.48084322994697,-18.54162616708414,-21.93340748007953,-26.893741183956525,-27.27514064787196,-27.51738743824416,-27.3879470961262,-27.567502591863526,0,0.17467220772446268,0.5528055437058299,0.3403164977230091,0.22205771600177115,3.3917813129953913,0.3813994639154359,0.24224679037219943,0.17955549573732554,1.129161582181002
114556.02+205959.8,-24.38181101899251,-24.666668586086967,-25.11355416444139,-25.380471184601813,-25.65800780560372,-21.854187399106277,-23.98231426849104,-26.044261907588098,-26.19649271690229,-25.73353536541565,-26.7987444088198,-27.640619669645105,0,0.28485756709445553,0.4468855783544221,0.26691702016042385,0.27753662100190724,2.128126869384765,0.15223080931419375,-0.4629573514866401,0.8418752608253044,1.4182732242179874
114618.51+101527.7,-24.940379626421503,-25.190161583457265,-25.480334021215057,-25.652769920508703,-25.83560172408989,-23.45608201629917,-24.546105845204163,-26.14384319324523,-26.20435227329267,-26.12991547366483,-27.027171090459543,-27.884550051519696,0,0.24978195703576134,0.2901724377577928,0.1724358992936459,0.18283180358118756,1.090023828904993,0.0605090800474386,-0.07443679962783989,0.857378961060153,1.3744011699508398
114742.64+500001.1,-24.27681850976855,-24.35785441215956,-24.64058918653916,-24.696140336204028,-24.825534587075783,-22.655748475671277,-24.12857530267801,-24.818795603469663,-25.549339913602964,-25.480754610858444,-26.017048855780462,-26.97273587686785,0,0.08103590239101166,0.28273477437959826,0.055551149664868404,0.12939425087175493,1.472826827006731,0.7305443101333005,-0.0685853027445198,0.9556870210873889,1.3209085195764345
114842.91+352052.9,-24.96465346779373,-25.271482333232104,-25.754528141340668,-25.90683692908352,-26.19159777687165,-22.22408500171655,-24.717890614956623,-26.41149813267665,-26.61248649186311,-26.7533829208092,-27.000407593227003,-27.718947841982228,0,0.30682886543837284,0.4830458081085638,0.15230878774285372,0.28476084778812805,2.493805613240074,0.20098835918646074,0.14089642894609256,0.7185402487552253,1.0935706641434813
114849.04+461809.0,-24.862567913320667,-24.903095057699584,-25.32561443254105,-25.44428664485058,-25.69683060680552,-22.175146825402127,-22.60419477090511,-26.07908980684821,-26.754274541655843,-26.798849949356168,-26.53930650378131,-27.29623403832072,0,0.0405271443789168,0.4225193748414675,0.11867221230952651,0.25254396195494166,0.4290479455029832,0.6751847348076332,0.04457540770032509,0.7569275345394075,1.0950198589307334
114851.30+104824.5,-25.449526119648343,-25.58711195619586,-26.04754981743081,-26.20717755167077,-26.39805976826357,-19.54617626108967,-20.420795704573525,-26.72217292129445,-26.81570246546416,-27.231184057023764,-27.0926805098613,-27.391240877738337,0,0.13758583654751533,0.4604378612349507,0.15962773423996168,0.19088221659279725,0.874619443483855,0.0935295441697086,0.4154815915596046,0.29856036787703744,0.8855029581905285
114856.82+573820.1,-24.46688104660148,-24.7345320649202,-25.05318488749416,-25.190678502084022,-25.378544511224025,-21.02095177986916,-22.614172320229876,-25.958689957358946,-26.234313413507312,-25.78596710594368,-26.35916992299997,-27.310661667305336,0,0.26765101831871974,0.3186528225739629,0.13749361458986087,0.18786600914000218,1.593220540360715,0.2756234561483666,-0.44834630756363225,0.9514917443053648,1.1684914209159487
114902.40+411237.3,-24.77644843311535,-24.942342952822155,-25.179150377511963,-25.36701655738052,-25.6156314089384,-23.039540098743444,-24.25464404670721,-25.34901151559665,-25.64342101402427,-25.763402232877965,-26.17505624239911,-27.10588416006769,0,0.16589451970680713,0.23680742468980753,0.18786617986855703,0.24861485155787832,1.2151039479637653,0.2944094984276191,0.11998121885369528,0.9308279176685801,0.8080396850185885
114903.47+220424.3,-23.901601064712825,-24.10380795309021,-24.52225319491506,-24.679137687812705,-24.777497798407133,-23.590203579264035,-23.706000791419434,-24.78036572774973,-24.8535349921144,-24.72821462372293,-25.784841262567507,-26.66590270713694,0,0.2022068883773862,0.4184452418248483,0.15688449289764606,0.0983601105944274,0.11579721215539962,0.07316926436467242,-0.12532036839147054,0.8810614445694327,1.105703574754802
114907.15+004104.3,-24.5333844829968,-24.86030036381684,-25.449980051348916,-25.530470946832462,-25.75842772574033,-19.101601045447797,-19.61623006455043,-26.1699234616343,-27.336795058076916,-27.42371435954572,-26.66709562323771,-27.57394424323085,0,0.32691588082003875,0.589679687532076,0.08049089548354615,0.22795677890786692,0.5146290191026317,1.1668715964426148,0.08691930146880367,0.9068486199931414,1.1366246764052477
114924.16+175034.3,-24.52445904945693,-24.706907108324955,-25.09774815716466,-25.267367832899737,-25.50620769813725,-22.470436698129568,-24.30293952929549,-25.223960845771515,-25.45299759108032,-25.73060784471082,-26.48171759487894,-27.285468131264796,0,0.18244805886802595,0.39084104883970383,0.16961967573507764,0.23883986523751233,1.8325028311659217,0.2290367453088038,0.2776102536305025,0.8037505363858557,1.2143497619792036
114925.65+665949.4,-24.861720800411344,-24.820340718722044,-25.348734974241925,-25.50860567687107,-25.712864135071165,-22.11556884693917,-22.6338097304063,-26.13319084317172,-26.564743314137107,-26.96724161589768,-26.598829888155333,-27.219239535065693,0,-0.04138008168930085,0.5283942555198813,0.1598707026291457,0.20425845820009414,0.5182408834671293,0.43155247096538574,0.40249830176057344,0.6204096469103604,1.0902242112842622
114932.06+211143.8,-24.97091596108259,-25.18722634709309,-25.47810937162862,-25.571178830196068,-25.865404313589444,-23.12096686937997,-23.977645690905,-26.27669660338676,-26.75735915907566,-26.73403984188313,-26.65510927556735,-27.50820450136732,0,0.2163103860105018,0.2908830245355283,0.09306945856744875,0.29422548339337595,0.8566788215250298,0.48066255568889815,-0.023319317192527222,0.8530952257999687,1.0839304453712835
115034.53+653928.2,-26.2351912126679,-26.267637080286228,-26.83399570783692,-27.068497496123214,-27.315802126234843,-23.082678710988148,-24.577651721011808,-27.68809121121404,-27.96706474117216,-28.241912250487825,-28.04985669142094,-28.4416457629595,0,0.03244586761832835,0.5663586275506916,0.23450178828629475,0.2473046301116284,1.49497301002366,0.27897352995811886,0.27484750931566637,0.391789071538561,0.9813591952977241
115043.86-002354.1,-25.75411584879254,-25.999976624136984,-26.32707045491277,-26.506936599060207,-26.778379023318227,-23.13151153299844,-24.645507208505983,-27.12132259933072,-27.37792530930961,-27.593515885627344,-27.613934197351647,-28.069390843827488,0,0.24586077534444328,0.32709383077578735,0.17986614414743585,0.27144242425801934,1.513995675507541,0.256602709978889,0.2155905763177337,0.4554566464758416,1.1069975982914393
115124.66+585917.5,-26.125337695454608,-26.561501578529672,-26.798642259516917,-27.21188238037241,-27.523051880760818,-23.25445988424716,-24.96178502196928,-27.38678797476221,-27.60312717744383,-28.157154281996828,-28.212154026343168,-28.54681643640213,0,0.43616388307506426,0.2371406809872454,0.413240120855491,0.3111695003884094,1.707325137722119,0.21633920268162043,0.554027104552997,0.3346624100589608,1.0002716459707592
115129.37+382552.3,-25.562140637939155,-25.55692138088196,-25.89351894574105,-26.082001079790192,-26.321836222327207,-24.063373967128108,-25.54753132116455,-26.498965624248928,-26.78598208507848,-26.689351505435607,-26.997842566845367,-27.68088279942469,0,-0.005219257057195392,0.3365975648590904,0.18848213404914205,0.23983514253701443,1.4841573540364408,0.2870164608295518,-0.09663057964287347,0.683040232579323,0.9158414870551752
115149.28+311643.8,-24.208462607483128,-24.361188459978614,-24.66418129677215,-24.79002548698245,-24.9568239891114,-22.14098448663672,-23.174940529025136,-25.30584893149293,-25.639516287095223,-25.831748704558933,-25.982611625194235,-26.82850983337953,0,0.15272585249548598,0.3029928367935355,0.12584419021030158,0.1667985021289482,1.0339560423884144,0.33366735560229444,0.19223241746371045,0.8458982081852966,1.1925861382117837
115154.00+273331.2,-25.256206241021744,-25.445913522456827,-25.72659337846545,-25.887122686696006,-26.159961949984197,-19.1483032803985,-19.909876284085403,-26.493498396994728,-26.928972427999405,-27.336378346993904,-27.10246590688266,-27.76565196504197,0,0.18970728143508353,0.28067985600862144,0.1605293082305579,0.27283926328819064,0.7615730036869017,0.4354740310046772,0.40740591899449896,0.6631860581593116,1.2153432201866536
115239.67+070222.0,-25.635472049253785,-25.780829859460745,-26.040410433786136,-26.13259913769499,-26.357600141738967,-23.98747757152281,-25.523643271303868,-26.395599145449005,-26.78206196223925,-26.912234272213755,-27.24275611858246,-28.16215039232652,0,0.14535781020695993,0.2595805743253905,0.09218870390885314,0.22500100404397827,1.5361656997810584,0.38646281679024597,0.13017230997450469,0.9193942737440608,1.1101569808874707
115301.60+215117.5,-26.39250960951812,-26.40708416222687,-26.758427396660025,-26.90649179095921,-27.13159693403588,-19.117669611783672,-18.899154489188017,-27.47095042160745,-27.77949891268659,-28.13555205670685,-28.239212311500523,-28.85273964034155,0,0.014574552708747746,0.3513432344331555,0.14806439429918328,0.2251051430766715,-0.21851512259565453,0.30854849107914006,0.3560531440202581,0.6135273288410268,1.332720520541315
115305.50+200101.6,-24.738857674114534,-25.003529217680217,-25.23154490617627,-25.30541914866244,-25.481954454222,-20.91430775813164,-23.50858442290372,-25.78369738784223,-25.905864010284592,-26.123602514123014,-26.66619645389309,-27.70418848775961,0,0.264671543565683,0.22801568849605403,0.0738742424861698,0.17653530555955754,2.5942766647720816,0.12216662244236076,0.2177385038384223,1.0379920338665194,1.3607773052306484
115342.81+483844.4,-24.448653433409905,-24.527345174467943,-24.599491427337483,-24.957475358764725,-25.2507717399801,-18.50907326906722,-21.26408095208799,-25.95853234253573,-26.305087218493423,-26.682140083906464,-26.400438788484877,-26.877912487051148,0,0.07869174105803722,0.07214625286954046,0.35798393142724194,0.2932963812153737,2.7550076830207715,0.3465548759576933,0.3770528654130416,0.4774736985662713,1.4429634297201517
115351.91+164335.1,-24.71569658142524,-25.293683247887603,-25.841817701373166,-26.08217161157085,-26.296302366609652,-17.824154607410623,-21.13670976355317,-26.949719136703305,-27.25723545551235,-27.395295588939916,-27.34166148801141,-27.98132088244978,0,0.5779866664623619,0.548134453485563,0.24035391019768326,0.21413075503880208,3.3125551561425475,0.3075163188090464,0.1380601334275653,0.6396593944383682,1.2594898764405613
115353.35+502633.9,-22.80129487274966,-23.18630630085115,-23.61419740507796,-23.727406206290667,-23.92285697109898,-20.25949868476493,-22.00775467543737,-24.4296509109366,-24.7822964997588,-24.904617182132395,-24.6058543976366,-25.132495297648376,0,0.3850114281014889,0.4278911042268092,0.11320880121270704,0.1954507648083137,1.7482559906724369,0.3526455888221989,0.12232068237359428,0.526640900011774,0.8784481913459352
115426.59+583153.3,-23.70893281813093,-24.15277159909457,-24.655373780823503,-24.89534140259107,-25.15186416107438,-23.00211925945977,-23.668579715499195,-25.52224548522837,-25.655042359539102,-25.764942992015104,-25.795464897256597,-26.31788182968501,0,0.4438387809636417,0.5026021817289319,0.23996762176756903,0.25652275848330675,0.6664604560394238,0.13279687431073128,0.1099006324760019,0.5224169324284134,0.9001234946655252
115515.54+340701.2,-24.99380631929529,-25.046807673554543,-25.349199886126083,-25.500833134820443,-25.712073582831867,-18.207931870392965,-22.73048859368022,-25.97282245549041,-26.226100944928245,-26.468182925992974,-26.717384269038448,-27.268542277861776,0,0.05300135425925134,0.30239221257154014,0.15163324869435968,0.2112404480114236,4.522556723287256,0.25327848943783593,0.24208198106472878,0.5511580088233288,1.2165511342180046
115533.94+181551.3,-24.8348153313828,-24.94272894582352,-25.223480114514352,-25.34303642682741,-25.613259790398097,-22.684951753267924,-24.24728125322346,-25.755341024604533,-26.11039512084595,-26.01818443344534,-26.34096588228477,-27.070614523758383,0,0.10791361444072223,0.2807511686908306,0.1195563123130583,0.2702233635706861,1.5623294999555348,0.3550540962414175,-0.092210687400609,0.729648641473613,0.9979294554573599
115723.22+173916.2,-24.58739795035176,-24.73497731053937,-24.99422656700624,-25.192440139419304,-25.469399622594786,-23.434475096168665,-24.626990247388942,-25.60326276833094,-25.929949980090992,-26.055894490764487,-26.520366285274825,-27.444583740079462,0,0.14757936018760986,0.2592492564668696,0.1982135724130636,0.2769594831754816,1.1925151512202774,0.3266872117600528,0.1259445106734951,0.9242174548046371,1.3279261458555212
115843.45+454600.3,-26.115515599757696,-26.347728012031457,-26.707408361679573,-26.939729230088417,-27.18596570191804,-23.149901906300368,-24.075049840537147,-27.47509791546275,-27.804942886881825,-27.82232163920048,-28.00212805551725,-28.6138038981573,0,0.23221241227376055,0.3596803496481158,0.23232086840884492,0.24623647182962216,0.9251479342367794,0.32984497141907454,0.017378752318656154,0.6116758426400501,1.0623988254288328
115953.74+273120.1,-24.29155177494363,-24.991576048563577,-25.41117511714209,-25.448088685872715,-25.643788399403107,-20.857384664929015,-24.091325149916,-26.122223289316583,-26.74419604528924,-26.52671661895041,-26.626759372048102,-27.43999422799973,0,0.7000242736199453,0.41959906857851337,0.03691356873062546,0.1956997135303915,3.2339404849869844,0.6219727559726564,-0.21747942633883,0.8132348559516274,1.178670686175387
115959.71+410152.9,-25.14513681644169,-25.423327897514323,-25.988482567113245,-26.37883491791688,-26.572205615667304,-18.911491971924328,-21.96983625702519,-26.6259619229844,-27.090611988611453,-27.31038621215736,-27.21506087438368,-27.761084658074065,0,0.27819108107263446,0.5651546695989218,0.39035235080363506,0.19337069775042437,3.058344285100862,0.4646500656270547,0.21977422354590814,0.5460237836903836,0.8362259564668015
120002.21+641904.9,-24.137043099645357,-24.93970348473107,-25.46210623952426,-25.716968735128997,-25.98976212829124,-21.36321527248585,-22.99470562557431,-26.64071165168448,-26.7705428915214,-26.475937723468668,-26.736337198068952,-27.627561653069037,0,0.8026603850857121,0.5224027547931911,0.25486249560473695,0.2727933931622424,1.6314903530884592,0.12983123983692124,-0.2946051680527333,0.891224455000085,1.0193684629399549
120006.24+312630.8,-25.967503283339383,-26.62723514372764,-27.096051369042577,-27.27495911754176,-27.47664014678618,-20.436541452186432,-22.85318454501411,-27.732284156879093,-28.1923852024595,-28.49788596997449,-28.443044916938227,-28.920233998702518,0,0.6597318603882556,0.4688162253149386,0.17890774849918145,0.20168102924442266,2.4166430928276768,0.46010104558040865,0.3055007675149888,0.47718908176429053,1.1680857993964686
120051.52+350831.6,-25.29785898461474,-25.965845473649896,-26.38064941000492,-26.59178379414427,-26.860962064998706,-21.277834022355137,-24.11489991647449,-26.878201029596585,-27.115823286907435,-26.957176966989497,-27.944442711655697,-29.003839652884025,0,0.6679864890351546,0.41480393635502466,0.21113438413934915,0.2691782708544359,2.837065894119352,0.23762225731084996,-0.15864631991793843,1.0593969412283286,1.3526589175114268
120055.99+115718.4,-24.92095541183101,-25.22940987925304,-25.82726810889745,-26.162188978447723,-26.36026409793881,-19.83650239985416,-23.205597699918425,-26.72423934702038,-27.120810974783726,-27.224486161690308,-27.40075858952538,-27.863596143790545,0,0.3084544674220311,0.5978582296444088,0.3349208695502739,0.19807511949108658,3.369095300064263,0.39657162776334687,0.10367518690658173,0.46283755426516393,1.2385696110776578
120111.38+362139.6,-23.77585616464293,-24.22169676404733,-24.6567670450033,-24.81866377924154,-24.83468375626268,-22.241959503382024,-24.28184721698957,-25.757745482141395,-26.600478153547776,-25.608482511000744,-26.23006661223759,-26.96216218699469,0,0.4458405994043986,0.4350702809559692,0.16189673423824047,0.01601997702114133,2.039887713607545,0.842732671406381,-0.9919956425470318,0.7320955747570999,1.4114028329960497
120132.68+563656.3,-24.359726020106308,-24.76055897326948,-25.08732726402944,-25.28540285961965,-25.580345926478376,-22.94173541772629,-23.5555905268204,-25.62001415900208,-25.83868153404863,-25.785596468863652,-26.742044134803724,-27.73088385749953,0,0.4008329531631709,0.3267682907599614,0.19807559559021115,0.29494306685872473,0.6138551090941107,0.2186673750465502,-0.0530850651849768,0.9888397226958077,1.4566412751840723
120142.25-001639.8,-24.55008076843031,-24.797279385944204,-25.158644356769965,-25.32861830075617,-25.57661990218602,-22.08616441810174,-23.477867176340936,-26.114200944539537,-26.36165134991151,-26.604619533626195,-26.521066144488508,-27.338016059841184,0,0.24719861751389516,0.36136497082576113,0.16997394398620358,0.24800160142985206,1.391702758239198,0.24745040537197482,0.24296818371468376,0.8169499153526765,1.1924478437323387
120203.30+283300.4,-25.32605442476569,-25.328428113165263,-25.8174654885531,-26.003593400316227,-26.214360773819102,-22.35767416718435,-23.40047175315484,-26.43261946369681,-27.046433100591525,-27.281445624546816,-27.249641412182687,-28.100388863178694,0,0.0023736883995724156,0.48903737538783787,0.18612791176312626,0.21076737350287544,1.04279758597049,0.6138136368947151,0.23501252395529093,0.8507474509960069,1.2460480118664599
120405.41+584535.9,-24.60800888463997,-24.6036362619408,-24.9766978736222,-25.20746717720536,-25.551609071846887,-21.28721810931751,-23.27195147300687,-26.13020440908724,-26.72276463273212,-26.471283278711912,-26.646574874833384,-27.27687391430173,0,-0.004372622699168716,0.3730616116814005,0.23076930358315906,0.34414189464152756,1.984733363689358,0.5925602236448775,-0.251481354020207,0.6302990394683476,1.4391076976280246
120420.07+170900.4,-24.591088898179564,-24.682166348464555,-25.07100373088365,-25.254936137810304,-25.513027507409426,-22.714334818817942,-24.5440219995491,-25.743484228010463,-25.9369908970602,-26.140079430678625,-26.61097681411916,-27.496745681089088,0,0.09107745028499181,0.38883738241909427,0.18393240692665458,0.2580913695991214,1.829687180731156,0.1935066690497358,0.20308853361842694,0.8857688669699293,1.3560406763088544
120504.39+352208.4,-25.091615597544934,-25.14963138976319,-25.566969307720168,-25.702369051381357,-25.97187934384013,-19.040869704812003,-20.005078022780605,-26.30776405992348,-26.78779216632553,-26.7977392544151,-26.986487955246872,-28.08636443473795,0,0.05801579221825648,0.41733791795697783,0.13539974366118912,0.2695102924587722,0.9642083179686018,0.4800281064020524,0.009947088089568012,1.0998764794910763,1.2841189038655152
120608.65+442300.7,-23.567264588431293,-23.92837589028916,-24.38185703389266,-24.600775354044917,-24.86237716093072,-22.45566408546034,-23.557152546880552,-25.347923295231844,-25.300112767784988,-25.2913392530486,-25.27552009057034,-25.944843345393387,0,0.3611113018578678,0.45348114360350067,0.21891832015225532,0.26160180688580326,1.1014884614202103,-0.0478105274468561,-0.008773514736386545,0.6693232548230483,0.6747447365254224
120702.41+592853.1,-25.22111008712822,-25.272336198768794,-25.754332843004875,-25.86046376922879,-26.05822219149802,-23.529185443778548,-25.270863837113847,-26.454371889543708,-26.737332938795134,-26.678657968834347,-26.84793947009792,-27.68705385896014,0,0.05122611164057389,0.48199664423608013,0.10613092622391562,0.19775842226923146,1.7416783933352988,0.2829610492514263,-0.05867496996078714,0.839114388862221,0.9874757008691297
120703.42+652406.2,-25.468771203831828,-25.7745436585787,-26.16884216627672,-26.22073833547184,-26.486022542218585,-22.671330752223756,-24.56184417298853,-26.620603874421214,-27.028403322093112,-26.8870745284004,-27.161984488209026,-27.8425756183879,0,0.3057724547468723,0.3942985076980179,0.05189616919512119,0.26528420674674535,1.8905134207647727,0.40779944767189846,-0.14132879369271123,0.6805911301788754,0.941246152737186
120722.82+091834.8,-25.16264194507272,-25.365356696235644,-25.65648069869594,-25.77561597400271,-25.97596088736445,-21.526278424934556,-24.28626436826561,-26.08828863488905,-26.44351363785474,-26.24943952539262,-27.0911643595997,-27.974469094537582,0,0.20271475116292237,0.2911240024602968,0.11913527530677115,0.20034491336173943,2.7599859433310527,0.35522500296568893,-0.19407411246211836,0.8833047349378838,1.315548385596987
120748.90+592619.9,-24.52651862914282,-24.991472061356827,-25.51580295463244,-25.586418479429323,-25.74156921053676,-18.92780541092082,-22.874583598311187,-26.26962899931785,-26.763372687507456,-26.43969635035776,-26.31401297862783,-27.067209021985057,0,0.4649534322140063,0.5243308932756143,0.0706155247968816,0.1551507311074367,3.9467781873903682,0.4937436881896069,-0.32367633714969557,0.753196043357228,0.7275944991985064
120811.32+411404.4,-24.44255176698212,-24.721838593370155,-25.14407121182721,-25.36102206016555,-25.62598019972148,-18.737576289519897,-22.92376869303142,-26.05951730195146,-26.556635281840165,-26.267101386147484,-26.676088574986228,-27.25897841600535,0,0.27928682638803437,0.4222326184570555,0.2169508483383389,0.2649581395559295,4.186192403511523,0.49711797988870643,-0.2895338956926814,0.5828898410191208,1.3150665148206784
120813.42+023015.1,-25.612623561220445,-26.032754269124773,-26.442355820954912,-26.56632745331396,-26.90558293120865,-23.61996224310178,-25.5396268685304,-27.09596571858909,-27.10143371880361,-27.12310411877992,-27.37151101272096,-28.173350999990426,0,0.4201307079043275,0.40960155183013924,0.12397163235904785,0.3392554778946888,1.91966462542862,0.00546800021452043,0.021670399976311927,0.8018399872694673,0.8051835594069985
120822.25+302423.9,-24.299740572173967,-24.5603502255552,-25.0665572512072,-25.36159139305737,-25.68683346894405,-16.76771441436714,-22.48348953393843,-26.11833556366296,-26.681733335370524,-27.09513464300463,-26.9603633411868,-27.60322155461627,0,0.2606096533812341,0.5062070256519995,0.2950341418501701,0.3252420758866812,5.7157751195712905,0.5633977717075638,0.413401307634107,0.64285821342947,1.5987719481294285
120846.84+130122.6,-24.76622275321468,-24.906202117179355,-25.220532661088477,-25.50027404770772,-25.773334825396624,-21.397010934994803,-24.183529269728883,-25.942915186366346,-26.12338649432462,-26.277391880578463,-26.605116636889203,-27.58637573539001,0,0.1399793639646738,0.3143305439091222,0.27974138661924286,0.27306077768890447,2.7865183347340796,0.1804713079582747,0.15400538625384286,0.9812590985008072,1.1048425891814837
120850.67+511821.1,-24.650076385327573,-24.922516603420952,-25.342009921990822,-25.5504060687449,-25.767378690661157,-19.82328412442597,-21.468045577881483,-26.353024442663443,-26.979086803411292,-27.464185623546136,-26.707654626028354,-27.449199324092792,0,0.27244021809337937,0.41949331856987015,0.20839614675407603,0.2169726219162591,1.6447614534555122,0.6260623607478486,0.4850988201348443,0.7415446980644376,1.1572485572834559
120853.62+170001.5,-24.363128388609955,-24.51226550745846,-24.84763877110872,-25.00480837503682,-25.105909277445043,-22.277300637783146,-24.09689103482794,-25.227233025097984,-25.66075406972584,-25.8911054874221,-26.42395307681299,-27.34449956354352,0,0.149137118848504,0.3353732636502613,0.1571696039281001,0.10110090240822345,1.819590397044795,0.4335210446278559,0.23035141769625866,0.9205464867305295,1.419144701776169
120922.31+413558.7,-24.90113676814949,-25.20247941443489,-25.495672733958536,-25.556827161748338,-25.763378135325635,-23.3386602609208,-24.04027525700086,-26.249141815653847,-26.38698346850618,-26.727315375052,-26.707830823614174,-27.511274850824822,0,0.30134264628539853,0.29319331952364536,0.06115442778980196,0.20655097357729701,0.7016149960800604,0.13784165285233385,0.3403319065458206,0.8034440272106487,1.1510036618658361
120932.25+004555.9,-24.365329493476143,-25.181950083013035,-25.82287452446364,-25.954132420390955,-26.172408530111507,-20.246285030083925,-23.928081183156635,-26.58283653166581,-26.92391792468956,-27.0618521701536,-27.215448234769624,-27.9926714181457,0,0.8166205895368925,0.6409244414506041,0.13125789592731607,0.21827610972055211,3.6817961530727104,0.34108139302375307,0.13793424546403799,0.7772231833760763,1.2613158143786691
121010.72+282839.4,-24.870193185469528,-25.011078527827895,-25.262751318455056,-25.41297429959654,-25.739605095854884,-23.37634871259126,-24.854757664664422,-25.89715685601608,-26.220025741737523,-26.29645461088042,-27.037004476012108,-28.007042003832183,0,0.14088534235836647,0.2516727906271612,0.1502229811414857,0.32663079625834257,1.4784089520731634,0.32286888572144434,0.07642886914289804,0.9700375278200752,1.624030176415566
121025.59+113509.2,-24.88242387490018,-24.977066416478216,-25.24531188387412,-25.370348215097668,-25.573973015370765,-23.491515988053006,-24.781019459023515,-25.80719380558117,-26.245850629992358,-26.438407829954706,-26.350216681054253,-27.185671563269736,0,0.09464254157803609,0.2682454673959036,0.12503633122354785,0.20362480027309715,1.2895034709705087,0.43865682441118636,0.19255719996234788,0.8354548822154833,0.979868465956585
121028.93+205544.5,-24.398127119454,-24.93263220374551,-25.725591285867456,-26.14576470724591,-26.47287877434293,-17.881796907848482,-21.146541083834368,-26.58580741347052,-26.68462314458109,-27.197465153719047,-26.77556195337928,-26.95882108589888,0,0.53450508429151,0.7929590821219463,0.42017342137845404,0.3271140670970212,3.2647441759858857,0.09881573111056952,0.5128420091379589,0.18325913251959847,0.6297972461333714
121029.49+541104.3,-24.795438816991823,-25.14712010957315,-25.42472506673943,-25.540422062241728,-25.777247674036182,-22.217938735632355,-24.29231005809673,-26.04519062927105,-26.237582025810543,-26.264925672714437,-27.17981548905877,-28.281256432777955,0,0.3516812925813291,0.27760495716627887,0.11569699550229728,0.23682561179445472,2.0743713224643763,0.19239139653949167,0.027343646903894125,1.101440943719183,1.639393426817044
121032.34+450020.6,-23.69214633375865,-23.816401500586476,-24.15733486383452,-24.244380497145983,-24.514739071048623,-23.116469999726892,-23.272342641635408,-24.48491155991877,-24.591458267261736,-24.744800400140807,-25.199717731967876,-26.002978852066565,0,0.124255166827826,0.3409333632480447,0.08704563331146176,0.27035857390264084,0.15587264190851613,0.10654670734296445,0.1533421328790716,0.8032611200986892,0.9553372348218936
121037.56+315706.0,-24.005335209389127,-24.192272520412025,-24.45375657085657,-24.50028524589541,-24.97846982461546,-23.74324545796905,-23.99110683050773,-24.558995633060043,-24.86193033081208,-25.153305600542364,-25.486779546668405,-26.214049529853533,0,0.18693731102289846,0.2614840504445439,0.046528675038839395,0.47818457872005027,0.24786137253867935,0.3029346977520362,0.2913752697302847,0.7272699831851277,0.9864943007729963
121140.59+103002.0,-24.78429484659251,-25.06534151076656,-25.33423517855637,-25.58582927037712,-25.87526248460241,-21.21783064341939,-23.11038617684351,-26.2592251591163,-26.83938839397868,-27.046942530335265,-26.877250317455573,-27.3003703690594,0,0.28104666417405255,0.2688936677898077,0.2515940918207491,0.28943321422529067,1.8925555334241189,0.5801632348623791,0.2075541363565847,0.4231200516038278,1.2914210470784546
121257.10+284030.6,-25.299302179658262,-25.35225805669151,-25.78555338697588,-25.863010956880807,-26.134762408717982,-22.08435773847188,-23.148227131594627,-26.42300933646207,-26.80118290707261,-27.29086447554608,-27.10298451147792,-27.841388089130213,0,0.052955877033248555,0.43329533028436984,0.0774575699049258,0.27175145183717575,1.0638693931227472,0.37817357061054224,0.48968156847346833,0.7384035776522921,1.239973554597114
121301.70+421224.2,-21.067758785804244,-21.73776435896428,-22.128142403649225,-21.99460049497576,-22.226917295894832,-20.475592486327177,-21.14151068235685,-22.17082712774725,-22.39349837725966,-22.46046083789399,-22.021429468644243,-21.995912734072327,0,0.6700055731600365,0.39037804468494386,-0.1335419086734646,0.23231680091907236,0.6659181960296721,0.22267124951241257,0.06696246063432909,-0.025516734571915833,0.026828973668482803
121314.03+080703.6,-24.783444584824974,-24.84505855650484,-25.34855143895529,-25.48342709623165,-25.74255521194678,-16.14678366635469,-18.57013691608184,-26.385052854539467,-26.936618862942275,-27.09887273037025,-26.838693898566152,-27.471204297702656,0,0.06161397167986493,0.5034928824504519,0.13487565727636053,0.2591281157151286,2.4233532497271497,0.5515660084028084,0.16225386742797454,0.6325103991365033,1.3552668023345014
121404.11+330945.6,-25.011076125127158,-25.172524000728234,-25.517293677640584,-25.67441478116246,-26.05553841963472,-22.360713320358528,-24.7817139588001,-26.448104703836805,-26.781085630744084,-26.83975486647452,-27.041756966151876,-27.89601967164169,0,0.16144787560107687,0.3447696769123496,0.15712110352187736,0.38112363847225694,2.4210006384415728,0.332980926907279,0.05866923573043792,0.8542627054898126,1.3673421849894147
121420.44+154307.1,-24.439190261006207,-24.635286350488173,-24.99905846822484,-25.217298828575444,-25.45554971611545,-19.95746355389016,-22.388356911026555,-25.896715080839613,-26.544546908638367,-26.928763388827704,-26.434183481234214,-26.734377167922226,0,0.19609608948196566,0.36377211773666573,0.218240360350606,0.2382508875400049,2.4308933571363944,0.647831827798754,0.3842164801893375,0.3001936866880115,1.21688465265877
121430.55+082508.1,-23.98264502434378,-24.26471287283436,-24.579322741051428,-24.659126743127658,-24.837408617971576,-23.328501801762204,-23.871743690533886,-24.984804820615945,-25.17161444481533,-25.147950180080848,-25.76573411840914,-26.5419779760976,0,0.28206784849058053,0.3146098682170688,0.07980400207623006,0.17828187484391833,0.5432418887716821,0.18680962419938396,-0.023664264734481577,0.7762438576884598,1.106607375281481
121440.27+142859.1,-24.453314826285503,-24.975384576489677,-25.591361531693316,-25.698197692420973,-25.946207336693146,-18.37942214123873,-22.76387919658324,-26.32460686305975,-26.646353150221028,-26.433853580425037,-26.46926091369826,-26.80641567401325,0,0.5220697502041745,0.6159769552036387,0.10683616072765645,0.2480096442721731,4.384457055344509,0.32174628716127884,-0.21249956979599105,0.33715476031499136,0.7710632212772879
121507.17+321603.9,-24.414901051664305,-24.90727901152928,-25.35703576587559,-25.389717144995064,-25.578172585602683,-20.992806907598982,-22.27487596216182,-25.96109815440927,-26.477434384559185,-26.57459307233702,-26.569525850901485,-27.519694063491983,0,0.49237795986497446,0.44975675434631057,0.032681379119473775,0.1884554406076191,1.282069054562836,0.5163362301499141,0.09715868777783498,0.9501682125904978,1.1798087059064208
121510.62+142834.5,-24.405962367829,-24.60303234778552,-25.056439400773268,-25.199872444776137,-25.418018867839475,-16.518226630857118,-15.323322062037416,-26.10996676622228,-26.4123289075782,-27.128760574439752,-26.345849161497416,-26.98757566487869,0,0.19706997995651676,0.45340705298774964,0.14343304400286883,0.2181464230633381,-1.1949045688197018,0.3023621413559212,0.7164316668615527,0.6417265033812747,1.1459767167212789
121537.41+471353.3,-22.847311463090183,-23.187743928443467,-23.83620889069901,-24.027863625462228,-24.153634149905525,-21.75570839335579,-22.006406145264386,-24.24805847225312,-24.842808647166997,-24.895974918167763,-25.416234763733264,-26.39114268189364,0,0.34043246535328464,0.6484649622555416,0.19165473476321893,0.12577052444329695,0.25069775190859644,0.5947501749138766,0.053166271000765875,0.9749079181603761,1.3883711382710366
121736.65+515510.3,-25.638036207844493,-25.77796368091569,-25.948438804705237,-26.176533041688533,-26.46966998189909,-22.59329941548512,-23.614155487356925,-26.96545900834793,-27.401257705447616,-27.87884056393039,-27.68400094199673,-28.47285083358961,0,0.13992747307119657,0.1704751237895472,0.22809423698329567,0.2931369402105588,1.0208560718718047,0.4357986970996848,0.4775828584827728,0.7888498915928821,1.507467900308196
121826.08+110505.3,-25.6202304206736,-25.837284821004356,-26.10662404648181,-26.17479533712048,-26.33893038032961,-23.226206772114107,-25.344000897267374,-26.25158522298517,-26.93453642415385,-26.920562070631423,-27.23892051824576,-28.21070070205984,0,0.21705440033075618,0.26933922547745226,0.06817129063867,0.1641350432091322,2.1177941251532673,0.6829512011686809,-0.013974353522428373,0.9717801838140794,1.0641251811252808
121843.39+153617.2,-26.61232507242301,-26.70537561574489,-27.116387360522594,-27.279699171525703,-27.53055918432865,-18.19518148582805,-22.61882510170183,-27.7446510579046,-28.283538446567565,-28.505121114801,-28.5428150540115,-29.18646257856074,0,0.09305054332188334,0.41101174477770286,0.16331181100310843,0.2508600128029457,4.423643615873779,0.5388873886629639,0.22158266823343453,0.643647524549241,1.2631158824857955
121855.38-033731.7,-24.272980845692093,-24.40734258893252,-24.81396783447042,-24.97057557200141,-25.239946207497983,-22.57602769440438,-23.827944097052217,-25.4081758102412,-25.534713263318505,-25.681278296095726,-26.344085658681223,-27.19421291697136,0,0.13436174324042582,0.4066252455379029,0.15660773753099022,0.26937063549657125,1.2519164026478364,0.12653745307730446,0.14656503277722166,0.8501272582901365,1.3735100866798113
121855.80+020002.1,-22.911738700889927,-23.17340085147516,-23.48168176596204,-23.53615063775131,-23.9271244349861,-22.385725025684085,-22.2774297355786,-23.698943075809662,-24.10941884799793,-24.166161997827302,-24.528137495733112,-25.30391657368873,0,0.26166215058523434,0.308280914486879,0.05446887178926829,0.39097379723479264,-0.10829529010548455,0.41047577218826703,0.056743149829372896,0.7757790779556188,0.9919868579818036
121906.02+025433.5,-24.43210464953753,-24.588264898725573,-25.080379413414587,-25.222954317591192,-25.49469018382469,-19.182516230123067,-19.516899678599565,-26.041397930028428,-26.41890665609896,-26.69787852936501,-26.67839641486597,-27.300537070193403,0,0.15616024918804428,0.492114514689014,0.14257490417660534,0.27173586623349877,0.3343834484764976,0.3775087260705341,0.2789718732660482,0.6221406553274349,1.4554420972747764
121930.95+104700.0,-24.694794662584545,-24.98875788571049,-25.326128937940112,-25.487426261611844,-25.8068028439474,-21.307155091608852,-23.481155023384662,-26.12508697023551,-26.391111178837445,-26.540587787645453,-26.79192191773932,-27.739987430001765,0,0.2939632231259459,0.3373710522296207,0.16129732367173233,0.3193765823355541,2.1739999317758105,0.26602420860193376,0.1494766088080084,0.9480655122624455,1.3044956561274752
122015.50+460802.4,-25.127475554967678,-25.09886204616905,-25.43030937704549,-25.535489041077557,-25.72983206916773,-21.93496339208049,-22.722217570339147,-25.78124177404834,-26.735439533967792,-26.479216551627147,-26.641593605730563,-27.159140610201128,0,-0.028613508798628118,0.33144733087643985,0.10517966403206813,0.19434302809017368,0.7872541782586566,0.9541977599194524,-0.25622298234064544,0.5175470044705648,1.1061045646530054
122025.02+061418.5,-24.381878504146183,-24.64985131556637,-25.11635263054564,-25.341645357458216,-25.628961786109304,-16.68716666996452,-19.163691850483595,-25.64796058905588,-26.534336687262304,-26.294026431371385,-26.619708788657743,-27.365197980124503,0,0.2679728114201865,0.46650131497927205,0.22529272691257418,0.28731642865108853,2.4765251805190758,0.8863760982064228,-0.24031025589091826,0.7454891914667598,1.2780634311995271
122046.05+455442.1,-25.39616964219674,-25.4496005998014,-26.12206914372168,-26.43744656475664,-26.73787892453496,-16.281768961096986,-22.59686222599848,-27.295138115170417,-27.71406847120932,-28.092288228387,-27.98473236722946,-28.74210214630359,0,0.05343095760466099,0.6724685439202815,0.3153774210349596,0.30043235977831984,6.315093264901492,0.41893035603890283,0.37821975717768197,0.757369779074132,1.5472858024728176
122140.69+332202.1,-25.10177253839589,-25.444704133005693,-25.79016698074955,-25.929188733056503,-26.14492967630278,-22.36700816019995,-23.92082240775435,-26.425885034405493,-26.686678452401782,-26.33154827095088,-26.850149888317752,-27.70289944410957,0,0.34293159460980505,0.3454628477438568,0.13902175230695235,0.2157409432462778,1.5538142475543992,0.26079341799628963,-0.35513018145090314,0.8527495557918172,0.9209611552612493
122146.14+154914.7,-24.210719283938086,-24.631852092305994,-25.03832387196012,-25.23154064189409,-25.59522442259402,-17.27261882067941,-21.465169137438814,-25.7530281063447,-26.409698895592232,-26.629490371297955,-26.6863800873832,-27.19982529653676,0,0.4211328083679078,0.40647177965412595,0.19321676993396864,0.36368378069992957,4.192550316759405,0.6566707892475314,0.21979147570572266,0.5134452091535593,1.4548394454891103
122148.56+045908.9,-24.474974233722264,-24.78227586942831,-25.067518402444872,-25.203472813697093,-25.48689286392511,-21.89601810377478,-24.304955836469837,-25.67371171395049,-25.83966678382084,-26.24726970002103,-25.49742323773532,-25.98028706731929,0,0.30730163570604674,0.2852425330165609,0.13595441125222152,0.28342005022801686,2.4089377326950583,0.1659550698703498,0.4076029162001902,0.48286382958396956,0.2939504240382256
122223.54+503115.4,-25.07272490470876,-25.56360817776824,-25.96204118719958,-26.10214817591839,-26.359485928551823,-21.520550660324943,-23.259875429607483,-26.833062558307084,-26.979546210721523,-26.843717457741175,-27.55669001593478,-28.620730608562777,0,0.490883273059481,0.39843300943133997,0.14010698871880933,0.2573377526334326,1.7393247692825398,0.14648365241443884,-0.13582875298034836,1.0640405926279968,1.4545418400163896
122520.08+435524.2,-24.30651401654227,-24.601728431347617,-24.98467435625175,-25.137560147824388,-25.41189126945541,-20.964688499022166,-23.45655821622393,-25.82725325398245,-26.068063226885567,-26.09964907789033,-26.763370936411626,-27.74829332308658,0,0.29521441480534705,0.3829459249041349,0.15288579157263626,0.2743311216310218,2.4918697172017623,0.240809972903115,0.0315858510047633,0.9849223866749526,1.6258107885872377
122527.39+223512.9,-26.48326243190887,-26.66191715691659,-27.089162900863247,-27.395494369961213,-27.604376298712992,-19.726696437252773,-18.61546607089673,-28.064461490575045,-28.41129247173703,-28.700191259268447,-28.668704784724728,-29.3398003172403,0,0.17865472500772128,0.4272457439466564,0.30633146909796594,0.20888192875177936,-1.1112303663560432,0.3468309811619861,0.28889878753141573,0.6710955325155723,1.2732104147635148
122528.45+131725.4,-25.11840255102437,-25.30993877499576,-25.66212207502257,-25.74543859333884,-26.065799736900367,-21.51410224167697,-24.05610009069344,-26.19568239346542,-26.69069548947277,-26.508283119537303,-27.073718461674517,-27.82310564238009,0,0.19153622397139003,0.35218330002680887,0.08331651831626985,0.32036114356152723,2.5419978490164716,0.495013096007348,-0.1824123699354665,0.7493871807055719,1.3282798683356773
122611.49+350623.0,-24.418518756637667,-24.98551682972355,-25.55941921916082,-25.68806015221784,-25.886247888763563,-20.492246096418548,-22.917434906323518,-25.981537054051127,-26.172854870719785,-26.46520013998088,-26.50203290647181,-27.149588590176364,0,0.5669980730858839,0.5739023894372686,0.12864093305702085,0.19818773654572297,2.42518880990497,0.19131781666865777,0.2923452692610944,0.6475556837045531,0.813972754253971
122644.22+063853.1,-23.947501221810285,-24.025979783684846,-24.639051677884343,-24.786120294389807,-25.236468097538687,-23.191762352071613,-22.681866049372186,-24.803165815630464,-24.97303263070575,-25.381084988214965,-25.159602741516235,-25.475807098372407,0,0.07847856187456159,0.6130718941994964,0.14706861650546443,0.4503478031488797,-0.5098963026994277,0.16986681507528445,0.40805235750921653,0.3162043568561721,0.37348244712642753
122713.17+122803.9,-24.73453191167364,-24.921709891136416,-25.43971211713271,-25.54895699647106,-25.78103007794929,-16.634611672251424,-19.212922050575056,-25.846567227390096,-26.825045236962307,-26.634842371157973,-26.60424470628445,-27.37998030071492,0,0.1871779794627777,0.5180022259962946,0.10924487933834826,0.23207308147823014,2.578310378323632,0.9784780095722105,-0.1902028658043342,0.7757355944304685,1.055287709813392
122727.48+284847.8,-25.14744505583552,-25.20053607314726,-25.613079786899,-25.72961046129369,-25.9408151053301,-22.81199022125341,-23.72985483954731,-26.229684455903826,-26.497248641167385,-26.710159287749665,-26.775550142138112,-27.51241548158107,0,0.05309101731173982,0.4125437137517416,0.11653067439468856,0.21120464403641037,0.9178646182939012,0.2675641852635593,0.2129106465822801,0.7368653394429572,1.0459396808444232
122736.44+175058.7,-24.361751315918173,-24.976748799263436,-25.40760319060492,-25.561009219554347,-25.790991237806203,-22.648794039929548,-24.20106967083636,-25.80629868798964,-25.982146287025003,-26.08141011630523,-26.938788605146545,-27.63181922298093,0,0.6149974833452632,0.43085439134148373,0.15340602894942634,0.2299820182518566,1.5522756309068129,0.1758475990353645,0.09926382928022548,0.6930306178343848,1.3777793855921985
122746.75+071524.4,-24.90844454690734,-25.214067021298263,-25.759873109918075,-26.007421193363506,-26.25203056691828,-21.83898011199212,-23.772809080768766,-26.65203808238867,-27.010227999292248,-27.32748494829165,-27.46292629717683,-28.163818444944965,0,0.3056224743909226,0.5458060886198126,0.24754808344543022,0.2446093735547734,1.9338289687766448,0.3581899169035765,0.31725694899940393,0.7008921477681369,1.4555051038133229
122811.73+202352.4,-23.948433300083835,-23.97404393901656,-24.37804098680171,-24.52584268950627,-24.73825007582203,-24.0000357024718,-23.911819648628523,-24.74542695267492,-25.378326643806226,-25.265159157787508,-25.554843344677067,-26.29261471149661,0,0.02561063893272575,0.40399704778515044,0.14780170270455883,0.2124073863157605,-0.08821605384327569,0.632899691131307,-0.11316748601871751,0.737771366819544,1.0290006551707975
122836.05+510746.1,-25.09945913785779,-25.131871329879687,-25.57938968136194,-25.70006812072229,-25.97367945226356,-22.795356550918683,-23.36729638563275,-26.497435308203425,-27.260875978517905,-27.29501532787225,-26.918239042578996,-27.80201094157699,0,0.03241219202189782,0.44751835148225183,0.12067843936035061,0.2736113315412716,0.5719398347140654,0.7634406703144805,0.03413934935434426,0.8837718989979955,1.2181709218567072
122855.08+671927.2,-22.902546098082663,-23.2505259438267,-23.745463781730123,-23.91975586193542,-24.069649869366614,-21.60723334160627,-22.23427313687261,-24.094711167734022,-24.93947526153048,-24.956429806338697,-25.848645480639608,-26.76214962714183,0,0.3479798457440353,0.49493783790342505,0.17429208020529785,0.1498940074311932,0.627039795266338,0.8447640937964565,0.01695454480821823,0.9135041465022233,1.9288896187041864
122855.90+341436.9,-24.35653308541333,-24.97215056808103,-25.63164978291416,-25.87103622886573,-26.062686317458763,-20.43363818103966,-21.889164231046895,-26.32584869987045,-26.48486783959105,-26.89505820504471,-26.582647141361985,-26.746730392087184,0,0.6156174826677017,0.6594992148331293,0.23938644595157044,0.19165008859303256,1.455526050007233,0.159019139720602,0.4101903654536585,0.16408325072519858,0.7116109124962549
122946.31+022841.8,-24.63669009616479,-24.897871402206228,-25.306217895757467,-25.508452336421342,-25.806091448720665,-19.07006521994683,-17.60269592767454,-26.438310317165914,-26.66654016150565,-26.394493134505883,-26.798624795015154,-27.534725893590608,0,0.2611813060414363,0.40834649355123886,0.20223444066387586,0.29763911229932205,-1.4673692922722914,0.2282298443397366,-0.27204702699976835,0.7361010985754532,1.290172458593812
123034.20+073305.3,-25.30270889329592,-25.42626447191449,-25.77125588511268,-25.998129179713366,-26.257849503563257,-14.678451121791891,-18.528252184155228,-26.681803672840218,-27.152908145822625,-27.366143207996306,-27.09054567096782,-27.637224385065423,0,0.12355557861856781,0.3449914131981906,0.2268732946006864,0.25972032384989063,3.849801062363337,0.47110447298240743,0.2132350621736805,0.5466787140976024,1.092416491254454
123056.96+175139.5,-25.213470820266057,-25.11384957888125,-25.47769912391973,-25.60845529481905,-25.85954906300927,-18.890872667628347,-20.94572876462129,-26.29142114297834,-26.807229720427785,-27.151499692225062,-26.95671227639349,-27.569388008805934,0,-0.09962124138480632,0.3638495450384802,0.13075617089931768,0.2510937681902199,2.0548560969929426,0.5158085774494445,0.3442699717972779,0.6126757324124448,1.3482569815744405
123110.28+335218.5,-24.71972141330555,-24.92476608281869,-25.284624132986927,-25.47474451653414,-25.772668766445,-23.46489637788269,-24.42691731674547,-26.36652920759314,-26.6544392557128,-26.32163855196272,-26.740625064184947,-27.651454524200453,0,0.20504466951313916,0.35985805016823846,0.19012038354721383,0.2979242499108601,0.9620209388627821,0.2879100481196595,-0.33280070375007753,0.9108294600155062,1.2658805476508057
123116.10+265630.6,-24.692320751366744,-24.83902669404456,-25.203938103710325,-25.37816750560279,-25.59544235015571,-22.45728206143053,-23.60114483173672,-26.08470140191216,-26.954592692645747,-26.60018434051265,-26.717039651522928,-27.45442759124763,0,0.14670594267781567,0.3649114096657655,0.1742294018924646,0.21727484455292156,1.143862770306189,0.8698912907335874,-0.3544083521330954,0.7373879397247016,1.3388721459201385
123146.23+592833.3,-24.984040549432557,-25.189772735461936,-25.457125156019025,-25.58780584165323,-25.785594693653486,-21.54112683258733,-24.53849419383881,-25.97690139257964,-26.3493554638729,-26.243144868252,-26.6771250377421,-27.590734507348145,0,0.2057321860293797,0.2673524205570885,0.13068068563420354,0.19778885200025798,2.997367361251481,0.3724540712932587,-0.10621059562090096,0.913609469606044,1.0893191960888728
123150.39+151447.2,-24.21541916669009,-24.5306937058525,-24.828508210791885,-25.09171843201104,-25.356636217300643,-20.382819731634086,-21.339404798494314,-25.96549184033771,-26.429604925649414,-26.65411777276944,-26.48466272957184,-27.11769773084735,0,0.31527453916240944,0.2978145049393852,0.26321022121915405,0.2649177852896045,0.956585066860228,0.4641130853117055,0.22451284712002462,0.633035001275509,1.3929442975608026
123206.55+202524.9,-24.369140812688297,-24.46773606636482,-24.86209050661765,-24.99500617306751,-25.26844277390945,-17.262992716138843,-19.70364248303253,-25.929139439654207,-26.311907518324293,-26.91794477923201,-26.36298922745464,-27.17409337592527,0,0.09859525367652466,0.3943544402528296,0.13291566644985764,0.27343660084194,2.4406497668936886,0.382768078670086,0.6060372609077156,0.8111041484706298,1.3679830543871319
123229.69+641115.1,-23.68446858444896,-23.825611620021498,-24.16049488166185,-24.40887451403796,-24.481230630685182,-23.434295853854707,-23.44591190540457,-24.910736982233814,-25.48568860946326,-25.014114866360625,-25.71081328388481,-26.588415418990603,0,0.1411430355725365,0.3348832616403534,0.2483796323761105,0.07235611664722086,0.011616051549864892,0.5749516272294457,-0.4715737431026348,0.8776021351057928,1.3019387698468492
123232.89+653329.9,-24.731351590118983,-25.163413414688065,-25.593365755714597,-25.7769468890582,-26.03102618572842,-21.390709662395647,-24.26519035597393,-26.61542403397854,-26.75457709385381,-26.44942901928572,-27.244071732409388,-28.133168548986912,0,0.4320618245690824,0.42995234102653157,0.18358113334360127,0.25407929667022344,2.8744806935782847,0.1391530598752695,-0.30514807456809123,0.8890968165775242,1.4671248433511899
123259.06+152826.7,-24.21983658683747,-24.862994010820422,-25.28106860702813,-25.446660012804653,-25.716560811041177,-21.568033856556404,-23.516794669579145,-25.98922694185885,-26.50990298781968,-26.275776936575667,-27.18854195786294,-28.165058717461083,0,0.6431574239829523,0.41807459620770615,0.16559140577652443,0.2699007982365238,1.9487608130227407,0.5206760459608297,-0.23412605124401153,0.976516759598141,1.7418819450582887
123310.43+161052.9,-25.43962825212401,-25.50890885433904,-26.04233809637703,-26.332223935227265,-26.5393108830386,-19.432450963473,-21.331076131353814,-27.030875661546947,-27.677487627404236,-27.677200076866107,-27.66825839517117,-28.492445782484257,0,0.06928060221503074,0.5334292420379896,0.28988583885023544,0.20708694781133374,1.898625167880816,0.6466119658572893,-0.0002875505381290111,0.8241873873130885,1.3360344599439031
123317.75+103538.1,-25.469927920366995,-25.674713908796072,-25.8754387617463,-25.99177695521819,-26.21224636423508,-23.08692494797519,-25.194181044751023,-26.59044082167592,-26.749658661742348,-26.57743138635685,-27.02053177865575,-28.04217499884549,0,0.20478598842907658,0.20072485295022702,0.1163381934718899,0.22046940901689283,2.1072560967758314,0.1592178400664288,-0.17222727538549876,1.0216432201897376,1.0287548234375627
123337.68+414608.3,-25.380372726863552,-25.347303230520883,-25.84713477759189,-26.035771822551997,-26.2221563419381,-21.42023316180832,-21.265982237442,-26.232402537300967,-27.00664756849027,-26.872173150621062,-27.058299086522243,-27.719110811221725,0,-0.033069496342669424,0.4998315470710075,0.1886370449601067,0.18638451938610245,-0.1542509243663197,0.7742450311893023,-0.13447441786920677,0.6608117246994816,1.0225272639702467
123348.24+060056.0,-24.540710023531048,-24.73222668933369,-25.07684298380052,-25.161588806926044,-25.43152380519392,-23.62551333008372,-24.23390035670463,-25.68036811357897,-26.022426283581307,-26.128277441636573,-27.135419629058266,-28.07300627376819,0,0.19151666580264148,0.3446162944668316,0.08474582312552315,0.2699349982678747,0.6083870266209104,0.3420581700023355,0.10585115805526613,0.9375866447099241,1.9738308221322214
123413.32+475351.1,-23.158115355099604,-23.622034591181706,-24.14701288821114,-24.247425704556733,-24.50404189921972,-22.16614966554314,-22.52708079138932,-24.660888125484068,-24.63811520362918,-24.815846639084167,-24.94755941601496,-25.799003796226074,0,0.46391923608210206,0.5249782970294348,0.1004128163455924,0.256616194662989,0.3609311258461787,-0.02277292185488733,0.17773143545498726,0.8514443802111131,0.7001337114582284
123414.80+622639.6,-25.13809415458418,-25.295595636545077,-25.58270714699072,-25.79206503194848,-26.092465404053424,-23.748968882601982,-25.05937970162445,-26.12723046823956,-26.553956075515355,-26.560363875205816,-26.995244746694805,-27.88916532746161,0,0.15750148196089597,0.2871115104456443,0.20935788495775753,0.30040037210494575,1.3104108190224686,0.4267256072757952,0.0064077996904607915,0.8939205807668031,1.2031797147463266
123514.64+462904.0,-24.740093793921734,-24.970229682747437,-25.35970587274437,-25.61205853831641,-25.899509532899582,-19.3812063998812,-21.335838187611657,-26.573415225177342,-26.924380689850096,-27.42089515014021,-27.143783600557907,-27.867469746009267,0,0.23013588882570346,0.3894761899969339,0.2523526655720403,0.28745099458317114,1.954631787730456,0.350965464672754,0.4965144602901148,0.7236861454513601,1.5317250622414953
123517.24+030016.7,-24.60170307722301,-24.855508510626755,-25.189207218173134,-25.283938782735405,-25.57907837205405,-22.89985494341622,-24.036312767405494,-25.544384529911977,-25.838144494057158,-26.10248280841564,-26.62249677517519,-27.47733503843978,0,0.25380543340374473,0.33369870754637887,0.09473156456227017,0.29513958931864437,1.136457823989275,0.29375996414518113,0.26433831435848276,0.8548382632645897,1.3385579924397852
123647.71+060048.4,-25.37562073996795,-25.613277803533,-26.082205330946277,-26.343215770598498,-26.602333114421217,-23.469740682637244,-25.32963331082474,-26.76989874219325,-27.27333584497485,-27.30182260057519,-27.98448407044576,-28.83104244067157,0,0.2376570635650488,0.46892752741327826,0.26101043965222104,0.25911734382271945,1.8598926281874952,0.5034371027816,0.02848675560034053,0.8465583702258108,1.6412682998472619
123653.20+493332.3,-24.393184347170465,-24.878223843994032,-25.218542102037823,-25.320449487088684,-25.438039474850797,-21.18170537334185,-23.549305861756224,-26.1503207610915,-26.47898485987599,-26.72489071790552,-26.41355798215836,-27.34226699702421,0,0.4850394968235676,0.3403182580437907,0.10190738505086117,0.11758998776211271,2.367600488414375,0.32866409878448977,0.24590585802953058,0.9287090148658521,1.093108495069675
123720.22+500154.5,-24.890427574310355,-25.011629397481464,-25.28950228773417,-25.421982061673543,-25.638601711439545,-22.584224590066302,-24.750598573330013,-25.57159204543459,-26.04956490991864,-26.12479952060628,-26.42312306611906,-27.257491395149074,0,0.12120182317110917,0.2778728902527057,0.13247977393937305,0.21661964976600245,2.1663739832637106,0.47797286448405174,0.07523461068764092,0.8343683290300135,1.0011410044455182
123735.47+612809.8,-24.330963969522983,-24.666604060033773,-25.11658319000484,-25.314597738927304,-25.705234975889503,-23.16288599165404,-24.21866864432905,-25.795261885975403,-26.109138151680117,-26.276324669384685,-26.778631278855723,-27.60216660838853,0,0.3356400905107897,0.4499791299710658,0.1980145489224654,0.3906372369621991,1.0557826526750098,0.31387626570471383,0.16718651770456816,0.8235353295328061,1.464033539928419
123848.61+614354.1,-23.54362737107278,-23.893822119396848,-24.268653486044943,-24.435286939998065,-24.61629046114184,-23.179973394657576,-23.65823242942082,-24.90116763785321,-25.32129123717857,-25.54215137340084,-25.306452551054647,-26.00508089049693,0,0.3501947483240677,0.37483136664809535,0.16663345395312135,0.18100352114377571,0.4782590347632443,0.42012359932536114,0.22086013622227085,0.6986283394422834,0.8711656110565826
123922.38+104659.7,-24.922707194758853,-25.107263124685005,-25.37987313239456,-25.524281515579023,-25.7438785994091,-22.211540555946847,-24.64244305348761,-25.91043248363913,-26.264477147172684,-26.27062744681507,-26.954326962779582,-27.99615528120642,0,0.18455592992615166,0.2726100077095559,0.14440838318446225,0.21959708383007737,2.430902497540764,0.35404466353355346,0.006150299642385448,1.0418283184268375,1.430045447200559
123953.24+430046.1,-25.385565656839304,-25.47741813991512,-25.71722828043741,-25.845038506150622,-26.076730013240432,-24.25769843632757,-25.50863457729656,-26.005561166284863,-26.34766266290361,-26.25383251690827,-27.212882482349038,-28.20380843876478,0,0.09185248307581517,0.239810140522291,0.12781022571321188,0.2316915070898098,1.2509361409689923,0.34210149661874567,-0.09383014599534079,0.9909259564157438,1.3678439761984151
124009.85+145142.1,-24.29937945770321,-24.53218832374031,-24.856488974421744,-25.04265769733935,-25.353715194518838,-19.04260416447773,-20.18971480706813,-26.226867017170875,-26.811340765840804,-26.65103727348493,-26.55667547816131,-27.19529040731706,0,0.23280886603710016,0.3243006506814332,0.186168722917607,0.31105749717948683,1.1471106425903983,0.5844737486699287,-0.16030349235587238,0.6386149291557501,1.514017780821959
124013.20+130928.0,-24.80839207938839,-25.087106426117757,-25.443493768255667,-25.658773502368184,-25.817687874064045,-22.335453401815084,-23.73927371182494,-25.87782703445464,-26.34159085704728,-26.40122607880496,-26.842143539485956,-27.656809449607557,0,0.278714346729366,0.3563873421379107,0.21527973411251722,0.15891437169586098,1.4038203100098556,0.4637638225926395,0.05963522175768077,0.814665910121601,1.183370037117772
124031.76+284348.2,-24.767443148501105,-24.69111619186386,-25.09521234679721,-25.19197112599564,-25.441781049793303,-20.567047567505732,-18.729347770733497,-25.51480913487549,-26.63605161012729,-26.82165367395424,-26.37452699300954,-27.269525105862183,0,-0.07632695663724576,0.4040961549333524,0.0967587791984279,0.2498099237976632,-1.8376997967722346,1.1212424752517975,0.185602063826952,0.8949981128526439,1.1825558670138996
124108.43+002256.8,-24.731069760614744,-24.836605007393675,-25.22647302639804,-25.38505546156035,-25.6180041526739,-23.571362216658446,-24.777438510251866,-25.94611025685488,-26.10600414516616,-25.9432455273426,-26.483349688536528,-27.360767529391165,0,0.10553524677893122,0.3898680190043642,0.15858243516230885,0.23294869111355254,1.2060762935934193,0.15989388831128082,-0.1627586178235596,0.8774178408546369,1.0982942269761793
124202.65+001229.0,-24.548034486157785,-24.9857460991336,-25.49720882710661,-25.681882970409813,-26.006572659200927,-20.96617049177953,-23.99619043395619,-26.59458832687861,-26.70209967149214,-26.757121253345037,-26.95513014177749,-27.695056774027112,0,0.4377116129758143,0.5114627279730115,0.18467414330320153,0.32468968879111415,3.0300199421766614,0.10751134461352763,0.055021581852898294,0.7399266322496203,1.2732471713676787
124232.29+220255.0,-24.51515721937182,-24.624936776248266,-25.04907344364041,-25.3598158759394,-25.5321033933781,-18.712596951132785,-21.46820313183226,-26.149812511943463,-26.469934587527856,-26.768231292374757,-26.83223593263176,-27.47068207641512,0,0.1097795568764468,0.42413666739214406,0.3107424322989907,0.17228751743870063,2.755606180699477,0.32012207558439343,0.2982967048469014,0.6384461437833586,1.4724200566923606
124357.86+193350.8,-24.444414171628555,-24.65805591814709,-24.994499944918857,-25.120524695749573,-25.35406225859407,-21.09786592583523,-22.934369248714336,-25.321314839440717,-26.23600911829521,-26.13073473857884,-26.124383573050828,-26.85551999051437,0,0.21364174651853673,0.33644402677176544,0.12602475083071596,0.23353756284449645,1.836503322879107,0.9146942788544941,-0.10527437971636999,0.7311364174635422,1.003858877301255
124410.82+172104.5,-26.48115890982799,-26.707613609856217,-27.06150479102116,-27.27892375190548,-27.65873041240125,-24.42145383165733,-26.22653191687929,-28.127895750786774,-28.402134300442917,-28.64215139100517,-28.67252139270784,-29.121758338847943,0,0.22645470002822776,0.35389118116494345,0.21741896088432,0.3798066604957704,1.8050780852219575,0.27423854965614325,0.2400170905622545,0.449236946140104,1.3935976408023585
124415.19-081013.9,-23.72383997793881,-24.2096295354428,-25.015705682338474,-25.192851433690603,-25.37314132502975,-16.75731475484124,-20.19640199814381,-26.257108411748334,-26.31592488182839,-26.75643785249955,-26.202245625516337,-26.72945762584433,0,0.4857895575039919,0.8060761468956734,0.1771457513521284,0.18028989133914664,3.43908724330257,0.05881647008005686,0.4405129706711577,0.5272120003279923,1.0093941918257343
124502.76+380514.1,-23.566537022453428,-24.02756241977586,-24.505852619737443,-24.704837903106565,-24.94257593580317,-20.92616538657081,-23.28427997964613,-25.1078281978102,-25.50188990788997,-25.44652966125338,-25.38629023370769,-26.07177465530117,0,0.46102539732243386,0.47829019996158095,0.19898528336912236,0.23773803269660476,2.358114593075321,0.39406171007977164,-0.055360246636592336,0.685484421593479,0.6814523306011253
124528.65+604734.7,-24.62734756750548,-24.744814610887737,-25.117195952912585,-25.265298674269765,-25.50133183235114,-23.209151041558343,-24.438688735404245,-25.63016736292905,-26.348541622537084,-26.142521681853225,-26.54953008386385,-27.537692907471783,0,0.11746704338225555,0.3723813420248483,0.14810272135717995,0.23603315808137637,1.2295376938459022,0.7183742596080336,-0.2060199406838592,0.988162823607933,1.284231409594085
124554.10+294801.4,-23.96382087925291,-24.15275479929327,-24.582103840179347,-24.73013271319341,-24.90352575962657,-23.399217886956663,-23.967839838133266,-24.819819713485963,-25.28451949381745,-25.556192799149727,-26.209190264825704,-27.16241886364477,0,0.18893392004035903,0.42934904088607695,0.14802887301406287,0.1733930464331621,0.5686219511766026,0.46469978033148607,0.2716733053322784,0.9532285988190665,1.4790575516322946
124621.16+302612.8,-24.363060042426063,-24.863202334351328,-25.356367003598063,-25.620117507767542,-25.885135867695418,-22.745396833030423,-23.448514186969625,-26.08601567259968,-26.512021103989294,-26.667576123354177,-26.78560495597394,-27.576443398142622,0,0.5001422919252647,0.49316466924673463,0.2637505041694794,0.2650183599278755,0.7031173539392022,0.42600543138961555,0.1555550193648827,0.7908384421686812,1.1654874482063988
124655.71+400701.7,-24.571849331375915,-24.861650397573243,-25.17248880877238,-25.27081376937648,-25.482032747113024,-20.617125706355207,-21.41402436848013,-26.02927127234186,-26.57866021374838,-25.810541103511504,-26.69139123272234,-27.7251842262314,0,0.2898010661973274,0.3108384111991356,0.09832496060410278,0.21121897773654297,0.7968986621249243,0.5493889414065194,-0.7681191102368743,1.03379299350906,1.4205774633458574
124712.27+511059.4,-24.695425658396857,-24.92876899283769,-25.174324394625668,-25.326749676967204,-25.594059398791263,-21.99270269041401,-23.89704530608943,-25.77393537268007,-26.28226349369456,-26.337854066207147,-26.38634309266838,-27.21804909838949,0,0.233343334440832,0.2455554017879784,0.15242528234153596,0.2673097218240592,1.9043426156754215,0.5083281210144897,0.05559057251258537,0.8317060057211094,1.0595934157011762
124727.82+341509.6,-24.997921573981035,-25.14067973918396,-25.486050247291484,-25.607824673852612,-25.78109610814443,-22.680278915345465,-23.717370818346318,-26.235906017812543,-26.486615682917428,-26.291228848757644,-26.84203522832173,-27.43899907412632,0,0.14275816520292395,0.3453705081075249,0.12177442656112802,0.17327143429181646,1.037091903000853,0.25070966510488546,-0.19538683415978397,0.5969638458045878,1.2342105544691186
124813.74+031440.5,-25.232395683413586,-25.522154775025143,-25.87785674643576,-25.99856773636045,-26.209433617180892,-23.039971418330133,-23.936483194554658,-26.48618359458314,-26.83648013088218,-27.174250087861218,-26.90167385041917,-27.6897377909495,0,0.28975909161155755,0.35570197141061755,0.12071098992468876,0.21086588082044244,0.8965117762245249,0.3502965362990409,0.337769956979038,0.788063940530332,0.9031061140587191
124831.65+580928.7,-25.53570906499856,-25.37281963805808,-25.720264341255643,-25.83253990771548,-26.0510895742061,-23.055126361720628,-23.19469519953097,-26.21109402013721,-26.978692999824485,-27.54728742923075,-26.90856801980834,-27.531447884582704,0,-0.16288942694048103,0.3474447031975636,0.11227556645983583,0.21854966649062035,0.1395688378103408,0.7675989796872749,0.5685944294062644,0.6228798647743652,1.0760281120928603
125001.48+042839.8,-25.15116925830312,-25.572074335327585,-25.97538615229367,-26.2397896360173,-26.53794856959823,-22.67581877111531,-24.930425243340704,-26.981594286562817,-27.260472490602783,-27.247129822792107,-27.64447012264954,-28.559167222213183,0,0.42090507702446445,0.40331181696608454,0.26440348372362976,0.29815893358092893,2.254606472225394,0.278878204039966,-0.013342667810675835,0.914697099563643,1.404680486632241
125030.48+002000.0,-24.58106435053274,-24.873920658719506,-25.349092389646184,-25.598604618659937,-25.876917013304727,-22.32723025963782,-24.135028523125364,-25.95795157701584,-25.917150117431632,-26.330505130486905,-26.64744167639276,-27.263311045453165,0,0.2928563081867672,0.47517173092667875,0.24951222901375303,0.2783123946447894,1.8077982634875447,-0.040801459584209,0.41335501305527345,0.6158693690604053,1.0488370577328219
125108.09+235457.7,-24.25025759587095,-24.317941909171328,-24.891447971112587,-24.98967597962884,-25.18759558427397,-20.21684822855797,-22.121486634465512,-26.176898206009888,-26.379527500331776,-26.578107525965297,-25.760098168028694,-26.632704977444597,0,0.06768431330037927,0.5735060619412593,0.09822800851625146,0.1979196046451328,1.9046384059075407,0.2026292943218877,0.19858002563352173,0.8726068094159025,0.7704221883998557
125124.65+055420.2,-24.76901952757086,-25.292820285260504,-25.57162965404522,-25.792586353271496,-26.081098035437076,-23.989874772253124,-25.152513521680703,-26.298546046576924,-26.34849774886653,-26.385999882065107,-26.959531896773555,-27.784288523279194,0,0.5238007576896457,0.2788093687847173,0.22095669922627437,0.28851168216558065,1.162638749427579,0.04995170228960788,0.03750213319857565,0.8247566265056392,1.1669455435020595
125132.47+611057.9,-25.28130430661557,-25.445214724320586,-25.83207167032826,-25.91811010542653,-26.133399779997863,-20.67901778594296,-22.73346354687408,-26.66978724607695,-27.1343250702958,-26.98713432706125,-27.149950471352348,-28.01766101800869,0,0.16391041770501502,0.3868569460076756,0.08603843509826703,0.2152896745713342,2.05444576093112,0.46453782421885137,-0.14719074323455317,0.8677105466563404,1.2318403659258195
125140.82+080718.4,-25.553616777719192,-25.70593961994445,-25.93033139108832,-26.032463905861384,-26.209394994359418,-24.58603500194959,-25.494819505463237,-26.647604411384464,-27.177819391402075,-27.28318447496655,-27.40256324060745,-28.431071180949026,0,0.1523228422252565,0.2243917711438712,0.10213251477306429,0.17693108849803352,0.9087845035136475,0.530214980017611,0.10536508356447527,1.0285079403415764,1.3700993347460653
125150.45+114340.7,-25.53240660101055,-25.645680186325983,-25.908260138802166,-26.09415310051229,-26.3246105583623,-21.36119731169085,-23.624741422150063,-26.5506542242179,-27.09401948118458,-27.49522707623742,-27.188456719142813,-27.935921917628388,0,0.11327358531543297,0.2625799524761838,0.18589296171012393,0.23045745785000804,2.263544110459211,0.5433652569666805,0.40120759505283843,0.7474651984855747,1.0943036186305228
125150.65+263900.0,-25.07137588800403,-25.37673900389189,-25.84641899293948,-25.984137549087396,-26.26140441115573,-22.132807510588236,-23.20660096709873,-26.525728684975352,-27.07019519913288,-26.872579214993262,-27.005071575460004,-27.49964647866296,0,0.30536311588785736,0.46967998904759156,0.13771855614791662,0.27726686206833406,1.0737934565104936,0.5444665141575271,-0.19761598413961678,0.49457490320295605,1.0209340263726077
125216.58+052737.7,-25.066881392882284,-25.418503622338285,-25.898188360324102,-26.190010403099546,-26.489678796587707,-21.93574798575883,-24.11144180926705,-27.16753724023476,-27.48415032217536,-27.141998735539147,-27.739530046147976,-28.52648803512177,0,0.35162222945600163,0.4796847379858171,0.29182204277544344,0.29966839348816166,2.175693823508219,0.31661308194059856,-0.3421515866362128,0.7869579889737928,1.5495196430484306
125306.41+290513.8,-25.098160354523262,-25.089908326162647,-25.527992483614447,-25.64509895193784,-25.83890264033081,-19.201672090597288,-19.421159305904222,-26.19185103438297,-26.73791938421064,-26.97666019473972,-26.766985333758715,-27.300442068653066,0,-0.008252028360615782,0.43808415745180085,0.11710646832339222,0.1938036883929719,0.21948721530693405,0.5460683498276708,0.2387408105290767,0.5334567348943509,1.1218863818208753
125334.77-015837.7,-25.293521929402964,-25.58020066632343,-25.807785686907376,-25.889293423458597,-26.101447503246305,-23.661452626043182,-24.7245912823098,-26.087602957620906,-26.460858184890704,-26.48457610568889,-27.559841020493643,-28.453621443112585,0,0.28667873692046797,0.2275850205839447,0.08150773655122023,0.21215407978770884,1.0631386562666165,0.373255227269798,0.023717920798187464,0.8937804226189421,1.6705475970350463
125339.67+510203.8,-24.80814782568404,-25.019759366161352,-25.310709919871137,-25.42764413298909,-25.63331808507665,-21.57344841300016,-24.42803675159581,-25.975176585783924,-26.330325556951838,-26.54474936890552,-26.50878983159896,-27.67511835590397,0,0.211611540477314,0.2909505537097843,0.11693421311795404,0.20567395208755812,2.854588338595647,0.3551489711679139,0.21442381195368299,1.1663285243050083,1.0811456986098698
125515.72+094825.9,-24.98002130662295,-25.21267513304428,-25.610881095379096,-25.737177877631407,-26.02239167376725,-24.00746158734704,-24.86004614153898,-26.60737836778158,-26.908810200189063,-26.896547818173843,-26.77875409233129,-27.570932634442723,0,0.23265382642132693,0.3982059623348171,0.1262967822523109,0.2852137961358423,0.8525845541919388,0.3014318324074843,-0.012262382015219231,0.7921785421114329,1.0415762146998837
