SDSS_NAME,Z,M_u,M_g,M_r,M_i,M_z,M_FUV,M_NUV,M_2j,M_2h,M_2k,M_W1,M_W2,community
130136.46+242134.0,0.2492,-21.056060057631303,-21.213264516870243,-21.59401766805449,-21.85470370325653,-21.965679652674265,-20.194693798998337,-20.24956825738187,-22.543185402649023,-22.61717979143591,-23.17222788639641,-23.85855655334257,-24.378620854102504,7
130223.12+140609.0,0.286074,-23.149619086629038,-23.383792650617178,-23.65497439455515,-23.74288390263729,-23.78593180986124,-22.807017122942614,-22.937876949583927,-23.77276499331527,-24.183101500495415,-24.61366687628513,-25.1097561567178,-25.690469416125104,7
130416.99+020537.0,0.228736,-22.29406022148133,-22.423456788345494,-22.71200576689377,-22.82922043916054,-22.843586245908213,-21.909800489547244,-22.06389544404725,-23.17036759531384,-23.58189236428039,-24.096372194874203,-24.875676175367992,-25.521394019260946,7
130429.90+120145.4,0.236985,-20.99197868579844,-21.26510830373912,-21.693446010062576,-21.817902079669462,-21.893348720598595,-20.898800859309496,-20.82368707556515,-21.827407645169984,-22.53439046415328,-22.80046994161925,-23.382850086991454,-23.9601618513673,7
130456.91+132846.1,0.298494,-20.9869377899265,-21.47623617495879,-22.146596576363635,-22.44278071738851,-22.43012713298493,-21.407079182750717,-21.532777739487116,-22.67161954113279,-23.25146572757683,-23.32000109689238,-23.811349297566437,-24.26409450727891,7
130516.83+261304.0,0.183,-21.20829704471658,-21.550439492376544,-21.914823201681685,-22.00592844472642,-22.090552517574714,-19.699981593044186,-20.69513060439392,-22.489828339610348,-22.99251229857696,-23.746797787335357,-23.975600647171795,-24.429162296858685,7
130708.76+342421.8,0.186447,-22.7478177899902,-22.78879399556161,-22.971415652979267,-23.126399635626115,-23.056983318646807,-22.406419099464564,-22.671568584557164,-24.240965288434555,-24.53697430930187,-24.438272555578767,-24.65902018582856,-25.046260175383985,7
130730.01+092205.1,0.259498,-22.292967954278414,-22.423974647848883,-22.637297320490667,-22.77158849656346,-22.84116077382535,-22.00419977285028,-22.248706143633747,-23.114791459440774,-23.558004437366264,-24.05647550425672,-24.391861360438813,-24.776425418342512,7
130734.18+664525.0,0.310596,-22.08973591561849,-22.21882836726793,-22.50685135151013,-22.665245085162887,-22.69131531991017,-21.56900396840544,-21.845305174627605,-23.00903241723424,-23.275386775939783,-23.98414920885501,-24.35318053364856,-24.910585756827054,7
130818.89+034437.2,0.227849,-22.89929169592861,-22.94175780502312,-23.100034271858707,-23.289521837484937,-23.182396697325213,-22.87882882364212,-22.95534437043785,-23.33837674842807,-23.673594970373195,-24.30342955321639,-24.700897102483864,-25.195726396836776,7
130843.86+190439.7,0.2219,-22.65095983988215,-22.80581442790674,-23.00879278659305,-23.135163453340912,-23.074515015565467,-22.23305595091189,-22.34150654613696,-23.25420816928722,-23.560048618559392,-24.058157065418044,-24.604178389159163,-25.111333216629944,7
130925.62+124338.8,0.220679,-20.907765588647024,-21.387083318187145,-21.909095700321235,-22.14959656072626,-22.158313287870364,-19.558290204442866,-20.115690177463712,-22.5906704956802,-22.849256672802763,-23.17960331110322,-23.78840028438326,-24.271992444951884,7
130947.00+081948.2,0.1543,-23.497835705721958,-23.501877441716918,-23.69685586504358,-23.942708629356986,-23.681079355979744,-23.16823255829736,-23.104767448377174,-24.06702430143036,-24.376457851966933,-24.90165980324655,-25.26822874138061,-25.690368708356115,7
131011.88+195428.1,0.3046,-22.183994879833055,-22.43060006269083,-22.926975502683256,-23.179691717294386,-23.283725603489675,-21.80149876974996,-21.924485579012483,-23.61980599697825,-23.690453736714915,-24.00614690404263,-24.17653164977937,-24.571404614281736,7
131156.19+602022.0,0.282877,-21.601188701916502,-21.834232415776324,-22.24564496552201,-22.61936553939509,-22.62789173050423,-20.96350909197663,-21.337487428962994,-22.77539581352547,-23.626979005901845,-23.743402243473096,-23.74883412784822,-24.15668648120637,7
131204.70+064107.5,0.2419,-23.53254724223522,-23.778424775422035,-24.02670306790726,-24.16969858493435,-24.187823791203904,-22.005253992542947,-22.964516682374413,-24.0711162675893,-24.573863266331543,-25.146729619644898,-26.00140208020422,-26.506377479250457,7
131217.75+351521.0,0.1829,-23.37399164919973,-23.644098852586147,-24.003849770732995,-24.12559079399811,-24.04395794282982,-22.99275343492609,-23.373458497547567,-24.37529880876225,-24.568516303145945,-25.033005335073803,-25.69221868753128,-26.24978071437462,7
131327.46+315521.3,0.303257,-21.03426467036406,-21.318356672223736,-21.8581210587319,-22.150926927657032,-22.244564790857748,-20.86901829073673,-21.257222129801725,-22.844874453475725,-23.0993908829847,-23.687478219895414,-23.80220669335552,-24.24577335132425,7
131426.49+020115.6,0.307285,-23.23720421127081,-23.426991678368555,-23.777376150933293,-23.76066378595273,-23.81027466007118,-22.832529000935114,-23.17893108333676,-23.96048309777863,-24.28416858028738,-24.967781051969613,-25.64862198194005,-26.20458521438025,7
131508.62+431152.3,0.197201,-21.42919525857194,-21.65582912727099,-21.88733960375437,-21.97539770015634,-21.915028822903267,-20.780690323325,-21.25826944752088,-22.097785066049383,-22.64056219569256,-22.967558871807945,-23.15325938199298,-23.71722800753776,7
131832.15+345337.7,0.216414,-21.90297970572511,-22.050235613912285,-22.332520737337408,-22.465890213178835,-22.503111620106104,-20.57133933037626,-21.27766681647852,-22.90931576763696,-23.36136790575583,-24.04737299401693,-24.01864703366602,-24.44956667234704,7
132020.27-003428.2,0.35346,-22.157965877883985,-22.249203456387512,-22.42878412230935,-22.57764703728067,-22.958975912125887,-21.798762232846283,-22.105864641225665,-22.88125720870748,-23.46568232487233,-24.00547387045167,-23.87145812726853,-24.466354998586027,7
132136.85+355553.5,0.28301,-22.49743476014818,-22.916994442389598,-23.310446731437487,-23.556973425065816,-23.6647224172747,-20.7988152944646,-21.625889574492792,-23.69084496483072,-24.073989346467084,-24.603097266500694,-25.419979543421675,-26.082155353550533,7
132241.83+212327.1,0.226,-21.012114135852457,-21.226742893273293,-21.529831492807485,-21.763411496000916,-21.81011983120594,-20.49702341713948,-20.78691318890058,-22.399338900929045,-22.664549636656304,-22.883258179756105,-23.35422007110436,-23.833415205650773,7
132303.62+515947.3,0.27,-20.27662918948833,-20.679843252583343,-21.207751262590943,-21.484711061964035,-21.676067358913446,-19.338653208288274,-19.39088282994049,-22.49477596993285,-22.94539186156798,-23.19819350305353,-23.529992445557927,-24.00159068426941,7
132550.99+340557.5,0.374676,-21.780149839116728,-21.93365905929949,-22.41328007945596,-22.57606264397824,-22.64517694446324,-21.422115617640024,-21.396602151155477,-23.57436672322564,-23.77889395597022,-23.96164051990798,-24.113097048207536,-24.703648619635523,7
132820.63+311525.2,0.23999,-21.784873224036463,-21.86115204133073,-22.203211576706167,-22.454500583208727,-22.46744559495466,-21.396131835595035,-21.420848435210083,-22.975957710423764,-23.328383050834145,-23.83950006287614,-24.402340740477875,-24.90404288777122,7
133053.27+311930.5,0.242,-22.37451927618676,-22.580982901101574,-22.72049809417992,-22.906405334546307,-22.859076546115823,-22.091552191927303,-22.105549752748573,-22.80408645712688,-23.183769423261023,-23.41039564539806,-23.98764028930451,-24.62543261955726,7
133345.47+414127.7,0.225207,-21.63659164138178,-21.90565082998076,-22.332663661476005,-22.534653147971127,-22.502757138436603,-20.252874980510413,-20.91656675936907,-22.582457286424017,-22.941139264018965,-23.627680716849973,-24.265419305942867,-24.895209517206133,7
133356.38+313355.3,0.512412,-22.813940028425016,-23.076329082043635,-23.45994146103459,-23.48331945244372,-23.707215008111422,-22.96399596706794,-22.739500533760133,-23.68721724924439,-23.886914423875897,-24.1523401630289,-25.194828770394757,-25.5566729505866,7
133415.17+412302.9,0.310318,-21.277483669485235,-21.929662498962347,-22.479286397203783,-22.626873473903903,-22.73491303241938,-20.07619865302256,-20.566104663093917,-22.81808799832555,-23.464024290091643,-23.8022520077217,-24.23788243855592,-24.942179789936443,7
133423.30+434331.7,0.225418,-21.35823425423476,-21.512982634105597,-21.81618827294425,-22.072229928080823,-22.093832772885957,-20.90355659128996,-20.924692256908344,-22.424305928809176,-21.99716728640688,-22.681011294517965,-23.17489556171148,-23.632850898811213,7
133432.34+171146.9,0.2648,-22.977814786053408,-23.11153757053442,-23.30117831110019,-23.42902690729864,-23.50741343470669,-22.511368414134687,-22.751325137363544,-23.4803982694393,-23.46959618764306,-23.9389571761378,-24.54485123413348,-25.099578825023737,7
133433.57+600845.0,0.29298,-21.31071892673038,-21.595576532098452,-21.940614872368037,-22.22595855797489,-22.32430458187125,-21.15776291110249,-21.224682811209306,-22.4555757159882,-22.859317924610263,-23.06818352237377,-23.525692394102364,-23.96240984989354,7
133724.32+600541.7,0.234204,-21.057020826032936,-21.3216658620878,-21.66842519816292,-21.79071755385561,-21.8008677334346,-20.54232496708216,-20.98673700597308,-22.04867639601436,-22.976780435081054,-23.13329525676074,-23.221785607361497,-23.68665813449611,7
133836.72+441442.4,0.258,-21.71375448225224,-21.82411285327283,-22.042044539353085,-22.28416936783166,-22.366405949300027,-21.70239992410084,-21.752108956407422,-22.475298264087925,-22.9467412794495,-23.648842726400144,-23.705822293008485,-24.31465864098501,7
134231.22+382903.3,0.171892,-21.779760560282146,-21.843880674703165,-22.06666884201348,-22.267987353990726,-22.125955914916737,-21.89689127472325,-21.89569358000621,-22.158184637674594,-22.651352285818124,-23.066402521466397,-24.264213633788277,-24.753037821571297,7
134418.99+402259.2,0.706198,-22.71706007235728,-23.14717516869488,-23.59335220299161,-23.69225994039887,-23.87417044390136,-21.74534115960813,-22.71293419763851,-24.511080707686077,-24.942915478046444,-25.110590514850383,-25.20747537837317,-25.650256780650448,7
134444.16+630337.2,0.2923,-21.484849294875765,-21.72079010769832,-21.94235785839412,-22.100464806376127,-22.15833141847853,-20.99203978357509,-21.20386151140039,-22.443530694936257,-23.071938905234887,-23.406121008934257,-23.979507622212417,-24.632528194409183,7
134459.44-001559.5,0.245007,-22.22813158353601,-22.359689041523204,-22.5867814047164,-22.72074841972114,-22.65705688185181,-21.427808227851557,-21.485032187776334,-22.645083634053343,-22.94913426009945,-23.467740638765004,-23.883834035775312,-24.56126561886635,7
134537.81+633130.5,0.175808,-21.21584664525691,-21.319489189435643,-21.63662460496814,-21.838564489814672,-21.762392466676932,-20.896771263302384,-20.83273281216045,-22.01513817233701,-22.43063952029094,-22.968208998447476,-23.21463755525794,-23.679287164549063,7
134704.91+144137.6,0.1346,-21.492178753954484,-22.056783392912557,-22.40674555915433,-22.385320088855533,-22.49139908352827,-19.684818461902413,-20.93652500204664,-22.729823897699408,-22.92873225420284,-23.254358670052994,-23.731076882265643,-24.003794036090337,7
134737.45+301252.2,0.1178,-21.939592701085928,-21.946114107635136,-22.24212134139872,-22.461325603601704,-22.206396432755085,-20.94061851101511,-21.39205498027226,-22.72890502901419,-23.14351058696077,-23.57198766601964,-24.11562421760284,-24.420020888075975,7
134804.07+603130.6,0.237875,-21.99358923892241,-22.16595599824336,-22.374598763381385,-22.52992807275808,-22.46257227202712,-20.980987773068417,-20.95127020137086,-23.14413408577927,-23.549875615485558,-23.996461275225887,-23.829642218155268,-24.38891256789716,7
134821.53+383349.0,0.247495,-21.33332055435033,-21.49499471250357,-21.822248001408912,-21.95446278770481,-22.00448654121992,-20.647420177231048,-21.1780728994087,-22.44414247152682,-23.036127452041573,-23.446922512143495,-24.26982035450508,-24.71740278530507,7
134845.44+451809.5,0.277,-22.989261928676264,-23.14959140260389,-23.234079111635417,-23.364198420560907,-23.48154251856844,-22.5481383608329,-22.761428261510957,-23.43016695912478,-23.76095804413942,-24.066048135260928,-24.449115872483123,-24.979030636791087,7
134916.59+631351.9,0.321727,-22.257509116438747,-22.41135282407958,-22.731055523935844,-22.98385749648284,-22.91666923421292,-21.111759570488665,-21.58932399012507,-23.346596473272317,-23.618307217433607,-24.21036862921721,-24.22303429808281,-24.73821972055476,7
135053.05+252330.1,0.299473,-21.76681490380305,-21.96607287479203,-22.3789718328686,-22.593605315198683,-22.55025141524369,-21.23801605497001,-21.51721935271374,-22.99670217839016,-23.07052740772884,-23.354198786130976,-23.6834608163917,-24.110172138699284,7
135135.65+135721.9,0.258955,-20.863498040778303,-21.17720042700491,-21.647303279708623,-21.89436308958299,-22.00355788698217,-20.280854612116027,-20.593868214577945,-22.550984265408847,-23.069164173813142,-22.489624758479,-23.56954924593112,-24.07749235371553,7
135438.09+121412.9,0.343565,-21.77943838935656,-22.05469836121411,-22.523755365923616,-22.67898923050301,-22.734988533230712,-21.474595514097896,-21.55458129857415,-23.042268583120656,-23.93237928511369,-24.19408228302673,-23.99509171761337,-24.618334532069195,7
135529.89+293059.4,0.301398,-22.10791907198449,-22.25938244689549,-22.69849528932668,-22.903680609279963,-23.029537883217728,-20.4051957243192,-21.07827120661683,-23.37606735845661,-23.809848701578304,-24.1124952309778,-24.342575894051365,-24.81847452560932,7
135625.55+251523.7,0.164,-22.80954407712736,-22.91885128704693,-23.16498531634139,-23.405910367640725,-23.216792888087465,-22.04314942675076,-22.342293111176456,-23.46607124723013,-23.899881299008644,-24.49556468433879,-25.04858880264426,-25.50204587111045,7
135756.53+655902.9,0.197266,-20.965596974059576,-21.2235324394205,-21.56272015738749,-21.816979990961837,-21.676481841971757,-20.540589253642995,-20.84545848912704,-22.017431079553717,-22.42089091258195,-23.082708344049863,-23.458301878917347,-23.90961739673414,7
135801.62+115331.8,0.266923,-21.34479385824765,-21.486610702546063,-21.77428401146552,-22.011372669767372,-22.13155523157604,-19.996767254594644,-20.087321098622454,-22.65298603055566,-23.02590801747451,-23.166401552566047,-23.267958599550045,-23.679401907561157,7
140050.22+532424.5,0.174773,-21.539558530832327,-21.74599816149861,-22.09026968174516,-22.25096155150021,-22.120706279353183,-20.99775531905647,-21.67447309954464,-22.450326520463427,-22.83471601832372,-23.38485672408701,-24.22470884618162,-24.623446367394127,7
140147.02+232413.2,0.2156,-21.619611609409294,-21.9554406671552,-22.321901417948148,-22.554319609274685,-22.554867596230068,-20.62400643105915,-20.92177117031441,-22.91061486412062,-23.22699458075866,-23.566389791760308,-23.84191173622589,-24.172555795479788,7
140334.44+241256.0,0.368017,-22.548734475617568,-22.54354682764316,-22.84438130033597,-22.97507046328157,-22.98885216579477,-22.80842675791582,-22.96629029326761,-23.15844744587057,-23.710898643505853,-24.03839744681088,-24.787983969899063,-25.47954595890976,7
140336.43+174136.1,0.2223,-22.886753785197836,-23.02359532713872,-23.400276248670696,-23.54081943728523,-23.507952083161097,-21.52610615380729,-22.492646375550432,-24.008501074166634,-24.44779134520573,-24.79941862308382,-25.57841418803103,-25.975793522634337,7
140558.18+330516.8,0.3072,-21.059281630427638,-21.26328807987044,-21.76475233902646,-22.101594395618527,-22.054991993505748,-19.5834168730417,-20.839310002105343,-22.749217352023603,-22.973874676383083,-23.308725839434903,-23.746554582801583,-24.22135267723788,7
140621.89+222346.5,0.0979,-21.84757834965121,-22.128605779659345,-22.34907577691371,-22.287246312852727,-22.20408201013607,-21.270582067725663,-21.532991988432588,-22.46236126478504,-22.82045892022145,-23.208206649137374,-23.742733848306745,-24.051991231868985,7
140808.20+430316.5,0.258591,-23.078412505138527,-23.17133939630155,-23.370591674569056,-23.457519594404157,-23.521911931270765,-22.46902247227135,-22.42608649252612,-23.715216594032725,-23.81048461441077,-24.460769190276952,-24.64545885056029,-25.319123352008432,7
140824.76+543817.7,0.290576,-22.158884242205964,-22.338869991723065,-22.59843655823904,-22.798799055433264,-22.689294647258507,-21.631800982251114,-21.976541238151466,-22.884540443728778,-23.16503456720755,-23.573672606961946,-24.223106055153973,-24.80797562591916,7
141053.43+091026.9,0.1779,-22.561243843680817,-22.661637148962203,-22.889913045043897,-23.09352305570508,-22.919192461207075,-21.791874765574494,-21.67120960820392,-23.37399951308278,-23.9596618389112,-24.464840588043945,-24.534520103761103,-25.058102645123245,7
141206.07+622917.0,0.179,-19.33225668882181,-19.689114084670425,-20.256459327446105,-20.51099429417914,-20.5655615082375,-18.566469230621895,-18.78213600461928,-21.305365876163087,-21.554809373046588,-22.06362908694372,-22.39779306948733,-22.61717311101716,7
141239.23+093048.3,0.284734,-22.08421772703048,-22.246655911739925,-22.50746766784975,-22.6210190563692,-22.700817706712016,-21.44943377879897,-21.863658473922506,-22.769796874204594,-23.154230165817225,-23.77922251387631,-23.940041418316707,-24.474889617943663,7
141315.28+290637.7,0.225599,-21.53782296825938,-21.90831796747208,-22.32784228349367,-22.579812172781047,-22.668486714959094,-20.3883020953704,-20.806272851039203,-22.820575383452784,-23.555445653805823,-23.65702653641106,-24.019944223622417,-24.54597044806149,7
141504.54+155800.5,0.3554,-22.276827418878742,-22.51925863887818,-22.94457769550792,-23.04217839851713,-23.11756785363877,-21.44077154859932,-21.824543354450142,-23.72106647970707,-23.937595408174364,-24.57562681204538,-24.83331479875405,-25.40249793132549,7
141535.94+483543.6,0.274518,-21.812042246535988,-22.132871151936538,-22.70283945379387,-22.88041778778888,-23.097175204821337,-21.917855892410905,-21.999813297128235,-23.406259620504457,-23.92259149905176,-24.39231848331535,-24.7730254495363,-25.23360607058424,7
141721.79+534102.6,0.193,-20.88003376169203,-21.16986734546108,-21.59099344421423,-21.67775694928021,-21.78261350857401,-20.10347218354967,-20.168532358648356,-22.2273319681355,-22.075528417705964,-22.73163029413853,-23.021715663007985,-23.55307464930584,7
141835.13+322932.3,0.996,-23.597682205604617,-23.788425778077738,-24.204016151921365,-24.411114794773557,-24.65489790929604,-20.187907360599887,-23.889758135266963,-25.357359535438828,-25.528795895835277,-25.427131158323277,-25.107244128469752,-25.237456791809898,7
141959.55+284703.0,0.293249,-21.714746921108933,-21.93119738385907,-22.264914281498378,-22.411054214379927,-22.658736494362778,-21.6399944923058,-21.809520155239262,-22.92786025863396,-23.047941431552346,-23.32498464652781,-23.83367843376594,-24.32097945602465,7
142129.75+474724.5,0.073,-22.33583930993911,-22.478763086372112,-22.78228623407583,-22.81803490126653,-22.803938284793432,-20.52304071670002,-20.93580937570561,-23.22149005176952,-23.744684860335614,-24.24557734705156,-24.82125943809932,-25.057751221766363,7
142146.16+073908.3,0.230557,-22.714920447836867,-22.711668369163892,-22.84790372603065,-23.04971633161519,-22.94811700018426,-22.302691686024357,-22.170008892496757,-23.14768533925035,-23.46848834654696,-24.15399998488536,-24.839377656769628,-25.361591147554385,7
142307.35+351524.6,0.313628,-21.613951188546128,-21.901547190576277,-22.416275488184944,-22.738928515512644,-22.801571849504523,-20.243194402727696,-21.146399685512243,-23.444683782424583,-23.791932398852115,-24.16429658139983,-24.52337950684509,-25.11871436013296,7
142424.20+595300.5,0.134714,-22.55762705584436,-22.74625170025117,-23.046485194891428,-23.024311016703336,-23.081341512868555,-21.082915922462487,-21.288452907129397,-23.378457456527183,-23.833144880651837,-24.27498228286301,-24.17735368986352,-24.66333554374291,7
142445.56+492318.0,0.180262,-21.760970030939728,-22.06335852009267,-22.393627962452747,-22.50654695232637,-22.514163356699623,-21.357404246903464,-21.589619627561984,-22.650809308874063,-23.07896723446796,-23.653193342273187,-23.987449098916585,-24.52332969850253,7
142613.31+195524.6,0.2133,-23.025021966653373,-23.1021813321545,-23.268799132170287,-23.442500685108,-23.41426543195408,-22.26304249843608,-22.55126851222486,-24.12476770036734,-24.745528906062688,-25.3496832469696,-25.411999075533,-25.94846898513776,7
142725.04+194952.2,0.1109,-23.039383746076687,-23.024112776548463,-23.203470793065947,-23.453141407567653,-23.237304919631715,-21.670655849245087,-22.12717972770872,-23.675466751911475,-23.97159558450771,-24.40112950623273,-25.04324719976324,-25.38520289506539,7
142748.28+050222.0,0.10603,-21.953474499387514,-22.100309782301743,-22.34903797741732,-22.420335593827488,-22.32518767405702,-20.48795138462625,-20.878677338370355,-21.694278865563007,-21.99115730367785,-22.584455398301262,-23.226217115582298,-23.464975855886752,7
142940.74+032125.8,0.253442,-21.69627090829867,-21.795025486070124,-22.08943424477317,-22.298658354477304,-22.336448205913264,-21.8954713337587,-21.91857524778929,-22.606250661399,-22.8332479581106,-23.767921303568272,-23.95754597699299,-24.54741526450761,7
142943.07+474726.2,0.220687,-22.714617324260985,-22.8028705281574,-23.06074433754157,-23.31440519517738,-23.12404600937908,-22.560335089217407,-22.700319449748125,-23.75086919318988,-24.116500653688583,-24.633470603532203,-24.98095660662296,-25.547936801403857,7
143028.65+143653.8,0.3136,-21.923496253512717,-22.20913218368295,-22.53595129839748,-22.65282786091819,-22.68440467058637,-21.0428321719344,-21.58672443107161,-22.904879350466143,-23.699165685007085,-23.92638079562113,-24.281644380981767,-24.812694542920717,7
143129.60+291711.7,0.256111,-21.914565136849628,-22.164597461242604,-22.53463751335762,-22.68632486086187,-22.729191864527262,-21.231162740506868,-21.67375488474866,-23.16726058670782,-23.645949845977253,-23.857998978197998,-24.418317884518164,-25.05865868538541,7
143228.31+631030.5,0.213778,-22.07666150899328,-22.21435151619618,-22.48040917798045,-22.61042918310056,-22.717804587840757,-21.798860088116097,-22.16869239154368,-23.12487340136766,-23.795661665401973,-24.099677913886936,-24.876781887165624,-25.254070447180737,7
143605.51+511649.7,0.221392,-20.84003147368042,-21.17488882729793,-21.61313542677914,-21.730812904584973,-21.850884722810463,-20.492371368061583,-20.79553106739161,-22.294921151227012,-22.86179301515346,-22.82143068508381,-23.17910261875913,-23.438384250035124,7
143657.72+563924.8,1.816,-23.87493385934537,-24.33396694015259,-24.840763799107247,-24.93962127510189,-25.306259348366385,-23.612209491743812,-24.331549146806577,-26.18243636346433,-26.61431236483247,-27.12041210151155,-26.93220384362385,-27.12016498298189,7
143732.80+620647.6,0.219,-20.59691909801345,-20.73701439932736,-21.24265927845569,-21.53101680177967,-21.704844714261554,-19.93967129059313,-20.285246944019494,-21.772651145631677,-22.50745358241344,-22.627137732487476,-22.794146381528275,-23.17931413695961,7
143816.80+073553.1,0.1868,-21.470078685225744,-21.806412116632163,-22.16699031739746,-22.288558678793216,-22.24656137760471,-21.369524754873797,-21.764097226326648,-22.457638061280598,-22.934170761704763,-23.35232459768227,-24.21867297888408,-24.746279185008422,7
143940.27+030528.6,0.268224,-21.861962615713605,-22.064916946983317,-22.337211480412886,-22.49450890230446,-22.417326309789928,-21.71729991696369,-21.919163202018566,-22.695920810288285,-23.30158605174441,-23.74322132845324,-24.103802996355476,-24.55467585160909,7
144202.82+433708.7,0.231478,-22.625171544335565,-22.72153185183246,-22.821233857131237,-23.086009164120853,-22.999303561910263,-22.99346893396072,-22.8934535830731,-23.26583433279089,-23.62598192943815,-24.34710209236392,-25.046620791380438,-25.619000581119355,7
144302.59+404525.1,0.246064,-22.982447852388734,-23.168773118342948,-23.401473249231508,-23.50390548746092,-23.517559950141937,-22.747793919036656,-22.923013330607187,-23.80843497665958,-24.110707305171136,-24.511140439804063,-25.14656089222711,-25.691689130270483,7
144347.48+513050.0,0.200715,-21.385567891220195,-21.38571858084765,-21.642895237312395,-21.915441972976044,-21.795524753453307,-20.075993519810336,-20.298733385586512,-22.35498859898603,-22.76763496599176,-23.10220750520988,-23.825838801548528,-24.24408429707313,7
144414.66+063306.7,0.208456,-22.732616627758546,-22.72823530800756,-22.881239662621383,-23.12308018093914,-22.971687467497365,-21.912024415689416,-21.800600605652804,-23.322014122708083,-23.732869504083517,-24.469078808709693,-24.913869509202925,-25.48054122857613,7
144449.82+145102.9,0.2681,-21.35872283207265,-21.26870260021649,-21.619382096483243,-21.91773662969973,-22.09014999321155,-21.286522417770488,-21.34460908553606,-22.254577671451298,-23.109867338824564,-23.210056387716755,-23.551313702209217,-23.91714093839729,7
144645.93+403505.7,0.26703,-24.17422747860256,-24.295093852358285,-24.477373016735203,-24.402688921175145,-24.400493065359715,-24.152744024373792,-24.15300429121538,-24.60853008285176,-25.001044902170776,-25.65846762086656,-26.32141541204296,-26.929194537501683,7
144702.87+273746.7,0.2241,-20.873261326266988,-21.38227397401109,-21.7151283287026,-22.02419935893175,-22.053829307916864,-18.122101180940227,-19.53201972682792,-22.28316467831979,-22.76075899618432,-23.541629280556517,-23.780120200541973,-24.4398508510842,7
144842.05-021657.7,0.377416,-21.87858270462702,-22.2576678179607,-22.75072340257607,-22.875872458269825,-22.99276845745405,-20.31491477553176,-21.112101455490013,-23.57793818321364,-23.64094638351401,-24.338002079889016,-24.77525710514877,-25.42349375415899,7
144843.89+253116.7,0.2586,-21.79484477902402,-21.994459755699197,-22.281358698736035,-22.408590138767902,-22.423412132277434,-21.43795099489792,-21.82558005988689,-22.784992618072025,-23.07467490069444,-23.408244681048583,-23.711705791263864,-24.19722979786323,7
145006.93+581456.9,0.315538,-22.907166749945937,-23.1936425876846,-23.489635930894355,-23.61773998727917,-23.744575759739515,-22.144526061709424,-22.333092453050387,-23.39179606733187,-23.713402418445945,-24.156423091049657,-24.836834996609724,-25.447662870379823,7
145050.12+125035.9,0.260361,-20.805135144702987,-21.308682464695845,-21.817643764287737,-22.03517309789968,-22.051243176948017,-19.940566458470336,-20.48316388777588,-22.211167507232556,-22.825304149777555,-22.848234854041483,-22.65261283069419,-22.99843072692663,7
145335.60+403102.8,0.387148,-22.919773346261284,-23.11839652535457,-23.529284907496287,-23.58575685622328,-23.709216240624222,-22.6669569815212,-22.88945706962664,-23.93365219495189,-24.31980011013021,-24.802048267769703,-24.822756989157835,-25.28777751385206,7
145608.65+275008.7,0.2482,-22.833715646065123,-22.83184975122477,-23.01881357377908,-23.130325825640508,-23.109560679206865,-22.66767331938744,-22.335503068414027,-23.87887125989274,-24.438965506946705,-25.060818815791883,-25.10570184309974,-25.712454645702497,7
145818.36+484033.4,0.208991,-21.63193994923041,-21.83518027425584,-22.127498641355796,-22.294183100394783,-22.2376429473229,-20.696343005426847,-21.18566210004579,-22.64736507881924,-23.33127856632444,-23.85043623293129,-24.34309332410071,-24.848055675704234,7
145824.46+363119.5,0.246351,-22.694411971396345,-22.90862985895635,-23.2377251578147,-23.26840047193331,-23.228384675604502,-22.08471926001264,-22.485467270537875,-23.374819709345463,-23.60992473266483,-24.051263177626765,-24.40639596687296,-24.911565529963603,7
145840.41+195218.6,0.223,-21.81626445542964,-22.022163865571287,-22.348429626982934,-22.505122925089328,-22.56971015875248,-21.000134521024805,-21.259616016844458,-22.84440599733117,-23.169068282323835,-23.383763610225493,-24.024803038216515,-24.450655828948985,7
145857.84-013419.3,0.275666,-21.050040836502767,-21.34906576208693,-21.88468373471388,-22.141684032669588,-22.2247785186507,-20.27906278284082,-20.46362001856452,-22.729276446187537,-23.298813528554263,-23.891923471495616,-23.86028164705923,-24.202203538242237,7
145930.86+532316.6,0.281047,-21.25681399988337,-21.5586877160737,-21.91489036117673,-22.13798094477012,-22.31605562435516,-20.54843937012665,-21.27183114099618,-22.35233692293532,-22.911148842133628,-23.328461480554584,-24.083638297972808,-24.511021020802374,7
150245.36+405437.2,0.233365,-20.995401221550576,-21.2738341614091,-21.71223860588713,-21.82750883137226,-21.89909074682931,-20.56742201482479,-20.888104772708363,-22.320241067675724,-22.835398782894988,-23.244387560836355,-23.784327487359896,-24.17805414067671,7
150610.50+021650.0,0.135295,-22.405292106678647,-22.550804636880997,-22.791328865264905,-22.91942405136287,-22.90315999279551,-21.261810816747563,-21.77536786851487,-23.283312632350576,-23.847451243474517,-24.24624304415579,-24.75080917729293,-25.16967922424302,7
150611.65+545005.1,0.193,-20.226890152360507,-20.631636974708066,-21.087775976103227,-21.244405369038425,-21.324599170620317,-19.17642496325917,-19.713582624790632,-21.6360910153828,-21.99665225344729,-22.37537788921863,-22.63095542481981,-23.19166554869413,7
150715.31+081833.0,0.1643,-21.381870462216764,-21.505121466262004,-21.802859348821933,-21.91126804919879,-21.96458332911296,-20.366943927280985,-20.666790952962167,-22.32717579367486,-22.75463809069352,-22.93745242384353,-23.20719420183601,-23.504038003989788,7
150952.19+111047.0,0.284945,-22.02179318732504,-22.15318879201316,-22.363407789725155,-22.51141326591757,-22.639466532522142,-20.72705722346804,-21.134270860379743,-23.11336748329803,-23.328861485128737,-23.83186409811165,-23.76514935891187,-24.43619686396406,7
151132.53+100953.1,0.281519,-22.426919206654954,-22.82041854144604,-23.25114953010424,-23.48090777932298,-23.53186961007185,-21.65166803627096,-21.92987952095387,-23.89826931873549,-23.92186120697839,-24.23358618682282,-24.57327188974465,-25.128446781951293,7
151318.20+010952.6,0.217762,-21.38879025980565,-21.702872713986338,-22.02765602625109,-22.17442973797885,-22.214813348740652,-20.47743695016062,-20.881261356462016,-22.4696843302762,-22.814952539453344,-23.70659525800505,-24.096163813450627,-24.650764457537196,7
151557.75+302357.1,0.25214,-21.435539711261523,-21.646835603407933,-21.902134839137236,-22.10589583979463,-22.123450477232083,-20.983205906751675,-21.127200947186445,-22.564131194560087,-23.377457580046126,-23.64794546485944,-24.046209524079668,-24.57782813191655,7
152109.39+490434.2,0.168,-21.05841006342201,-21.07362726875862,-21.418813875025315,-21.62353643604368,-21.58165726885907,-20.637024521222333,-20.89211409179934,-21.612678377842244,-21.99192895201757,-22.678853464430528,-23.46794112099547,-23.90199069366423,7
152114.25+222743.8,0.1358,-22.44751063786301,-22.622779525476105,-22.8531813693784,-23.0342674732295,-22.978588077760065,-21.91478026161774,-22.21336268574064,-23.3616241416309,-23.98786409368534,-24.56981123839048,-25.28120774524604,-25.65850747184166,7
152130.33+274420.0,0.2285,-21.424211193173345,-21.61369362537772,-21.9120401009371,-22.13107790233464,-22.055082853111976,-20.990439704406963,-21.10794187695894,-22.45664187978914,-23.157782045376766,-23.501873220686075,-23.990598054243268,-24.642746254073742,7
152139.66+033729.2,0.1265,-21.408386053559425,-21.63446899649703,-22.029010527155783,-22.46368757687077,-22.24679627555961,-20.95863397381591,-21.078190628605658,-22.573739456392893,-22.913620904583283,-23.28352788181593,-23.75419410258494,-24.08722518054033,7
152504.63+464006.2,0.295905,-21.345323728364317,-21.59911373880538,-21.97702521920756,-22.20675503386545,-22.28007023346059,-20.486441618112657,-20.690123973258896,-22.724958934912365,-23.02469804213211,-23.82455626655989,-23.58778062735537,-23.99250113793299,7
152526.46+450651.7,0.253747,-22.504627765094288,-22.73229555764922,-22.98301315925778,-23.33264528922983,-23.354553820696196,-22.467116608340493,-22.604179783364707,-23.59631375319965,-24.03824789553443,-24.542884878165744,-24.90630128391842,-25.416599427334333,7
152706.74+180610.6,0.2115,-21.973716953207663,-22.176319165560137,-22.53445175354881,-22.58513131122539,-22.71825797960676,-21.27917990172497,-21.661573899965724,-22.651816451477075,-23.12093670167905,-23.36586931553923,-24.26823486384918,-24.67837769190401,7
152727.38+154100.1,0.2276,-22.69654025234525,-22.816220613613503,-22.985790648715486,-23.268618416954624,-23.14539167636377,-22.097327885734224,-22.245461702701995,-23.02576296641248,-23.13611114003354,-23.714298186046552,-24.560896522419505,-24.978499623167785,7
152732.08+433401.3,0.155728,-21.159184934074275,-21.422695094015285,-21.76514867906541,-21.85477200942843,-21.93426336148418,-18.72153165948395,-18.52372310209797,-21.96066247879405,-22.39278621369999,-22.539993521699945,-22.23216952227066,-22.525671430302012,7
152753.80+061018.9,0.1743,-23.02413705353528,-23.14855314597501,-23.42498645233971,-23.81575408666735,-23.52220179920416,-22.68304808861986,-22.817375026479205,-23.979746706739128,-24.13746221791771,-24.640848852237838,-25.06208410432226,-25.400775414019712,7
152757.67+223304.0,0.254008,-23.198540516711248,-23.3950662366924,-23.60697870900761,-23.701957384149875,-23.60538271324501,-22.723282957607864,-23.117418386511595,-23.78337727109367,-24.164661814333183,-24.44195805197048,-25.058372608366703,-25.70810918863618,7
152907.45+561606.6,0.0998,-21.67254932403981,-21.652914898267277,-21.94158176525165,-22.353425839310777,-22.035160858000182,-21.782811182059103,-21.901164926651354,-22.43850588831944,-22.71581341770811,-23.126045170421623,-23.68869838324033,-24.158168269462376,7
152911.55+155655.4,0.2187,-21.84677020408296,-22.01375151401722,-22.223871412906163,-22.32612983520301,-22.3135774303387,-21.411973397164733,-21.52775540409524,-22.5784043406432,-23.03118590611265,-23.680343901466955,-24.609517816502837,-25.1569453473846,7
153228.79+045358.3,0.2182,-21.986809541715537,-22.04527417267606,-22.32421617526164,-22.623269287638703,-22.49601770884824,-20.543409955712285,-20.88917273235406,-22.721740915085885,-23.134294568628988,-23.589308260043843,-24.426641429522363,-24.85395860435556,7
153529.11+532138.7,0.290884,-22.166689967035204,-22.29385604458574,-22.56478194354803,-22.692490036586445,-22.72392656212921,-21.94120041665045,-21.94084791428893,-22.818482717072843,-23.112989787292477,-23.828773269770355,-24.127150340542,-24.618728833266143,7
153848.47+101843.3,0.2341,-20.787381201373183,-21.381206840588604,-21.90684615178257,-22.107845725480637,-22.204241873564552,-19.35218212860029,-19.84314404077646,-22.7067757387314,-23.205502792524022,-23.39264101520563,-23.780669298759012,-24.317976784717175,7
153911.16+002600.7,0.264878,-21.228128064070216,-21.63502404220432,-22.133134269871604,-22.39507811114125,-22.54653490305847,-20.63732889037776,-21.14411327310168,-22.987126056490943,-23.65421448316329,-23.83421040960263,-24.181013647317247,-24.687358693059576,7
153941.49+504255.7,0.203051,-22.27805162254015,-22.613142877100035,-22.866004303550504,-22.89477776927915,-22.818021803118228,-21.17357734069354,-21.735795745117432,-22.657935230390397,-22.972072648881287,-23.367635102546,-23.70471323324508,-24.096192290519276,7
154004.25+355050.1,0.163856,-22.004680711036,-22.045179325702467,-22.282081469017616,-22.41758235899904,-22.28622702132455,-21.75037485441364,-21.8911374245441,-22.545145795364867,-22.733192274225942,-23.01175748816937,-23.953108232810106,-24.35380838480355,7
154153.59+353108.4,0.233019,-21.216274151844274,-21.484520161905383,-21.743156077123547,-21.81959806799934,-21.861440513090315,-20.535262188023168,-20.970189491673946,-22.187780906655743,-22.9962484610898,-23.190095074507077,-23.60562219468739,-24.14816717128208,7
154234.84+574141.8,0.245496,-21.491773952527502,-21.824170603551448,-22.29031739462583,-22.424041553802883,-22.445841353538427,-21.135123715259287,-21.52364838930342,-23.025844452322893,-23.154037220892278,-23.70839617449434,-23.852227360657245,-24.358422353634875,7
154427.26+274324.1,0.163196,-21.783936493311774,-21.8759198443366,-22.13646822867492,-22.378884217134487,-22.293672206536524,-21.232319141012397,-21.2277861926992,-22.611969881178272,-23.09428874817205,-23.45805240382716,-23.915744819242068,-24.28131553175962,7
154430.52+282756.8,0.231367,-23.283776637092643,-23.31481100100555,-23.48043357671496,-23.62450078886671,-23.57757918760078,-22.972587418484892,-22.95811194627827,-23.78213392076549,-24.000969583279293,-24.464596333545643,-25.010157163540487,-25.45362555673582,7
154458.49+230810.1,0.3724,-23.00965423912254,-23.36231268246651,-23.92729606243116,-24.12582978028627,-24.066729843974606,-21.88129836694095,-22.436943627314545,-23.948412588498364,-24.134559155181456,-24.190345088946557,-24.06274658758269,-24.46316321673773,7
154529.79+075122.8,0.358746,-21.60837852534537,-21.976977929620023,-22.428845025304334,-22.60638506768388,-22.70526397291947,-20.13453338604644,-20.646900986689413,-23.219901914238303,-23.611444524709924,-24.325986129025388,-24.449822312048457,-25.150057595689987,7
154604.25+081913.4,1.648,-24.9950160799968,-25.353020173877937,-25.82750930702824,-25.907240894757173,-26.324175522442424,-23.14174512695601,-24.52653856464995,-26.67149745791221,-26.990467372061744,-27.20767448242941,-27.751266150606455,-28.10477097310501,7
154732.17+102451.2,0.1381,-22.788119966823476,-23.008922892614788,-23.178222069823857,-23.23163365756035,-23.13955770816673,-21.83546051756718,-22.25801815646131,-23.64807225813973,-24.24800274122648,-24.77374599119855,-25.29240836953837,-25.644256243036025,7
154743.53+205216.6,0.264542,-24.502772234729846,-24.651734970037484,-24.748162397340955,-24.88779927808906,-24.973484136711942,-23.90007429988597,-23.87099964807651,-24.60186892540198,-24.81920612262657,-25.364292478901174,-26.2066852389145,-26.7874181257614,7
155159.61+362212.0,0.252436,-20.81539606352657,-21.026845619393114,-20.96644599130783,-21.87486898046887,-21.919088222429696,-20.06118781256095,-20.125822197198417,-22.39253721824461,-22.849688763425,-22.88737599697147,-23.038378895896702,-23.4003785289178,7
155328.49+095102.0,0.1922,-23.00745141379416,-22.96319581136809,-23.062411878694483,-23.270260562110494,-23.15404480272176,-22.22485980456917,-22.58063041552864,-23.37537520030363,-23.86913625828856,-24.66213761142173,-25.113882074246497,-25.613321305765822,7
155444.57+082221.4,0.1189,-22.30577420500738,-22.710944234676987,-23.021430806990814,-23.013437752473497,-22.935138146461505,-20.841538432559563,-21.586575728314514,-23.32844045625412,-23.630328658689145,-24.02239178519723,-24.646879791704905,-24.893447317284597,7
155505.99+455008.7,0.377399,-22.970496999517675,-23.053960445477884,-23.24819155227229,-23.30121744147626,-23.45609292980721,-21.882301771863755,-22.02728645352842,-23.468976681594945,-23.69967942437997,-24.332475834393318,-24.66064982183752,-25.257109098051828,7
155620.23+521520.0,0.226599,-22.448092572702905,-22.423730528177817,-22.69676135394142,-23.01415312089112,-22.9276839729477,-21.628944037086047,-21.666354909732945,-23.328208969574984,-23.630386728813267,-23.980577284694785,-24.263819251019,-24.721688651682157,7
155621.31+112433.2,1.7295,-24.898866005008287,-25.240157002013326,-25.71807987290401,-25.89234054156323,-26.096084347123604,-22.682979473124256,-24.22060862702711,-26.23548615505792,-26.52387537362869,-26.53679369300904,-26.56930142575985,-26.870668253436254,7
155650.24+080234.1,0.221109,-21.389370433694346,-21.563950441259745,-21.86655394052721,-21.97242407117439,-21.930328372568148,-21.12898882546921,-21.62868320565581,-22.433043457842786,-22.679169796649997,-23.346093057227428,-23.91751839999355,-24.449867597873144,7
160216.00+111926.9,0.1559,-21.820201051808645,-22.021434542061247,-22.243730922630608,-22.416076333860406,-22.37389397585892,-21.09760793762477,-22.08710016319892,-22.92336803165033,-23.58364862543852,-24.266408979847384,-24.91467472166747,-25.298531475226635,7
160249.32+250441.0,0.266058,-21.09152192768652,-21.557104072598182,-22.076665438965307,-22.284346266517733,-22.31132506501381,-21.173439489117253,-21.109040303241706,-22.862824812683836,-22.699341082490957,-23.363590517899,-23.56529424073784,-24.04118554232584,7
161047.73+330337.5,0.097487,-21.540013686084254,-21.90512458188575,-22.29350676431871,-22.28490476767333,-22.297101886026468,-21.00890678972265,-21.30694997109658,-22.456293063064017,-22.663382795940382,-22.84168414211834,-23.5303140378753,-23.87241769061777,7
161131.49+592052.8,0.22471,-22.173824749385304,-22.3255244282819,-22.59295972519804,-22.795885991498924,-22.831974574668084,-21.09634504221435,-21.753189511194822,-23.181449853389537,-23.346913179818195,-23.80789612757865,-24.261501966391595,-24.686223294176298,7
161217.97+073145.4,0.2068,-21.576627968164136,-21.87824100583663,-22.436009341714488,-22.73263965193118,-22.64496379915327,-20.978871412626507,-21.286865313408168,-22.952501782663145,-23.307386005844485,-23.86334914394736,-24.60090933214285,-25.175098984650777,7
161238.75+564909.7,0.213101,-19.78751837443802,-20.17798708967133,-20.88793648473473,-21.149834311087226,-21.29585176638224,-19.11402990150674,-19.569771017465406,-21.74973998714618,-22.25238760529886,-22.429821762919623,-22.16515085869321,-22.440509455982085,7
161351.68+172014.0,0.243712,-21.87916350218114,-22.01092255016668,-22.34088358498668,-22.615085273954087,-22.63770556715585,-20.821026695569948,-21.99514231223999,-23.296062821213457,-23.7900951245837,-24.419167832397974,-24.52601817797581,-25.08343113619792,7
161436.06+385954.6,0.244732,-21.63105328262048,-21.77384046430556,-22.08761735593114,-22.265320277919617,-22.23276878424649,-21.499040846715538,-21.35561822842216,-22.679532806026565,-23.11873581887228,-23.581192688457744,-23.80031217208028,-24.382451845687,7
161506.92+082744.1,0.296286,-21.60741859878564,-21.89942056187526,-22.334281390245565,-22.60453260833376,-22.60281912288141,-21.0167665428661,-21.330603317874875,-22.953390939665574,-23.63645431488575,-23.209362534868884,-23.612542629367887,-24.065779322653224,7
161513.84+084914.4,2.463,-24.88054824791652,-25.064387230868064,-25.483989719234536,-25.63484384378568,-25.585740782490905,-22.118524313141787,-23.30370769719731,-26.507700796908452,-26.791821293246883,-26.89108519068182,-25.740831782986817,-25.453050500144705,7
161711.42+063833.4,0.229454,-22.859423982085197,-23.02160786678182,-23.142809858481147,-23.287133345717,-23.19302043457907,-22.09513196827164,-22.071731277486464,-23.33879474398011,-23.69130627808925,-23.988236614671425,-24.05339318645724,-24.67362450794665,7
161723.67+085414.7,0.2064,-22.702588610889457,-22.86133459098293,-23.04346383500136,-23.273961311543317,-23.156914922416107,-22.52571555021248,-22.549224385655247,-23.35409816421259,-23.64947298749981,-24.24785004646344,-25.133744891469654,-25.709423298124303,7
161749.88+222200.9,0.267188,-20.8437638911688,-21.288597973594904,-21.823865597752903,-22.013883852321168,-22.10347919016985,-20.039323316667215,-20.279641949758744,-22.669614577658795,-22.75270877598757,-22.97698065143067,-23.78141410191644,-24.26831544747054,7
161911.24+501109.2,0.2341,-22.16728627974002,-22.3160596298893,-22.68570510532544,-22.980945070389076,-22.89697813541341,-22.061004380417447,-22.16893704182039,-23.291969807243813,-23.83732122518473,-24.223198494323405,-24.35106781588712,-24.84873102216438,7
162054.51+502752.2,0.2647,-22.71471552104204,-22.85282476506892,-23.06124277820836,-23.28687839760919,-23.360524709214516,-21.88609956343844,-22.450025763432848,-23.4011582619653,-24.03549350135396,-24.251940102588275,-24.94946429172026,-25.445587103583502,7
162308.42+535258.3,0.234429,-21.36516783175881,-21.476257883687463,-21.732505206682315,-22.015868200363744,-21.98976551637753,-20.655203487053264,-20.773219522853235,-22.375088812196275,-22.727317154030704,-22.683290361703364,-22.76732570809402,-23.12494190167532,7
162324.11+432533.6,0.287667,-21.12117592071952,-21.47427211866254,-22.032333238372964,-22.31735777839965,-22.313587070300823,-20.339455404048092,-20.494919628801103,-22.76652358475378,-23.25409812080296,-23.704471207217637,-23.858551086638737,-24.29994938394314,7
162552.42+562729.8,0.308,-22.642986092182447,-22.87292530955244,-23.190876083869124,-23.293053583551856,-23.38368667118873,-22.15846478161242,-22.359602036801498,-23.13810934494374,-23.796632979135325,-24.10914697804404,-25.12477253864314,-25.5642280211896,7
162607.24+335915.3,0.204794,-23.12644583314257,-23.33915898426368,-23.52057258121381,-23.60317424467872,-23.53964629426344,-22.78804954296677,-22.968289499649483,-23.902465732050125,-24.60704479008937,-25.113854853317516,-25.788369071850333,-26.295728776573675,7
162741.81+535843.1,0.192698,-20.39066235080306,-20.92924538267395,-21.353420955076828,-21.464842922309987,-21.503952834524544,-19.84420688080832,-20.28576815260892,-22.01649896549513,-22.292264500448585,-22.423773082531927,-22.73340449389939,-23.249554997114643,7
163051.74+471118.9,0.270524,-22.963440806784103,-23.111021323209496,-23.39612837363129,-23.55178187528286,-23.578608325772866,-22.892412064472914,-23.13049097036204,-23.685561267068408,-23.988821387566865,-24.682330767159893,-24.972816054472297,-25.600709739653738,7
163210.65+215033.3,0.183,-21.64151159842331,-21.766252318725524,-22.09334333737875,-22.35344375781772,-22.353097476605523,-20.497999599733795,-21.105154987298697,-22.57867582219323,-22.992998190227134,-23.33310796743308,-23.61131251781752,-24.106861737432663,7
163219.29+320142.8,0.248224,-21.051854754837688,-21.182847846463968,-21.723260770182687,-21.91293665489264,-21.92369059775868,-21.2044669413385,-20.76008871175063,-22.19417944336231,-22.782837194876446,-23.144478886211736,-23.337957100117443,-23.7646125040756,7
163234.16+095400.3,0.2182,-21.34188402883405,-21.50084495138624,-21.744796595895227,-21.92527088686664,-21.82955476410436,-21.26047124629451,-21.489330866860666,-22.389282229246135,-22.973390408231374,-23.285363318561952,-24.015126758062426,-24.49347889639117,7
163235.08+203941.5,0.191658,-21.32406093905313,-21.53033630636125,-21.8283283003514,-22.015292666003266,-21.923628671079847,-20.98751203465919,-21.06872661019281,-22.068116381682824,-22.1313045500764,-23.000185517933293,-23.88121810544568,-24.40227307316975,7
163329.44+131327.0,0.336004,-21.17616747808581,-21.59792934735026,-22.270308863637386,-22.54198025078031,-22.646826261710373,-20.540257123249013,-20.83750784719024,-23.177313738112257,-23.676957876270954,-23.45330237743568,-24.35347212025491,-24.88009082542442,7
163417.81+474453.1,0.177336,-21.165642289633357,-21.288869637482826,-21.62974666227064,-21.849893649925036,-21.88606077049077,-20.967802330165608,-21.03827908260263,-22.070158357592355,-22.43789266701141,-22.863071965773997,-23.307687768202427,-23.73011725194425,7
163631.58+461704.3,0.251671,-22.036280738235074,-22.19975420043688,-22.45103833197355,-22.57791058298637,-22.613116297316346,-21.921558720933128,-22.084452534681507,-22.88927638590254,-23.577679615078598,-24.278248571620967,-24.86252081830638,-25.44508947923129,7
163821.99+402413.3,0.256772,-21.368546810459783,-21.47946669226522,-21.82422735928577,-22.213375134831477,-22.258108786308625,-21.77014082142794,-21.2881468379148,-24.0461996529009,-24.143948104951026,-24.02100691958593,-24.09987420554887,-24.509428839006592,7
164121.43+283620.6,0.393764,-21.97027307418272,-22.347350279817785,-22.916703554398584,-23.085842606585803,-23.180316326781213,-20.945449379254573,-21.28688007183073,-23.35151222184138,-23.899847967752574,-24.230109713875542,-24.277388378108636,-24.95154235193379,7
164852.28+492055.7,0.193577,-19.65355478246596,-20.115099329080092,-20.611584353378543,-20.76437551575385,-20.99352261749709,-19.18755123737095,-19.621116319915565,-21.545128693795363,-21.911149219161555,-22.099603342605803,-22.06693840759541,-22.46044818724116,7
165006.23+215451.8,0.194638,-21.7348237423022,-21.80644986627492,-22.083093503326637,-22.350382468629043,-22.31758828132743,-20.63585960325332,-20.709338861517264,-22.867355322747308,-23.18858306160223,-24.06322335260268,-23.965895266321244,-24.526595559255703,7
165335.75+373255.3,0.217816,-21.802012877610174,-21.76215498910633,-22.07697230210892,-22.3059107406262,-22.299124068029585,-21.80775886312804,-21.947793344370908,-22.80784162664188,-23.48376713436796,-23.919379205222132,-24.36549173559658,-24.93776516536818,7
165356.64+373632.1,0.219411,-20.87938963381622,-21.22408668212824,-21.725832843993807,-21.880616873327835,-21.835596386063138,-19.40700091401366,-19.87966414758565,-22.36721693058554,-22.62742316275752,-23.07455392301764,-23.27248366876345,-23.87006511493405,7
165433.14+382859.9,0.356607,-21.22593660426992,-21.523782608063712,-22.35372682609177,-22.667004731574323,-22.71358707996345,-20.820879130445714,-20.93612877693672,-23.11825948311251,-23.703861475977348,-23.734703650094037,-24.56939968430865,-25.074968813285963,7
165551.37+214601.7,0.153555,-22.6033268710582,-22.8472776300162,-23.22885887614709,-23.49988216218241,-23.28961041430832,-21.660915822286555,-22.20717427093272,-23.49385650456164,-23.894636503067307,-24.44598409997655,-25.24518986734384,-25.622843077538285,7
165929.80+424605.6,0.173816,-22.25445889346476,-22.484413928549632,-22.718826973625507,-22.73947941322568,-22.743065014277985,-21.720444804181824,-22.29731376483613,-23.299176009595463,-24.07554826357641,-24.732718668678466,-25.35038553097173,-25.87750014385256,7
165958.93+620218.2,0.232715,-21.918465339194668,-22.020164883931425,-22.279020724223003,-22.59057645479398,-22.505179446117783,-21.06970580441221,-21.72275080002159,-23.117031690763696,-23.57970839454847,-23.932399796637828,-24.49336597902849,-25.048979547316858,7
170231.06+324719.6,0.163316,-23.09467710168297,-23.310231798805223,-23.56422356087834,-23.6265486347735,-23.610518053684764,-22.349539771306528,-22.858489142416467,-23.842256065324325,-24.418082159141363,-24.95281955606975,-25.791997371522097,-26.109758155807928,7
170302.88+191034.0,0.290798,-22.704448845434,-23.036914683998827,-23.29240369889571,-23.38170954070839,-23.48060466917653,-22.339626500346785,-22.5341803974888,-23.588548521182855,-24.01870917121595,-24.538660296148425,-25.23950165063148,-25.81524680008504,7
170306.47+452557.2,0.170409,-22.075705106501676,-22.190240235165103,-22.442443446168728,-22.51130304572738,-22.46743299713224,-21.33448661165304,-21.805462217167516,-22.894843982078807,-23.368419065976365,-23.87894963740124,-24.302293973693164,-24.71255447997573,7
170355.79+604511.7,0.284817,-20.581753408842623,-21.07359128229636,-21.67563763244044,-21.99892946152445,-22.027124766881823,-20.438531561294607,-20.581308672832133,-22.728572703451064,-23.23799466911906,-23.11295512438734,-23.55427544578068,-24.105130715132525,7
170545.54+400338.8,2.545,-23.689413068722224,-24.299397916602725,-24.819877220095865,-25.132364250411253,-25.12217776973848,-20.180249485035446,-23.34304851881868,-26.3016620911092,-27.699838380232308,-27.49113177079841,-26.239601607315446,-24.592296524302107,7
170656.51+315937.3,0.227146,-21.81845680311769,-21.96007417411307,-22.21695400391004,-22.35722742773488,-22.423192885552652,-20.571642883699237,-20.96676021246191,-22.678290319354176,-23.307684008472663,-23.539925385325827,-23.85247281651448,-24.45200884580337,7
171046.76+321946.6,0.327266,-22.439537104098584,-22.767115540685783,-23.14453485533692,-23.38507148881528,-23.490676389255235,-21.62610769374253,-21.95879434321637,-23.527762886356467,-24.135543798337658,-24.554283173462093,-24.88927716060105,-25.54841297442264,7
171304.46+352333.5,0.0839,-21.004575702674227,-21.516775489645312,-21.95109154194632,-21.949107973126008,-22.092503288008317,-18.465280680659475,-19.961890903795705,-22.312002983013183,-22.86963648697921,-23.326288816601505,-23.989297475536336,-24.36530254494256,7
171446.18+400755.6,0.178081,-20.39354786241164,-20.800171911079524,-21.188688382676315,-21.27609760108457,-21.32640160460843,-20.169499223416203,-20.194389921397686,-21.31243567518386,-21.98145685057867,-22.585860805774143,-22.590103614534463,-22.99532787742661,7
171540.93+560654.8,0.297162,-21.27064286625214,-21.50934037811721,-22.011996981937003,-22.29778238497752,-22.349680603949324,-20.58278269959897,-21.31719457960203,-23.2862011324234,-23.10009884658661,-23.75837019278381,-24.12922022323896,-24.610435576603184,7
171902.29+593715.9,0.178495,-21.687397569776444,-21.851625655811706,-22.13984164346728,-22.253893570033327,-22.29297171685539,-21.07896075804973,-21.34449201525066,-22.64060493418,-23.130760071401003,-23.489286344134992,-24.25018094751461,-24.831214638670573,7
171930.56+293412.8,0.180829,-20.863143580929812,-21.328883970597374,-21.81498936338849,-21.97624785789889,-22.01824516851956,-18.65022828984492,-19.944914850627065,-22.185144731735488,-22.62767776445837,-23.21924800697555,-23.71355953583577,-24.076260695751763,7
172634.26+360832.9,0.151116,-20.854644237673007,-21.440198137114635,-21.95232261523411,-22.088624703977416,-22.137831468894845,-19.727461257494785,-20.224358730313504,-22.523447476220696,-22.956374775291668,-23.161739769049134,-23.607432297606184,-24.09789343561424,7
172711.80+632242.1,0.217789,-22.411146659259835,-22.68972944333054,-22.91546131173482,-23.041765707644124,-23.113423826580213,-21.63896971462822,-22.00346694087579,-23.40178549338242,-23.64673533897865,-23.91657181078843,-24.13498348344056,-24.525295975883072,7
173229.43+564811.4,0.303373,-21.891263578923844,-22.105907207842865,-22.419072428024453,-22.556996756300453,-22.773773549371725,-21.50775119359057,-21.52934044092467,-23.011323311775783,-23.12502633796505,-23.68616742712924,-23.94049684778329,-24.41463953060244,7
210522.61+082734.0,0.239916,-21.274183489514677,-21.45189427097533,-21.810755520307204,-22.02867023892436,-22.117781398735502,-20.707910818894863,-20.86103195243772,-22.62543925629415,-22.871409093556785,-23.46318836016333,-23.929554336108517,-24.276848322317928,7
211248.45+023605.8,0.147466,-21.579023240932056,-21.60274927476047,-21.889413420953385,-22.351377688953825,-22.20033947283195,-20.839730778458765,-20.830624754853783,-22.395972921098338,-22.532107369157497,-22.99026318837531,-24.16496056536298,-24.33113213914015,7
212347.83-082842.9,0.218364,-21.66275005871629,-21.78019724503081,-22.11974220315816,-22.325552378427997,-22.242121279192677,-21.040564680735752,-21.349700336240407,-23.041459962218664,-23.40415826794932,-23.936556941771304,-24.295357733028727,-24.809934162060788,7
213831.33+121527.0,0.916832,-24.414841850935336,-24.83422690759667,-25.12423180636117,-25.30103770836291,-25.560433163824914,-21.68490872442364,-23.76500494645092,-25.83632989439177,-25.95284003219992,-25.92586558375065,-26.324464301542605,-26.37996241443877,7
215101.17-083716.2,0.122064,-21.293539814555064,-21.39040756807409,-21.651417506295797,-21.83397500134099,-21.86597171644373,-20.379091825487645,-20.65776953772608,-22.363120192440437,-22.98788196818417,-23.472566464734616,-23.927593037154374,-24.243721899570197,7
215408.71-002744.3,0.2178,-21.49559384398337,-21.908871352218323,-22.386944119690195,-22.61584086979114,-22.69857459719953,-17.823116335159344,-19.926116141051512,-23.079893741832592,-23.6453481096104,-23.96364259353261,-24.15668949951329,-24.549115988749342,7
215516.13+003250.9,0.278325,-21.656523806137177,-21.98844791362215,-22.43232764452471,-22.619300853060725,-22.782923479802605,-20.983106092685748,-21.31490784821333,-23.149340068322463,-23.58360874918756,-24.02265309714934,-24.49231809258657,-25.00946041529497,7
215954.45-002150.1,1.965415,-25.82033480521133,-26.132734405382244,-26.55841607118159,-26.774574814663204,-27.01412002156791,-24.158354349994244,-25.112994866130716,-27.35846353480952,-27.72392061062933,-27.64906252961248,-27.74992340724124,-28.00229676086486,7
220108.56+033150.7,0.301942,-22.42410997636724,-22.56573121926418,-22.77920069765844,-22.90598725973021,-22.950578046908028,-21.85064655982065,-22.021124593076607,-22.959314709622006,-23.40624552722103,-23.44108859097202,-24.43319136470657,-24.90123841930829,7
220153.00+012956.4,0.192927,-20.914584854201586,-21.1960775764514,-21.500724829619813,-21.68819601566881,-21.64089494560988,-20.25357047694343,-20.613065581330492,-22.16332993319747,-22.56439963697736,-22.882200495880525,-23.565371857002265,-24.035891713326933,7
221116.28+255252.2,0.205822,-21.31147683125383,-21.41614761338704,-21.783490391341445,-22.01074368919953,-21.968165728003044,-21.019871444768576,-20.867298160920424,-22.359653328409635,-23.08307181336864,-23.512604297300125,-24.07293508048546,-24.608004326969446,7
221217.12+035040.5,0.214285,-22.22495390300264,-22.31246174387067,-22.58747986586648,-22.76792644293424,-22.70620398042196,-21.87529334764244,-21.89075714861292,-22.414325141451556,-23.029110009885628,-23.47667144349137,-24.62109124127885,-25.13844855452852,7
221223.17+293104.6,0.246692,-22.28704313865715,-22.61554638171187,-22.997426239936065,-23.15789560810668,-23.15747460888717,-22.008537370875832,-22.138476575734984,-23.747363594471995,-24.04694384666938,-24.70374174591544,-24.929338248858876,-25.45793433550724,7
221924.81+022428.0,0.285251,-21.8859145592284,-22.065593943137,-22.409137244855103,-22.5927512779375,-22.50193048518885,-21.241732410628664,-21.424199122712327,-22.82474126220097,-23.06148354294377,-23.08840808225493,-23.251405100630887,-23.733033169288458,7
222203.73-092712.0,0.173042,-21.45711000221976,-21.687758309891205,-21.981498763698493,-22.231989913476752,-22.048263947146356,-20.94327213374449,-20.78805227800348,-22.30324125266124,-22.22370860932703,-22.65603551619124,-22.88758508338585,-23.33700650233838,7
222532.92+194802.6,0.211996,-22.02843901124943,-22.472676337423408,-22.7603926048038,-22.848711466477763,-22.924434595556686,-20.54995508663777,-21.01208764024966,-22.770196905745244,-22.806004649120645,-23.449549934818084,-23.842601935526645,-24.38881853464385,7
222537.47+225926.4,0.171743,-22.02872483758637,-22.3159844776107,-22.648049771645265,-22.754802343029173,-22.71129461376631,-21.54733985384557,-21.82596858050024,-22.720292651272537,-22.848789988220407,-23.15801228567038,-23.69855984893077,-23.949006801931343,7
222632.66-005717.7,0.168756,-21.33281311544405,-21.48584388062243,-21.836508666830376,-22.01383905753065,-22.03414108124728,-21.255125259746304,-21.513283450888625,-22.391591832844192,-22.95055388699352,-23.40966118508989,-24.43449745975252,-24.719462153695204,7
222705.10+280458.8,0.960422,-23.66360011933513,-24.006174213424465,-24.28460338855964,-24.41439415496764,-24.52581442730945,-22.180969082711044,-23.325085344666327,-25.27608337460122,-25.518832355902934,-25.557480026477613,-25.074089288192184,-25.449608012438343,7
223456.08+200751.9,0.32166,-22.70112588769597,-22.85824532894779,-23.109645498412515,-23.195505757227643,-23.48973545665306,-22.725539232167694,-22.541149613232477,-23.396803900617527,-23.786231030860343,-24.335137366009093,-24.58179559033101,-25.092887211161496,7
223604.29+053548.5,0.238102,-22.03327572419174,-22.192235976834468,-22.52320391834653,-22.780880384594784,-22.77240466196789,-21.71403223475032,-21.731994352455526,-23.028936796419373,-23.25465085592757,-23.71051461261513,-24.49007866678319,-24.96724497219008,7
225025.34+141952.0,0.234806,-22.70969354869926,-22.959496429183737,-23.34437614247557,-23.37583455573729,-23.435347809940296,-22.191740402060965,-22.444320664324025,-23.77913614032231,-24.10910783685397,-24.463410382754915,-24.93442040187262,-25.38492618468156,7
225850.21+293447.0,0.196869,-20.527590434503605,-20.65305205011874,-20.99241694938618,-21.25982774885934,-21.278569316384395,-20.43369314983921,-20.670218732951916,-21.702420386572214,-22.166378511852685,-22.55900056784196,-22.75951236834356,-23.11553120704053,7
230803.20-013729.9,0.202194,-21.53022240319031,-21.49409950521037,-22.02125867107672,-22.5362037716042,-22.19265081365057,-21.50921773922185,-21.755775015592867,-23.172065061921558,-23.569210595257665,-23.949588228742115,-24.429940071979555,-24.975054064745628,7
230906.96-100837.3,0.317613,-21.733750757704133,-21.92878508646415,-22.21724581908878,-22.412648402380725,-22.611124330582868,-21.662081653118975,-21.61446899357427,-22.59461228459333,-23.138360468062974,-23.78649345656929,-23.894917556271203,-24.38941964192163,7
231032.26-010115.2,0.353,-22.12799896218551,-22.4610739539065,-22.87289143864117,-23.03306474367917,-23.03129101567004,-21.504212512194552,-21.774836203150805,-23.3097035627822,-23.40794266046871,-24.1628958930193,-24.162206675127685,-24.707536261140607,7
231240.03-083919.8,0.158582,-21.147534983520224,-21.55521449076104,-21.918889473569912,-22.19609405288512,-22.08922575543636,-20.34485039642921,-20.708318861183347,-22.71138664881285,-23.048569528052795,-23.39256076243189,-23.539267619876053,-23.90961112481792,7
231411.55-002148.8,0.079732,-18.35431745696428,-19.006764685690637,-19.506763304660428,-19.50969201382244,-19.57051359481957,-17.89315278190728,-18.53674004626032,-22.74822552317568,-23.03924870683804,-23.05821750024176,-21.48480989671493,-22.01404713884511,7
231429.18-104814.6,0.218238,-21.10698071194286,-21.3887365034833,-21.68653638169238,-21.85054020624232,-21.832269511716465,-20.989817927576365,-21.017231786602952,-22.053258192723643,-22.62330558998916,-22.943813815967538,-23.27639549710987,-23.79274559823025,7
232517.08+243812.6,0.187338,-21.277132874496058,-21.60749381741616,-21.980033117892503,-22.048849862483227,-22.057881702188837,-20.274172812452917,-20.537516318600435,-22.702801960395284,-23.22322389072576,-23.488428557114453,-23.272288807575965,-23.65337766047875,7
232525.32+000352.1,0.338237,-22.21125220857474,-22.367300126573895,-22.621850895351727,-22.753747330169173,-22.918196258742967,-21.867956823143192,-21.994571033548198,-23.391814364707766,-23.550136441900364,-24.00978603642625,-24.074758560069355,-24.7101037804001,7
232800.95+214838.5,0.192028,-21.28412039650878,-21.54719949789942,-21.869889370666318,-21.90221311659277,-21.900610893746435,-20.30343886351584,-20.778362455099803,-21.500110526047724,-22.28299153163675,-22.23027449437189,-23.531370132893983,-23.96032560824964,7
232932.17+043804.4,0.222125,-22.859986542480527,-22.98217942963608,-23.20426661181892,-23.33129730678385,-23.28065365145681,-22.215626496866616,-22.32687037380843,-23.30269532254896,-23.57715002494276,-23.936202262905816,-24.45252684904025,-24.88594993177872,7
233128.57+260556.7,0.22068,-21.35658012733307,-21.541709708713466,-21.918535185087368,-22.045879216367545,-22.074483947133388,-20.55557378015344,-21.0373034853426,-22.14959346586581,-22.697795005446967,-22.851952804279307,-23.553038164121272,-23.92211702739079,7
233149.48+000719.4,0.367616,-22.145741102011897,-22.3272855138909,-22.66397110409623,-22.82370512721172,-22.827060385231203,-21.213568219548648,-21.556630599061062,-23.01196162399575,-23.35413141130428,-23.860943947140598,-24.246515612645645,-24.68840593944644,7
233226.95+255550.6,0.22287,-20.074663791407712,-20.426867479649864,-21.05152164588368,-21.38446009546066,-21.49639225071489,-19.92160968615349,-19.99250540306209,-21.809545030461244,-22.680663636516684,-22.297893672986397,-22.415940392974345,-22.808088275592468,7
233316.83+144904.0,0.269819,-21.205815757631747,-21.53757776273285,-22.040274914584582,-22.25002805067668,-22.367725003270717,-20.463642119018957,-20.72024847455001,-23.039357290745137,-23.27786141415061,-24.22229415420759,-24.13815998528188,-24.59574104873437,7
233712.05+250214.3,0.241549,-22.16048664156452,-22.259654867202222,-22.59199787773341,-22.829503704245298,-22.938679396644527,-21.61336461465825,-21.56231209720526,-23.47454814596945,-23.76990268174326,-24.36108787834697,-24.43350501677486,-24.978110922456416,7
233811.42+211747.5,0.212471,-21.424692614535488,-21.736317381802124,-22.26968211497569,-22.50010395399611,-22.48863524995729,-21.01366736109231,-21.13472155114845,-22.7003399224995,-22.943246954730995,-23.44457548372818,-24.10630614178219,-24.70149933036545,7
234141.50-003806.6,0.3193,-22.11153329764056,-22.498361771397803,-22.98618325121576,-23.222829595230337,-23.20698335562648,-20.78864378619079,-21.29195959710498,-23.56035665666389,-24.130131869523463,-24.370591167770595,-24.651420104938133,-25.15178863077425,7
234433.08+260038.8,0.163105,-20.964528447405108,-21.20820009369258,-21.58069760849141,-21.721205234721463,-21.696268843911923,-20.33817751787363,-20.80164883751885,-22.262181667383047,-22.42216883067167,-22.646521595133223,-23.2501960615231,-23.68686460902118,7
234728.73+242745.7,0.157114,-21.964245908782893,-22.18259772603621,-22.55799998341355,-22.864860189022536,-22.76035060465328,-20.538561607533683,-21.137330097056186,-22.73068018791505,-23.11334291372017,-23.60851244259825,-24.351787701809226,-24.78048509549605,7
234802.93+214119.5,0.248463,-22.1792424064732,-22.166139073902816,-22.400444249216456,-22.603411078421463,-22.595447037140605,-21.779469897120133,-22.22610109496739,-22.994395642291888,-23.54466982609707,-24.25039861195401,-24.61688353316409,-25.23675288302188,7
235511.96+320934.1,0.192424,-20.82324355591967,-21.12098885673405,-21.63412878074707,-21.72048491006316,-21.803746052077933,-19.869270066488163,-20.24667788306255,-22.22633525455661,-22.78902977497916,-22.95405017122297,-23.15789060773058,-23.60745229133843,7
235554.20+143652.4,0.251583,-21.365538348233237,-21.6290569561985,-22.2201344952424,-22.21439628658021,-22.348274819374407,-21.67425646983151,-21.516120964168472,-22.640426382377377,-22.93769554682326,-23.235307273136836,-23.70996344678946,-24.246073120774067,7
235601.00+270127.6,0.295368,-21.60359655214466,-21.989640760529312,-22.396803169104366,-22.55091923540829,-22.61675588754147,-20.3948126907498,-20.81338500445356,-23.01250670544693,-22.992147041148808,-23.758783555596864,-24.202488771012924,-24.65068896350655,7
235651.40+151848.0,0.199311,-21.2832309183991,-21.57083221112412,-21.87447935079377,-21.96989122890936,-21.909468952650027,-20.6923179649796,-20.87733865630798,-21.99362019690565,-22.28521056152101,-22.88547400758467,-23.547018218604244,-23.98598928383268,7
235816.77+211937.6,0.364992,-21.729736209829543,-21.99038407017796,-22.363093245920183,-22.575001634585057,-22.56171798368131,-21.50590080042756,-21.488003737817824,-22.988573960806956,-23.786313523402452,-23.90514237038719,-24.39313121010152,-25.0076667112921,7
235941.35+120520.0,0.203181,-21.566561941533045,-21.79581109072883,-22.12563504419616,-22.339767287122868,-22.304875348892608,-20.808086972901243,-20.96745281157241,-22.78139628096554,-23.11055680343927,-23.61509080311912,-24.13286923485256,-24.52196677037577,7
000202.62+085628.4,0.215246,-21.13550036659925,-21.563299751838336,-22.13947241038147,-22.30287641042632,-22.38094732862689,-19.396186587534014,-20.58175763157426,-22.66159735535182,-23.11435701889217,-23.418456336042656,-23.663987303507746,-24.02989754832901,7
000410.80-104527.1,0.239933,-21.77309332357947,-22.10734482423742,-22.480147635559646,-22.635554477129872,-22.739258794648315,-20.86387781645205,-21.35168863471281,-23.08460983781718,-23.601016711786315,-23.95902003245964,-24.203440601188717,-24.519164742197784,7
000453.84+104524.5,0.648825,-22.70780665900789,-23.21318188951261,-23.74593389834201,-24.004556818560744,-24.24944035749612,-22.70679374745952,-22.387301751700186,-24.59186279356682,-25.07456797812813,-25.04026578090476,-25.17286823823853,-25.54379133125148,7
000547.54+020302.2,0.233802,-22.778157754256085,-22.809251459664637,-22.95744854803993,-23.153951462682727,-23.047077745411624,-22.369876234483268,-22.459108049801213,-23.27118944467725,-23.6553555610233,-24.364594441658397,-24.74779061072529,-25.2769919935638,7
000834.71+003156.2,0.2632,-22.451673786774688,-22.696093589919705,-22.945470289891592,-23.03374631087793,-22.987767013200983,-22.098089668494303,-22.514915241779907,-23.211577605440954,-23.25709581547733,-23.60941116926287,-24.24715839720313,-24.69745704315812,7
000904.54-103428.7,0.240871,-22.050676956241503,-22.225504952818834,-22.369389108671587,-22.553976819741987,-22.533399542353404,-21.389285511124505,-21.328328974985634,-22.745907783400494,-22.99237924211017,-23.459517886230987,-23.34490901549497,-23.864691737079173,7
000928.48+013659.5,0.232539,-20.38782530684309,-20.70796015804108,-21.240241824371893,-21.37593801129509,-21.43890790458203,-19.435061540064535,-19.9495066577076,-21.609312797763504,-22.11503168294469,-22.75551043562165,-22.98504248834449,-23.442134580358186,7
000934.85+180343.0,0.309673,-23.6408571758988,-23.81830334211057,-23.978369662317707,-24.092382998226903,-24.22269222971237,-23.533037830362925,-23.33185900748888,-23.903559932287337,-24.08334285113293,-24.45825643510168,-25.41370156679041,-25.96319748980102,7
000943.14-090839.2,0.209835,-22.067307399899363,-22.23366784569345,-22.519934488439443,-22.713607857803567,-22.734358897626617,-20.76548639818717,-21.57123103386411,-23.205180490548248,-23.56657314082981,-23.97294021470771,-24.35060394428608,-24.767579759194494,7
001224.01-102226.5,0.228,-22.4552064418736,-22.697817284198024,-23.08764195442696,-23.341627863408867,-23.289840611500345,-21.92780872283588,-22.11674657831932,-23.51386831180872,-23.836131108824805,-24.275138214724457,-24.78726350041004,-25.251463080865687,7
001630.43-093853.5,0.240441,-21.354865482405778,-21.61423860957686,-21.98656365784353,-22.16959816705371,-22.18571672582248,-21.44461771069779,-21.601183139632987,-22.457638949158337,-22.926574939020146,-23.0333348976444,-23.742693646176523,-24.23114054934375,7
001811.20-020144.5,0.796031,-22.748997900920287,-22.948106610377845,-23.369673618202278,-23.597242590189577,-23.7875156653879,-22.25238358972808,-22.53634258180586,-24.336909014686448,-24.773317103400228,-25.183652457058287,-25.502808184559303,-25.907516222800385,7
001822.02+011901.9,0.162047,-20.961464894500157,-21.10207846606965,-21.3767343752173,-21.61539654771263,-21.613196943770006,-20.796267296522288,-20.83866920688287,-22.09039661044363,-22.63117616437402,-23.028792341908023,-23.294657292066407,-23.712746465400816,7
001827.79+294731.2,2.053873,-24.136950350312325,-24.45654170521817,-24.94873720241451,-25.122593552885174,-25.328257078007905,-23.25124634085156,-23.772785250570355,-26.39615149144806,-26.825869022182403,-27.278198351950845,-27.011936955033157,-27.35377201003909,7
002033.19+022852.7,0.255401,-21.096493837026514,-21.22750435464554,-21.5429740993466,-21.821797577257183,-21.977013940132863,-21.110528257490884,-21.06558617285042,-22.467740038460573,-23.18153378262107,-23.14554714239042,-23.073961217222383,-23.52292661046025,7
002335.06+242126.1,0.205145,-21.921127292262305,-22.0525496413282,-22.307365320153828,-22.47708624199613,-22.46499691380631,-21.713370863165483,-21.772605701400103,-22.868860376639244,-23.450146969075263,-23.68231343846907,-23.90585089464552,-24.427386545741104,7
002341.00+070554.2,0.212519,-21.35200876779842,-21.487202494721966,-21.83510815471482,-22.049758099409512,-22.01503569544189,-21.309983933872573,-21.39962866848334,-22.54128497367972,-22.69765281685435,-23.1680448604478,-23.82580132434256,-24.2545126139741,7
002453.19+065648.4,0.313473,-23.46939412523212,-23.805877279094872,-24.130552864179915,-24.31444278858518,-24.338827020953097,-21.908236657331862,-22.698122813694344,-24.1427251748822,-24.64976913204996,-25.246484304717708,-26.05595520174012,-26.63431209142069,7
004032.10-001350.8,0.242,-21.594515874003505,-21.82487918857238,-22.146749385996685,-22.34582576934056,-22.377946516165967,-20.350948400214214,-20.937811523613068,-22.62462515739299,-23.02494692620882,-23.07517459301116,-23.08987496437104,-23.30958566406084,7
004046.16+185424.3,0.15536,-21.512781989994807,-21.54923375737813,-21.86777175004808,-22.19682795786653,-22.01078016353565,-20.85978760274179,-21.303713640989365,-22.36771575978251,-22.75277450767094,-23.410149648998303,-23.896910096267767,-24.39865421319225,7
004117.06+294151.4,0.200317,-20.632294265999462,-20.82230950289708,-21.211956068115786,-21.442512167856066,-21.475342917640184,-20.19143612512544,-20.276183100395507,-21.37031531289291,-22.143446891297867,-22.74610085383705,-22.95715546524536,-23.50588380517693,7
004151.99+181617.3,0.144,-21.172328561834195,-21.349583034782253,-21.7083932969622,-21.975334891300783,-21.856122984720407,-20.612554553356706,-20.604154392854632,-22.34264152390376,-22.567945753897074,-23.104024600681445,-23.383732457936475,-23.819861873353425,7
004222.18-055823.4,0.201701,-21.41589393370392,-21.805279167654525,-22.25650832464953,-22.35573355061525,-22.42091680168049,-20.096043613421976,-20.37577050269981,-22.51965235529705,-22.82107472556452,-23.252507907327352,-23.617501148540757,-23.900216613188856,7
004336.63+315127.3,0.167638,-20.11429421495807,-20.40676185477171,-20.81660942825497,-20.99301261288592,-21.022566691742256,-19.15621214169952,-19.621174544558382,-21.58624489485868,-22.046845114792475,-22.35880059051081,-22.38765068341516,-22.739799759713684,7
004517.40+072355.4,0.266302,-21.354629500234008,-21.682107090419507,-22.016883843468943,-22.16162965832784,-22.10051894639446,-21.05428397413472,-21.20755220471473,-22.4272513651536,-22.46092142629957,-23.175994461863144,-23.130759063544957,-23.52726533308213,7
004519.30+212739.9,2.07,-25.6090605364464,-26.011857232230224,-26.57721024475158,-26.75314580106804,-26.995762706302894,-24.470419640140957,-25.17902553819529,-27.67856868659647,-28.179344610196047,-28.34803548299081,-28.811550895517712,-29.18423522274497,7
004607.97+090720.9,0.237722,-23.305349623151827,-23.443858303631245,-23.6536183015386,-23.803344041332213,-23.747114825962207,-22.14053896168294,-22.417210964954663,-23.526574449777566,-24.099919497679693,-24.605187109116702,-25.735484114897133,-26.263061032642515,7
004635.05-032243.7,0.345622,-22.07942767482896,-22.18233948470218,-22.354252151429183,-22.520729394633804,-22.79311604926531,-21.98624912677374,-22.1319086308166,-22.966039701655102,-23.486684937794937,-23.94421178727554,-23.714879779021388,-24.236757701335534,7
004948.18+280338.7,0.125,-18.78552041882523,-19.16557916466537,-19.90188696669446,-20.003605844840827,-20.260631457490994,-16.93514512725809,-17.527234601179657,-20.70842189173524,-21.05448423113253,-21.124413051454617,-21.322106095090373,-21.56961077280942,7
005000.23+342230.2,0.235009,-21.06041569195789,-21.17776644841968,-21.551783002604747,-21.77715102357378,-21.815184052539667,-20.791204309442453,-20.681935360713226,-22.65031278095399,-23.03704197293686,-23.12920640667504,-23.13325505414273,-23.66636132359097,7
005028.90+251847.6,0.274433,-21.483671844092083,-21.908767847210477,-22.178380684151744,-22.416472292638893,-22.46213242183764,-19.30999257036003,-19.555251361882707,-22.61423838551693,-22.767243174226863,-23.46983624481721,-23.36324175762988,-23.847510990014023,7
005034.75+331448.1,0.181452,-21.72471239819956,-21.873357201236608,-22.151654993071254,-22.373302813614888,-22.286947053185063,-21.399323139568157,-21.6019741447362,-22.499132890831383,-22.992293553477573,-23.37148054511601,-23.72374360161595,-24.110168155075364,7
005036.13+040924.2,0.24568,-22.193185056427374,-22.458986002604465,-22.730761779639,-22.97010618664532,-23.029261564017485,-21.26151439568252,-21.602813190463067,-23.335243077597248,-23.784392529862803,-24.233932266452992,-24.64890742032526,-25.154134570917964,7
005224.31+062457.2,0.293198,-21.86348534307632,-22.152706836685763,-22.42942189734838,-22.59092890931888,-22.559099774428727,-21.141866195008955,-21.57467233475909,-22.736708038916746,-23.2072749159854,-23.09705621591329,-23.51302974374248,-23.988738338847057,7
005328.81-085755.1,0.259037,-21.91789574700618,-22.27377280846622,-22.64165811765693,-22.83499218791893,-22.93456937327927,-21.768063657175706,-22.00653132278728,-23.22581786226593,-23.41907454385856,-23.84080323357692,-24.040840679195085,-24.572853969828483,7
005350.78+352948.8,0.191223,-21.39817887258112,-21.6734085993572,-22.102160130823616,-22.196277029138468,-22.13627418034343,-20.106238995101016,-20.94508855016089,-22.165034098745007,-22.71029360070967,-23.36093391653489,-23.72705082999812,-24.31401581502839,7
005704.42+141759.3,0.300208,-21.73755996634205,-21.84794561398141,-22.145571571390875,-22.390310403498763,-22.53117166835303,-20.94040911569246,-21.07129619254741,-22.659422658741725,-23.338892147538164,-23.95958177043013,-23.87852955870382,-24.33914330701482,7
005709.94+144610.1,0.171875,-23.49957252994277,-23.637338576480424,-23.87036549740883,-24.060490582908013,-23.997869546098244,-22.226841524317805,-22.65887589869889,-24.34646686396846,-24.85160265858186,-25.444476447170377,-26.14208222779797,-26.594339150345675,7
005921.07+213942.5,0.18505,-20.887804988045332,-21.202522291380355,-21.63343707082407,-21.674483383590704,-21.88486857907907,-20.41342413273504,-20.78094405435009,-21.869316355249328,-22.327178541805758,-22.654346558414943,-22.747396790254346,-23.11683660690636,7
005952.35+305607.8,0.222198,-20.635238941975125,-20.980253826281004,-21.46139209852167,-21.61040639123564,-21.797974334915928,-20.03857104047501,-20.375851200077825,-22.340423795334964,-23.03482993813577,-23.032311455425923,-23.079571356811496,-23.45640621253715,7
010000.47+191153.2,0.299382,-22.734986483480508,-23.036682921119503,-23.40298843452972,-23.551763052609974,-23.57816802024722,-22.301133686494367,-22.54285124379497,-23.466744741427576,-23.846491779148355,-24.66227321632056,-25.168571527252823,-25.791584429704915,7
010225.03+054954.7,0.322857,-20.01106680904517,-20.410760478087933,-21.21817097504708,-21.6431315646034,-21.677531493835357,-19.775448598770723,-19.762374860416248,-22.595129700605145,-22.716412287363948,-23.146570506033957,-22.95000225342764,-23.28555219711708,7
010450.12+032039.3,0.292682,-21.88847813173011,-22.162309415260115,-22.44566618703596,-22.609674353656604,-22.53583330637788,-21.409480716426746,-21.731367364349197,-22.742744504176937,-23.334086500251896,-23.506567269588423,-23.96512029872032,-24.579958329235957,7
010725.12+040849.1,0.275621,-22.192054057556884,-22.42017799497504,-22.78006275155449,-23.00252561014526,-23.030157631243785,-21.87209914578442,-22.051403490180235,-23.237049968750597,-23.540459820950705,-23.91424948979122,-24.37727237757741,-24.988044408524956,7
011254.91+000313.0,0.238749,-22.5649156422148,-22.59566602325785,-22.717663250900426,-22.88821760504555,-22.864461693807566,-21.78620646868596,-21.85293557564083,-23.053048032391438,-23.40283710884178,-23.80960070589111,-24.247043893599454,-24.72752785158139,7
011610.48+072515.5,0.231022,-20.64446969546776,-20.805722074386583,-21.215111842282848,-21.95684990943771,-21.68972002967316,-21.63771448538436,-21.530806210833447,-21.99456164336004,-22.42589738488188,-23.19567280235184,-23.721456648509843,-24.09715459790182,7
011626.21+060414.8,0.204804,-21.922986662384165,-22.088493101924016,-22.36638208981548,-22.545565120165254,-22.557242150644157,-21.19621916232302,-21.373699977324534,-22.759724906092032,-23.21172441280073,-23.596005042172447,-24.08896130251596,-24.54763331501921,7
011817.79+330433.2,0.148076,-20.3655670389179,-20.857435953981867,-21.29952870077716,-21.451649726870947,-21.357900672208864,-19.48644742251667,-20.095623348070543,-21.74433973026916,-22.381780279362435,-22.60724543880572,-23.04787224662632,-23.451162646168644,7
012046.10+154239.5,0.242579,-21.896333128147763,-22.091159083955827,-22.361754133732237,-22.597209814430187,-22.65767503009485,-21.70082191944053,-21.95794756423736,-23.03421610767092,-23.45583265771065,-23.703893686138525,-24.30873816972769,-24.82847123790232,7
012116.76+250117.9,0.259202,-21.77826610221064,-22.069253724662158,-22.452991222583574,-22.59904027419412,-22.71214578334182,-21.11485057916124,-21.458569011628363,-22.71883168262696,-22.989508631218893,-23.10356227692856,-23.65462090061656,-24.20808279177779,7
012214.56+150551.2,0.297659,-22.03815344708837,-22.345056538655676,-22.680227296104743,-22.832949225268106,-22.892590486153207,-21.41967176436568,-21.51368538955025,-23.35728398634163,-23.45964093684948,-24.14430382549781,-24.504485413767046,-25.1282893980065,7
012427.47+023812.2,0.305373,-21.55075810144231,-21.91096694757588,-22.273024049228862,-22.37901177057909,-22.49523361480137,-21.116574147407864,-21.43888555407009,-22.53255551067121,-23.29476947607661,-23.748245926731304,-23.95681558475406,-24.60219213384838,7
012922.45+223110.2,0.231172,-22.20743825634873,-22.381781962194594,-22.66010350084499,-22.909893910222465,-22.94933058418272,-21.584010761210923,-21.94443776325375,-23.53284972851534,-24.039770761307555,-24.6405642766009,-24.72665206260048,-25.27021908095286,7
013222.32+234720.2,0.23209,-20.609334652798893,-20.933734246255156,-21.498669648592617,-21.72322795158317,-21.847224146277348,-19.158744703325556,-19.71538811433305,-22.17341708424341,-22.73198294280108,-23.024125002405,-23.574684126414823,-24.010426407000505,7
013343.24+035735.9,0.25631,-21.71494547933615,-21.85115906805933,-22.109812002938945,-22.229706989831453,-22.31389202393676,-21.464703323121565,-21.440978675142365,-22.488256663774926,-22.74601961041649,-23.434648966444847,-24.118248383087384,-24.61766921185833,7
013809.54-010920.2,0.274,-23.33149709036821,-23.492017964345266,-23.75239363619477,-23.79514649912234,-23.78959960509527,-22.743130790327488,-23.10984389135437,-24.090373758031216,-24.73580461923617,-25.48635373941889,-25.881362601899227,-26.518700241708995,7
014219.01+132746.5,0.267085,-21.50104806841184,-21.922232205496314,-22.39946177120714,-22.62752263366856,-22.78410538043464,-20.10652307081836,-20.494149299257263,-22.812165175278917,-23.190405641150782,-23.41051237425953,-24.32458673871471,-24.778274773197754,7
014234.40-011417.3,0.245,-21.11918184363979,-21.376166149727148,-21.74861936632192,-21.95834165758213,-21.916061918752696,-20.612203718183597,-20.79098892415139,-22.508595069372884,-22.56845131925971,-23.13992669452595,-22.73592421281536,-23.242732361885157,7
014302.55+222610.7,0.256917,-22.209344438463333,-22.552527747524444,-23.058176589431696,-23.22809241975961,-23.349542985448146,-21.554182581738967,-21.800765849808133,-23.62429035455322,-23.875189728021653,-24.3145424951446,-24.80354655040791,-25.362336325703925,7
014349.15+002128.3,1.323433,-24.070163222703727,-24.22817344754949,-24.595264390919937,-24.834250584977312,-25.027288143346095,-21.84086597275867,-23.87914537402824,-27.97189571159256,-28.06118294132169,-28.064791572296787,-26.85129643217188,-27.36064972101613,7
014427.55+194806.9,0.261367,-21.41690157406786,-21.70913914090267,-22.08169526915966,-22.24291990306532,-22.28682547385512,-20.87139544928665,-21.22318630566274,-22.142614934091963,-23.06372950921331,-23.149487378834763,-23.49993418365988,-23.9920598125008,7
015219.33+141206.5,0.248087,-21.674901133621518,-21.86209451340952,-22.166515402572767,-22.36568961698517,-22.328566016747548,-21.1030912963349,-21.02824045062838,-22.832907030755933,-23.240671478378022,-23.796572081103168,-23.71797452856226,-24.2402553653983,7
015331.78-012126.2,0.242739,-20.945031897943657,-21.19712409234307,-21.54316153874604,-21.718088311150964,-21.632339651947337,-20.412268585488764,-20.722647819577787,-22.289128469755955,-22.73941323432249,-23.472556495115917,-23.415989707780653,-23.89281723111994,7
015356.31+305306.4,0.258576,-22.70315845779425,-22.973543980751185,-23.296217309783493,-23.322219243843005,-23.334096796269183,-22.298358638639943,-22.636371969150417,-23.388047025507003,-23.75266323267728,-24.400820985921484,-25.08122717734121,-25.557209667661617,7
015530.02-085704.0,0.165,-22.135011611997392,-22.29819180501102,-22.62446291658521,-22.960779537550177,-22.849841819237295,-21.80544333348292,-22.10816664793144,-23.650171672060765,-24.3014128929168,-24.81853136181293,-24.955584290335903,-25.2140053177238,7
015846.95+174323.7,0.349417,-21.961235409974936,-22.142229222646108,-22.65012183261457,-22.82052332556424,-22.943735213335763,-21.34008301843009,-21.62049967987176,-23.260589779278696,-23.844599380517614,-24.151436433402264,-24.52937131257675,-25.03372187298872,7
020127.32-032735.8,0.15891,-20.5370669967584,-20.863794188113364,-21.36309115623479,-21.58048732536851,-21.652771276921897,-20.02537474099864,-20.235336036029704,-22.023551114001663,-22.39010254737252,-22.622195210994438,-22.766193061662843,-23.127112327531147,7
020151.52-012722.9,0.263966,-21.458314589205067,-21.96446192570197,-22.478064051534304,-22.64846539401452,-22.698748446295063,-20.477920222244204,-20.964141093312456,-22.48094511658142,-22.970785664222092,-23.315398302872666,-24.269593559962622,-24.887845055468933,7
020159.29+282135.1,0.26771,-20.73357330216144,-21.131946501803892,-21.550781660725114,-21.81405174202355,-21.760087501849245,-20.31572727769176,-20.53320314150617,-22.45839638131333,-22.783655479456392,-23.08011528211785,-23.03459797701513,-23.31544886465151,7
021129.69+051624.4,0.245998,-21.05108001672753,-21.237994390696187,-21.542933682957205,-21.7874281969558,-21.82063212642407,-20.03019063735324,-20.36943106204883,-22.195514170729,-22.669162082518923,-23.067530233468283,-23.115632789920877,-23.723243545238223,7
021707.87-084743.5,0.291656,-22.60474836748024,-23.07872687193293,-23.493471390679765,-23.671538775234733,-23.558651768145687,-20.919319847413004,-21.998039183139568,-23.84596978511176,-24.12814100872356,-24.619211178111467,-24.956978641516585,-25.499291136772023,7
022012.23-034111.7,0.166,-21.06478224245002,-21.412851127627714,-21.94880348107693,-22.120316946255123,-22.10983611319072,-19.750182871579824,-20.273324109027897,-22.45325587290634,-23.08232486753664,-23.4323677268283,-23.9669602984155,-24.13345294054315,7
023348.84-054513.2,0.231,-20.54117471057961,-20.831197122411883,-21.259064627065666,-21.39915123352959,-21.50709423100286,-20.7373132122718,-20.58650947419535,-20.544394743957877,-22.264640825940862,-23.05907684462065,-23.176287259233263,-23.635270220673466,7
023522.13-072427.7,0.358122,-21.76461793103481,-21.914213786587798,-22.19524890885244,-22.42153444232016,-22.600972115832835,-21.95398220710616,-22.101980004845046,-22.89658834058372,-23.29428645154512,-23.400705082460828,-23.704687499001665,-24.29664944211661,7
024546.10-085842.0,0.148382,-20.999607209516046,-21.263245878427835,-21.601626881370223,-21.754710120578903,-21.781673191385263,-20.33784117632128,-20.48388860650449,-21.97606447604727,-22.40806595418615,-22.62206963343555,-23.25162517100132,-23.56389353397211,7
025007.03+002525.3,0.197511,-21.61288059397601,-21.762590886049686,-22.052938275589963,-22.28759144755873,-22.242254944777294,-20.964513890253613,-21.284468658370244,-22.665360279068725,-22.972475903245986,-23.406456579679592,-23.895479606969207,-24.355625223710952,7
031027.82-004950.7,0.080447,-21.458635018290835,-21.76317933673804,-22.118539514574707,-22.000337042515444,-22.043657364381662,-20.47106230342328,-20.698214149162258,-21.905276153504207,-22.067197450113724,-22.166085905672556,-22.53351488959204,-22.82179869647793,7
031209.20-081013.8,0.264839,-22.402100248964366,-22.742691939210108,-23.075899278710114,-23.24518463728232,-23.32994950661362,-21.456681069140323,-21.93817129180642,-23.47128408909015,-23.8464154118083,-24.389586318256804,-24.93483131543354,-25.53267081140465,7
032213.89+005513.4,0.185441,-22.520967638359203,-22.83834413674962,-23.16327651224829,-23.40295939509251,-23.26533545218688,-21.84054171380783,-22.22036592781078,-23.84702534515329,-24.253124493529945,-24.847738701828927,-25.570099650389366,-26.07087524057388,7
032337.64+003555.6,0.215677,-21.51223592322707,-21.83839335530276,-22.152204272189834,-22.336556728756,-22.26504810041198,-21.12189808453636,-21.402245252951875,-22.558012151572104,-23.18949867564871,-23.409337620378697,-24.116977609092785,-24.60422969210006,7
035011.17-060501.5,0.252098,-21.96082274076171,-22.246174972669696,-22.595465039349936,-22.78450145937593,-22.82541109843897,-21.631102150757016,-21.78363361427993,-22.966052701507294,-23.59453642701993,-24.01681324532449,-24.560956108374107,-25.000664992492137,7
035918.42-044313.5,0.319102,-21.759640317847083,-22.10610161095338,-22.438320418427068,-22.66756755318344,-22.726766982706145,-20.44558041599299,-20.782953052048057,-22.78209602648572,-22.83964519138609,-23.73240388008344,-23.827069690296707,-24.29792528232013,7
044428.77+122111.7,0.0893,-22.233142872617957,-22.40437529064584,-22.59107726474457,-22.51933472214423,-22.60330639293657,-21.89727677278008,-21.84983153011122,-23.36001808014508,-24.0684273940531,-24.59937477452374,-25.37707091102025,-25.71527579804897,7
072240.09+413353.1,0.210175,-21.82714987483766,-22.07515215430755,-22.38917508202014,-22.571777712538807,-22.64166895256931,-20.968117467599804,-21.08349712944649,-23.04647442095481,-23.503192959911505,-23.89135709262485,-24.6041921512438,-25.12258946851363,7
072526.54+401034.5,1.211706,-22.427764502344065,-22.450822768746107,-22.860584233870476,-22.913613935407785,-22.87340791692793,-21.07416631538112,-22.19331953325751,-26.0711236677902,-26.59986605634172,-26.41588442473209,-24.821714197778203,-25.19660554514577,7
072636.99+375908.7,0.396657,-22.701530818699105,-22.99249318179439,-23.47114216966375,-23.728026511825405,-23.86272385411268,-21.769789910181863,-22.343915478904133,-23.867873262811187,-24.050721558853173,-24.42401791453158,-24.715510060241677,-25.18782884742864,7
072756.72+395930.6,0.216466,-21.58318162466477,-21.841996241210943,-22.12918062992225,-22.26578491982632,-22.361109419315135,-21.019318154754203,-21.227990875420083,-22.369917290863636,-22.587289508731764,-23.15218177077841,-23.98797688974512,-24.43118724027884,7
072937.05+375435.0,0.203806,-21.48287035209892,-21.708632303957817,-22.02796731757984,-22.20020027855812,-22.16862130442805,-20.897755851356063,-21.213756063475525,-22.74245641489238,-23.086995470719,-23.55990732721505,-23.90619875707629,-24.37087093736408,7
073309.20+455506.2,0.141583,-22.87105950767136,-23.0496904554722,-23.27814396855096,-23.59273942870829,-23.40959007589245,-22.246670295240605,-22.602756351041013,-24.00716457766527,-24.528833728346736,-25.124841366267912,-25.65455189227533,-25.9832308798779,7
073723.10+262955.5,0.309577,-20.27986352355404,-20.524985569106267,-21.040381725666315,-21.3016712963568,-21.258121426460452,-19.11129164295177,-19.576850096424515,-22.003164502040537,-22.608433586237105,-23.097087873584968,-22.939598214443915,-23.505031530923578,7
074126.38+354702.6,0.133536,-22.182668093076146,-22.1433827689108,-22.364562973014493,-22.56993027245264,-22.444951230270195,-21.87113352196558,-21.842577902944036,-22.25182640470941,-22.65297388944192,-23.13719582290141,-23.985426577819734,-24.32519796706447,7
074240.04+354024.9,0.220166,-22.072555922458157,-22.214142777150723,-22.45023905154587,-22.678024214069225,-22.77748387074586,-20.84023427645435,-21.104138940889985,-23.017884635474516,-23.495653512846225,-23.7689377199212,-24.344523993423216,-24.70506932573647,7
074618.94+194900.6,0.263002,-21.880739298915945,-22.0929154481919,-22.35877529487304,-22.559104226983223,-22.668714265284,-21.635947603716684,-21.786754152523716,-22.915206715187544,-23.78650634990258,-23.58610813610377,-24.02160271708569,-24.390594662713088,7
074704.43+483833.3,0.220443,-22.16724139508586,-22.499451990010023,-22.8587400902474,-22.932837921966343,-22.913447940901825,-21.004063672212546,-21.557283534565546,-23.279772574548847,-23.635184247904657,-24.0951787896016,-24.555478890540652,-24.94774963217582,7
074906.50+451033.8,0.192177,-22.68800591338796,-22.728351909879844,-22.967394831924917,-23.225090737245928,-22.96841299323484,-22.627031339716517,-22.7359386083208,-23.37057747094583,-23.947461124625377,-24.597916429457317,-25.06254679802335,-25.48159019331865,7
074957.44+312006.1,0.229827,-21.100558536662444,-21.321558173206988,-21.658368001603105,-22.000312601141584,-21.949398266564103,-19.05075682364232,-19.69367889105946,-22.145666701470148,-22.44160814235485,-22.783799250487004,-22.575632429947422,-23.179185477116675,7
075112.18+174351.7,0.186541,-21.05858159014293,-21.145734274670296,-21.487213345954995,-21.918986748249203,-21.70935962889689,-20.68813023440927,-20.97337101517989,-22.54241653961968,-22.79113289276305,-23.046787750493596,-23.47672651918721,-23.8459069845362,7
075147.71+245352.7,0.197766,-21.754583485641973,-21.92148771302089,-22.1589357199004,-22.204480690654627,-22.260591943472583,-20.630533092853035,-21.245052290568832,-22.533747373964733,-22.54873405834385,-22.985363269758988,-23.901851960318787,-24.13836331297149,7
075258.97+291427.2,0.766,-22.78321280517617,-23.026960496709265,-23.522310972710528,-23.68147196087948,-23.615713826115403,-22.16574729765212,-22.07276340414317,-25.01223494430443,-25.23917376198197,-25.27912868395457,-25.09367236540806,-25.72380091378902,7
075437.80+181240.7,0.297736,-21.939626204258467,-22.22113117161485,-22.593294768263945,-22.811008465835123,-22.834159106918097,-20.978384041495627,-21.85669159378196,-23.175579568333877,-23.708624296959734,-24.07182957641456,-24.379004718289995,-24.908510655163155,7
075535.41+292047.4,0.505364,-22.646670714410725,-22.845363167211364,-23.023237624678185,-23.551973781963632,-23.33616632260505,-21.52689336786786,-22.09619776184612,-23.6524462238766,-24.06982846009369,-24.41330846185148,-24.629813617687727,-25.302439933857222,7
075819.68+421935.1,0.211,-23.02278346381892,-23.20021359185004,-23.397442000773776,-23.494640030494743,-23.33417004770008,-22.63608738473955,-23.061791117545592,-23.403282475860472,-23.88715714727016,-24.631665109234163,-25.67114779580573,-26.217549153194444,7
075949.54+320023.8,0.187922,-21.63177878556077,-21.858353600235077,-22.124943755677247,-22.24136219897924,-22.162014592821777,-21.37816707918877,-21.612561714912705,-22.269772224473087,-22.83154846914389,-23.146901161601637,-23.91815735547703,-24.3841595707858,7
080118.88+203556.2,0.258856,-21.329304523181868,-21.517120674715372,-21.83565458052165,-22.04333611512944,-22.06492675794033,-20.723805825798458,-21.27837134385113,-22.46501879011584,-22.856255319784538,-23.06638113955984,-23.136280591423507,-23.47399888847612,7
080131.96+473616.0,0.157022,-22.9713431377054,-23.00039620280503,-23.227256757156614,-23.478820097190763,-23.3107829142129,-23.05270920376345,-23.19710781602717,-23.931138601273133,-24.29423523401183,-24.83865509579281,-25.22523272251205,-25.633951488474544,7
080334.73+433019.7,0.19,-21.29727740219441,-21.78497366519472,-22.203901840574552,-22.347224267306345,-22.42251801697613,-21.59345277929398,-21.84776119576752,-22.57195461818232,-22.87656210508145,-23.325081205059934,-24.051971322520647,-24.346672013954496,7
080554.11+111432.5,0.227743,-22.55239288202152,-22.720818929045,-22.919678940972187,-23.04949735483841,-22.96328826902884,-22.382012581405363,-22.54712416700955,-22.94676929208118,-23.34238294402277,-24.0588006406335,-24.669187179601423,-25.19736028370925,7
080710.87+245105.9,0.328822,-21.399633251195525,-21.61020124630109,-21.891038839076952,-22.08182258690405,-22.22115841203089,-20.741680439334026,-20.88700053291757,-22.53870193657894,-23.18216271265842,-23.021708395282715,-23.405907611997552,-23.93479760900817,7
080720.63+144928.3,0.205714,-21.201326960612704,-21.51507107504676,-21.81278294284261,-21.9520596013071,-21.914072097142256,-20.29702080492513,-20.73465111970146,-22.237459727372627,-22.53326458239031,-23.36032422652266,-23.745296769788325,-24.271377025959428,7
080742.46+375332.1,0.230215,-21.32874419362052,-21.56426409493594,-21.920370974143697,-22.130566531033864,-22.03275574720499,-21.020426404879736,-21.426188572507662,-22.14885949102665,-22.71509926718057,-22.73953372738341,-23.500717207722936,-23.980511800727044,7
080816.71+530742.0,0.277442,-21.136023554285856,-21.471320636980305,-21.95005387018254,-22.27573313398924,-22.300046064655263,-20.765965350060817,-20.3468343089628,-22.638588522982893,-23.234689565754973,-23.43372732779279,-23.322940299638,-23.797437712356075,7
080818.34+481758.9,0.217,-21.500815805117448,-21.68726172660861,-21.93080148919185,-22.253344837308543,-22.11141946283804,-21.014364529730454,-21.0100755443868,-22.27728937712299,-22.66269436264696,-22.63965294936729,-23.24408470999137,-23.656438849841354,7
080908.28+202420.4,0.184368,-21.66446624681713,-21.754819443594304,-21.98970970784554,-22.20917567338119,-22.11987548629416,-21.15342801066951,-20.95740754347544,-22.441722655262595,-22.685581067547528,-23.266463950937503,-23.2031398949501,-23.60658469359366,7
081222.99+461529.1,0.311,-22.81157273794709,-23.01725867246039,-23.225351536830708,-23.36538539923429,-23.583031615311477,-22.63599040382873,-22.575257187753184,-23.302794477324845,-23.66518390880608,-24.035603485694704,-24.58767326515127,-25.153861119935137,7
081329.29+483427.8,0.274,-21.784009593031804,-22.00248057257784,-22.330628047279067,-22.53474598709657,-22.75394834084996,-21.23454049067269,-21.17017579785565,-22.94971983067047,-23.211414610089022,-23.509750820290577,-23.84014912005904,-24.308399368962164,7
081441.91+212918.5,0.163116,-21.44988120400204,-21.56713103458797,-21.823497371696156,-21.97098967275293,-21.96905868585157,-21.12967440467077,-21.415423392815228,-22.102504430484807,-22.559200470853312,-23.00394289999772,-23.56748020323869,-23.844504666833668,7
081456.09+532533.5,0.119724,-21.50501011991329,-21.90053295170667,-22.28474556812452,-22.26612791353769,-22.363931741118343,-19.59915109628063,-20.33725829278989,-22.586952593454274,-22.83615496318153,-23.02935126010244,-23.537867767107727,-23.90431507176,7
081501.85+525255.5,0.125,-21.52845442347474,-21.663255130071683,-21.96970963728284,-22.25796369808331,-22.16009374762365,-21.02093708045141,-21.167326837996463,-22.614697306537703,-23.08479907947855,-23.317305102745667,-23.65242494879099,-24.05579419832108,7
081527.29+445937.4,0.268303,-21.621341753755267,-21.922898692688456,-22.30023558415946,-22.44143749766325,-22.56695015169216,-20.74652353838085,-21.48985773278598,-22.343593909646074,-22.8653189828967,-23.384251680517124,-24.07911959797661,-24.622475550061537,7
081822.14+233206.8,0.243935,-21.43718006020508,-21.56161521873576,-21.795249993607,-21.979409521958097,-22.06495510568163,-20.802644190620214,-20.8125578806944,-22.397850084573072,-22.71453300109072,-23.36491262491994,-23.911753872047274,-24.481496438381683,7
082033.32+040035.9,0.375475,-22.0734230524147,-22.151167582637825,-22.54510613371443,-22.70729380280025,-22.81925400403169,-21.2829055158376,-21.474066682021828,-23.474193065461783,-23.765359831256745,-23.93346634154065,-24.408542427042487,-24.981602414893423,7
082157.58+081901.0,0.240894,-22.095822821480844,-22.285407419298867,-22.47062939366577,-22.62181401489862,-22.64472104455091,-21.548140003694183,-21.72633551082512,-22.51383358518776,-22.83744765242227,-23.34832145590286,-24.075165196724903,-24.56697147908626,7
082358.30+213545.2,0.248659,-21.310121248941908,-21.62474980605551,-22.041261699567503,-22.12540559144673,-22.23334782235316,-20.44541662250876,-21.238281253287973,-22.773924920011545,-23.063277989872688,-23.40319649672199,-23.545008515133613,-24.07148688125971,7
082536.84+195950.8,0.30224,-21.77775353826847,-21.9968761716681,-22.362976189911603,-22.604861029440904,-22.66069481237664,-21.81825811266656,-21.828094587691147,-23.215476939743372,-23.515436194007915,-23.85028724403433,-24.034166963462237,-24.56105172242826,7
082628.20+085535.4,0.2542,-22.65619067134988,-22.87719005808001,-23.264359327117525,-23.36294106429696,-23.44346922189786,-22.463333788020343,-22.46375351915996,-23.750946472939017,-24.001216709930272,-24.645611949462594,-25.213267124098845,-25.76703217285708,7
082733.93+043617.3,0.220883,-21.555731550636544,-21.835241170277413,-22.217324783406205,-22.54739159541568,-22.5095867413363,-19.398682122295902,-20.33640763749376,-22.85614186861661,-23.06505649041853,-23.81469734216929,-24.615725344651917,-25.005080614535427,7
082734.94+493210.0,0.227283,-20.96831888414373,-21.164270120362488,-21.487451924501364,-21.73336535233208,-21.874611522125843,-19.969870805617592,-19.610727204113065,-22.121687362936697,-22.632945131009503,-23.124397529352613,-23.296088447206703,-23.68031555471345,7
082800.60+401135.1,0.22125,-21.795040646513105,-22.08739215925607,-22.419367729891917,-22.60534278181757,-22.626345055627723,-19.747635922544244,-20.39119869125633,-22.78941739117132,-22.888094432895592,-23.305986820803252,-24.185365914979737,-24.801300622115985,7
083017.92+293923.9,0.593482,-22.899643896065232,-23.221541963174374,-23.67584290764237,-23.978656370888626,-24.07245722695701,-22.934034797404028,-23.145552037351223,-24.396238155374085,-24.651475407918195,-24.935262420154395,-25.379296992247266,-25.95561384476477,7
083045.40+450235.8,0.182,-21.01610513750983,-21.459578371573823,-21.938233788312758,-22.165287374525644,-22.194927155172863,-20.69686368173172,-20.848824819681624,-22.655651935524997,-22.62239778271274,-23.234429822696463,-23.45208109220443,-24.079384963660196,7
083120.98+483154.4,0.334737,-22.48543046581792,-22.65242901486976,-22.93432449342138,-23.002433287774444,-23.087551434494397,-21.915840132446185,-22.020221481722317,-22.9502102327819,-23.375683359523613,-23.85823614454396,-24.42312283279915,-25.03058678820494,7
083303.21+272241.8,0.271909,-22.272870893044303,-22.381881965509724,-22.56063098946777,-22.718158388497045,-22.80768339190127,-21.705547703537555,-21.744488886155903,-23.10730994124764,-23.39633444302921,-23.774728137619164,-24.157516612151053,-24.60191893597233,7
083343.47+074654.4,0.205786,-21.93604217656375,-22.11818075124226,-22.35538453162829,-22.588884219673144,-22.47971623843028,-21.41827267477651,-21.57065262872968,-22.220324624300677,-22.529828430309426,-22.998323708344987,-23.386972966449367,-23.83298092586497,7
083417.90+491439.2,0.173144,-21.592147145037572,-21.875503490217653,-22.10710595734865,-22.26968186061177,-22.198872776049956,-21.43968924015785,-21.49935752386904,-22.33075943450348,-22.85453738993999,-23.4247088468232,-24.07577792946458,-24.568054284190143,7
083518.53+274430.3,0.19222,-19.918102409489773,-19.2330696796272,-20.195644994754435,-20.956353321850607,-21.16622892831854,-19.148081191665323,-19.386752830382186,-21.81635123324444,-21.878553474585125,-22.468839060075293,-22.641587519719828,-22.863785842242542,7
083550.97+142344.3,0.3526,-22.64710549237372,-22.763978956393032,-23.171952073574133,-23.329446725955822,-23.261559359389704,-21.998747681161724,-22.203575877042223,-23.386461425881052,-23.84478579409121,-24.262845540243163,-24.94864300070803,-25.53311595791588,7
083754.97+175251.2,0.232067,-21.79264728605216,-21.898128051926044,-22.178339190908524,-22.432996790980404,-22.463455399560825,-20.50194671527449,-21.238198180587908,-22.83762212139548,-23.14462458093029,-23.639479167724016,-24.07340146117277,-24.63078380322278,7
083924.60+575230.0,0.187,-21.05822501913516,-21.327074704241983,-21.69958201163337,-21.90046688672159,-21.817177214026646,-20.51598797007301,-20.45074686519471,-22.221315263077265,-22.35927860779124,-22.85493422999712,-23.31132269249263,-23.74565805037481,7
083931.59+521745.5,0.329363,-21.6453453247279,-21.89603426133685,-22.235379720290208,-22.40463548073049,-22.45850598182406,-21.438276547142404,-21.523826600168505,-22.659768998321614,-23.16795313980672,-23.563619975976028,-23.57679620995804,-24.21477390502522,7
084313.41+535718.8,0.217559,-22.30918541592865,-22.585488073800725,-22.95719455988832,-23.328342861306616,-23.074944168147425,-21.81133956988022,-22.08098277602074,-23.17820818504053,-23.5212589005791,-23.72265348963617,-24.38381597782117,-24.874265524677696,7
084533.28+474934.5,0.302,-22.357257591856943,-22.5805468589946,-22.810369959478116,-23.02735494436137,-23.02884264664124,-21.83428326717356,-22.299238992560248,-22.949900217559676,-23.67878475635669,-23.874937610411504,-24.75837888427955,-25.29230355591169,7
084716.87+334858.8,0.216507,-20.885494898994736,-21.52227779018551,-21.98122247591352,-22.280066998535517,-22.31064030145324,-19.10475301026332,-20.32078991292328,-23.04409968905628,-23.228261268702184,-23.38901266427488,-24.131371794856047,-24.51809348849437,7
084755.63+263147.6,0.282122,-22.462354535643737,-22.507171008406075,-22.68520691748295,-22.88077024111813,-23.063290373923586,-21.618467040993067,-21.84549591045828,-23.324935054010965,-23.49781602402235,-23.769563025328992,-24.06071568018235,-24.63118339116864,7
084901.78+500310.4,0.284412,-21.6365624805636,-21.85135190062737,-22.219026016248005,-22.396026691700992,-22.57584139751152,-21.228944079843505,-21.502442877302567,-22.4197190334106,-22.6661461125396,-23.479624826431056,-23.870609248393443,-24.38956071761953,7
084932.72+170020.5,0.336282,-22.20466252820696,-22.52787708163943,-23.01128893423113,-23.240442595609704,-23.282597766698085,-21.32393531861402,-21.63020310085288,-23.8453976438371,-24.00092391325382,-24.584680405268955,-24.51155799512763,-25.18839054257249,7
085035.57+280213.7,0.331724,-22.07466537209228,-22.34998952685055,-22.77848506006708,-22.97187226476142,-23.050061073828463,-21.77173127860451,-21.86665028883636,-23.163614411750583,-23.640330476332966,-24.12920558532362,-24.56019991242633,-25.22542978086764,7
085229.48+024713.8,0.335445,-22.07825441207992,-22.337517173871483,-22.652779586921756,-22.85868215412508,-22.90318320434097,-20.92609936502771,-21.31570073513121,-23.21348580510479,-23.75038854456236,-24.413514593945163,-24.48152371904126,-25.032341573516216,7
085240.12+051215.4,0.226212,-22.2094175845322,-22.637581351041906,-22.961342985683345,-23.03744781420526,-23.131381522057783,-21.17862229564364,-21.567685070185984,-23.16634429702586,-23.39868366556573,-23.65331048391815,-23.513381560643538,-23.87723243934236,7
085259.22+031320.6,0.297364,-24.02495154826971,-24.21428703121547,-24.396882580757755,-24.40720277155052,-24.48278290755324,-23.230165915353084,-23.40675958181869,-24.469443468696976,-24.752899819926203,-25.324400002522555,-25.846328110793056,-26.434941073047987,7
085405.05+525837.1,0.342561,-21.331710428192235,-21.737748944467388,-22.174194562937725,-22.381417580647216,-22.51414045994065,-20.792741111543812,-20.85623893274884,-23.29770072056208,-23.513443968235485,-23.48678076687088,-23.648590671662983,-24.209951952996136,7
085457.22+544820.5,0.256236,-21.32448696278384,-21.61232832222909,-22.048631089406847,-22.18451771432263,-22.238293272911086,-20.984546800490826,-21.214081981037022,-22.87601714851549,-23.071674902516623,-23.418199022884902,-23.2572689909618,-23.9216890739425,7
085550.64+271824.1,0.30264,-22.430572541362835,-22.67398809716399,-22.92906384627445,-22.99846214382748,-23.089752105158063,-21.768703454258084,-21.950814767803216,-23.09234781994248,-23.896704329419283,-24.0741383734374,-24.693532996357945,-25.224031476499988,7
085632.40+504114.0,0.235319,-23.33670711827708,-23.523274594439137,-23.76550997800075,-23.8766608778398,-23.778091377771304,-22.978176032881976,-22.71990848905432,-23.960382247848877,-24.50666843352622,-25.142970635318637,-25.627082944529143,-26.312958953977358,7
085640.78+105755.8,0.2738,-22.800025765748703,-23.052646277788725,-23.448726847198955,-23.602049302996583,-23.75812529881815,-21.874495752121977,-22.198395333738823,-23.44205465133841,-23.9392204876012,-24.35907757274689,-24.9677657793185,-25.5781583022718,7
085702.91+590851.3,0.176,-22.05033717209121,-22.10059016257092,-22.23346544380604,-22.34797998440348,-22.2990406162214,-20.978384918700915,-21.255743132312148,-22.338422926132505,-22.799343704469116,-23.265212676735707,-23.52320059865108,-23.887738236828625,7
085900.48+383211.6,0.346625,-22.369301843841438,-22.51741295987118,-22.847421575073646,-22.968099089528508,-22.846999679950372,-21.817872046614887,-21.980712182421072,-22.8282156095724,-23.37715132408846,-23.83202405343374,-24.20397092024663,-24.91725769930381,7
090022.27+503138.1,0.148,-21.010665695513573,-21.335302056753445,-21.71702147554383,-21.855977358883184,-21.82215525080031,-20.78309382393184,-21.2449375283831,-21.983709471453803,-22.115906536350455,-22.593948093341965,-23.2278159882716,-23.62632802068816,7
090045.29+335422.3,0.227994,-21.416719235239302,-21.720892008612857,-21.950658998671067,-22.011248906405264,-22.04531378975366,-21.07237615428268,-20.99889325076171,-21.85960349658567,-22.66638707440709,-22.954286228713507,-23.20765936235339,-23.729468696380952,7
090137.99+532051.2,0.161,-21.622795007931455,-21.850794329386435,-22.09414002497075,-22.14596227155908,-22.14350107091541,-20.752000020527326,-21.11620909130084,-22.55072306835055,-22.92455042436552,-23.263872659573373,-23.964501321542794,-24.350290071212093,7
090351.48+290158.7,0.272885,-21.23595876063739,-21.595579361385017,-22.07521427610798,-22.33915861138743,-22.391574756575636,-20.082381703684785,-20.37949984849279,-22.93206565930457,-23.344260054346524,-23.525857575693635,-23.864494586094327,-24.442048000979657,7
090429.00+422659.3,0.225033,-21.52697360298897,-21.69857317965892,-22.017627571407147,-22.244132571848084,-22.261395446888034,-21.28572410619453,-21.60155781931039,-22.52737837355095,-23.087083238482144,-23.59417495054675,-24.13265458782154,-24.657558822986623,7
090454.99+511444.5,0.22469,-22.870243837695234,-22.96498282013816,-23.07150517575269,-23.217362781064896,-23.157488300669023,-22.23993593470655,-22.09188742968347,-22.83974917982186,-23.393040477424893,-23.6118871320215,-24.295745614788537,-24.822126667269984,7
090654.48+391455.3,0.241,-21.72931690259208,-22.064773894101435,-22.34587411660979,-22.439440702177876,-22.396607837243053,-21.122115918016807,-21.698616844023945,-22.35542856442828,-23.23306976911914,-22.826802178591684,-23.514445564680653,-24.02480042272844,7
090851.26+444611.2,0.319342,-22.722144306005024,-22.959886021663436,-23.20243247561094,-23.380182672057398,-23.27483247580876,-22.187615555939107,-22.15999692599546,-23.71114941309462,-23.99462661981382,-24.170701531064427,-24.23710511557147,-24.76083701845951,7
091514.59+173102.0,0.239619,-20.98812053626848,-21.332206395868305,-21.780320560061945,-21.947395081357666,-21.98285002521155,-19.88204396685275,-20.60729295143087,-22.44910071150869,-22.679714829569804,-23.24127055171833,-23.7877033043548,-24.312616166719565,7
091702.10+212337.5,0.202325,-22.438945105777123,-22.53407470496539,-22.702403073676397,-22.922380954193315,-22.811843246663035,-22.069978519168508,-22.14636017215936,-22.882850745494565,-23.292939997697573,-23.56927959810696,-23.96543145799159,-24.33096001512279,7
091903.57+350236.3,0.211591,-21.65388499209395,-22.027188363888744,-22.420228871146385,-22.620480958014177,-22.738579093434392,-19.53210632892913,-20.436204335874915,-23.074023236634044,-23.5829181995502,-24.16089398213163,-24.679265704295677,-25.118529986514865,7
091955.34+552137.1,0.123366,-22.643599905456558,-22.687867375494832,-22.885857903369367,-23.093998899287254,-22.9186506655126,-22.143275776941536,-22.233077658211982,-23.3591900319302,-23.781662688152394,-24.21707677450297,-24.61652448816088,-24.965299472492408,7
092045.61+233900.9,0.242871,-21.173023627336804,-21.69498232898404,-22.147300499484714,-22.447471317544043,-22.507893407308085,-21.15817698615712,-21.24105764383012,-22.457875125336717,-23.03927875227806,-23.42361702112989,-24.231841638198578,-24.65683347536546,7
092149.16+311202.0,0.102639,-20.035140736241868,-20.237776259742866,-20.59368721627693,-20.605685642676114,-20.70195625972007,-19.647626076313987,-19.723019610127174,-20.792454166815524,-21.20117921975561,-21.61897250944911,-22.312623797030312,-22.63498668804504,7
092554.71+195405.1,0.1922,-23.99500021590288,-23.99459073785196,-24.15338175668892,-24.297905092891483,-24.11488128233094,-23.39841692357725,-23.81615405385713,-24.34387818155352,-24.918096496309325,-25.608776378452934,-26.574857819558968,-26.88975530159913,7
092857.66+395631.3,0.21166,-20.539388247245604,-20.997928718540184,-21.635650794249237,-21.83435558981567,-22.02182143143976,-20.22701156620698,-20.01979134601904,-22.512290525621605,-22.917713619052236,-22.94303571423291,-22.657501376013013,-22.952076064106084,7
092909.79+464424.0,0.239981,-23.519365783797745,-23.648540797285683,-23.797558416882133,-23.96194456737108,-23.90404932048284,-23.068690584254483,-23.33305221455427,-23.97970008259461,-24.51476003533266,-25.02404602068807,-25.833426877768066,-26.382110451311952,7
093017.71+470721.0,0.16,-21.588292900584708,-21.71379138220403,-22.044640978640093,-22.381046474377424,-22.231307031157424,-21.23781342105883,-21.48944387730592,-22.56804630419332,-22.879696967590057,-23.28264501382959,-23.70893065171457,-23.92867989127241,7
093034.43+204416.6,0.242234,-22.99996850104722,-23.148475660692142,-23.359586427157986,-23.51887973419932,-23.52901845452916,-22.51993773155074,-22.881924969697977,-23.64083863782113,-24.21673364463725,-24.821897314007828,-25.527552549365044,-26.01869120207684,7
093203.97+614051.6,0.35918,-22.191447394725277,-22.592109277256498,-23.136739604803545,-23.290313210665744,-23.33008991843866,-21.181726643521102,-21.81934336780817,-23.488354403477,-24.07749519168529,-24.47509211799456,-24.92157477190309,-25.494945285600835,7
093337.02+191533.6,0.242852,-21.46744843791124,-21.53764794666492,-21.890656498596087,-22.316872974197743,-22.321470165785943,-21.68630941692309,-21.76331110044544,-22.19000268749656,-22.89697122449085,-23.421007276978763,-23.94282156264256,-24.612549228980143,7
093404.75+195617.5,0.1749,-21.81789292707608,-21.861964495364155,-22.101668626990875,-22.41502889958207,-22.210289346279847,-21.31255740528972,-21.294176637855863,-22.291020883713628,-22.836251619957512,-23.05444818536909,-23.253556072236712,-23.724697234349254,7
093425.17+544344.7,0.231282,-20.749881233298957,-20.91328943006379,-21.398777834213547,-21.790027690062907,-21.78572036828376,-20.290044627165344,-20.601013921597715,-22.44628206483162,-22.709911482228502,-23.10617500982634,-23.223900340553172,-23.631916056033763,7
093527.09+261709.6,0.1222,-22.024986347442223,-21.984113055536582,-22.229270014398,-22.59910542938217,-22.29065913728128,-21.26261585034742,-21.235024943123875,-22.710034211516188,-23.1056768641131,-23.590607141913857,-24.427077246973035,-24.670379382170104,7
093653.84+533126.8,0.227581,-22.38750349827385,-22.776080639873648,-23.12879262816895,-23.426578514432432,-23.379311283734832,-21.34940390856289,-21.786463599273425,-23.493171419669636,-23.88473907383445,-24.567975627622403,-25.37093000529935,-25.87790689094,7
093702.85+682408.3,0.2946,-20.799950193695015,-21.31422714746898,-22.00932306176616,-22.417262883406647,-22.39800387373665,-19.989329828118077,-20.27655144421035,-22.804843499979324,-23.559742349851263,-23.69843934926803,-23.32410551764101,-23.72665162066455,7
093732.33+474631.9,0.279945,-20.720336801967186,-21.119174921315167,-21.63281262625461,-21.90844448403687,-22.107219287795274,-19.05408401418505,-19.97548946109254,-21.97280393586166,-23.068153766499115,-23.551385521200952,-23.6301597642072,-24.118364469978964,7
093837.86+373739.5,0.188352,-21.167847232257557,-21.30537367658127,-21.60531107055252,-21.85799492260485,-21.805861002425523,-20.699787009725775,-20.9817418261478,-21.80583730578088,-22.198264447243616,-22.660957802092536,-23.044940610609466,-23.365121492662794,7
093926.33+051931.3,0.262435,-21.13596822598305,-21.46919213037447,-21.84124601328045,-22.05617184982301,-22.20335595161645,-20.229762385212812,-20.95978762701841,-23.00561131322093,-23.054674106112493,-23.446578173551572,-24.102884993163062,-24.54265430362012,7
094305.15+280536.1,0.266678,-22.49514891229356,-22.598440630920177,-22.80465392761874,-22.97188096755428,-23.08663894324672,-21.837530203354085,-21.994651611709266,-23.215895826536183,-23.738788610521752,-24.160302167378436,-24.49841696497516,-24.92129299554658,7
094402.50+573209.0,0.184832,-21.109493665361796,-21.37179375235087,-21.616394810175585,-21.769099617881228,-21.849831085370237,-20.43469421623595,-20.7241153730385,-22.249104176368533,-22.40852060742618,-22.9465746297456,-22.928990981188093,-23.36090760356601,7
094427.99+360837.0,0.228099,-22.40447491393455,-22.426840130387166,-22.65743791033684,-22.86735234776812,-22.846670174745704,-22.16918039106928,-22.314489845418333,-23.153238597832445,-23.53394840403937,-23.91181867620629,-24.13016958502864,-24.486160696064285,7
094506.65+321635.5,0.245064,-21.26715882546041,-21.721784461248856,-22.22844859426525,-22.54145446793233,-22.566397151837,-20.232722874604956,-20.85040516617244,-22.83024775225447,-23.36540133369664,-23.85979025328897,-24.50253309179381,-25.01413767787095,7
094603.94+013923.6,0.219925,-22.139699441364183,-22.40653417207888,-22.90982830377311,-23.360813247125257,-23.199680903759344,-19.954703063345825,-20.08294227920606,-23.698963211094256,-24.014352711750774,-24.64564949159088,-24.39301417596917,-24.87946743367222,7
094621.26+471131.3,0.23,-21.740732145079,-21.76068083440753,-21.986448541114584,-22.26975247437828,-22.268357731464512,-21.639652370152582,-21.88239436642148,-22.75846544985433,-23.1207657820608,-23.61336033900085,-23.726209602489728,-24.249875898835583,7
094652.57+131953.8,0.1333,-22.899787963616145,-22.94715179639153,-23.234409127422865,-23.42526635315081,-23.144216649754163,-22.448344689403235,-22.698637634003084,-23.641945970377808,-23.97666017335746,-24.432590673073417,-25.040181383676728,-25.525330457701724,7
094806.55+031801.9,0.207435,-20.783921970553628,-21.13423951469881,-21.556966073500742,-21.714749077103107,-21.757006973407066,-20.22312712707192,-20.334833401635496,-22.248071457178145,-22.288038089176712,-22.825917747847345,-23.635760855502298,-24.01673282397836,7
094859.47+433518.9,0.226256,-22.756443483644052,-23.03473325273992,-23.387594771291774,-23.50783999413171,-23.516247399079223,-22.308146769566974,-22.6188551672415,-23.81356305820212,-24.1033429510836,-24.44064380699291,-25.14551609355163,-25.622156257529795,7
095048.38+392650.4,0.205896,-23.227467576949373,-23.259792999414767,-23.445549412031195,-23.6824268293639,-23.580853088995724,-23.377170327400588,-23.478469826060337,-24.047260658851933,-24.49967342279917,-25.18933244810535,-25.65331255982932,-26.2759831816402,7
095159.99+220906.1,0.220437,-21.0539815905694,-21.29043740142954,-21.776701254389387,-21.951125980648012,-21.991751477786977,-20.2589875647351,-20.230349942203265,-22.31429876314856,-22.7345506729844,-22.998409128900303,-22.78156694766645,-23.040205290013237,7
095327.18+372803.5,0.288552,-21.22515534444249,-21.54397871100884,-21.85903828784612,-22.10207617594056,-22.18301654143029,-20.86001870701648,-20.83405912534202,-22.801936384408204,-22.912040929193054,-23.59507168134221,-24.00896580845112,-24.515217567084196,7
095443.35+165429.9,0.336,-22.06615511959084,-22.24068931247122,-22.627303469792565,-22.77262239617619,-22.84795876557515,-21.28867033669169,-21.58246362999027,-22.93708218651676,-23.294301474723092,-23.64853791056119,-24.373697253263607,-24.9587179335968,7
095636.42+690028.3,1.9752,-24.485796032404107,-24.81015538778963,-25.308308200030908,-25.55135211540779,-25.70677014087778,-23.74989415863568,-24.35731200115642,-26.29364199850105,-27.079216972254567,-26.874091652799848,-27.33332856242348,-27.57585643282828,7
095914.85+065656.8,0.396231,-22.18893154040822,-22.55549457691908,-22.980154425649783,-23.07067212080891,-23.21234693183948,-21.123649109608905,-21.610498087145736,-23.38232087068653,-24.159972132354927,-24.249422852995444,-24.59362974153081,-25.172179759441327,7
095915.65+050355.1,0.162631,-22.124243035732867,-22.110993946907648,-22.30226035561363,-22.569472931020258,-22.447469787049403,-21.662522461217645,-21.851714478541577,-22.55121081687936,-22.83917911419,-23.41728869698981,-23.82429450177638,-24.085207514101203,7
095931.67+504449.0,0.143,-21.983435098466128,-22.134790652373347,-22.33889135359237,-22.422883033057563,-22.350901352358644,-21.417724438328715,-21.734581931036203,-22.676821700092876,-23.14604597141643,-23.75398134554621,-24.09505255263266,-24.522557084749703,7
100257.96+160223.0,0.286,-22.04918506464906,-22.29521194829312,-22.52459009537346,-22.813237429979218,-22.73042814274323,-20.981808802579582,-21.0108351477474,-22.928766142116743,-23.322786131292546,-23.921593210748284,-23.91871784160601,-24.341334888887125,7
100302.15+095832.8,0.25351,-22.15327304673942,-22.25078474938621,-22.55685326916632,-22.746795253965324,-22.84361384786897,-21.78521542884699,-21.81325660478256,-23.070764193493297,-23.612029968393895,-23.941322585145677,-24.195567040343885,-24.69656516443914,7
100417.96+282444.1,0.328,-23.075003214095037,-23.22068453271671,-23.39816829393271,-23.463746540667355,-23.48894820849645,-22.546773496972214,-22.93100223743284,-23.32624406505813,-24.05932454225618,-24.49204887419809,-25.45368622569845,-26.031070609210555,7
100420.13+051300.4,0.161076,-22.469999635399063,-22.757995068297973,-22.96947894307317,-23.088225812173494,-22.99078710365629,-21.983268289198044,-22.410168921417807,-23.246551602270628,-23.74041208343212,-24.3118220628266,-25.331934937201957,-25.762833867929192,7
100528.34+423037.5,0.25736,-22.948102308514283,-23.14872880432013,-23.424399210158157,-23.557829251734915,-23.610464695381804,-22.235614890694105,-22.601895732590467,-23.870633898329245,-24.393339037032177,-24.87801883688744,-25.38253122542174,-26.01181065595021,7
100541.85+433240.4,0.178291,-22.85260479921675,-22.93221792319279,-23.131147334641486,-23.1070894889204,-23.110122354716257,-22.37340822552673,-22.856988204100062,-23.678034995499843,-24.269878433018683,-24.93877541269655,-25.30052794269464,-25.90285583294848,7
100744.55+500746.6,0.212331,-22.4100307742569,-22.526189290021897,-22.736688008635515,-22.935770014469696,-22.890980245012805,-22.736335653008982,-22.37747937665952,-23.120745027735406,-23.450804419328524,-23.96775780082561,-24.24179368171938,-24.71812369791656,7
100751.17+150543.1,0.3154,-21.784578160171915,-22.070019498829247,-22.476362253342,-22.66560301325861,-22.71543138637281,-21.12835287149272,-21.402222895092223,-23.296797791374686,-23.60784920429233,-24.078052674602432,-24.501349624160994,-25.158496212621195,7
100759.66+611533.9,0.225,-20.846289389370565,-20.98169437526254,-21.33219361040861,-21.58653390750653,-21.55389977715345,-20.720032012804754,-20.638175844381244,-21.74302675306975,-22.206478388647,-22.8659527030311,-22.91655197827319,-23.316467091943768,7
100852.86+451451.8,0.2165,-20.75656065496908,-21.166694855600284,-21.5766797838929,-21.76021102181005,-21.847088602747423,-19.163829588578004,-20.42603394440594,-22.28860923104341,-22.94353158292852,-23.16350669571795,-23.81159840773398,-24.238403057023685,7
101000.68+300321.5,0.256429,-22.80887349991125,-22.989999076387782,-23.28498929491694,-23.353044442560112,-23.310408559976693,-22.23052038266568,-22.72875586943305,-23.687174251878076,-23.972839972505945,-24.45589037711401,-25.637210720101976,-26.176996145557094,7
101023.99+453545.9,0.333,-21.081467437884108,-21.56052132253069,-22.33533972677112,-22.67472248884203,-22.690283907763504,-19.7256085127541,-20.638831821562988,-22.838787991761883,-23.28646297145555,-23.94994152845604,-23.81003724968713,-24.13884519026653,7
101044.50+004331.3,0.177905,-23.27685675029238,-23.32918549349663,-23.481597707577144,-23.591661521944943,-23.48025731325995,-22.72102401501348,-22.922891828167632,-23.675418804088785,-24.117503898811098,-24.58075421080981,-25.308067265443054,-25.788835888866338,7
101102.76+613937.9,0.233,-21.371979019725007,-21.62084228032585,-22.061792202739564,-22.398597036181016,-22.273932386198503,-20.78707369921875,-20.91847426755897,-22.53863447574023,-22.86963771977034,-23.13294369626561,-23.545021659117115,-24.012733133504025,7
101300.92+572243.7,0.14,-21.32581206099586,-21.50350331627675,-21.8547442902497,-22.12760010598043,-22.00626601177304,-20.99945878884388,-20.946797829727878,-22.244392466288453,-22.44948719700373,-22.80067213010242,-23.501578393210004,-23.747517333988892,7
101303.17+355123.7,0.079097,-22.231446282862763,-22.295987102975094,-22.54127600656181,-22.582406406137068,-22.41592539093557,-21.129423993894367,-21.37140342705129,-22.51706196994264,-22.85461352932023,-23.228478102898123,-23.710611046516576,-23.945456218140347,7
101312.15+020416.4,0.220816,-22.08074891630242,-22.434877322520816,-22.86420244087323,-22.971746141106248,-22.928735885992047,-21.456907210631623,-21.956970344726084,-23.14759354101017,-23.327840048660757,-23.925910968598394,-24.77595946564813,-25.43794636470736,7
101317.98+050034.0,0.265803,-22.04553311741448,-22.207190665007523,-22.46712438143512,-22.6620600384565,-22.900757697739344,-21.59854956636007,-21.67352712557346,-23.05140567396796,-23.63340088359081,-23.50393679180856,-23.985792318294216,-24.46699871126109,7
101325.42+221229.4,0.273291,-22.54939620788093,-22.697150235805065,-22.911812475399923,-23.00928857714844,-23.00772784335265,-22.312374736375567,-22.602924374834217,-23.28137673170081,-23.77912181640137,-24.26859410407707,-25.04249130724479,-25.59856471806102,7
101419.20+080202.4,0.308532,-21.82087911368602,-22.2208998119203,-22.570230561222218,-22.8496741922937,-22.834413445159868,-18.96465598212533,-20.37025911688508,-23.0162062260747,-23.532139175440232,-23.927075271536715,-23.78754047648813,-24.17903369265617,7
101719.02+151620.8,0.2452,-22.232062037891456,-22.52705526500907,-22.842100667557425,-23.04211212743292,-23.07984848571113,-21.596346589025423,-21.834755810829147,-23.257196011931693,-23.662861860663096,-23.98290106067639,-24.465390577718875,-24.939366752115287,7
101852.45+495800.4,0.155,-20.175174753771135,-20.50617284160037,-20.92393786784638,-21.099003359204264,-21.038690391352866,-20.03425471240229,-20.102821366033663,-21.605261771625365,-22.146207169643933,-22.24566699874711,-22.844760617439828,-23.30511057478932,7
101911.33+015354.6,0.188877,-21.129404311882944,-21.324634720681686,-21.714117236266357,-22.048054215685696,-21.926933463610755,-21.25860209648204,-21.57754182990621,-22.24483952937056,-22.49086422109926,-22.975648057396057,-23.37649493755083,-23.69388634686903,7
101931.79+262643.2,0.25,-21.559436955534554,-21.54619665532162,-21.911375410988025,-22.291634664690715,-22.368840209008145,-21.3185452458641,-21.378189753292556,-22.45395293617602,-23.08456257538125,-23.813404745898517,-24.107489268687875,-24.57169190863861,7
102156.43+100227.1,0.224626,-21.60584007867748,-21.734149208386093,-22.068699019472767,-22.28002248011048,-22.226394822834376,-21.633268601586494,-21.61830689653678,-22.33618033395096,-22.928500180916,-23.35088443386537,-23.77583629204467,-24.28632043470077,7
102330.48+223437.2,0.133,-19.57655644657519,-19.917835801449677,-20.47170366162541,-20.57813501264071,-20.725521154902296,-18.56479300555064,-18.95235364871096,-21.470442537740347,-21.81256099030981,-22.094069108927787,-22.60320131447294,-22.867777099129125,7
102706.60+312856.7,0.240148,-21.990213735757504,-22.10999139433131,-22.472010814946163,-22.640202031549222,-22.62110314556691,-21.667705316810043,-21.707653341355385,-23.323984989758525,-23.771412554650382,-24.35711135598603,-24.51626778682695,-25.02769299139675,7
102738.53+605016.4,0.331,-22.55181724470971,-22.94176448725256,-23.36913327644882,-23.62727676553335,-23.62314676491111,-22.029207112106903,-21.731223601653785,-23.84903902089044,-23.977824316720564,-24.283713636999146,-24.71601886509041,-25.260130023870254,7
102849.37+562411.0,0.381435,-21.62612094391119,-21.975484655680216,-22.720276926376265,-22.90718636789144,-22.924676097831053,-20.808486062515623,-21.456414186158923,-23.326536136120502,-23.497934008805828,-23.70892290913944,-23.590835152521898,-24.010710784574872,7
102912.58+404219.7,0.14696,-20.586086024591022,-21.062274044923623,-21.404283461859094,-21.439455827488544,-21.462488511498822,-19.054129310788745,-21.73804261981382,-21.83483646719203,-22.132901943688346,-22.663853607708177,-24.56824509256136,-24.740084716512406,7
103056.70+511902.5,0.290067,-21.79314261816416,-22.034941686186936,-22.364968048927096,-22.60891406887016,-22.752222292485023,-21.447631104309696,-21.292186764612328,-22.963965903433387,-23.352047235634668,-23.89534616107547,-23.924629780154387,-24.498275828010215,7
103436.70+323221.1,0.222,-20.497759582851028,-20.827389969032065,-21.34917145273995,-21.558480632302874,-21.55627722435378,-20.41218375808876,-20.66355752510165,-22.219213070331563,-22.324909650084177,-22.83217826262819,-23.472682704385555,-23.939705447361728,7
103457.28-010209.0,0.32871,-22.432719374414425,-22.80135489280689,-23.14327772804953,-23.26589960453743,-23.303404544533944,-21.861108931493646,-22.14653810092647,-23.33518758013565,-23.36117362107528,-24.10842472300945,-24.333051238347068,-24.94077744394064,7
103609.28+275019.9,0.282,-22.7132481096696,-22.84380051391373,-22.98373504123195,-23.13439605111528,-23.13416612234273,-22.58595056687013,-22.77145881709803,-23.125971553243524,-23.57340899075176,-23.917295106398317,-24.22210601153192,-24.73499844940114,7
103702.67+183625.4,0.2359,-21.110916669487924,-21.301956439587425,-21.748413316194245,-22.05133836509354,-22.092240787307283,-20.670601431504004,-20.841778050844187,-22.74920938356472,-23.13082941900021,-23.571200508196057,-23.486904010932268,-23.930034915658748,7
103926.31+202716.0,0.3137,-21.40985374074115,-21.65285247008119,-22.04877395678253,-22.334121896593324,-22.35395368607132,-21.192835840684957,-21.045548734812183,-22.64285635866327,-23.279552104928914,-23.50053409048581,-23.506554949465336,-23.88534494166212,7
104111.97+282805.1,0.211,-23.277868533876365,-23.33940365705404,-23.46214006283588,-23.548292507248117,-23.45967869206964,-22.98993395942996,-23.100059646483416,-23.53981709497851,-24.10035982059557,-24.63381732235933,-25.29283145058524,-25.79934573522068,7
104431.98+110105.6,0.168881,-21.21152071386758,-21.775417876631774,-22.322736548840147,-22.364486354768708,-22.44423743614064,-20.66860665434564,-20.98585292371605,-22.51932922086725,-23.03560308319544,-23.415936934875266,-23.710017607515315,-24.091493556224247,7
104448.81+073928.6,0.230664,-21.386430336069623,-21.49856073299852,-21.75788894926861,-22.05633486436987,-22.040647772207883,-21.200793042046143,-21.0880445363356,-21.749612385807325,-22.83326828337327,-22.671995381092017,-24.26903403084937,-24.64930921258647,7
104505.16+084339.0,0.125022,-21.443166583682963,-21.85309245504528,-22.349291018455677,-22.620200561378148,-22.48143090918398,-20.48782498526076,-20.81765351340997,-22.58989212965856,-23.045156069197372,-23.63735077981266,-24.71070846607122,-25.136980276765144,7
104528.30+293344.7,0.293369,-22.2224586821006,-22.537918401155693,-22.801061890962263,-23.073707608947284,-23.00402430569483,-21.245798309457214,-21.73890086789528,-23.27755309179439,-23.31221163008546,-23.550810463296585,-24.058217136127787,-24.445782631640974,7
104705.16+544405.8,0.214756,-22.02501805178023,-22.215325313863996,-22.32954501344983,-22.55573345119241,-22.457176736618067,-21.135885428125057,-20.80170144719644,-22.59624489491009,-22.63977475295835,-22.959061196851906,-22.896601483313404,-23.400732070639968,7
104937.78+640219.5,0.2255,-22.66706563643821,-22.83486741878585,-23.07670741810835,-23.2526120942125,-23.16783792994959,-22.077942366594712,-22.32019403711219,-23.65160099498477,-23.90668497628663,-24.418399293662127,-24.967059016623764,-25.53551587796973,7
105000.86+294926.9,0.319216,-22.28574181435212,-22.430972148471227,-22.665041953180648,-22.776410285096773,-22.958063137367827,-22.812090562956325,-22.66527335724434,-23.32873060998665,-23.59935164420969,-23.91686178777822,-24.145350245127226,-24.763346548884424,7
105126.35+183952.4,0.2438,-22.017872691148987,-22.03624640630509,-22.237556499837783,-22.458440666696774,-22.39701207657629,-21.77404455919829,-21.892272890791283,-23.02212102776741,-23.38649445840914,-23.55675664458656,-24.37265310560785,-24.885963743257463,7
105143.89+335926.6,0.167138,-22.40850155241386,-22.43098977493797,-22.718378771865687,-22.97967526075479,-22.8211683822734,-22.532100706247395,-22.632343673820955,-23.13436572511389,-23.46004383225932,-23.893024016605263,-24.346541971088357,-24.88419896536969,7
105348.57+515713.6,0.326705,-21.1524095879744,-21.602404697427456,-22.2169193984472,-22.51729068349401,-22.560300247981885,-20.088505488012736,-20.613667427975905,-22.936157493280216,-23.18651990141603,-23.493835630041943,-23.90203814447413,-24.37748280569552,7
105416.19+351124.1,0.204786,-22.397955178579515,-22.546659554752672,-22.76068846896252,-22.8642913006536,-22.81918648369377,-22.30937636820682,-22.17976670328788,-23.172549662288382,-23.49614727511334,-24.07056637486233,-25.20197557493289,-25.66620532960817,7
105927.60+425719.4,0.255897,-21.571958488048807,-21.75926231757866,-22.064754577207676,-22.282766097318728,-22.37298496388713,-21.620679758915124,-21.78513792305048,-22.92506480167736,-23.44608081081929,-24.01977476024016,-24.41280235154314,-24.99457683451513,7
110052.33+283801.2,0.242716,-22.50248420311955,-22.657112570401072,-22.86192722066983,-23.008542197529557,-23.014021516281336,-21.89428735232685,-22.14970337557086,-23.354519671141865,-23.56499044280693,-24.02118999815183,-24.387811344377766,-24.88802012000332,7
110203.42+523038.2,0.193,-20.46896321432524,-20.67727585738547,-21.2315740526754,-21.50437186095069,-21.616760995876614,-20.28469627758763,-20.08798045461833,-22.23827115329613,-22.481128452669697,-23.023029447831792,-23.11275045929814,-23.466983357119314,7
110205.92+084435.7,0.294216,-23.92508364034333,-23.95260744915828,-24.15899786608283,-24.31900424812201,-24.244861883200528,-23.384324866682867,-23.709017196469823,-24.34726667325973,-24.605704585611917,-25.064087938210164,-25.759654285747505,-26.45611439126126,7
110237.65+055202.9,0.380823,-22.150847293877657,-22.451828955164125,-22.896342261170247,-23.024476380561048,-23.06188898268263,-21.387381225916627,-21.33593804281866,-23.673038176014717,-23.642870009999005,-23.993115457006816,-24.25152154411515,-24.856391898901503,7
110402.00+205953.1,0.34,-21.624210641774045,-21.971047040488173,-22.424004497331488,-22.652344130194205,-22.55430560156347,-20.41692920982824,-21.122107016232956,-22.97289002979297,-23.716133367270974,-24.250812338809784,-24.121691462281756,-24.65917259545471,7
110606.88+253545.4,0.1759,-21.128808119348395,-21.3041789082151,-21.613538106886462,-21.92212506812317,-21.762369900465245,-21.03587119476458,-20.882788967938268,-22.28940625215036,-22.41708693149354,-22.898261191768597,-23.40386506537537,-23.79119181209614,7
111022.39-005544.5,0.257661,-20.870361923864664,-21.201917722684318,-21.631414545114744,-21.8874435606286,-21.98838614690304,-20.68052216306836,-20.82357372042861,-22.487614940475357,-22.68805503752388,-23.223705676043654,-23.213524603254257,-23.69265737301995,7
111331.74+302052.7,0.241173,-21.550599654343497,-21.71253858448156,-22.054148336251448,-22.30228090360757,-22.304284991907476,-20.62975048159792,-20.952313583893243,-22.749061789865525,-23.067357761950262,-23.596323538145324,-24.056193886974985,-24.543801343200727,7
111412.44+044151.8,0.251945,-21.15572572037712,-21.365496577548328,-21.72246117995557,-21.94792890930165,-22.096807891672583,-20.98524465892756,-21.19269453972707,-22.23043340723432,-22.92180097747044,-23.52752532718183,-23.678138654360364,-24.22223903167691,7
111603.13+020852.2,0.211975,-22.83620459539144,-22.873259641009344,-23.11684407892756,-23.17295645135085,-23.149428234074996,-22.32537630777069,-22.76367479711523,-23.731593780186905,-24.35153785419044,-24.96415572434428,-25.58659345025805,-26.05809574589744,7
111612.14+390048.0,0.249196,-21.70136202814527,-21.82355362540196,-21.985379810591905,-22.238050876574896,-22.22943087545807,-21.21273763225708,-21.241783787275136,-22.650380673131327,-23.04465932496775,-23.56686858471257,-23.66183418421748,-24.204715545991327,7
111706.39+441333.3,0.143862,-22.82111869210126,-23.082628534817207,-23.374334366325296,-23.59060492941553,-23.406738329311374,-20.78291817959515,-21.39762287596684,-23.88059937006005,-24.160061693967137,-24.831732943396137,-25.545456944235884,-26.09780779056389,7
111830.28+402554.0,0.154338,-23.148273311665147,-23.21938138544577,-23.32707793066263,-23.44173369573664,-23.35547558936041,-22.8517473909803,-23.048927541674225,-23.553870906210868,-24.042822738829223,-24.56009535236827,-25.102326936215405,-25.442881087499558,7
111839.83+341430.2,0.227894,-20.84112139705089,-21.03556776615876,-21.455195444052706,-21.818726286798736,-21.746143641953367,-20.839249096807983,-20.975723481243325,-22.41273780157019,-22.65874508151411,-22.91374266568294,-23.340217709017917,-23.79345013041757,7
111908.67+211917.9,0.176,-25.01100675082385,-25.00649342243265,-25.09320854062228,-25.261120806457736,-25.07350189905681,-24.52806266771811,-24.670717560903952,-24.90632009449473,-25.435333562033872,-26.070218973289656,-26.964174890741635,-27.37280427424245,7
111947.60+233539.5,0.147,-20.745534241298447,-20.93713973888284,-21.32770456586336,-21.55250159552228,-21.3856061495213,-19.80320254474732,-20.050051767640685,-21.319192125158317,-21.614624871846747,-21.578209342873496,-22.39235569485556,-22.623586198911696,7
112007.43+423551.3,0.226597,-22.294823250859007,-22.469366780707222,-22.713178665988814,-23.03140485495362,-22.885453715473574,-22.015739533912672,-22.136190271588905,-22.75479849955565,-22.90331321442017,-23.28451479782525,-23.93385377792881,-24.489790844231635,7
112014.85+063341.1,0.316103,-21.78153163889492,-22.03042794881421,-22.506572347591188,-22.62289133538582,-22.69246818002791,-20.9043655972102,-20.78347778606051,-22.672866981449584,-23.289221690016248,-23.665658456746527,-23.96058141822547,-24.44398705831744,7
112048.06+421212.4,0.885,-24.835360136148847,-24.89937639461319,-25.33936144401905,-25.659304794716107,-25.841329421939964,-24.340558190693372,-24.58645449416342,-25.396847510753123,-25.91251164058268,-26.45557145781086,-27.068466878740825,-27.41192398205235,7
112252.50+595133.5,0.353482,-23.082861737637614,-23.26628105585902,-23.49648736808903,-23.64291875434125,-23.542516909275307,-21.45789860738034,-22.657778668595505,-23.587440669989277,-23.773662346892294,-24.351516962433507,-24.89264983244895,-25.467008014941268,7
112417.79+602026.7,0.204845,-21.46903422867132,-21.591978899754523,-21.86948752922557,-22.040574793085224,-21.909919581412744,-21.308956906832,-21.559094594131988,-22.159946541731777,-22.653360930811814,-23.01727087579388,-23.72593704387127,-24.171291490522627,7
112439.18+420145.0,0.225,-23.602116596125796,-23.887982453562262,-24.06038357677702,-24.22083822387133,-24.064369242152715,-23.39766715212468,-23.50817300071328,-23.88805685188168,-24.28505317399906,-24.903665495026168,-25.346559502976174,-25.855162669457528,7
112540.84+412231.6,0.196565,-22.112225869589608,-22.10991961225337,-22.3613565317007,-22.59543717247212,-22.45818984877492,-21.800435600783118,-21.865258138210876,-22.74061805866852,-23.32866079383384,-23.73291982326714,-24.479280641422505,-24.952784369173106,7
112603.66+003308.1,0.319906,-21.52721632106972,-21.69722725688924,-22.08907588770021,-22.296034282705342,-22.401572221431277,-20.60642087255388,-21.150345546291653,-22.750329012114285,-23.34248130537818,-24.04334680417441,-23.77206382161402,-24.284227966919246,7
112625.25+453040.1,0.266098,-21.471891847942008,-21.73881601871652,-22.106992508835024,-22.214872828906746,-22.35263706067355,-20.78179471530997,-21.257907705896077,-22.65664050675964,-23.0799331999395,-23.72978439676738,-24.19752691558561,-24.70316593734653,7
112636.79+511702.9,0.368282,-20.94781842496443,-21.2386163544838,-21.721225249664325,-22.06594100562089,-22.27434804388669,-20.0706594509089,-20.40623477276577,-23.023213926071804,-23.469885993919146,-23.744011445786395,-23.90890092171841,-24.318764234606853,7
112757.88+440037.8,0.208977,-21.75864993792443,-21.77718836697174,-22.112219641693493,-22.360955834498625,-22.32702176253845,-21.21359169131041,-21.439629000732115,-22.78299714926555,-23.188627752908488,-23.85761376621228,-24.000245036196915,-24.46467020483092,7
112805.72-005850.9,0.285072,-21.56753267953352,-21.737814033546385,-22.04782807887673,-22.280998846399022,-22.36795350429202,-20.958483849216545,-21.137176967886976,-22.860005917852483,-23.095366495781512,-23.81621498551304,-23.734627097617945,-24.318314437617357,7
112952.99+221520.0,0.2914,-22.204118963491503,-22.4616367330726,-22.761831462316312,-22.98885111265963,-23.019571989720617,-22.15974167271295,-22.13373324079364,-23.121789718514307,-23.29431843706381,-23.681334347096783,-24.04017929548745,-24.443279225582547,7
113020.99+022211.5,0.240949,-22.25538251838601,-22.28951827105872,-22.5103722140038,-22.77620239032822,-22.767601750391865,-21.277516466714484,-21.221077159212808,-22.9802934839518,-23.41110573570548,-23.99662576616281,-24.05548120881962,-24.690517027434645,7
113040.66+352055.2,0.207655,-20.92669996958746,-21.15152447352961,-21.51017455898968,-21.7368813367318,-21.715317813921367,-19.482398070529676,-20.53964207211999,-22.19395777260297,-22.703365926837,-22.889325142214638,-23.30047345513304,-23.92663569192015,7
113056.95+571052.8,0.280729,-20.80854586822585,-21.13600376735245,-21.76811548881042,-22.15126148508235,-22.09202775186271,-20.178421374718777,-20.18090808992951,-22.747304381970483,-22.873463710720525,-23.37744322612792,-23.408959676108317,-23.95077941520196,7
113105.07+610405.1,0.337056,-22.897564410931004,-23.017446183688637,-23.219346213812567,-23.33247548239581,-23.418182999872645,-21.986795888727404,-22.48355875085093,-23.600471359786045,-24.098126735044456,-24.351467267129845,-25.2939234939352,-25.91354764134246,7
113109.24+263207.8,0.244005,-23.016922903837195,-23.04510944071548,-23.20229088543437,-23.342415834259537,-23.299891296892618,-23.111126535028287,-23.233984930206983,-23.995883268167702,-24.21306401425684,-24.83986281581832,-25.15108582990238,-25.73276201794416,7
113109.48+311405.4,0.289477,-24.103834376236662,-24.28783076557292,-24.378909614128485,-24.51535465369812,-24.652210650424543,-23.84034123074648,-23.80821685108572,-24.815910135106783,-24.9646908343929,-25.339234478214568,-25.781595948886466,-26.371138425998616,7
113137.16+155645.3,0.1829,-21.48096860124628,-21.6945044606564,-21.981684622213617,-22.221417655185903,-22.27739523710555,-20.720610497117608,-20.963661028221235,-22.46512291951325,-22.886098373903533,-23.26670558214298,-23.51232471521903,-23.946452738985958,7
113210.55+133509.2,0.200705,-21.912696962078307,-22.15440593815854,-22.374773640443216,-22.59183600525084,-22.614814994564775,-21.991910198747128,-22.19349855911612,-23.213155381811816,-23.73108751979144,-24.12945850339547,-24.689999697185957,-25.27384775225136,7
113305.53+365242.6,0.250539,-21.67789737737825,-21.959154573093453,-22.316399215209568,-22.61965371687405,-22.61969978618636,-20.92834296767501,-21.02076753627448,-22.435690162566782,-22.88426702006813,-23.31096998800782,-24.171777924920868,-24.79226620505195,7
113320.91+043255.1,0.248089,-21.49747152960774,-21.819114351920973,-22.154566755718093,-22.453177611437443,-22.427818391715387,-21.016626467345752,-21.265907695481417,-22.88804590205635,-23.056818762656285,-23.152689825193235,-23.837019774332436,-24.302390514549195,7
113342.78+353135.4,0.202025,-21.52188947239285,-21.77935585387094,-22.118249228957577,-22.33794978696695,-22.24490873530564,-21.14866695467146,-21.62062739058119,-22.757425634393535,-23.51377755670255,-23.94496782071035,-24.507232848610293,-24.924801063573963,7
113410.40+470057.0,0.277,-20.877457249407,-21.123788818120197,-21.533012352463377,-21.802441415276828,-21.82540347400201,-20.96723001973846,-20.92182965940713,-22.631626886212803,-23.345890775334546,-23.584668604273336,-23.70038085425513,-24.20015506503287,7
113447.34+100736.4,0.261068,-21.723139325318503,-22.071088995545043,-22.5119758847497,-22.76867565501078,-22.854494776459276,-20.66879534573196,-21.356796838722847,-22.91576124172413,-23.016201171735297,-23.56292256109859,-24.238211823356945,-24.72925786555372,7
113541.20+002235.2,0.175253,-21.66674203374273,-21.788304401707435,-22.082526437531616,-22.253547200481872,-22.2997788205186,-20.76956653013105,-20.874525775672694,-22.426054506112788,-23.091850687187428,-23.598467494869794,-23.54180694125393,-23.878755492075907,7
113655.95+343236.9,0.192635,-21.48238978878164,-21.92398491596234,-22.25495546295377,-22.39167256969964,-22.40972117679568,-20.41416477293238,-20.99416498655166,-22.912716203166227,-23.245452174514508,-23.98328143425316,-24.31364649521592,-24.697039421640813,7
113706.84+013947.9,0.192603,-22.320563958448844,-22.37845715320853,-22.583972600330195,-22.973409474274764,-22.78168526476608,-22.535342295847386,-22.67676476103661,-23.18328679707505,-23.497255982043534,-23.96700345258317,-24.3893285810691,-24.801646167621254,7
113728.09+621752.7,0.305,-20.635468337581084,-21.098276812612344,-21.614369754874808,-21.956787939767565,-21.9180246799586,-18.87660172695901,-19.72774525927589,-22.18407672781231,-22.9824282541444,-23.197448813845792,-23.549992363830928,-24.0891655508674,7
113829.48+330222.0,0.356301,-22.148437986808176,-22.482540560465843,-23.03920262616986,-23.229059694530307,-23.345179063980964,-21.885333080862303,-22.10028516810653,-23.134697177359627,-23.00931192322928,-23.910921682216987,-24.504037445785663,-25.05800516593931,7
113842.84-031403.2,0.21248,-21.48432775653687,-21.706584855731315,-21.920793552789743,-22.012570665910392,-22.05104920509248,-21.34900521190278,-21.693050681699884,-22.087401311322807,-22.49121087403716,-22.97426115351798,-23.884388666560422,-24.31531547814369,7
113908.96+591154.7,0.061,-21.681513605516464,-21.619773985712506,-21.864520200119227,-21.80547473310743,-21.72011477656208,-21.29840137416738,-21.240098815524163,-20.993744220049926,-21.24133593067486,-21.608101956283768,-22.826332449925623,-23.333104826045428,7
114010.12+102928.1,0.149845,-21.847420747843877,-22.158879258297365,-22.514302014395916,-22.745250071368464,-22.66677536910576,-20.93539911124534,-21.429110646460423,-23.06350696095597,-23.444354577150627,-24.000993303277284,-24.35373114963624,-24.83655217201129,7
114039.86+414545.9,0.238504,-21.75705791487985,-21.85255691614499,-22.067113296099837,-22.32393512606928,-22.3024568060853,-21.76108384018703,-21.885605439610107,-22.449292281011257,-23.02083118310723,-23.750626615241533,-24.08337837403174,-24.63748465891472,7
114231.81+250338.2,0.1842,-21.94780740009458,-22.13257955706333,-22.378214531859214,-22.513975300847367,-22.445724320873715,-21.898051333765896,-22.18198348073791,-22.978326927438196,-23.630930947614853,-24.271265611170715,-25.303256854845635,-25.641889390941163,7
114330.98+643248.5,0.124,-20.155519082263467,-20.38170843596098,-20.801141022025497,-20.907245595895063,-20.93508859666228,-19.532275585032757,-20.23395982127057,-21.564294186912736,-21.67053348147285,-22.177233142054185,-22.36935143014328,-22.641454316405177,7
114407.29+021038.7,0.216357,-22.045034981284697,-22.20741545712174,-22.426403154202387,-22.68476756824153,-22.57221477973978,-21.75883761192909,-21.97036830897206,-22.693140389896737,-23.030504451108385,-23.62388628520582,-24.07913757398247,-24.41668707098001,7
114421.47+432206.0,0.219547,-22.06347630631541,-22.135500973779603,-22.413151624362804,-22.7106172524632,-22.68704417147098,-21.97432536917737,-22.07892080106752,-22.818058041125862,-23.258808256143592,-23.759719436966925,-24.22516654062708,-24.597372758294107,7
114559.55+461309.1,0.154,-22.050456985858165,-22.1342062014428,-22.35172837799454,-22.669544278983437,-22.59296285223036,-20.682170351241886,-21.045727881161884,-23.086218983112,-23.42758212940233,-23.807897280859795,-23.86151685718261,-24.23487353023989,7
114609.26+352427.3,0.322378,-21.00274382109141,-21.3118235686477,-22.001942630689054,-22.33649317759209,-22.261759981121312,-20.62521431115641,-20.98811301881702,-22.68479491193868,-23.231097358987697,-23.084505920014628,-23.15629331136189,-23.448807695462364,7
114646.02+371511.7,0.295,-23.389451235019298,-23.476243914975647,-23.65662401974065,-23.627094481664194,-23.722547838349865,-22.99713623331489,-23.311156196159008,-23.979688221151807,-24.493785876619583,-25.114577728065782,-25.67310373184969,-26.220497214047374,7
115013.88+234602.1,0.3548,-21.576322362732856,-21.808780618710905,-22.304902454011536,-22.50454084624295,-22.483404681674703,-20.657727295564136,-21.09783093187565,-23.025861376108576,-23.22324599525715,-23.736986870654725,-24.12917431605503,-24.759502082432338,7
115050.71+353149.1,0.204653,-21.99228618096592,-22.10831352927792,-22.31901490609543,-22.43754499233288,-22.418227802441383,-20.881093007207564,-20.952638909315635,-22.595758550699003,-22.826759426979827,-23.331779484907432,-23.57257275847115,-24.04603173147571,7
115306.70+223629.6,0.2099,-21.61931246205378,-21.88480518043392,-22.15881351568228,-22.27230951959732,-22.293898401235165,-21.3569658070022,-21.41950236893262,-22.405109976153483,-22.846860257661767,-22.89105606018647,-22.884223146522565,-23.322076425050334,7
115346.15+561935.2,0.129,-20.570368924092417,-20.78832300474147,-21.18485465978815,-21.21553876121459,-21.258975590035973,-20.15252575113935,-20.19589066474997,-21.43091377802411,-21.686554611408543,-22.03148854446426,-22.247995771365247,-22.477892680456566,7
115349.26+112830.4,0.176068,-22.94079969380292,-23.006809695397457,-23.15565963401114,-23.458295473756056,-23.21735502925369,-22.68599160085972,-22.75501048450532,-23.62529902848771,-23.922498318160724,-24.52997226938347,-24.753307008133586,-25.284287561655606,7
115507.95+572228.4,0.292663,-21.79917830630598,-22.08106518391876,-22.390229654164624,-22.600985438619585,-22.722921467528888,-21.61979304490451,-21.385202533064035,-23.416041708719916,-24.040580181517655,-23.680179040221155,-23.887646889310297,-24.46487294684301,7
115509.55+223838.3,0.1814,-21.17257610409408,-21.31096982841969,-21.59621360587097,-21.815401782190445,-21.809477658141983,-20.62659942308961,-20.843075243571576,-21.94179049765205,-22.301344766944126,-22.782635990330515,-23.68235841213643,-24.138812280182943,7
115549.42+502117.2,0.284344,-22.34170582224088,-22.676122674164333,-23.00808644851912,-23.150674248660668,-23.23634896541994,-22.017452178843893,-22.25215780361062,-23.482338059626212,-23.861382875576897,-24.38128415677777,-24.786349740200905,-25.416462851514627,7
115558.97+593129.2,0.240834,-22.16198299364811,-22.336309853732523,-22.617405377524367,-22.73728242171377,-22.814372221674567,-21.73571328949677,-22.091029631984757,-23.08469377572066,-23.541801356744333,-23.87599978297466,-24.42465460913564,-24.96405780847248,7
115755.47+001704.0,0.260553,-21.354568288675367,-21.58922612274332,-21.885671155937576,-22.04947315386444,-22.059701600177203,-21.311182744722988,-21.403960148879985,-22.44406797814749,-22.74149787281297,-23.179602468626427,-23.71046574084529,-24.207225801566278,7
115757.72+261325.2,0.32455,-21.813060490382338,-22.18398956430829,-22.718933942869185,-22.909940542827293,-22.975431708875107,-20.825779673947466,-21.52986226725603,-23.526529236709884,-23.817947118922348,-24.344869638241786,-24.84832871424746,-25.392437188107785,7
115904.78+361850.4,0.299888,-21.504852364468345,-21.760318777078545,-22.237138717648005,-22.361503344325943,-22.52502530210508,-21.15616224499567,-21.38698807277305,-22.65953368493996,-23.119282050414174,-23.696079521600257,-23.840546678513643,-24.35460638119349,7
120108.79+571205.3,0.262104,-21.75407379085605,-21.908112685139564,-22.210914858515068,-22.414015933448933,-22.443629415023175,-22.04377973248702,-21.266182997378568,-23.008890979412875,-23.28530431447744,-23.7483843691551,-23.77201900672566,-24.403927458262796,7
120259.77+180714.2,0.2427,-21.691699097657114,-21.855400840411544,-22.034599884713643,-22.281720229092016,-22.1896195195726,-21.58077268752984,-21.67854866599837,-22.062734648360298,-22.37754869054025,-23.171506394454436,-23.21517687742608,-23.643865006396503,7
120347.69+520749.7,0.177681,-23.485230772808087,-23.57643919015516,-23.80434140651708,-23.87457338822972,-23.671936105751968,-22.64154779513284,-23.04654796853921,-23.58212303867932,-23.879449640011373,-24.28136380248981,-24.99550282383069,-25.51507985148154,7
120401.38+345434.8,0.352549,-22.10901741433326,-22.375320037510047,-22.711916074274463,-22.90268234077053,-22.92295060988396,-21.86354544799429,-21.823866515484998,-22.68868540133292,-23.49740710822397,-23.411480270512747,-23.76857432333322,-24.3722530072859,7
120433.00-014228.3,0.202209,-21.348670380001057,-21.443214330133184,-21.71724170007267,-21.87087071065193,-21.95625900172239,-20.591415048728912,-20.74123459543658,-22.218467505270283,-22.64719569820548,-22.799661173680175,-23.665059988748865,-24.20255051267009,7
120442.10+275411.8,0.165,-22.017117485037943,-22.03220190141416,-22.32700538412417,-22.663555209270594,-22.497127787071744,-21.614872030756715,-21.66517891260492,-23.604168423320303,-23.95413303955484,-24.59267998109824,-25.105083478150792,-25.531460151337026,7
120713.06+174843.4,0.1485,-21.66899456889109,-22.08313204723718,-22.55732599243092,-22.776092589263214,-22.75009243910783,-19.36501118612824,-20.54394969201246,-23.023318034635047,-23.525706919322,-23.96077963402368,-24.59272816664788,-25.12808975617243,7
120802.73+653238.3,0.237012,-22.251577453230084,-22.323962703316887,-22.562259407970444,-22.73948530660528,-22.734043246144143,-21.85932939555609,-21.85846151945463,-23.05559057777045,-23.197091013770187,-23.76672376276144,-24.173203247466816,-24.70255037226029,7
120944.81+023212.7,0.238532,-22.07562760412174,-22.302241769349063,-22.59790712208087,-22.749314886637507,-22.673019147892752,-21.39324038845887,-21.34605611286292,-22.578762723038825,-22.954540603729672,-22.99154633910921,-23.46140368679108,-23.98227064162716,7
120945.20+321701.1,0.1444,-21.280696989456825,-21.61248358441401,-21.875799582311732,-21.969452909248904,-21.96260103748945,-20.45061681471169,-20.79825456157797,-22.04972222916335,-22.78046404329297,-22.91524868692412,-23.966575809766336,-24.357331315549438,7
120950.85+554113.1,0.339,-22.218248555974945,-22.36464800197783,-22.784503093459385,-23.03631772942118,-23.171491630073064,-21.239593744151808,-21.80952470451184,-23.562374842047674,-23.938915992986523,-24.38689772349938,-24.448729429379743,-24.91749629119088,7
121018.34+015405.9,0.216264,-22.433270634080674,-22.520818349934142,-22.698843748348715,-22.83874991931366,-22.79997652145694,-22.10186741783472,-22.093450416626265,-23.11073727630272,-23.421887246563912,-23.801093480612423,-24.37015197262233,-24.75698841006759,7
121045.63+272536.4,0.23039,-22.590192569935517,-22.65958642102298,-22.82839144073517,-22.956695693828376,-22.9256119579828,-21.80413542143223,-22.066564118685637,-23.463385927214333,-23.81280628836204,-24.227802500525332,-24.56828205339701,-24.94534849258871,7
121114.56+365739.5,0.171,-22.37503063726361,-22.5170382928513,-22.77978824182666,-22.90193857671554,-22.85182251067974,-21.719407096959973,-22.02359684122268,-23.20322973047337,-23.56986665971697,-24.074513176804995,-25.132923591895523,-25.644939037526235,7
121224.89+185920.1,0.2154,-21.94581523501456,-22.112425839576684,-22.423438416744585,-22.782492977333305,-22.590116641887477,-21.18726902409276,-21.36009639313204,-22.26134928918573,-22.14503419951287,-22.8429101322954,-23.6627630167086,-24.0099491855679,7
121301.70+421224.2,0.201943,-21.067758785804244,-21.73776435896428,-22.128142403649225,-21.99460049497576,-22.226917295894832,-20.475592486327177,-21.14151068235685,-22.17082712774725,-22.39349837725966,-22.46046083789399,-22.021429468644243,-21.995912734072327,7
121425.55+293612.6,0.308589,-22.75546995572717,-23.03082594345228,-23.26471111284103,-23.399430892859822,-23.73732505610849,-21.94387322755995,-22.181664508099065,-23.435448280107085,-23.73407608217333,-24.1761805393517,-24.79386452427992,-25.263123092242168,7
121722.75+614628.5,0.211985,-21.07045114112772,-21.2766586250506,-21.566837617585843,-21.791268024565596,-21.81882065783595,-20.951488290195652,-21.02532035456808,-21.63749705659828,-22.687292630056945,-22.590380276582888,-23.069544595766725,-23.536508986714644,7
121724.32+314546.9,0.699427,-23.54782392197341,-23.777066505955545,-23.97376778807395,-24.12472627246937,-24.20082341269759,-22.55917605198595,-23.267190727270155,-24.375611471943213,-24.63813636200376,-24.72535064208205,-25.180037407805084,-25.797638277075063,7
121752.16+333447.2,0.177769,-22.289795929377068,-22.38077831217716,-22.607129011594072,-22.70869414395097,-22.67106015060232,-21.8028616540394,-22.019491475239693,-22.958078924517302,-23.53875064182957,-23.847969835921276,-24.45886086204924,-24.879193031643588,7
121830.84+183458.2,0.1973,-21.77236786151497,-22.16253074982709,-22.608570372823596,-22.81764689002688,-22.760311111456502,-19.94408214429916,-20.388192366496977,-22.979288401411484,-23.429691260553543,-23.827712677746,-24.56969463284629,-25.134511220978297,7
122011.88+020342.2,0.240373,-23.99922787874521,-24.118608376846883,-24.25766773364726,-24.509282980779197,-24.477809543282707,-23.881517812331666,-23.75468948123305,-24.616204732275676,-24.87852930247569,-25.30472054939069,-25.786410015089555,-26.271688488630364,7
122018.43+064119.6,0.286705,-22.6095820846793,-22.74326931810213,-22.941315847098156,-23.144629552650763,-23.18194211339154,-21.908763040600505,-22.07122581366417,-23.353194015544474,-23.853747053806376,-24.46339724671806,-24.88762009232446,-25.52922707334365,7
122549.28+472343.7,0.318757,-22.216454681750943,-22.42220912089287,-22.628133892008563,-22.756616805032536,-22.60226619384339,-21.792163157585268,-22.01795506790677,-22.81033974512954,-23.132846492493076,-23.185375956360215,-23.578509592660687,-24.21645719595708,7
122657.83+671624.0,0.153207,-20.894056126118265,-21.207137052556345,-21.66699134736993,-21.77579326395519,-21.86918140100137,-20.084797422083216,-20.471016895651932,-22.53407037984849,-22.720333674974288,-22.89801224299613,-23.00348776237693,-23.42553477714792,7
122734.51+351650.4,0.258872,-21.25950071196675,-21.552008939372325,-21.84036885591152,-21.990147978893496,-22.015197224956,-20.107095142061343,-20.66128394136475,-22.13723254705709,-22.765581494579365,-23.444329177795986,-23.317977893237945,-23.92988503226055,7
123022.17+662154.6,0.184649,-22.49803305352553,-22.593274371607396,-22.91962999939069,-23.13082777393858,-22.99886349176225,-21.9462594191838,-22.18026047331882,-23.54561905759276,-23.973859117775213,-24.49362327678906,-24.916058855544893,-25.42451896887453,7
123106.38+315149.9,0.317122,-21.563426580434022,-21.780980274770243,-22.101669714006643,-22.317593740447087,-22.359387880653983,-21.64418315263877,-21.692484971906,-22.71672662713152,-23.119457965356368,-23.43633975873082,-24.036702064512863,-24.70532466665518,7
123220.11+495721.7,0.261968,-22.12011568571389,-22.42726715543282,-22.649223107421268,-22.702617497466253,-22.76126703049122,-21.66271232121069,-21.985729471466957,-22.71248507572118,-22.99914421100937,-23.64955106591189,-24.57087249371024,-25.046603418119485,7
123245.40+353902.3,0.224924,-21.354605412596904,-21.504948164612887,-21.78163698769619,-22.0389024577824,-22.003793305052167,-21.41561300810305,-21.444162189906503,-22.436351182634013,-22.84989415549211,-23.181877344334737,-23.57723937953185,-24.15252854981092,7
123341.67+310102.8,0.290983,-23.090108566078253,-23.38094122761804,-23.73353996945972,-23.87687542544801,-24.04702377797388,-23.01661702460962,-23.24400467028346,-23.80322188477409,-24.097911608389936,-24.434306608989072,-25.250214236594203,-25.807510276950897,7
123550.26+180242.8,0.2536,-22.631579167413868,-22.72817598284791,-22.99780652582604,-23.13064889123921,-23.16147849389706,-22.11153418080331,-22.32078769565877,-23.396151027562148,-23.86603793682652,-24.145952624850874,-24.939329318308005,-25.550447097444337,7
123604.02+264135.9,0.209152,-21.953091269635568,-22.05569749403712,-22.361190990094304,-22.55356559497743,-22.577179856349936,-21.763300821815623,-21.99100962525972,-23.009215064952944,-23.478363307576483,-23.95412115352613,-24.688666988745403,-25.22785374864312,7
123657.20+265701.2,0.227502,-21.933731828774352,-22.145507902507717,-22.45564508226585,-22.52653284672692,-22.08954360076164,-21.139712588949745,-21.51850108838205,-22.8679164294677,-23.291647282537724,-23.81021342671412,-24.407672106825725,-24.766965485711665,7
123658.10+455354.4,0.234828,-21.576433412820656,-21.57347744890112,-21.74637472035348,-21.887253025317268,-21.912728445309224,-20.88641569894564,-21.358595556304792,-22.538942394060065,-23.08718536057787,-23.76723910554876,-23.93745702347576,-24.536681331550867,7
123958.57+490540.1,0.235803,-21.42493647132967,-21.632177365223573,-21.941005160601165,-22.119977750576357,-22.03289387361907,-21.33112770403354,-21.26732616944213,-22.23926400441736,-22.717426713451992,-22.8785217817304,-22.992084966029797,-23.59598629329844,7
124007.78+324458.0,0.36344,-21.53235013884897,-21.89926432389317,-22.64908357721716,-22.872911417546295,-23.003215726747012,-20.84670255388312,-21.15113261597472,-22.96654425678276,-23.839971693428343,-24.35845873834112,-24.62081154907792,-25.18838202423367,7
124028.49+374127.8,0.319784,-21.294605855535583,-21.595915847440533,-22.022754287577207,-22.24042022043421,-22.331527222307788,-21.26462239962064,-21.08853452216544,-22.482775232877746,-23.0127330887855,-23.457215879954123,-23.74489291697562,-24.27630978133447,7
124441.41+585626.7,0.197335,-21.087791027477085,-21.360632484400423,-21.6977353983408,-21.782432757358045,-21.836907842038435,-20.670831558169287,-20.957436245107075,-22.231424074406775,-22.724256913743925,-23.177917327375773,-23.25071488003769,-23.68960937555725,7
124551.03+032128.3,0.227239,-22.157745713998303,-22.348960299105777,-22.646672658916472,-22.96685078453553,-22.95148220777584,-21.038215074975355,-21.53499616693948,-23.176849373938246,-23.44418029619075,-24.048359321254697,-24.272702260899155,-24.88189875558286,7
124634.65+023809.0,0.362629,-22.01229504286323,-22.37638506113693,-22.747401362265627,-22.888990368335985,-22.91937279057648,-21.15928667401421,-21.643257524498804,-23.292474745397225,-23.464204258830744,-23.862271652734066,-24.08746125787406,-24.83327257726698,7
124635.15+414114.5,0.362965,-21.25536444448816,-21.501513826903015,-22.12319391610609,-22.360941887103216,-22.38069136523841,-20.451463817154806,-20.717279045224736,-22.602186244672836,-23.339609139430927,-23.743371891455467,-23.67113874588662,-23.98286123708625,7
124711.86+293910.4,0.1936,-22.334046550385946,-22.379247604132253,-22.504883329607985,-22.706778163682035,-22.57539494073677,-21.753288948289075,-21.80793590233986,-22.4708762521837,-22.70715373850297,-23.24437901457388,-23.691612554485104,-24.077648392468184,7
124931.71+523039.1,0.161769,-22.566449200227687,-22.61381820043958,-22.74066942203171,-22.8642894560028,-22.68275604986733,-21.72702527603022,-22.011824492843544,-23.07418978787352,-23.32521876392404,-23.79946381740685,-24.28658383139561,-24.742520033473504,7
125142.27+240435.2,0.1885,-21.49445968280128,-21.663258580584092,-22.13559150678741,-22.4575994549129,-22.290280150956,-20.953714615622417,-21.241682566994964,-22.727994119155387,-23.04392635823431,-23.71704915222133,-23.897215726496047,-24.40022117752401,7
125327.70+145456.0,0.253686,-21.622486930250265,-21.856584240888225,-22.18286764977615,-22.50227465951428,-22.687833431114,-21.10592030567292,-21.54343627959075,-22.307879802270374,-22.66308880775759,-23.106251747292223,-24.015242674144083,-24.43380522960345,7
125456.36+631848.9,0.308,-20.588560497667327,-21.042028084102224,-21.54654539656857,-21.813016862748203,-21.9259999937005,-19.325865518146674,-19.814507633931026,-22.27916444566304,-22.66622373792821,-23.654870395849745,-22.774686313822965,-23.19852915468278,7
