SDSS_NAME,Z,M_u,M_g,M_r,M_i,M_z,M_FUV,M_NUV,M_2j,M_2h,M_2k,M_W1,M_W2,community
125537.09+423733.1,1.208858,-24.887753676069124,-25.07790478486145,-25.33237228992424,-25.497830972644817,-25.72016092686399,-23.573379670818927,-24.884525823236228,-25.86799258700057,-26.02273627176852,-26.420167959613387,-26.562707888069,-27.454490530734443,6
125547.61+401230.7,1.085,-24.29571378820668,-24.43175909607053,-24.757965455432736,-24.951397233562734,-25.116649056794568,-22.13382056332084,-24.0734147171746,-25.021421892768004,-25.306409316200615,-25.38428655674944,-26.101906779413177,-26.96336004326057,6
125645.80+141426.8,1.736095,-24.72321875308256,-25.00609488958296,-25.41455884923437,-25.672600196600325,-25.898456688544695,-22.10144637415832,-23.87418619618028,-26.22030842181491,-26.560473844513208,-26.265991286044283,-27.36712802552266,-28.26125496746561,6
125704.21+063559.2,0.5735,-22.98953143198034,-23.46151470045752,-24.036124274790826,-24.194188970776917,-24.45632286395317,-21.791116117579364,-22.07216197880003,-24.288173193417208,-24.6106667162675,-24.62659512912819,-25.48908116658315,-26.380240858056386,6
125719.53+005018.9,1.525629,-24.951072919783893,-25.202702118155155,-25.630368964691527,-25.81783972649012,-26.0909937831756,-23.199602137022488,-24.743802791389744,-26.57712174430142,-26.92739204474802,-26.841759089402355,-27.43744360991192,-28.35696116795385,6
125739.20+144806.2,0.821742,-23.802095446500815,-23.90853256425141,-24.22758936269259,-24.364322197736687,-24.520409686724832,-22.593126119745488,-23.687787825599035,-24.535840511106027,-25.59755833178586,-25.632393596826027,-25.71224035416872,-26.538500805595405,6
125944.09+445444.1,1.392,-24.698146075587037,-24.82143186132153,-25.07691236917162,-25.25710486441665,-25.515304247110823,-21.67768974805423,-24.23425995340164,-25.4035994588303,-25.853556352971285,-26.0042038769627,-26.34092924816326,-27.216838432418488,6
125949.76+251842.6,1.0773,-23.315355046824543,-23.4053416522574,-23.755515634514246,-23.8528903373848,-23.998896405504823,-22.24341476885011,-23.193000529272265,-25.37304056206797,-25.774199986929723,-25.30432171225312,-25.308607588628742,-25.910783037569946,6
130034.99+024501.4,1.284967,-24.112683081268028,-24.50827594798381,-24.989524614447987,-25.258660859592545,-25.56986573791096,-23.15153945054578,-23.96798123873033,-25.80059229031724,-26.07576603340493,-25.8889581981585,-26.76852242607831,-27.77126274815741,6
130100.86+281944.7,1.361,-25.1976986849638,-25.386099629189488,-25.72726683150552,-25.90295119317553,-26.18118462865841,-24.586564993043503,-25.529737713004128,-26.411779996324345,-26.63123108847696,-26.678700073256277,-27.603894594381032,-28.54234681845509,6
130104.92+244859.0,1.0334,-23.531622123704285,-23.63474834498652,-24.01150799560366,-24.14721826946977,-24.4315946531251,-20.20642764694275,-23.538606634147108,-25.077932055361185,-25.520217494666884,-25.53331320449593,-25.867833071160323,-26.77073240322654,6
130111.32+312922.8,0.354211,-21.914645852976143,-22.150008371582803,-22.58607680053233,-22.74191543323308,-22.81052011862469,-21.65975127175309,-21.798437390501363,-23.21302998415944,-23.77511263398613,-23.896854140041096,-24.528819389736377,-25.30939764820892,6
130153.78-011411.0,1.718,-24.791780635997338,-24.972478626089032,-25.26628884847644,-25.384453722170687,-25.6647048315157,-22.485159684038507,-24.274940429320758,-26.008025620038637,-26.36651344019538,-26.869322348583605,-26.874363947148908,-27.876601369389128,6
130159.15+152422.8,1.521483,-24.65447850139788,-24.79134882717042,-25.049094850957022,-25.17447941343421,-25.40579998522013,-22.754889618873055,-24.12497626207743,-25.61762372643159,-26.06903546893741,-25.900512765489506,-26.463900925047945,-27.356791755440444,6
130203.08+265809.1,0.994,-25.103437816456847,-25.17790930973533,-25.44917264371271,-25.513568084819923,-25.643501517746166,-21.309524825357144,-24.57720226474899,-25.587331948537425,-25.75704657647833,-26.25384421031127,-26.85485864932828,-27.66918045368885,6
130236.35+305146.8,0.914,-24.221889707202603,-24.396857822361987,-24.730481792189867,-24.895866766252936,-25.121034425330382,-22.305832782678664,-23.803333755047937,-25.138479054754782,-25.66100816747232,-25.863083141746294,-26.450097205267987,-27.23422790719751,6
130313.02+281107.7,1.315,-25.664206140193787,-25.863019719994163,-26.06267657951423,-26.17781539236661,-26.45128369051023,-24.643719191311327,-25.839784180199132,-26.315041064959814,-26.46305715051704,-26.4969743644904,-27.6461427697788,-28.541880405521635,6
130537.33+283007.0,1.141962,-24.46085219759553,-24.516321164079937,-24.92673570069852,-25.072502041375078,-25.24559736544505,-21.531601397112272,-24.247456689553267,-25.25103341455568,-25.54990247343544,-25.824895323448143,-26.14480834544885,-27.07874359129769,6
130641.67+414827.4,1.161612,-24.271770064774486,-24.533776099187595,-24.91950851722346,-25.1752842662442,-25.58560718857808,-23.076290974258107,-24.12696533434959,-26.14955518526416,-26.322724392802616,-26.416324271214904,-26.737223340968225,-27.59942592904898,6
130646.77+200910.4,1.167,-24.748385113835795,-25.10902279245051,-25.504730181443566,-25.61603777974165,-25.84426869240472,-22.84163669546685,-24.629378251953305,-26.104468507449948,-26.0062487501952,-26.557794143458345,-26.670942674215425,-27.490333343130263,6
130725.11+371042.1,1.775193,-23.800889773737044,-24.094817299486163,-24.445561322561723,-24.645507192872262,-24.93970717825727,-21.36798108484593,-22.884693578426567,-25.936426222483718,-26.20933585861302,-25.290131079678687,-26.244864307136503,-27.143190766092395,6
130729.11+533552.8,0.806242,-24.137160804151037,-24.48256290342334,-24.797571797534168,-24.953922730877157,-25.083719219647243,-22.062954231952613,-23.709470143925454,-25.338060580270856,-25.16328614750813,-25.42382432763917,-26.1856492095574,-26.96129916408165,6
130741.65+512803.8,0.9,-24.03923505220326,-24.233748004001168,-24.601210111558565,-24.69362303568621,-24.88436722380029,-22.65348117762028,-24.06707254474285,-25.179479818667694,-24.9115092167921,-24.823577451869035,-25.904186065451327,-26.892970501413664,6
130753.47+115803.3,0.97,-25.24769786111052,-25.40322755109261,-25.727474023925662,-25.891854054611446,-26.09398895273418,-24.346778669511185,-25.100631567160946,-26.080183997390545,-26.07444326923452,-26.49039915861376,-27.004773516668827,-27.8861158542291,6
130818.54+125524.3,1.477,-24.00200707701664,-24.39746541253484,-24.85180716624054,-25.082016806525647,-25.423642000733853,-21.914136042712453,-23.608362547379727,-25.48124283656813,-25.88631417864929,-26.184972023481148,-26.668885589488912,-27.61054883087752,6
130909.19+561241.0,0.664543,-23.586622031117702,-23.920079722562136,-24.192219402561847,-24.3012739305263,-24.469514410211445,-21.98527678276132,-23.185665025942946,-24.649613743125663,-24.85299990805002,-25.009685072902016,-25.635946436773896,-26.610176845932457,6
130909.74+555738.2,1.63429,-24.85991029880983,-25.12386423077953,-25.385562578514516,-25.48190857973596,-25.70353968883973,-23.135777780164428,-24.71877781199209,-25.7766685067444,-26.327670579800728,-26.06750702014009,-26.690377739309863,-27.67467342721496,6
130928.92+260748.4,1.402,-24.808787295262988,-25.0234452731791,-25.327284970859434,-25.35104012906499,-25.58315504006219,-21.440407993928304,-24.54781757083233,-25.98719785561182,-26.20626116166532,-26.36572243949775,-26.78047367640242,-27.71077017597688,6
130943.71+254336.0,1.3803,-24.996365969443207,-25.13075951052707,-25.441973026270507,-25.577931140847443,-25.835372383149657,-23.931605862930645,-25.11165243125721,-26.07068005457303,-26.26437075979201,-26.15645952565252,-26.81489675740031,-27.733358558152048,6
130952.89+011950.6,0.54666,-23.523372227616328,-23.767141838925447,-24.2288431150418,-24.381205537549413,-24.649397666863564,-21.876839290343405,-22.896721658808065,-24.89979274444711,-25.106102441188803,-25.510510538454174,-25.800991968096984,-26.69941759793963,6
131006.87+010427.3,1.312271,-24.256823640220123,-24.804788034876964,-25.122911824565648,-25.2725668883902,-25.5523362676146,-21.64114709378777,-23.51657688020692,-26.05339814712708,-26.060280653416054,-26.490638547425803,-26.628917291130914,-27.57666157304863,6
131011.60+460124.4,2.142306,-26.394610995849824,-26.501570585852495,-26.82589772196373,-26.899667810729227,-27.10371398983647,-24.648978109998964,-25.21104470576253,-27.62091342733741,-27.870826295332986,-28.30058101943028,-28.30087582071408,-29.30288996869577,6
131018.46+135012.7,0.97633,-24.13806968861249,-24.37141640507034,-24.740396264384177,-24.969690305107303,-25.15967395940592,-21.75991444984904,-23.79376291286406,-25.462425448684737,-25.31754923630375,-25.65653387213357,-26.337854498599302,-27.122626798791057,6
131028.21+150327.8,1.807,-24.46789551484505,-24.631108808295284,-24.989675176735613,-25.173678999742076,-25.4913483832376,-22.824467067320192,-23.936378945391244,-26.233056135138245,-26.04271727560777,-26.855187628403076,-26.23972261965792,-26.89303303958252,6
131052.28+405703.5,1.62527,-24.58116671575647,-24.83467552624898,-25.05580500999412,-25.19658995164673,-25.40171910185538,-23.60816061456392,-24.612898989714505,-25.75917477613392,-25.962775660246283,-26.285875404784537,-26.59968953050691,-27.50950655848728,6
131134.90+231817.0,1.5271,-24.12205310075864,-24.21645524376163,-24.47089481714459,-24.625512478026213,-24.90932685545909,-22.41582723193153,-23.095998723309965,-25.6214379478103,-25.60200204540972,-25.903896298618715,-26.02040062684648,-26.91056545697619,6
131204.26+494632.5,1.136,-24.69916083048673,-24.865516239266352,-25.21413591037062,-25.35423832607783,-25.535993912403157,-22.50201177003312,-24.521538517846142,-25.64923469916912,-25.62102114568417,-25.83481566155756,-26.75969441720122,-27.531338042204887,6
131237.92+085010.2,1.158142,-24.623417086695746,-24.768863626717927,-24.985477950429598,-25.10152759376505,-25.309116628446645,-22.920087336285928,-24.30830240228855,-25.803949512344104,-25.67709604892764,-25.25335647213446,-26.239161988673384,-27.131335448221996,6
131255.20+421632.1,1.246,-24.859396186612024,-25.32164816636633,-25.624070525515805,-25.6933482053369,-25.93796843805009,-22.461892175157065,-24.40107818767491,-26.179802055607173,-25.907998753282467,-26.044630067245336,-27.09830399317193,-28.026642758561582,6
131327.87+124258.4,1.725,-24.185723467749355,-24.702687752607684,-25.089786211031026,-25.29272342164669,-25.63999450923062,-21.088264779141408,-23.765024855272674,-26.211406064110832,-26.57210124296901,-26.701734526094267,-26.970586964762397,-27.840583006362422,6
131329.53+404320.8,1.049,-24.184783919884644,-24.239126712700237,-24.58613237137625,-24.81429477273236,-25.092334995156,-21.80721983314584,-24.543632200119216,-25.564705181827605,-25.67606555179628,-25.666691774260286,-26.4863996096628,-27.38284163737322,6
131331.86+455749.4,1.479891,-24.63361925064494,-24.70653435182837,-25.000022422612908,-25.16808886928729,-25.4232742132852,-22.701813162093732,-24.19652150454706,-25.570661312811044,-25.95534882588529,-25.907764751276023,-26.261859460733152,-27.236588390883597,6
131423.13+291001.8,1.099676,-23.62542437307347,-23.948621309052907,-24.41058587685897,-24.608570822900536,-24.88677469986778,-22.352689179821823,-23.731510709709863,-25.129459266744952,-24.981069183744548,-25.713615491517764,-25.91435018232706,-26.62930509780442,6
131549.55+411129.2,1.026925,-24.475051896050424,-24.561101026757008,-24.77666988259577,-24.926110352813755,-25.11404734756231,-23.44675209836557,-24.501298043586004,-25.40062999265531,-25.54480832963237,-25.303088739724963,-26.57268435322048,-27.373148386248136,6
131602.82+471032.8,1.428263,-24.738587708053675,-24.864924873195545,-25.192207096605376,-25.231713112506704,-25.49364781373041,-22.912249733624527,-24.415740031518776,-25.904095836308727,-26.236834026703946,-26.165806769410647,-26.542806125156755,-27.580457713996424,6
131647.99-002433.7,1.748818,-24.33004211439508,-24.632545731833574,-24.987314823344125,-25.13168289312255,-25.35314827978531,-22.95149295745477,-23.679225004233015,-25.9374666981272,-26.05354380492235,-26.37613497998925,-26.203249602784545,-27.275892365996352,6
131732.75+363059.6,0.465833,-22.77338560182976,-23.112358880024622,-23.618092670820527,-23.75291234788488,-23.99019204463532,-21.83696544792807,-22.20469571169091,-23.507517907176076,-23.54298159739736,-24.372768624814427,-24.848336161444955,-25.739029467178035,6
131905.51+193037.3,1.01,-24.327773785320066,-24.47952062548948,-24.78979954758492,-24.91231445751235,-25.102129172713948,-21.97323527011319,-24.24013914072181,-25.40961016254344,-25.271606129760432,-25.795015770836415,-26.04444736117435,-26.97126114964251,6
131945.42+290641.1,1.782507,-24.469877988982507,-24.768640066415863,-25.07539917989745,-25.140582217178466,-25.3937551412066,-22.635154817105704,-23.89147699944256,-26.259220639653105,-26.76406447623707,-27.20982393175717,-26.290923651941423,-27.330973342898307,6
131956.23+272808.1,1.014695,-26.286982347949834,-26.416710431475902,-26.68032770667268,-26.763906593312925,-26.981780341747115,-24.63431023146052,-26.138515173044546,-27.140444029852542,-27.10936185655613,-27.271836427506024,-27.899931054407197,-28.852931771179264,6
132026.59+403244.6,1.028029,-23.90657408266082,-24.12146720916048,-24.4836782331614,-24.666374500508688,-24.860418146096485,-22.193711558938336,-23.814429037588702,-25.237175774072213,-25.13767493350627,-25.419267695513916,-26.0088370551441,-26.830257547924035,6
132036.84+131529.3,1.073698,-24.966514104759025,-25.104044730646223,-25.39288380546742,-25.46924472085368,-25.694522433839857,-23.539390534491464,-24.673259993130703,-26.057746570846877,-26.18316549225475,-26.3156268488184,-26.867427328489462,-27.85805115844448,6
132144.95+360904.6,1.857159,-24.553453531030808,-24.809318543173134,-25.084515007979373,-25.13457455371427,-25.39122921584169,-22.961880836150645,-23.629093723642537,-26.01020022494672,-26.281454267922207,-26.377459931220965,-26.41136477108217,-27.450440051184128,6
132156.31+330929.2,1.017991,-24.130480746011795,-24.311949401541558,-24.728455494582143,-24.89687452302424,-25.125415345943864,-21.988566055848143,-23.6375269249023,-25.39427654633691,-25.39309876209393,-25.67203730628432,-26.28604064749537,-27.15201952016401,6
132224.06+482027.6,0.959652,-24.25699521880522,-24.421381758154716,-24.78223513906595,-25.013189535895886,-25.20421576995317,-23.58324160832161,-24.01935246105524,-25.452650205023613,-25.78401855263655,-26.039297077977075,-26.246973425721265,-27.066674806432463,6
132231.06+060325.0,1.444678,-23.97476048388433,-24.31961278128993,-24.764810708816885,-24.97980864291825,-25.266058858407657,-20.39479094921317,-22.78878159201213,-25.34888051320785,-26.149509278052037,-26.064318420118692,-26.327210445126006,-27.25739390194768,6
132231.81+042726.0,0.864109,-24.271931482727396,-24.393542967483604,-24.656507024641325,-24.844843772643067,-25.0182036199784,-23.232074469949776,-23.943931127901468,-24.95771402480861,-25.48329057572455,-25.18934079981125,-25.944612221686885,-26.891326056269094,6
132237.19+382943.5,0.808316,-23.624734162877235,-23.806912887250583,-24.15152045122956,-24.258295722679804,-24.431545761204173,-23.263473733028704,-23.65117177325061,-24.756304822194387,-25.25879091518208,-25.222306451039337,-25.839213082406413,-26.811012923448864,6
132406.07+262921.2,1.686,-24.905377356653855,-25.11772463261794,-25.50771345404877,-25.760054626304093,-26.05319555215721,-22.52994244545577,-24.25933268281566,-26.5498190456646,-26.841477019069877,-27.02587471577449,-27.28601423591651,-28.072189783348524,6
132426.81+564121.2,1.255,-24.468567614205384,-24.785178847484737,-24.940457245358576,-25.005540048982468,-25.19359649399513,-20.52022756747813,-23.824813607963844,-25.12975555864578,-25.59302749487668,-26.043090442128637,-26.61170361098196,-27.48465703550793,6
132427.14+341641.4,2.165,-23.03719227307156,-23.274092852970306,-23.85095722138148,-23.9597621432911,-24.138104655388577,-21.80445666284861,-22.158026400527376,-25.804762444901804,-26.11133943594417,-26.249061525218668,-25.06356794206412,-25.98938032103876,6
132645.50+612954.4,0.978721,-24.41559814889853,-24.57116944775104,-24.905207129444644,-25.0217046842308,-25.23006183003896,-23.2673951457206,-24.219778507522516,-25.323926668734288,-25.59600493211288,-25.79581346235332,-26.32665384481805,-27.21280687355117,6
132652.44+292534.8,1.209164,-25.741822421138423,-25.889078104178004,-26.18534641535986,-26.408649394836036,-26.690669094519464,-23.364291728511542,-25.612621212639755,-26.949016659887256,-26.94168882202872,-27.11515487934945,-27.63257191938401,-28.492089621050688,6
132654.70+213126.0,1.1013,-24.79994942897829,-24.80881779119813,-25.223197017140063,-25.40751797766978,-25.54356102549007,-22.09424532413389,-24.473022702951656,-25.88378643345215,-25.742001848015462,-25.732624522889147,-26.32584300212435,-27.225455170122107,6
132657.45+405018.9,1.735,-24.325922463731093,-24.917377267551448,-25.28083011619886,-25.4303386433176,-25.640018061766774,-21.17584811729016,-23.885285773222044,-26.23411451717588,-26.263666682074746,-26.624447820211024,-26.73812671245105,-27.730546236364447,6
132736.56+033128.3,1.59523,-25.2086998500943,-25.784455979167618,-26.254655400940354,-26.45857426095538,-26.72286300095572,-22.719321972093745,-24.69950309243133,-27.004950741182032,-27.37396152288253,-27.15116951176105,-27.973845343450986,-29.06120200717991,6
132831.07+075941.9,1.33,-24.64735021924502,-24.930373038108005,-25.277409544797663,-25.536478368253185,-25.825507212189777,-22.440089123442714,-23.790866185076013,-26.23687897593681,-26.428377168917944,-26.783955889058905,-26.808784633575605,-27.67323233883543,6
132843.42+015119.5,1.445,-25.279265899409456,-25.485423106440408,-25.75482660044818,-25.94058930267472,-26.141437312521365,-23.950667625003444,-25.4673116358408,-26.62232393747292,-26.760466541429256,-26.74992605145853,-27.33413558759317,-28.1996442308622,6
132848.89+372959.7,1.4003,-25.23035382327596,-25.412036537935496,-25.758277410615182,-25.925535192942576,-26.174509776301257,-24.013351860792408,-25.180114528665698,-26.46917585484637,-26.687314359244564,-26.708711663283903,-27.2067774977376,-28.09811642073228,6
132850.94+131216.6,0.942584,-23.857479317023305,-24.029021369251275,-24.367900044888746,-24.526241138873612,-24.72216846477957,-22.48257662644136,-23.505932787726927,-24.602144904240507,-25.4446463755422,-25.606289100523984,-26.06406339783981,-26.91074304357832,6
132903.00+513652.1,1.765,-24.97557903595704,-25.17197995320545,-25.52675802133093,-25.66136587929652,-25.97981164163059,-22.560665201121868,-23.858738666474764,-26.491242348588365,-26.515041162954464,-26.78017178359381,-26.725145711867757,-27.405959111412123,6
132909.38+313925.3,1.051288,-24.095475423480337,-24.42684995291567,-24.81472816097728,-25.02107985497794,-25.324274214568003,-22.11459264888654,-23.69260325021955,-25.80268943622629,-25.418804232321992,-25.74124083101712,-26.46349836171921,-27.32942156074369,6
132921.75+144431.2,0.981521,-24.245804150281813,-24.403436980730465,-24.676467371410645,-24.743091945375667,-24.944232917181036,-22.984544118144974,-23.67125937616677,-24.75182798055667,-25.242607137588685,-25.50745773120183,-25.896627621996664,-26.87124053432199,6
132943.72+363851.5,1.1477,-23.93838107364872,-24.14491377990198,-24.53165681779749,-24.779545907045545,-25.03838470795113,-22.87463393661431,-24.110128522730964,-25.27747971214966,-25.516787450785163,-25.91186550942597,-26.015366942797584,-26.76873038350869,6
133013.37+352407.1,0.97398,-23.689812647301675,-23.822960873056584,-24.3184364794918,-24.475243603526827,-24.6787533838284,-19.60342641918805,-22.17913069434135,-24.78997681040981,-24.980597068735797,-25.352907679403973,-25.829674378789782,-26.80675134519304,6
133050.34+351201.8,0.86495,-23.874309590197125,-23.902214160472624,-24.19660387438226,-24.370422328372364,-24.4960957422592,-23.38989700828941,-23.64068966720972,-24.927887501961923,-25.176813515197477,-24.973053699817594,-25.63132862687855,-26.46271826556044,6
133108.29+303032.9,0.85,-24.562443829328405,-24.65085140130409,-24.98199839992801,-25.21816736661539,-25.40835679443713,-23.400315669045487,-24.413767753894664,-25.625283286460988,-25.676466149761755,-26.37137622092926,-26.49890815281601,-27.158781719813724,6
133212.48+413807.7,0.565024,-23.503927468100997,-23.74084561475337,-24.080218116607966,-24.126233205028143,-24.37775330838282,-22.168155385618512,-22.776071744633,-24.41210001473402,-24.65880872645337,-25.15992155006403,-25.35309108565278,-26.3813571171623,6
133241.10+255221.7,0.931,-24.977001979738,-25.023685353675766,-25.31273912313302,-25.51084679590041,-25.79199585730984,-22.824307799054843,-24.466704594853077,-25.964005824808535,-25.995542542539518,-26.265188695973418,-26.960879755164253,-27.92409767888944,6
133248.71+395756.0,1.152,-24.830096732459506,-24.94051975503653,-25.187943721029534,-25.32821491461589,-25.58046336959888,-23.36006571854461,-24.82927936081542,-25.60078603840611,-25.7160096394862,-25.939150751656037,-26.806265301268628,-27.66781207988871,6
133251.34+305255.5,1.718493,-23.941162133708417,-24.177121517603556,-24.52633853602156,-24.711293903493804,-25.03190075534597,-22.272429750965,-23.145329654856525,-25.94458054588917,-26.16596522976352,-26.14853996103621,-26.279752221582918,-27.193034203521496,6
133327.87+191247.2,1.3319,-24.04635229984494,-24.33728275672657,-24.725881945585517,-24.936315857087184,-25.18421682359713,-21.703430598478374,-23.57780198439499,-25.446844697906226,-25.929903563755744,-25.794329395581094,-26.367744805641625,-27.226071591071385,6
133403.68+222347.4,1.697,-24.54987370479751,-24.920944369706618,-25.300802398288027,-25.44644897940524,-25.68285027805789,-22.243810539535964,-24.23935783449522,-26.044591347717205,-26.08805345203517,-26.468525289977,-26.88825159328133,-27.821877712077544,6
133419.73+523613.7,1.664452,-24.332859496709546,-24.645447763307327,-24.90538995955341,-25.04216774684903,-25.28595653794145,-22.55290451985366,-23.993484532622062,-25.67165796003781,-26.335578270829423,-26.13983226688532,-26.08109505739741,-27.047526800594916,6
133450.71+595738.7,1.338881,-24.551913776992745,-24.623875104135365,-24.845682042457653,-24.970240950733327,-25.14031677076307,-23.165193888036804,-24.200494865065536,-25.23425299455379,-25.868498426849538,-26.073369258247016,-26.02127631889424,-27.02200222030428,6
133621.21+012221.8,0.899431,-24.023173221847333,-24.078602498475604,-24.471745759282516,-24.53329758228475,-24.71727254323373,-21.12474678059397,-23.51212626954478,-24.872240628334232,-25.471496671909858,-25.467550923102703,-26.073586425794243,-26.79783763679546,6
133639.39+024150.3,1.364096,-24.24234770352783,-24.638839004850976,-24.96397926814272,-25.15497841571095,-25.38917167162368,-23.02071626218404,-23.83320790766797,-25.8250308794571,-25.93193513010157,-26.360182575573333,-26.311059702468818,-27.23981902221825,6
133733.30+590622.5,1.088,-24.96789762341545,-25.191392074159552,-25.54952745783889,-25.75584092241449,-26.044032967869256,-22.80917023134384,-24.51544578536997,-26.174324931145616,-26.331605447817733,-26.37593196407273,-27.153086902889896,-28.056585147218968,6
133754.40+234317.4,0.9741,-23.89766209716011,-24.082194888599663,-24.48413622793467,-24.58300321455148,-24.843707117883103,-20.271526311235437,-23.168916853799995,-25.342205819158952,-25.36984627000918,-25.248733453162824,-26.34552499388625,-27.22888794334963,6
133823.15+261353.4,0.977685,-23.83249689857407,-24.05378210262916,-24.51478366056811,-24.68866709750219,-24.92224762159189,-22.53669485563444,-23.488136690225257,-25.158723396510062,-25.95326677791077,-25.545444998317,-26.525660191985416,-27.45839936013535,6
133934.12+444931.3,1.361,-25.32525515490502,-25.494724734218,-25.754658464866147,-25.891548476959485,-26.135218297338707,-23.646502360556603,-25.48708682972105,-26.36118873856489,-26.686047784908418,-26.766573788708502,-27.26719677994117,-28.203926538952995,6
133934.50+171503.2,1.3927,-24.391480856996484,-24.522067800760933,-25.04877064597945,-25.213039864392773,-25.437218821232605,-23.11937252537965,-24.51459160477068,-26.21340429595073,-25.8729246406651,-26.067469798139545,-26.01459459672981,-26.89268580288997,6
133946.70+093658.1,1.094446,-24.082666362355333,-24.23539384109356,-24.57010449182972,-24.738424442409084,-25.01759128789544,-22.984907882287985,-23.97012122983837,-25.305828927746948,-25.646079141061804,-25.72415919768559,-26.43069015592821,-27.26600257545168,6
134006.81+184122.1,1.957,-24.6778700303971,-24.930720191718866,-25.254952368663485,-25.327346644917636,-25.527581681431023,-23.29932399276095,-23.85514105718014,-26.398128066274246,-26.67239407351433,-26.794775115366143,-26.52243726374417,-27.392984496314376,6
134100.78+412314.0,1.217076,-25.830105200725,-26.057733890040723,-26.30470184965832,-26.47340336536236,-26.747910843543707,-24.216349691949272,-25.80694843110201,-26.96353299231344,-26.94374782536676,-27.256284250005343,-27.882664367927287,-28.956853568173813,6
134117.06+601620.0,1.299,-24.169252995147893,-24.40697475638567,-24.75887341057338,-24.95388672093079,-25.181917208158065,-21.785410472861955,-24.087775524677816,-25.619551810562815,-25.814353041923457,-25.874590197836167,-26.29268170429495,-27.278206511619747,6
134122.50+185213.9,2.014,-25.683968321557217,-25.99245410698649,-26.371611127623154,-26.5081177409966,-26.75683970265469,-23.45269253089118,-24.245916706323385,-27.329107213293156,-27.68943137094349,-27.621371295465664,-27.82679223829155,-28.81160179881093,6
134136.72+405130.4,1.645,-24.349638019306603,-24.7778851147465,-25.166639538593127,-25.35167424971178,-25.505622123286063,-21.480635746825023,-23.71803390703285,-25.882103614234985,-26.177426946500503,-26.148077043873798,-26.62661436193437,-27.65029526410329,6
134159.91+370710.1,1.104258,-25.250344172622924,-25.421410520766724,-25.80068217550569,-25.99738303870959,-26.19215587551201,-24.153467536188572,-25.34840224367815,-26.493845838222764,-26.297750217062347,-26.646297093042783,-27.13917531896816,-28.04742645074738,6
134213.26+602142.9,0.96296,-24.329829563354725,-24.497145722429646,-24.837858059242592,-24.991178443034023,-25.14530735983169,-22.729637851582204,-23.626197278793093,-25.520414939987432,-25.160015834015237,-25.647367178017102,-26.04373232160839,-26.799928670388137,6
134630.68+114726.8,1.638998,-24.539815848404302,-24.719775401138325,-25.022863744221144,-25.12681407125053,-25.39970390590821,-22.76546105329773,-24.096524981114367,-25.80477474497783,-25.99717785231528,-26.696938707437837,-26.264989305017533,-27.180220461361834,6
134636.59+012213.8,1.932712,-25.47501990376008,-25.753019553264537,-26.052099248573644,-26.13555831822877,-26.336363138008345,-23.406476475223688,-25.095839949975165,-26.791219612710925,-27.11615249854457,-27.12540676677541,-27.351116283393655,-28.19252692447197,6
134752.10+410301.2,0.954814,-23.902363024192557,-23.90131748543337,-24.176300880095194,-24.297423770336454,-24.53981622573481,-20.756130162435475,-23.72939343895383,-25.012820217163547,-25.35939583740161,-25.63944329697416,-25.809297259139885,-26.805560767146325,6
134758.98+272450.6,1.060376,-23.83883342724157,-24.00856543869818,-24.387177774571352,-24.57867163951044,-24.85182736599246,-21.07368090269948,-23.57211069909724,-24.96458550252722,-24.972697435642463,-25.26009530114168,-26.05097740514313,-26.93742805944184,6
134809.01+280213.5,1.702,-24.41208592745976,-24.840329643394625,-25.21897779109915,-25.26427243291625,-25.410320438890317,-21.52612590038697,-23.89170770503688,-25.74491857302616,-25.997356448115507,-25.876928697064745,-26.36988115166593,-27.26042783203525,6
134855.27-032141.4,2.104287,-25.386740031594865,-25.550253909796428,-25.945792452196866,-26.10952901146661,-26.34374679804632,-21.86536564483129,-24.473633315544596,-26.91720837243897,-26.880815401418488,-27.218616541290285,-27.35242683239176,-28.24260013711488,6
134915.81+591045.4,1.038403,-24.36220286099752,-24.521653734767327,-24.86537005541528,-25.111732885975417,-25.300417669144228,-23.099455902186754,-24.233151370098987,-25.792080313137276,-25.502646051900975,-25.696107487731062,-26.275060713098817,-27.208344039759883,6
134942.00+604409.0,1.48,-24.399199406349148,-24.967952342734435,-25.272416618809988,-25.321730130726863,-25.54900799049786,-21.171501968000012,-23.254569995201965,-25.64856949895872,-25.72302850163232,-26.13096543438371,-26.1075066799017,-27.012929828875794,6
135023.68+265243.1,1.621,-25.54667516863548,-25.67934360225859,-25.93898280805595,-26.022021360890765,-26.30884615152379,-21.84194134452532,-24.86638920369153,-26.517042595279044,-26.760935833302213,-26.45753612262784,-27.091349165704248,-28.052875200198866,6
135038.48+580417.0,1.679095,-24.46848699561363,-24.610567800931967,-24.87682101158216,-25.038018546673865,-25.232053372537795,-22.854797012890163,-23.988341625947985,-25.89523007961513,-25.986334439459934,-26.19806022192136,-26.20493496953565,-27.086788410634863,6
135044.88+252839.0,0.837,-24.03830825656692,-24.32851644445533,-24.74600146997305,-24.90161665771046,-25.10092298006439,-21.772542412322952,-23.850892019947363,-25.201706416253494,-25.2984912168025,-25.73868708143185,-26.09216510276698,-26.902957324636954,6
135109.38+320049.0,1.121,-25.114405482051808,-25.26289918138213,-25.49719334767053,-25.51429178410352,-25.66245693352626,-22.42030539275965,-24.54117778025734,-25.82858425439516,-25.81374552205688,-25.79767952316675,-26.598214058034685,-27.576816256189865,6
135128.32+010338.6,1.086411,-25.006154389574174,-25.11606599220548,-25.42280712681721,-25.59400541520289,-25.80085852064589,-23.79812394197113,-24.84535497112233,-25.66819722870669,-25.881166358697225,-26.348891645695502,-26.99553670525504,-27.92656508964983,6
135236.08+253012.2,0.875779,-23.873407864075077,-24.02356629497487,-24.339280021089227,-24.377363900240606,-24.51612472282629,-21.05974687654523,-23.805293852702675,-25.29747470563369,-25.734259931456616,-25.550310174663004,-26.025015846957192,-26.937089298823977,6
135244.99+364549.4,1.693,-23.997545152728808,-24.65922869046332,-24.995154322594196,-25.16915002912029,-25.406722526715026,-20.98793233535952,-23.07382537939044,-26.25659342486596,-26.206054769404247,-26.47184182626207,-26.80696561388925,-27.815908927046923,6
135247.67-010321.9,0.992302,-23.65146563340569,-23.92180532205653,-24.341935525220475,-24.56314314980079,-24.739113788822134,-22.16569174086867,-23.7117211934359,-25.485436305056908,-25.59199458706635,-25.339682266683106,-26.18453625096242,-27.00368667035679,6
135353.31+470715.4,1.112906,-25.334332104303293,-25.471873216989117,-25.70378607345719,-25.79556690061492,-26.021342028690103,-23.63006892998981,-25.02476164697968,-26.080119808355747,-25.998143985949422,-26.278034186662268,-26.824570245171536,-27.81253804785187,6
135404.63+143702.8,1.758,-24.680024091052665,-25.100077737873,-25.36707037859329,-25.579962916119737,-25.98660361864798,-21.295895365811592,-22.787522176150517,-26.20380853575501,-26.82265464333528,-26.88296611289701,-27.2603934438018,-28.231334193176444,6
135418.82+370132.9,0.766765,-23.102456085017145,-23.343082675839828,-23.726095564237184,-23.99604638272961,-24.287297649217376,-22.393121052887206,-22.8458867250618,-24.74202077515689,-24.858464661482422,-24.65734638367966,-25.485475241883236,-26.29357432629868,6
135518.03+451135.5,1.583,-24.57628428202811,-24.827971458097803,-25.137479792454705,-25.279121636729048,-25.52081795681744,-22.781721755667554,-24.13135485008072,-25.49926626321474,-25.738499492719438,-25.661015138139984,-26.384096123305053,-27.39184938441236,6
135533.56+451620.1,0.851087,-23.118712727069912,-23.322641593254158,-23.807128247004943,-24.05439852720808,-24.250807845099008,-19.23546193184477,-22.633852865216937,-24.329235803770697,-24.66058611327516,-24.944852884797605,-25.82280793478472,-26.690488032796427,6
135559.88+260039.0,0.851,-24.90625624637474,-25.16468243049872,-25.53443808394881,-25.68387502093193,-25.892491838925498,-24.07572291936319,-24.79228747355321,-26.169495281362227,-25.970858667828708,-26.28805703860696,-26.865148451114543,-27.677707371072177,6
135605.40+453242.7,1.99,-23.85314761538289,-24.14713752044997,-24.54458706430817,-24.65808807045554,-24.97647784354174,-21.470531529970643,-23.414664785885662,-25.945036737286472,-26.325050379854453,-26.290327903343226,-25.94673139987665,-26.93449720078726,6
135611.12+241532.1,1.553431,-24.144252393571865,-24.406268692635415,-24.84329799938765,-25.01010423559717,-25.34383289927537,-21.636107567516643,-23.89541396745409,-25.495169421781227,-26.103900692888804,-26.18738724751597,-26.422493634869205,-27.30103276727708,6
135640.37+243100.2,1.048437,-24.445525556419547,-24.49255002333041,-24.713996993568287,-24.833510837676364,-25.041873596198734,-23.200499076413717,-24.10282641307692,-25.070811427063475,-25.29964520195172,-25.647654253255546,-26.13193254204896,-27.037647063439664,6
135718.20+284736.0,2.012,-23.777296558592173,-24.45123385809312,-24.934937393915376,-25.29646851464959,-25.23871873416231,-21.507367796487017,-22.418498526518476,-26.00077802004857,-26.416362663503207,-26.407062137663097,-24.826344232689884,-27.60832337203679,6
135748.39+080158.4,1.714,-24.643121279904893,-24.89038624755739,-25.234060145126648,-25.352846350476245,-25.58664817964905,-22.649595743548684,-24.2465058722726,-26.2325958741587,-26.580130942880405,-26.34869408073089,-27.246390284467363,-28.205038471298487,6
135757.34+162010.1,0.962,-24.10309020170956,-24.33812645641564,-24.762928119393035,-24.96237199312605,-25.10515768284284,-20.06074143322779,-23.779066321595824,-25.46837959990686,-25.31368425734167,-25.64016928400099,-25.98455126903269,-26.824671698547924,6
135828.00+481446.8,1.404,-25.142102477305308,-25.202409484770754,-25.46835175166589,-25.566488596124408,-25.785735087716763,-23.53681256564353,-24.930393156431883,-26.0243784396551,-26.300437541468256,-26.254022136688256,-26.601572082043717,-27.544015517333374,6
135838.41-020423.9,1.753167,-24.88314972036648,-25.21804269832413,-25.55311688269312,-25.73573472424306,-25.918291218115357,-21.73166880739788,-24.600292686807105,-26.052159804521768,-26.681603938672964,-27.37911117912768,-26.745914542095267,-27.643265830781367,6
140008.54+364836.7,1.464521,-24.74296193886152,-25.051442907240038,-25.40421893629596,-25.63109293337272,-25.98624077803325,-21.90479495382525,-23.86167343155548,-26.35910373950713,-26.602015177849403,-26.577875142010416,-27.161955612655728,-28.025980352088556,6
140109.13+015220.2,1.76,-24.390977240316023,-24.98181809433257,-25.43453879972594,-25.57397134026003,-25.892039901862123,-20.84541949272465,-22.229985380205328,-26.761312026961505,-26.631712000141967,-26.375732295413883,-27.028593851317,-28.00776514136456,6
140137.31+172458.0,1.818,-24.066637057388768,-24.155878536928345,-24.432151307937342,-24.636846451733295,-24.89727949619804,-22.142107258886984,-23.256812700292095,-26.13600502127084,-26.089274245661706,-26.05486241758104,-25.82876959511892,-26.758182383685824,6
140214.81+581746.9,1.268155,-24.558010833370844,-24.603155808391037,-25.010262280533656,-25.138617753155568,-25.274108219901603,-20.781071967943973,-24.376568343406685,-25.798663538415987,-25.932001981063923,-26.57008218074916,-26.30287231545414,-27.10156714538317,6
140223.20+595924.7,1.095,-24.48126523601616,-24.60491929092794,-24.91391623755603,-25.06983624750773,-25.225358916726265,-23.222535684810698,-24.39012260405772,-25.73350992969913,-25.644467319232348,-26.1702642577596,-25.970920556817564,-26.896456784969185,6
140224.05+535517.1,1.427366,-24.78435890368243,-24.83439776229574,-25.14330395155897,-25.281164229647796,-25.52932612076903,-23.047871457209265,-24.40847188137239,-25.783131676118863,-25.912539167001626,-25.97468866458817,-26.32988680982303,-27.341061098736752,6
140305.68+222632.8,0.9909,-23.185292040320977,-23.53174736898828,-24.061863723618,-24.277189760901123,-24.4603729316636,-21.819330115769787,-23.216469412033568,-25.121663498786848,-25.64420068567225,-25.538538588656916,-26.03862527671424,-26.797818649446,6
140313.02+124454.4,0.694745,-23.913792428942408,-24.225360770920748,-24.68110042682032,-24.780540538692648,-24.92748364025876,-22.611295990589056,-22.93646833245113,-24.948225688663,-24.93606231464617,-25.380928761491766,-26.186845351197583,-27.22871951710727,6
140320.70+101109.1,0.572419,-23.74397424826878,-24.07966371985479,-24.40617856110045,-24.51778782508117,-24.75782468741557,-22.82416142596226,-23.623512695053584,-25.154340847415444,-25.527788771094745,-25.67931615297072,-25.794688646033787,-26.667483215971977,6
140323.64+242757.8,1.78206,-24.979684777357505,-25.13163593329052,-25.380848435317063,-25.52349411974322,-25.762112373304827,-23.331265267412316,-24.170585634512094,-26.149856468384492,-26.58260138962497,-26.74666645968862,-26.612047792726138,-27.563344286481257,6
140342.68+224427.0,1.6793,-24.36403894809762,-24.578699923354414,-24.96760157500621,-25.14759224914309,-25.3364913761984,-21.486483976898327,-23.73322275925784,-25.474477032177106,-26.1860023136997,-26.43404161744842,-26.523090071158997,-27.469895794422246,6
140402.16+102800.6,0.916625,-24.741145476854605,-24.999075029236696,-25.363800954841224,-25.59969494727216,-25.916768728186057,-22.987377522193224,-24.56705854080741,-26.325597832594656,-26.35542875396832,-26.419013510790005,-26.979709668074246,-27.939074492019003,6
140434.54+613905.2,1.553215,-24.900388279339666,-25.20711604197194,-25.686179801759632,-25.90059937931897,-26.16667025396584,-21.53394967267832,-23.55973101750568,-26.576242719159996,-27.15410965116701,-26.910285195725645,-27.460208655277757,-28.48778803212274,6
140456.06+003953.9,1.084275,-24.616306744668844,-24.890840769863136,-25.12545018721712,-25.247421720667816,-25.564790455831066,-22.67372910200957,-24.10995984688597,-25.9741004367697,-25.97585826980466,-25.9807749744109,-26.88253184620005,-27.838323628142827,6
140618.69+175735.5,0.9912,-23.9126295302498,-24.022228899102632,-24.36756481282755,-24.51400049413269,-24.743238392714,-22.66428840763609,-23.714344786880197,-24.59854927679004,-25.408957458838323,-25.470303344255047,-26.10038038983645,-26.97122416693949,6
140720.97+355136.9,1.342774,-24.22558312978265,-24.077091760881203,-24.582717953648128,-24.703618622242267,-24.929499226583232,-22.926811144200723,-23.934802818953354,-25.50204433855505,-25.506366523911247,-26.13873096590296,-26.00174264927985,-26.65756205119885,6
140732.25+550725.4,1.028252,-24.080546286791986,-24.151556234114384,-24.492100528211655,-24.656151870682045,-24.915795676217428,-23.381658194216023,-23.99065398554135,-25.033763829816618,-25.364914903763434,-25.59431243165097,-25.94978808296248,-26.847544751043216,6
140813.33+494348.7,1.271,-24.56764243527958,-24.75573611183108,-25.04588412999858,-25.233038986358224,-25.47420904962662,-22.55222627297014,-24.500928276676625,-25.71796731326718,-25.91838769829776,-26.024857786835117,-26.524789167195703,-27.42091181566217,6
140931.16+383812.6,1.835,-24.771419900228345,-25.074337527824817,-25.417116950417387,-25.488060285549874,-25.762511154417297,-21.43697913240173,-24.37183279910547,-26.23170064694219,-26.68188119268161,-26.47663815451397,-26.93268794006316,-27.790474908899625,6
141049.78+045216.1,1.111737,-23.83104204569053,-24.133700686125064,-24.56871599513552,-24.78731033349619,-25.118914438328392,-21.83442896536596,-23.02469964366078,-25.84455842568328,-25.999756504802807,-25.68897014147796,-26.209254361585817,-27.108841820163786,6
141104.23+470140.1,1.022,-24.12571009462201,-24.25895603932037,-24.54557984102108,-24.590798726186392,-24.785198018239807,-21.33550334274149,-24.06831038315394,-24.999785745848477,-25.29667479583353,-24.68140428632868,-25.877399988788063,-26.748621784943637,6
141105.86+170703.5,1.1151,-24.852561379235343,-25.02223927369768,-25.34211600805483,-25.494326339922573,-25.669256580853187,-23.17709358025033,-24.71022238043252,-25.427688364680375,-25.972684171598782,-26.00759529809809,-26.78633355727717,-27.693259375166107,6
141129.79+433453.2,1.272,-24.11316765039049,-24.518176278396737,-24.931972507700387,-25.102846876806996,-25.34223141010784,-22.13664189729167,-23.65213192954316,-25.6986483253076,-25.92193013447084,-26.157441497138908,-26.08056710280693,-26.945420679528358,6
141141.72-024951.6,1.524,-24.762843060369445,-24.96641454507904,-25.2956273877007,-25.416408751487836,-25.746818389877724,-22.74485524565,-24.48377256441496,-26.031787447495663,-26.217212040888786,-26.765428816078696,-26.43968978949559,-27.372456648469896,6
141159.73+423950.3,0.886,-24.93410709164683,-25.019290761260844,-25.340980336465336,-25.453665117099035,-25.596382286730783,-22.107494675699883,-24.530173418052165,-25.653173578291536,-25.633641266214585,-25.97184169266496,-26.58140906393048,-27.400822278832827,6
141205.96+032320.9,1.646397,-25.14823707499425,-25.430442948564167,-25.64971184194028,-25.72565371739013,-25.92496582658393,-21.734047122642377,-24.72032732272728,-26.179745321902047,-26.414499101276544,-26.404997810033933,-27.07083019154545,-28.11831919415235,6
141206.16+241801.7,1.411,-24.374973189354865,-24.4768148413549,-24.95198628314324,-25.20149718789184,-25.46375075567482,-21.44528300622189,-23.746433355620823,-25.91981665143952,-26.457834915447837,-26.382268289277636,-26.61353837342245,-27.48247267547733,6
141347.98+211821.6,1.2937,-24.681741114065694,-24.801359472654568,-25.143213909645784,-25.316152499349037,-25.54183726171759,-22.722936116723016,-24.516569161803588,-26.015290665516552,-26.264053591998056,-26.170891118290257,-26.58548567723577,-27.54675384256024,6
141354.40+262339.7,1.364102,-24.372252733759375,-24.64739109070849,-25.05113382063347,-25.21168358559738,-25.469919257461317,-22.618419470877413,-24.39797477023184,-26.130460329661855,-26.308211971552712,-25.945368064661647,-26.90667371579178,-27.79362029732893,6
141402.10+374522.5,1.103719,-23.45076047380745,-23.78453592731705,-24.22731347769667,-24.45441969974652,-24.7758181137622,-19.043914521029336,-23.147693577339528,-25.275201236179733,-25.134039434240982,-25.393487110088813,-25.605304273242787,-26.41726677303381,6
141409.29-005208.0,0.820973,-23.703035438628277,-23.8120096861454,-24.17048878834091,-24.26597189756268,-24.470993404130336,-22.15104115452181,-23.08755579456388,-24.80478350025797,-24.976020654241456,-25.19244296192151,-25.50695127238565,-26.385629041063684,6
141442.90+450233.8,0.846,-24.02324862197629,-24.269797548533777,-24.6888237818768,-24.871727656888897,-25.05677292430465,-21.521571204147172,-22.997010491088226,-25.13333386518578,-25.160022746711423,-25.829382028574702,-26.070350058766422,-26.969073318653503,6
141528.76-002633.1,1.157253,-25.607815834948497,-25.70351620419418,-26.03234880390055,-26.19096961612351,-26.42572401158871,-24.18384007965288,-25.454756090817984,-26.616064394445385,-26.49708844578359,-26.926090567389053,-27.321758578696016,-28.271288393422655,6
141529.69+094326.4,1.645,-24.78822691329997,-24.95928792598973,-25.20688868291369,-25.324481053675157,-25.63796552340723,-22.263223915403408,-23.991025560355304,-26.11247752404277,-26.203415833322147,-26.696060955542105,-26.60485783938632,-27.50907835517169,6
141556.92+283323.3,1.176828,-24.54192407389665,-24.783755072575172,-25.13570857857423,-25.335395791147054,-25.617476094598043,-20.469534081628588,-23.35958826544104,-25.913888413483065,-25.77158597910673,-26.02676533052513,-26.69130977409281,-27.565013512597325,6
141644.37+441557.4,1.928027,-24.99172111003964,-25.34817173575681,-25.699166208326595,-25.731654628565288,-25.961012877490585,-22.59995731100169,-24.281192698758453,-26.371390700187806,-26.589629406647703,-26.649937618919203,-26.86541881910771,-27.832384805107065,6
141645.25+171052.4,1.5142,-24.538334772098526,-24.75212595921424,-24.91747561999145,-24.932355410233683,-25.252720396437866,-20.959341480599004,-23.557981021039527,-25.78935329471786,-25.96818254938483,-25.834147612574245,-26.30132555472414,-27.23034143969037,6
141832.04+340830.2,1.451,-25.04670521600977,-25.251364188519155,-25.583872346253287,-25.66077807838396,-25.896430610746837,-22.9816378641982,-24.76462725459221,-25.852762975387463,-26.402106369429223,-26.39903657231085,-26.75848996768587,-27.69183489651466,6
141848.83+340710.9,1.339642,-24.778547683649904,-25.04532798919904,-25.295528545148866,-25.47962558262313,-25.74201654599397,-22.909605068923035,-24.41944675564569,-25.926847524916163,-26.267546032320663,-26.09675919164881,-26.79114693559797,-27.779527640928688,6
141911.11+562542.4,1.661658,-24.724035691008687,-24.984252029110404,-25.51819084764637,-25.77004340937681,-26.082183302579505,-22.43106430546416,-23.76546716909172,-26.628554077860823,-27.262003008495995,-27.36678886263521,-27.44088373250643,-28.237983680344826,6
141949.39+060654.0,1.648924,-25.528212711530163,-25.71655102235128,-25.850540169180224,-25.874452304506,-26.07640728892985,-23.83689187021436,-24.904969110176268,-25.97719865303915,-26.35190993372555,-26.734193980663107,-26.944373869025835,-27.98441375582495,6
142016.02+142822.2,0.7324,-23.74313448797642,-23.85721789639328,-24.102459244949667,-24.17343291973721,-24.303801044447173,-23.33362730437253,-23.646525078303718,-24.446021823722383,-24.98482716873314,-24.931404992651867,-25.706253749352143,-26.55437933802208,6
142107.56+253821.0,1.052861,-26.338860199541696,-26.52781843395276,-26.901441974273755,-27.131533515260887,-27.47658895407131,-24.61628825581959,-26.20132873091957,-27.781213750104044,-27.681429507194512,-27.921706135395898,-28.3034249027736,-29.01693311092325,6
142124.64+423003.1,1.001,-23.831827857048715,-24.102142068116333,-24.516253144079297,-24.76323892094866,-25.051149637314776,-20.52142701209825,-22.17980464713285,-25.4612665351517,-25.51642866218442,-25.992585824448323,-26.34441878416411,-27.3441784230602,6
142138.66+130402.0,1.537,-24.478221990884528,-24.711822767994367,-24.96834657469732,-25.16042094278083,-25.41799278313781,-22.203276107436047,-23.96131775427639,-25.9463659224992,-25.84426891354662,-26.383671276996164,-26.582961921525516,-27.396397303425356,6
142235.93+311349.1,1.2902,-24.061972130849764,-24.263552475401127,-24.4926937290658,-24.564196490539363,-24.767606436939097,-22.32668145360269,-23.614228212565283,-25.70873341557448,-25.89504340403961,-25.859004169953444,-26.16777880414261,-27.02746611960824,6
142246.59+352836.0,2.113233,-25.248204567790268,-25.424565986948096,-25.719800573906618,-25.918136527321284,-26.20841175802911,-21.382997848389454,-22.69758597130416,-26.71500184498693,-26.84200341319064,-27.16470750263358,-27.443918631022047,-28.435425857560933,6
142310.50+093357.1,1.435,-25.507675487435925,-25.78796328506033,-26.049907282518777,-26.09964921477089,-26.358304090431457,-22.741203417548064,-24.95600218420472,-26.477027265842302,-26.803896758758636,-26.94357244290921,-27.232165838056535,-28.249695343546136,6
142356.51+231535.7,1.597259,-23.699520061935928,-23.92086993974016,-24.42998360440629,-24.66850566926878,-24.88661537599173,-20.40973136503109,-22.65262861510608,-25.840242400501705,-26.64901282113633,-26.10724169186534,-26.2194587443841,-27.14092660905092,6
142408.88+204246.2,1.2284,-24.50074176392754,-24.807212796785745,-25.134202899344977,-25.238595386554923,-25.39888543316844,-22.79989547641557,-23.60386966030438,-25.800444599296416,-25.787008647946013,-25.81951546016444,-26.57637060553265,-27.570174596163312,6
142415.09+023041.3,1.318323,-24.211201061589456,-24.45259310585254,-24.768802924516415,-24.86688471686822,-25.059219881858617,-22.59658235612832,-24.03405796713432,-25.11760973319691,-25.537204304373557,-25.890639145274115,-26.196142928790103,-27.17226599859397,6
142415.51+600738.5,0.788661,-24.03332245733148,-24.140502827671277,-24.49518752470862,-24.59775519487801,-24.686345123462832,-23.502957953405893,-23.75640864401818,-24.982180723772213,-24.92485858546704,-24.91284893196664,-25.613707055645644,-26.69679932656276,6
142522.21+283622.3,1.708,-24.55022006337942,-24.91887837610764,-25.316820882206592,-25.481582458918503,-25.85236472196197,-23.172953142892577,-23.933655911104516,-26.151543112673835,-26.94371273057573,-26.633040804762185,-27.060838065929328,-27.827738996943097,6
142531.74+570705.4,1.433,-24.55013044078304,-24.757920755667254,-25.103543675976653,-25.2600419367064,-25.541116585196256,-20.42702810425661,-24.04922189465383,-25.686943518306364,-26.101627839428986,-26.067754992241756,-26.682862393064397,-27.612121870614857,6
142543.10+044712.5,1.412,-24.319320899628234,-24.605538524911665,-24.95045404587968,-25.12561894449052,-25.39189097215285,-20.967369778214668,-23.858032675316,-25.53310854609408,-25.91076995568088,-26.297652140705505,-26.288459571112707,-27.277661823236773,6
142648.98+101339.5,1.585671,-24.08767322828619,-24.485170632707323,-24.881072294139734,-25.06824447386029,-25.32716100939151,-22.55329210837296,-23.51489194702947,-25.9227960354822,-26.180617119754576,-25.854638055700264,-26.53587734075396,-27.309272587992005,6
142704.90+291654.5,0.681137,-23.93775244236437,-24.14804662787168,-24.534280766530184,-24.816744141051515,-24.96097158121873,-23.082368380688717,-23.364607377515952,-25.15366202706451,-25.61411245327145,-25.723676406579216,-25.96704426450045,-26.860592224717525,6
143034.83+335945.3,1.118342,-24.149038208983047,-24.297422635763866,-24.596400779397065,-24.74115614912204,-24.973833714986505,-22.66344436280957,-24.18209545977844,-24.92065404543381,-25.37651726801259,-25.55309273061731,-26.09629227304806,-26.87306088021583,6
143113.07+360426.3,0.894662,-24.07781890543268,-24.1691312684585,-24.503230739566472,-24.620806747783774,-24.85037537655184,-23.154782502805343,-23.91160880495985,-25.20030472196164,-25.5666592448344,-25.24531873879856,-26.083384089130647,-26.85068868123212,6
143256.16+534008.6,0.998,-24.629825398910427,-24.626852125555278,-24.925325253255085,-25.10116856804282,-25.33784256472683,-21.45335623093629,-24.325048622475123,-25.2473416897457,-25.206686994811665,-25.542891328420374,-26.502432394029302,-27.30219961976839,6
143348.10+592829.1,0.811748,-23.517096847979744,-23.625446198408174,-24.12301859187568,-24.361006939137347,-24.504555596815397,-22.696463910508456,-23.35063678574645,-24.766754021988923,-25.40260229368933,-25.345385410524397,-25.628833610107968,-26.46644639326172,6
143401.11+405014.0,1.485,-24.600307795952062,-24.76956159351207,-25.227222404054903,-25.353049516651808,-25.67969355658241,-21.56738809979767,-24.392913332155068,-26.07289893332766,-25.7610202509591,-26.659422075688525,-26.63661132961189,-27.205127816770343,6
143748.28-014710.7,1.31079,-26.829289637267447,-26.99046966712531,-27.315536646945965,-27.4906528362568,-27.756677265668174,-25.174156347912174,-26.49183735765648,-27.958457595772877,-28.10604388403423,-28.22929241454127,-28.804209248291546,-29.83076974144071,6
143814.32+072106.4,0.915365,-23.72369125475286,-23.837343970683307,-24.16089937864797,-24.31645484585377,-24.53690765461196,-21.425094732027382,-23.663372052351296,-25.030485532211195,-25.182123205053745,-25.15780413521833,-25.988893176823677,-26.651095672842427,6
143831.55+094218.3,1.056246,-24.10234512710441,-24.255391401306174,-24.59602446806788,-24.57466015304589,-24.802510299925235,-20.328280433211432,-23.936602579558272,-24.855131771953232,-25.349451759844488,-25.34989516374468,-26.178373943400512,-27.04597904414147,6
144042.94+582319.7,0.998329,-23.568287126896063,-23.647824765034944,-23.98882969090919,-24.112094420999632,-24.317914443608668,-22.86528759111519,-23.867731026616884,-24.848190901131,-25.618268737626305,-25.640713697231988,-25.42933169908638,-26.316160338831637,6
144106.81+574939.9,1.23049,-24.461457670098383,-24.64745854638513,-24.91209725290471,-25.04956692320224,-25.29282135016536,-23.94439159925591,-24.78619268595701,-25.6415487253002,-25.96281049030039,-26.064807736299407,-26.76528159871966,-27.75952816727487,6
144253.29+420549.8,1.273353,-23.78716601364477,-23.963190586943384,-24.451734607716663,-24.66544067056841,-24.935792590230587,-21.411191342977173,-23.541099464265343,-25.67019832814704,-25.503672447695795,-25.84631007411391,-25.905481506291093,-26.7562565352856,6
144259.65+292136.3,1.904643,-25.383623296046174,-25.751928314256634,-26.12202017215148,-26.17655892319704,-26.422256659161818,-22.513178414711685,-24.514476738753405,-26.67938115456717,-26.8367822340231,-27.083849493192165,-27.428416367652986,-28.26600350252288,6
144309.79+014200.8,1.363471,-24.632387311618164,-24.800098438907007,-25.131830604200303,-25.34942451690525,-25.585100283885552,-22.17062217236947,-24.237322433121083,-25.930814616754752,-26.3837850849512,-26.52493795380122,-26.751829728329398,-27.71222178279165,6
144314.18-024722.1,0.677727,-24.116394068873056,-24.4302921347944,-24.892791673717397,-25.069514192728956,-25.22547144470768,-22.099457545987185,-23.466347099949036,-25.39697236168359,-25.33258931630025,-25.50059907107693,-26.42110895725392,-27.36261695441109,6
144334.96+553538.5,1.123534,-24.22011240255701,-24.275578330975776,-24.48546993638057,-24.694700680650836,-25.06567164276108,-23.72377050420827,-24.371494875945896,-25.438928880162557,-25.84421467640884,-25.55347732407325,-26.38256861622282,-27.37303857051394,6
144358.20+220755.6,1.227,-24.681767188593117,-24.86045860902566,-25.11751417620026,-25.24808759807124,-25.45972054760736,-23.14032696927511,-24.162099351386303,-25.99095690080503,-25.917319076899048,-26.453984059178016,-26.42350168662527,-27.331247766270565,6
144407.67+634219.3,1.250414,-24.70962688897405,-24.820646293249883,-25.11204127867957,-25.224085008655283,-25.435325871163023,-23.36864938227058,-24.585468192806484,-25.734999364516945,-25.68483618248126,-25.82990498059152,-26.329998651042875,-27.27035196387537,6
144413.53+385854.1,1.871,-24.90075961742673,-25.14319283295004,-25.44893088193523,-25.600065688316896,-25.86571649539138,-23.299562906814973,-24.399411432960584,-26.11857798480879,-26.371473708193097,-26.70397672053413,-26.82407181049666,-27.631271320047865,6
144429.39+311321.2,1.734293,-25.366018737354025,-25.572629466599317,-25.896491028568068,-26.087674027256888,-26.38406195113844,-21.320982044272714,-24.326357055278613,-26.73643166317084,-27.1733814446429,-27.168897849359517,-27.413289739096665,-28.348739834973067,6
144501.72+062810.1,1.535881,-24.66241937016488,-24.828028050372005,-25.182296397370205,-25.310914804979237,-25.509950151580053,-22.101991891370268,-24.03869541917052,-25.874566364426475,-26.36169843326556,-26.196479826669982,-26.457396718694124,-27.46152649308014,6
144510.01+524538.7,1.65159,-24.40711056686381,-24.614479494166304,-24.948070054233668,-25.08327255774077,-25.283694322450497,-23.25778813987473,-23.9836505046241,-26.091355664585745,-26.2777365370982,-26.305160831074804,-26.31250095591321,-27.337573534343907,6
144510.93+320320.0,1.508,-24.635544520603744,-24.80585917244642,-25.249308885575974,-25.46407850530996,-25.748224686939743,-23.78772421931729,-24.63041457129863,-26.110863756689078,-26.516263629900457,-26.68072854902625,-26.981937159594416,-27.888648931112897,6
144557.44+562615.8,1.374638,-24.07231981759494,-24.272462005107368,-24.76960615584069,-24.986079049896716,-25.3120583437805,-19.7958603716584,-23.037620573316705,-25.523279108836103,-25.77688718592898,-25.79208534970065,-26.36789799330555,-27.24162662517785,6
144704.58+424450.1,1.100715,-24.437193880482152,-24.547473083089717,-24.788570704558484,-24.914899903009648,-25.165468103493296,-22.160946245381385,-24.18823931535789,-25.578491979461838,-25.438532799554217,-25.519679567605586,-26.19354561409198,-27.147447487115684,6
144707.71+153347.3,0.7232,-23.730569730616885,-23.830593399994903,-24.274944839126043,-24.38997099120804,-24.44934124075888,-23.106576774055963,-23.356814347642995,-24.902861182129264,-24.71775795945614,-25.546852180907543,-25.461553826420552,-26.24595333046516,6
144709.40+132237.9,1.182,-24.26698444640948,-24.40091834334451,-24.652542061013435,-24.77462873275927,-24.988757171798174,-21.408539011289097,-24.13834920702207,-25.11280360785469,-25.63118628865578,-25.61888572394319,-26.21404617945098,-27.120831641485896,6
144746.17+222050.7,1.470159,-24.26006200515896,-24.29031356980484,-24.64699598696343,-24.79715597987172,-25.05851498289235,-22.75201752335804,-23.904473584030104,-25.49088056229496,-26.1475428432466,-26.23355699460455,-26.289432736186143,-27.15593793256893,6
144824.60+183102.0,0.4561,-21.952383096201608,-22.20459666858717,-22.663918204897826,-22.759754254419796,-22.82120549376233,-21.001865051899333,-21.64006245344408,-24.840717259871735,-25.344571978238665,-24.40901922309257,-24.67942581375331,-25.564870874439773,6
144927.41-013106.4,0.559406,-22.785561361962884,-23.220910591350023,-23.681326694478383,-23.84314750993265,-24.125323128082574,-22.02552071754053,-22.28014410871624,-24.260269720166743,-24.449747529295337,-24.26483661262388,-25.07572927614449,-26.00783655011554,6
144956.27+420601.1,0.967307,-23.72418714963493,-23.967726455407576,-24.41216462278049,-24.66404691929029,-24.88682619964144,-20.556134180905328,-23.3050002772364,-25.01410856066707,-25.12772466682644,-25.4943941867759,-25.93818136857355,-26.93100651179973,6
145007.46+111542.0,0.828266,-23.205043449548143,-23.3941422505354,-23.815920460541307,-24.0847567915942,-24.234419860796216,-20.58874955248738,-22.660520671766623,-24.84953445977495,-25.24359918561735,-24.81520690492601,-25.58663907220119,-26.44605329865833,6
145026.31+062449.3,1.100954,-24.099786564767143,-24.727225839890668,-25.11896161552554,-25.24497629917546,-25.536887774674263,-22.66803037497088,-23.855001454365,-25.49745058624053,-25.48714433696197,-25.5903663830718,-26.688471108461123,-27.57486766336983,6
145029.10+132626.6,1.883,-25.014415334501617,-25.35118635646686,-25.66827242516787,-25.72063851477347,-25.927127791254293,-23.02614214586971,-24.04840241571731,-26.09500295477844,-26.25779216058073,-27.0341289791939,-26.922167079896425,-27.9756185263152,6
145101.74+362421.2,1.448085,-25.269767992098803,-25.40888722798393,-25.63834594698769,-25.750444614774327,-26.03993260290041,-23.902792651475025,-25.070381559853487,-26.1663288604034,-26.1217414844011,-26.57606145900853,-26.801794909967725,-27.61482044466806,6
145141.02+194328.4,1.3992,-25.536124891006736,-25.608161562191984,-25.867256592713037,-26.021195790042157,-26.282071371458155,-24.14039925623913,-25.13013024526647,-26.598471224909066,-26.720329258996056,-26.848102018015183,-27.224248570709296,-28.0598954010199,6
145226.06+353912.9,1.416128,-24.54953224346488,-24.759911250032047,-25.08622752441284,-25.203617626599502,-25.3670400770382,-22.50293667191889,-24.19827736344805,-25.907332305993396,-26.269066965577604,-26.75834648519325,-26.3733737820014,-27.442262247928777,6
145307.12+420004.4,0.405089,-22.736175601285744,-22.98350158426708,-23.346563910538705,-23.70012119045646,-23.882193194586996,-22.50897239770382,-22.506681379098172,-23.696368264026503,-24.003666085693663,-24.12247844537901,-24.67427825905603,-25.55045332422296,6
145326.57+471504.9,1.029398,-24.643790797917013,-24.73452377747213,-24.992082098838395,-25.15172891168483,-25.40135635886885,-23.54056361543648,-24.33263751216903,-25.4378256188252,-25.939080079492467,-25.82058795575313,-26.575700701339496,-27.42911286158703,6
145344.86+030855.9,1.83552,-24.616260926112968,-24.75395381071134,-25.08056490294604,-25.2409673602936,-25.534633812965488,-23.38626062359229,-24.129523240411512,-25.78397672358727,-26.50967201225942,-26.84713239778691,-26.5527497025353,-27.504995076029243,6
145422.63+263504.9,1.5192,-24.60129200377339,-24.724636672587696,-24.961582485610272,-25.05664505451689,-25.36699094574097,-21.88598545095641,-24.29196173718006,-25.867988252686622,-26.052294339373308,-26.519866083521432,-26.522568039507554,-27.552848172560783,6
145432.61-015641.1,1.708,-24.32159978420808,-25.008458965373283,-25.47785946727229,-25.56977511425397,-25.88369335782104,-21.1216610244013,-22.77441172871051,-26.50977321387616,-26.53102640634388,-26.605888597773173,-27.10909559122991,-28.21865679721028,6
145459.24+331058.6,1.146,-24.82985390080046,-24.895214174317665,-25.232733527035226,-25.38168860818172,-25.602074542771238,-23.22828739368388,-25.044646134634363,-25.556439701229817,-25.88549891120007,-26.113794859861105,-26.75173452567292,-27.55331115218965,6
145502.46+085002.0,1.1033,-24.437634624717653,-24.62030687458643,-24.993956403635405,-25.16181408378031,-25.361105204923348,-22.13881677898265,-24.5000749154836,-25.70764074304245,-25.472202012366328,-25.803072109178046,-26.136327654753117,-27.092945693546383,6
145523.41+194614.9,1.2577,-25.10779595290593,-25.095190061668145,-25.41877629255216,-25.5572399041879,-25.82485334604697,-23.435735279319065,-24.61435312168098,-25.767484717568024,-26.012220751224493,-26.237363643102302,-26.988488896568228,-27.836608749651923,6
145604.74+331347.9,1.038,-24.35392930432787,-24.565188146917595,-24.7729566271424,-24.926329383041853,-25.24428184374743,-22.382484791380502,-23.64051351831161,-25.22945786563895,-25.473868489190604,-25.637350201876263,-26.564613216866498,-27.55083649339573,6
145606.98+461740.0,1.351237,-24.92684821543339,-24.996005095621985,-25.38494576828225,-25.578493504785808,-25.809204929607404,-22.385919524165384,-24.785208165953332,-26.05042394799157,-26.233286646472614,-26.108549960824806,-26.88371937498374,-27.751970484688453,6
145608.33+111823.7,1.57487,-25.230666018890645,-25.41660382993707,-25.632309386748396,-25.736534953308794,-25.95639955593088,-23.857770787574445,-24.933430184686745,-26.23953888656225,-26.820804438012075,-27.03895287770569,-26.79953993524771,-27.73142941083173,6
145638.80+442755.2,0.512088,-23.91933298635657,-24.41203893800217,-24.824903487910824,-24.986823579883072,-25.20476947915533,-23.156873470030984,-23.645146448474986,-25.025547227284463,-25.219337810950503,-25.523370002108795,-26.18510455849865,-27.000780275139164,6
145641.90+072806.8,1.2656,-24.606653759975035,-24.8130399679395,-25.19408300141095,-25.34609008650907,-25.54874064594468,-23.227204571673763,-24.43215802492026,-25.990219612877382,-26.164178839097755,-25.709225895805677,-26.673512311970963,-27.57969413693729,6
145702.07+415304.0,1.249,-25.363827902994164,-25.72082287961255,-26.07203581445608,-26.12852302368558,-26.430492848266173,-23.5791758441933,-25.112055143379774,-26.52554473906252,-26.730195959223508,-27.066395226731583,-27.43205656005796,-28.31746970922209,6
145719.21+201448.9,1.0641,-24.49679634250313,-24.59173076694219,-25.002468040109022,-25.16295505802345,-25.333014455867566,-23.398339454120435,-24.803355869899885,-25.77583114917385,-25.902649770601435,-26.208663338897036,-26.53738400868173,-27.318807255327403,6
145745.95+291444.8,0.9728,-24.201383567917844,-24.32845922524506,-24.63841326970222,-24.8356219107192,-25.12660944523852,-23.53258910075099,-24.23029803297434,-25.546750763072307,-25.64371181760641,-25.682876728395613,-26.414799150130417,-27.34841892250547,6
145810.34+125800.7,1.7458,-24.2310027271484,-24.656232920430057,-25.102182517098345,-25.32790661694429,-25.626344079733517,-21.60971716791009,-23.612404471967924,-26.013667054864754,-26.517866944693665,-26.633901168046474,-26.881952825792688,-27.799740048469783,6
145936.86+544308.6,1.28352,-24.374179185200912,-24.536936625718003,-24.787395761450107,-24.94591897194073,-25.209857701851178,-23.22638588782024,-24.41424359726001,-25.503739269937643,-25.70403216528291,-25.91598946265663,-26.273950559796376,-27.07413508462953,6
150027.21+450859.0,1.204159,-24.40736138024547,-24.48159997979288,-24.77268776614881,-24.93297279683905,-25.059890570635957,-22.75840166586994,-24.276826023748622,-25.631431374039217,-25.730515351354125,-26.031537193352023,-26.164778236187654,-26.99602232680755,6
150030.16+420611.9,0.983773,-23.825594638687743,-24.01718253425817,-24.36166113454119,-24.50465003182806,-24.78025332690249,-21.92097949295135,-23.403739497976947,-24.92018085073382,-25.38156124521778,-25.1991589866656,-26.015859637169783,-26.904989717444067,6
150106.42+002045.3,1.006445,-24.565559510135287,-24.78457277671281,-25.19380208286157,-25.380263041295496,-25.685910499651744,-23.562569224657903,-24.50776617734896,-25.850804826567742,-25.65079950520512,-25.945452870214417,-26.746190664178883,-27.73058265173943,6
150110.40+151140.3,1.2838,-24.88272638128195,-25.137622666438148,-25.420411905239582,-25.53969707477705,-25.76497222644393,-22.49167169489406,-24.679344434060397,-26.019876328470552,-25.904889823736085,-26.02500142366064,-27.03556523265143,-28.032556842255783,6
150210.96+342226.9,1.015411,-25.605139248442992,-25.767638670975845,-26.06306260459462,-26.18745989013468,-26.366563317350543,-23.427339565305957,-25.186190400341445,-26.559886090978814,-26.45967086116145,-26.752457550801143,-27.36684248274425,-28.23140374698308,6
150307.76+100422.5,0.7156,-24.14253062511133,-24.303647859045576,-24.56649625082156,-24.77617320327264,-24.91742605669994,-23.172421453438638,-23.472617920687448,-25.115279157054992,-25.198200021178977,-25.33528438156563,-25.705980887151743,-26.620106847957675,6
150339.99+064259.9,0.942428,-24.033879436741195,-24.085614092276195,-24.35076765572253,-24.443290149548798,-24.628719941942418,-23.08792044644722,-23.909558093749244,-25.13724299081837,-25.5850759846726,-25.22841585303942,-26.174914073074262,-27.09638547240988,6
150341.13+313313.6,1.091219,-23.59876114079771,-23.82278400107886,-24.233193101269123,-24.43573284619134,-24.75388382734852,-21.832900186498403,-23.196260654330164,-25.02570498639785,-25.393723280185597,-25.440271187271144,-25.97963235062435,-26.78360524309949,6
150450.16+012215.5,0.966695,-24.232234853785027,-24.48559686015595,-24.807509141629385,-24.96223175967137,-25.058949456545218,-22.4577895483423,-24.00238996948162,-25.49912568933375,-25.51439792733116,-25.839700965136736,-26.08227414008945,-26.86160453909069,6
150454.61+582125.5,1.272062,-24.220329718734146,-24.376165779493576,-24.593841196792773,-24.75782874694266,-24.995566032476475,-22.941570219832094,-24.26785674448812,-25.18693644464643,-25.339097063195386,-25.6426226443712,-26.08581696856818,-27.06426328944945,6
150531.83+613547.4,1.283421,-24.92650696564881,-25.07162448580936,-25.47741619302873,-25.734357836971554,-25.97803753204201,-23.30134126204321,-24.93928331470176,-26.318290564961647,-26.29684622020149,-26.543675356896426,-26.944608511973836,-27.815702431690287,6
150555.19+532613.8,0.986,-24.961754199064096,-25.01170829852357,-25.4089167361783,-25.468057739798024,-25.63350270865832,-24.028404875029853,-24.987159894897005,-26.159208516527027,-26.123401232545312,-26.257765819568693,-26.529409247084526,-27.485130717329454,6
150624.62+413555.2,1.296262,-24.6691898531538,-24.88145444870148,-24.9761101901486,-25.19339603731217,-25.46389784577686,-23.49366944957631,-24.868905709931223,-25.730375462603256,-26.03482819523225,-26.160229709423973,-26.56049088478248,-27.482401215677964,6
150728.66+130315.8,1.0442,-23.654253727359933,-23.811226868927925,-24.19881242172879,-24.36976903320679,-24.621945712217126,-22.3934549313707,-23.67986947968004,-24.78636770486016,-25.460701495930103,-25.52073274751369,-26.248300834665567,-27.08237632979825,6
150733.59+034015.3,0.749343,-23.760613673374923,-23.97258899783139,-24.26161064674786,-24.25067893451205,-24.38965385905917,-22.91395202524704,-23.494023076848165,-24.83508063435222,-24.809357097718767,-24.499433499442997,-25.57058899698732,-26.44220090176541,6
150758.15+421004.7,1.5557,-24.59454703153425,-24.820436272184292,-25.117023751341552,-25.188495609124452,-25.41092801376152,-22.75374685342773,-24.12200977100016,-26.00217884607752,-26.210310354187683,-26.24842861479356,-26.532056936555133,-27.546851475705736,6
150813.03+484710.7,0.53098,-24.50459091199944,-24.709975750130276,-25.014046905257405,-25.10153006026975,-25.25091355111292,-22.676275071581472,-23.44677438431177,-24.92004896138953,-25.142170845446245,-25.38096255065072,-26.30170250141441,-27.135372982219625,6
150835.67+154805.9,1.6138,-24.208812797533604,-24.43773220513508,-24.69114545577594,-24.82431602450446,-25.08522289216901,-22.72940400910984,-23.27084788662305,-25.27670029500936,-26.265101463735,-26.53130472814206,-26.07222036686466,-27.1501910930218,6
150847.41+340437.7,0.788,-23.966353066387644,-24.13707398150203,-24.765432008720424,-25.042574147028574,-25.45580750247942,-20.24543392829238,-23.64984329309124,-25.71684382001949,-25.490255738381656,-25.99804658139289,-26.81929767456454,-27.87145744945032,6
150908.33+065432.3,0.8593,-23.397412357247,-23.727343930020265,-24.088080992985383,-24.207458055033158,-24.39839274231188,-20.65294847570286,-22.44440709223993,-24.97134393418932,-24.959637496330288,-25.42428711214933,-25.388250943889727,-26.1861732335432,6
150931.32+024434.0,2.046839,-24.708335146930512,-24.93162726155014,-25.327213997665524,-25.48707248000867,-25.688599737924356,-22.35826287435037,-23.807362466083177,-26.26864903185177,-26.162580433643832,-27.25724353799792,-26.59102756596566,-27.40122140958718,6
150933.58+120853.7,1.567,-24.900447414519466,-25.1667648644562,-25.406709712308658,-25.515018842287315,-25.731962831019217,-23.549503823291705,-24.78849524740015,-25.773399677749183,-25.910863520164387,-26.07998251072056,-26.586009948580568,-27.603425439320265,6
151059.30+410059.4,0.942014,-24.546573584153265,-24.66469013589568,-25.03646464030042,-25.113679950741982,-25.319104244934845,-23.415872707070463,-24.249195512072426,-25.61329730642361,-25.90315329157889,-26.00195040058227,-26.631139917924937,-27.605720776761828,6
151126.46+565934.8,1.03308,-24.311595838355814,-24.41961074850797,-24.723817006097647,-24.84788183791752,-25.126072215733785,-22.59239799052715,-24.26260505825667,-25.258485708208937,-25.663320514381024,-25.677189853901357,-26.320624047366422,-27.217087781488125,6
151151.10+522539.9,1.134654,-25.0824069366789,-25.213344669726872,-25.51131748617875,-25.80577938864693,-26.15078373923042,-20.799094776029943,-24.95153650191032,-26.533451988701184,-26.505346489093583,-26.91900922725405,-27.48550672604264,-28.35070723084302,6
151214.67+390725.7,1.344408,-23.31935262401148,-23.956455470399472,-24.42250069912751,-24.71134096922343,-25.0580278435829,-21.78566583123153,-23.042552737191187,-25.69437565219716,-26.030998031079907,-25.85641423914487,-26.32845760372588,-27.314967354540727,6
151223.89+562150.8,1.561,-24.843795140730837,-25.016014039110505,-25.28800435958808,-25.42852067427318,-25.68060060256056,-22.29511725169686,-24.36407300307166,-25.89296944514736,-26.25462589303897,-26.409525362487788,-26.46222676130377,-27.32103505005674,6
151336.27+170055.8,1.9435,-24.509470709539247,-24.98093382381515,-25.354628100273622,-25.473946661065128,-25.73442406604893,-21.69943358739136,-23.620921994991544,-26.0668392339824,-26.686016858308843,-26.2440301792118,-27.07972482773691,-28.01428529036853,6
151343.46+565319.3,1.678954,-23.80046602160168,-24.15216106367248,-24.57762814123521,-24.751811190931512,-25.03096107558826,-20.477732092250942,-22.68392998047611,-25.73554659039162,-26.007505041231685,-26.6043961595458,-26.345548026856413,-27.39747652684257,6
151344.33+143006.4,2.022,-24.328257055672225,-24.66442698463129,-25.066719334225965,-25.173969214956937,-25.38143521962844,-22.73058110680105,-23.537689016657136,-26.05494241057614,-26.55502390952889,-26.83443873111014,-26.3923249860971,-27.29716966799032,6
151346.07+245544.4,0.953266,-25.357936481519506,-25.529975592291155,-25.85274638875627,-26.074735362076616,-26.266347066389173,-23.973928063318358,-24.94142912106519,-26.33105531047149,-26.31738007056757,-26.24602484429114,-27.11180182900305,-28.022111266890462,6
151427.13+300326.2,1.7099,-24.344813263136228,-24.62667029150806,-24.876900339937,-25.021548943767392,-25.20266111764242,-20.84097326577856,-23.74670968121617,-25.75198893609163,-26.0188069276182,-26.75500755111772,-25.976821524961764,-27.058816086404125,6
151427.19+143709.3,1.0335,-23.65894957294937,-23.81492825631644,-24.20306701020071,-24.42302585940885,-24.668816550968685,-23.04950436306727,-23.65744118138596,-25.141398221897997,-25.28324782210394,-25.544038338075563,-25.645347338640235,-26.53758942070255,6
151507.99+072345.9,1.4929,-24.709727208975654,-24.86717682920506,-25.11279156368353,-25.20946974409058,-25.486029416594008,-23.543907510264496,-24.452184764551983,-25.73589786939826,-25.98107566763879,-26.211736100752105,-26.603985263404315,-27.69739767876494,6
151512.02+475508.9,0.912781,-23.361485211583847,-23.623859458770987,-24.004243401727845,-24.1368164830556,-24.31258542367156,-20.65104229869298,-23.141769929660388,-24.997480910474334,-25.30720283917542,-25.037006004841896,-25.711224324151576,-26.673829516316676,6
151515.48+004529.5,1.654,-24.817334741684828,-25.109570351888767,-25.50435505285881,-25.648578391063257,-25.871206067345373,-22.60278046692869,-24.046192502191555,-26.257621040407347,-26.10689197792709,-26.430289569327783,-26.78741648056701,-27.699930233776943,6
151622.34+451014.4,1.029462,-23.88931338062564,-24.04959338273058,-24.390901251424744,-24.608460206354447,-24.789376219489768,-22.80108920356943,-23.73301336241654,-24.983866687542285,-25.537594896694348,-25.71690468207915,-26.08034867336244,-27.066208279584163,6
151635.72+144139.8,1.1305,-24.555464093745726,-24.654090731726257,-24.915303558042964,-25.087501513728483,-25.31094302012992,-22.37896558076837,-24.47486849454978,-25.469653136589542,-25.382324479765245,-25.67639815797741,-26.48723251170035,-27.35906088821292,6
151641.45+563456.2,1.956252,-24.374658494119327,-24.64415999286533,-24.944283978535037,-25.052939738608984,-25.27064488060929,-22.064351523484504,-23.33456634058373,-26.036112458012887,-26.06322324213571,-26.51178541303621,-26.39512745952789,-27.252009234426357,6
151724.56+173427.0,1.3966,-24.188329685229014,-24.506257157444303,-24.894505562588147,-25.09971486100332,-25.430807607940352,-22.75194919657361,-24.10134956743645,-25.564097194894305,-25.90996728087296,-25.90232570639531,-26.639415320749453,-27.63312785910364,6
151737.96+145500.7,1.6065,-24.197170088861974,-24.617636765310102,-24.917132693038397,-25.00744624133632,-25.24853668885726,-22.401026557271894,-23.72076900354213,-25.799207140911776,-26.020425131048977,-26.19755896193462,-26.21302661492936,-27.265793446819856,6
151841.62+194624.8,1.5662,-24.44170508894487,-24.582686337210905,-24.900320876673195,-25.07169957722864,-25.416349123137525,-22.776745490569425,-23.92569303366896,-25.808616964771502,-26.370196711054007,-26.25039385995702,-26.392269134726767,-27.217610084618062,6
151916.75+031928.2,0.801843,-23.000906056868764,-23.310751505203,-23.76276639549049,-23.89211547107328,-24.12838294020031,-21.56797917641841,-22.94457727735446,-24.711500180781872,-24.563824413090188,-25.168183922024408,-25.14710403926464,-25.96355362263517,6
151917.55+251817.6,0.88391,-23.09225216506174,-23.46568601986047,-23.95275328612161,-24.212312411289773,-24.55978031683318,-20.44011739948477,-22.72764758429495,-25.076697391868127,-25.50627405269912,-24.9370747283422,-25.648086727064918,-26.50157104963347,6
152036.60+311150.9,0.969888,-24.309770818542574,-24.506636597481567,-24.851883231763782,-24.999771814141617,-25.139239698703427,-22.636245159438253,-23.91131464849473,-25.55876943945595,-25.31446732885196,-25.867676540788292,-26.080997831672764,-26.924211814227636,6
152043.20+413406.4,1.548735,-24.065324500110776,-24.274150176046238,-24.57545780786052,-24.726957996520177,-25.08944696029196,-22.21425778609633,-23.57073573415842,-25.411145780991475,-26.02138025707816,-26.00325584598703,-26.055080921694795,-26.918524227179294,6
152047.09+453317.4,1.595489,-24.028421132801768,-24.284545696506243,-24.600679787236786,-24.78378196358144,-24.959182108072746,-20.35690947943773,-23.23842754243509,-25.47477911976456,-25.81940896541406,-25.828585492485992,-26.164776629146644,-27.18986189537431,6
152049.16+375219.5,1.06265,-24.05394160697384,-24.269441669003687,-24.58558850620763,-24.752771050091784,-25.093063495279285,-22.793712408825986,-23.732185205301665,-25.390712866789443,-25.17846037262654,-25.549967155675414,-26.30259279230263,-27.24265964968994,6
152112.95+441452.5,1.200836,-23.60938665974244,-23.895115834577407,-24.21401132490016,-24.388711440452195,-24.77662571061777,-21.800012218101717,-23.35432275924313,-25.289464547178213,-25.370152830076968,-25.629634770668467,-25.89174396912385,-26.775502635199643,6
152141.90+551019.2,1.532,-24.748594262467986,-25.096746914694226,-25.553908071884354,-25.771252563253377,-26.10237110059019,-22.34163294578025,-24.30768222015832,-26.33311610564622,-26.703322256611784,-26.64829302963689,-27.379524358211217,-28.389763286698,6
152421.54+142114.7,1.1653,-24.881904879826365,-25.053160468739957,-25.375240811370197,-25.53762176693263,-25.846019095870187,-23.72574952064345,-24.939241533543584,-25.485865837577546,-25.84085756868815,-25.585716017636003,-27.03845385686076,-27.995203031771677,6
152424.52+095829.1,1.33,-26.735691208072488,-26.83076060265085,-27.070278961988222,-27.208625926410548,-27.363306544317425,-24.91213868729454,-26.62439058699784,-27.548227763848057,-27.670350005639012,-27.68392912392118,-28.38242183055341,-29.41780984726015,6
152620.35+575144.2,1.92196,-25.459308353575825,-25.761871323526854,-26.1488204674361,-26.31729209316326,-26.596120110108807,-22.59997690664036,-24.004022025338774,-26.88543659406414,-27.428355576008908,-27.351693101734018,-27.786744914536275,-28.61265092254678,6
152816.78+004936.1,0.873061,-24.34737964209151,-24.51012925453178,-24.92010765532461,-25.038788861248754,-25.186665398223173,-22.76991153552957,-24.097133494624792,-25.47671126514597,-25.284049944214534,-25.514939730116115,-26.07568758004349,-26.94110646853341,6
152832.50+472552.1,0.505997,-23.03280033386357,-23.197086835216,-23.52317271943454,-23.72452213289186,-23.94901975929391,-22.880709939666,-23.1067188323302,-23.86043061066376,-24.016078341569585,-24.53360122803477,-24.97717264058308,-25.86917832737513,6
152838.20+121644.4,1.0731,-24.229495652628657,-24.4213054458801,-24.84065224169692,-25.073754670265423,-25.38298021160173,-22.409247718315445,-24.037537328161843,-25.621516393824344,-25.93202480776777,-26.010281578766165,-26.50616225030725,-27.399747883875158,6
152839.00+565543.1,0.8932,-24.247063755660207,-24.425115934854716,-24.815758165459968,-24.94785100942931,-25.167211493636536,-23.00686830132042,-23.80318542195362,-25.29850084735856,-25.170272590426197,-25.505731933173724,-26.07875775702005,-26.83870857787516,6
152843.91+520517.7,1.231,-25.655311718736264,-25.80943799736237,-26.094904405592303,-26.19710958787156,-26.40896430950589,-24.212809750743443,-25.570937597187093,-26.56469416004117,-26.850263487089894,-26.862437931886817,-27.36813733968652,-28.357888415082844,6
152929.55+230208.7,1.584476,-25.25478419254017,-25.511847791080022,-25.78135008578957,-25.93308270090056,-26.146394722621118,-22.94398727572649,-24.58207506210367,-26.105571435149283,-26.552406085519213,-26.33861261998653,-27.078498965983883,-27.98224914726916,6
153043.22+210743.2,1.338,-24.142292257009835,-24.47070888083057,-24.91574469133742,-25.11185848079003,-25.36335889438964,-22.08074014402801,-24.16691622681021,-25.49903883478703,-26.204226888754924,-26.073301830878,-26.6217607391955,-27.67382868477027,6
153106.33+455750.6,0.997,-24.71862972573224,-24.768052166775146,-24.931282343227043,-25.12907604201288,-25.39051626165789,-22.630727417482667,-23.87044879374824,-25.26199374576588,-25.437315620809823,-25.74521521413153,-26.344238075241933,-27.315789645784072,6
153209.51+061356.1,0.837,-24.384727819598695,-24.68482977700876,-25.234856530489125,-25.442450396334657,-25.69300991285729,-20.66443654395081,-23.46336822464613,-25.982480439698374,-26.024124620670065,-26.089091041395925,-26.76110860862821,-27.61055155206916,6
153338.11+023320.9,0.87,-23.91526332448756,-24.216377089598712,-24.5750045074122,-24.74137289714023,-24.96884371388797,-22.479122691298617,-23.878918886952107,-25.39997768121438,-25.617282677676737,-25.632245014611694,-26.187461397766437,-26.91980244310385,6
153439.93+143328.8,1.6574,-24.11379247475818,-24.40112001349632,-24.76052019801876,-24.883358444007456,-25.22345522872713,-19.62916129802638,-22.67382149539453,-25.54036576088464,-26.175307940076195,-26.224740819717194,-26.46860196528035,-27.406536912313683,6
153534.68+372515.6,1.377927,-24.64676435277584,-24.749730830690535,-25.044192873069345,-25.14083830882681,-25.320832077982484,-23.505712952259596,-24.75992291370955,-25.69410419378321,-26.092980792074016,-26.152506891733506,-26.52040709793148,-27.52426062728529,6
153546.29+391931.1,0.886354,-24.713633971214158,-25.014332783659604,-25.35845181533397,-25.471582122664763,-25.62419643807262,-23.151915652104123,-24.83588205679573,-26.08320020607423,-25.84988893289825,-26.267843199407768,-26.66468208087145,-27.5120679142378,6
153718.41+461259.7,1.375013,-25.177393527205982,-25.285563174312223,-25.55285493029512,-25.665287127026374,-25.857609534812884,-23.03027846583598,-25.0499562471761,-25.933331932208134,-26.24235771018388,-26.402311758603307,-26.75499053300995,-27.68766180310777,6
153801.08+232102.3,1.136361,-24.869422456872567,-25.02821910047157,-25.33982338035037,-25.510573589913143,-25.78263621349881,-21.943220389060524,-24.56002643204104,-25.991206943178327,-25.8479207308779,-26.386563289675006,-26.99271489437694,-28.03003457089485,6
153834.92+453310.7,1.309112,-24.96171849615282,-25.121253827098897,-25.37820580430212,-25.4992450482352,-25.68317618179276,-23.2911930196227,-24.97851335780357,-26.07291642570376,-26.3684099800178,-26.13223919309864,-26.903629084113746,-27.80125381154296,6
153858.62-014807.6,0.811192,-24.06613175542139,-24.26764953727652,-24.6458479493339,-24.873003342384777,-25.004994096340848,-22.486298280415834,-23.43811263877756,-25.190695291838523,-25.117789345543912,-25.25661264477628,-25.93627146168343,-26.915827923080613,6
153917.82+411441.2,1.170641,-24.43223833943609,-24.46141334678941,-24.923911475683465,-25.0444431231715,-25.20061227306854,-22.327379091750743,-24.169525347214297,-25.525913505641995,-25.702903330642577,-26.073122893075546,-26.14996327173009,-27.016915336097878,6
154104.99+103031.5,1.1522,-25.079086021985432,-25.25262258125477,-25.50097334417471,-25.71552499242113,-26.00193044526222,-23.791805843270254,-24.729365077357627,-26.147462512294062,-26.08088471916973,-26.4251188510473,-26.920700261613096,-27.77718664639812,6
154107.47-003716.0,0.755104,-23.419350215939502,-23.7996999677611,-24.301118602947497,-24.43222145359697,-24.673523146621186,-21.911670488963647,-22.813149931180718,-25.060080646316617,-25.020545305914712,-25.125073755224843,-25.799776530573443,-26.798615514579694,6
154220.96+390645.8,1.39053,-24.28976982023324,-24.61465597956896,-24.90907230348621,-25.10251927573598,-25.341617975023027,-22.803284865332436,-24.120607486518104,-25.15407703148273,-25.934241029261862,-25.936139689415956,-26.61262458826704,-27.504380079982614,6
154236.67+045107.5,1.7381,-24.170923139951917,-24.238681578394203,-24.803406508232165,-24.990600071105032,-25.287029502496004,-19.42981469720516,-23.19768920516396,-25.94125640518829,-26.116735665684832,-26.22380449265343,-26.84939396931281,-27.892292232800983,6
154405.65+324048.3,1.049444,-24.61679276142304,-24.86911155724772,-25.194996934388897,-25.34654701419109,-25.61425191004101,-22.83639178074129,-24.18110446523429,-25.800205684822856,-25.810253477122696,-26.06122008515936,-26.50689837724194,-27.29856446292873,6
154600.53+510357.9,1.34025,-25.151045806965787,-25.47513042564429,-25.816588240698767,-25.95931427706387,-26.149315101664115,-23.210686236419463,-24.46776263780933,-26.477836878666483,-26.7623107544619,-26.77549322982361,-27.119407088829195,-28.259663597440863,6
154640.73+121549.4,1.134,-25.373076368075907,-25.73374077862655,-26.03495624174271,-26.15871812638676,-26.433829074971708,-23.97139965478852,-25.047757409788076,-26.53231890633471,-26.49318437437781,-26.70579122676215,-27.44704766777096,-28.461206380893127,6
154711.97+265620.2,1.705543,-24.004723930780248,-24.171979490600638,-24.55426687084604,-24.771102100119883,-25.165681054676515,-21.520512291504712,-23.00776078905357,-25.960589980322577,-26.38831776819306,-26.301492538152573,-26.1036166400483,-26.96693387911118,6
154833.74+385411.8,1.38834,-24.976705447073755,-25.36875171464156,-25.67629965069488,-25.785796904926936,-26.01243746009923,-20.50434581306861,-24.01527908513157,-26.393838076899527,-26.6303785985952,-26.75719001796075,-27.16518082895182,-28.1509795302076,6
154839.82+075032.7,0.860065,-23.7048313889692,-23.83075941178358,-24.212329708632613,-24.40949664121763,-24.694155056196823,-21.84270286566272,-23.25674544561653,-24.98226101356734,-25.1074281395935,-24.914627718889555,-25.651103590161192,-26.66603449501411,6
154843.65+290859.3,0.550139,-23.26901534707704,-23.50097447456809,-23.880845143577957,-23.95741712076831,-24.19285262368018,-22.71134383122255,-23.125582543483013,-24.34959092650734,-24.58493187180434,-24.74908667939537,-25.27791676102913,-26.20555453360236,6
154847.65+351033.8,1.103908,-23.648528760264643,-23.86700308771015,-24.20100649099844,-24.34498462920624,-24.612413936111853,-20.27273246351908,-23.54080957378836,-25.004870173272828,-25.63732857390655,-25.157978861400107,-25.859688474445505,-26.70465824299784,6
154854.79+121119.9,1.7382,-25.731756881215794,-26.07554437888125,-26.42002082531001,-26.55338503773825,-26.77725443094663,-24.26037124212853,-25.25267332882579,-26.917044467251404,-27.008660362336496,-27.13591495067721,-27.77439669885461,-28.71098772438687,6
154907.47+565645.7,1.610777,-25.15065585934741,-25.278729568294334,-25.57656129228341,-25.694634753720404,-25.9251115633105,-23.310045984762606,-24.364799013358997,-26.06200577443234,-26.483694486435223,-26.669465321881923,-26.795919369026567,-27.726187179804214,6
154914.59+235023.9,2.022237,-23.658929071410714,-24.16669917044257,-24.814439747014237,-25.08718989753198,-25.35554242364975,-21.77847532639228,-22.713447287386494,-25.88506755372773,-26.388109774981697,-26.06271385139289,-26.650994644467715,-27.69987753813951,6
154932.95+105020.0,1.4591,-23.698662812684745,-24.132262240227345,-24.58538193600333,-24.802819727940165,-25.05826978336031,-20.162963825609523,-23.395781237343208,-25.75697110649929,-26.794405670899007,-26.790499370800624,-26.51199245102169,-27.466154153095548,6
155124.09+162750.8,1.547,-24.344723440622005,-24.879928308059803,-25.315074901728824,-25.47595047582984,-25.7677474406695,-21.20779727110324,-23.6531516487935,-26.26499299998889,-26.145861445030835,-26.518135008107997,-26.657504978495112,-27.559731803517742,6
155147.39+330008.0,0.422337,-23.008196059532125,-23.217968480104968,-23.336140293148144,-23.574521813568825,-23.804223907464635,-22.929361112941727,-22.894729968951232,-23.65109885143592,-24.049090025227414,-24.29399065174685,-24.636916834353134,-25.54564273903319,6
155205.74+552354.8,1.501404,-24.734411918142698,-24.917532519410443,-25.221944556138272,-25.357648049826995,-25.54344097827489,-20.95304081275877,-23.845221866174636,-25.76509497389538,-25.88908515730372,-25.765235890915477,-26.609524761768142,-27.632448676383017,6
155228.72+210725.7,0.888478,-23.90644139540958,-24.05574010256906,-24.37996232379316,-24.44321807041872,-24.685881196705825,-22.46196367267248,-23.36202064450168,-24.74639391547156,-24.824659744133257,-24.927228978263265,-25.761271402542693,-26.614383443135093,6
155237.16+382613.5,1.674563,-24.258434699293645,-24.58523736484372,-24.85520382493706,-25.12793499230009,-25.55409834279976,-20.571520172830056,-22.496675200681423,-26.044561202538365,-26.432800708451584,-26.392762582928277,-26.88472044683506,-27.782349947897192,6
155334.84+234958.2,1.487711,-24.640235329728565,-24.84826681455884,-25.104800295954217,-25.21937096951444,-25.483934382749045,-22.94256488084286,-24.29154233094868,-25.99989191557622,-26.03004447689819,-26.54053878017824,-26.47683006673317,-27.447255789741117,6
155643.70+324255.6,1.043276,-23.8235892888836,-24.177783406443204,-24.42108441865885,-24.59373067723545,-24.93975916243929,-23.023318739995744,-23.63854784232147,-25.229292984102766,-25.505433113309252,-24.76547422407258,-26.27946918621065,-27.26254233369965,6
155733.51+103839.3,1.872,-24.64116179122624,-24.997795001986777,-25.26114198930534,-25.24463124308997,-25.494226739857357,-22.35539129089503,-23.89260007863509,-26.20415883970369,-26.56195403292465,-26.599972532002887,-26.20309328657749,-27.292372992433062,6
155823.13+100119.8,1.225,-24.601946272475377,-24.77047893543477,-25.12250535288208,-25.297792624992127,-25.46938172209911,-22.30889351128419,-24.38783749807314,-25.80640844497837,-25.88852489223187,-26.296252835834792,-26.615414956604926,-27.4932004669178,6
155846.98+043802.5,1.205,-25.62978844521388,-25.841825994909897,-26.141763672630688,-26.29835320474253,-26.58376179990563,-21.964859864942,-25.41348544081566,-26.820673235170474,-26.719125930753933,-27.107988677419748,-27.72966098708913,-28.67130130569735,6
155948.43+411520.6,1.17931,-24.665601908020506,-24.87144047371325,-25.243247312159657,-25.40133903200853,-25.6622518367442,-23.290686118376097,-24.6268909838994,-25.85578845125668,-25.845351072875463,-26.007459722951747,-26.620434341598788,-27.476691886510565,6
155955.90+313026.0,1.741479,-24.443403579418675,-24.728818562491227,-25.06555905634108,-25.219102397538293,-25.455730201463425,-21.92380075246905,-23.97715756102838,-25.675075352510333,-26.47583964634929,-26.396141480947595,-26.755687925610168,-27.685360439854744,6
160007.42+111316.8,0.6694,-24.44580219011256,-24.585745399109157,-24.871830676617968,-24.92571544502515,-24.99606251100179,-22.759155071385788,-23.44300646646796,-24.936709206634585,-25.20655980552764,-25.495892328669598,-26.19221170456159,-27.055170375439943,6
160102.04+152023.1,1.1834,-25.156484038695805,-25.52064129346716,-25.883083584959444,-26.127590277732928,-26.452330857432155,-20.94586861310395,-23.50869973291132,-26.665837516413145,-26.68011178531717,-27.038249871426498,-27.813718440081256,-28.73871778543525,6
160148.48+565819.2,1.373,-24.44104761543851,-24.78778294461255,-25.214629390088287,-25.321704614860085,-25.58431794628232,-21.983552055835386,-24.27678752107119,-25.94485991880265,-25.96271148016829,-26.23412011739201,-26.57635950575818,-27.502561976376345,6
160155.04+415139.3,1.350958,-24.05947543445557,-24.190773464823124,-24.52251948388248,-24.74575167432873,-24.92594172726436,-22.259296712603017,-23.881046339975143,-25.428894141870927,-25.60718424206941,-25.904668026250047,-26.08106045247399,-27.03020597065262,6
160355.57+181527.0,1.286415,-24.420954472205803,-24.57986417046349,-24.89550532183413,-25.11442749650479,-25.333539883580244,-22.897797686097267,-24.64220957478843,-25.535412505142123,-25.89228331527888,-26.13291496639368,-26.560588301824385,-27.559298867021276,6
160447.03+171816.2,0.852752,-23.81748290241491,-24.178395517540327,-24.4788613545767,-24.677974430449357,-24.8892781880715,-21.20500667898289,-22.692822593674546,-24.8357250092014,-25.02545532328723,-25.17242228195853,-25.92042448340536,-26.84200151072756,6
160529.09+093045.7,1.4374,-24.294578574679143,-24.584689111630723,-24.892805921275517,-25.043811432636083,-25.30308614806159,-22.68495779115244,-24.137373903306308,-25.89083790547833,-25.89410430416029,-25.819877308929392,-26.40056137214693,-27.295375494703062,6
160619.62+205618.9,1.380893,-24.838597660604268,-25.173735523708373,-25.5253483690439,-25.75518231601192,-26.02961641614044,-22.991542560123847,-24.78072806175568,-26.40961203800845,-26.63369704780164,-26.652432288424126,-27.38086521958728,-28.35220731750389,6
160624.23+434336.7,1.482,-24.004815360233778,-24.310766800003314,-24.813854868466716,-25.02215521711724,-25.328565582006814,-22.11961416876258,-23.94518911274554,-25.843901481454253,-26.75394270275052,-26.579796960086625,-26.37037932170104,-27.1898578311149,6
160714.26+492332.5,0.888,-24.056993208213303,-24.31302698204126,-24.604657329258615,-24.68029114738293,-24.89155315761088,-21.105482253720265,-24.314879770924485,-25.341858718320285,-25.37391436287453,-25.8764610963837,-25.997230541154423,-26.663661346343986,6
160749.33-002219.9,1.303434,-24.927750131053344,-25.091985981302543,-25.4031211723826,-25.541978562319173,-25.73997240164941,-23.520694802985417,-24.823392690029483,-25.90730906475125,-26.37018523102473,-26.48681310479764,-26.9627387990826,-27.858828062794338,6
160836.84+295842.0,1.162362,-24.545417090576997,-24.647920862895777,-24.893048969361555,-24.98569291880583,-25.22760759688049,-22.84393068329632,-24.085014363853716,-25.157011346549638,-25.802959458830596,-26.163724130759334,-26.29393947695631,-27.18759482960146,6
160914.86+380728.1,1.126999,-23.481494948851758,-23.50116697872797,-23.93703912358007,-24.080869931206166,-24.110480088261067,-20.15908622192596,-22.71436773608371,-26.203053042544603,-26.096303472554848,-25.7726572803777,-25.042971219443498,-26.26114790467226,6
160952.64-002101.0,0.926538,-24.509176021226523,-24.559565092424386,-24.77549928682693,-24.86790628835819,-25.06943745999664,-23.45339309213089,-23.76402641048648,-25.14901327821452,-25.4925698177192,-25.59046879315348,-26.043508309223554,-26.943783391197545,6
161031.63+145557.0,0.437183,-21.832682305260796,-22.22504615456762,-22.76605474075433,-22.94773941187604,-23.34133135332829,-21.330599748715212,-21.96726328009302,-23.45349435455888,-23.833312792490755,-23.915661185752057,-24.464029514220567,-25.2104981139603,6
161112.09+115734.5,1.1571,-24.028203205675947,-24.200079254507305,-24.570263258422514,-24.805702952578457,-25.059830580325723,-22.128512436429105,-23.79470295503939,-25.485268613124337,-25.487906595975986,-25.871501532121343,-26.18140515550723,-27.05958938205236,6
161136.57+152054.5,1.30912,-25.656695215016388,-25.80820342382448,-26.145327185490952,-26.288723001050226,-26.530892846743495,-24.419900979398005,-25.61304572953048,-26.741103923369398,-26.75281542554844,-27.020848317461464,-27.780734672769743,-28.67949302771514,6
161316.64+221617.9,1.46832,-23.670107971135582,-23.948945222861088,-24.39472793082926,-24.59127033642142,-24.892160881120542,-22.13655233563254,-23.61861301201545,-25.34430638603161,-25.95166243026545,-25.883967901876456,-26.09325694710245,-26.88455931895981,6
161341.96+212307.2,0.92593,-24.12934528985064,-24.26526127142511,-24.565012386671945,-24.66032625012496,-24.85537081521804,-22.341487559387872,-23.83040521740282,-25.07105885912769,-25.24541124048053,-25.694580472134668,-25.739503133928903,-26.589603410595288,6
161441.39+504235.1,1.415,-24.71200181925517,-24.836827833956157,-25.107662168028543,-25.268417710994417,-25.537825580426585,-23.966387615190367,-24.810750328567483,-25.867351087277964,-26.29078561523623,-26.330967589613707,-26.53906475073789,-27.541075581267805,6
161503.19+262543.4,1.537907,-24.704660372019585,-24.942762232382155,-25.208506446326982,-25.32036918310952,-25.60380278415738,-23.472833151504624,-24.56456128344541,-26.0669116550088,-26.281933125954723,-26.09940608141619,-26.534424069571887,-27.463038331637748,6
161511.35+314728.3,2.095,-25.06134715477476,-25.314821683636904,-25.797405050386693,-25.91904312838477,-26.145000631701084,-22.09280033205669,-23.670669514706443,-26.658910980297417,-26.99896645963685,-27.153684984556453,-27.24832912355185,-28.250170355715166,6
161525.39+130514.0,1.35,-24.22972783676996,-24.4748888074194,-24.8000829010078,-25.04501852365929,-25.32208733088055,-20.15339630421952,-24.05305537613115,-25.422715785475543,-25.62651105124683,-26.008258659283232,-26.56050240573677,-27.529567164753136,6
161555.66+062319.0,0.999182,-24.42103939782217,-24.7854514963918,-25.13439308758868,-25.293944975146903,-25.527320327737304,-22.40001578390352,-24.24858291064463,-26.00343986255244,-25.810775444664134,-26.0387049418952,-26.59529176000297,-27.345142847282247,6
161633.32+424550.3,1.646,-24.670949138647888,-24.893575200968,-25.225599043539788,-25.32928376608588,-25.615488296251616,-23.080938707050013,-24.309058522589144,-25.81448635748597,-26.241577791361323,-26.44427302858397,-26.78139169915223,-27.66328231217361,6
161806.31+422532.0,0.933251,-23.77309819710781,-24.0486862804435,-24.42567517918183,-24.581289255851097,-24.891784997000286,-20.38033515251057,-23.39184451590912,-25.231873862147545,-25.34014421427705,-25.535894403503416,-26.309509445775436,-27.169251245888397,6
161817.59+330900.8,1.148278,-25.531969015744984,-25.69158192271308,-26.00325012809791,-26.19218435412271,-26.45898410583015,-22.58876899380833,-24.78364316820645,-26.258171020490124,-26.40042443263402,-26.84674730877862,-27.453904792654203,-28.386506549463785,6
161826.93+081950.7,0.446332,-23.45086644502103,-23.77147464976531,-24.19495208096892,-24.38103896385769,-24.85242815426837,-23.085110509410807,-23.52005477254443,-24.8686476480716,-25.18597312357404,-25.49926715365693,-26.0604830338294,-26.946533696616363,6
161925.48+392625.5,1.651,-25.015557287744112,-25.26003812267908,-25.63915717974468,-25.74549542013491,-26.035706046594004,-21.05054275518508,-24.348701620895117,-26.33926266278249,-26.49312299637051,-26.300484558121312,-27.025298690122888,-28.06997403542468,6
161925.52+513029.4,1.302007,-23.97882628569396,-24.36078823750037,-24.617553057860565,-24.75684789478286,-24.961151977660517,-20.83728172068592,-23.57460948194788,-25.666622464897685,-24.66082591160582,-24.78251062234798,-26.17102413261347,-27.171151382156523,6
162041.52+151748.6,1.643679,-24.633916823979767,-24.77810760962015,-25.03675017915073,-25.17430863355938,-25.41295002796708,-22.844518319625635,-24.36368400173152,-25.628888073323523,-26.171690508644737,-26.016463882353907,-26.383905381507063,-27.324900158088667,6
162110.33+361358.6,0.831807,-24.05154022821178,-24.159543682651748,-24.44874995586035,-24.53972766244437,-24.61269283559289,-23.025467274837627,-23.95437207348592,-24.698095803544984,-25.03474997663002,-24.944571661439124,-25.882348356054447,-26.70735518001049,6
162119.97+341505.2,1.496769,-23.93870882152454,-24.12991735911804,-24.47773355207722,-24.650506158100903,-25.001935653025622,-21.45803939351929,-23.207948886584106,-25.508347152624943,-26.051461944048743,-25.88842578249398,-26.09274570074572,-27.09183998472241,6
162143.73+401949.6,1.621,-24.58050634862277,-24.89610059388351,-25.231925564902127,-25.45130915131737,-25.653782476205077,-23.821957464186468,-24.787127315300214,-26.076638124788563,-26.02803853271108,-25.95493922266939,-26.96939804808163,-28.106863095645423,6
162151.74+340559.1,1.806,-25.61418494691516,-25.76526333542053,-26.18266009586103,-26.26051649248001,-26.622512764353598,-22.451367343154384,-24.85636997006384,-26.83613893775578,-27.332570178397848,-27.44736573289296,-27.6248833649445,-28.52531009943124,6
162307.39+300406.0,1.167611,-24.37130737124553,-24.90890057423612,-25.285082189031723,-25.393475737841843,-25.756704648039733,-22.431863904623658,-24.114336690004286,-25.98079608098085,-26.006852002484436,-26.223617205124157,-26.92394192667441,-27.860288000917105,6
162324.51+162653.1,1.080914,-24.61349357146356,-24.80610097679361,-25.09065665678389,-25.23964198768872,-25.519318165082087,-23.35157811256489,-24.460052623664776,-25.19304474226592,-25.622887760951667,-25.649464808576685,-26.66251769486802,-27.572313880056388,6
162443.96+480806.9,1.843972,-26.030870758734235,-26.24559226277761,-26.572680057570714,-26.686593941927104,-26.922713478590268,-23.64484233695767,-25.051387205017807,-27.262902074081744,-27.484901216872156,-27.74151015903712,-27.97970420796849,-28.931862511850603,6
162506.63+084309.1,1.0111,-23.79015642957094,-24.109578418531523,-24.44631384480437,-24.64316980566539,-24.919858454482664,-23.08749002004034,-23.46820278019692,-25.05599818531834,-25.36624531245214,-25.992290334680668,-25.79243626241725,-26.62611614092189,6
162518.79+303440.9,0.790069,-23.812181037394176,-23.96468738878448,-24.36074081268632,-24.54138415200245,-24.669281395033764,-23.31911699021785,-23.637123074712797,-24.733193905042288,-25.194441153372303,-25.09025715193078,-25.774172242805268,-26.673351273789144,6
162656.66+370215.4,1.225964,-24.927374198093148,-25.02366724010739,-25.293579609117725,-25.45627824171866,-25.659327662419027,-22.789990976759302,-24.925977705133644,-25.39605486579948,-25.619934553856996,-26.13799335480736,-26.662814385233936,-27.48577331900161,6
162700.29+363507.5,1.747211,-24.47908456990524,-24.796140498560757,-25.21175292219434,-25.404478819012677,-25.712395254743893,-22.93590395323239,-23.82920166016283,-26.086512068409643,-26.513335377116523,-26.369281377195637,-26.75725094037625,-27.7199060261196,6
162714.15+394444.5,1.479,-24.463014241690665,-24.745524918747304,-25.0241595936881,-25.154421517678628,-25.44115905612811,-21.869509014961515,-24.17277588767704,-25.585677620114907,-26.147645360866523,-26.03482369602401,-26.65687814223381,-27.575328041860583,6
162728.92+341249.0,1.718,-24.366460638626545,-24.718450305420067,-25.016026689006694,-25.18044061635903,-25.395017344684064,-21.31075002674589,-23.819523170372204,-25.811493561037228,-26.01453462472226,-26.039671223508005,-26.498780932398557,-27.44156091183326,6
162754.83+092603.0,1.139,-24.260612790114937,-24.41633174511153,-24.7969538077542,-24.97065217325897,-25.197963439618675,-22.66975914117184,-24.125435678359857,-25.943143101189342,-25.51637231103379,-26.101985273233797,-26.05719112698519,-26.88927307478154,6
162853.90+412322.4,0.409735,-22.971911446335582,-23.25388082889458,-23.69673660720085,-23.82840695546698,-24.243329533001265,-22.398524405016712,-22.315016036023955,-24.469752539155216,-24.33457780225062,-24.36226621385381,-24.874455582810054,-25.85814107857239,6
163038.91+301733.3,1.25632,-24.45342651377489,-24.58258719279244,-24.95845406793822,-25.11454088502231,-25.26015227647678,-22.36007060527053,-24.27669756114913,-25.459830760638585,-25.54944253628536,-25.944048299426484,-26.37076634321108,-27.21100224168516,6
163107.05+341433.1,1.08,-24.55440661429011,-24.692226259918968,-24.981553515593458,-25.05507833197967,-25.224352641246394,-22.66334833462374,-24.468408128421885,-25.255124791934687,-25.372615167487456,-25.585913589147737,-26.401347849687976,-27.33717618468273,6
163141.34+240523.4,1.608282,-24.480464048672385,-24.70482565520265,-25.02995046785886,-25.240559852414528,-25.46030831048329,-21.84661218796304,-23.73951753830082,-25.840524039705283,-26.209506308487324,-26.69835215143392,-26.45096395357885,-27.39111817520382,6
163214.50+121803.1,1.867,-26.0728408069366,-26.229688670767757,-26.568066575030016,-26.775600968594897,-27.088468567317477,-23.80217999347632,-25.05795896255504,-27.43653550788073,-27.586583289545064,-27.69093273620608,-28.146468800858354,-29.032415348826884,6
163302.10+392427.4,1.024575,-25.313495088944297,-25.467432437795026,-25.805646987547373,-25.97378388995326,-26.1960948276806,-23.58250521825504,-24.74689719308874,-26.32680195527166,-26.41021279096851,-26.656662232733417,-27.26857859622016,-28.22322075219043,6
163323.63+354408.3,1.72276,-24.317489639284656,-24.891157881024693,-25.36495163809962,-25.474054707466586,-25.61533255800144,-23.21353665981656,-24.11263206264157,-25.78592273899682,-25.921640826136205,-26.430866594856067,-26.631135356042595,-27.5720998652625,6
163348.98+313411.9,1.523,-25.271326396147707,-25.486278421983293,-25.798252663690803,-25.965312780757834,-26.22811795141234,-22.656818306325054,-24.875288573814075,-26.616280934830485,-26.9016014110092,-26.944291414388683,-27.47067541581307,-28.500132191759544,6
163433.42+265158.2,1.5708,-24.51558397272994,-24.793932488599317,-25.11501319962924,-25.314434865852625,-25.59785214794709,-21.947530540457148,-23.99719081342259,-26.19085089857836,-26.498440902616533,-26.42388037772185,-26.671145532712835,-27.5751630676968,6
163523.19+475403.3,1.086843,-24.638354940283985,-24.736505173898227,-25.02186862440978,-25.14460886696287,-25.349409178683143,-23.617216200446663,-24.545175591142907,-25.82659367317809,-25.861598299272224,-25.9658833399508,-26.682522957034724,-27.656519099132755,6
163526.14+342558.3,0.55764,-22.485890475350168,-22.84249615235789,-23.12341328421026,-23.27238784431565,-23.443283482430772,-20.673102700758115,-22.20060454408265,-23.806939859282547,-24.56060772765569,-24.389222234864807,-24.89038213757961,-25.99522080810075,6
163600.37+432802.7,0.94,-24.451919100219868,-24.76531779801089,-25.08742908670378,-25.252492456376423,-25.533670443093964,-21.309130035795228,-23.390872170218227,-25.817499768537736,-25.93091483028586,-26.1681184473976,-26.85297437883765,-27.81426088956372,6
163642.91+332729.0,0.913,-24.841864910335094,-24.98422788524004,-25.317733435284925,-25.53316648399825,-25.71985435570658,-24.041801179947303,-24.73583641929194,-25.71701476092927,-25.7915167026282,-25.74672486141611,-26.746969966359504,-27.651149284862942,6
163704.25+480731.3,1.317,-24.49058452927947,-24.68620157301228,-25.00487198563462,-25.12968957171585,-25.277468356419075,-23.11212329887085,-24.925353622852604,-25.876766315628053,-26.022217363252192,-25.987656563776937,-26.504643560687292,-27.456903172435027,6
163829.09+295203.7,1.371664,-24.770661834955664,-24.905305525944684,-25.18958052008603,-25.360626967285636,-25.58963761105999,-23.44800760770547,-24.965380847863543,-25.86205115783021,-25.94955566725685,-26.205419711902497,-26.57864183536881,-27.391804776018613,6
163847.27+171340.0,1.772851,-25.083361319315586,-25.41750437288356,-25.780326839685102,-25.967555082973536,-26.208368456105703,-22.317986844855444,-24.17812227790778,-26.57560267120604,-26.5359948925996,-27.16043021516351,-27.278261159492665,-28.277297029742037,6
163907.74+210253.2,1.301216,-23.577030772024436,-23.97347370541657,-24.52733624144913,-24.73839111396291,-25.04260353586992,-19.7973084925642,-23.38782288837846,-25.60272027611211,-25.581005806761816,-26.090903732132823,-26.302061624509783,-27.39428711020641,6
164003.72+254800.0,0.504854,-22.45847507300673,-22.655245891870987,-23.140130644378967,-23.265744693165598,-23.483122900116275,-21.65266736740232,-21.7152110618472,-23.729449021045,-24.15959222477704,-24.109589450089217,-24.857550180163887,-25.714048730859464,6
164121.47+263413.0,1.48074,-24.185682631720304,-24.346964426420463,-24.623587826997728,-24.768323784890217,-25.057198146841998,-22.71881709032127,-23.909216789714968,-25.53451344684321,-26.49422974836221,-26.459766303672865,-26.10207164208916,-27.0503068568329,6
164154.23+400033.0,1.004286,-24.16177955830526,-24.33049794562157,-24.61915723550679,-24.77358362148351,-24.999190454884523,-22.61771909891348,-23.927412725298844,-25.17948921370748,-25.0624034270994,-25.51802682697497,-25.898689907492788,-26.726404577356583,6
164224.17+204417.4,1.733,-24.770980624627224,-25.11099459968592,-25.54510075901546,-25.77933436190687,-26.12342283654565,-21.30869384494624,-24.174249477245784,-26.444377187591023,-27.036364010064343,-26.840992872453757,-27.17596637666464,-28.01541508028411,6
164302.70+402347.0,1.370143,-24.24001097675532,-24.42405597185705,-24.71637817856615,-24.92557290304516,-25.20271148927495,-21.77884821040411,-23.815462201689343,-25.75423392527533,-25.86496262467081,-26.01878239303691,-26.563465345116366,-27.63237483206096,6
164308.51+342330.3,1.039239,-24.37878340587497,-24.52005625189968,-24.836378576698383,-24.95632887423252,-25.225752630154687,-23.53695515174147,-24.4571509402427,-25.444518867087897,-25.536455626783397,-25.408079773525344,-26.356315544148234,-27.234698884819437,6
164347.89+301108.8,1.383029,-24.860188725838185,-25.01195371697365,-25.44437344230473,-25.759504212738804,-26.11322691133552,-23.83270891706104,-25.1624886622836,-26.48321760238269,-26.985466325766797,-26.80563026876871,-27.21878825266274,-28.10666548203545,6
164419.75+530750.4,0.781,-23.124859908030132,-23.601756096133524,-24.143324314880385,-24.474398039724782,-24.690918210272606,-19.37899427279139,-22.424701719069827,-24.83308740161981,-25.01360388479186,-25.030254939429454,-25.84965630726876,-26.81678358989987,6
164432.73+434232.4,1.12946,-23.982513324764145,-24.12777851488082,-24.48352600303088,-24.663228301470664,-24.884883010138758,-22.84899324919068,-24.17905731434705,-25.367510806152616,-25.437238828684272,-25.889313511695285,-25.913306169738597,-26.77884283259692,6
164434.10+193307.1,0.950905,-24.00036517329741,-24.05323170169156,-24.33468260468995,-24.39210918698462,-24.58949032079055,-22.37386438092467,-23.64848008478285,-24.985834517056443,-25.212838194797357,-25.29935762409532,-26.11138549214709,-27.046931781593056,6
164938.91+302228.8,1.565111,-24.49974550653731,-24.89348625937288,-25.20465456745314,-25.42971832669872,-25.72866100776492,-19.906288419330743,-23.034467390074287,-25.97551747139152,-26.294411146522595,-26.19581527568335,-26.84587746023314,-27.89424832177778,6
165034.43+362134.4,1.088606,-24.254790975360464,-24.32951064154478,-24.59653828885822,-24.661225698229902,-24.80911130670595,-22.89649857874257,-23.97762817906589,-25.073390888518578,-25.38920399512867,-25.603014741951387,-25.878482837650907,-26.802948418235445,6
165212.84+383917.0,1.404042,-24.43626776730717,-24.497835086368468,-24.972271040653983,-25.147212782299025,-25.468669463272413,-22.83860569808015,-24.191371776171653,-25.93073095125069,-25.818057633408053,-26.30881488385833,-26.391956859646893,-27.062516651033174,6
165321.03+271706.7,1.605,-25.56239686818046,-25.9208679131249,-26.248960044381256,-26.34152795565642,-26.626020160397573,-22.14243316719243,-24.70246207039584,-26.938369225266936,-27.1842938647953,-27.335232852554984,-27.76354716950738,-28.74793207625353,6
165441.77+614018.7,1.24849,-24.551916689014128,-24.60387081376272,-24.93165639611197,-25.12786900877073,-25.36991393689509,-22.437939270169945,-24.503665697369957,-25.78070683189944,-25.63381194864306,-25.845997316174262,-26.33328247427724,-27.18658026664361,6
165527.33+203947.7,1.771,-25.001377236386208,-25.430905911506308,-25.81720836256984,-25.987819630807834,-26.295305117301567,-21.067699824705397,-23.432631260748902,-26.772346139427366,-27.186470972666832,-27.049738426159216,-27.38112042825192,-28.42967687552477,6
165647.27+341032.4,1.083283,-23.72554213891116,-23.890023501485405,-24.242183609795926,-24.40124672537633,-24.636785241271,-21.74429775985185,-23.32478054812176,-24.866737797821457,-25.23179059685262,-25.355876030436622,-25.97927331292993,-26.886778708722407,6
165742.84+393807.6,0.990628,-24.523887956301373,-24.685390678468643,-25.07066336919416,-25.29117068701324,-25.439844569335747,-23.635626433784104,-24.46859816034126,-25.89811045731771,-25.75136219395692,-25.94767972327616,-26.35576379020523,-27.17026558689919,6
165745.45+365151.3,1.540204,-23.86279050384881,-24.36891951494806,-24.759740949543392,-24.944940796044555,-25.216000255290023,-21.735636394293405,-23.093931756941817,-25.56867137945026,-26.049939461394057,-26.285065992694093,-26.147042336319338,-27.172799950935755,6
165802.77+473749.2,1.620335,-24.908978377341544,-25.09008010108024,-25.342001647222965,-25.44522882887839,-25.60795335470113,-23.51526362680021,-24.36736518553244,-26.42208422132483,-26.67615339418504,-26.57993134088983,-26.704526110234248,-27.72145729983877,6
170240.71+323051.2,1.026573,-23.190915661044723,-23.39431053996826,-23.943175177933863,-24.189352201232985,-24.435073407526662,-19.523070247755687,-22.589616177528946,-25.058974815790982,-25.395797861966773,-25.39501187139977,-25.668145254209247,-26.535598490198893,6
170301.35+610712.7,0.961047,-24.177919834832693,-24.573925504873543,-24.91917367605984,-25.09480559397725,-25.46064086753041,-22.453488450315024,-24.140197814413455,-25.79461607436982,-25.881131161041427,-25.968829818732136,-26.51487356031066,-27.38399128774932,6
170514.32+225421.2,0.882164,-23.129000289020333,-23.487534434500247,-24.021559222697498,-24.26864508992332,-24.53059876722199,-19.246058690753323,-22.92355070143488,-25.08190736131592,-26.590235402328197,-26.44293041240165,-25.83362821561423,-26.659216810533124,6
170659.37+452506.7,0.997989,-24.2931892794468,-24.351665181535072,-24.66677350432064,-24.7298670432014,-24.88104454361481,-22.92857803158686,-24.29539834882814,-25.310060963087626,-25.6095395612745,-25.6284366879478,-26.13238968151112,-27.154264956361654,6
170713.58+412704.1,1.590037,-24.29913412201977,-24.552446150745222,-24.95282221532205,-25.136952887707203,-25.417467191310216,-21.07443320893546,-23.88218406111048,-25.53553806205153,-26.06032931939102,-26.25518902299088,-26.052434598609672,-26.977731227495987,6
170757.55+332934.4,1.71,-24.348639049035555,-24.85065522968481,-25.21948492719212,-25.30716066537392,-25.55068458570896,-22.000743182308906,-23.42502206837838,-26.022179145180587,-26.12740727023028,-25.9835318499927,-26.62023196744916,-27.605552660695235,6
170819.79+614207.2,1.354185,-25.198300758271287,-25.55648257809178,-25.949325693947888,-26.170031938704412,-26.41532374962336,-23.752440939466847,-24.964053222575597,-26.4778118124364,-26.841115989870808,-26.96752226952168,-27.368924054929813,-28.254591374825733,6
170850.70+423444.6,1.503,-25.446956591780744,-25.65494200173442,-25.92327321328315,-26.074199795048266,-26.318771365294083,-23.681192481434813,-24.89078689368259,-26.69776826397727,-27.08569714653369,-26.98969828078228,-27.28786056677376,-28.19467561036783,6
170942.56+335117.7,1.655,-24.83040363931433,-25.08280906589523,-25.32325554242957,-25.416567504859117,-25.58814996709375,-21.47625650906353,-23.814762777644116,-25.81889721026587,-26.10500632917466,-26.135538524947705,-26.79406982179193,-27.80964288247197,6
171022.60+640603.0,1.252416,-23.41335433542951,-23.706071968253788,-24.094296355733388,-24.269396343066923,-24.41214328492884,-21.58713756643184,-22.69012563988813,-25.37414305319826,-25.62868581246177,-25.56424580591766,-25.736992042295228,-26.635159204819885,6
171911.96+291546.5,0.869,-23.267927571873035,-23.689231567471698,-24.15845454532257,-24.35277033063874,-24.578394243803118,-22.33848294218596,-22.935024402484665,-25.18296432055416,-25.123246733681125,-24.97357538121986,-25.536482750040985,-26.594764944230057,6
172056.01+640105.2,1.134524,-24.54748658835284,-24.715317920673627,-25.027637139036276,-25.15578670395048,-25.39607589215144,-23.14688356369854,-24.520435896771485,-25.76542162295403,-25.69397487846833,-26.325086944902843,-26.32312542873884,-27.16231874399972,6
172133.61+561220.9,0.826518,-24.098368780619364,-24.27800665381969,-24.706102856539253,-24.914752501621507,-25.10716387797619,-21.756660370682408,-23.60554122170044,-25.192050710617696,-25.375236147385145,-25.324661378041643,-26.45969640906558,-27.42712154997057,6
172209.44+273042.9,2.042752,-25.027260426079582,-25.272119456659016,-25.63475944424236,-25.7576568332349,-25.998952208904942,-23.165456308849794,-24.202979584973825,-26.445939648280028,-26.895902324976827,-27.03704444484794,-27.062354741602785,-27.90473043526396,6
172704.67+593736.6,1.131898,-24.97418103494053,-25.23360745704527,-25.529954202965342,-25.648919652957996,-25.900667756021903,-21.446507476355016,-24.68713241050062,-26.254630721384498,-26.15516671734498,-26.405837910418654,-27.401694328306075,-28.424049531755703,6
172958.77+575838.5,1.346088,-25.03436356700582,-25.218717127624323,-25.46964557432384,-25.586157391931785,-25.867763179201976,-22.640957771863423,-24.867755704851216,-26.07998804704096,-26.197489372764814,-26.26131460250726,-27.03458217103391,-28.04636252289837,6
173052.71+602516.7,0.730501,-23.7093510692591,-24.01290159806528,-24.4765065748457,-24.724701040382293,-24.987642160147264,-22.819566250344863,-23.39227217236757,-24.9949638524678,-25.41472189895997,-25.22689389083216,-26.11830765557905,-26.89185199584341,6
184542.15+632610.4,0.8812,-25.2182467067971,-25.38383073672708,-25.77957473005238,-25.933500141448267,-26.11282576986858,-23.50046346345887,-24.9370923651449,-26.19712493193877,-25.94720163498443,-26.46458478416905,-27.02272672929663,-27.905420784099032,6
190020.93+772916.4,0.89707,-23.36964192844893,-23.68113412639144,-24.13945327024194,-24.394532420088996,-24.628337793028457,-22.36669898923184,-23.54400266902312,-25.079479561590905,-25.292586215375064,-24.62283485328328,-25.78782805510197,-26.62951251301916,6
204208.16-055222.7,1.458645,-24.30219311524606,-24.49059529732861,-24.8802840247206,-25.03264769101696,-25.27604259078609,-22.23506133734622,-23.618020794812416,-25.73947440866741,-25.753674522708906,-26.09966285355369,-26.29179672734492,-27.21080651987078,6
205706.58+010030.5,0.860389,-23.863096048283737,-24.119214173603343,-24.49702090719032,-24.64360992862771,-24.883102695634367,-23.015716124992075,-23.786138913780228,-25.43994702114198,-25.31958060432448,-25.71369052001856,-25.87653192130666,-26.81482179753245,6
210149.24-062539.3,0.950043,-23.70317441318099,-23.86723591841989,-24.22395675770886,-24.37978517673297,-24.55162156994732,-22.86839652496393,-23.662801015785785,-25.00611006891573,-25.15612202696539,-24.910883291645877,-26.012858336017917,-26.93056042121879,6
210354.58+001216.9,1.122769,-23.66483229379412,-23.84080552751469,-24.27036802239597,-24.350085832128297,-24.62244481956816,-20.57076386994276,-23.4628926035234,-25.75897362043437,-25.57510821123629,-25.600188694481155,-25.90650096315497,-26.858164669130524,6
210558.29-011127.4,1.625432,-24.528701411103057,-24.781723613540468,-25.16062937864447,-25.440550228904208,-25.612030993089583,-22.17383859105831,-24.31786419220505,-26.04688442107405,-26.784781530982222,-26.48109840207434,-26.350371154399227,-27.382911693450342,6
211125.59-070245.7,0.899754,-23.70109614277542,-23.88970703724161,-24.241959870629564,-24.455207459778112,-24.705025229816417,-20.654969144580164,-23.071638972118297,-25.02440308427253,-25.31255677464949,-25.08983891463116,-26.152514750417417,-27.192830470236046,6
211230.57+001427.3,0.98,-24.080285267615206,-24.136632951553796,-24.51907568185565,-24.675033436203744,-24.80316396251687,-22.33993395098983,-23.58795176833533,-24.80223482939654,-25.07253063202015,-25.47868258620614,-25.834357214527177,-26.759299096407283,6
211651.64-063155.2,1.711229,-24.984012093602686,-25.411729618144932,-25.75776851061268,-25.852047310413848,-26.059919530685303,-23.06789873730108,-24.525633340591185,-26.33839657037649,-26.539302380664186,-26.635849924668715,-26.903679284329844,-27.851903625657688,6
211917.12-011450.8,0.994171,-23.470152861234485,-23.797306763236644,-24.331122193970643,-24.455184222069207,-24.59931931187824,-21.26120943828076,-22.264513826693904,-25.05468895309489,-24.95130144425933,-25.6476699300538,-25.30258861946379,-26.201069490407736,6
211922.87-001533.7,1.5232,-24.20080840056208,-24.55680564751725,-25.07274370718774,-25.22313681538104,-25.518209382030392,-21.485642385013904,-23.63395801388156,-26.065668400663967,-26.577311856648784,-26.201826718960778,-26.733665252250745,-27.757771732458224,6
212110.27-032639.8,0.848,-23.08651473117444,-23.33648212835889,-23.740374363645547,-23.85489352743365,-24.062694383818293,-21.053566156270133,-22.61469540780288,-24.53096687816114,-25.04005728950841,-24.96454301999454,-25.42050732427403,-26.205530594617493,6
212125.73+112525.2,1.69824,-24.928132747523414,-25.271919810291926,-25.637417643877797,-25.758057440112303,-26.049995867389296,-23.304796540079007,-24.811971389086786,-26.35636282117829,-26.86707971185684,-26.690637543731835,-27.270200908794934,-28.14702947208275,6
212418.00-015158.9,1.231762,-23.943007354329847,-24.262349313076413,-24.65063356227811,-24.876671132494256,-25.01514780741913,-22.531282486316947,-23.852490992240497,-25.427527169125582,-25.96538447650831,-25.8304803107529,-26.45391735526148,-27.302312690153688,6
212917.63+030852.0,0.933491,-22.582578910949213,-22.79819663447825,-23.09888064094978,-23.155044375137877,-23.11328890878827,-21.70607459317369,-22.51768753829217,-25.160987161717543,-25.26313406962468,-24.832516861687026,-24.7991718785122,-25.606982072653203,6
214638.87-014946.3,0.965928,-23.9212719663086,-24.13530057152146,-24.552414384092224,-24.70602310808557,-25.0200641863652,-22.229261957694835,-23.23511935288153,-25.278619984991085,-25.68106412677755,-25.46274711162924,-26.55775367271193,-27.61703365769472,6
214813.94+105922.2,0.959659,-24.10101355894708,-24.26339765500516,-24.64648225409358,-24.80893018057493,-25.028719973756637,-22.607427754768768,-23.43394311900592,-24.847665641849,-24.937116371386463,-25.640333742522152,-25.92993943639656,-26.76962182786721,6
215243.98+225258.2,1.68725,-24.209599939548067,-24.468047904125008,-24.85521952103616,-25.10324596310239,-25.35606446657828,-19.861073943530126,-23.733075851049108,-25.91338761431164,-25.898684447086524,-25.238083472786357,-26.551800353881283,-27.534183470718254,6
215631.06+290256.2,0.960236,-23.946825100856696,-24.184082816226947,-24.49479068132833,-24.630076108252805,-24.84929654189353,-22.678854062805428,-23.65157824569878,-25.352618199281164,-25.488799090510252,-25.84798839848476,-25.76764227894264,-26.59027268029932,6
215723.01+003018.4,1.565,-24.991459270569923,-25.19870860935829,-25.40054533866202,-25.50216801481185,-25.710708237504765,-23.02702309739561,-24.572949517523192,-25.773181041138056,-26.208293942057814,-26.618434550371227,-26.749964855663343,-27.868253070638744,6
215841.40-001507.7,1.456,-24.658896903814224,-24.783889629794547,-25.12630442937857,-25.328053849495305,-25.624164570745435,-22.14742363376414,-24.46317137701916,-26.11397439619992,-26.17080706723294,-26.374533061086176,-26.712414946658576,-27.704495678901413,6
220302.02-090808.6,1.42605,-25.073509570176824,-25.608296224039087,-25.871177068481614,-25.96759823610165,-26.19361928862445,-22.787577437664176,-24.64562974894976,-26.381452688381543,-26.42329114178796,-26.745107684825616,-27.468275523437352,-28.43681592825019,6
220355.55+005516.6,0.7226,-23.115042542843774,-23.589931686918305,-24.013296052139705,-23.99550781208657,-24.311257878617564,-22.52666686237062,-23.30114310458505,-24.77296399365624,-24.958862649013845,-25.01710386677402,-25.88687218265396,-26.57106496342682,6
220546.78-093219.9,1.362994,-24.200520386636917,-24.307440844532795,-24.693388641772245,-24.874589207200355,-25.148346169781952,-22.378410885998434,-23.92409482425608,-25.59402945036693,-25.998692119589087,-26.215463907873463,-26.193840776431475,-27.11568857056642,6
221038.80+001908.7,1.270398,-23.697677294588864,-23.97272836490997,-24.410953789353435,-24.65625302491993,-24.86429277170987,-20.198895456708712,-23.50582336505037,-25.55565159854774,-25.773008076556778,-25.85856162938992,-26.02394287664645,-27.00788287282962,6
221337.98-004305.9,1.185,-24.56932460290531,-24.92610527697774,-25.279893061674844,-25.45580710680028,-25.74585256314694,-22.335780127776346,-24.19575508669476,-26.068027248507843,-26.007636368900886,-26.41069228180942,-26.90942480946564,-27.862626529293863,6
221452.11+211505.1,0.47521,-23.177087610368456,-23.34029117092455,-23.53217293669722,-23.67990130912396,-23.979989431629004,-23.113355701560558,-23.218642814244756,-23.94468145500188,-24.055681518954877,-24.354000747373053,-25.132257651214257,-25.98657160135198,6
221756.92+010119.4,0.861,-23.95826824082146,-24.04977198556057,-24.421771665526062,-24.5461088704592,-24.73808971084009,-22.90647850235448,-23.603569513320775,-25.25363429455552,-25.492227839295857,-25.44187399179417,-26.166834668525844,-27.13398540662574,6
221825.04+002426.4,0.913,-23.146334404273663,-23.443921312576464,-23.89923857650918,-24.06658780994958,-24.261248663525503,-20.178577493805797,-23.089878845877745,-25.117073273700157,-25.59360964134293,-25.67709972934373,-25.536484594552224,-26.21845117658981,6
222242.63-091840.0,0.859928,-23.746726656897653,-23.871540990475744,-24.216223896409264,-24.40781610686626,-24.664073459636796,-22.88085604311301,-23.313299913876204,-25.071415388057915,-25.377637008409994,-25.523591300827214,-25.94489281466144,-26.78957593299939,6
222636.16+255604.7,1.36681,-24.090332504189508,-24.20008787398279,-24.50885642687392,-24.682974622459707,-24.997656924604907,-21.24232913252932,-24.32028310208669,-25.69351407750007,-26.04226769031062,-26.07044752606533,-26.335771031886235,-27.236372109087213,6
223246.80+134702.0,1.558,-24.523823780107648,-24.864287930423,-25.46528469663536,-25.66122592250373,-25.856499856248515,-22.3251704530313,-23.827899304455023,-26.39286838299329,-26.67287292163369,-26.60343554843448,-26.94226365462658,-27.909722427292103,6
223301.90+010454.9,1.85,-24.20035191167941,-24.61141975644104,-25.011522838486027,-25.141700165609823,-25.392915150036583,-20.97176970881257,-23.195816064710108,-25.916846779243727,-26.15210631975594,-26.491163643172,-26.39277977266015,-27.361992536811943,6
223322.74+003221.8,1.260577,-24.059708826656244,-24.241537152649418,-24.541332674332843,-24.74371471235307,-25.01926075025675,-21.610259351282338,-23.98349132670088,-25.414227637123343,-25.636532765368155,-25.78485229144165,-26.351370012383608,-27.18904047295629,6
223348.19+282935.7,1.001592,-24.04216131003671,-24.191623141037294,-24.53874657561945,-24.73486281761943,-25.01477042516057,-20.53017548931309,-22.732578912028607,-24.98754757608354,-25.255787833640422,-25.674354180391894,-26.222704124883517,-27.11581931233626,6
223359.93-003315.8,1.210225,-25.116085821720432,-25.237342717954203,-25.602441616173486,-25.75733017709864,-25.989379128892843,-23.534891062919588,-24.907074302271862,-26.21366686717932,-26.06812490764571,-26.597880635502147,-26.96292953868596,-27.79637649885783,6
223442.59+321754.6,1.057484,-23.094149599358264,-23.173074317984675,-23.501844287729178,-23.58525053828033,-23.611833371506314,-20.063124297289672,-22.9967227638286,-26.17282124853949,-26.36685800541974,-26.17093060457709,-25.52365912944512,-26.339220871157156,6
223458.59+055215.3,1.608259,-23.73193554471309,-24.13483349113598,-24.50955501362173,-24.75111080661664,-24.976790352756726,-22.15319291500713,-23.435659868501165,-25.7459967651773,-25.73827766991297,-26.066838564055743,-25.96141518004359,-26.912455474115028,6
223817.25-093859.2,0.84482,-24.80537071401048,-24.97918838242944,-25.399146363612974,-25.56066815062785,-25.737635362549764,-24.323535951484622,-24.758880483994403,-25.82473633171205,-25.70594557892384,-25.947035611795872,-26.557552582821646,-27.49269299268216,6
223950.25+262912.9,1.655861,-24.378584300787747,-24.64543132782353,-24.968558600602247,-25.089956724812787,-25.31924537153056,-20.26855052357545,-23.57964392038591,-26.10509065431156,-26.227972433678705,-25.866439611700105,-26.19079532435326,-27.089304830900826,6
224013.41-083628.7,0.580364,-23.421162288616497,-23.76089209557508,-24.079237844931377,-24.233360784450777,-24.41229120507656,-23.27428541110065,-23.680521768380856,-24.94812000465035,-25.313844837267,-25.441350439119635,-25.9426172537817,-26.98954914345836,6
224217.42+002833.8,1.238,-25.03440272405341,-25.16638396036733,-25.378091606393436,-25.482681329874826,-25.7426808751616,-21.610322153637554,-24.7107050488377,-26.20230207070356,-26.040303904340025,-26.42483278463887,-27.012925493627208,-27.968685204266333,6
224256.20+253308.8,1.095055,-23.875280246753764,-24.105117269763905,-24.54417226446387,-24.74836373632448,-25.035725260033075,-22.06136504863325,-23.525333721805595,-25.403583372357808,-25.54908330192219,-25.638699570774783,-26.49075833565115,-27.34318240171205,6
224431.50+003226.1,1.399147,-24.378606136538785,-24.87176299185209,-25.175087135781546,-25.303218742683217,-25.513607498679967,-20.866478335158718,-24.382286594026287,-25.95264347398065,-26.314398684515844,-25.792469206557715,-26.818819318419298,-27.85965472012184,6
224558.55-002745.5,1.579712,-23.93968602489821,-24.26089644172028,-24.72132804752152,-24.97884655844833,-25.29912095967825,-20.374664265706148,-23.37625212455366,-25.221714593553376,-26.17603273574877,-26.20840467979289,-26.504309755510583,-27.33753128180523,6
224649.29-004954.3,2.0377,-25.135291704183857,-25.34083836754353,-25.779742787092143,-25.94318161291948,-26.215670107583083,-23.594696310756817,-24.353386452837867,-26.91584037156693,-27.15744500780032,-27.415167446049846,-27.38497226634253,-28.192916063163644,6
224704.76-081617.5,0.971151,-24.781437415417518,-25.080581731767037,-25.47580782003359,-25.66255042358587,-25.925662005279985,-21.67286563520202,-24.72926345262822,-26.20490142410304,-25.837054017503384,-26.05976893516883,-26.701281132768795,-27.519598730299343,6
224728.80-004417.5,1.144,-24.075624118121336,-24.26814743900831,-24.66786807796842,-24.882617046528413,-25.06796289864373,-23.246316251404863,-24.24144535858031,-25.22371886127528,-25.45283381205421,-25.638158660887136,-26.165995754743605,-27.071534536885903,6
225022.11+131431.0,1.203,-24.37094384210107,-24.664413846059723,-24.996256918992188,-25.16529764575465,-25.40914422148036,-22.055636320576472,-24.834301649897355,-25.71176464319083,-25.83923796755194,-25.814540427907,-26.77132164432193,-27.7333419473561,6
225053.10-003303.1,2.0908,-24.06020182277134,-24.29904386539129,-24.717968873558107,-24.830856070983454,-25.047532187918627,-22.06378605230297,-22.68222948372228,-25.68764497691502,-26.476435605624854,-26.66198639321721,-26.029448639665084,-27.37184679786593,6
225309.43+005111.9,0.910968,-23.32048109511488,-23.557494392318507,-24.036122817410632,-24.185079951425763,-24.406779710875256,-22.321209717195917,-22.76199069227654,-24.500787503601597,-25.067708768777607,-25.41100094820221,-25.85272680990527,-26.73168213123568,6
225350.08+140210.3,0.864,-24.859656690173686,-25.056190662185053,-25.37822040905859,-25.461637983185064,-25.588048985655423,-23.960216277272902,-24.75977571171232,-25.81259797266132,-26.854009235862097,-26.21318649070491,-26.76413729477864,-27.75161193281953,6
225409.59+005629.1,1.156,-24.69847291894013,-25.348025998077738,-25.800914208886564,-26.015676211464164,-26.381891997070145,-23.216439092333943,-24.374557581416028,-26.76495517790918,-26.6550864470808,-26.70264227540853,-27.1103158169314,-28.08951337711072,6
225629.81+174623.9,1.030806,-24.040431386533758,-24.17865324742435,-24.525391208156773,-24.751280291743967,-25.041696261226285,-22.28711076249477,-23.830856368556237,-24.98873097403509,-25.55719379945615,-25.732577915741324,-26.212812243450852,-26.956380302749736,6
225947.54+053447.4,0.998752,-23.615688305794983,-23.86459307528513,-24.27523465157508,-24.439403083683978,-24.615213960273323,-21.84127215931131,-23.24257650414305,-25.100688943730532,-25.56446183983472,-25.273659792055167,-25.98439325852442,-26.729982077167747,6
230201.39+052019.8,1.03078,-24.01705109072091,-24.228700273777942,-24.611616269476247,-24.817434436933425,-25.08030212880795,-21.5217332919928,-23.765142665066787,-25.29073567809337,-25.10371837208928,-25.61257740051752,-26.058203103965223,-26.94750434681549,6
230220.45+133400.1,0.860231,-23.79362070664537,-23.93069990271338,-24.37019756746845,-24.5831274601775,-24.830454782867317,-22.117013795179123,-23.44761646756737,-25.071697701053587,-25.43049215198104,-25.5555569136806,-26.401920952964613,-27.301657651826837,6
230548.32-093311.5,1.303029,-24.066256087224755,-24.464940732916528,-24.7543327528693,-24.830936752219124,-25.2008499660416,-22.340408338211287,-24.051547412846567,-25.559245204270777,-25.882562587489417,-26.128559485554597,-26.39306028193761,-27.23399779161528,6
230609.22+000844.1,1.343561,-25.197613948814297,-25.46131323505919,-25.934224869128503,-26.08067611522776,-26.27330477528368,-23.04115996538773,-24.72285512960253,-26.676814681887475,-26.82220506299032,-26.88753660952325,-27.479229502466257,-28.45226119691689,6
230855.49+003705.6,1.794,-25.07752853656909,-25.4374569868665,-25.84501568450799,-25.98844904250145,-26.246387475202127,-23.150996380336498,-24.455684930924264,-26.597055436447164,-26.74404439392253,-26.701384555055853,-27.342046982481754,-28.43311229970385,6
231144.33+150235.7,0.922986,-24.072846495443933,-24.31135777912993,-24.68608704759365,-24.76282100693961,-24.865926028657512,-21.81894903623892,-23.565919080560437,-25.29072298961264,-25.15132505762976,-24.74486499423486,-26.23786189938428,-27.01233885274188,6
231508.21+324036.0,1.721468,-23.62170420020689,-24.28386596264406,-24.724356198879143,-24.84577121263949,-25.050169935005385,-20.482202288219423,-22.992976116278754,-25.723008899010637,-26.10911227203252,-26.26741734858556,-26.38277253993403,-27.322408920297548,6
231554.17+253040.7,1.13234,-23.35746099357238,-23.37952918814737,-23.844570912545237,-24.0054776488574,-23.96699995798584,-20.58414223946474,-22.458495366413388,-25.8676275494783,-25.920943324179124,-26.012462081368184,-25.418076907137863,-26.11449424818337,6
231800.79+192700.6,1.810543,-23.36384428530233,-23.74049117441718,-24.056859226307957,-24.19046553031497,-24.400030553519468,-21.683601151190924,-22.674985960268724,-25.756769525052423,-26.921554224987727,-26.84141949102341,-25.655651249473276,-26.78791363829488,6
232214.72-103725.1,0.748492,-24.51979644458549,-24.58361655455422,-24.89121973897217,-25.08236053206913,-25.05259438553773,-24.35284379059814,-24.329307165147117,-24.789791208779736,-25.27354136903812,-25.33822404522045,-26.053934458786262,-26.979041364462898,6
232314.79+212817.2,1.476031,-24.18584150214142,-24.367808477721468,-24.742444022923102,-24.84738536458624,-25.0860226560146,-22.24160229222152,-23.89695870726801,-25.769203013242297,-26.08157218546496,-25.994617193996675,-26.22365604336945,-27.185317609782828,6
232356.15+163314.2,0.903,-24.15911699319358,-24.24344677515475,-24.604677578421967,-24.725488503190395,-24.9137019367149,-23.20673227019722,-23.92882523841002,-24.982544538778267,-25.54690223902532,-25.649096397710448,-26.15152924731814,-27.007513604334456,6
232453.24-093755.1,1.566717,-24.370684082649856,-24.64899418396208,-25.14919361776368,-25.34407029572576,-25.59550600325629,-21.48284645960763,-23.999157060726706,-25.93991936532839,-26.491067263936777,-26.47395513521149,-26.87391242417424,-27.79425465796927,6
232550.73-002200.4,1.0152,-23.61229170571276,-23.85501888831766,-24.42461768860044,-24.673636125755408,-25.00764836797881,-19.888991871239654,-22.91073494595252,-25.185212341227576,-25.124657829145608,-25.703845591264205,-26.616830991718796,-27.544921015646405,6
232633.13-085242.9,1.608108,-24.83069606117857,-25.0421376616819,-25.269193416616297,-25.34209639443445,-25.537991563259062,-22.42301397319009,-24.04108511207449,-25.55096280036158,-26.0926473801711,-26.28509338451805,-26.39474126555222,-27.61295741142496,6
232636.00+032557.8,0.929399,-24.37922584293085,-24.380523483142916,-24.59697092499337,-24.70280657258395,-24.959441920904776,-23.25742340495597,-23.890923763945494,-24.81954877621142,-25.887744452353672,-25.61242093330782,-26.381835290340224,-27.285589306501063,6
232712.05-085857.3,0.930572,-23.67386943270799,-23.782153966346417,-24.212559082418608,-24.40510007656621,-24.610651822604574,-21.687759496234623,-23.29763593855388,-24.99166733891545,-24.89872874289772,-25.277127757559665,-25.86250204164485,-26.663495986424767,6
232812.91-090522.5,1.115808,-24.762019524786428,-24.965198787405622,-25.205629101675804,-25.28987472059005,-25.59535818025789,-22.515676328884155,-24.383457652354387,-25.822031045299124,-25.67346408125845,-25.750039435210503,-26.591085466689808,-27.387196204891627,6
232925.18-100722.4,1.316151,-24.93649586486904,-25.122581348534208,-25.61965447964817,-25.854906610380848,-26.20701748332805,-22.730052177135946,-24.63491233758962,-26.70411966376869,-26.81265701096216,-26.89579989103838,-27.150857101436348,-27.996472115375106,6
232941.89+263054.8,0.882507,-23.93638805817991,-24.1197145560034,-24.55624637546319,-24.644950516678648,-24.909906457396755,-22.69166418282092,-23.502353827662837,-24.880117475560912,-25.4572801320158,-25.517027009424112,-26.0359884445186,-26.94383380361627,6
232959.54+142810.1,1.431378,-24.83633264139281,-24.996594798453287,-25.285321992731447,-25.41665440591027,-25.686721028459694,-22.850894838989216,-24.52981628271152,-25.793490388918464,-26.205610868348572,-26.79402637072947,-26.59883552194482,-27.555331978708494,6
233121.45+192156.6,0.86644,-23.869972685036725,-24.01463371922343,-24.45502857857489,-24.572058296660284,-24.85726677892956,-21.986655104863093,-23.353198866922742,-24.96991426868389,-25.22424679683996,-25.56387838503581,-26.05119318106336,-26.965001794870663,6
233253.04-094905.6,1.539497,-25.184492583326247,-25.47169516799793,-25.72930272597331,-25.771607596721555,-25.924032548077825,-23.093159134071087,-24.66217870315661,-26.29041145709997,-26.5767522107074,-26.797595194001147,-27.031627062924077,-28.01329608421635,6
233254.07+312358.9,1.391285,-24.265327128911,-24.580769415169428,-24.85825752422624,-25.021702506097,-25.314521381711288,-21.820848692847967,-24.0935383713454,-26.00294775752616,-26.01124999604129,-26.23358333897865,-26.43307106012664,-27.45539086965355,6
233440.00+005201.7,1.0399,-23.751023316792025,-23.97508648310376,-24.36541929074408,-24.47652100458588,-24.650657443075428,-21.94342462601096,-23.29930625767548,-24.7818627705745,-25.37174241138192,-25.47942979370703,-25.85716126026389,-26.754028434276425,6
233544.19+150118.3,0.790585,-23.7315801041767,-23.84493269857033,-24.211782282500582,-24.3192011508079,-24.41877923431674,-21.593477731424265,-22.945681782490645,-24.765639733009674,-24.97715242936512,-24.76881216629209,-25.69693591810781,-26.61953114835538,6
233553.58-011743.9,1.302794,-24.30609922729987,-24.44334373043313,-24.78625530710948,-24.98317579103952,-25.279794665424134,-23.461079645306302,-24.44046977544133,-25.431334140759347,-25.91042210606998,-26.05864842708533,-26.574979143569063,-27.52851762550815,6
233820.71+013603.8,1.303378,-24.24386299391812,-24.57987948313585,-24.968148341961093,-25.01435060697403,-25.1720339283677,-22.66013355194097,-24.027070991611836,-25.59281811504489,-25.95901524054196,-26.221297137316807,-26.518344650835488,-27.62493463862828,6
233908.79-000637.8,0.482549,-23.153756814826952,-23.37459744881605,-23.729588543878016,-23.83951862896277,-24.095786383506773,-22.473775129563588,-22.785253014997288,-24.137658192411045,-24.72926491197237,-24.748999682052517,-25.40981101277284,-26.34933941342812,6
233926.79+135714.8,1.287195,-24.322800993348917,-24.57021375164234,-24.883476139057265,-25.043503206226827,-25.295341619015588,-22.40715673832452,-23.707783358895707,-25.666610718602467,-25.91353340209269,-25.69454951127786,-26.31741910322561,-27.269748396744824,6
233936.09+111034.5,0.623715,-23.2305431742289,-23.454031573089992,-23.931805669699735,-24.078618204206744,-24.331295337238423,-22.27492902553261,-22.302089665951456,-24.03334575374941,-24.662317969482444,-24.72043421096387,-25.523580138296985,-26.38680906103808,6
234057.93+300209.8,1.019167,-24.003147224490743,-24.22890488728695,-24.671172331303648,-24.92799240572762,-25.03550188715085,-20.45850322287655,-23.37936807025902,-25.20692605391864,-25.33503623830398,-25.64047049900005,-26.09934024342549,-26.904029777201927,6
234105.29+315826.4,1.491072,-24.24634528329576,-24.330453609765325,-24.65740400080723,-24.815473146501848,-25.08397116011193,-20.99869138542223,-23.701029907089477,-25.358527573533653,-25.8168658406966,-26.02816933616031,-25.974250562646283,-26.94028771812836,6
234326.60-000317.5,1.368351,-24.514895399452588,-24.631144019132314,-24.903343586869447,-25.02277813640814,-25.23987020503666,-22.79974049920293,-24.21014902454005,-25.69486072432557,-25.60925916664424,-25.726576275528327,-26.19312812405872,-27.117180935705527,6
234403.11+003804.1,1.24,-25.322751951885092,-25.58717132313634,-25.80860217455669,-25.902440445939742,-26.110172517303774,-23.843157919907224,-25.46563663765943,-26.184485241436835,-26.422171089354457,-26.539662025933293,-27.55998491118613,-28.53701186563717,6
235009.82-110226.6,0.811474,-23.3993380582757,-23.61990477954253,-24.00202242302486,-24.10101444529111,-24.323145079867054,-22.905328334002853,-23.429098585371733,-24.76134045012837,-25.264419778774396,-24.94748753250378,-25.60335713212605,-26.61241570908275,6
235314.28-104106.2,1.261058,-24.396679161500597,-24.69052265662434,-24.96390504685795,-25.135315645307216,-25.428300617415776,-23.391577946662423,-24.5025651220622,-25.587718796593904,-25.56653132268916,-26.179495342245712,-26.293655354991373,-27.091668698792205,6
235356.79+113746.8,1.392223,-23.56798134590642,-23.832818815821096,-24.251812096467862,-24.420532245125912,-24.70224709917226,-21.95481048601061,-23.269349216996456,-25.59631809705759,-26.305559891513045,-26.167245208687103,-26.05720572559158,-27.08063974392453,6
235451.67-040503.4,0.722,-23.218166757111288,-23.562965233802043,-23.958368811544776,-24.19549330930082,-24.44249478638612,-23.05793151509093,-23.351096524307977,-24.760107027336492,-25.0101427120792,-25.262842598381354,-25.457890394579746,-26.15912325458783,6
235527.68+150938.0,1.290217,-25.18160666675112,-25.32489287221421,-25.695173161858023,-25.88450131773232,-26.14904843793614,-22.038583634158424,-24.87723790852379,-26.323612716708976,-26.39623622212062,-26.40048891705325,-27.069015040856726,-28.098245947387145,6
235552.28+005959.8,1.188,-23.918859259631965,-24.4659397995685,-24.87763313812212,-25.07471619655923,-25.42775690892435,-22.148866442059603,-23.54267619395775,-25.63291728366846,-25.97636912617886,-25.8605207833273,-26.467351101246862,-27.485804780566998,6
235736.27+003056.4,0.937028,-23.81904922520437,-23.991970564741862,-24.34761973314701,-24.52945853752236,-24.76540321697328,-22.89435931896745,-23.5320018991696,-24.842011109554317,-25.335362645826745,-25.04309881485261,-26.01099629635936,-26.919793943268036,6
235928.10+022421.8,1.058,-23.51988165090815,-24.00538483010966,-24.38216347550902,-24.505799666874395,-24.79361267500983,-21.04100461287672,-22.389880799667075,-25.256948556009306,-25.73133832821101,-25.478881818889192,-26.13712974655001,-27.06483871636226,6
000040.45+332549.8,1.921584,-25.01190343428629,-25.39798903050341,-25.82005182291332,-26.00349800334582,-26.285560377722906,-20.615228018759208,-23.954166196510908,-26.60176483026012,-27.02040385720505,-26.97972793870789,-27.13369846807852,-28.06600418735885,6
000051.09+111411.2,0.865386,-24.725485659583438,-24.91478983576032,-25.303424772829484,-25.41876290826266,-25.59063543362181,-22.39325283162999,-23.86181212283897,-26.01634965853665,-25.660094250073257,-26.285363855504485,-26.732497628758924,-27.532409811961674,6
000139.21+204000.2,1.541548,-24.25847642853496,-24.529677808447808,-24.904384193903446,-25.05858919895569,-25.331649695868663,-22.96477830919831,-24.2232427260559,-26.03667881712355,-26.01000286148669,-26.40989651595949,-26.31758470098316,-27.162718381599262,6
000205.46-104936.9,0.931256,-24.16866929679209,-24.26496835339534,-24.561585750653112,-24.654654064550765,-24.902463326393413,-22.51584516967893,-23.97231054863413,-25.16525576964276,-25.09184467433951,-25.34500956551014,-25.942735335760823,-26.821266797514635,6
000519.39+144422.6,0.859,-23.84206461994567,-24.037768793893093,-24.472414130762147,-24.6696453382243,-24.901313141656946,-22.26777876281051,-23.27024759810733,-24.91083089330588,-25.34817181523689,-25.32172830655296,-26.464367899546875,-27.483871922105266,6
000734.61+181246.7,0.738155,-24.642239633405254,-24.798658068273596,-25.145641035072376,-25.248961782120368,-25.372866611374896,-24.02257970196294,-24.271526833349192,-25.561181526288777,-25.373227645370697,-25.944294965774667,-26.460980323252105,-27.24222038367627,6
000912.90+000504.5,1.746,-24.9136034738822,-25.249638259351197,-25.66560696343568,-25.77884145998873,-26.03523456872181,-22.51296705283488,-24.10207227554737,-26.30175431041859,-26.61110761936372,-26.56397805555809,-27.05861804558954,-28.023719419838304,6
000957.51+321627.5,1.868676,-23.95130134221816,-24.258931197832183,-24.87077843608869,-25.1721972442947,-25.52925852490048,-22.20300725867557,-22.42584121612872,-26.184847368750862,-26.865978745566263,-26.56639587496081,-26.74558476837599,-27.50181931674736,6
001008.19+260947.6,0.916966,-23.599426483049125,-23.86284033813613,-24.251063903197387,-24.380500658348183,-24.540449116244364,-22.246381541977865,-23.52752246705687,-24.851759036153435,-25.046188007187787,-24.845844335642976,-25.864569438129653,-26.722384921034,6
001112.63+062318.6,1.37516,-23.888528117816165,-24.37989219555016,-24.75961988967192,-24.898886874332,-25.056047363217665,-21.163892278853755,-23.345742946582902,-25.985602041388844,-26.097281566434717,-26.28859418184772,-26.01423751800616,-26.87175758771307,6
001535.08+253412.2,1.010069,-23.843804002734508,-24.06489247479769,-24.493357825161823,-24.711438050455083,-24.882148308290954,-20.904153191092355,-22.889587194864937,-25.285463693257554,-25.734929189471167,-25.75024698901887,-26.390453333356483,-27.2856440784736,6
001606.45+012005.1,1.647771,-25.16620131703859,-25.357213578799115,-25.702944927164417,-25.810490447921225,-26.0667150325442,-23.62883114967435,-25.099426733166588,-26.08655903086916,-26.40886012459049,-25.881961543817265,-26.93467992063752,-27.99562129272432,6
001732.64+210118.4,0.790251,-23.72680924956715,-23.874724987258737,-24.299699284083808,-24.525186350248124,-24.71423455116461,-23.387077568970845,-23.64874468446116,-24.74284992514248,-25.260422860995902,-25.032619443088176,-25.873210341309985,-26.758426940484963,6
001859.75+061931.9,0.769276,-24.459328245061787,-24.638156428800432,-24.938425931527146,-24.94855273717198,-25.0954203671646,-23.8584051545702,-24.0365685646612,-25.338378900528564,-25.04858515929932,-25.390868331956938,-26.220819375764226,-26.90566242491115,6
001941.22+031025.9,0.968027,-23.721114184289075,-23.921709056424525,-24.41187318095294,-24.50761598351965,-24.75220219034589,-22.050229329392906,-23.4094501552852,-25.048295244541382,-25.41470266585369,-25.49834365141068,-26.41745411663825,-27.38430759180315,6
002010.81+213252.3,2.019761,-25.07947497282745,-25.282683434097848,-25.78123298637384,-26.00182743371163,-26.2555353251567,-22.7592170795021,-23.767285100793572,-26.87131227225961,-27.341005560686607,-27.27027195824248,-27.417125045279327,-28.312012733371382,6
002240.68+092859.1,1.726564,-24.370721299569396,-24.648986679308315,-25.008614357542005,-25.15819644465141,-25.41635652871472,-22.338203337937607,-23.81703492312505,-26.099282756756047,-26.390304454490607,-26.40928908968453,-26.354447741798573,-27.348784118824767,6
002504.53+213224.6,1.668925,-24.132123319006688,-24.48192594641596,-24.945477962950484,-25.16147428240269,-25.50429343038927,-21.6124615190649,-23.892671342716064,-25.9135572759502,-26.401805909005876,-26.56719186758019,-26.56467135888808,-27.427086164500903,6
002538.73+143620.3,1.314,-24.790311108181207,-25.263857798949456,-25.706005306229272,-25.910400830940212,-26.179215185837677,-23.06797148197956,-24.593975001240768,-26.462981732088878,-26.6739371012016,-26.61336587935849,-27.52822481414718,-28.51522831257008,6
002717.38+003723.5,1.23,-24.76653508477728,-24.72701624123025,-25.111326274050636,-25.261719191188227,-25.44556071989306,-21.82207257117907,-24.402406622016997,-25.4690070496795,-25.779533894632788,-25.749277087082703,-26.2351610382435,-27.224633771947428,6
002933.96+323802.5,0.705283,-24.5538397538725,-24.85949277755782,-25.29345565368745,-25.343621071423733,-25.508079751470685,-23.98394174763121,-24.368102080765706,-25.515579592893435,-25.32969803752081,-25.89503653566189,-26.45510975918406,-27.236756662493026,6
002948.04-095639.4,1.618201,-24.42166223455522,-24.672969887461647,-25.113737160152738,-25.34556154542375,-25.599230842275087,-22.54253456812612,-24.34485031119156,-25.907363046597325,-26.508170643815667,-26.385630383639278,-26.82604226022452,-27.763753525353955,6
003042.48+313542.5,1.016254,-23.711341895725702,-23.898830412556848,-24.22869935191275,-24.452745114544516,-24.75707850500794,-21.55860329901041,-22.95357268560135,-25.25624342588049,-25.26367964484802,-25.3343423309862,-25.63551286094092,-26.51977181561953,6
003237.64+245636.9,2.091241,-24.11472014400401,-24.34276177551918,-24.83724375081957,-24.916097458250647,-25.141854328909908,-22.039594081137924,-23.719132258657368,-26.01670859203264,-26.54756967255366,-26.420756998996875,-26.27028157281884,-27.222116027265148,6
003413.04-010026.9,1.294134,-25.261117547381435,-25.40470146983244,-25.67723299967568,-25.835641115433365,-26.07834543893924,-24.009675474951333,-25.152779469475185,-26.28005485090938,-26.39457146713201,-26.789156726903645,-27.098643900326792,-28.05754457566357,6
003440.08+262449.7,0.993233,-23.342349502812827,-23.57981006942084,-23.985772020152197,-24.130245867291777,-24.36514026938428,-22.22564223517689,-23.367752204571616,-24.925837595390217,-25.332216740904244,-25.442892236201278,-25.352731228321097,-26.174776014810995,6
003525.49-035510.8,0.970873,-24.47669355153144,-24.54651969695933,-24.844960377764277,-24.974752750704475,-25.1348885830222,-22.138485688825384,-23.93874145092757,-25.303764933864404,-25.318911774313914,-25.555282720430263,-26.004845916168566,-26.983591640812197,6
003820.78-032958.9,1.861691,-25.300821240074526,-25.52857432252361,-26.07021513715781,-26.300498564302863,-26.52645920522567,-22.547210829015867,-24.044865236954998,-26.82566346949588,-27.48387370929109,-27.44012427067058,-27.883850277631883,-28.692269158964358,6
003823.81-000025.0,1.606,-24.39948482365844,-24.57338956530473,-24.93454681512892,-25.08642984207307,-25.431352252723347,-21.164102118393476,-23.660765701256523,-25.9528309320928,-26.003324788410417,-26.204585476191827,-26.032101305618816,-26.943379967865724,6
003857.37-041933.3,1.289197,-23.02690682851652,-23.53585863335907,-24.18871141667572,-24.48449073871259,-24.773709294257717,-19.807413678966217,-23.002215625960176,-25.43735150354441,-25.50937815714382,-25.4458869102287,-26.028254735855832,-27.04314679699023,6
003948.75+032218.6,0.835563,-24.295054521830803,-24.35079724913177,-24.614058521279706,-24.689239326168984,-24.81725165720206,-22.43436774648617,-24.14321368332493,-24.77945770527853,-24.981706127433608,-25.057967578935244,-25.98873510275596,-26.7843896562294,6
004030.88-095359.3,0.431918,-22.690147509347423,-22.9663046778099,-23.42627463080041,-23.489631408977942,-23.721009727887477,-22.509690889296174,-22.55237241651976,-23.788780524139767,-23.76367045822652,-24.54130623048033,-24.4465459806896,-25.33390929706877,6
004033.30-035742.1,0.986515,-23.69034089008781,-23.8039410339341,-24.151047304017144,-24.24605114674224,-24.40297290183248,-21.653705176361324,-23.18768149678768,-24.87574028579181,-24.798617684545015,-25.42183635247141,-25.603344090282537,-26.278227473874654,6
004045.30+040558.0,0.996282,-23.982115077992454,-24.053838108192213,-24.366714363360504,-24.526645849558182,-24.782370672072368,-22.897750747648576,-23.84140292122926,-24.95236428753308,-25.471866531426112,-25.791803064259728,-25.990418699285566,-26.771373054336475,6
004053.49-025101.9,1.361087,-24.27324052175284,-24.45207975575491,-24.776532608189243,-25.079117692656148,-25.40346595295627,-20.95222903123135,-23.511495541548825,-25.18401922685254,-25.6257201587648,-26.18136987438032,-26.38430750127676,-27.21347736913155,6
004323.43-001552.4,2.82,-24.1141184126239,-24.42102158293437,-25.0112781677858,-24.913551097980417,-25.608067601583407,-21.558542387882483,-22.507506390552997,-26.174975825087756,-27.14368852957697,-27.03578030145089,-26.637191482060537,-27.404413956446326,6
005031.91+141133.5,2.047,-24.672455174703902,-25.088466663717146,-25.573981990969397,-25.712930898825714,-25.95654191486479,-22.8350827300862,-23.572070002454765,-26.36421246940168,-26.709596126339974,-26.98520946959444,-27.052476081230186,-28.050077762866103,6
005102.42-010244.4,1.889,-24.991690427191195,-25.24121208882018,-25.600191649869576,-25.774721889358133,-26.0053008317554,-21.873422353091215,-23.39835373683537,-26.30307788155263,-26.40064738514173,-26.83096067911224,-27.023788702425648,-27.9802450382942,6
005132.38-094937.1,0.999299,-23.74202450367892,-23.90981476371917,-24.301401835524818,-24.499201559054853,-24.794172621066792,-22.22713259391434,-23.3707034125212,-25.09401426493805,-24.9776788786318,-25.586694447536143,-25.502635737730444,-26.434824864480504,6
005225.23-003704.7,1.401584,-23.88311813355345,-24.061214733013305,-24.487218557271504,-24.72208342692242,-25.06627976276695,-21.943475650283094,-23.658109863402547,-25.41558464003413,-25.779256638259323,-26.25500765376719,-25.84108943861444,-26.766744118399547,6
005429.91+045656.2,2.305,-24.82508562121033,-24.84148932631568,-25.264280177355538,-25.37908058419594,-25.639166016297835,-22.102079779223505,-23.290097249458405,-26.14200134624485,-26.31489034923071,-26.69464060099083,-26.758857710959685,-27.7400484950633,6
005434.92+145528.7,0.875,-24.785374493419354,-24.814510673129373,-25.11860759258052,-25.24224353130052,-25.39331672900394,-23.86084165535415,-24.266541350986834,-25.33077135360836,-25.712568814563085,-25.89714350700904,-26.46949268112668,-27.288621047155125,6
005444.06+144646.5,0.909788,-24.33351051229233,-24.45347093429106,-24.81480963078197,-24.91643203600552,-25.141094605387543,-22.829614587414863,-23.95251331950378,-25.474729412977556,-26.004057813413493,-25.87482370792961,-26.19343596727096,-27.117281364010573,6
005623.27+034025.7,1.404848,-23.9563200706339,-24.08295771033476,-24.42093730565038,-24.623114774589016,-24.89026769020775,-22.339868248938327,-23.738639463730014,-25.385243296671337,-25.54352307795783,-25.845925810485955,-25.737430082636266,-26.500690319826475,6
005721.68+094855.5,0.740479,-23.39552444452342,-23.55470010326523,-24.103207485507347,-24.37660393500524,-24.505888819518542,-21.718962501544677,-22.77367208106432,-24.86352683557616,-24.980155322771072,-25.09111684302884,-25.744078263744186,-26.61299033929607,6
005737.55-084511.2,1.209566,-24.94315797378471,-25.1134820781615,-25.41733295515084,-25.57404695083302,-25.864251574773167,-22.30060023191986,-24.664770527502224,-25.945012693732107,-25.89146946573409,-26.263036958339267,-26.534038442361982,-27.4312206399159,6
005800.81-032024.1,1.546176,-24.60906921207214,-24.77998754381539,-25.146758784106407,-25.267648534715715,-25.539942506523385,-21.85147099314689,-24.461487183220957,-25.82130689305349,-26.32859955015936,-26.20858338033229,-26.684192940197462,-27.677176581692155,6
005836.59+084109.0,1.065069,-24.122939306796734,-24.26354623727092,-24.655520726925936,-24.818367487470283,-25.04067386722393,-22.571125463912587,-23.863678052619505,-25.38381982107546,-25.81549105509826,-25.888582909660748,-26.300599896304405,-27.121559468530567,6
005850.70+151227.2,1.322432,-25.291629210242387,-25.45703049857943,-25.64468267843361,-25.733384423194597,-25.992147446985054,-24.30927369013394,-25.37438194856668,-26.24201153660281,-26.259567176526687,-26.27943864824824,-27.122082307160163,-27.969946933190997,6
005932.64+135852.6,1.194,-24.20868806213399,-24.436727234485478,-24.83893752641143,-25.088651873398977,-25.31242833181804,-20.660182969541392,-23.500009964486445,-25.74451109142901,-25.55527610155253,-26.07124912966592,-26.28291730064636,-27.110389191914187,6
005939.26-014846.3,1.579296,-23.48912209512668,-24.39213291768628,-24.805545275248598,-24.911339858951862,-25.271495576281406,-20.19876324562927,-22.425268337760635,-25.636710975200334,-26.031679758071668,-26.050931020600068,-26.251285202958037,-27.17820272282352,6
010000.59+070637.4,0.918592,-24.33784755582845,-24.535720812594192,-24.95325355369732,-25.066678211232933,-25.2150350560747,-22.15759432197702,-23.598805582010897,-25.3362886719322,-25.35222179103992,-25.37012010100864,-26.51995252083982,-27.256721844247178,6
010116.53+020157.3,2.443,-25.025426957314163,-24.8998801440223,-25.30192936175778,-25.354651055036957,-25.56634534494713,-22.52232412459663,-23.63455803039067,-26.26523183783897,-26.52806301898997,-26.66984735552736,-26.775116307657957,-27.66907414217582,6
010120.12+023429.5,0.933123,-23.97149875402054,-24.110911997830524,-24.456029700955817,-24.676954868176374,-24.953181021639327,-19.897503907700493,-23.55009260823847,-24.83155174972488,-25.162831120912017,-25.734311950489392,-26.456673916569805,-27.386672396754896,6
010121.58+195052.3,1.904307,-24.472530733816352,-24.72472562210849,-25.093856125616284,-25.084485298980923,-25.42196688783014,-22.790703629734228,-23.754639438580156,-26.16683018484021,-26.32554663212705,-26.686744654298657,-26.65948247606306,-27.77230057870889,6
010136.53+020310.4,1.143946,-24.334620562099477,-24.396447806578365,-24.674607292158004,-24.79849797686943,-24.950325755413807,-23.047960809586986,-24.16753065802088,-25.335516601993454,-25.606617194684016,-25.657092906055748,-26.093529068407037,-26.998450171690013,6
010413.29-040842.1,2.026977,-24.402427309604768,-24.725554570326334,-25.127316606317702,-25.25822403005461,-25.54922710530525,-20.99729797531416,-23.645293757541356,-26.019978176542757,-26.446803461444784,-26.722651683065624,-26.59147037570953,-27.47605432380866,6
010438.08+051614.1,1.535704,-25.025890843312844,-25.22867831949897,-25.457475048105795,-25.495971646727167,-25.806273190233604,-23.881580266726708,-24.88573978937817,-25.69680963546674,-26.303623049603555,-26.41907389270112,-26.56169871105929,-27.51549963953552,6
010508.13-005041.3,1.597,-24.349439976249357,-24.638823896782007,-24.99401177115355,-25.111373387983765,-25.3948908651274,-22.4286968653615,-23.91691993980774,-25.69024509036972,-26.15064790958912,-26.43408207318658,-26.33308451199647,-27.22919925157297,6
010549.39+085214.6,0.669023,-23.480960255471302,-23.76543084660531,-24.23109679692069,-24.41527147051991,-24.637063851712785,-23.049525522455586,-23.088237821995893,-24.99295791376541,-24.858137059330364,-25.204961917827564,-25.654963603016142,-26.559294068337437,6
010629.60+000122.4,1.63483,-24.229926966993403,-24.39395325828113,-24.777614527062426,-24.893069253299213,-25.26065163829345,-22.70117965626647,-24.08318454738764,-25.92907746743192,-25.54513989084733,-26.187162292383903,-26.212010951107924,-26.954656632806778,6
010729.63+220342.1,1.447691,-24.05868871186319,-24.21901156066897,-24.540763213354893,-24.69589804314244,-24.92149383462913,-22.602388575856175,-23.744333038190995,-25.625518258725144,-25.97102224578852,-26.096866032447483,-26.006095025161,-26.832902045066657,6
010855.02-005747.2,1.674,-24.609546077472466,-24.902285885374138,-25.301644013660898,-25.47775478867196,-25.73635442957752,-20.81496827780419,-23.63040430230048,-26.086781587580163,-26.40161387598691,-26.22539677103768,-26.89979391509451,-27.902399262118298,6
011128.61+325307.2,1.659172,-24.396958758036394,-24.740538982425736,-25.00641128035866,-25.11719467780548,-25.35675334435457,-22.588113270081795,-24.40372751916808,-25.959610094769214,-26.53336452884193,-25.76711224830165,-26.54282273187296,-27.470924454075607,6
011135.72+203314.0,0.910751,-23.66160821082445,-23.864903016147533,-24.257047269273343,-24.42288635126764,-24.70089841667677,-22.50358430577888,-23.32371196387785,-24.86524116778283,-25.05655785188181,-25.38120662980589,-25.71097543416692,-26.44878001833849,6
011214.65-083555.9,1.52218,-24.69253026166724,-24.971504427339006,-25.36293645743229,-25.555173716990083,-25.89432722883972,-21.3251821070963,-23.78969291508677,-26.194845010487377,-26.879681201606097,-26.51582469300046,-26.87100572296727,-27.793979629043715,6
011224.66+321400.6,1.113909,-24.03954019614153,-24.185030938559283,-24.46134855863892,-24.60818786692073,-24.831593873989416,-21.942937280898025,-23.878414557750947,-25.16301135137224,-25.25650251809103,-25.691801276774942,-26.03373031288104,-26.98181660673592,6
011301.83+000633.4,1.694,-24.67518574614976,-24.91471947861592,-25.114711871979576,-25.16860929469779,-25.477026538451547,-21.396966571469772,-24.262236995146843,-25.82130358380453,-25.9354084018697,-26.760268543329243,-26.445043639384817,-27.20238032404114,6
011456.35-030806.2,1.310057,-24.302648271486927,-24.383007732293997,-24.867736887680103,-25.0341495415357,-25.201527225263288,-22.55299739719896,-24.281627128887063,-25.5409923584225,-25.952789707276597,-26.248329900532877,-26.36689339398627,-27.278163154586306,6
011517.10-012704.5,1.370851,-24.62210017880216,-24.786758841312025,-25.045937603789877,-25.19473463228306,-25.345718847567987,-20.093434598440048,-24.071356855373185,-25.59051015011018,-26.18416354392128,-26.152859624324357,-26.32879846550079,-27.24823280344101,6
011533.63+005858.3,1.395708,-23.71679379531212,-24.01175082535451,-24.383231868066183,-24.67109394823443,-24.955147064048635,-20.510442395902245,-23.4982219823282,-25.775880339121315,-25.970539776420672,-26.186048777798835,-26.17519974017248,-27.09346767592422,6
011540.05-003328.6,1.601,-24.289262350839536,-24.807901187938285,-24.975192038825096,-25.11882582721328,-25.296147898460514,-21.346878380006277,-23.384122741418512,-25.675280891757048,-25.84034792168069,-25.7231311554024,-26.50656991253645,-27.58431884049868,6
011826.60+285729.8,1.343831,-25.337130489707874,-25.54435895789709,-25.758729034207896,-25.867590544578817,-26.04639141262813,-23.53989143110523,-24.90500520974441,-26.172458542959745,-26.191293411398107,-26.60715065197724,-26.935074873552008,-27.919608272659843,6
011953.55-031730.0,1.41591,-24.435968664755105,-24.539490842480184,-24.925843557131483,-25.0559024470738,-25.336069905093503,-23.228905670668063,-24.44541750322152,-25.66824273147456,-25.87477415860702,-25.96004579627628,-26.262696708974413,-27.16780412271692,6
012053.25-043712.9,1.109336,-24.061017420732146,-24.1306585394154,-24.51094244365962,-24.66663496992833,-24.80251565062701,-22.494629973710012,-24.16902565971378,-25.45846987596162,-25.361911801059836,-25.522339176447776,-25.751524951891625,-26.62019008022985,6
012240.12-003239.7,0.88487,-23.5624254103893,-24.030246908864555,-24.42866376533926,-24.629761324330545,-24.89776976029074,-22.8588686446488,-23.708498865490206,-25.139703404929985,-25.3547990509498,-25.419734167606027,-26.44859847595787,-27.274403167943557,6
012344.97-033637.7,1.395038,-24.25320129736679,-24.498681625679747,-24.769054063541063,-24.872256178355183,-25.03007685007222,-22.56006690758283,-24.6652798894716,-25.557553359534683,-25.851163774747807,-26.1626060571593,-26.3622086060152,-27.36096032180484,6
012513.62+040642.2,1.42882,-24.140281572427558,-24.414380963232787,-24.64608074670684,-24.790772960032182,-24.92843534556557,-21.630285760187984,-23.96130780148384,-25.64067810652357,-25.705032084295283,-26.25973677703978,-26.17225861530557,-27.069921222359483,6
012528.84-000555.9,1.075748,-25.649901175072262,-25.77248123951813,-26.043489852892392,-26.14462184529766,-26.26124244410564,-23.868464638375663,-25.246422787638057,-26.521596257716556,-26.5991723069154,-26.93067158191055,-27.166043692165463,-28.06313045304523,6
012857.23-011949.1,0.825696,-25.14709853937474,-25.42261557913403,-25.91618537010896,-26.08500121347089,-26.23861352989543,-24.503843119989565,-25.12730134380332,-26.468287285841548,-26.30335859382104,-26.66244946041944,-27.17578183549566,-28.03156281956328,6
012907.40-033844.3,1.38338,-24.464992602369406,-24.57318798683659,-24.99753089584073,-25.16947747523385,-25.403512309203865,-21.65063172149596,-24.34970488923117,-26.02961498909948,-26.359058638176368,-26.22019353642561,-26.74205486662356,-27.63129550991075,6
013027.10+063107.7,0.898412,-23.810302770452036,-23.91075467936457,-24.330349259832197,-24.502450168339976,-24.75201425292521,-20.12694714904333,-23.474116032014983,-24.790056361635013,-25.03294129121339,-25.53881036691612,-26.13552606703049,-26.998814657146948,6
013050.97-104630.7,1.665444,-24.24779426775888,-24.60955980650427,-25.01804955747771,-25.21069988630932,-25.416616542092203,-21.43280489985541,-23.37900713683368,-25.86200077963969,-25.888819994478023,-26.363478733138287,-26.368945152035245,-27.380058770802563,6
013139.56-025456.2,1.010055,-24.018315499960497,-24.30875405033929,-24.714756878928316,-24.83637962488333,-24.9773570864903,-21.352394241171087,-24.01575580530958,-25.1676311377787,-25.43703162036714,-25.899309880983097,-26.19226657294778,-26.99376356904434,6
013235.29-002704.8,1.331862,-25.443406203796396,-25.70334594652948,-25.92900006973772,-26.042069232594653,-26.353371248676392,-23.43512602079065,-24.960386675637437,-26.314266745758346,-26.34068091895153,-26.60446412532915,-27.130856962819063,-28.031080121583315,6
013458.50+204549.9,1.78569,-24.884838067628717,-25.09133720224901,-25.380535222190915,-25.48575462999329,-25.781209985776822,-21.900675335464875,-24.28271704827949,-25.7765390125581,-26.212631206479003,-26.45421977783291,-26.72725237909227,-27.65581793883325,6
013614.30+154733.5,1.378167,-24.387820107468485,-24.76447653542725,-25.044962447374782,-25.10100083161472,-25.345292297429477,-21.511046114274187,-23.786622573012384,-25.669940621490078,-26.09034429480384,-26.34031177173025,-26.407654033765915,-27.31504811549497,6
013619.48+012709.0,1.431855,-24.32046608219595,-24.486202619672486,-24.73693750673168,-24.95594827613965,-25.212657256123,-22.60493560286339,-24.075099997920557,-25.67533315087448,-25.75061895905661,-26.11583632640589,-26.360666947900487,-27.315338805072432,6
014352.43-032906.7,1.976573,-24.634385693968685,-25.06159330292501,-25.633602642415507,-25.89451780303479,-26.18807585514493,-22.56790863653285,-23.524418478932613,-26.58499296834253,-27.10885927693354,-26.774656838100825,-27.18938925851666,-28.17169670674179,6
014416.32+021106.2,1.449407,-24.41349986366255,-24.48953701060128,-24.797934261999156,-24.92583505062237,-25.18290782841949,-23.491608107696727,-24.465950141663296,-25.533086334496808,-25.692514049633257,-26.42841102587313,-26.13189808526633,-27.050978869366546,6
014536.77+145541.4,1.149,-24.480405008613136,-24.69186198085662,-24.983925061335707,-25.133944999083077,-25.38231825464089,-21.871562472480896,-24.28608406164004,-25.47992083145901,-25.49608157442352,-25.606304685690688,-26.26815129700621,-27.194948722391505,6
014541.01-031753.9,1.149693,-24.108234838289796,-24.196345536794382,-24.498078537413928,-24.68538715157217,-24.868840436231164,-21.897777091345837,-23.510825911643423,-25.154745253004197,-25.496595020248854,-25.49076499452206,-26.00437730983146,-26.840594880899225,6
014705.40+133210.0,1.592,-25.18973483091602,-25.47348654870932,-25.789510576824053,-25.94820416515277,-26.216285731651237,-23.07418681532169,-24.308032013801192,-26.43494433963368,-26.772344498111103,-26.52311917361413,-27.18410873467114,-28.047870614653338,6
014812.23+000153.3,1.712,-24.935425335977666,-25.199629353792147,-25.44766290343153,-25.551687899905108,-25.71384728714076,-23.47703630709457,-24.721275712176567,-25.889099899648752,-26.468023132115384,-26.764773434714463,-26.40479191369305,-27.469507333377734,6
014901.18+314548.6,0.865782,-23.35170939468081,-23.53115645989198,-23.95863093026477,-24.07753898874557,-24.255185468494854,-20.180092590628217,-22.94845216675076,-25.08992680775149,-25.36417386668467,-25.381595345520665,-25.93521034022605,-26.86850050666907,6
014950.95-010314.1,1.077,-24.15301708524982,-24.52839592535483,-24.87060741777536,-25.042005877308007,-25.378916501105152,-20.900044471989,-23.285928412940383,-25.55260811656341,-25.69152015227239,-26.104249836564268,-26.673483985682815,-27.687901055796157,6
015022.78+021351.2,0.871,-23.19807436483672,-23.463456403921317,-23.96293388034548,-24.14309092174535,-24.368788398419078,-21.121345582277065,-22.624145297838883,-24.50639902111197,-24.86254765173844,-25.32867184724958,-25.485033590082523,-26.375072157647235,6
015119.70+260736.5,1.975216,-24.275457085300665,-24.687860202475456,-25.202076843751144,-25.34844269698049,-25.559736440861705,-22.4429238371998,-23.48846218924864,-26.349918338317615,-25.17442107944032,-25.403891349728795,-26.60086202528371,-27.61597521708869,6
015143.36-030912.9,0.820479,-23.484313551228094,-23.793449783359197,-24.206380102697857,-24.509102950564028,-24.71097039821589,-22.47918840670367,-23.212946095510564,-24.69732070508864,-25.35311805003766,-25.464357064514545,-25.96862810552604,-26.8345861813456,6
015217.49+071811.8,0.974476,-23.63562062217363,-23.75776204810032,-24.21125541562167,-24.439924938835222,-24.73002372182673,-22.65165228947171,-23.169203492477507,-25.057761340741543,-25.110071671246587,-25.36649692258817,-25.72967107834129,-26.622473407017303,6
015231.61+081120.6,1.300651,-23.414898757075505,-23.75379720236866,-24.232950413666305,-24.489808885075263,-24.81375270404158,-19.67075153672456,-23.416778620775517,-25.72925701870843,-25.77025569181783,-26.085133652718987,-26.152814129574804,-27.11920843907408,6
015239.31-075913.7,0.418921,-21.78465988231572,-22.20880580692256,-22.62142490597728,-22.81010957314499,-23.2542156798826,-21.123578198527817,-21.45741027819045,-23.485993041731625,-23.84352512507116,-23.99294230316345,-24.560459598056564,-25.388423310820667,6
015318.19+000911.4,0.837,-23.92252868083114,-24.19691218905187,-24.45347742407632,-24.54930565992812,-24.666511089487766,-20.821521445709397,-23.39254697695044,-24.904956169844017,-25.157317448263115,-25.62989322670782,-25.955827541164613,-26.87167949210152,6
015455.66+071156.3,0.910422,-24.42614801831408,-24.72566240358271,-25.254124376385537,-25.363115115761065,-25.55041087205214,-22.577398785185576,-23.723559847641475,-25.698515234579745,-25.534003875840856,-26.03250806355628,-26.295385435245294,-27.12512134784555,6
015734.24+003405.5,1.083979,-23.443080997558607,-23.49277007937003,-23.886587263952052,-24.085969265734157,-24.242978023881616,-21.944887319620584,-23.535469085826936,-25.27761400638157,-25.27922060001761,-25.49345298917498,-25.24247852206082,-26.138153350627107,6
015944.55+325736.8,1.976671,-24.343052769217014,-24.61329538969005,-25.133378020189586,-25.375351090409623,-25.652410351205678,-22.262653043615536,-22.976785866001908,-26.234594405406387,-26.51546318324234,-26.21976078943566,-26.92422642120609,-27.932564901342925,6
020003.93+012511.9,1.163912,-24.11588097330423,-24.2095702113736,-24.658842996499747,-24.72036148449365,-24.869830021477345,-20.106265921349426,-23.98819018400619,-25.15449194615673,-25.898189076988377,-25.99768708208018,-26.385086959653226,-27.247835803421843,6
020258.80+265911.8,0.95805,-23.541717886729355,-23.72425791712225,-24.08553932726899,-24.34873607994768,-24.429340503013915,-22.017649347755334,-23.017509326869384,-25.166095458686748,-24.816311597497823,-25.56647899305524,-25.50577094909593,-26.074479047421708,6
020738.93-014001.4,1.480425,-24.990298236136173,-25.19673915121122,-25.450936474211847,-25.58252086764864,-25.794176347856904,-23.948099901152283,-25.07024804469496,-25.93404793159129,-26.00837315403341,-26.218847290413063,-27.03287252896259,-27.969125231228244,6
021238.53-043404.6,1.371,-24.559020071018768,-24.64788829679793,-25.021817915301845,-25.140009627682765,-25.345770949091065,-23.01944092002988,-24.195834267435416,-25.4573233425471,-25.97516548387646,-25.884540913239995,-26.39064842399604,-27.33137449097956,6
021316.12-025037.0,1.050043,-23.885756846611716,-24.086096446506584,-24.337920223199664,-24.524875456917588,-24.731028871678426,-21.97710175970492,-23.94558746800565,-25.15410601499183,-25.109533751802072,-25.63961652820432,-25.92781399788351,-26.973446682626985,6
021354.86-035629.5,1.421,-24.509743096483493,-24.68388518694811,-24.950230687318896,-25.07636262690005,-25.299289129477955,-23.29984750048329,-24.467265506593083,-25.36768041155516,-25.91851774517537,-25.930112291187942,-26.67323126927019,-27.756605898593584,6
021408.07-035304.9,0.986,-24.918391259442856,-24.95357433070829,-25.179955090263096,-25.33774300248336,-25.628495987086808,-23.64747991580196,-24.642053369840216,-25.567340076676288,-25.77940195152956,-25.826096732632127,-26.56449213712185,-27.49472661958485,6
021830.59-045622.9,1.4,-24.61712648576909,-24.74204261383136,-25.103977666077583,-25.14340478084925,-25.387350203271744,-23.236461024561137,-24.47138247566715,-25.730978819467,-26.01095067158561,-26.2463609667268,-26.5388956485536,-27.63532920903481,6
022039.48-030820.3,0.452,-22.373251927999625,-22.539128850534357,-23.073298500044924,-23.253201804001627,-23.41861004405299,-21.173318144467235,-21.73850687380311,-23.662911636415384,-24.05779563455205,-24.23011190474843,-24.67518435177244,-25.474737299603085,6
022246.46-004836.2,1.549,-25.115618847402867,-25.28007289061471,-25.572944750364336,-25.697514252398825,-26.019992247824508,-22.705758644051823,-24.77919564557244,-26.362918092128336,-26.63259151054634,-26.86138926863332,-27.152942351941302,-28.09656027869237,6
022845.57-043350.4,1.865,-25.341447426590538,-25.726051752173216,-26.149880406994864,-26.296078128072125,-26.579002241754,-22.964297773910477,-24.773202584646928,-26.975865698156458,-27.23100236194868,-27.262818343746336,-27.67765306226393,-28.52646246929998,6
023205.09+010640.3,1.268,-24.59296547720035,-24.93802124489533,-25.22858929421681,-25.341148323484056,-25.57128135753092,-21.908208910096526,-24.261611949471742,-26.05507501253808,-26.067964559459963,-26.25953196586706,-26.77350677632764,-27.73522862444936,6
023322.16-045506.8,0.78,-24.559065727468635,-24.746365203027967,-25.10631890450385,-25.121586478806236,-25.28092577148608,-22.167725202778573,-24.555415863159716,-25.386576598213416,-25.239414441563373,-25.32683148425815,-26.250033683037078,-27.104922732029507,6
023507.34-040205.3,1.442073,-25.923257157584125,-26.0045759026652,-26.41863651289252,-26.606053300093805,-26.823140341219883,-24.74848467648688,-26.041364741894625,-27.36683476356248,-27.67659800002736,-27.552566346720265,-27.83400091157357,-28.76164021268188,6
023521.86-083229.3,1.238,-25.65114139326393,-25.750974600707597,-25.960195394821376,-26.081687689940757,-26.33401299104103,-22.73708336156434,-25.53479278068574,-26.329569785219142,-26.263058277502765,-26.590021563307992,-27.19024242225611,-28.06697802971424,6
023606.24-084257.2,0.894,-24.49874189451917,-24.622075512301983,-24.89601273211571,-24.98876984776863,-25.14902112004044,-21.14034092652113,-24.317540217636147,-25.178386975402915,-25.38557910727833,-25.61571890078664,-26.596736451233305,-27.54459576691735,6
024131.89-053139.6,0.837934,-24.121223043963408,-24.286590488482894,-24.651926072067173,-24.8725812545552,-25.06822045051449,-23.40402290612014,-23.884796805342024,-25.31351317233777,-25.36979893385689,-25.422895237102377,-26.386534570070936,-27.310065303822,6
024932.40-085050.5,1.195215,-24.476924051287423,-24.554270693403403,-24.888554002891183,-25.126392280695622,-25.426227296981004,-20.03884886008599,-23.64940180844752,-25.665862537764937,-25.580799021882967,-25.89347849544224,-26.73865774445056,-27.76980800995544,6
025046.80-081158.9,0.953191,-23.74763351836769,-24.047479173777184,-24.494617544108504,-24.655403768489688,-24.970502597082746,-21.41891034608761,-23.59419409694565,-25.22887371290343,-25.18703503368684,-25.28377193012463,-26.15878179177664,-26.963556035515264,6
025211.12-065917.3,0.914068,-23.60638009481783,-23.790084980196514,-24.16801138091348,-24.29993971009947,-24.49869079004568,-22.92655740796896,-23.82530735088237,-24.821262295805184,-25.625101736278523,-25.385029785537345,-25.755569476592587,-26.674966052207864,6
025221.02+000559.2,0.80979,-24.604858355963646,-24.876301272306225,-25.26102992136932,-25.326929188445025,-25.521875494109025,-23.440400622180388,-24.288307588671348,-25.774882282587026,-25.61752467287319,-26.040383261343088,-26.47621201919813,-27.31902722509628,6
025432.52-004220.0,0.433497,-22.601154313865297,-22.948501799462477,-23.30666143697346,-23.467003156596714,-23.89589804288798,-21.24918154196924,-21.49073705460462,-23.74114910314641,-24.26919032453553,-24.707957319958236,-25.05549087140511,-26.104151970458613,6
025508.23-081846.1,0.625869,-23.68131186295149,-23.746257819762608,-24.105279725584708,-24.28743657503036,-24.49108084756341,-23.3548439772069,-23.291546061071845,-24.338024216499576,-24.333213027224176,-24.72239102703345,-25.45902443488264,-26.322350121200024,6
025938.65-075601.7,0.882626,-23.931836063820523,-24.051660468381527,-24.383117726622785,-24.49342781908664,-24.640075361755432,-20.614112070705858,-23.481932177074015,-25.08821797244128,-25.094270549540607,-25.542966189377807,-25.53294575988284,-26.291915736603748,6
030014.21-082745.3,0.961022,-24.012020427384357,-24.197901132102302,-24.594965328469744,-24.705173534763464,-25.016746837585465,-20.996409750557827,-23.62610334622891,-25.303742319188206,-25.49686124107549,-25.623965529813656,-26.658260987362667,-27.475049678691395,6
030238.16+000203.4,1.35275,-24.054331795002096,-24.286784137964368,-24.727730702759565,-25.0122147367117,-25.316157391941637,-21.38722513271498,-23.50864661062745,-25.79120209604704,-26.25861659581116,-26.109653720073545,-26.32520038081502,-27.114190217815946,6
030342.78+002700.5,1.649591,-24.763658845152687,-25.039460333618624,-25.37199552392404,-25.55203589478915,-25.79238868619549,-22.93250761109685,-24.203125911913464,-26.24071722407828,-26.2652822407869,-26.40269229741584,-26.86157400279583,-27.797241171331127,6
031019.95+010111.5,1.396961,-24.891930951538317,-25.058411561406,-25.33005657029909,-25.485856783788947,-25.72286823724521,-22.69794422994845,-24.758200582424585,-25.949789055008107,-26.065268992700755,-26.20008960718998,-26.779758141554,-27.765963174263952,6
031926.23-072808.8,1.389205,-25.056883686628144,-25.370447351665465,-25.68828831004751,-25.851306056614284,-26.06169631398472,-23.332173673491123,-24.866871958865595,-26.145095378589424,-26.599813965288355,-26.521510367002804,-27.239752538125845,-28.258889214206253,6
032948.44+010333.6,0.743521,-23.461134652149475,-23.80177166102317,-24.205822600291945,-24.233292124255563,-24.54097102236839,-21.05356745922984,-22.965491817047603,-25.09079851662229,-25.19486950751863,-25.329736996175,-25.091965931030497,-26.08222095649053,6
033001.64-071828.5,1.250941,-25.59555986196101,-25.6523344811198,-25.98356565114353,-26.181069787475877,-26.418169056397357,-24.10925999565043,-25.492009473743654,-26.72118896975048,-26.67054681822149,-26.820540055719675,-27.18574396888558,-28.18518513589398,6
033329.89-002642.5,1.493638,-25.209196746311125,-25.443822399498423,-25.7608636095426,-25.98010201210204,-26.292624212277527,-23.070835534292502,-24.723787158224702,-26.39345371861078,-26.63840762034796,-26.62247234707051,-27.23935559129815,-28.13949457435521,6
033523.32-002203.9,1.773833,-24.427544222152957,-24.744224549443263,-25.097330402815015,-25.202090369229587,-25.53297958867257,-22.89557661241582,-24.023613168025467,-25.87382441937556,-26.53879680225754,-26.694172565357185,-26.54540371163761,-27.45045805831318,6
033623.76-064947.9,1.61333,-24.682160724163456,-24.96418831711512,-25.34628936919128,-25.5386752444475,-25.638060978857094,-19.90989246394272,-23.51718155968472,-25.875241468828776,-26.076905719357296,-26.02615958943776,-26.740766950925885,-27.769325088153504,6
033636.11-001351.6,1.511311,-24.46888652662796,-24.950403003383723,-25.419457932110685,-25.61327856586588,-26.01193363108952,-21.86003899385304,-23.55212401188684,-26.286470940982102,-26.77150637529739,-26.777438938603144,-27.242808678814725,-28.21987405649447,6
034135.63-004032.2,1.187833,-25.26452397947276,-25.449294833579224,-25.89251303673203,-26.115911444892227,-26.409240530808773,-21.872178417812687,-25.18160494230341,-26.876861926168147,-26.7108751461096,-26.97481282213452,-27.17041532462465,-27.946168222244005,6
034801.20-070416.9,1.965273,-24.2489637830858,-24.478850039113095,-24.88216903428715,-25.091217596813998,-25.30065222696091,-21.1990298892416,-22.080957804080757,-25.939219501641865,-26.72162076822519,-26.59106497704466,-26.783779472822264,-27.619406217441647,6
035118.00+001256.1,0.68295,-24.86427586371849,-24.88220534860885,-25.20762198191316,-25.272245233317047,-25.354400538538595,-23.871486388429048,-23.896660991549087,-25.232683941728222,-25.62141927920121,-25.73260610380622,-26.34926152247787,-27.252186148034607,6
035623.87-060002.0,1.439159,-24.367556397000573,-24.848000826979792,-25.096557339328065,-25.223458665021862,-25.482332988054427,-22.092304990484084,-24.00201349292618,-25.829617244322947,-25.70425083765191,-25.65872357907723,-26.50082109787949,-27.69598171659828,6
072517.52+434553.4,1.605941,-25.23184008485972,-25.498298635217303,-25.837922190624862,-25.98209764314119,-26.23304636684388,-22.95740022247336,-24.911948345047268,-26.51488976136593,-26.7629771149117,-27.007931149360054,-27.44571006510339,-28.557745577142224,6
072721.69+385607.9,1.574611,-24.978774349271927,-25.213566465793352,-25.40874398759303,-25.518671316877388,-25.708477393295787,-23.158873882108796,-24.303009772391786,-26.042119246980917,-26.00687326260066,-26.511113420756544,-26.639495603417892,-27.67195546506244,6
072802.48+252251.2,1.419968,-24.196279444112125,-24.40173028888838,-24.855926311434764,-25.054192958204915,-25.386107729278255,-22.888227693309304,-24.48187036292053,-25.548098716070047,-25.91449544047444,-26.015004871121533,-26.7365609502393,-27.87823975602434,6
072837.92+450008.6,1.361,-24.384187508603056,-24.691305570326666,-25.072578782912853,-25.24045924284278,-25.50474838998334,-23.013902146954727,-24.1778263996108,-25.96053605978749,-26.240464129022858,-26.284146400228103,-26.80693361024682,-27.75611483255802,6
073210.34+373406.8,1.523533,-23.84543461427688,-24.036882948669643,-24.33512713119893,-24.535307780322984,-24.71434443198773,-20.852009790212275,-23.397360867609773,-26.108065909465683,-26.52362337802015,-26.672545165575578,-25.378917702181365,-26.472697074626492,6
073436.41+274749.5,1.163222,-22.55822279630508,-22.919823573566045,-22.965471198813955,-23.2818911040571,-23.709272208434054,-19.16539225984656,-21.427942018445144,-26.749562773014567,-26.658825898574573,-26.360290047471693,-25.1102804486976,-25.98165149367288,6
073733.01+392037.4,1.738,-26.2430613852476,-26.51658148841401,-26.909439590215108,-27.153237426255465,-27.33614701663297,-23.716334975691883,-25.551360277012552,-27.56978902491575,-27.88673376369032,-27.82095020846633,-28.37056894899552,-29.307821909628267,6
073750.27+283630.2,1.215,-24.356591350340405,-24.56278509503248,-24.9475182452124,-25.195842222260648,-25.4091172276571,-19.0581745694316,-23.45572241722198,-25.612520197017925,-25.67643665796317,-26.153931167123712,-26.26416861765214,-27.234918087522512,6
073810.40+280023.9,1.4833,-23.841986932023165,-24.165858995154807,-24.65338468924928,-24.81991098136341,-24.938813489750444,-20.469915842405968,-22.72544481191567,-25.558780865180918,-25.721175761368592,-25.69251177645544,-26.377095091378195,-27.396977176049877,6
073913.65+461858.5,1.581,-24.94767810535528,-25.24895747083341,-25.65222537463485,-25.767507499877897,-26.072159793408773,-22.224991830488783,-24.727400881742103,-26.42406078729274,-26.540054797025466,-26.78154698206912,-27.19225095785005,-28.028058114509605,6
073939.67+480741.8,0.882752,-24.615531186059545,-24.81854212271844,-25.17249974576808,-25.30230857072986,-25.4408007019049,-24.013670980336265,-24.51533049413301,-25.50591335687057,-25.73020337828868,-25.653376938855537,-26.730413055684647,-27.5750123481581,6
074011.65+253728.1,1.276578,-25.171276319351527,-25.32605234539655,-25.67801629874198,-25.94192412623808,-26.30407155977857,-23.97010122448372,-25.303295568216534,-26.59612435325983,-26.47259075719652,-26.703523282444404,-27.24970724612985,-28.05536904785286,6
074300.00+485903.7,1.248387,-24.33795934551115,-24.771394584724156,-25.21149625872842,-25.415579008179947,-25.669283596021863,-23.143127412155103,-24.28512019518286,-25.989620143645563,-26.216865066563283,-26.21467311312832,-26.96351287117228,-27.83968547909135,6
074344.97+232838.9,0.776176,-23.675597156157085,-24.082673975223365,-24.470553186877662,-24.47510633009735,-24.698086237754744,-22.34169571745253,-23.32537987613877,-25.27602788414578,-25.181880648298467,-25.49133552446488,-25.580685465911248,-26.365975756052457,6
074512.37+322524.5,1.242,-24.67109889089213,-24.81049302122596,-25.0887642912846,-25.28341251018081,-25.572228775777184,-21.98632607967982,-24.668727839588268,-25.70553236527599,-25.928928990523534,-25.94835069482791,-26.65765078438148,-27.557452755530655,6
074550.12+214529.2,1.473322,-24.103167305932352,-24.536344707961813,-24.77364233646489,-24.820550427772336,-25.08275566444876,-22.406686078789534,-23.81691823813637,-25.594902819754004,-25.761742845692805,-25.093884775044657,-26.190842612081426,-27.105986745441097,6
074633.77+211926.7,1.499585,-24.63806702261054,-24.844983882712736,-25.10597882906676,-25.21850299578935,-25.447273099178098,-22.93196274431592,-24.425270936301796,-25.760464391405904,-25.677934637456197,-24.880932798568136,-26.17766596666445,-27.13783014090172,6
074641.70+352645.6,1.060309,-23.993458711307472,-24.1260847979266,-24.508216940420382,-24.72303082422669,-24.92157701416021,-22.732967071036946,-23.73669577489032,-25.157348658921165,-25.065860006486325,-25.774190495564152,-25.728540995008785,-26.634571923752425,6
074815.44+220059.4,1.056869,-25.65712862917655,-26.0718431250478,-26.43111803428273,-26.55537271214146,-26.84050768304224,-23.653101346731223,-25.22845664649117,-27.065469379625664,-26.90542065147997,-27.150484722648837,-27.61104102446892,-28.39948708175482,6
074846.43+325116.2,1.529003,-24.294659453433493,-24.544367628044885,-24.912200461985524,-25.04710843533489,-25.360643866844438,-22.98691502241085,-24.03754980598371,-25.649626935496293,-26.450520197333805,-26.24048388761384,-26.61973695836952,-27.461002597236035,6
074851.79+235618.6,0.829429,-23.522479687229687,-23.94299737338492,-24.30352646315577,-24.44021620775399,-24.662483007842727,-22.045426534182145,-22.981169194725016,-24.818391223326454,-25.231437761212923,-25.31439754968253,-26.18209887295367,-27.04069023905503,6
074910.94+474944.3,1.921,-24.150487999569112,-24.63102834555632,-25.13352643977388,-25.30119386925415,-25.56798198216712,-21.055998131212625,-23.318005341260665,-25.96480251062666,-26.42658185176646,-26.60535500567704,-26.765432715817788,-27.725361411788374,6
075005.79+145518.9,1.1894,-24.493628997710577,-24.656829208444417,-25.05260924828316,-25.309670705226125,-25.61547850215429,-23.159492103337964,-24.701475652494707,-25.917678755710256,-25.96624595671308,-26.118027963896825,-26.907924526173115,-27.77788710745724,6
075054.64+425219.2,1.905,-26.743472347374947,-26.88992330006413,-27.22406349426442,-27.40614989512085,-27.670677900087792,-24.415953221901667,-25.834135001864126,-28.187229290006403,-28.61589803805601,-28.645871332558723,-28.850477317501245,-29.70879866664247,6
075111.38+495121.1,1.027361,-23.435126025059493,-23.67683690819668,-24.115841141359013,-24.31417801881376,-24.619571576015947,-21.882698556282445,-23.2910827187583,-25.059416114701865,-25.483935033331456,-25.65596801506736,-25.76046017742008,-26.44951695846085,6
075206.73+245118.7,0.818635,-23.14050686299993,-23.48173286287193,-23.855445727598955,-23.93295498114492,-24.126526672758946,-21.93277861405109,-22.94531520648107,-24.939445462617897,-24.684585535377625,-25.12020133842547,-25.040520578501592,-25.852822841467948,6
075341.33+521646.4,1.071037,-23.72914507564984,-24.01039539281028,-24.41136476594132,-24.63085881925095,-24.874728266624977,-21.52438237978122,-23.661626188029043,-25.413685690799817,-25.38268957253733,-25.8170100678406,-26.0664342889528,-26.89763864320198,6
075530.21+522628.9,2.243,-24.799621902246525,-24.892138013493987,-25.40457761910324,-25.56012942189152,-25.804801743107216,-22.682481417579982,-23.5382100744406,-26.333491421177847,-26.45272288658549,-26.78241299514582,-27.00727997315026,-27.880828314615528,6
075627.42+513105.1,1.058412,-23.980021896935515,-24.091213809365176,-24.427473967579125,-24.610168938735605,-24.828957320504028,-22.843340416496083,-23.688090150514878,-24.972855179694925,-25.425205579267143,-25.8295247597532,-26.086741068474385,-27.10884607962484,6
075658.06+410209.2,1.268241,-23.948658951327552,-24.173978542246548,-24.461040773960352,-24.68378591038115,-24.966133281122136,-21.91039274110736,-23.58423182529919,-25.61303109166408,-25.834174051676715,-25.748604624133133,-26.22795887369531,-27.15836639382553,6
075741.29+415023.7,2.127156,-23.065391192695945,-23.272174628364542,-23.46001664955104,-23.5955266071306,-23.98624280037444,-19.40928141761885,-20.93903436317749,-26.898816052616183,-27.13044955381075,-27.146171362746248,-25.11896119841099,-26.150770497879048,6
075840.46+250236.8,1.587789,-24.24844177088773,-24.539256715879965,-24.87622370017045,-25.027498221900533,-25.277437449188287,-22.24014825450486,-23.801317544123044,-25.550872081076484,-25.845531913545333,-26.040959288203624,-26.602867079638145,-27.55520982699365,6
075909.96+275533.8,1.046364,-24.03712262223338,-24.2408031441473,-24.600577684458184,-24.75424704727637,-25.013094044609414,-22.81941731372546,-23.964330276015037,-25.4884006849773,-25.415515339485644,-25.79480388607513,-25.90197158763041,-26.74598640775209,6
080040.78+391700.4,1.776,-24.75248538845959,-25.266823002676205,-25.614293751788075,-25.670709732671654,-25.88013823300107,-22.92528416274269,-24.570988107079582,-26.19005706254768,-26.489056358725357,-26.533540838873357,-27.03810867381672,-27.900428023858165,6
080138.12+310226.4,0.83496,-24.21698846430828,-24.395924677635136,-24.789823793699608,-25.098478164335347,-25.313906007443908,-21.52840121024766,-22.982836856970767,-25.38021839617147,-26.451200669761484,-25.904722312024635,-26.773871420912663,-27.62586085242596,6
080208.93+360417.7,1.20407,-24.34788540011181,-24.49616383951529,-24.866632093567112,-25.056770117959,-25.294211723638263,-22.11298051997513,-24.31467754231195,-25.720377224234436,-25.929159995420832,-25.80460066361224,-26.266650567467305,-27.17875518336655,6
080223.14+134709.1,1.459,-24.282661472279784,-24.602766019688,-25.0547171404053,-25.247270866888183,-25.52885621360615,-22.3883657229097,-23.96326539749604,-25.79413082700645,-26.56306836461203,-26.781951445323852,-26.618661318236285,-27.492069554442267,6
080226.44+513403.0,1.444461,-25.478117220694774,-25.63818313991992,-25.97588494007549,-26.088760441554896,-26.352574235477253,-22.73457976292999,-25.18851794550706,-26.65243784966721,-26.962849726817826,-26.81273056850134,-27.38233068649169,-28.24416731070256,6
080501.15+523701.5,1.269,-25.5493296032486,-25.75453306709152,-26.10046751044409,-26.312179110462235,-26.59993360212297,-23.905150332430186,-25.429120960528863,-26.47167100209508,-26.651414333094664,-26.89490731387082,-27.8328791896483,-28.885710316336866,6
080508.50+112157.2,0.950163,-24.389765817494187,-24.52125911398721,-24.904341373553176,-25.013604453610068,-25.16975321858869,-23.254351134742333,-24.01918472976796,-25.80164201698198,-25.51643933058574,-26.071816915770217,-26.19588207774255,-26.938247226704306,6
080533.41+461838.4,1.444,-24.649900846677845,-24.70513386374405,-25.04006768353957,-25.202434201661838,-25.50815440473569,-22.13919181085988,-24.03111545169407,-25.82995139176551,-26.34349009897612,-26.11061505235574,-26.387215978387847,-27.26888013705391,6
080552.06+500901.6,1.410425,-24.41109313759528,-24.760110801632877,-25.09801632481752,-25.290424134436226,-25.554815731987,-22.39252936002443,-24.064371329612825,-25.53014134640233,-26.26084354255965,-26.279355817611844,-26.693875561014632,-27.53786609240604,6
080635.63+524314.7,0.797303,-23.55404738113807,-23.852329486828097,-24.23767767636645,-24.40024460330036,-24.60562053272693,-21.80265506490037,-23.31615855822874,-24.790619567397595,-25.19245906669545,-25.44889860793994,-26.00987079915852,-26.963562018492546,6
080636.81+345048.4,1.55338,-24.09787396256899,-24.66896684415613,-25.08872248402088,-25.21140638472317,-25.55755012793228,-22.19634520528604,-23.580850364875563,-26.1483752858033,-26.318557595828903,-25.391821554569425,-26.84565634938949,-27.84195309603804,6
080713.08+234518.8,1.343,-24.89112353047798,-24.991425745447152,-25.356531577808376,-25.56639880500721,-25.819902118304075,-21.20702483461069,-24.577915102730568,-26.145747361159447,-26.240293975502183,-25.97915158424961,-26.70808582990152,-27.555865387731394,6
080739.20+171952.9,1.322,-24.54266489708985,-24.8681835821089,-25.2782508271371,-25.482866311653236,-25.79530269614005,-21.79607579500093,-24.1582870987435,-26.41890766781013,-26.24769800542421,-26.494850926702306,-26.88523264656131,-27.848088015645672,6
080901.35+275342.2,1.518,-24.28412382812622,-25.12109443818109,-25.49329778705801,-25.66017698872874,-25.899314947914952,-21.679551398225232,-23.45867427262892,-26.315853794018416,-26.505905204040925,-26.384826230302963,-27.22007925586648,-28.316520365731417,6
080906.50+413932.5,1.224,-24.903336379326976,-25.19491458626237,-25.548665447619506,-25.76442713803129,-26.05021215471583,-22.503604270885745,-24.594254861824734,-26.16140893124823,-26.34746010764288,-26.62108470443081,-27.297346174184632,-28.18555483017543,6
081006.90+145333.2,0.880139,-23.43957838368916,-23.72261046682261,-24.166363663048973,-24.32258189880224,-24.54672202733781,-20.90177558579316,-22.813134672095373,-25.11100515674123,-25.81669189191629,-24.18401308751558,-26.34611426758316,-27.246276529469327,6
081007.64+542443.8,1.132083,-25.261324508991567,-25.67862977201869,-26.09498548450154,-26.26598146284004,-26.521200436309265,-21.00522115334088,-24.11503601264925,-26.6312772396928,-26.65541969267391,-27.03894068479305,-27.867298150257696,-28.859493807728,6
081115.83+265950.3,1.709,-24.0193439702051,-24.456652235271168,-24.80169629394509,-24.905936010220096,-25.09069419763958,-20.924420763849376,-23.459616744273596,-25.592734089816595,-25.89549751934906,-26.063331836872063,-26.369673803542568,-27.347939472489404,6
081121.38+242642.8,1.117645,-24.13302458265612,-24.27054678757731,-24.529018568441455,-24.67563453920344,-24.961337210336893,-23.16362878209793,-24.03713464748589,-25.154189887255797,-25.21305172326172,-25.43669468839483,-26.246828534336352,-27.07395469256527,6
081121.48+182754.9,1.059706,-24.151934575064548,-24.414706240367288,-24.78858629989408,-25.01716124290673,-25.38567749168042,-22.90098107974421,-23.947788671444656,-25.679014641869166,-25.918343264451387,-25.410184458629367,-26.32164514343436,-27.343210863267988,6
081148.31+375645.2,1.473183,-24.59132439606824,-25.026632760571943,-25.56295019258972,-25.72401179500612,-25.98888770036473,-22.782981485713357,-23.657045901200263,-26.410630071750617,-26.6359127638596,-26.69779649159652,-27.046846957269725,-27.906482610137918,6
081200.49+402814.3,1.804,-24.993996844059797,-25.29682725965246,-25.636583534489496,-25.78278833597534,-26.058186121370145,-23.623421293340925,-23.912615127244308,-26.339755366667088,-26.507281428685957,-26.822509606002438,-27.16151547395489,-28.073187597919315,6
081206.42+251319.3,0.809039,-23.43780158711932,-23.77158600554421,-24.089355621245,-24.179325849192185,-24.39637714883476,-22.19599211538175,-23.340501366490106,-24.59550707448333,-24.92899685045131,-25.25088725709522,-25.457170420458493,-26.3885131696458,6
081227.19+075732.9,1.5746,-24.942386798150203,-25.14649809945521,-25.51629377985404,-25.584044827015955,-25.76729324348543,-23.20295823990172,-24.10497465688381,-25.940554456453093,-26.221170468464173,-25.948720874496917,-26.91724741608818,-27.891283691510974,6
081240.41+441230.9,1.011,-24.89896500402996,-24.988016816030477,-25.309296006851724,-25.48463925438572,-25.754945999541796,-23.37298076587745,-24.252751540301563,-25.86347734358703,-25.88496831790429,-26.13461373971445,-26.945404508603765,-27.86179138445959,6
081301.11+280702.5,1.569019,-23.917682961123848,-24.37333822995281,-24.73580601404127,-24.90853725329543,-25.20621789226502,-21.39072448830903,-23.369005439454316,-25.62174149570489,-25.727080470362544,-25.815402808932813,-26.4365597177922,-27.4218309275174,6
081321.18+505858.8,0.463032,-22.64493182477143,-22.867552112766408,-23.098610531585592,-23.195941016859717,-23.45453659896052,-22.477450915476687,-22.710888175073748,-23.692110182657927,-24.038395482800635,-24.274141459055983,-24.499508952950457,-25.429067047266773,6
081344.15+152221.5,1.543,-24.726221120262387,-25.00582402053026,-25.319359498194174,-25.44173886704545,-25.754803531308045,-22.85397206399598,-24.59242946528529,-26.10653672226465,-26.370310091990223,-26.74038176441251,-26.976984987649125,-27.841111891986607,6
081423.47+031219.7,0.951765,-23.69795574839001,-23.906684847196964,-24.290265265711923,-24.447598645614445,-24.552523069693347,-22.334548554969537,-23.85906546692916,-25.14269013635407,-25.115049202317344,-25.249967467595035,-25.667973609416386,-26.458463828541262,6
081454.73+573413.8,1.859,-22.83179631359392,-23.397298268055277,-23.681559316243465,-23.82840900873276,-24.143974890783507,-20.60977361414209,-22.203242375459645,-26.23510059464402,-26.573196437406818,-26.55217319050993,-25.454285070560744,-26.567916931038567,6
081522.84+134834.1,0.882817,-23.961495164242702,-24.072080273866813,-24.497432491415577,-24.54361637164805,-24.523610074127635,-22.77370220198165,-23.880570281551627,-25.105546077276813,-25.1467079943809,-25.111431415013488,-25.919422517244588,-26.724772444481893,6
081536.87+280924.8,1.34515,-23.961018578468963,-24.092976900954078,-24.43564305894251,-24.71402011704996,-24.96928208526409,-21.860881171832634,-23.82649662115289,-25.591971280323943,-25.838777986109704,-25.75246826062856,-26.23160199170009,-27.09173464640708,6
081545.67+241312.0,1.512902,-24.517584059829385,-24.596849512009207,-24.913719807835523,-25.07027152310915,-25.2839469975791,-21.49904773968196,-24.453735286846644,-25.34749291913807,-25.9019041997082,-26.08950369118661,-26.30569981783452,-27.17988277121458,6
081557.32+333122.7,1.429134,-24.21730115825836,-24.52481320562831,-25.056962022871986,-25.31302328797276,-25.64315852714925,-21.710329783216704,-24.17117077133984,-25.932516555214956,-26.42986621078541,-26.845980743704065,-27.07475993823413,-27.81099826541956,6
081559.19+414457.1,1.286744,-26.325952155534665,-26.51987438621549,-26.8496566480448,-27.00929893932346,-27.25286381147675,-24.89040362498902,-26.089689899933205,-27.394561449197464,-27.523778317435884,-27.730878569700288,-28.303164687439008,-29.297685055928373,6
081607.70+285830.8,0.948,-24.2082940551857,-24.288132157106254,-24.64146099157172,-24.813332436833228,-24.909261923918677,-22.230239569939464,-23.874108326294493,-24.828699270725625,-25.108118566066093,-25.3488583466369,-25.972996269691837,-26.807927455267016,6
081638.06+262050.3,0.784392,-23.71778850052788,-24.044132948862657,-24.39870988668661,-24.57167196454621,-24.68598848724052,-21.741800295618862,-22.73619593769969,-24.99466009338496,-24.9896270156786,-25.38017618878204,-25.80778114449833,-26.568790765201555,6
081710.06+080940.0,1.258,-24.253898171825465,-24.50710047314842,-24.843678898935263,-25.010904268291185,-25.158951049803623,-21.92221077812305,-23.960032291711123,-25.46242926741304,-25.826156932614392,-25.95913984033863,-26.4015169328548,-27.329205790697888,6
081832.86+123219.9,1.7011,-24.78620194438566,-25.001905083309143,-25.26756503270972,-25.46241339097718,-25.68105249212168,-22.20742628543984,-24.018318126857785,-26.159039030711103,-26.557111649577248,-26.62523436944264,-26.90121905916848,-28.04129147329108,6
081835.28+182940.2,0.794258,-22.892433753706587,-23.2221294840306,-23.57090901792182,-23.689656954062954,-24.030870206532963,-20.90707290554424,-22.845768550878727,-24.550165342213425,-24.88394935977493,-25.062771985618,-25.236692861976884,-26.11122561898658,6
081842.30+222327.2,0.905124,-23.836684358089663,-23.945535751164496,-24.313303928949654,-24.44745645212704,-24.6570803437265,-22.49190952417792,-23.83179327111156,-25.057493080655338,-25.41344326531426,-25.515508599983228,-26.22915783418501,-27.147737099456588,6
081921.79+444854.4,0.908592,-23.40604664050393,-23.700460457643583,-24.10876963702918,-24.309752064472956,-24.40812594624485,-22.23015315428567,-23.4167380568726,-25.115773773127213,-25.07076729933913,-25.152519664835943,-25.70539159319829,-26.67307070764918,6
082001.18+124623.4,1.495,-24.61631337696814,-24.817570267235343,-25.08112696048489,-25.25898386446252,-25.506753852084124,-21.52269941704092,-23.69614656109275,-25.240270794319382,-25.99666300852088,-26.287041815987312,-26.62629293805458,-27.490886694966413,6
082019.22+061942.6,0.950018,-23.691416968457546,-23.77147993951032,-24.138115398553094,-24.28736708001073,-24.505061150646444,-20.286066713290285,-23.7988414080834,-24.59088423376339,-25.27983454771276,-25.325701716628515,-25.91281269396981,-26.703255719292045,6
082045.38+130618.9,1.1248,-26.23891016951523,-26.387527872757648,-26.679749425211227,-26.870046871805307,-27.169823672412058,-25.277038397911397,-26.20488051785126,-27.1429824322781,-27.107840364155315,-27.38806748608997,-28.213825024050724,-29.12386394020473,6
082146.22+571226.0,1.545747,-25.38702048593517,-25.628671687346117,-25.992465032570653,-26.17472363097964,-26.44068379365232,-23.79630143460899,-24.799315954780067,-26.660288076682907,-27.166618818203844,-26.940401781066267,-27.316263880119998,-28.28663117016537,6
082214.45+253832.4,1.739,-24.120473017132987,-24.469093802587928,-24.830396530209025,-25.01565927598533,-25.377364615809498,-21.94450403816634,-23.31844594467598,-25.90972949843999,-26.30063278056887,-26.384314166769705,-26.612525442443975,-27.36736147126152,6
082216.47+085244.8,1.208,-24.9740406027806,-25.16499314440568,-25.405583281607484,-25.512900273413145,-25.75548161219966,-22.030084556758613,-24.98244327731205,-25.83010925790213,-25.96502341292122,-26.34257648190485,-26.917780725923237,-27.904158882051952,6
082334.60+213917.5,1.651475,-24.538634885604363,-24.753296967067516,-25.0671673989697,-25.140913178569257,-25.41726246636604,-23.27054964923625,-24.27723886411974,-25.889685037785934,-26.42530554636104,-26.41985342904924,-26.41647408584156,-27.426221003937165,6
082339.26+242158.8,1.466371,-24.876764545854023,-25.05755546755415,-25.352600510780995,-25.51774029668016,-25.759930289965844,-22.8644710682662,-24.58599489553597,-26.00334740277914,-26.536270312151714,-26.35132931585905,-26.591744119100216,-27.508062031959827,6
082345.39+370049.9,1.69636,-23.59586368382083,-23.94758088873336,-24.102526973728992,-24.23884634173021,-24.442773405128374,-21.0011094992154,-22.74297122127816,-26.84991104870956,-27.120677828543347,-26.99301082633136,-25.720572119228493,-26.82893406663708,6
082431.53+312020.1,0.765163,-23.749545685160182,-23.823509466905165,-24.14665110166797,-24.40409245389552,-24.46818981525109,-21.51641447380863,-22.735164690635436,-24.818392525764647,-25.10595199068272,-24.979222463857525,-25.76352954010397,-26.64788641920915,6
082516.73+253442.8,1.464,-24.49827911770269,-24.669805566639603,-25.038691567535647,-25.231917782617742,-25.43466565123413,-22.75111674445109,-24.67085860081737,-25.7928864212928,-26.08121673126509,-26.48608956690502,-26.497387867264116,-27.40417759215864,6
082524.71+424416.8,1.441,-24.676201249069315,-24.88033692309928,-25.247562271322924,-25.43221814672882,-25.6860069384504,-22.59434453619004,-24.87562397027243,-25.736854383528065,-26.210743757732512,-26.329879990231777,-26.985020720726386,-27.83220210157593,6
082539.73+375252.2,1.312,-24.946081440060453,-25.160563269250936,-25.392609401514218,-25.546641782223723,-25.82685974963916,-21.660953224642476,-24.98860835035287,-26.150034718556565,-26.15920199259844,-26.34174148900828,-26.849870691260563,-27.84359375387519,6
082632.51+131046.5,1.2789,-25.49017591496772,-25.592621533211087,-25.92845456504953,-26.03730990432761,-26.295406890130756,-23.540781446568232,-25.538759045679843,-26.544929280552317,-26.852883927574727,-26.941087434553477,-27.348935742609942,-28.31204021442171,6
082754.52+043102.7,1.432,-24.419215041978067,-24.53583482706191,-24.928339161216627,-25.12633233468506,-25.393862315365304,-21.725947107122217,-24.464308117646446,-25.89226846999378,-26.15214039083197,-26.84212031767441,-26.380307033967625,-27.20969549263738,6
082928.29+552552.8,0.968438,-23.709079949356763,-23.94768099908168,-24.371624672349167,-24.60338913176348,-24.89374915271683,-22.103563324323044,-23.653623439105203,-25.25173505161704,-25.520531248763906,-25.601363103164804,-26.058754561337278,-26.89674600316734,6
082950.82+612703.7,1.6533,-25.224523861277927,-25.72025758145836,-26.289837569288256,-26.45402275543961,-26.77911925398243,-22.61648967866198,-24.65141712417157,-27.01310594976961,-26.967110448847546,-27.19984196070605,-27.65347482999616,-28.559643096115064,6
083111.23+123107.8,0.6776,-24.015967571298727,-24.134323178376256,-24.44017481587825,-24.473455863756683,-24.58559207076938,-22.69304221307865,-23.14966530790892,-24.614963506786943,-24.906800483418944,-25.00227250384504,-25.72118032155373,-26.719216610034835,6
083144.69+493244.4,0.821236,-23.431928254142587,-23.7290589710822,-24.09171676325952,-24.17376222437381,-24.309449109028275,-22.23907675333373,-23.14420238131425,-24.89310261630033,-24.666594822758228,-25.264985335816966,-25.382928610240757,-26.20762679445837,6
083220.08+243100.5,1.305876,-25.334301630020803,-25.610935002401646,-25.853293429714054,-25.943575046811997,-26.121288720820512,-23.97682509301445,-25.242650603248773,-26.35962309972017,-26.500985094491607,-26.527644362298137,-27.268815158520205,-28.351014742564363,6
083238.81+493936.4,1.623046,-24.22804191681338,-24.461375576946946,-24.8529711498756,-25.03431474643013,-25.312278897570607,-22.874764353094783,-23.983396319889216,-25.676395756654003,-25.921867262019703,-26.05838456820177,-26.43554519197169,-27.24336883050655,6
083243.71+240817.4,1.474092,-24.807126553754152,-24.97954526305623,-25.280571989810998,-25.449912325530057,-25.712457278875146,-21.542659221318143,-24.37506487999152,-25.748344691773507,-26.19726842216448,-25.985639652445823,-26.929721591623924,-27.90177486253016,6
083250.69+281316.2,0.826,-24.63810383374642,-24.74730165612981,-25.02024704990653,-25.099321106928905,-25.150325415696404,-23.282786155922427,-24.12833600646706,-25.01324219626911,-25.64664442727762,-25.6337080607276,-26.39442119065862,-27.22408634792269,6
083406.16+244858.5,0.858882,-24.02989889363114,-24.3070071530661,-24.73183273783819,-24.86400401743332,-25.081092312548023,-22.549266760228345,-23.76004168308763,-25.43800082669079,-25.43838074440198,-25.86624597534528,-26.31235179414507,-27.225052218811893,6
083432.73+493340.6,1.375488,-24.495883786647,-24.648408969538924,-25.083202872624007,-25.271333366188244,-25.5572844818616,-23.26443230766539,-24.767030763819623,-25.89721813585497,-26.150754821047283,-26.014514290382305,-26.42634642429132,-27.32086444424569,6
083445.18+275904.3,1.736271,-23.588035532950222,-23.95830163060369,-24.08918813912017,-24.11152325906421,-24.36343670106816,-21.301898726926133,-22.254440906168405,-26.05103108409046,-26.72739531405004,-26.2843158718178,-25.621761394804203,-26.74715993586752,6
083457.06+184413.4,1.358,-24.627555422348888,-24.80482981318253,-25.166686950198702,-25.359039134922888,-25.662072997228456,-21.53086151241878,-24.21288443219529,-25.76592721731934,-25.740240394033076,-26.19019409057801,-26.49007366028367,-27.431081971123337,6
083512.14+271503.6,1.128035,-24.483707307439627,-24.588731187561983,-24.939129081600623,-25.09436803561519,-25.319980424398214,-23.234486562503047,-24.851078959072137,-25.69768512946713,-26.603681753267946,-25.834625285905013,-26.767717144661344,-27.52192745157765,6
083608.09+190250.7,2.105038,-24.211878221134576,-24.486547975176528,-24.8643738547409,-25.007453598027386,-25.296333758866307,-21.47590023607528,-22.63879260518509,-26.18703480210637,-26.24134836880581,-26.3503270092826,-26.30174225347044,-27.493155971923063,6
083636.89+412554.7,1.303697,-25.10552732438262,-25.23809415358337,-25.37455194520724,-25.515456920414493,-25.736619981218112,-23.810061525470022,-25.03299669591749,-25.837347314302715,-25.81617506400731,-26.076420045637335,-26.608132402010305,-27.47154507302618,6
083709.92+041059.4,1.708969,-24.277928331206187,-24.544902057311244,-24.98017027595021,-25.272416944134832,-25.4819127647624,-19.785535841844357,-22.10551246422077,-25.723324639873773,-26.2880884637382,-26.476130051419556,-26.24395258373073,-27.29661959472294,6
083729.23+431453.4,0.868692,-23.819769026614093,-24.139264585046085,-24.523707960796276,-24.7636147874669,-25.03908260614996,-20.66724713344019,-22.26726105436489,-24.94814194026651,-25.034350236525707,-25.53319515247573,-26.360279773504075,-27.28798371441097,6
083803.61+203750.2,0.999163,-24.164291864680624,-24.2783153883459,-24.55545164542286,-24.654135015512367,-24.91091204847616,-22.34691209744582,-23.58870928937691,-24.993642769617736,-25.34994440720752,-25.479823103625844,-26.24150267705702,-27.17864840034007,6
083850.15+261105.4,1.618279,-26.348062783497102,-26.49509746048884,-26.823078934883323,-26.94657387945053,-27.26385528819598,-24.297938413076736,-25.61690326825692,-27.434663740621527,-27.837745577156014,-27.72434950018615,-28.15197283218795,-29.049211961279266,6
083856.38+102200.9,0.5925,-23.41986576305055,-23.637559694307104,-23.910087863422604,-23.931172865781143,-24.061975241645275,-23.857470819984503,-23.708634038106425,-25.41755618212865,-25.457474477209168,-24.90712074487817,-25.29079428055096,-26.150683859362893,6
083914.06+502037.9,1.779553,-25.66029620568823,-25.843332476474664,-26.252099812875556,-26.42491452540373,-26.68106498824008,-23.231062235400383,-24.684703996554877,-26.83973885587543,-27.139074988782195,-26.865252529497432,-27.657574710138285,-28.693598371408616,6
083952.35+525624.2,1.546,-24.4153186407738,-24.69972525189965,-25.05607342320437,-25.23858077615544,-25.4712168045732,-23.306546468176013,-24.41755429195786,-25.811623282069323,-26.16300597395708,-25.838211606158172,-26.745063227025685,-27.61231301965718,6
084023.54+170742.8,0.912457,-23.697769860109464,-23.834080175756256,-24.21529007822308,-24.39252355642456,-24.62571860216595,-22.208234278768963,-23.3977963010057,-25.008325318689383,-25.00648275010209,-25.321070455414223,-25.808402664426744,-26.65757066116295,6
084029.97+465113.7,1.572,-25.67788315884492,-25.867273557702863,-26.118236609429857,-26.27648396582983,-26.51557745297637,-24.18815189678914,-25.28868460494736,-26.70306043867054,-27.01260916329056,-26.95242975251044,-27.360301567512685,-28.31632307956537,6
084034.18+401621.1,1.882,-25.1021508409668,-25.39885839374009,-25.85487524258792,-26.06316731593184,-26.259483375626548,-23.245433441557218,-24.140511796419897,-26.597792157056205,-26.889805063725973,-26.957398332866887,-27.609697201421827,-28.637284950932937,6
084126.19+350259.1,1.046926,-23.898840762878255,-23.912253324911315,-24.282808169316223,-24.55674583357703,-24.81341242122156,-19.726904251369778,-23.75311798484996,-24.92897422207725,-25.34172436085755,-25.29366986035993,-26.42037741307224,-27.22817412893366,6
084200.76+333214.8,0.973687,-23.726473644026875,-23.968224219328054,-24.430370117742356,-24.65326307688432,-24.953593498263217,-22.032269950615124,-23.460289908425608,-25.45852903277258,-25.85425905064004,-25.44462966669205,-26.31987605323464,-27.243478710945173,6
084205.09+183540.9,1.275512,-25.661160611766352,-25.838493021454426,-26.18209428564068,-26.33388821834492,-26.557765549045047,-23.60299516504018,-25.295618507007045,-26.77105748578821,-26.8312031611278,-27.16215171440904,-27.377729851890084,-28.26480780509775,6
084217.12+445115.8,0.934,-24.076540920171382,-24.147040586322564,-24.47640135691069,-24.52871040632477,-24.621485878923718,-22.20763277551934,-23.8065234877852,-25.2913245435843,-25.45374578644186,-25.36078810663261,-25.686880844820237,-26.5835488249181,6
084235.00+565350.2,1.3655,-24.49813457243877,-24.927840706842627,-25.23253968574593,-25.44940197804891,-25.71679243811687,-22.047601598967077,-23.746400639798352,-25.65452194647744,-25.83881322321077,-25.951953241605697,-27.01504453482174,-27.97155081056721,6
084239.31+142811.1,0.988481,-24.283842872813533,-24.49601097940446,-24.841046593556044,-25.008586908041877,-25.238715754137083,-22.47423353764048,-24.04777290101713,-25.56237233284577,-25.473714361298978,-25.90911908422298,-26.558886742596567,-27.363451704614025,6
084240.63+015134.1,1.495,-24.918122816110262,-25.101829214507443,-25.414363471086396,-25.52688828240621,-25.734866855536943,-22.884326835300445,-24.419231048517613,-26.24046348037325,-26.098286113499736,-26.04677370756021,-26.667641109568045,-27.62472951408949,6
084318.48+375932.0,1.293167,-24.76671356145136,-24.84747579990174,-25.197270193358392,-25.40834160746532,-25.646609535594088,-23.026928395358823,-24.54493023101544,-25.685982987115025,-25.907970967268483,-25.870055523213637,-26.608776289616667,-27.58990153949029,6
084331.84+111235.3,1.0302,-25.097906246213856,-25.26399709381858,-25.69836304438141,-25.879808945025975,-26.07549057831945,-22.652685924268503,-24.87926744513294,-26.36315635299278,-26.19838987512177,-26.55208973049821,-26.75633195437753,-27.807473970800743,6
084349.49+411741.6,0.989,-24.966613323321504,-25.08771879789497,-25.29555127431253,-25.42868148205036,-25.58243493991245,-23.80726329367493,-24.25506167485487,-25.29278003000404,-25.407553972309167,-25.472569167015905,-26.603103964034556,-27.573588309170685,6
084443.75+324601.5,1.673892,-25.01772005335805,-25.287896031282187,-25.539176316542093,-25.59713220686769,-25.87130925595416,-23.701923850867114,-24.97364936250938,-26.127837138348266,-26.388199870200904,-26.82891089159032,-26.86437579248656,-27.7476574432771,6
084451.91+282607.5,1.56928,-24.218403311843318,-24.48010569864708,-24.78761811842806,-25.0301720355647,-25.23282859452833,-21.44880480699351,-24.04792154547173,-25.5868701175081,-26.07430426297153,-26.1856696272931,-26.486252171703303,-27.471463962925835,6
084509.53+222041.6,0.925264,-23.583897805104357,-23.911479285641487,-24.38894640356113,-24.61331772472355,-24.89150112731081,-21.56642456277197,-23.358105434972416,-24.94752350958056,-25.033915850671388,-25.332041288001623,-26.38428948865474,-27.28487650547978,6
084704.39+375836.0,0.739411,-23.761016690477835,-24.291089120782097,-24.61019567838701,-24.581973752939646,-24.85924986829801,-22.878797698492072,-23.82075587158195,-24.879049557266697,-25.06712836940755,-25.10997458312925,-26.00102587304181,-27.02043584685797,6
084813.10+560847.1,1.477427,-24.42013474464411,-24.737421619792627,-25.155086657569388,-25.37974933363374,-25.635779856576523,-21.39616364850347,-23.708313038755403,-25.737729954853556,-26.078714842690143,-26.46628422444593,-26.788715443674786,-27.689998733341284,6
084915.11+280109.6,1.3927,-24.68501798929768,-24.829833676672894,-25.103048552869804,-25.281276182073224,-25.550339651168063,-21.72043728963696,-24.27271936521147,-25.84084372394244,-26.07887205299313,-26.13375655503602,-26.331504453727742,-27.234150120221464,6
084930.18+381249.7,1.757,-24.88237902355008,-25.13403435031495,-25.42538188073379,-25.553587637721087,-25.778222866810104,-23.0574515241892,-24.598418597848664,-26.02107972583676,-26.059359854589538,-26.34935929597992,-26.70052970911535,-27.676639999479637,6
084939.97+035330.3,1.658138,-24.305692575962865,-24.638067694507598,-25.03160164311623,-25.25509503683337,-25.51605180952796,-21.18552484153564,-23.21678109144861,-25.78511182986064,-26.501288083871444,-26.29424970026714,-26.54911624744396,-27.47920090813016,6
084952.74+363927.8,1.22438,-24.625388609333783,-25.12328312661619,-25.47050966973606,-25.607713223721653,-25.777001052046217,-22.19419530107113,-23.99013670534063,-26.121819649386048,-26.20103544310294,-26.4351975855756,-26.980190149005526,-27.90821622092872,6
084959.50+431646.6,0.692488,-24.501567675186084,-24.600530052025928,-24.9289038295537,-25.054791980381932,-25.20933175006573,-23.684762698538865,-23.808738710330317,-24.92516070071803,-25.35352729572816,-25.51468196786909,-26.096532489152267,-27.009531053922423,6
085113.73+071959.8,1.654,-24.594426317687173,-24.861429180748345,-25.202202411001142,-25.37492561825174,-25.63575762679122,-21.437481182159825,-24.116272436987742,-26.14180007667101,-26.308089695539994,-26.58509065973984,-26.782911239632927,-27.70360335294665,6
085249.05+394051.1,1.252,-24.48788266602701,-24.744984213269102,-24.98730066336989,-25.11512985048959,-25.39824289097088,-20.611784208475708,-24.484165620300452,-25.711808989134788,-25.492322470311507,-25.67147886563309,-26.4877812738102,-27.44386530737219,6
085324.19+485850.7,1.29,-24.765697327975868,-24.92744663649808,-25.205503841168152,-25.32143031184073,-25.540657305959314,-22.45434022900239,-24.453496255184408,-25.683505836799696,-25.480075480348056,-26.08831138841484,-26.46702001813405,-27.288532222122697,6
085401.48+112858.5,1.4003,-24.146309640199963,-24.313558586366725,-24.652287304852347,-24.868877862708317,-25.206940278017463,-21.63681552188563,-23.84057258760311,-25.773278753686963,-25.70404676683717,-25.18585539529116,-26.371003222447747,-27.34550595380797,6
085408.55+085401.3,1.6503,-24.61685446174402,-24.87705840832273,-25.140963204350975,-25.27046099171747,-25.47580368304026,-21.93038882099373,-23.73381001821583,-25.791935893391987,-25.926277013275005,-26.17662538064434,-26.793065166904,-27.701922514119467,6
085429.40+125202.0,1.76457,-24.0771417900063,-24.375542893298256,-24.668489644565224,-24.83104722572921,-25.0423151107176,-20.903454759007232,-23.60607704482048,-26.47166520673647,-26.89852988012654,-26.332188611815383,-26.105306562209684,-27.108420951769872,6
085443.10+075223.2,1.606816,-24.77791578816074,-25.00485956629833,-25.36418966180101,-25.498267106760917,-25.768931228067963,-23.42509552804104,-24.46302825264287,-26.02682658850645,-26.6384708317699,-26.49635842245357,-26.77458123563151,-27.69890235617917,6
085502.84+321730.5,1.108469,-24.820309304131907,-24.928885254177608,-25.21449587315883,-25.390750720942037,-25.634312907027997,-22.64179319634817,-24.44623850686894,-25.69079788280797,-25.94157950846589,-25.95903998496495,-26.854512940012548,-27.679436995401453,6
085514.90+205456.2,1.413,-23.98486520394532,-24.41549681973558,-24.86098775887456,-25.123375358231343,-25.400743701422517,-22.17228702594388,-24.257666682828155,-25.599100358660404,-26.172950212984183,-26.31619932398196,-26.835706542261345,-27.805002589828284,6
085636.13+130909.9,1.438,-24.68856535020861,-24.74064164304626,-25.10103479084606,-25.27938491787415,-25.49057675913074,-22.512599330531295,-24.043373564257436,-26.063523035687037,-26.41890875466355,-26.11544304106165,-26.47852498462077,-27.405084279604107,6
085929.74+314917.6,0.973542,-23.214445476862345,-23.675041910889156,-24.11547500770635,-24.549054124836545,-24.776472148486167,-21.29096955565154,-23.18401659623699,-24.97680125895666,-25.17738392316865,-25.01529622174624,-25.951999203079293,-26.76942095032185,6
085944.61+411719.8,1.386,-25.001371630076672,-25.193227927366493,-25.536620645784684,-25.688533543431365,-25.95689935245371,-23.48178504807645,-24.871243936818555,-26.19865040922796,-26.73673669360681,-26.622962552855363,-27.04754566960778,-27.935174803286724,6
090055.54+211557.4,1.7,-24.42441407440535,-24.77148124238393,-25.16790270300248,-25.333394942777154,-25.594045814892837,-21.499728188765843,-23.532603822278148,-25.82124506642408,-26.05146606218366,-26.06161102734163,-26.658791199520245,-27.58447587056754,6
090115.69+354059.5,0.731955,-23.225590522022745,-23.40735345882522,-23.801636822364685,-24.007855725662377,-24.19708742303172,-22.84023315553439,-23.07520519872701,-24.586380831878976,-25.06096791386694,-24.98349477917474,-25.63941312403555,-26.471012708958533,6
090121.17+125033.1,1.254648,-24.532454180382423,-24.633109324569105,-24.96791687206963,-25.220931429918718,-25.516926626887432,-23.296293197025896,-24.41589716829038,-25.864111484288525,-25.985989208494345,-26.185193576579632,-26.62032304190997,-27.587660725781923,6
090142.31+035206.1,1.354,-24.81804767049392,-25.014237397141372,-25.25331996006882,-25.30989370099152,-25.5352666897485,-22.96232843927877,-24.335748925533363,-25.45296046868068,-25.6858496323203,-26.222547451984724,-26.44712393923198,-27.445082824892072,6
090153.41+065915.5,1.080909,-24.990725199117996,-25.224977717102263,-25.58978060872495,-25.741470041399456,-25.940657755733,-23.739184514540067,-25.160916337847333,-26.1853033888132,-25.944244729125398,-26.439696082757997,-26.8319262623056,-27.564777156601732,6
090246.66+362945.2,0.97131,-23.67922229452149,-23.894161433033272,-24.30140471835772,-24.49079741442458,-24.796375425929558,-20.29708653362862,-23.833938909679624,-25.340169321497708,-25.90339694763987,-25.539089152950424,-26.43362016996336,-27.290773284578496,6
090519.71+084917.3,1.434176,-24.490392880838392,-24.694327261406716,-24.98960529101306,-25.097635800014277,-25.33317416270465,-22.65714661584183,-24.13792051418828,-24.961074292860545,-26.04061385522189,-26.31057929536513,-26.53047411138028,-27.463592438599356,6
090554.64+205201.0,1.382,-24.370822125639023,-24.699418947723533,-25.096079728730636,-25.235745122368908,-25.53113911753977,-23.17550238801728,-24.28068502207644,-25.72358633424866,-26.0288349614416,-26.142218229200264,-26.758418156798932,-27.929740668306096,6
090606.17+443156.5,0.897148,-23.28048290209555,-23.379811199728397,-23.744964263303583,-23.823571420653764,-23.99803013759849,-21.462624696324955,-23.2506631800292,-24.697756163534315,-24.80323980422631,-24.47896683731793,-25.42553324302932,-26.194407788471345,6
090607.44+440010.2,1.003181,-23.54266746415277,-23.76645522247433,-24.114565207091825,-24.45960921567937,-24.96162764995297,-22.23064347351204,-23.119325061811843,-25.47462545323584,-25.67533883870317,-25.73747067892666,-25.87222816809397,-26.6356377751494,6
090612.92+270611.0,1.932,-24.786634496633848,-24.944082653652348,-25.289677563420536,-25.508213913764088,-25.78592899203716,-21.48586488975214,-23.117106059665083,-26.34540631566998,-26.42348825066273,-26.559719789825976,-26.91496751599035,-27.883845869934973,6
090621.40+363339.3,1.292794,-23.861854427348245,-24.095404554528407,-24.585298086000897,-24.86227992307912,-25.091184966718867,-20.245154681373076,-22.73678250650445,-25.226999228192845,-25.72723944117897,-25.47976986713276,-26.087615404561134,-27.12561315135996,6
090646.98+174046.8,1.579,-25.335425573399327,-25.48094438370221,-25.771980925910157,-25.891478303429437,-26.153921908817644,-23.283353964965237,-25.133889570446517,-26.359574826550183,-26.753367244606167,-26.78109527676163,-27.2352446223578,-28.106907312707857,6
090653.36+070412.1,1.73189,-24.54313547137321,-24.987181426186936,-25.372408981790077,-25.5280865678412,-25.742969207564048,-20.86568635659197,-23.6050639051412,-26.212959632295703,-27.1147126766736,-26.965908927320942,-26.84481150866991,-27.74574862223245,6
090902.73+355334.8,1.646038,-24.46932931168909,-24.695186815554905,-24.99534324614949,-25.13759576504029,-25.4344959679707,-23.092410264248628,-24.219787982334207,-25.68424092035033,-26.200958158001917,-26.49318906183819,-26.36092718338476,-27.343432787943097,6
091135.00+293803.7,0.61426,-23.326054853612828,-23.617895532348044,-24.03106761386574,-24.180083903682217,-24.435379071986887,-23.151320764427066,-23.19297935559465,-24.44720674565514,-24.756193205692767,-25.07088332146199,-25.82282520985529,-26.59134545324546,6
091143.79+273450.0,1.393428,-24.7196153513936,-24.93443282668784,-25.154839742784155,-25.30579872455196,-25.591656143319543,-23.617015419630352,-24.74939200422345,-25.940824831842388,-26.20536876967074,-25.748486758930945,-26.50891158267174,-27.48973924865908,6
091208.82+065343.6,1.457627,-25.12068002432841,-25.68852712612818,-26.07449085669066,-26.10902503224629,-26.221278648019936,-22.135925075893137,-24.583220354808763,-26.649402766760623,-26.555614890710416,-27.12410504757792,-27.351565749000645,-28.370556648945858,6
091258.55+120638.4,1.85,-25.441959109318304,-25.597948294728663,-26.0275036468382,-26.137225554048328,-26.436410712815054,-23.616358292099616,-24.704103472493816,-26.69559959412932,-27.23042061815507,-27.010733589498376,-27.429367976381545,-28.418793162342077,6
091310.41+392257.8,1.305,-24.714829694935705,-25.165339610725084,-25.33662657981529,-25.450098559147435,-25.681233513867536,-21.51449376446059,-24.64940426036566,-25.675778201079577,-25.998942383833,-26.076098916481456,-26.823763191663662,-27.698913005018664,6
091532.59+172143.9,1.756,-25.3914889927653,-25.564449422498544,-25.87410141502832,-26.0485152404452,-26.36634501135832,-24.020151729353348,-24.8458691887262,-26.93396595417808,-27.1122861069815,-26.90889073022448,-27.44859657736205,-28.33699040599673,6
091553.57+640120.4,1.17,-24.28373985060601,-24.678589213306932,-25.0745963765656,-25.27273491033281,-25.51605520661405,-21.669719445959664,-23.966507869864277,-25.631990352347607,-25.760248911641963,-25.706278589006526,-26.80357900010131,-27.85604232572467,6
091617.16+125828.1,1.4114,-24.33019571095656,-24.61333434726264,-24.928110027877317,-25.10665917649873,-25.313760074971896,-22.45615728583098,-23.903901305149144,-25.84056354844636,-26.101982575267755,-26.06254803759165,-26.550348760696693,-27.4036750857129,6
091621.04+211433.0,0.880509,-22.50386677126041,-22.788475122646027,-23.241065926765398,-23.411046919788475,-23.753767535555657,-19.067250234020403,-22.32836298581582,-24.218416997148097,-24.65676304543128,-25.179816185200565,-25.38877292197448,-26.145801827043737,6
091638.02+183815.2,0.970502,-24.745376379709445,-24.883137856702916,-25.2307676778286,-25.42288863079333,-25.51286421916478,-23.563641656653907,-24.82121285336896,-25.768200434493373,-25.637610485501977,-25.862921917370453,-26.37172138794599,-27.283512197118537,6
091640.11+341040.0,1.059,-23.84588674738303,-24.223873888767507,-24.69033937105701,-24.91403504777764,-25.20360635637661,-21.141895680400346,-23.434450714505164,-25.607605256947384,-25.959447455240664,-25.80479952815526,-26.545738701379555,-27.33133823916817,6
091832.37+243919.3,1.06793,-23.728552504220072,-23.902789579111264,-24.23868804602757,-24.366647246732207,-24.57810191291867,-20.56314134391765,-23.592571036188595,-25.205151633195555,-25.157389000038144,-25.68489905772459,-25.614297832229383,-26.26318277958153,6
091837.67+501031.0,1.007244,-23.84444562496669,-23.97175925202194,-24.301822990034157,-24.40747408058277,-24.6057917953376,-22.291777239447825,-23.770416666154876,-25.16267163116888,-25.343074199742112,-25.16872125249374,-25.94892137612421,-26.770457643485187,6
091853.78+621710.8,1.3126,-24.71793977467006,-24.91986720528253,-25.20210978860836,-25.290206025667,-25.53722131224526,-22.592015442218244,-24.51060843014381,-25.426132218079648,-25.607484084943863,-26.15973265263972,-26.561629951736915,-27.52658364214957,6
091901.52+425435.9,1.732794,-25.7327093563606,-26.102953153500607,-26.279667151467077,-26.4079489907697,-26.67462468371938,-24.055379477538445,-25.123106079824588,-26.75004762076288,-27.329551599205363,-27.21217405101829,-27.57866384003741,-28.50471609821641,6
091920.57+575452.9,1.533,-24.676874436641693,-24.886416550158955,-25.185016814075063,-25.356699389147867,-25.636370854616217,-21.804681140545902,-24.559942654163525,-25.532422068356407,-26.109153548204038,-25.95378511270989,-26.651752082970877,-27.582708950768097,6
091921.56+504855.4,0.921566,-23.677353710277053,-24.000520752873985,-24.312313297025582,-24.47518233214626,-24.701651413663427,-22.027537473281257,-23.62566043026634,-25.24582628993016,-25.197638039478026,-25.86778138436395,-25.785200639358237,-26.471242578755824,6
092011.33+495403.9,1.696471,-25.105631918096112,-25.75150585311405,-26.113396874822254,-26.136053624719946,-26.39501598925996,-21.990439792825008,-23.519437104137708,-26.643143713857768,-26.82366815897617,-26.74350744311186,-27.448369309094435,-28.452670735403675,6
092311.06+450918.8,1.106,-24.044726299564086,-24.431891296995573,-24.896384082804826,-25.1480951360186,-25.34989285096506,-20.548513454441743,-23.48157228992962,-25.636732462256543,-25.544595005149343,-25.92032362594547,-26.14988118813936,-27.002510699027425,6
092312.84+460243.0,0.736813,-23.016201773944548,-23.506435850733475,-23.770809254853965,-23.943264184615177,-24.21118419412924,-22.33673066704338,-22.82193078994769,-24.7622724198671,-24.94857413444212,-24.98736246260188,-25.60190095322553,-26.322525280290577,6
092430.02+182257.8,0.958905,-23.28295776461041,-23.44043604665716,-23.85367351860352,-24.27156356003439,-24.56550330531502,-21.422775543278824,-22.95247752361492,-24.69232004367137,-25.214540789637585,-25.572394175767908,-25.739476468635203,-26.56966987301276,6
092443.47+595406.8,0.896994,-23.378952111963343,-23.731284693818555,-24.176603528763657,-24.335088317278245,-24.615583272549834,-20.78345318150534,-22.5642744851554,-24.958755984102947,-25.0678937316916,-25.75081947885344,-25.46681408743604,-26.32264491128116,6
092503.76+582959.0,1.039,-24.17251769258452,-24.329017183579648,-24.63341320908811,-24.800788750306555,-25.10339467211961,-21.77085481713147,-23.77776657631331,-25.087704184483997,-25.29817920160148,-25.328535357646597,-26.33337215621253,-27.326582741404625,6
092516.25+655955.5,0.7607,-22.80775314874776,-22.98344588779452,-23.34135140024233,-23.61566299587956,-23.783067050164323,-20.497769269287435,-22.194061032924115,-23.999264475967014,-24.841780875638182,-25.14277614459744,-25.29373319062074,-26.140421382594557,6
092537.64+102115.3,1.151573,-24.750084519688297,-24.9179301977224,-25.25916898385315,-25.451943756346797,-25.61205479871537,-23.36643772250169,-24.654421712483227,-25.89134927376569,-26.205975796713428,-26.231768222384787,-26.62103757007212,-27.529999654614656,6
092542.32+344108.6,1.067897,-25.67440394758563,-25.822723507259813,-26.15097480660398,-26.322102272588296,-26.688738041992053,-24.312003755309885,-25.51905547664757,-26.90900024179105,-26.85377399820705,-27.18114670715903,-27.78163654223212,-28.645236453600443,6
092549.95+165812.2,1.547606,-25.38440878918281,-25.64883704421297,-26.04994811222261,-26.22176255984531,-26.58474546295324,-21.999370042317462,-24.895242361741765,-27.044213040911885,-27.49290936675844,-27.50044403790551,-28.08936737344109,-28.991019261336117,6
092641.49+071422.2,1.932,-24.672025446452917,-25.184802141090984,-25.65230009711635,-25.788532015390125,-26.09098503582614,-22.15160052172883,-23.95730157076085,-26.671922825193388,-26.890484909524908,-26.837039306373423,-27.114096643371205,-28.09912731649573,6
092712.31+124458.9,1.2777,-25.164917148487,-25.680554587345007,-25.966474157743,-26.192811135774612,-26.4350877007859,-22.57985952922037,-24.52297028648308,-26.919514433755488,-26.952234007552804,-27.242236282443297,-27.68798484373841,-28.650446901316947,6
092718.38+211357.3,1.86,-24.901591388550305,-25.392810989763127,-25.771993766191944,-25.860490244451608,-26.06980810442749,-23.510417350036736,-23.937240709214223,-26.87645686879187,-26.83256677652384,-26.638125396031345,-27.039220739293263,-27.856787763227537,6
092722.08+433733.1,1.183755,-23.54214511758312,-23.727969610791103,-24.034915164174663,-24.260391926165774,-24.793398279681085,-18.32551314971357,-23.76743028590888,-25.34486060377253,-25.68942046005162,-25.62890798966872,-26.3597529713637,-27.187465502159828,6
092729.89+065504.0,1.081813,-24.4381370446784,-24.61172545164606,-24.98209297613197,-25.1400826956592,-25.386719020967693,-23.304095858174502,-24.32382344107614,-25.684904477904837,-25.432695027856468,-26.31407083865396,-26.166628885232413,-26.88179088061054,6
092736.99+302003.1,1.261782,-24.93923756949607,-25.04596853987197,-25.388044606194548,-25.549587509005796,-25.775137029372814,-23.65674518447001,-24.87272387782119,-25.879963332840557,-25.8302043159921,-26.190756818207785,-26.68136194810433,-27.497213575815834,6
092811.45+540900.7,1.247591,-24.786907743568577,-24.9028108959376,-25.155987226504266,-25.36948647195025,-25.594506933546587,-23.29399932617568,-24.21913535906894,-25.72685239608396,-25.73107889869267,-25.783648243422537,-26.477996264806222,-27.48494431609711,6
092840.54+425506.8,1.684,-24.64348049508466,-24.900865513922135,-25.20492644464466,-25.34579914865773,-25.5340622039136,-22.87023259522386,-23.938601076398346,-25.910296652351573,-26.298210620254466,-26.45958586162977,-26.654677810442674,-27.453114107667336,6
092929.91+071105.9,1.373086,-25.404481150905724,-25.49448363662331,-25.83121219000595,-26.027238236421844,-26.21676564863952,-24.00369396089672,-25.21963297815345,-26.430020002331805,-26.704796460791865,-26.71747804405785,-27.12246317920272,-28.03297648359916,6
092935.11+365126.0,1.113508,-23.816576452006256,-23.974694992899156,-24.34111626413238,-24.509709117658435,-24.73635711164607,-22.617255859978503,-23.33222891718444,-24.996368147415964,-25.77136197144091,-25.61428018831324,-25.97121652486378,-27.025833041937304,6
092942.97+064604.1,1.601,-25.217741072380736,-25.389943418948096,-25.785035180774056,-25.918283050420868,-26.154115727030117,-22.897912112709164,-24.983365766735577,-25.982001269088887,-26.71811371830936,-26.727962315768423,-26.949600006869414,-27.94646781323909,6
093021.86+235329.8,1.17,-25.2395097261676,-25.43639588916914,-25.734469145062462,-25.936777125172064,-26.241036960054547,-24.21036001624809,-25.187223748084985,-26.313269736731737,-26.2678162961096,-26.54734732736978,-27.318648846197345,-28.321526633365583,6
093058.48+232201.4,1.099,-24.10123157631672,-24.560201775854384,-24.90206513761424,-24.993759062294263,-25.29244078687,-21.439624606497976,-23.395442648795623,-25.442583377191863,-25.33743584178356,-25.51340833854521,-26.670962070806496,-27.67019484818725,6
093134.46+445522.2,1.319056,-24.17612023298221,-24.29538815873778,-24.55705854377138,-24.70299784632384,-24.984825183053008,-23.07248791822767,-24.434345320088685,-25.54930066112372,-25.89822193627161,-25.795238639299303,-26.2911936649267,-27.251837940343297,6
093242.12+195424.8,1.647,-25.063435723031404,-25.33399715549729,-25.84582286312425,-26.00412810145859,-26.28037997501997,-21.76542454254516,-24.05219411370444,-26.683182562020228,-27.10485333310095,-27.051115282123508,-27.36013634921105,-28.2987398742372,6
093412.31+445200.7,0.878571,-23.5117873480734,-23.701110821462443,-24.039801216489128,-24.184725210665857,-24.33837018570598,-23.005777522699344,-23.580909767601213,-24.71292861827124,-25.23749886503555,-25.164998818979623,-25.819194857831206,-26.64950842856189,6
093446.81+271123.8,1.471039,-24.703275985526812,-24.87898568004877,-25.205404648325544,-25.391859984823974,-25.63831433546186,-23.301335750171045,-24.439117799764936,-26.00089391002228,-26.41612942372388,-26.370050980029703,-26.70530473828014,-27.53738870659055,6
093511.06+210312.0,0.774322,-24.04334342202887,-24.363087338436227,-24.68740677609072,-24.83197306443384,-25.01209359678512,-21.77764044419788,-23.291455579561976,-25.100540473079345,-25.4765568942952,-25.6342784736388,-26.44724914575807,-27.40150574645148,6
093514.71+033545.7,1.831816,-25.798819860117963,-26.01277713642452,-26.32938027100869,-26.493334419146017,-26.829090311645626,-22.61406675700632,-24.796697286162647,-27.401715245295165,-27.555884252984495,-27.727476230634267,-27.99560425074992,-28.877725934666167,6
093517.15+435208.1,1.368749,-23.92019370121993,-24.20335584166436,-24.52096820778597,-24.8141515821474,-25.12421671804829,-21.23370126291837,-23.68246656477541,-25.528503511487997,-25.98625753914196,-25.92759653479501,-26.350710852034744,-27.2714410884846,6
093725.57+284612.5,1.76,-24.08621917477399,-24.60144036598028,-25.14864203639413,-25.327321754204267,-25.632568036615694,-22.17995790164284,-23.650471863433552,-25.984404075277084,-26.87965969767692,-26.085371415948003,-26.94091686339589,-28.006907818768028,6
093809.53+450420.5,1.549,-25.16709971305184,-25.32386498762781,-25.646719361831167,-25.73928939037286,-26.04661138755431,-23.06449003480192,-24.194368085883475,-26.192755606463614,-26.63845992248277,-26.70664521222581,-27.17085173052512,-28.04687972632243,6
093855.25+290224.1,0.708679,-23.054630898622563,-23.45616831436728,-23.793145135514923,-24.028901906482258,-24.37213297574447,-21.496149732846828,-22.88439473161829,-24.790723651874327,-24.85916534398588,-24.950181598859714,-25.69333049672012,-26.416395621342502,6
093905.28+411657.6,0.83346,-23.974835438948435,-24.08233366053658,-24.402450895101808,-24.51426631877853,-24.617632732731742,-22.47328904575077,-23.547913659531428,-24.78690765792041,-25.254423960184248,-24.97134537874432,-25.90487248501979,-26.767483811673237,6
093934.94+130941.8,1.797,-24.92529385755502,-25.17338962525936,-25.554135705921137,-25.705031237654453,-25.92453136370775,-22.470362993791696,-23.89200705508729,-26.26294753629484,-26.518971526207427,-26.757498330181487,-26.86689701326472,-27.937674160813994,6
093943.57+353042.2,1.475617,-23.909937342373706,-24.184971336819338,-24.464762991305506,-24.56597181200056,-24.79842720844676,-20.59462887086686,-23.97729898497775,-25.313996823541917,-25.90339120729246,-25.777855375479025,-25.96689736047306,-26.972824177635346,6
093945.61+511327.1,1.939,-25.27056827820394,-25.729328444926825,-26.081607344928987,-26.173224175638243,-26.45504640235213,-22.146703688054394,-24.261895679909028,-26.87967226965979,-26.9977285634362,-27.00776347751024,-27.500099792898567,-28.311415219476167,6
094016.02+025853.8,1.1285,-24.20984911949876,-24.347771828564625,-24.762765762842363,-25.017085364141558,-25.26923134813069,-22.858719646613444,-24.04784321294229,-25.741806678328636,-25.479748034372403,-25.93449494340641,-26.17690539015189,-26.944013809682215,6
094021.12+033144.7,1.296752,-25.81954352525188,-26.25606122847279,-26.563835514099125,-26.687769501602872,-26.931710242171444,-23.47810999303721,-25.281899259965325,-27.17278601782102,-27.212957068559,-27.404685101212223,-27.95199913912224,-28.88644151951782,6
094028.23+592201.8,0.929482,-24.205802684246848,-24.62868607410321,-25.00504956721872,-25.17137911195809,-25.45651054112138,-22.244481538697176,-23.382893025439174,-25.74717741932877,-25.521527930424483,-25.74033445810485,-26.80993644831194,-27.755869124695487,6
094058.13+555325.0,1.502,-25.599739383488888,-25.728629754045656,-26.00162833044079,-26.191751030717608,-26.5033691434878,-22.699492930435465,-25.421579675876053,-26.671096697967744,-26.996276329345434,-27.130854189529387,-27.49214469499152,-28.36419885594819,6
094102.19+232622.7,1.677505,-25.324384172416103,-25.554837652869438,-25.874101775362018,-26.00870409880089,-26.225696758170496,-23.670678128123157,-24.959814303479163,-26.50767978520588,-26.45647191500108,-26.792331921561637,-27.292865447990767,-28.290297451962527,6
094113.67+520854.6,1.40644,-24.319151324863792,-24.426754139992237,-24.66606930630325,-24.824132430911884,-25.076317525713304,-22.61083699927317,-24.334402425617075,-24.847355895099582,-26.018437922969262,-25.832975379478533,-25.9602042595921,-26.878343067094445,6
094134.71+340052.6,1.564453,-24.71611377720589,-24.883389366873104,-25.21181922190022,-25.336998615421955,-25.648336857972552,-23.24757766093144,-24.34197369531677,-25.907414105541783,-26.344850474503986,-26.53708353401903,-26.69463121794595,-27.55377529763248,6
094246.41+540321.7,1.168051,-24.21793850130024,-24.43111827013287,-24.77153737676321,-24.94949602569953,-25.265324364112,-23.35177344193989,-24.42992866874407,-25.40590391838036,-26.28707811828504,-25.97974086358688,-26.72555891943424,-27.563723121901056,6
094406.51+231447.1,1.08044,-23.56975570847082,-23.766510785509244,-24.09344116874363,-24.224783657196987,-24.41730636295085,-20.83292433158597,-23.47515327183097,-25.028711639736123,-25.48199948244303,-25.193011660410363,-25.79961459988069,-26.60243924635849,6
094419.44+600526.1,1.36,-25.06132297111397,-25.394613729160163,-25.699213941553527,-25.804328188182108,-26.015029575010896,-24.12214949458722,-25.22755088642884,-26.162228616683777,-26.439975249422243,-26.475932572551557,-27.426314890580592,-28.4967574718783,6
094509.16+195410.1,1.426832,-24.555373662681315,-24.789199183614063,-25.15505939746636,-25.341608107121772,-25.58720744409076,-20.547074061474905,-23.76795038070881,-26.14936026802795,-26.19810089334301,-26.436896406858494,-26.49256074994585,-27.41025740786432,6
094519.74+212622.2,1.275942,-25.01513347402031,-25.12260351299896,-25.34830499017514,-25.481339580861203,-25.707384139115504,-23.8454576294784,-25.03347580894041,-25.924599046330886,-25.85673071878863,-26.19907366956052,-26.932367348104123,-27.900723453258983,6
094529.18+255501.7,2.231363,-23.48871344346942,-23.43467221345966,-23.88127808606912,-24.04617371857321,-24.04439563516477,-20.72124834088354,-22.645616411408444,-26.766632877293656,-26.777954315149262,-27.05902793574764,-25.277330056273307,-26.064123656234827,6
094540.03+533219.7,0.779959,-23.987401401353114,-24.080961260517924,-24.391987364935304,-24.629008930734287,-24.694869598564157,-23.042120594481137,-23.225209324462966,-24.70677426391145,-25.28197437264144,-25.37380067045069,-25.809628927330937,-26.70161807153317,6
094558.23+560950.7,1.371491,-24.18370776656236,-24.38141704506272,-24.79584539828372,-24.9570454253844,-25.285147377635337,-22.72782070122908,-24.198830862265176,-25.61915757856408,-25.831062102823903,-26.022113355900355,-26.5923460196186,-27.441211651887254,6
094706.16+390223.9,1.555627,-24.761426368560976,-24.95755596609992,-25.200110208412735,-25.300059402048,-25.58177691719913,-22.395534545631357,-24.405649075725417,-25.95820954676373,-26.29072067202713,-26.428393842272808,-26.6850174643097,-27.57519142195317,6
094728.97+405450.2,1.280158,-23.873672162900984,-24.139711132469483,-24.497308412552396,-24.7291713618302,-24.96551550901748,-21.91889373831945,-24.27331882369871,-25.803023209629146,-26.074981260901623,-25.974064654288544,-26.57856568387292,-27.462767833664586,6
094855.33+403944.6,1.25,-24.783021650750715,-24.75302103479088,-25.069212192647736,-25.29040858896375,-25.53152190124584,-23.303015017794653,-24.7564489992498,-25.75018100159534,-25.80707095529917,-26.28792714947264,-26.493563073279457,-27.26518329345697,6
094913.05+175155.9,1.675,-25.133089164623627,-25.43999369766127,-25.776806804380605,-25.917328239447134,-26.18127791478917,-22.989003611224582,-24.79430020676912,-26.51762155739498,-26.713054719282248,-26.722210085627506,-27.374358135488663,-28.41017781810304,6
094941.10+295519.2,1.223448,-25.893367336381388,-26.220990851822076,-26.634334391919097,-26.80067459598309,-27.05933017124993,-23.80619124293388,-25.465524027005493,-27.318325884716607,-27.295880251984787,-27.588317848871547,-28.25239396582731,-29.220901008268083,6
094944.99+652029.1,1.8219,-24.681058879595746,-25.00708613244355,-25.43550746127016,-25.72354182479483,-25.82466141798545,-19.73037685211593,-22.886560044320788,-26.362817221500237,-26.62777865792615,-26.781799560005997,-26.89042522017796,-27.85154590887796,6
095040.96+453512.2,1.039,-24.85210085426032,-24.99723166412109,-25.266100641130866,-25.35214860133876,-25.471610745060524,-22.47742541548885,-24.689877528458247,-25.41268009304888,-25.564774920962385,-26.122275118786675,-26.581866133353756,-27.61345516553016,6
095216.52+204316.5,1.430298,-25.3640913326764,-25.537987495113036,-25.801127754497895,-25.92657488442521,-26.165020932073038,-21.77182089185848,-24.66691055553289,-26.431382505053097,-26.73677714233049,-26.73183775508469,-27.242390867555613,-28.20874038583135,6
095228.45+062810.5,1.362923,-24.45918320324256,-24.59434936011776,-25.00775583930795,-25.125691944354223,-25.30045778973145,-22.34681790693805,-23.750818788420275,-25.68250546255715,-26.003331284908032,-26.17519050004501,-26.53272408820523,-27.3605987602795,6
095253.80+075040.2,1.452698,-24.84385876800756,-25.13409363399396,-25.39696977268769,-25.462357214482225,-25.583169743687534,-22.25153156554535,-24.344380834363573,-25.809393356815765,-26.07596963906296,-26.66074273772311,-26.84007671170578,-27.838815235610635,6
095310.73+144141.1,1.0143,-23.668025503675977,-23.880818578969105,-24.32854261312755,-24.580191179047624,-24.83426377298051,-22.244505329786872,-23.524235221968755,-24.87549056514446,-25.495986463934923,-25.473442348120027,-26.294868300252315,-27.1079091806565,6
095331.65+391729.7,0.920885,-24.805867358187378,-25.045664213142032,-25.46247726677197,-25.693509714736425,-25.964989129755025,-24.03410218169215,-24.699238656593543,-26.053718118477416,-26.028403538414874,-26.525004945460243,-26.97988191493513,-27.78374289814577,6
095355.09+135512.5,1.522,-24.01045681864009,-24.3053227264713,-24.860680267719093,-25.13818885300301,-25.494454170976702,-21.00245008262302,-22.8520409972573,-25.7714511850525,-26.497046254304514,-26.45287223993297,-26.701098018661355,-27.50590854928189,6
095403.14+372826.2,1.012998,-23.61351312874952,-23.690648912136268,-23.957026909121225,-24.06678672699659,-24.214661560097056,-21.09341948896181,-22.71113150241842,-24.44373326416652,-25.25459362715001,-25.527667603607437,-25.50282494190546,-26.35194607074856,6
095416.92+175116.5,1.290496,-24.4818210267831,-24.6454196965108,-24.85929105103545,-25.047183707011904,-25.27460881293753,-22.88665165925648,-24.212151734226637,-25.64546679678604,-25.732385259345435,-25.9235106733239,-26.58280817202797,-27.36080732508239,6
095451.87+015132.9,1.110847,-24.66537797248075,-24.886003907081736,-25.244524688854643,-25.318417812684903,-25.43033372465056,-24.03364920165857,-25.02403091948384,-25.76616490307221,-25.78652135193795,-25.818800053287077,-26.64502427895834,-27.614682957692352,6
095713.67+361102.2,1.551963,-24.363877097042668,-24.51022713329855,-24.820730804870188,-24.965297376624346,-25.28211688331683,-22.96067010605446,-24.185169509346995,-25.476587941390395,-26.173839478437085,-26.24535582841027,-26.258321171671927,-27.208278085320497,6
095716.36+695424.5,1.0842,-24.53198239782545,-24.77263261530537,-25.09550866803997,-25.26904286633056,-25.52594895749105,-23.222151130032177,-24.2442579400911,-25.744281879564568,-25.77888224254791,-25.98740355681325,-26.716330709375818,-27.691227759942336,6
095746.75+565800.7,1.575,-25.272832595172236,-25.610267936386368,-25.92692983732359,-26.048485698369475,-26.274524673584047,-23.245490688359297,-24.81904491212638,-26.513848505795483,-26.901535580480655,-26.9387666175739,-27.22984512642966,-28.23011369935677,6
095802.00+504531.9,0.746,-24.40877688249329,-24.45139082170072,-24.73467198344788,-24.79906132015297,-24.835045965984687,-22.43055641765212,-23.92190175402176,-24.744869067148507,-25.14397062523416,-25.25342627192494,-25.99534693484678,-26.938036180906845,6
095807.82+235858.2,1.292082,-24.7688207641887,-24.90848153180628,-25.17749032260181,-25.34339562026964,-25.55025996281587,-23.483625901082927,-24.82686152071789,-26.04826892767965,-26.01417262551712,-26.21626135329066,-26.354354296490587,-27.308599646444144,6
095826.76+220112.1,1.358282,-24.31100386516013,-24.347052118146525,-24.666637662251613,-24.72765374387461,-24.91997133337082,-22.705200495120767,-24.153572010075308,-25.017433628546083,-25.905716578900577,-25.99625236811617,-25.778371116770085,-26.707000043173977,6
095837.58+555053.1,1.035148,-24.644471142299096,-24.75506914647151,-25.102459627508853,-25.219395049553057,-25.326313218395907,-22.627279398893595,-24.12731732302157,-25.46384643738588,-25.649507020728738,-26.10968749914792,-26.440438886194745,-27.403069502583385,6
095837.83+141221.2,0.9478,-23.57543591003423,-23.75332621151856,-24.068711072999225,-24.21127279538356,-24.29067602954801,-22.495505377829225,-23.71853155754839,-24.858992878825468,-24.76946623259717,-24.877628800469225,-25.3490119511025,-26.179871337904363,6
095847.88+690532.7,1.2882,-25.03048848162812,-25.23323236836086,-25.62828702888925,-25.923491069360477,-26.1885070889572,-22.39936516906089,-24.62418909246472,-26.35141876212588,-26.66567155189156,-26.65451239945447,-27.229903948402445,-28.16576409122099,6
095855.94+331617.5,1.192,-24.344956512436145,-24.517301128466467,-24.80128918704053,-24.96269480624952,-25.227074422880637,-22.59752734420404,-24.16666791372582,-25.3862672690492,-25.86677814946508,-26.099529728637,-26.50010915584401,-27.2972635809425,6
095906.96+050958.9,0.995883,-23.926405810248767,-24.052364621593973,-24.448406606817947,-24.689197033800088,-24.90584352665796,-23.242938982215872,-24.09803290253324,-25.254975021879638,-25.30774198574115,-26.167383074202924,-25.88706452843891,-26.507981664065085,6
095955.09+262742.9,1.242841,-24.331671349542983,-24.60519936796465,-24.900690984330428,-25.1181548485358,-25.3995376755098,-22.063860978857136,-23.80964558930983,-25.81980217843301,-25.935138081936287,-26.135571519836763,-26.6293473297104,-27.59977654205235,6
100021.81+395105.4,1.486715,-24.922348325604112,-25.12940941998756,-25.440990254537645,-25.591660008504835,-25.841427189286563,-23.061595205976325,-24.656358630865707,-25.956702193874182,-26.54454257736081,-26.682068970524497,-26.67984217474817,-27.58291945005168,6
100023.48+124705.4,1.686566,-24.836516644162455,-25.255219676956404,-25.66979393790352,-25.81463725469212,-26.11182910680076,-23.788829160092085,-24.559130983221063,-26.31876670564362,-26.640128496522,-26.6402893482409,-27.222804901057582,-28.21459527462235,6
100051.26+351502.2,1.544,-25.29533246578068,-25.41882260210907,-25.5891213276134,-25.671256994944077,-25.86797756112544,-22.79996883101511,-24.556054472597747,-26.12874287331277,-26.345591241093476,-26.640204595741416,-26.90286796053817,-27.858832583880226,6
100151.34+280002.2,1.132,-25.396730889595524,-25.55331419876046,-25.869866544289053,-25.94398653633581,-26.092134589265168,-24.2245562163075,-25.34271704968782,-26.266270161314043,-26.454300900468205,-26.418223856051213,-27.164438976253987,-28.1467040672639,6
100212.63+520800.2,1.618034,-24.43757804080976,-24.696491461741783,-25.021686963135927,-25.10334229940473,-25.4632325653643,-22.67899234180919,-24.27874480466893,-26.105732927449925,-26.284688617833957,-26.022957098975464,-26.41158363506821,-27.291594667150157,6
100218.86+691457.0,1.4647,-23.858601135903083,-24.13794369066409,-24.519363232727198,-24.818884471081734,-25.01941979167506,-22.009279517412587,-23.3784673267923,-25.361966106270607,-25.97196514163419,-26.204443625139746,-26.395597521812157,-27.283376887452977,6
100246.85+002103.9,2.1741,-25.03536955223177,-25.086887625397708,-25.4453295822522,-25.57220482245968,-25.776619806069927,-23.39249764191439,-24.17200244796807,-26.210584863412357,-26.59089230836444,-26.900819188044117,-26.613308520781366,-27.542924983545404,6
100310.66+630840.6,1.582603,-24.34387283444792,-24.812444852774707,-25.262362736005297,-25.43736282497612,-25.6817672864757,-22.60676132170317,-23.98635326957996,-25.921626964906075,-26.08023653704739,-26.18510978231533,-26.97691948025432,-27.940096468655103,6
100322.68+175402.4,0.979126,-23.985824141783333,-24.005638859622376,-24.256166978573287,-24.45213815489641,-24.75583427311281,-19.92786601144833,-23.446266417476984,-25.0169268804748,-25.6337706662666,-25.258761100300525,-26.13053709247953,-27.0615453719062,6
100334.72+050232.0,1.494581,-25.80094804401164,-25.71797543742499,-26.235281934605027,-26.351055122525587,-26.574227784757284,-24.095023123065907,-25.422283892271384,-26.72351244522986,-26.90201898494975,-27.08813386746155,-27.685755004376908,-28.627867611157463,6
100336.44+224028.4,0.885814,-23.64212739653223,-23.84124738042647,-24.26468245349754,-24.45435307256228,-24.71611933403292,-22.33638734451263,-22.97054372908969,-25.08531088976706,-25.83794624622959,-25.250593477124507,-26.265183740718864,-27.177098674909423,6
100336.65+460550.7,1.66842,-24.58097148557428,-24.86318515295008,-25.15069788731658,-25.295220851664148,-25.485261794733304,-20.900532455869683,-24.22398224800968,-25.88029576202677,-26.35031662272145,-26.00357587470732,-26.356341044931067,-27.246553947413933,6
100401.27+423123.1,1.664,-25.72760391159961,-26.007794789986523,-26.229305020911788,-26.27860953774148,-26.51727716142453,-24.182451433180677,-24.5692555694296,-26.86025792237328,-26.93137141933538,-26.960927936261506,-27.398369394501973,-28.447051721269997,6
100438.66+044939.5,1.522488,-24.01064033887336,-24.319406134158555,-24.718795212702545,-24.91271871322841,-25.19513145209359,-21.98518562114868,-23.619846791559038,-25.795844935046333,-26.062299114353305,-26.352811444241805,-26.46649715962858,-27.433532515445297,6
100449.84+372143.6,1.685,-25.208571494670775,-25.37471254449831,-25.68654572738734,-25.854162590551606,-26.11396467652128,-23.71864768594998,-24.655880133806225,-26.44069391564356,-26.654329564543367,-26.720901464143758,-27.0659111343423,-28.01468622124483,6
100512.42+335217.4,1.873,-24.522375210354937,-24.728665406242666,-25.10491792749854,-25.340905659225147,-25.56870381427408,-21.634619117591523,-23.626634059602807,-26.430011196421763,-26.32746673456749,-26.347668231394447,-26.54622409085769,-27.44430904497305,6
100517.43+434609.3,2.095439,-25.99321789760092,-26.23380786490789,-26.68794530013979,-26.85839853151516,-27.115881143017425,-23.8631662160984,-24.658141268437745,-27.504793408400836,-27.75072266783989,-28.03109417606657,-28.155721071483697,-29.031437750223624,6
100517.58+094314.9,1.09,-24.389517972195343,-24.829552218604952,-25.159718893723618,-25.27134392271832,-25.554170821914905,-21.899260434549934,-23.633303177645548,-26.04585780197668,-25.901811294278023,-25.70903315664936,-26.51551283999257,-27.361361253120226,6
100535.24+013445.7,1.081,-25.479384802654117,-25.63369119773064,-25.938686788074712,-26.112817941019536,-26.431055497541585,-24.012659831386763,-25.131976086756467,-26.66113772961164,-26.61776586194516,-26.83844280677932,-27.553395116240985,-28.497924357240255,6
100542.55+440724.7,1.093082,-24.29877862736273,-24.543537658524095,-24.93323928882748,-25.11874683030664,-25.45163411849756,-22.348328147678973,-23.9928229233098,-26.02483035656557,-25.93733384183358,-26.16413200762626,-26.38503592199241,-27.294900380438342,6
100620.97+041244.8,1.565,-24.96697883226331,-25.19573425509391,-25.46400858434954,-25.632142234145515,-25.940598425383687,-22.413498073665853,-24.36814596194097,-26.26609943802865,-26.59001958451569,-26.771599869049734,-27.03034445488599,-27.88067938105888,6
100629.13+682126.0,1.0472,-24.034123641723745,-24.42277074707254,-24.93248921777488,-25.11943591958644,-25.39220895143215,-21.59721430180389,-23.9866255716937,-25.96605374324477,-26.421442321388778,-26.328303452944564,-26.715161012229384,-27.460366264203348,6
100638.81+563730.9,1.428953,-24.17029002730399,-24.3805262234989,-24.67506790044067,-24.795545856612662,-25.02455524548217,-20.78681264828388,-24.16454054299434,-25.450247140406688,-25.991865736431752,-25.667994253923386,-26.19965040238977,-27.13603193377102,6
100736.05+363859.6,1.045753,-25.48459713939128,-25.597276424050055,-25.783563277686984,-25.87245896874899,-26.03291945333452,-24.09475137900668,-25.100885304753707,-25.947578358268164,-25.865300756056065,-25.552620864442048,-27.11330283512813,-28.056329668571625,6
100802.37+593200.2,1.711,-25.4294988396248,-25.896153895975942,-26.35484923476085,-26.42687020269369,-26.623361220301547,-21.46061542453712,-24.79777127743428,-26.91385959390033,-27.14220500735334,-27.06971315390403,-27.315891550706223,-28.27509942688018,6
100827.66+210931.1,1.320107,-24.496870819521064,-24.758076688615592,-25.093730605101285,-25.23642960122203,-25.470368292220016,-23.16199793913426,-24.3381982064792,-25.62669815182489,-25.767236360767328,-26.090722583005117,-26.638974258242804,-27.56139436465241,6
100927.44+273215.7,1.519,-25.47430145061345,-25.639879686166243,-25.856203212792423,-25.91127167394581,-26.10392376471731,-23.8519640950576,-25.229573211174024,-25.97399592423169,-26.421055292332767,-26.74701078114757,-26.93334940626505,-27.826927656485637,6
101000.09+183846.0,1.344971,-24.873170416424344,-25.16126792206449,-25.62231381974921,-25.7837276809092,-26.046167494140587,-22.69063000651192,-24.6504212918915,-26.184948552339257,-26.67131707228348,-26.76471400119925,-27.23748865642689,-28.075325615569888,6
101044.19+392707.1,1.228221,-24.473960850303406,-24.978232724147684,-25.432588093087485,-25.43111826849593,-25.56600602561973,-22.585995102741453,-24.187281022722004,-26.021707277809615,-25.716456495867,-26.17313531670463,-26.580249824548808,-27.488503854351677,6
101244.21+563305.7,2.281,-24.525376204838324,-24.71930125578981,-25.13436461872103,-25.25285364713729,-25.51945282753199,-22.51564074562661,-23.57313769066561,-26.19009666820825,-26.199410637159456,-26.83941254729687,-26.45755333340687,-27.36345679453505,6
101330.16+531559.6,1.515848,-26.208016911659595,-26.471417368441045,-26.71823981837331,-26.804847276912728,-27.066086112431755,-24.379119273006577,-25.994842959708897,-27.239732044945967,-27.622024985145664,-27.57177279042608,-28.432909378916086,-29.55098266686925,6
101415.32+310724.8,1.612919,-24.32607573905598,-24.627993964641725,-24.89105401983229,-25.01980975623946,-25.309218519011623,-23.104411534917286,-24.37775076817662,-25.80277471936381,-26.014087011590536,-26.328265861991035,-26.33787770448193,-27.26015816279648,6
101429.57+481938.4,1.571,-25.269685277229136,-25.51288214896691,-25.71817034586579,-25.78113465551695,-26.08282992433079,-22.68065999254898,-24.76730007495853,-26.34169901326028,-26.68156738510021,-26.65811793104678,-26.98257086036404,-27.93398231478953,6
101505.67+360452.6,0.843274,-22.66247370357206,-23.24166606548678,-23.50376824098944,-23.723750625571338,-23.932689230750245,-20.646919521319617,-22.264873314759758,-24.58537177770198,-24.98949462694775,-24.903233423733628,-25.38738468624736,-26.16987772511841,6
101614.97+181504.9,0.9031,-23.9262734970409,-23.9446435705938,-24.150253609706827,-24.38069994373576,-24.611580739644182,-22.75207820603529,-23.82481197720305,-24.438444821479003,-25.29991727320431,-25.347474166033905,-25.81935361011402,-26.62609019241164,6
101623.99+095428.9,1.307181,-25.465626099998,-25.856193269078094,-26.197867455750995,-26.347440629780422,-26.60068761752829,-22.71504596541496,-24.78811446942428,-26.92708246301393,-26.932935994210144,-27.01134443384612,-27.56271649192176,-28.43974614945069,6
101636.41+124959.6,0.469611,-23.1170617146844,-23.21245557628265,-23.45594625902699,-23.54157229027309,-23.7561241293458,-22.821930114576936,-22.98031944185391,-23.852536811118803,-24.24235435373885,-24.430043348666004,-24.80837690881924,-25.79555973938783,6
101637.90+381540.6,1.458125,-24.700061176675582,-24.81398978825486,-25.09914810862233,-25.269673961444177,-25.578265239779448,-22.98219314283941,-24.3019275069148,-26.18045201287491,-26.43095880786672,-26.3351227641674,-26.475443339880307,-27.380629598619425,6
101700.14+154148.0,1.1795,-23.82099986778985,-23.93550086595364,-24.33638601216318,-24.49623765389985,-24.78832501695709,-22.693985104050103,-23.915098864319937,-25.464474320451792,-25.843921912911654,-25.601876744525228,-26.22565826122704,-27.085059738958016,6
101723.03+613627.1,1.517041,-24.009120420595035,-24.316568477916828,-24.567865163456936,-24.674054132649676,-24.90634856592272,-23.18411978255344,-23.95276867591597,-25.8309543563355,-25.768122818625585,-25.735966871575183,-25.983281953881697,-26.96135678431917,6
101737.74+592227.6,0.888725,-23.801264399365884,-23.86579308454747,-24.10729867617373,-24.18346381303724,-24.381266693326435,-22.05746068759888,-23.569730049532573,-24.656513942493287,-25.1590287915981,-25.22066911284119,-25.70217399689304,-26.64885463283451,6
101749.09+293629.2,1.561,-24.54861907200714,-24.752615701060407,-25.03250060468512,-25.22717902183326,-25.500143472388817,-22.646490423044764,-24.23728089215828,-25.891601960013823,-26.152141110870325,-25.88719418130604,-26.862184890020394,-27.92565338669373,6
101751.33+092057.6,1.753,-24.33591796619628,-24.616710094364493,-25.047844406243613,-25.302261550850336,-25.58058926887354,-20.08636343295044,-22.876919772596352,-26.342865987883023,-26.893874554859536,-27.187477557842055,-26.76388648044989,-27.863628578894467,6
101843.44+612448.5,1.043809,-24.89163586951568,-24.951000561812588,-25.21429492274456,-25.25791335024036,-25.46382743239078,-23.815087883352295,-24.85829565769724,-25.567215347277187,-25.52266474208156,-25.52056131634325,-26.58615786604672,-27.57260605149068,6
101903.12+101655.0,1.183,-25.070787459807555,-25.361238239153504,-25.577391359848644,-25.79749397499146,-26.16577279280107,-23.12703143890611,-24.9043430051062,-26.319153146714797,-26.53832919663095,-26.58859721131374,-27.276211516541025,-28.290432789250623,6
101921.62+354036.7,1.557,-25.137606874131198,-25.414637872741164,-25.71871195270113,-25.84827451368324,-26.11112593362985,-22.530344850775947,-24.61484143886927,-26.341135340507588,-26.53101013419257,-26.19624151367558,-27.169297148595877,-28.046338925649064,6
102008.82+460151.8,1.776,-24.54891832497124,-24.97674420798357,-25.42174130072157,-25.55719447581786,-25.805226177991443,-21.624627713008167,-24.06274337209031,-26.2895276250125,-26.40294032918899,-26.499815827920905,-26.599776314432923,-27.577965926628128,6
102035.23+605832.2,1.424,-24.20060257110558,-24.36117738452181,-24.648758218033382,-24.82573453790787,-25.091985942317496,-22.72964374013546,-24.263740638009484,-25.30832886919744,-26.05216742697912,-26.12666734329014,-26.023779058447897,-27.02812848993567,6
102117.47+343721.7,1.406388,-25.071818959072704,-25.17071246191708,-25.481765842523387,-25.58070267491906,-25.8316516086475,-23.369012073695437,-25.027415746048984,-26.080079771410567,-26.1608289486644,-26.378222975073893,-26.75691747381462,-27.56343932099388,6
102237.44+393150.1,0.6032,-23.876555662127394,-24.079594624239927,-24.556538876592064,-24.734938447247703,-25.12843745042421,-23.55086226860253,-23.919058666462085,-25.3126903292094,-25.80325377588726,-26.11977384726025,-26.35720705911819,-27.22025565109203,6
102313.60+635709.2,1.19426,-25.12518297387336,-25.257080203739857,-25.644429317233243,-25.79332312860572,-26.064471561549357,-23.689634447202906,-25.295590313246688,-26.381285492184,-26.397284973374283,-26.884646585348143,-26.9631229541228,-27.664663087272867,6
102338.50+262911.0,1.37,-23.961246994232717,-24.549321179489706,-24.96340973679228,-25.195955833410878,-25.489056691516293,-20.499443246338984,-23.429337337924952,-25.46164106519969,-25.693189402560364,-25.79723543351472,-26.874770653786214,-27.829573482567564,6
102349.38+522151.2,0.956,-25.1190210855097,-25.240120600431293,-25.565945799198136,-25.640055037444046,-25.770647411093307,-21.94939280154377,-25.00084318356964,-25.789105427118617,-25.89279006062171,-26.312119281601014,-26.967908806317507,-27.84530833776347,6
102358.73+494432.5,1.432,-25.41998803790002,-25.68995624851277,-25.981044019834616,-26.14928294734736,-26.475981587327897,-24.394767521274428,-25.3006452975454,-26.655692758048463,-26.71657813042247,-26.809750640097647,-27.5690131059813,-28.54395644553842,6
102547.59+121011.6,1.473,-24.622483530627346,-24.909320944861182,-25.13717973808533,-25.223397107872817,-25.433119618569997,-23.380009982353727,-25.04572077444673,-25.68764759044252,-25.89419233632489,-26.131169790285675,-26.71124251021699,-27.786862727074784,6
102621.07+480009.2,1.17,-24.46079901420396,-24.5921616401444,-24.877272972182794,-25.06156469560984,-25.28442577128124,-22.430086862173425,-24.216998347004598,-25.66582630370182,-25.75242188056271,-25.804758868332065,-26.347437987939863,-27.29015031491449,6
102648.15+295410.9,2.335,-25.147409360915823,-25.274941671165976,-25.61110288114882,-25.717582155896174,-26.09608097266897,-23.08043268455329,-23.865659034627893,-26.40872899706491,-27.26199393629201,-27.305605393344276,-27.241135775210413,-28.058183681226893,6
102721.01+131151.9,0.987,-23.834143196910755,-24.126307268400428,-24.557157702483543,-24.77003155132114,-25.070385013062584,-22.810106135790743,-23.82088488979262,-24.961703245445573,-25.583799550124105,-25.29837112922363,-26.296278075997986,-27.01612438901838,6
102817.47+140421.9,1.663,-24.43421884259612,-24.751233242040108,-25.290657793318395,-25.573777123390947,-25.861255850055517,-21.72999149543044,-23.089454287283413,-26.16002558352552,-26.58633371629271,-26.5562474962402,-26.68879053649639,-27.586857620495497,6
102826.30+104911.3,1.339845,-25.13807534061592,-25.222243223575934,-25.52414742843754,-25.714306469939512,-25.984956779923092,-24.141597883397804,-25.029637498079293,-26.203088167528183,-26.54819197239244,-26.856029018218425,-27.03774711508568,-28.08509784830868,6
102905.69+231150.9,1.540853,-24.356817294756844,-24.623319135107614,-25.01589687073559,-25.20317061645404,-25.359648936416107,-21.730314707531416,-23.770294709817648,-26.03062433116552,-26.50133774932716,-26.331011966018323,-26.911558757643693,-28.002411503948007,6
102919.29+250650.3,1.718,-25.35204365430736,-25.531633462012127,-25.92471149458128,-26.11916792483415,-26.44191362890319,-23.99076715578822,-25.007784993841938,-27.01772422187473,-27.412404213590666,-27.395919254363942,-27.937438597607933,-28.789067725352705,6
102928.63+310623.4,1.064822,-24.65019482454965,-24.76645570395538,-25.060716263094807,-25.20677385369931,-25.50106680143844,-21.74693284127757,-24.256533060127428,-25.104057239404494,-25.66740697174613,-25.82114702138074,-26.621213942087262,-27.49680194811192,6
103000.51+281407.3,1.490368,-24.009630525428275,-24.185436940223735,-24.45945867017724,-24.600913162638783,-24.84570572099894,-21.66199632564989,-23.451488156018,-24.972898532042805,-25.76129594015224,-25.558785029238383,-26.14372726560133,-27.133389859694983,6
103005.10+132531.1,1.887,-25.61744742764218,-26.02343563512721,-26.39141226158964,-26.526305621799725,-26.77082675977294,-22.932020169160456,-24.935129478160995,-27.182282743678165,-27.55319098244306,-27.44576240683984,-27.749451049392277,-28.705625010060537,6
103011.51+254138.8,1.42019,-23.96292630834406,-24.15221436527697,-24.477907556264444,-24.58567702410541,-24.813023753270684,-22.313737240618742,-23.661014365644636,-25.512428884404976,-25.308725309922515,-25.441053216803034,-25.922949641257965,-26.6375439808215,6
103032.23+253105.4,0.87,-24.051683636006366,-24.322436440612307,-24.768181745397683,-25.066820665236232,-25.25480609969789,-20.348064266441053,-22.710181678733694,-25.267870727756858,-25.236547679634427,-25.687099559392248,-26.634834659402053,-27.627512009002174,6
103054.82+121024.8,1.524,-24.768362690425025,-25.01185829079113,-25.32033197715033,-25.46034577244428,-25.738168541507868,-21.33165204123986,-24.08687834427796,-25.93753812775988,-26.15446941994648,-26.109947855190992,-26.654877459561646,-27.62406791075083,6
103057.52+275602.3,0.978,-23.22147615238105,-23.56809881096416,-23.972890212963588,-24.240699089253788,-24.426639757243358,-21.58582934010939,-23.072303891642747,-24.31051734990169,-25.0661605178986,-25.370765867073736,-26.011106938138944,-26.723761659617683,6
103135.98+480914.7,1.360314,-25.34881955127232,-25.725954127200257,-25.92567339514907,-26.090439205210544,-26.35889832149497,-22.787523304074124,-25.127736954470954,-26.41027036475932,-26.677241855035057,-26.63155622007149,-27.678493512300385,-28.66564850110323,6
103402.00+261036.8,1.000949,-23.92969027366608,-24.00295261783457,-24.35622697771202,-24.453450796066218,-24.632680273284,-21.8892197819922,-23.78317525906225,-24.781440971578817,-25.416330601790392,-25.120598107024502,-25.87274656790765,-26.838931152658613,6
103428.96+181533.0,1.5302,-25.766312737133127,-26.164548476658823,-26.449168662352637,-26.64492717357984,-27.03863578872201,-22.66306273401377,-24.77188097725677,-27.504880519395357,-27.79962665328516,-27.84277386077722,-28.077460331935185,-28.88501456064441,6
103444.85+160056.6,0.999,-24.40652604306502,-24.52042939904412,-24.894718206276977,-25.107878659088342,-25.351292247602046,-22.673896401194384,-24.25320291675462,-25.694446460369523,-25.54388175098548,-25.57928151260749,-26.622309263864764,-27.575333067069277,6
103501.06+171311.5,0.7831,-24.092152375919213,-24.269874165548607,-24.61136201632536,-24.902397423333024,-25.02608783910443,-22.65189290293171,-23.81565356602148,-25.04551056076533,-25.53958650599183,-25.28015233957117,-25.966731336892963,-26.87867695681212,6
103520.41+432220.3,1.66044,-24.329225299808463,-24.50045459627268,-24.83808002210744,-24.99843089614501,-25.23941805522715,-21.300639515192422,-23.593392849616176,-25.68399028894861,-26.136713205179134,-26.0262348236416,-26.411524809371308,-27.39414228041456,6
103527.46+495827.7,1.423,-25.37841147489418,-25.62667697193223,-25.923553805070853,-26.096690755961166,-26.3546551226932,-23.00758353822211,-25.29879370889053,-26.607401616697384,-26.89199993393314,-26.71529248949783,-27.232582368928828,-28.28752592217076,6
103533.01+450354.2,1.447224,-24.92598715475401,-25.059667853229957,-25.32665093590174,-25.44868234777517,-25.692016124087637,-22.355685916357352,-24.170766831028786,-25.820368680323774,-26.12243879085959,-25.71244562587476,-26.735038322651345,-27.634036719092947,6
103557.14+223133.7,1.414,-24.56198403813501,-24.617540196000483,-25.04718623898927,-25.230096619068505,-25.47162580370817,-23.054229199964325,-24.344378447886356,-25.888366630983192,-26.162939523491524,-26.29513593062684,-26.5349532511304,-27.424511809481203,6
103600.51+300053.2,1.560855,-24.426550705197347,-24.622424234365827,-24.96090672211241,-25.06983959340622,-25.4024222046481,-21.69124485775676,-23.96241020514621,-25.943803693540524,-26.05194101974938,-26.05115713652122,-26.71847625550776,-27.87121594638348,6
103607.59+005732.6,1.533,-25.041606936322463,-25.30840896498453,-25.5693478972953,-25.6850881328275,-25.962381033218907,-23.084024997805145,-24.80516649370616,-26.14514521055272,-26.20500444460723,-26.481342448143323,-26.820632868519954,-27.69719187125617,6
103617.58+414237.1,2.007,-25.02164950274184,-25.28766428362576,-25.649080957066367,-25.78883440091387,-25.86520388158784,-22.34141406972668,-24.192138985089187,-26.31358370536113,-26.634468809653207,-26.69216862853557,-26.977382291930315,-27.97059258123216,6
103640.74+565126.0,1.265491,-25.003775550746987,-25.271825416342075,-25.71745472211531,-25.84041381104092,-26.088079863031364,-23.521199135282448,-24.85330164195968,-26.305090615700923,-26.61440357131773,-26.65694108671469,-27.286724060865065,-28.232749701086146,6
103647.59+552239.7,0.903979,-24.19774545239681,-24.30403775454669,-24.550197427941928,-24.700911518986604,-24.898890700296505,-22.668375378682477,-23.8172909493588,-25.065463350607494,-25.428058457317803,-25.264008101025865,-26.42546858977971,-27.39196481908192,6
103703.91+230330.3,0.9674,-23.63228385536048,-23.737157379967847,-24.126368795725043,-24.265026361317076,-24.5325409979445,-21.53604177431019,-23.468698052017952,-24.77443703462811,-25.43295225089188,-25.804899033901837,-25.72708734998493,-26.607892077328664,6
103719.75+063025.9,0.886902,-23.23126569451262,-23.59392810531597,-24.0491079031709,-24.319583994192666,-24.8496454538671,-21.548952986387405,-22.898809354172094,-25.07183122229408,-25.392280122301337,-25.79577541700898,-26.00877862605234,-26.84059732310929,6
103724.76+214738.2,1.613,-24.6188231263588,-24.675504277017986,-25.024975741067408,-25.181843158577376,-25.428383942419543,-23.111153716672696,-24.1338587323398,-25.927081412944204,-26.02202577515467,-26.861581362144864,-26.19642053525778,-26.944965405145798,6
103833.10+484152.4,1.757,-24.329780075991785,-24.7398200960604,-25.189121277957028,-25.34991091845853,-25.61137781590986,-23.338561627830483,-24.18004745332301,-26.13893765406465,-26.59624130873513,-26.17762391547677,-26.77804419117232,-27.81726398353028,6
103909.08+313106.9,1.003192,-24.420667164163152,-24.49042089299473,-24.7829983374123,-24.86569489228716,-25.004043088710336,-23.526515999723387,-24.167092208541785,-24.569420428636363,-25.163754004197653,-25.36382317245203,-26.1360534071874,-27.08003532612177,6
104011.33+493122.6,1.197382,-24.47115042929101,-24.69642779055653,-25.06971817551071,-25.30027305052981,-25.62267984105359,-23.365479174980027,-24.30382218829222,-26.068202929141044,-25.825253573550835,-25.98678485018727,-26.78980604042964,-27.7557250354712,6
104118.65+305452.2,1.454,-24.487786283661272,-24.63995180669681,-25.224108532409115,-25.48549497343057,-25.76798674416535,-22.954790680910097,-24.044940859284505,-26.36903289196356,-26.690940469494315,-26.563099091682275,-26.91716631257852,-27.77688748373417,6
104154.63+541152.5,1.644,-23.63167321240368,-24.11121126265088,-24.45589909052921,-24.609398831703317,-24.91474813606522,-21.562392409549776,-22.47415303320804,-25.599555641182505,-25.952025863980413,-26.140647053172152,-26.14150064084165,-27.1343132865827,6
104157.93+473329.6,1.64154,-25.430894941452788,-25.628779587312145,-25.949453359256765,-26.09583741110665,-26.372782591550475,-22.72217493972592,-24.478776149846485,-26.595012194558095,-26.74140891641613,-27.031325952988823,-27.19083412819832,-28.06605722429889,6
104205.62+133736.0,1.091944,-23.96842829060658,-24.227174567995394,-24.60750552720754,-24.851960436105173,-25.174469683824984,-20.27385046825073,-23.38109985925981,-25.40132845963164,-25.64599155561497,-25.732971959927564,-26.605458377124197,-27.431031629459422,6
104216.36+134039.9,1.755,-24.80761498315309,-25.02510619127062,-25.3354856611704,-25.44751677182332,-25.64602658663154,-23.09643519814872,-24.36270771974401,-26.150071990406847,-26.02311120608459,-26.22323278900207,-26.63889854637365,-27.608207298407997,6
104223.06+610702.0,0.958062,-23.915492208939423,-24.126170532340243,-24.49307618978322,-24.64504368343944,-24.77386257543308,-22.287875150682865,-23.81309903646072,-25.42378018104979,-25.48936726824318,-25.8793048814183,-25.70121374555593,-26.62164853916944,6
104231.12+221300.4,1.006,-24.303497826662603,-24.40551650957512,-24.75330762018208,-24.912646500718303,-25.088756123006643,-21.29111423525818,-24.22599550578371,-25.36362467383821,-25.40168390768237,-25.89611275217904,-26.208947546057843,-27.128520034127583,6
104240.11+483403.4,1.037494,-24.26736691657529,-24.462165484949725,-24.789614448097407,-24.936799548432912,-25.16323521509297,-21.762417077560325,-23.576889948203515,-25.464776755484973,-25.543672867535903,-25.80038134598357,-25.930137326141796,-26.794985588510286,6
104244.23+164656.1,0.978063,-25.56507369095531,-25.690283858006023,-26.12191981198265,-26.395794798797187,-26.70931643055904,-23.743951645389004,-25.02423411815129,-26.899168600053176,-26.901308495037924,-27.102554955412547,-27.72135067125724,-28.608938176631646,6
104255.65+575549.9,1.472528,-24.632100904526105,-24.828135000267626,-25.17485746738657,-25.393289238158747,-25.66474596167232,-22.770709045907815,-23.777510078264587,-25.75623148874048,-26.610849378002488,-26.46121028453398,-26.585953592666765,-27.566038161698646,6
104347.26+365922.9,1.828831,-24.575521069072654,-24.969104970433715,-25.40515773843,-25.47910870060681,-25.74410251452401,-22.727199039504665,-23.843204631009336,-26.314860257158283,-26.50419495014397,-26.637719844946435,-26.62939017658735,-27.65816020730044,6
104349.35+474857.0,1.112,-25.01556653875584,-25.113812262647205,-25.42309881871408,-25.55068527255836,-25.7288328480302,-21.226446363490968,-24.12436268348796,-25.98045903313683,-25.81518912258773,-26.253024466145067,-26.35649634668121,-27.36921952517985,6
104513.81-010246.9,0.971,-24.63994606439864,-24.849816775561795,-25.17444268483097,-25.399230810909224,-25.64143609656881,-22.459291251491496,-24.5975225933903,-25.80106310890355,-25.9659056087976,-26.0929497581861,-26.80407237758161,-27.657149246974743,6
104542.17+525112.6,1.058261,-23.665774225785583,-23.882384711492392,-24.35601317287522,-24.60920813617046,-24.939621351476514,-22.724143200758505,-23.506850774243564,-25.428251890806116,-25.63925287556925,-25.670750036831148,-26.12503298583126,-26.949426522244877,6
104549.77+184555.9,0.9889,-23.383519433333475,-23.483422516819804,-23.809822431408705,-23.97647656898933,-24.216382335231827,-22.48117297145791,-23.37906980127163,-24.81296845472112,-24.90579276538381,-24.509090595549257,-25.173690525824,-26.06313609235273,6
104550.84+441815.5,0.92962,-25.10031642046212,-25.29534757859401,-25.58892429204603,-25.750640746349884,-26.052654689199976,-24.29266623975501,-24.861183592589555,-26.123996790043684,-26.254335949841064,-26.48879195793645,-27.232899273915308,-28.104749472498817,6
104556.19+360718.5,1.721,-24.92306732024208,-25.25447935319452,-25.700530274626157,-25.90505621634053,-26.20168551759063,-21.23036344577968,-23.819400051707955,-26.751743724230124,-27.07577154530197,-26.886429249954528,-27.187909192583703,-28.146802011640425,6
104556.86+271759.5,1.128689,-24.16589216963479,-24.448420783253997,-24.85597808920235,-25.05778151869971,-25.33974384868594,-21.57231633971553,-24.07091472574933,-25.52321623380014,-25.962641939472288,-25.95179889912253,-26.668962461228112,-27.386562640639458,6
104637.30+075318.7,1.376483,-24.203373668580745,-24.756181052569776,-25.166144213139788,-25.307044133330493,-25.58075337389314,-21.7865560162331,-24.034851834215456,-25.78836073634253,-26.2214950217221,-26.236163222361068,-26.8143675821633,-27.746232073742387,6
104704.46+170046.3,0.992,-24.27948759384852,-24.40242440004283,-24.76656553394368,-24.862163162020988,-25.16205077937337,-21.307913105272377,-24.333454025086382,-25.35690842720965,-25.14882452538757,-25.34685822585055,-26.24707883851333,-27.19955151762888,6
104810.76+284042.5,0.990392,-25.49770446107092,-25.63989447096879,-25.91375333697898,-26.085834402171063,-26.311261140444454,-22.56340403747538,-25.58704871509156,-26.230322952910768,-26.221961489629404,-26.564150551379345,-27.627814764623277,-28.437198311496186,6
104839.02+234458.8,1.0071,-24.17483127354176,-24.2786851136564,-24.55788537039828,-24.720806817213827,-24.941664244188424,-22.706737784118843,-23.99531123975234,-25.158876976194303,-25.22315470445277,-25.36039048729617,-26.300125165133664,-27.159145706886424,6
104845.83+353110.7,1.01,-24.1289352967412,-24.40928575222314,-24.71438762345123,-24.96037264255436,-25.22545089692364,-22.497139336839737,-23.451092970252343,-25.23568430461072,-25.74437572052564,-26.001197281215013,-26.368765896691173,-27.224033181213017,6
104910.31+143227.1,1.538,-24.43511518176295,-24.6129203272673,-25.04922619629404,-25.23008722360392,-25.499230135593407,-21.7720202895037,-23.67040885047268,-25.76298277114068,-26.57957350068241,-26.497603681094954,-27.05176764298881,-27.97469943363748,6
105031.03+483845.1,1.870683,-24.969420129426904,-25.078454020998063,-25.479377814326,-25.69917923686414,-25.911004702025284,-23.276916325115856,-24.41107615278568,-26.21890847714816,-26.50516794443096,-26.91057239348989,-26.9071403116164,-27.63646318634399,6
105125.72+124746.3,1.282753,-24.750611571015146,-24.961558548904836,-25.22186411233873,-25.33531668593076,-25.67203047766665,-23.47595765699665,-24.70686674677927,-25.941087011628092,-26.15799842692876,-25.98930269707535,-26.76147357523609,-27.669876781883637,6
105129.35+234801.2,1.2743,-24.822232349636888,-24.692831365319137,-25.08611819563936,-25.231196580355647,-25.41746631749717,-21.67739696611976,-23.49470528276253,-25.62339130341452,-25.38469786437673,-25.72753015433668,-26.086385983554624,-26.99387281469056,6
105141.37+523934.2,0.978132,-23.797315942186756,-24.008350228511528,-24.36692737809003,-24.549248059033413,-24.84851797396322,-23.14283955353171,-23.553269226389865,-25.119104735627285,-25.792105996846832,-25.294497118797427,-26.28022780408088,-27.078133947069563,6
105145.97+295540.5,0.977381,-24.562334909176933,-24.654712897585824,-24.871519329449093,-24.90523150805023,-25.05871333472748,-21.50004981493077,-24.402230186582187,-25.175185756537523,-25.156641307851064,-25.73621593825121,-26.28420442809192,-26.976030938324183,6
105210.02+165543.7,1.339359,-26.08792471939687,-26.1134115382744,-26.39221892500068,-26.482704226902595,-26.71178263375964,-24.55744901071096,-25.937353548469268,-26.646467374473445,-26.85012643071348,-26.796884616078973,-27.730755069820344,-28.545916491756795,6
105218.63+141203.5,1.414816,-24.166159222023637,-24.375903744297148,-24.66699999987116,-24.80727023436542,-25.05148864905017,-22.09618770740164,-23.704492625912348,-25.51173608779418,-25.769799376889463,-26.033229336973143,-26.46559560292585,-27.367917622391865,6
105256.96+372831.3,0.997,-24.583314894684374,-24.691269060629576,-24.988646134464517,-25.135932592350397,-25.37742281235064,-23.40595729695016,-24.490103762557656,-25.27073857276412,-25.346791482503143,-25.73553176560579,-26.361424281991496,-27.2591551628948,6
105408.87+042650.4,1.085039,-24.731377653830776,-24.90402377524782,-25.275158567728568,-25.44146589393212,-25.720709121663354,-23.29107052633753,-24.530156347443477,-26.02613138707584,-26.00551046193969,-26.371155746830635,-26.824786110620536,-27.780855192712743,6
105411.78+145120.9,1.08211,-23.46520237698085,-23.696633161461257,-24.125968246517807,-24.379926267358147,-24.627365235835665,-21.563864941928543,-23.5485705156482,-25.343077942471577,-25.261986110596077,-25.53800596506967,-25.63378818459115,-26.48244786366934,6
105421.90+212131.2,1.2573,-24.26073156301096,-24.511205540427436,-24.911414677021416,-25.08130607708634,-25.292458654843525,-22.725038810137303,-24.070537643971143,-25.34299227286952,-26.040285461914404,-26.236179852053574,-26.504673199320912,-27.43625403862577,6
105439.37+362837.7,1.093,-24.368743848677568,-24.442587395284644,-24.802131155467837,-24.880125661000985,-25.075231333538497,-21.01165655923236,-23.77315341139683,-25.368033041024773,-25.78030225728425,-26.0283759331338,-26.19202949062666,-27.14901109726308,6
105546.30+275721.6,1.441201,-23.80612832590847,-23.944133029429,-24.263781724032555,-24.4314695690438,-24.77787054068141,-22.269135030602293,-23.476610032486303,-25.57563041751093,-25.56052930093571,-25.38801975064265,-25.759581124360142,-26.6250215466366,6
105611.27+170827.5,1.335,-23.95564152073576,-24.624576613315732,-25.08575537488551,-25.198358847719696,-25.44001026851508,-20.155694312848087,-22.88913048794292,-25.723103087431497,-26.255867653338463,-26.281046738531156,-26.59291361215549,-27.602795268960048,6
105638.08+494943.3,1.143,-25.411042788318856,-25.5319454564791,-25.84686622375065,-26.006049479508647,-26.18535407512172,-21.29242392156661,-24.49520780963686,-26.345834129485063,-26.366216454428272,-26.531913695300464,-27.44191896184797,-28.496606346542663,6
105647.36+193655.2,1.471,-24.800662023216645,-24.956656353718174,-25.31620084452075,-25.479286820311028,-25.74876819516655,-21.08717817014164,-24.546839038261226,-25.855452736632294,-26.31936612789077,-26.209538363076515,-26.640754720651152,-27.52923309083766,6
105705.15+311907.8,1.329988,-24.061045678921456,-24.24961739811353,-24.79086899860571,-24.99467923610312,-25.31817756345424,-22.497950292060967,-23.561667235378952,-25.851910145925643,-26.04968677976037,-25.81481147206294,-26.499678279674644,-27.201069704127438,6
105722.74+292647.0,1.513848,-24.498842861878284,-24.79084167804513,-25.129175578844592,-25.257185224781992,-25.554975330149624,-22.53011548124757,-24.27397034134961,-26.06464006829444,-26.18099192084883,-26.488244992348967,-26.76978869696597,-27.73608367885317,6
105759.90+422100.6,1.407744,-24.493616977228516,-24.69702025145541,-24.86357062205245,-24.985266102529245,-25.22085104705023,-22.56427220722928,-24.43725519982888,-25.725279368827767,-25.70267429400675,-25.940226208808436,-26.35966711941992,-27.116340293133764,6
105805.09+200341.0,1.275,-24.640657552889984,-24.75803393511046,-25.105488844730573,-25.204021839058843,-25.369510028771494,-22.54135017033052,-24.532214980222665,-25.44756845686344,-25.6145649704732,-26.145722889313507,-26.52031650632461,-27.330576103808724,6
105846.10+142506.6,1.719,-25.292293058272403,-25.443537780879364,-25.786433155980163,-25.90000591258044,-26.167259759996963,-20.684906195826887,-24.206364841107625,-26.582460746510897,-26.96572789806322,-26.825957373753045,-27.31163234579295,-28.31272752512608,6
105904.06+160045.7,1.007278,-23.53722475680828,-24.044569293502725,-24.40758408792876,-24.43998524601657,-24.82175286280151,-19.780284935883053,-23.35001940131592,-25.242854877471064,-25.396123440548983,-25.501096179495327,-26.41158756099557,-27.22951259994792,6
105930.93+403956.6,1.209814,-24.359602407925568,-24.39859682611965,-24.79952546487037,-24.87500584790831,-25.055279391975727,-22.051175670497454,-24.00505799801472,-25.596609850318927,-25.891306483018948,-26.091992601199014,-26.21314909958534,-26.934031821379488,6
105942.85+210043.2,1.3849,-24.727154949652387,-24.83340734948176,-25.153449092493204,-25.28154685943891,-25.463553193444707,-22.78619859205389,-24.329593756066046,-25.570341138676422,-25.85906730070612,-26.27298750505786,-26.1663926381184,-27.136235381798112,6
105956.14+121151.1,0.992708,-24.63254731583329,-24.84091366646309,-25.12588658123082,-25.314644952259084,-25.467863714334623,-23.897784793501568,-24.534405288728426,-25.71551842149232,-25.692890479592823,-25.696803308974857,-26.70383447223392,-27.526029782224565,6
110026.09+230341.8,1.688568,-24.364494267893228,-24.588919263016944,-24.96334820103511,-25.119295800333333,-25.47940193555298,-22.798250794154093,-24.106481435419,-25.91822872944107,-25.9991810965616,-26.3031338487154,-26.630622041130263,-27.56030588093651,6
110039.04+510902.3,1.751,-25.228817422717004,-25.501173658321864,-25.805907824215,-25.87777416586737,-26.168031873494964,-23.108714381120176,-24.341046093291617,-26.629673118316028,-27.00357261849748,-26.804228418144028,-27.31504068616254,-28.17779158390837,6
110044.04+041819.2,1.565129,-25.359459815285064,-25.570877175535923,-25.77389599701512,-25.853743144462676,-26.105293985019472,-22.853963046811742,-24.9268836706612,-26.50478320739068,-26.64306920992015,-26.70207857689991,-26.996407290184685,-27.97218401168873,6
110108.43+515021.9,0.968,-24.092879863946123,-24.30601947186676,-24.758965774967056,-24.95241089690919,-25.197670902577183,-21.59068639601627,-23.87732350936074,-25.328153248129,-25.67214671945807,-25.70427965748229,-26.715516708839026,-27.69967713017355,6
110240.16+394730.1,1.665,-24.637827024956067,-24.92079275420829,-25.299604383182825,-25.436761889996127,-25.71742724510612,-22.432984171387528,-24.44006851918061,-26.093932839390128,-26.155451107388437,-26.230120299488185,-26.858784074267387,-27.799072864236454,6
110557.87+045728.3,0.919,-25.16282189035765,-25.41061118372881,-25.71249147913731,-25.803690844868783,-25.99430358665578,-23.12819307660456,-24.77974919773141,-26.04274439147248,-26.118645577551337,-26.37682138606361,-27.12980837082385,-28.050890524089183,6
110605.65+305108.5,1.637833,-25.33682443305219,-25.48921682523758,-25.929692477966064,-26.10140174526993,-26.271366052067144,-23.047157678809576,-24.43589813883287,-26.79209971929038,-27.22683873045829,-27.336935666231856,-27.567347370175224,-28.376991948869563,6
110628.79+134700.2,1.112316,-24.06971592522372,-24.147080727139496,-24.45530945551087,-24.57005345214372,-24.74042470253436,-20.689305293582336,-24.16317828968014,-24.9479758906595,-25.42237995339646,-25.608611302316216,-25.87871280684168,-26.745412816654223,6
110633.48+320337.0,1.902106,-24.958031811195426,-25.2157962271006,-25.508946083089057,-25.562923698606703,-25.825406964835885,-23.237517364408347,-24.539647484167848,-26.484825817840797,-26.88400068270688,-27.16025499541617,-26.932136245512847,-27.885813545180937,6
110656.48+402537.4,1.094281,-24.477166722012768,-24.59983353433116,-24.86370012763364,-25.002510763253824,-25.2479326269295,-23.345661039193097,-24.37209803194896,-25.46792379155987,-25.877981526223845,-25.857415439493533,-26.32060344912817,-27.13729499722348,6
110719.69+494407.2,0.88078,-23.49482596433775,-23.735461768703704,-24.13380875616715,-24.22442138310605,-24.384025989359422,-21.706849977895,-23.23514230899434,-24.844908407620224,-25.09407257535611,-24.755132359832544,-25.85035722646474,-26.700511320566456,6
110729.03+004811.2,1.393809,-24.952396334212704,-25.182800801355032,-25.58153992251848,-25.770021617432125,-26.00275961509145,-21.316802154997077,-24.879588071426777,-26.43497023390997,-26.281612281384835,-26.508803432627936,-26.962090333976224,-27.866087226143605,6
110901.62-000330.2,1.173441,-24.392447013684937,-24.768240482878408,-25.166287573380867,-25.339298231422664,-25.643031568519813,-21.52454533989403,-24.134368291006385,-25.898098962535805,-25.94756857719543,-26.15327976672476,-26.50956421070424,-27.387546246737752,6
110907.57+414324.6,0.884459,-23.918565216386863,-24.14788114733704,-24.525152166411807,-24.66388481599082,-24.871861606928885,-23.49788894859173,-24.251569920037685,-25.542442516244307,-25.559314405428392,-25.57487227429957,-26.165662613573325,-26.88403982767891,6
110931.16+353025.8,1.007,-24.72616103108693,-24.984229981823628,-25.33768456117139,-25.576459505972547,-25.735372116298223,-19.80937626106589,-23.652721053424493,-25.60631502442717,-25.414788726576337,-25.75926572879089,-26.754530657862123,-27.57078248320317,6
111109.44+614037.1,0.480859,-22.1118197483077,-22.24444005704947,-22.52551857488633,-22.60556972381799,-22.78323273130776,-21.924465330698027,-22.083992556583077,-23.36451178378484,-24.05108421408351,-23.686993229843026,-24.30857723777933,-25.29471648904685,6
111127.43+293319.3,2.178,-25.10439354921589,-25.2524672709183,-25.60958602896798,-25.795949234352285,-26.02257599158161,-23.13297454772673,-23.85224125208671,-26.58657630365272,-26.904122042855064,-27.22653472009706,-27.14139961703557,-28.138993708399408,6
111316.42+091439.0,1.72,-25.436691198304576,-26.17470533043928,-26.49441564872694,-26.53734341024353,-26.75837654650565,-21.74125966088306,-24.404089322282584,-26.921664346382663,-27.159818778770543,-27.393553419430344,-27.83083291409392,-28.744342534256788,6
111322.97+042757.2,1.782177,-24.43032817692448,-24.61274143175453,-25.02470001945442,-25.25170077013916,-25.56765467378825,-22.839241643804773,-23.851640130173607,-26.334816538112666,-26.741393349161264,-26.42334654512468,-26.78289818883068,-27.48508847184898,6
111417.16+130042.9,1.22,-24.82244779783473,-25.24273066295316,-25.480031229348658,-25.61759810562817,-25.848656299966308,-21.85466515743865,-24.50438160946144,-26.06981307553861,-25.99713658279636,-26.032099840757347,-26.481743426353027,-27.43426948778103,6
111445.33+353837.2,1.009754,-23.99915604539714,-24.15251420106543,-24.51863493830812,-24.732736015865942,-24.93986453787877,-22.68737491713208,-23.88118209373525,-25.273693579894477,-25.33760071932297,-25.43206613599595,-26.1802670667665,-27.07020698347201,6
111501.32+231819.0,1.4444,-24.21106115852321,-24.39258257085204,-24.640524794514068,-24.79324240041184,-24.99996719703467,-22.78222193876406,-23.754985721975736,-25.411312735133727,-25.755591800178266,-25.702695823186467,-26.38708720704576,-27.291351372343243,6
111506.79-002255.5,1.353,-24.75475653739757,-24.891301838175007,-25.236817512430044,-25.3598524458445,-25.565333005640632,-21.759328309338752,-24.421509344233197,-25.71928662206071,-25.84447955680804,-25.74040935464594,-26.56819651557776,-27.48518984563332,6
111520.22+250455.1,1.511,-25.3897533482289,-25.514062814347664,-25.77164746435194,-25.86259203820201,-26.13156606520699,-24.03609337279407,-25.50745170862016,-26.01968487359357,-26.25268192396973,-26.6149841702536,-27.10952848885151,-27.968500593289598,6
111549.98+065727.1,1.051029,-25.00326551217363,-25.072946988706423,-25.402642929585426,-25.524898320560123,-25.691128378209072,-23.593367712954237,-24.789873092098937,-25.90964669120489,-25.61134579845565,-26.02212601478333,-26.67411308347164,-27.56679288805577,6
111552.21-004523.5,1.339803,-24.42554512623896,-24.694282364185145,-24.965092145938115,-25.13064641860637,-25.370059844034703,-21.426213555691,-24.249329522371607,-25.487740533695263,-25.45891342916464,-25.95579268516225,-26.51820081317697,-27.50907834477312,6
111603.47+255152.4,1.322716,-24.8098407625434,-24.89953462369079,-25.16932406560869,-25.36821351182797,-25.56355172992854,-22.268053129222743,-24.40690783221159,-25.815444612257384,-26.364022299670037,-26.25392308932945,-26.413336788900214,-27.394531081486324,6
111640.18+490919.9,1.341355,-23.71323174783215,-23.8613122174011,-24.282136104449503,-24.47057295325996,-24.703649730064143,-22.688901582578843,-23.88902527621456,-25.362017774925985,-25.69657029210117,-25.57231466241418,-26.171555328086097,-26.98273522101916,6
111703.34+521212.3,1.69207,-24.41146115033657,-24.65393444092943,-25.013825196960248,-25.189427587247952,-25.49105497839849,-19.90548420741276,-23.72027761411105,-25.670448894532036,-26.076456290420072,-26.33596965046739,-26.24551938318282,-27.164986690234294,6
111721.60+283955.1,1.152,-24.756025247958707,-25.011071061168604,-25.28286789133283,-25.437102416224214,-25.809033578392345,-21.53486412177396,-24.080862825209717,-25.77361466099621,-25.826094592807653,-26.119202916256828,-26.817172456916158,-27.746285107130948,6
111740.34+162915.1,1.47,-24.819291545768447,-25.150816662192497,-25.562098449740017,-25.685396028592496,-25.91895401148341,-23.33162670854453,-24.715273353641297,-26.30607899291908,-26.60134803811129,-26.51750418250883,-27.003071784192123,-28.05728423189929,6
111843.49+274319.6,1.056227,-23.951455815997758,-24.079800416811253,-24.511128297650178,-24.67241733900405,-24.904727332757417,-21.239036482432933,-23.837573572437744,-25.553989784022704,-26.19699168296723,-25.717919606285992,-26.25750510184483,-27.1218068556595,6
111913.26+453654.0,1.424,-25.77481998816443,-26.1479669642683,-26.283488248224337,-26.334774140211696,-26.583035363819107,-22.77258472326725,-25.294582039448564,-26.71911951328387,-26.81758922736768,-27.003278367026876,-27.6800267194695,-28.602670855288206,6
111919.47+190705.5,1.63,-24.84116904259333,-24.935546761697225,-25.252651770197705,-25.416198866051687,-25.66383984258657,-23.4918861020004,-24.653339905330327,-25.805864523849213,-26.61318084958952,-26.526017605852903,-26.7044336439537,-27.69813689264868,6
111938.78+534922.4,1.236519,-24.4458977080208,-24.57421445279893,-24.93620958333365,-25.10507381601056,-25.36781117147732,-21.96945160116543,-24.25948664528961,-26.067092867023945,-26.042964417677645,-26.32945709974636,-26.644287634114143,-27.494725410895636,6
112121.30+604021.7,1.358,-25.2783374397432,-25.510433211024807,-25.84409266139144,-26.02711445116152,-26.24114350630348,-21.98761847078102,-25.223769638141302,-26.44668000159014,-26.726054672872745,-26.503414023893097,-27.13436185635137,-28.12108258985018,6
112155.43+070057.7,1.453102,-23.59131042741949,-23.983101912153604,-24.557276377251124,-24.800206336317544,-25.2324924754901,-21.24466337970169,-23.23918887757604,-25.519736101241293,-26.31749808406937,-26.5013431613697,-26.31924645179697,-27.165441546559045,6
112302.72+300349.2,0.825969,-23.419233744463213,-23.61737404255181,-24.136662956046333,-24.344266688103133,-24.52861432102539,-22.384851091186466,-23.382207270365083,-24.9769467698024,-24.710444562824247,-25.21289080412597,-25.293945824581517,-26.06853185088272,6
112315.17+044353.4,1.67356,-24.01011018005448,-24.321308697976427,-24.78075196797803,-25.014528771362254,-25.389547825711848,-22.779674746909254,-23.555553018829613,-25.98410948881609,-26.71119755217008,-26.518168505924063,-26.442112102699078,-27.242662455913774,6
112325.94-031548.6,1.769382,-25.131625473327485,-25.41814055755535,-25.81383508777417,-25.949015903651187,-26.17132183881628,-23.50318277961331,-24.683225017106498,-26.534470409939665,-26.95287157580532,-26.949895191572963,-27.157766643016643,-28.023786122626515,6
112334.18+335037.1,1.265714,-23.78490854586731,-24.323861300122005,-24.697553842684997,-24.893746515912177,-25.18076933056757,-20.716785029970453,-22.84452243539282,-25.761478624462672,-26.12583682834338,-26.14776883028613,-26.019940460309144,-26.975020323740463,6
112341.88+012057.9,1.253,-25.098935664792997,-25.308634912324223,-25.54323455436964,-25.62493817749,-25.8385930067807,-23.370905834385557,-24.88647653942356,-25.812253871765524,-26.115499929739062,-26.13138009378993,-27.07280941945069,-28.08326559551048,6
112404.62+205222.7,1.4965,-24.268741118661563,-24.44867794638425,-24.736795990584916,-24.89227758104385,-25.188271004647792,-20.553054616420845,-23.31687024103025,-25.622813635500872,-25.87288342842308,-26.18947748533584,-26.283197963425128,-27.30086933906136,6
112433.23+235430.7,0.8439,-23.792954472292504,-23.782123880578197,-24.090148510177897,-24.188620837585475,-24.338019374953284,-22.851188336041247,-23.53643831965052,-24.68159888110259,-25.144931919571167,-25.129255493571197,-25.699740600720432,-26.633435743025977,6
112434.16+322819.3,1.519063,-23.405108803789528,-23.74704335206884,-24.58143295786263,-24.78536174145988,-24.958974960912112,-22.266802258490262,-23.343854802354397,-25.602129687860234,-26.44659854187493,-26.278837197377012,-26.58914042065688,-27.379738320000268,6
112507.36+375119.6,1.247298,-24.421945442665,-24.581828768496592,-24.98574457257911,-25.203885170772573,-25.52231723109217,-23.6629232304124,-24.602605268494983,-26.04787385924564,-26.044527211545457,-26.301566166621747,-26.18648465959908,-27.01303565081845,6
112509.35+041514.1,1.631,-24.26926416057146,-24.59608430661213,-24.99110381767642,-25.1894890423345,-25.427589720827825,-22.646154385808316,-24.309454037290514,-25.74034259086808,-26.130624447944523,-25.930834392011366,-26.765013901853653,-27.86428011152904,6
112613.52+352002.5,1.29,-24.800520376287952,-24.88672213274125,-25.18600796133638,-25.368411447965737,-25.573603522052306,-21.960542889471856,-24.704302213355582,-25.58308087685271,-26.14952620038192,-26.115280780437374,-26.529613778147304,-27.400593342134474,6
112621.25+343628.9,0.603399,-23.47836505350241,-23.6692007436668,-23.95451094236121,-24.01184547688284,-24.181383252366555,-20.94326924055064,-22.498031900101065,-24.47990032176296,-24.31544200250002,-24.70079591751761,-25.17209588569387,-26.02647124688429,6
112627.00+372028.5,1.456285,-24.509814396771247,-24.83713349733531,-25.177343192896004,-25.37326275896554,-25.628198913143308,-23.085142818968777,-24.30079398454668,-26.116783021954223,-26.26305140220453,-26.31722172240076,-26.893942810402148,-27.921553536789016,6
112632.91+120437.3,0.977655,-25.293395837906264,-25.41206152926768,-25.695083602611387,-25.827507675133717,-26.07953944131085,-24.49910100227944,-25.19924142307291,-26.252648445238883,-26.19519586273346,-26.63132256981964,-27.09227936018156,-28.01954046738002,6
112748.48+403144.7,1.689,-24.04330485579317,-24.370184903477305,-24.92275366528046,-25.06686450572776,-25.347848973019868,-22.12694051810911,-23.235834941506702,-26.129367249909784,-26.076132832378207,-26.3881284812568,-26.53100840376764,-27.48914311290101,6
112808.21+462243.4,1.296984,-23.661958047369158,-23.9135466212072,-24.245181498361763,-24.495354906333727,-24.72112212872184,-21.873607930163008,-23.561057365277943,-25.34785121568688,-25.683527007847506,-25.72893115979147,-25.895857383580967,-26.782100053923,6
112817.98+580910.6,1.393,-25.25206395628011,-25.50431559149154,-25.6798091107842,-25.80542440650225,-25.994217857629437,-22.23383821208709,-24.78041279679516,-25.97104039554185,-26.102934454075555,-26.04271960690673,-27.109395636781517,-28.19462421958032,6
112820.34+252229.9,0.557,-22.154191568050347,-22.64138989451225,-23.166768275542303,-23.3042401134149,-23.570760169680973,-21.366214184611447,-21.73078010049076,-23.856628359779396,-24.27033359313589,-24.328000254779298,-24.750313078985748,-25.558583422653967,6
112843.08+462529.2,0.945,-24.64496732406428,-24.756093269722363,-25.12295199400404,-25.30474700049753,-25.502052228680288,-22.883989067833063,-24.502350774509896,-25.58432828275415,-25.540145908221863,-25.835618474651568,-26.472747412081063,-27.34731234603844,6
112918.25+110901.1,1.047268,-25.410647607246474,-25.50347760762116,-25.76569936890003,-25.916614902076635,-26.118773248915076,-23.648958662556687,-25.24907678091005,-26.113957639024186,-26.12442410439519,-26.38300647051425,-27.04021549678032,-27.879851689652536,6
113009.07+533300.6,1.63,-24.10464392916145,-24.68546307458576,-25.137382583080026,-25.201432047790934,-25.40841311027601,-20.157057035620348,-23.720971794084928,-25.78383265744889,-25.765966046055983,-26.075879062632765,-26.63217567735362,-27.618818700115277,6
113025.30+173429.6,0.936054,-25.15776226358369,-25.415047378850907,-25.87959144391114,-26.11452319396892,-26.38417869274586,-23.650260482037854,-25.00562010845364,-26.585944360214928,-26.53044684751029,-26.801870789361736,-27.38604097993532,-28.25358185805792,6
113028.70+140623.7,1.204,-24.546450044685415,-24.887596367976062,-25.1753915531897,-25.29575123062721,-25.491233797044615,-20.73582440121236,-23.961008386363968,-25.767435819979944,-25.64393465915509,-26.322119989870806,-26.77113872420693,-27.82018761988112,6
113111.14+373709.1,0.447798,-22.778964601025077,-23.06020455706209,-23.193547142337756,-23.301786291779795,-23.569322370406297,-22.342354086079208,-22.43337281541201,-23.444438311484674,-24.067658691922343,-24.229131881297427,-24.44209158259369,-25.41986338126681,6
113134.72+521810.3,1.015957,-24.092272487190005,-24.217081918371417,-24.492448733834664,-24.60402692182868,-24.730331570634224,-23.14142992467388,-23.976832545259445,-25.19874913295448,-25.4330251875748,-25.29202059182187,-26.071510083706404,-26.9268894370496,6
113141.29-023523.6,1.250928,-25.15644042077005,-25.29755353780989,-25.57534438392667,-25.71807300643807,-25.955876700071705,-24.316527724117503,-25.657455899647584,-26.24575938496009,-26.36259496734089,-26.653246414412266,-27.24811878175589,-28.162807420462755,6
113235.17+253135.9,0.9085,-23.78639329940879,-23.89007691992589,-24.160184366424144,-24.34703313717338,-24.622660257059703,-22.32038801815864,-23.316108882658213,-25.112169313261354,-25.86873022379797,-25.40952772323645,-26.081715419705155,-26.89566579141032,6
113235.64+340428.3,1.252015,-24.44448655206005,-24.64154849426917,-24.880097452682023,-25.03811490309367,-25.25278066711856,-22.45748595173294,-24.41329984065652,-25.693236518322472,-25.86433280033111,-26.109826101857276,-26.434610076718084,-27.35823583896202,6
113427.80+414722.0,0.819,-23.67259150080794,-24.014453406828927,-24.36485836128361,-24.392917229759117,-24.59314306727433,-22.17343489685345,-23.296652527607076,-24.92332204324754,-25.011500845693323,-25.30288312514734,-25.837746023758104,-26.83386546620285,6
113457.62+255527.9,0.709937,-24.89525555237127,-24.937728584491467,-25.242515539524334,-25.368908085305343,-25.38245636868671,-24.58268732354068,-24.60452246079826,-25.00166649062926,-25.455770634299228,-25.5416722041525,-26.490097873306656,-27.407175351428386,6
113505.16+291741.6,0.99121,-23.667346197721635,-24.00563535541035,-24.41609242323762,-24.5489253332469,-24.77491413116024,-20.590928652286543,-22.99739856024639,-25.321330916913656,-25.6882437236438,-25.571798752824588,-26.078596854353503,-26.77777107696363,6
113615.61-012742.8,1.064981,-24.783249592688765,-24.937700374911145,-25.200702419282937,-25.349383663255864,-25.565802860132106,-23.20884302592396,-24.379825928449023,-25.59623069409687,-25.7494341581138,-25.943190675517624,-26.539367808843476,-27.472814628767704,6
113631.87+015801.0,1.473163,-24.436450720413013,-24.813735196858588,-25.13038212070405,-25.322332919020923,-25.54460859961888,-23.341018681329462,-24.66769204585373,-25.70865406590228,-26.25507916876391,-25.568122348370405,-27.076032379817534,-27.99863058746204,6
113636.78+390004.9,0.79442,-25.29804644590289,-25.518101329967003,-25.924732406220254,-26.193182889462797,-26.385653214210027,-22.1615442902766,-24.578443587468477,-26.619748290190103,-26.60830952780625,-26.863351100182125,-27.156956952679145,-28.02363211223968,6
113642.26+105825.8,1.696642,-24.747459233625204,-25.024884650980272,-25.30098959243141,-25.429105820067797,-25.68407084653415,-22.97591644751063,-23.796407162015228,-26.198797455132247,-26.46113015778061,-26.568770970128178,-26.63945546292021,-27.587312351441465,6
113645.97+560349.4,1.944553,-24.95344799485923,-25.295756733715194,-25.57550103794945,-25.822370809438617,-26.03100040966748,-21.906323460962145,-24.1974129669702,-26.36568287730856,-26.765123675286585,-26.903187371978035,-27.16841914226956,-28.12042719005086,6
113709.49+390723.4,1.026,-24.00757614133408,-24.200362048360667,-24.630584798752704,-24.82536724209518,-25.14173273326657,-20.791547836791363,-23.047827117027172,-25.067559273350533,-25.675823557848428,-25.595801487554937,-26.44817708681224,-27.361903134666,6
113732.53+351101.7,1.409003,-25.05857192789161,-25.251958104470543,-25.4818130030204,-25.56873421768125,-25.84293899068144,-23.21435017619371,-24.769215022788888,-26.09824829926145,-26.34638661651274,-26.51607069612116,-26.861593856921434,-27.75319115222665,6
113732.59+131050.6,1.746,-24.537728840533763,-24.738202186232563,-25.087923939797754,-25.319004841110303,-25.675449203796337,-21.44321949788112,-23.813869132611785,-26.02872464870336,-26.48697755771232,-26.694565449329115,-26.989910630160733,-27.88803505056825,6
113820.35+565652.8,1.93,-24.25199218568264,-24.642542255866665,-25.122527762266056,-25.28565161708632,-25.598444521460102,-22.027648672171782,-23.472450327416784,-26.13840672995452,-26.400303652112623,-26.409328123022348,-26.61088431937424,-27.527219448122064,6
113910.10+373211.4,1.510516,-25.37400150635123,-25.685548700348598,-25.830084270180148,-25.8826838000187,-26.153450846529992,-23.545966306846417,-25.053864781366784,-26.273541338796804,-26.564104624733037,-26.829103094566918,-27.00590621832698,-27.991765338805173,6
114019.74+205853.4,1.796361,-24.13303818230169,-24.66567985297552,-25.126970038255504,-25.264026222846024,-25.626770567760644,-21.3070124109691,-22.830305202182444,-25.990463357255223,-26.98271065164992,-26.77553907667399,-26.95748605546379,-28.141429937295168,6
114107.44+522818.6,1.27,-25.020710626499163,-25.4527316213604,-25.777757703703838,-25.919995722779387,-26.147449556605928,-23.172411699082083,-24.515033874437865,-26.272321528617024,-26.36438450082624,-26.57202369634508,-27.46902592807901,-28.496532285129028,6
114108.27+311227.3,1.658803,-24.815047869964214,-25.179820512523868,-25.442650826081067,-25.50632824703468,-25.68893164347609,-22.521635818645944,-24.651106262091822,-26.134116962192444,-26.047968022827256,-25.83569169395248,-26.660053374897757,-27.62274787052991,6
114212.25+233250.5,1.6,-25.83526137068863,-25.98235266098672,-26.2463815902622,-26.319972873695484,-26.573994542752946,-22.24846474522715,-25.457495662361197,-26.532605521345367,-26.71777592280494,-26.85991834447853,-27.572646187536595,-28.510920250100558,6
114226.31+281707.5,1.638,-25.51636907095649,-25.802786865638893,-26.033804922724748,-26.17930916704865,-26.417768643268147,-24.24278902615053,-25.13228709821198,-26.60880157733009,-26.8794302241151,-27.200382978232597,-27.44937898461673,-28.421016438691208,6
114249.76+250919.4,1.157537,-24.68649175146164,-24.80032400702248,-24.9889123691192,-25.14159780182764,-25.33585182479278,-24.0253519618742,-24.61467019755442,-25.30486285519688,-25.80593752593686,-26.24975119315152,-26.283034526701947,-27.31132776046851,6
114318.08+293602.1,1.237057,-23.5283637096153,-24.00889931433337,-24.450538355612814,-24.80821585734588,-25.112782368631933,-21.63174939680664,-22.78260841847742,-25.115440403278253,-25.953833705204957,-25.541427674364524,-26.43925378101642,-27.39937176795577,6
114338.05+362712.2,1.400372,-23.563545561815072,-23.83215668868508,-24.3748302653283,-24.613626853214207,-24.89903986040021,-21.438310535473114,-23.17452270711159,-25.568593046036117,-25.629606923967227,-25.787233400139847,-26.22732394315551,-26.99516278728089,6
114351.58+153709.2,1.418347,-24.854559633677287,-24.92309521506998,-25.22105918378989,-25.357089268917555,-25.60238505540012,-23.171773605641608,-24.404216635230487,-25.549545546561014,-26.02183473920601,-25.759548877088974,-26.81609807402456,-27.730235052184,6
114354.04+011343.1,1.280621,-25.192687014998285,-25.43730589437867,-25.66222271549709,-25.770753021979445,-26.016522910190897,-23.2449823657246,-24.986230591432207,-26.063912999626037,-26.496262361615848,-26.347307135992192,-27.159868725249943,-27.99557664038113,6
114412.46-013454.6,1.398207,-25.560063717880283,-25.66043432269967,-25.92502409029133,-26.01109877578662,-26.256442913034405,-23.99379240750397,-25.2660126389095,-26.71217477895754,-26.80218719009106,-27.024142835433626,-27.278353585704696,-28.232984002197988,6
114437.85+424452.1,1.468294,-24.248827544881166,-24.392670040937432,-24.87800140943044,-25.005904344176315,-25.243297536796643,-21.801220167259224,-23.72473193711512,-25.354999007246693,-26.36100040848747,-26.18922089957197,-26.60185394644568,-27.469749413201274,6
114506.06+271325.4,1.399359,-24.48052750526293,-24.64853908255851,-24.919877054086868,-25.08109021153213,-25.35356301076544,-22.131160508251675,-24.298131849281265,-25.61554692454348,-25.88540058712028,-25.99013300899156,-26.539815412106087,-27.506286464190108,6
114556.02+205959.8,1.624,-24.38181101899251,-24.666668586086967,-25.11355416444139,-25.380471184601813,-25.65800780560372,-21.854187399106277,-23.98231426849104,-26.044261907588098,-26.19649271690229,-25.73353536541565,-26.7987444088198,-27.640619669645105,6
114600.32+504734.0,1.083684,-23.328140922124867,-23.8138804930837,-24.127958608172584,-24.355502130382938,-24.60563253343985,-19.83720573859018,-22.32699624312079,-25.271124489187088,-25.35425999016244,-25.47941136775659,-26.001476404237916,-26.786950856843525,6
114618.51+101527.7,1.246384,-24.940379626421503,-25.190161583457265,-25.480334021215057,-25.652769920508703,-25.83560172408989,-23.45608201629917,-24.546105845204163,-26.14384319324523,-26.20435227329267,-26.12991547366483,-27.027171090459543,-27.884550051519696,6
114621.04+520049.3,0.974157,-23.78783485812083,-23.99949828191091,-24.360606664402543,-24.5144362852385,-24.73672629183568,-22.396496943727293,-23.24131454953809,-24.990826955396,-25.50957687256952,-25.38434505611553,-26.21414779772735,-27.13949170884015,6
114700.38+620008.0,1.041154,-24.9363394898284,-25.15152138196812,-25.400656206416105,-25.57619398364456,-25.94121176015251,-23.090531123101307,-24.622066593727386,-26.071488742125368,-26.112597852677226,-26.27006940290703,-27.161610720769723,-28.060379813809494,6
114742.64+500001.1,0.908,-24.27681850976855,-24.35785441215956,-24.64058918653916,-24.696140336204028,-24.825534587075783,-22.655748475671277,-24.12857530267801,-24.818795603469663,-25.549339913602964,-25.480754610858444,-26.017048855780462,-26.97273587686785,6
114800.31+104235.4,1.937,-24.52745801910107,-24.65997216660816,-25.00770391193027,-25.22649928095633,-25.470241760117357,-20.808867895432236,-23.317530361793825,-26.28448987071617,-26.558073856531728,-26.826404834866448,-26.751461255640017,-27.55582749616777,6
114920.21+370828.2,1.644244,-24.700467327306374,-25.084929902888334,-25.514765052298586,-25.646708165558003,-25.868933398814544,-20.540087278018557,-22.951468771011527,-26.31103404751808,-26.918644085362292,-26.77641275583056,-27.32285919143583,-28.32519202142304,6
114924.16+175034.3,1.059518,-24.52445904945693,-24.706907108324955,-25.09774815716466,-25.267367832899737,-25.50620769813725,-22.470436698129568,-24.30293952929549,-25.223960845771515,-25.45299759108032,-25.73060784471082,-26.48171759487894,-27.285468131264796,6
115010.58+070343.5,1.581057,-23.7715218552338,-24.32033791834869,-24.66849307396801,-24.89924629464708,-25.20107375406408,-21.96995195749984,-23.21062955601809,-25.773892843069834,-26.04405878090768,-25.810914724634312,-26.673887408758755,-27.64021437403635,6
115033.34+362216.6,1.304727,-24.8215249008266,-25.07614311305999,-25.446638529150167,-25.66710248582956,-25.91093747104128,-23.24413645306147,-24.271877422721467,-26.309512187447982,-26.322620167004565,-26.735604014686853,-27.05967947326196,-27.92997069948501,6
115149.28+311643.8,1.036,-24.208462607483128,-24.361188459978614,-24.66418129677215,-24.79002548698245,-24.9568239891114,-22.14098448663672,-23.174940529025136,-25.30584893149293,-25.639516287095223,-25.831748704558933,-25.982611625194235,-26.82850983337953,6
115232.86+493938.6,1.094079,-24.922851577651095,-25.179617750745447,-25.58727482343865,-25.728396841768564,-25.9481398196644,-23.526454311973893,-24.71111833897286,-26.27241877210733,-26.14799308558023,-26.552767115346107,-26.91782000410836,-27.766786298060858,6
115239.67+070222.0,1.489514,-25.635472049253785,-25.780829859460745,-26.040410433786136,-26.13259913769499,-26.357600141738967,-23.98747757152281,-25.523643271303868,-26.395599145449005,-26.78206196223925,-26.912234272213755,-27.24275611858246,-28.16215039232652,6
115305.50+200101.6,1.703,-24.738857674114534,-25.003529217680217,-25.23154490617627,-25.30541914866244,-25.481954454222,-20.91430775813164,-23.50858442290372,-25.78369738784223,-25.905864010284592,-26.123602514123014,-26.66619645389309,-27.70418848775961,6
115358.04+380810.7,0.442828,-22.039436263627064,-22.321263420689643,-22.72649249647355,-22.812140769714293,-23.03215975245285,-21.467477509751568,-21.628707709460265,-23.15535615954625,-23.796975937418956,-23.91450239525517,-24.00874829383872,-24.913180982566598,6
115426.23+083033.4,1.632561,-24.78621664239776,-25.050607111466928,-25.26487053658462,-25.33268979417808,-25.581173241127196,-22.75810053701605,-24.089851843127025,-25.597620125991853,-26.240749589293543,-26.60785224693955,-26.665535401045403,-27.727692166719724,6
115446.23+255430.2,1.445,-24.8530885602326,-24.976278980160355,-25.13910406682725,-25.20464699979141,-25.404155316913823,-23.406492237189035,-24.7522082472086,-25.715913773706152,-25.459287825689376,-25.838476731857654,-26.10468304665148,-27.08968641669181,6
115506.81+041018.3,1.717364,-25.066746834613507,-25.330852276192697,-25.692935581561837,-25.80714875434877,-26.126683743761088,-21.176779410794406,-24.669591117715523,-26.562274000656043,-26.67744697503212,-27.05497836682956,-27.095900956330844,-27.88813991150445,6
115723.22+173916.2,1.323598,-24.58739795035176,-24.73497731053937,-24.99422656700624,-25.192440139419304,-25.469399622594786,-23.434475096168665,-24.626990247388942,-25.60326276833094,-25.929949980090992,-26.055894490764487,-26.520366285274825,-27.444583740079462,6
115734.83+163859.6,1.061,-24.54958617889942,-24.92482646147403,-25.396663189635248,-25.62493317493749,-25.873381483207748,-20.905632439171622,-24.237184039655236,-25.983653940531465,-25.97560530475616,-26.216990585699865,-26.699356514582533,-27.59599648672277,6
115847.39+271342.5,0.682737,-23.654785078454285,-23.61125653516952,-23.93489733925956,-24.07690999488589,-24.192552459516342,-23.672843049518885,-23.423116806482568,-24.57297920434927,-25.16873391095799,-25.088657308022896,-25.556060366842573,-26.393472699957265,6
120006.12+491825.5,0.856604,-23.89092827223971,-24.01435819466292,-24.253800262302203,-24.427263584529445,-24.65762430118938,-22.79224822386417,-23.173246869742552,-24.82535788147351,-24.88528360329301,-25.19397316713216,-25.73280109685362,-26.565365108603945,6
120017.33+235047.7,1.0306,-25.897658548518464,-25.945981128363822,-26.13418429653628,-26.307603152592016,-26.538423094946307,-22.997072958520967,-25.377393934205795,-26.505609045953083,-26.470617649994743,-26.659784076179264,-27.55228926576719,-28.43479402527776,6
120034.49+510730.8,1.688,-24.627102271712364,-24.88603611942967,-25.15524899889025,-25.268850055541687,-25.42325508893317,-22.74637562446688,-23.89413386306542,-25.5002787783403,-25.75866505966297,-25.93242706987284,-26.44526449265627,-27.490018359987378,6
120051.52+350831.6,1.705,-25.29785898461474,-25.965845473649896,-26.38064941000492,-26.59178379414427,-26.860962064998706,-21.277834022355137,-24.11489991647449,-26.878201029596585,-27.115823286907435,-26.957176966989497,-27.944442711655697,-29.003839652884025,6
120123.06+412641.7,1.368846,-24.15550210070632,-24.49865827027014,-24.712803885050636,-24.844271631983997,-25.09557686123683,-20.48913853200409,-23.623087751625253,-25.549291766514568,-25.79629028321464,-26.429291333157387,-25.959428787984024,-26.95913222455042,6
120127.42+090040.5,1.016719,-25.35505344272207,-25.59872027155946,-25.97792587378214,-26.156767642894813,-26.269352279537284,-23.643173894843805,-25.094191741241065,-26.444371244378065,-26.523227396764973,-26.741186693210707,-27.46533220239013,-28.269596342924963,6
120132.68+563656.3,1.322467,-24.359726020106308,-24.76055897326948,-25.08732726402944,-25.28540285961965,-25.580345926478376,-22.94173541772629,-23.5555905268204,-25.62001415900208,-25.83868153404863,-25.785596468863652,-26.742044134803724,-27.73088385749953,6
120310.79+440614.1,1.561439,-24.46463408765998,-24.90227316973757,-25.35735563140799,-25.57401178403975,-25.775497191939117,-21.47123360707402,-23.556758739613983,-26.069002034670746,-26.348683917757885,-26.29422132396619,-26.899068358646364,-27.868753149272276,6
120333.19+513014.2,0.802,-24.699633137468616,-24.914150002252864,-25.34330122636477,-25.47571199916012,-25.65036316148606,-24.052429235511383,-24.78827451680894,-25.85236555044997,-25.78240292309982,-25.809220133741647,-26.2923001964543,-27.20344503769512,6
120400.46+475909.3,1.408,-25.13617558373832,-25.315934286055505,-25.50975179788001,-25.634260211160115,-25.8817523208056,-23.76287780250165,-24.746788509450745,-26.08897693800396,-26.382530695281066,-26.608912803250814,-26.84740009539083,-27.825403019393665,6
120420.07+170900.4,1.334,-24.591088898179564,-24.682166348464555,-25.07100373088365,-25.254936137810304,-25.513027507409426,-22.714334818817942,-24.5440219995491,-25.743484228010463,-25.9369908970602,-26.140079430678625,-26.61097681411916,-27.496745681089088,6
120516.94+420709.3,1.118879,-24.024579664290243,-24.189954839529975,-24.44851572933641,-24.61359149234369,-24.9067908228274,-21.2695407708692,-24.02813123137794,-25.05998973667425,-24.986059148648607,-25.358207482616887,-26.032215373229395,-27.002775337157395,6
120523.70+380552.7,0.995,-24.525706855901102,-24.809522886550894,-25.162270528589914,-25.43784435372818,-25.7079736280182,-20.88961636275558,-24.237430004946983,-25.579516080765305,-25.71197023174826,-26.245485626372364,-27.04821634286144,-27.89011195694377,6
120536.42+284842.1,1.490998,-24.233429636290545,-24.43381181273368,-24.753849858102992,-24.91920844520912,-25.19133432240479,-22.967179005735147,-24.09020158995855,-25.572121355410037,-25.78494045351791,-26.228775314734367,-26.078866138739187,-26.99342599564546,6
120556.08+104253.8,1.088576,-25.344324840180303,-25.457045527778604,-25.697273003862698,-25.786580718626254,-26.0342124239618,-23.809565343727957,-25.02613781815392,-26.443863474599937,-26.5320247864948,-26.610876540025345,-27.39275997647851,-28.37010346309404,6
120611.23+581308.0,1.193,-25.16611326341607,-25.534405415270147,-25.74255729656788,-25.803581531628968,-26.05206018187613,-22.312840878912414,-24.77935610936765,-26.131421511684,-25.92249968621435,-25.98221550294532,-26.981614281959104,-27.848083429762152,6
120644.02+495336.7,0.847125,-23.940994608263317,-24.02072158594894,-24.32525881149848,-24.547141492330788,-24.699711828993127,-22.709004263858297,-23.452394691695197,-24.98077343628569,-25.112819043060373,-25.20516639315187,-25.66807366011516,-26.53279745592151,6
120722.82+091834.8,1.574845,-25.16264194507272,-25.365356696235644,-25.65648069869594,-25.77561597400271,-25.97596088736445,-21.526278424934556,-24.28626436826561,-26.08828863488905,-26.44351363785474,-26.24943952539262,-27.0911643595997,-27.974469094537582,6
120825.37+141921.1,1.64016,-24.345206277964504,-24.587695946445614,-24.937636936170144,-25.145387731642327,-25.38587762148707,-21.033549055374152,-23.44826283319901,-25.94818899328047,-25.774384306441537,-26.385697891675832,-26.42984124455901,-27.216484061896853,6
120846.84+130122.6,1.335,-24.76622275321468,-24.906202117179355,-25.220532661088477,-25.50027404770772,-25.773334825396624,-21.397010934994803,-24.183529269728883,-25.942915186366346,-26.12338649432462,-26.277391880578463,-26.605116636889203,-27.58637573539001,6
120858.01+454035.4,1.164941,-26.827593602754074,-27.08870366167856,-27.375935118661346,-27.495575701956675,-27.756380067335456,-24.76965795128691,-26.347877113492128,-27.86485485638001,-27.85763322286145,-28.060349806918484,-28.87246474653801,-29.84858619527096,6
120912.03+152544.6,0.947512,-23.210939723099774,-23.443718565464405,-23.79519783496988,-23.933559006058204,-24.08669227859153,-22.452685852191536,-23.672056904888308,-25.103325968443084,-25.232591302182964,-25.21792672215266,-25.39840326378225,-26.12403972369689,6
120913.06+280654.3,0.411665,-21.66392736944035,-22.155408669915428,-22.541127789984483,-22.720938583923022,-22.987150313574524,-20.78119704809585,-21.292296777642743,-23.561617417108035,-23.89148016047681,-23.837301969997505,-24.487192171828656,-25.300809648087583,6
120927.22+224259.0,1.2096,-24.64529084657111,-24.679288782956224,-24.981872653440053,-25.139113336071027,-25.328704316434177,-22.910748900055815,-24.55228608733737,-25.654111032697816,-25.66365285774842,-25.823174380663872,-26.284919988807623,-27.10027812432873,6
121010.72+282839.4,1.441396,-24.870193185469528,-25.011078527827895,-25.262751318455056,-25.41297429959654,-25.739605095854884,-23.37634871259126,-24.854757664664422,-25.89715685601608,-26.220025741737523,-26.29645461088042,-27.037004476012108,-28.007042003832183,6
121016.12+001204.9,1.232642,-25.545798840445432,-25.647419261208096,-25.83796283198252,-25.96549513871468,-26.240041299724982,-24.18710638491821,-25.229411429144783,-26.465919035844287,-26.29687455448224,-26.56016578034204,-27.128238997009145,-28.07087162992546,6
121018.66+185726.0,1.523,-24.197640305790603,-24.64793087387064,-25.1409820771218,-25.2616172201477,-25.484526200499147,-22.267352678692514,-23.697556510628985,-25.826943594642444,-25.764385888111285,-26.23714804480877,-26.32319108076606,-27.16695722727331,6
121029.49+541104.3,1.461861,-24.795438816991823,-25.14712010957315,-25.42472506673943,-25.540422062241728,-25.777247674036182,-22.217938735632355,-24.29231005809673,-26.04519062927105,-26.237582025810543,-26.264925672714437,-27.17981548905877,-28.281256432777955,6
121311.80+261445.2,1.722796,-23.75947776037964,-24.18160631891027,-24.556106641468528,-24.768418841829742,-24.96706702262658,-22.08334871395204,-23.44410175486831,-25.846178740885225,-26.178534616648808,-26.472434962311446,-25.83546910269343,-26.815509334711862,6
121404.11+330945.6,1.597957,-25.011076125127158,-25.172524000728234,-25.517293677640584,-25.67441478116246,-26.05553841963472,-22.360713320358528,-24.7817139588001,-26.448104703836805,-26.781085630744084,-26.83975486647452,-27.041756966151876,-27.89601967164169,6
121404.81+104934.5,1.336,-24.956463199428203,-25.19746691223241,-25.46937471880432,-25.595918675677776,-25.808711674737022,-23.12270596372872,-24.553415440535066,-26.06742087875185,-26.231217715348013,-26.665629316099626,-27.004203698531235,-27.94169063456325,6
121535.32+325838.2,1.385719,-24.057046923436037,-24.428292037552037,-24.833977618949472,-25.071148307770997,-25.349254871139085,-22.346357815178308,-23.995062556160388,-25.58923762537969,-26.185845035131337,-26.24351426997898,-26.3638511681882,-27.21335963739637,6
121615.87+165300.0,1.1957,-24.702924216387625,-24.85745372389383,-25.26958801135652,-25.4015480752327,-25.62938636548236,-23.128232010648883,-24.56598809583222,-25.59797340236712,-25.594088293560517,-26.30741846123528,-26.572322573333224,-27.394905453798174,6
121618.21+273312.6,1.539923,-24.726929685525928,-24.842043975835328,-25.097087127943983,-25.19443074290506,-25.371439457854404,-23.028275462909868,-24.43093223626249,-25.634271920925773,-25.760742151379294,-26.056091518983276,-26.22818330226515,-27.24142166668424,6
121654.35+512141.9,0.942099,-24.083515969332208,-24.417393671236816,-24.62193363709418,-24.77941189086181,-24.902259582195427,-20.59484169848964,-23.47097108872886,-25.22761662001142,-24.89949330320496,-25.68723131880264,-25.82539152686861,-26.64430691741837,6
121826.08+110505.3,1.402,-25.6202304206736,-25.837284821004356,-26.10662404648181,-26.17479533712048,-26.33893038032961,-23.226206772114107,-25.344000897267374,-26.25158522298517,-26.93453642415385,-26.920562070631423,-27.23892051824576,-28.21070070205984,6
121846.60+173817.2,1.805,-24.5812266549153,-24.75488986522583,-25.16277090845286,-25.439944705488383,-25.70950613188909,-22.847665237549304,-23.98148173718788,-26.50060352993204,-26.4863905622648,-26.72257544359538,-26.939185643133147,-27.68446261662992,6
121855.38-033731.7,0.948205,-24.272980845692093,-24.40734258893252,-24.81396783447042,-24.97057557200141,-25.239946207497983,-22.57602769440438,-23.827944097052217,-25.4081758102412,-25.534713263318505,-25.681278296095726,-26.344085658681223,-27.19421291697136,6
121905.41+515532.0,1.599609,-24.50297572341343,-24.782133362698485,-25.025629563192847,-25.148651798029377,-25.408006539921853,-23.087447562917987,-24.12588460105244,-25.807608791155435,-25.84003252024075,-26.375669088678965,-26.30740358592078,-27.32146075997001,6
121930.95+104700.0,1.62,-24.694794662584545,-24.98875788571049,-25.326128937940112,-25.487426261611844,-25.8068028439474,-21.307155091608852,-23.481155023384662,-26.12508697023551,-26.391111178837445,-26.540587787645453,-26.79192191773932,-27.739987430001765,6
122003.62+360153.4,0.843695,-23.53781041451078,-23.679849342205213,-23.945981675693844,-24.04622603737202,-24.241194394819477,-22.182030816315155,-23.085537042270005,-24.80525874524486,-25.3960107881882,-25.096302665306048,-25.100567288491646,-26.1857241345303,6
122010.10+211100.7,1.3391,-24.159191258342243,-24.31404694836763,-24.726221062016734,-24.89185980341136,-25.00174202449113,-21.782023642042667,-23.277132926377,-25.71529526154317,-25.72172845440014,-25.73170657677985,-26.262339630004316,-27.23559649695135,6
122221.74+122819.6,1.313509,-23.899481720760463,-24.228200240243684,-24.586560456364744,-24.742297350006208,-24.941408938144725,-22.54646376915453,-23.95243604206436,-25.69904851776696,-25.7151340394746,-25.91224631126704,-26.158202560144144,-27.086417541737895,6
122223.54+503115.4,1.85596,-25.07272490470876,-25.56360817776824,-25.96204118719958,-26.10214817591839,-26.359485928551823,-21.520550660324943,-23.259875429607483,-26.833062558307084,-26.979546210721523,-26.843717457741175,-27.55669001593478,-28.620730608562777,6
122249.86+334750.4,0.944,-24.62307823741512,-24.79500895239577,-25.15030306839257,-25.29864095905151,-25.505561528371405,-23.21884951879674,-24.49609447971205,-25.837027833986717,-26.061287748562727,-26.380047005190548,-26.72344030841017,-27.588980634554037,6
122339.66+220147.1,1.2612,-24.764364867081746,-24.823267549628056,-25.120697784609828,-25.29287652027497,-25.430591178714742,-21.919777558014506,-24.569254155814797,-25.76691312223719,-25.72362325567272,-25.845989446514004,-26.41052449586769,-27.34413105224834,6
122435.53+043014.1,1.6682,-24.11465253143157,-24.5596994341998,-24.89785870793175,-25.08669104149933,-25.357096546644705,-21.37433621099453,-23.140185135734026,-25.720895641096806,-26.047879999666357,-26.295110275106477,-26.74025053176289,-27.754918288837725,6
122520.08+435524.2,1.634,-24.30651401654227,-24.601728431347617,-24.98467435625175,-25.137560147824388,-25.41189126945541,-20.964688499022166,-23.45655821622393,-25.82725325398245,-26.068063226885567,-26.09964907789033,-26.763370936411626,-27.74829332308658,6
122557.00+393916.3,0.955041,-24.19502068398239,-24.3297473580457,-24.64491240448965,-24.77672777769806,-25.005410968073694,-23.254602225365343,-24.142408603336825,-25.230615292435107,-25.438930504405945,-25.493500354311028,-26.346088174973826,-27.32219753865744,6
122558.27+604939.8,0.805,-24.57296012031395,-24.731123836327576,-25.02046506177467,-25.046115939408583,-25.26139617716103,-22.87516040053785,-23.90404519999593,-25.32671960466976,-25.10372939867431,-25.438915007440965,-26.152743641518807,-26.95376390228821,6
122735.33+334933.9,0.974027,-23.781587427016635,-23.885201061559545,-24.248793438061234,-24.41282871361792,-24.668693385123905,-22.72411073976224,-23.557910667217783,-24.737799354973344,-25.01465038895221,-25.364739601229196,-25.67562591348705,-26.48533710254317,6
122741.93+383548.5,1.243,-25.472934884356278,-25.66219253083792,-25.880879107195764,-26.05496491764646,-26.25666364352406,-24.17765340684714,-25.350875563995743,-26.37534227250885,-26.414549736641,-26.71456143817302,-27.299426305233823,-28.242930444467248,6
122829.08+204340.9,1.3423,-25.242471636617864,-25.64299959975664,-25.877739533900296,-26.016386739974667,-26.223815332518363,-21.721191752190386,-24.665598969429983,-26.36011602257536,-26.279676524602124,-26.704864309828395,-27.31164505186628,-28.332473707666715,6
122847.42+370612.0,1.516888,-24.278639882019963,-24.372213553609896,-24.8236902496308,-24.969016027638737,-25.30359641342659,-22.244960922571327,-23.96266975228745,-25.819350273358555,-26.28660149567097,-26.357882908391414,-26.566739217837394,-27.384818314051067,6
122855.62+162754.3,1.2988,-24.584719430366075,-24.744674061221804,-25.069509785174343,-25.20667729808077,-25.43832825179209,-23.262183606492563,-24.34251049686435,-25.47998745090122,-25.913598460244188,-25.86327257534498,-26.43254981040905,-27.430243029900183,6
122925.95-030702.4,1.445392,-24.581528057853998,-24.76356294097204,-25.084642569372857,-25.23062211706927,-25.544522464057334,-22.884760354198686,-24.370859878792665,-26.231859726855,-26.21699737385077,-26.47368450861242,-26.447508194558065,-27.426849100805864,6
122926.34+332052.1,0.961617,-24.12930815198082,-24.341433993952627,-24.744171826043203,-24.917557042666907,-25.14725790634575,-22.40171276256657,-23.32955160847876,-25.054555371209165,-25.172240564157136,-25.29010633623781,-26.295715379043116,-27.12810246724818,6
123110.28+335218.5,1.769,-24.71972141330555,-24.92476608281869,-25.284624132986927,-25.47474451653414,-25.772668766445,-23.46489637788269,-24.42691731674547,-26.36652920759314,-26.6544392557128,-26.32163855196272,-26.740625064184947,-27.651454524200453,6
123138.32+385449.4,1.577893,-23.534098563080992,-23.75514964200168,-24.099384968634272,-24.211674702873108,-24.41854171722044,-21.254532970523343,-22.92649365208113,-25.45040313543404,-25.603291957696808,-26.04329606759501,-25.36195067948324,-26.235875004582773,6
123146.23+592833.3,1.601,-24.984040549432557,-25.189772735461936,-25.457125156019025,-25.58780584165323,-25.785594693653486,-21.54112683258733,-24.53849419383881,-25.97690139257964,-26.3493554638729,-26.243144868252,-26.6771250377421,-27.590734507348145,6
123200.01-022404.7,1.045059,-25.01426018573897,-25.306409070795464,-25.723834924723366,-25.894033656937903,-26.08840344490263,-22.00651551475974,-24.617542862328516,-26.51564290589674,-26.249007570328,-26.708043667292657,-27.068386541585607,-27.83905585552745,6
123203.08+612313.8,1.506174,-24.961052761825115,-25.215150625316053,-25.547378128834847,-25.61761008466633,-25.87977823537869,-22.577743009765133,-24.176334560445905,-25.90436063007908,-26.011703967107064,-26.67279488859479,-26.91358185596,-27.85609222062387,6
123217.45+123358.9,1.247,-24.58735505614467,-24.80417927274928,-24.96111567612669,-25.065392575842683,-25.315682367903204,-23.081672194635704,-24.55208777518236,-25.64875522518773,-25.68339811965225,-25.844403474705683,-26.53108051825011,-27.51394862815985,6
123229.69+641115.1,0.743362,-23.68446858444896,-23.825611620021498,-24.16049488166185,-24.40887451403796,-24.481230630685182,-23.434295853854707,-23.44591190540457,-24.910736982233814,-25.48568860946326,-25.014114866360625,-25.71081328388481,-26.588415418990603,6
123232.89+653329.9,1.767594,-24.731351590118983,-25.163413414688065,-25.593365755714597,-25.7769468890582,-26.03102618572842,-21.390709662395647,-24.26519035597393,-26.61542403397854,-26.75457709385381,-26.44942901928572,-27.244071732409388,-28.133168548986912,6
123252.70+414322.4,0.796,-24.32673043562065,-24.373537807294667,-24.71873787154289,-24.95514351369633,-25.094900710928265,-22.187488722625822,-23.89569655393481,-25.22639005874647,-25.35340371058442,-25.57765271800587,-26.352710526278106,-27.20896064888064,6
123259.06+152826.7,1.522,-24.21983658683747,-24.862994010820422,-25.28106860702813,-25.446660012804653,-25.716560811041177,-21.568033856556404,-23.516794669579145,-25.98922694185885,-26.50990298781968,-26.275776936575667,-27.18854195786294,-28.165058717461083,6
123317.75+103538.1,1.382,-25.469927920366995,-25.674713908796072,-25.8754387617463,-25.99177695521819,-26.21224636423508,-23.08692494797519,-25.194181044751023,-26.59044082167592,-26.749658661742348,-26.57743138635685,-27.02053177865575,-28.04217499884549,6
123354.39+150203.7,1.748765,-23.67268641996376,-24.18311867366464,-24.636095089740657,-24.83037244272433,-25.17663644897592,-21.39601901387876,-23.044046512607505,-25.79918561479311,-26.69144192759341,-25.96810354120503,-26.09489981607422,-27.08339342115614,6
123414.80+622639.6,1.329736,-25.13809415458418,-25.295595636545077,-25.58270714699072,-25.79206503194848,-26.092465404053424,-23.748968882601982,-25.05937970162445,-26.12723046823956,-26.553956075515355,-26.560363875205816,-26.995244746694805,-27.88916532746161,6
123447.71+285248.2,0.867573,-23.19122296286753,-23.415931287565503,-23.90082020690553,-24.170615286796608,-24.358199894804795,-22.822387445140414,-23.001451578724257,-24.83104857244296,-25.079057466732948,-25.04871439526333,-25.593055426098484,-26.353705617032062,6
123515.01+252503.4,1.475,-24.06238906007008,-24.18032602061969,-24.626644692569418,-24.825257492067145,-25.142407702658318,-22.33746532748569,-24.21787291247629,-25.155151715907657,-25.93519978395009,-25.882330934924195,-26.27028257447684,-27.15074461530093,6
123517.24+030016.7,0.993123,-24.60170307722301,-24.855508510626755,-25.189207218173134,-25.283938782735405,-25.57907837205405,-22.89985494341622,-24.036312767405494,-25.544384529911977,-25.838144494057158,-26.10248280841564,-26.62249677517519,-27.47733503843978,6
123558.97+294027.9,1.013089,-24.38112981391032,-24.411275378450377,-24.71451987291215,-24.78652931897085,-24.95585723750798,-23.314469400598668,-24.212067382384756,-25.18826119057226,-25.550075107145272,-25.234221793211557,-26.19169591334114,-27.041854632447546,6
123609.11+191234.8,0.855,-24.4098607196962,-24.6937555343477,-25.04368976433748,-25.22924880041791,-25.491868914785325,-21.030443427791724,-24.200685085544524,-25.955033317473823,-25.72535040950883,-26.02664530830925,-26.40732768868301,-27.27062429354768,6
123639.80+524843.5,1.296354,-25.421651650508256,-25.660520873395157,-25.91015835528125,-26.0173663814884,-26.20809167739373,-23.9150223964557,-25.17666696257036,-26.308468168489902,-26.50431314213961,-26.809756315639603,-27.197958047416385,-28.106744977027773,6
123647.71+060048.4,1.287934,-25.37562073996795,-25.613277803533,-26.082205330946277,-26.343215770598498,-26.602333114421217,-23.469740682637244,-25.32963331082474,-26.76989874219325,-27.27333584497485,-27.30182260057519,-27.98448407044576,-28.83104244067157,6
123653.20+493332.3,1.787,-24.393184347170465,-24.878223843994032,-25.218542102037823,-25.320449487088684,-25.438039474850797,-21.18170537334185,-23.549305861756224,-26.1503207610915,-26.47898485987599,-26.72489071790552,-26.41355798215836,-27.34226699702421,6
123659.92+460018.2,1.669722,-24.37843250079243,-24.83343518301252,-25.192007440314324,-25.42492066545909,-25.71733993526783,-21.064382876511534,-22.553443969140943,-26.20428143994299,-26.59329103624908,-26.457454107507044,-27.14924939794926,-28.252048537750383,6
123735.47+612809.8,1.518,-24.330963969522983,-24.666604060033773,-25.11658319000484,-25.314597738927304,-25.705234975889503,-23.16288599165404,-24.21866864432905,-25.795261885975403,-26.109138151680117,-26.276324669384685,-26.778631278855723,-27.60216660838853,6
123801.73+152027.8,1.363704,-23.839467292425457,-24.03959975090424,-24.35233098678636,-24.50679272145812,-24.726511068705385,-22.37439115407532,-23.81230391935487,-25.2242716301951,-25.63750163862225,-25.73312408562745,-25.81702434133642,-26.67760860223476,6
123915.51+275702.3,1.240269,-23.41530469740297,-24.03790730336222,-24.421647646491497,-24.61061305806844,-24.95705352907054,-21.119993628646263,-22.8493774000716,-25.02833185406349,-25.71391566305336,-25.326173438233123,-26.0938687128892,-27.1284535323643,6
123918.19+235711.4,1.4996,-23.555665344320573,-23.94990670680957,-24.428396242147024,-24.700363642390485,-25.02995966117826,-22.142940257922135,-22.99832456379959,-25.663216995349924,-25.8805618652338,-25.391025811578,-26.224318124391576,-27.18213668370183,6
123922.38+104659.7,1.311676,-24.922707194758853,-25.107263124685005,-25.37987313239456,-25.524281515579023,-25.7438785994091,-22.211540555946847,-24.64244305348761,-25.91043248363913,-26.264477147172684,-26.27062744681507,-26.954326962779582,-27.99615528120642,6
123953.24+430046.1,1.398,-25.385565656839304,-25.47741813991512,-25.71722828043741,-25.845038506150622,-26.076730013240432,-24.25769843632757,-25.50863457729656,-26.005561166284863,-26.34766266290361,-26.25383251690827,-27.212882482349038,-28.20380843876478,6
123956.67+211357.5,1.4074,-23.77327384060789,-24.1713652996261,-24.468164200697355,-24.771244606097348,-25.14630549805337,-19.13025010724123,-23.062700555625774,-25.23992470197762,-25.72503583533202,-25.66468545224753,-26.46076791030352,-27.3565778134591,6
124006.70+474003.3,1.561209,-24.613268322376896,-24.83847628056967,-25.26537744852561,-25.46144386746512,-25.78256272740087,-21.490031343428317,-24.11035078836255,-26.010924844941066,-26.405073241433687,-26.44266067556767,-26.951347010915008,-27.854799451032008,6
124012.10-025625.8,1.716262,-24.148075554317643,-24.40194978718878,-24.68063181894939,-24.874816362826383,-25.19637536373869,-21.952055457299885,-23.7950175848064,-25.499619632646613,-26.00277452899672,-26.833610528785417,-25.926865929480385,-27.103818929506463,6
124035.50+094941.0,1.045,-24.438260828230035,-24.585989241405724,-24.958745269980643,-25.071492444082875,-25.200419024403832,-23.39688727700236,-24.49590078059827,-25.554154812106432,-25.487311652957374,-25.65911786376241,-26.044414525628817,-26.92495625634345,6
124043.04+251118.8,0.4472,-22.02659906896545,-22.25629634707442,-22.725721640114774,-22.900400345469865,-23.11307142905422,-21.259399172005555,-21.690285304333525,-23.28562243959293,-23.86569014375239,-24.112526863560134,-24.621947485853237,-25.38790830608918,6
124058.31+392622.1,1.422511,-24.328520909945198,-24.51512451171619,-24.81107511550834,-24.939936060891448,-25.179580733985336,-22.83534069972917,-24.13223600513709,-24.77567480852189,-25.853152580557232,-25.80967796577293,-26.28315617743091,-27.18422230862228,6
124108.43+002256.8,1.362549,-24.731069760614744,-24.836605007393675,-25.22647302639804,-25.38505546156035,-25.6180041526739,-23.571362216658446,-24.777438510251866,-25.94611025685488,-26.10600414516616,-25.9432455273426,-26.483349688536528,-27.360767529391165,6
124151.91+400636.7,1.625709,-24.42806097572587,-24.613976790844205,-24.90114079322557,-24.993581317022567,-25.32639362358417,-22.335831308606046,-23.74998206314157,-25.535059854626937,-26.04635249270732,-26.0819702096368,-26.394751778926484,-27.38788381743108,6
124210.34+321427.2,1.492574,-24.93419746402798,-25.067812521824138,-25.27228497164395,-25.39131254803422,-25.66208607108542,-23.88915288726101,-24.93892577517231,-25.82495078305479,-25.956180966784604,-26.218736772325663,-26.791826296825903,-27.74032552824899,6
124227.37+341646.6,1.014028,-24.22033524653025,-24.31545859945206,-24.66455737243692,-24.72357086842821,-24.8824206885539,-23.11123648265441,-24.205042900719366,-25.333603993076604,-25.798383233239523,-25.655076173264025,-26.277230931138448,-27.104247850978304,6
124312.51+480838.4,0.704,-23.84078626747669,-24.145769073550507,-24.556397901390817,-24.65188288637556,-24.804015190776784,-22.56438416095273,-23.762071164941105,-24.91431174625497,-24.934981316668846,-25.340437814548384,-25.827769316386725,-26.67487539223057,6
124528.65+604734.7,1.44197,-24.62734756750548,-24.744814610887737,-25.117195952912585,-25.265298674269765,-25.50133183235114,-23.209151041558343,-24.438688735404245,-25.63016736292905,-26.348541622537084,-26.142521681853225,-26.54953008386385,-27.537692907471783,6
124535.09+632200.9,1.431292,-24.1651884989868,-24.341830701408448,-24.71203352020632,-24.918012775530347,-25.236194466990728,-23.129223967660813,-24.06707628800452,-25.239029496894293,-25.95947483675844,-25.987286208628905,-26.252231102794838,-27.13369362049945,6
124639.56+613624.2,1.271685,-24.74551626680662,-24.91807324131177,-25.231531162586663,-25.30804774580858,-25.464592625565576,-22.28811578345544,-24.929668004203634,-25.67816497770565,-25.77703452244041,-25.87477634138529,-26.46544609278208,-27.356652821905826,6
124641.68+022411.9,0.937798,-24.32168949616137,-24.50817986189004,-24.77983149586456,-24.910286932200265,-24.93541973080104,-20.27855215235373,-23.83170683384664,-25.242527226188177,-25.151379835124107,-25.813012550076,-26.013072346765057,-26.771305992136806,6
124720.76+320900.7,0.950333,-24.064540663338324,-24.312604924714037,-24.73430818725417,-24.9208414729729,-25.00590844554807,-22.46603832714136,-24.12880071975288,-25.65085462280372,-25.433152155094312,-25.59173052882591,-26.190662125350062,-26.92206092102296,6
124739.63+081720.2,1.755848,-24.81883700844666,-24.990637690613617,-25.286852564652385,-25.45025794473173,-25.672229962796827,-22.82379918386074,-24.054214187275235,-26.225175740264955,-26.247137940771196,-26.579884056105456,-26.49006278114595,-27.357296420280136,6
124902.54+171454.8,0.839,-24.867494367890774,-24.953741595538805,-25.35511436291347,-25.477468570072148,-25.6290995263476,-23.94038544090733,-24.60689768006269,-25.881107356191595,-25.872129458116834,-26.207472370599863,-26.556186043057902,-27.449539636809675,6
124949.09-013410.1,1.743808,-24.12575079045344,-24.406532408994934,-24.80118957271915,-25.03810166298589,-25.302527901274264,-20.8013508586215,-23.61351618312287,-26.178042708499746,-26.24418502318693,-26.57623511878868,-26.604386823403704,-27.44849741500009,6
125001.48+042839.8,1.465449,-25.15116925830312,-25.572074335327585,-25.97538615229367,-26.2397896360173,-26.53794856959823,-22.67581877111531,-24.930425243340704,-26.981594286562817,-27.260472490602783,-27.247129822792107,-27.64447012264954,-28.559167222213183,6
125140.82+080718.4,1.608,-25.553616777719192,-25.70593961994445,-25.93033139108832,-26.032463905861384,-26.209394994359418,-24.58603500194959,-25.494819505463237,-26.647604411384464,-27.177819391402075,-27.28318447496655,-27.40256324060745,-28.431071180949026,6
125204.54+333829.2,1.454633,-25.13639796678494,-25.26057919161269,-25.472263538912493,-25.59719518054421,-25.80778209859869,-23.84891914699677,-25.073717245052222,-25.975057963984764,-26.32739687128795,-26.596742662020223,-27.03461397449619,-27.972546859062493,6
125216.58+052737.7,1.9,-25.066881392882284,-25.418503622338285,-25.898188360324102,-26.190010403099546,-26.489678796587707,-21.93574798575883,-24.11144180926705,-27.16753724023476,-27.48415032217536,-27.141998735539147,-27.739530046147976,-28.52648803512177,6
125245.68+190827.9,1.5956,-23.635636009808188,-24.274131325946534,-24.6483610007462,-24.836197332296106,-25.090745235143704,-21.139731495852946,-23.77581109693696,-25.900044864200098,-26.46060278986701,-25.857672918363683,-26.58211109508432,-27.63193972171017,6
125249.86+112933.1,0.874,-24.72766400168497,-24.915726432744744,-25.22696816862996,-25.365447294475885,-25.502435271059337,-23.40930242262194,-24.471608532884304,-25.68783440640328,-25.577787064846603,-26.013972503699573,-26.499211652451844,-27.2471106243926,6
125254.89+614302.8,0.481206,-21.79252544211089,-22.079942990467934,-22.490207826340875,-23.058026659238333,-23.20041095110613,-20.95397961680921,-21.80320743534973,-23.35471312628107,-24.137481584349292,-24.106185868027787,-24.41264280346196,-25.17831331565839,6
125334.77-015837.7,1.709,-25.293521929402964,-25.58020066632343,-25.807785686907376,-25.889293423458597,-26.101447503246305,-23.661452626043182,-24.7245912823098,-26.087602957620906,-26.460858184890704,-26.48457610568889,-27.559841020493643,-28.453621443112585,6
125339.67+510203.8,1.574392,-24.80814782568404,-25.019759366161352,-25.310709919871137,-25.42764413298909,-25.63331808507665,-21.57344841300016,-24.42803675159581,-25.975176585783924,-26.330325556951838,-26.54474936890552,-26.50878983159896,-27.67511835590397,6
125508.07+134413.5,1.044441,-25.206749445545228,-25.321237909241766,-25.618256241832302,-25.788451205177477,-26.07790299763016,-23.725784711340868,-24.845130555465776,-26.28921449762976,-26.13667949449861,-26.45329467247992,-27.0849650489836,-28.022209608139377,6
