SDSS_NAME,Z,M_u,M_g,M_r,M_i,M_z,M_FUV,M_NUV,M_2j,M_2h,M_2k,M_W1,M_W2,community
125722.13+254638.0,2.831,-24.461660435031884,-24.76671417353017,-25.24915973149804,-25.45413485978124,-25.708129009708465,-19.67147057438829,-22.509662566186112,-26.331343352998417,-26.90589427635486,-27.078769425544383,-26.940044993552156,-27.435142201075543,4
125914.84+672011.8,2.44,-25.134245816111807,-25.10750410763513,-25.498417970520645,-25.60942480224721,-25.80398419256725,-19.42068534611613,-19.920651568559894,-26.07095000598933,-26.56831816359964,-26.97998360467306,-26.455071211881545,-26.901030678807363,4
125935.85+152704.3,2.365,-24.12297249668001,-24.39760890076623,-25.13737078844812,-25.450891620316906,-25.732306922523524,-19.746039330400443,-19.65697556800664,-25.70073709969241,-26.53557590370359,-26.720899100770755,-26.765823938842328,-27.668588872444783,4
130020.21+045854.3,1.830082,-24.89798771351504,-24.972403693398377,-25.301129859922646,-25.563421839786336,-25.76983318976715,-18.662560640953448,-19.611419202769223,-26.05737974559205,-26.549146436996924,-26.98070429557128,-26.74923085150932,-27.55782693483621,4
130124.73+475909.5,2.19,-24.586480881059277,-24.64817212698876,-25.086996981596783,-25.160085477432517,-25.416229375197062,-19.33207328843749,-20.732628154289515,-26.40443811049896,-26.492178808732383,-26.63580783772325,-26.487768671525263,-27.25953987159264,4
130136.12+000157.9,1.79,-24.732304397521045,-25.296989392452403,-25.620735373328227,-25.676647241418213,-25.88470998046588,-17.859339024223498,-17.013042409417565,-25.9986179703142,-26.40659545262834,-26.598547313390487,-26.918144311333272,-27.96783469950345,4
130215.52-024518.2,0.642868,-23.67881904169033,-23.8198361164026,-24.12415129750533,-24.15968762310724,-24.30952857850784,-18.718972430251373,-16.392953250983894,-24.03210473844848,-24.532213716916697,-24.83051869596637,-25.466710848193458,-26.31291949903049,4
130240.16+025457.7,2.425,-25.168305860317485,-25.18385285537144,-25.60657561154664,-25.699810778212065,-25.895243080492104,-18.494199823253037,-21.27780080937089,-26.31468495239629,-26.45906784266537,-27.428794329988232,-27.005769775915265,-27.607218594131744,4
130401.70+290647.3,2.195,-24.709840402732475,-24.813262999981923,-25.163645403471808,-25.21372700834995,-25.39156429546416,-20.01178594756069,-21.31543196800412,-25.53677036888405,-26.382427018054624,-26.51317643772053,-26.042685755309343,-27.00218106088753,4
130541.91+184328.6,2.0624,-24.669158180299785,-24.936658791243293,-25.4641376533836,-25.709537849007027,-26.007875421199465,-21.32119173569787,-21.59777532522473,-26.013941101117503,-26.643633778642453,-26.8973349107397,-27.24505479631236,-27.727978510338065,4
130629.95+474132.3,2.543,-24.512837085277475,-24.539203533447544,-25.188720775273453,-25.53264968898669,-25.792741511775265,-21.618612732224168,-21.9077262578875,-26.303620858516112,-26.38688113861164,-26.638781672568385,-26.84437123224638,-27.47064708839656,4
130635.92+220642.4,0.8803,-25.02035579012665,-24.996881205680054,-25.273853227935035,-25.37907722861728,-25.553063485528,-19.09598444746372,-17.692984604774814,-25.70503867453685,-25.795993144599407,-26.38024183792228,-26.905819660140757,-27.8478984860596,4
130651.98+212158.9,0.929,-23.184628703756204,-23.52039605916952,-24.024869605864897,-24.251323694058662,-24.53688624277832,-19.16469574685044,-17.862951684632314,-25.028681470798197,-25.066829768297215,-25.36170563848833,-26.30347439339733,-27.35035649525817,4
130801.18+530751.2,0.322526,-19.77248506559796,-21.1756896211103,-22.306649896333404,-22.82036404453664,-23.189082285003032,-16.07055043541217,-17.0047943694612,-23.587218522890726,-24.10013824095161,-24.54790685460871,-24.36362365277324,-24.98996752644648,4
130815.43+021411.6,0.77,-24.40917874712196,-24.664080274325435,-25.05096210541682,-25.178958369429704,-25.35183341211621,-18.48604043112486,-16.362616703627218,-25.48822518323496,-25.50451127603386,-26.193482649001098,-27.315195577368865,-28.207137234551464,4
130900.18+103737.4,2.007,-25.26580723678948,-25.54119780463527,-25.813734725006647,-25.869479607899688,-26.10674104084761,-14.512625739373098,-18.84030323988536,-26.26721771539045,-26.25470720494972,-26.87898808279803,-26.88824079443764,-27.92636680568312,4
130915.37+050120.1,0.761231,-23.4061232310641,-23.864275973700423,-24.27192455173617,-24.350658934602496,-24.50076626665101,-18.08470995568937,-18.252461422921023,-24.71672640068109,-25.06784984018068,-25.176199581784875,-26.15809091312523,-27.03809043009407,4
131152.41+205018.1,2.667,-23.997472759160647,-24.353013140498938,-24.89345209341801,-25.26340074018881,-25.726842989448723,-19.62179336340829,-21.5986662618743,-26.20833982465224,-26.40567847716353,-27.253122313614305,-26.70413545576379,-27.352745013594284,4
131209.10+210923.1,2.165,-24.145548262398798,-24.5840891334015,-25.161165698761213,-25.345463410070444,-25.58696054463611,-19.834045372524024,-18.653270236847792,-26.14242375943721,-26.895789720230688,-26.68501758389621,-26.64768327069797,-27.56087172426885,4
131251.79-024737.6,0.874432,-23.863868160461745,-23.94131565763753,-24.224626913543077,-24.262671816078047,-24.42773667302502,-18.660157889409582,-16.939172564222556,-24.59591162930404,-25.31790183368184,-25.48305108182,-25.95597821774372,-26.773514129090124,4
131502.78+325023.2,2.208464,-24.612502570130253,-24.814150241238817,-25.30563962803053,-25.494235641141263,-25.7371837816404,-21.09294669104457,-21.70262087214192,-25.963727091769098,-26.021633520947184,-26.67688448973289,-26.628559171813865,-27.30540013972155,4
131526.00+614133.0,1.571,-22.963638592743724,-23.970320082711822,-24.754681934908213,-25.08555679039399,-25.56128048755205,-18.52572334144811,-18.646480799866925,-25.78094161462157,-26.184555713747702,-26.68777103662533,-26.81923151070436,-27.565169559536493,4
131536.75+191459.9,1.815,-24.36637680874434,-24.992020277987404,-25.39359104816112,-25.677952600442183,-26.00254326342985,-20.080283840163197,-21.68499775201848,-26.221638697537436,-26.696140175275904,-26.8089209739922,-26.94479974092125,-27.603419314037808,4
131552.68+000454.4,0.733561,-23.536199550153743,-23.75189093027254,-23.919507864135856,-24.07335420313212,-24.12924980967968,-18.222175443969583,-17.066608793542937,-24.24664790759124,-24.64507607999287,-24.962616078425818,-25.43019435890678,-26.266062999246987,4
131626.73+655917.1,1.064575,-23.692980929773974,-23.853079912908058,-24.192346909100213,-24.32351664688387,-24.62581163691886,-16.81436406092268,-15.660958221762844,-25.183271543425192,-25.60655001550498,-25.92779434344992,-26.219883011114007,-27.1057680734496,4
131630.46+005125.4,2.398,-24.61244477237956,-24.81783656741466,-25.185464768134693,-25.4370179353865,-25.74377008849505,-17.609767996940423,-20.54567094575861,-26.4923378687314,-26.62686695555512,-27.3563922229653,-27.00646932378065,-27.523114009389705,4
131801.87+470627.8,2.588,-24.24185813033585,-24.833318505246964,-25.35722402893103,-25.623573762146105,-25.961917248321075,-19.5627797205588,-20.28042933060603,-26.466559219195982,-26.73159327444852,-27.01024884834274,-26.891128691530994,-27.300801766571897,4
131903.38+431034.1,1.982,-23.16792819235357,-23.862564568450992,-24.77555706768277,-25.45611076702492,-25.86057130611308,-16.95956530328252,-18.58839374076577,-26.455267955584397,-27.053151986050796,-27.449900130833733,-27.580564204619773,-28.238138702128047,4
131927.57+445656.5,2.99,-23.55696511446057,-25.183415635825963,-25.95528270110327,-26.52491594643342,-27.04464542381275,-17.96749588781205,-20.77167575853933,-27.15998431301941,-27.81506212615236,-28.17872507619942,-28.080530267731984,-28.4137781688956,4
131935.73+022223.2,0.262132,-21.029895611553385,-21.3939631497311,-21.86347847933062,-22.030914030105603,-22.11246598274545,-16.173084748226785,-14.649572535876285,-22.469246991878688,-22.719258860251493,-23.31010182401513,-23.68392212209045,-24.152331505379426,4
132001.17+071817.1,0.865947,-25.067211182066178,-25.43202385727511,-25.85194189796583,-26.02525840091143,-26.24960757881312,-14.23109315813071,-17.596948046696365,-26.61248561531536,-26.68880893553967,-26.886643732077307,-27.48638221836831,-28.285366070948545,4
132101.20+400013.5,1.539,-25.11342964904002,-25.348449616999996,-25.68686757769576,-25.79945853583697,-26.075136094835877,-15.90163588335968,-18.60541319228863,-26.38398751918062,-26.592255623238568,-26.740138866532543,-27.40588378949135,-28.38409622892997,4
132123.40+045930.7,0.242796,-21.98303908478657,-22.379982192944,-22.8965358707285,-23.108994974899083,-23.083033981017916,-15.539343761142796,-16.391581370063246,-23.276073937873026,-23.3731011063761,-23.763225317503963,-24.380636896328472,-25.004135232545533,4
132125.56+320605.2,2.067497,-24.718094542437047,-24.847738696693035,-25.151722587891665,-25.415285696662902,-25.709713813166434,-21.73232862618373,-22.25016942148291,-26.62214186905364,-26.741345018326825,-27.080464583618,-26.723700557917734,-27.35249362715697,4
132204.81+303838.2,2.233,-23.91861788135756,-24.0780495955478,-24.44176482898276,-24.64817516648125,-24.97772591748216,-19.814061213001345,-20.86416161812082,-26.074791993980508,-26.103542920681523,-26.888179932266105,-26.181341995857792,-26.64669966606945,4
132304.58-003856.5,1.82,-23.94816360678084,-24.29605975379607,-24.933602794417265,-25.27417458759328,-25.558085001078247,-16.621390330955563,-19.39675121370067,-26.32265756811428,-26.63032437901512,-26.720053991192668,-26.860701999262837,-27.60741647939143,4
132356.93+045049.2,2.055,-25.689208016401867,-25.840171723966357,-26.164169139922567,-26.26612904023606,-26.50641950007373,-18.72286732352109,-19.52585326455588,-26.77896460274905,-27.0540671375931,-27.51882053398052,-27.652862742348425,-28.726190725630083,4
132552.17+663405.7,2.521,-25.076790696227043,-25.14460580402324,-25.54339003205686,-25.7155577843448,-25.95994905656313,-20.36732299540355,-21.660525755764805,-26.49910541751612,-26.5794977137682,-26.85730925555398,-26.935898483712545,-27.541679844299992,4
132624.76+131727.4,1.989,-23.611745892121345,-24.221894144612683,-25.195982345577903,-25.600261673773275,-25.79735139472046,-19.42613740894589,-21.419586020058464,-26.099193454571477,-26.671073218699032,-26.56878167434429,-26.870148969443708,-27.493240418129982,4
132644.47+205914.3,0.4864,-22.24911512442025,-22.40836137092697,-22.65404560620321,-22.81309242494419,-23.09858697131575,-18.45965986741661,-16.747800522079295,-23.338730870276272,-23.909481794033685,-24.458257188323373,-24.77342008558965,-25.494944710003853,4
132727.01+671520.0,2.145538,-23.994426231303866,-24.24238011700355,-24.729905288095168,-24.993808481840556,-25.302779646975583,-18.54789672861728,-21.12349725639517,-25.90053151177509,-26.31392769040136,-26.470888004224967,-26.538319767164637,-27.426953021690228,4
132748.59+653405.7,0.52524,-23.323514055994654,-23.478957192010384,-23.74939327762688,-23.821460974418248,-23.983289395905523,-16.377585420938527,-14.523882604724976,-24.16604964873316,-24.27712744690406,-24.86345886376489,-25.32411786567924,-26.178574391574447,4
132750.44+001156.8,2.528254,-24.456051968921063,-24.49145522065863,-25.137554498402984,-25.42027746065738,-25.683049373912173,-20.329589922323304,-19.39814667108084,-26.313308861940488,-26.675240988596943,-27.298763459394404,-26.998689956864595,-27.46318928749277,4
133017.54+044646.4,2.197,-23.23575699834808,-23.650825994351614,-24.57136776235796,-24.92451138906876,-25.30024496795441,-19.331016622350376,-19.84361526673144,-25.75576447869816,-26.64668949844284,-26.858232588993427,-26.70726949567096,-27.749015889562767,4
133330.61+105257.2,0.747183,-23.388107149825352,-23.761477075516197,-24.05997763042728,-24.23773131572275,-24.404534114093675,-17.280341486869336,-16.675851975837674,-24.896064469127246,-24.853623577977032,-25.68768977935617,-25.85471486020212,-26.728693696337967,4
133353.78+213035.6,1.0135,-24.27950296578039,-24.43839209020481,-24.81172421754415,-24.95695591611844,-25.103796069563703,-19.06140898935016,-17.875118428230707,-25.23541300863484,-25.208879450067585,-25.446250844926823,-26.15513559133757,-27.008672418958284,4
133401.41+461937.5,2.519,-24.67596603070064,-24.928040585445974,-25.27371522892861,-25.42061585800543,-25.74119761163479,-17.874056001036646,-21.582853843889172,-26.0945687813845,-26.74566134149695,-27.337862135663357,-26.97401863149652,-27.61929461476343,4
133426.44+185228.4,2.473,-25.463934234059003,-25.46185470259997,-25.88701251499772,-25.996074038982705,-26.194783176657587,-17.163887202229848,-18.61307871081701,-26.663106048584115,-26.89613409360806,-27.20362178875729,-26.99391500389656,-27.82402576949904,4
133610.96+184529.9,1.948,-25.40335285288129,-25.710872360299536,-26.29535997987343,-26.613414900321303,-26.83745376884231,-19.76842239450739,-22.58649593830725,-27.45015256027301,-27.72184910944132,-27.87017601796965,-27.94230444470985,-28.484322356615824,4
133612.97+375139.9,1.943,-25.08070624933231,-25.52027888150644,-26.0688887576589,-26.258227076582987,-26.463291968275676,-18.95412437575888,-22.258926247372624,-26.83029050910965,-27.32126041094656,-27.404165580219843,-27.466947040577484,-27.992255874208556,4
133647.14-004857.1,2.808,-25.762098745586083,-25.75368905138683,-26.032269883130063,-26.1647831261868,-26.447438118003664,-18.763934170676293,-21.682965210428844,-26.793961151430132,-27.511145874817824,-27.72468682910946,-27.55567725482831,-28.03605684599841,4
133651.47+662711.9,1.251,-24.825281143211534,-24.98152392318774,-25.29608908489355,-25.526792117146996,-25.76089266083171,-18.9889835303288,-19.829015046744424,-25.99096433421375,-25.98979307347748,-26.523399513417992,-26.84757115030206,-27.799243873318492,4
133804.79+473219.8,2.63,-24.82643651384836,-25.037065535717915,-25.828659086850625,-26.184302387546904,-26.471499342288965,-19.268772383388864,-20.24327181719809,-26.67702095008059,-27.20432073516449,-27.41066749088705,-27.233097560566808,-27.916777150873155,4
133901.43+251906.6,2.243,-24.42095437575264,-24.61002849709642,-25.04381987009674,-25.346244057421924,-25.719393017945205,-21.20705678505152,-22.818891270891758,-26.1879852595653,-26.88153839444414,-27.28497287646049,-27.17060343274713,-27.8641380564794,4
134021.66+210921.6,2.639,-24.803831010393747,-25.21876252708008,-25.565507821575423,-25.82594081664043,-26.313966349853608,-19.06113436335684,-18.807333230431624,-26.633371518624475,-26.806361884532897,-27.848789729343032,-27.89392110030355,-28.43585435941739,4
134100.77+641524.0,0.470801,-22.883765635569517,-23.135531429531323,-23.619165405513424,-23.633827136727888,-23.772676031709317,-17.57821810518782,-16.02173821574493,-23.971180194761857,-24.376500452185297,-24.89652071765286,-25.47751713905672,-26.183345482463576,4
134113.20+613344.3,2.297,-25.358600502275955,-25.37076889906411,-25.77405019904917,-25.891355647061363,-26.12578708947078,-20.662834861114412,-21.74371464295192,-26.33518965221085,-26.833765547187014,-27.003418668246283,-27.187544626153457,-27.98453949906587,4
134116.30+044853.7,0.931393,-23.955499026916744,-23.99454610933292,-24.29409107028105,-24.518384115790752,-24.7872871950998,-18.027007523489537,-18.64607553893705,-24.99058794937376,-25.305503988328216,-25.827576041629392,-26.136078038825293,-27.11585282542043,4
134211.97+601525.2,2.399,-24.96622488781036,-25.17403600196714,-25.49406483829651,-25.614807625040477,-25.92304042492611,-17.999583381696038,-21.65874606869872,-26.51738952222087,-27.116885822016982,-27.695831368085926,-27.3175442057626,-27.87530230118383,4
134422.34+202111.5,1.076,-24.475990235546963,-24.590680496205483,-24.84798536412342,-25.014863043224672,-25.126598552300862,-19.134609030654456,-18.031694017769052,-25.624135223319,-25.24157085562359,-26.031858775425505,-26.496982936444947,-27.46208880094216,4
134427.02+661539.9,1.320811,-24.81184598620463,-24.7990150062394,-25.11749132331547,-25.261236116926167,-25.48309593803777,-19.056015856521327,-20.0004403298594,-25.85056435828354,-25.81856242014383,-26.596785322826857,-25.83953922926208,-26.625647525314164,4
134453.90+625227.7,2.858,-25.26741915148268,-25.210583093961542,-25.61794064753972,-25.82148876094708,-25.950811962519538,-20.471797121168603,-21.70710837297024,-26.207304696295783,-26.84964603586952,-27.451158868019547,-27.08865730122031,-27.709656440487866,4
134615.31+210436.2,0.8811,-24.01843963769041,-24.3785294732388,-24.769412477103167,-24.874384939437306,-24.98640926081052,-19.08559038839702,-17.684711879582473,-25.200270502872968,-25.21685737392837,-25.71798862054016,-26.30287073853565,-27.16997225992189,4
134722.83+465428.5,2.915,-23.193025022550074,-24.77189111636533,-25.535923065265525,-25.99125781329272,-26.31786808101132,-14.765631183870376,-18.84459793838272,-26.716491284392188,-27.352515412584737,-27.84699768324312,-27.771561820359484,-28.09990927244895,4
134748.59+044503.0,1.501184,-24.32428438405128,-24.72371912074212,-25.031491533055966,-25.12303291942612,-25.37184960460139,-18.40474200732771,-19.52046038976824,-25.92513138696443,-26.117217718430613,-26.24039467517317,-26.56797610590788,-27.600817564172683,4
134804.34+284025.3,2.473,-24.802191372736356,-24.895160583480195,-25.19949042532509,-25.373950359217226,-25.632644008492807,-19.7923976215004,-22.804280667069666,-26.181145477658827,-26.353881506628017,-26.65778854611404,-26.60972486116524,-27.0367900870712,4
134840.17+350614.1,2.794,-24.22983433429038,-24.735314137157232,-25.12897062432609,-25.251284686759053,-25.578313045694657,-20.02811116282249,-19.32311839855563,-26.48682061027888,-26.042696792095292,-27.03932444154921,-27.03733617573604,-27.53540178364156,4
134943.48+260111.2,1.225867,-23.94564351865595,-24.065696920680026,-24.340508651500777,-24.45637085563672,-24.66225360181381,-18.39722357120431,-19.588449556916604,-25.149248755275973,-25.21732866568352,-25.95058359618921,-25.608485024404786,-26.528788254913984,4
134945.16+434131.2,2.357,-25.306883771324408,-25.40019640180887,-25.880622020566307,-26.007866710116325,-26.23284929324627,-19.98622984599845,-17.670954867631604,-26.446106054389176,-26.929846504062592,-27.16281150895514,-27.14744197885152,-27.85476466374637,4
135023.11+044029.1,1.75602,-24.567836975211407,-24.910171601933893,-25.22687196565148,-25.350482500501705,-25.58735852828825,-18.56301076063454,-19.54803763768628,-25.974257427503403,-26.369869211904646,-26.65059929822894,-26.665030442588115,-27.541351190798505,4
135031.73+084354.7,2.621,-25.029358149187683,-25.064683984504526,-25.465371068297586,-25.59875309155795,-25.84950806035069,-20.10630385345044,-21.16427365679733,-26.316359001483463,-26.57440452424561,-27.355693430016988,-26.713524432525947,-27.43906833772297,4
135114.85+360505.5,2.16,-24.617917708992053,-24.77254005487308,-25.161326565424943,-25.253097269149997,-25.45662601621212,-15.538334068091444,-19.428749520931014,-26.41162731581445,-26.330497576486163,-26.479615857194307,-26.562792406182453,-27.432135755653693,4
135127.59+210209.3,0.8194,-23.863381206942336,-24.03946405376568,-24.278722130414547,-24.34118198151525,-24.41658453833627,-19.1098784380692,-17.53580691998459,-24.780067539693185,-25.02257209949703,-25.049660985050743,-25.289888392709678,-26.187561990417464,4
135155.30+255831.7,1.319833,-24.60895463485784,-24.939940001181423,-25.204027541377197,-25.353688485773034,-25.600582227604185,-17.964536404496787,-19.81654208909581,-25.80387153388897,-25.974571040930755,-26.461481972523647,-26.997564996487977,-27.93515334799928,4
135305.54+044338.6,0.522821,-23.27954636282122,-23.432721722290964,-23.51924719429672,-23.64457307946556,-23.834271613641377,-17.595513235171776,-17.702636867795608,-23.572795011922548,-24.30951390261162,-24.87367122781326,-25.34640027707523,-26.27677961673075,4
135530.35+250853.3,2.57,-24.503564106539766,-24.8774757310198,-25.545644899721857,-25.84945178061133,-26.20254145235521,-19.00756561015946,-17.832219085891683,-26.763023273944224,-27.011066069183173,-27.475221030843084,-27.140656051464184,-27.30875674198812,4
135550.20+204614.5,0.1962,-23.28363559902118,-23.62300427638159,-24.05114588522052,-24.218158640057627,-24.167999672081592,-16.118664185930495,-15.103298185502672,-24.31380361947005,-24.90668717156686,-25.56504997109772,-26.3470100175354,-26.886606161106524,4
135726.27+043541.4,1.234529,-25.29900572333094,-25.422913266400613,-25.732612569996554,-25.92643172647329,-26.16590159584256,-18.25896758282403,-19.265529059789007,-26.45268252413394,-26.36318875832646,-26.58777797420716,-27.089775747719667,-28.019858703196714,4
135727.18+135731.6,2.475,-23.141645099048684,-23.259718357586745,-23.68461839054516,-23.86480663622961,-24.13567748888331,-17.562367901349184,-19.36671708909986,-26.7951750299432,-27.272313558567287,-27.393463185382465,-26.06432691970428,-26.64299244484443,4
135823.98+021343.8,0.955699,-26.359211193685702,-26.43532169491468,-26.69556064878772,-26.82720944748028,-27.03718070803344,-18.512728950324096,-16.84702880996324,-27.092705050549643,-26.92411162556738,-27.198561739431124,-27.673243192935743,-28.5532880021607,4
135908.08+162300.9,2.409,-23.75191126174637,-24.1345573756452,-24.76188407096929,-25.065222542907755,-25.47727636166609,-18.98518012842368,-19.451605118709384,-26.02506061907851,-26.73585116947921,-27.007185554740527,-27.00993986406029,-27.886603213462852,4
135950.25+204703.4,1.447,-24.941497315033505,-25.03819103627325,-25.563481972961064,-25.70476646527569,-25.938784370932154,-19.52500927523816,-18.74826812421197,-26.266726388184413,-26.98324736062778,-26.5302887730999,-27.214753679799685,-28.077972402796615,4
140229.22-015800.0,2.84,-24.71054053806718,-24.83259555321826,-25.188843903257208,-25.30690675545405,-25.652876717439653,-21.502371978696598,-22.353301336054287,-26.2760665890779,-26.80576219194897,-27.40145569524709,-27.342737040907053,-27.732841250539288,4
140232.55+020939.7,1.374,-24.555803013763597,-24.729800123562534,-24.967054342911197,-25.06149904099924,-25.385881290607077,-18.854428961231832,-17.69266031175904,-25.917690980946425,-26.05784432447646,-26.776114891780534,-26.39090611484556,-27.399939463216548,4
140319.78+494628.4,2.553,-24.584690977493867,-24.8152815960104,-25.29791139119145,-25.456551486074638,-25.71420738272478,-17.68707486457851,-17.125284129255753,-25.956978814482035,-26.39343467474818,-26.948775365106822,-26.628299310924184,-27.20192737788427,4
140340.92+224004.3,2.703,-24.728020045626035,-25.001191112485028,-25.46362844977985,-25.56561537188805,-25.865096797504894,-19.32607836511145,-19.029354049235558,-26.417735007742888,-26.83641442364018,-27.265591054229883,-26.86638318167718,-27.33439319491085,4
140357.70+065545.5,0.5624,-22.67047780495777,-22.87904734814093,-23.08868951248953,-23.098773374483,-23.29173079319248,-13.93570931979664,-16.810328664117243,-23.991893338866696,-23.258399628861223,-23.28500146751895,-24.51156653857313,-25.316519652895284,4
140416.31+632648.8,0.948707,-24.880050060768585,-24.951322898932496,-25.276082717302845,-25.414090661030475,-25.66752168026825,-14.49103288087791,-17.485915291270246,-25.48653710179537,-25.568941581980692,-26.086961378083647,-26.96310096639855,-27.91739462849107,4
140501.93+444759.8,2.217,-24.665033985366065,-24.895162888104608,-25.424480085789696,-25.5437785290456,-25.775592595943383,-18.68673449065578,-19.41903519815428,-26.401175616994983,-26.50044975457537,-26.78907324283038,-26.99421076017653,-27.80446347726985,4
140532.90+022957.3,2.822,-23.896519483160105,-24.62506955180804,-25.08501091014709,-25.39013973196036,-25.62265904860917,-19.045492134222727,-18.665649807016564,-26.337958409654576,-26.86080456627453,-27.372894400628883,-26.80916133424504,-27.58056206276757,4
140713.78+214906.7,2.441,-24.303543777134117,-24.55308261223164,-24.98439945062881,-25.20363877714193,-25.62467201585158,-19.49709771057333,-21.473319000791214,-26.257041983152885,-26.798587372450704,-27.401303514739645,-27.19409876302624,-27.57989004493803,4
140848.80+650528.0,1.941,-25.69100411164684,-25.82238796924498,-26.103949420995413,-26.16760113181973,-26.38831690768101,-19.28913978543217,-19.972662565815032,-26.84679409823371,-27.188439891297367,-27.302113916632027,-27.45097393628352,-28.0430914066441,4
140955.57+562826.4,2.575,-25.3352256610119,-25.577251781537026,-26.3528662333966,-26.52507769466435,-26.751418984302305,-18.81006232953952,-19.500103148577555,-27.11463707370164,-27.7035049093309,-27.95571926145015,-28.026131843588384,-28.91465007739055,4
141007.73+541203.4,2.34,-24.370269534412817,-24.662952409752247,-25.168163605323027,-25.372002685294536,-25.69648839427922,-18.8695884840206,-19.79772659842582,-25.890044580401117,-26.633164702701816,-27.06289992993649,-26.87787252977581,-27.479052370514644,4
141018.46-004059.4,1.076609,-24.45748138282452,-24.549620007429397,-24.792980023781222,-24.855310902373454,-25.007101215231295,-18.817927616899897,-19.54048047236073,-25.20147118347749,-25.365662276242176,-25.911168180294887,-26.20849028844816,-27.06098491696001,4
141026.42-005009.6,2.364,-25.357580379268256,-25.470118766560443,-25.84524014852666,-26.00559165476681,-26.247670690457387,-17.673905282262435,-20.824758969070835,-26.75149591331094,-26.22511949506778,-27.42747768842013,-26.329014644229783,-27.54636063049771,4
141213.61+021202.1,0.294976,-21.912591217951626,-22.17752046056997,-22.491992533363504,-22.709551022179628,-22.8553493886707,-16.575735931596363,-14.970886771623384,-23.428897679285765,-23.702150080411247,-24.16907702151531,-23.953782717711203,-24.62046991576546,4
141316.06+020346.9,0.506364,-22.45453811629384,-22.66628828467399,-23.02152004824709,-23.134701003090736,-23.39829778880241,-18.128183482742905,-15.952331670990851,-24.01948232234804,-23.542606443551986,-24.592580293785208,-25.10916926882479,-26.10228607549067,4
141334.38+421201.7,2.813,-23.64869444422103,-24.23111608424006,-24.92156835592714,-25.324950609643107,-25.7472685053457,-18.263171302213483,-21.167175906116388,-26.43092552177705,-26.82424386172836,-27.435611043646357,-27.183889055905222,-27.533649861630234,4
141553.83+314441.8,2.68,-24.280715728064887,-24.577937650122838,-25.210740242722984,-25.528478181800505,-25.840950705725263,-19.219451943671483,-19.11386492949386,-26.188893258534463,-26.69645114922954,-27.133580256211804,-27.08520799412173,-27.80566209903212,4
141808.80+195059.4,2.891,-24.325398705663453,-24.88377657507749,-25.309159187963985,-25.54168129657876,-25.796126464215455,-20.023699583439036,-18.803694431072277,-26.29986057943156,-26.79900422223949,-27.00139724977763,-26.7971034061759,-27.447473261787145,4
141846.77+255535.5,1.954,-24.92542768084504,-25.20515569843589,-25.65870857323185,-25.971518933074567,-26.3117597119579,-19.28844405859769,-22.19266664096544,-26.742359546136743,-27.11842829412676,-27.510280561925214,-27.679908548794984,-28.583987334849063,4
141849.61+132458.1,1.871,-24.843042521298837,-25.01372133766567,-25.366881845687946,-25.584240014991774,-25.869254642971107,-19.52396490658129,-19.19941418778241,-26.299927522621463,-26.453530357351195,-26.448675274104517,-26.811259194949827,-27.206082328450684,4
141851.06+085228.0,2.017,-25.70470226862845,-25.843381788407115,-26.20019277250269,-26.440631497279966,-26.67490412618508,-20.128883665955623,-22.55136115289735,-27.195467649275628,-27.44806560873102,-27.68593578312193,-27.587840215827324,-28.14552656784513,4
141951.84+470901.3,2.296,-24.958730580794835,-25.409096900702828,-26.059274143994216,-26.378804867491297,-26.699058823076133,-20.11506982168483,-20.676583775573864,-27.29326408763014,-27.752550890324983,-28.062794792199384,-28.006543634620744,-28.834326359705308,4
142010.10+132629.1,1.568946,-24.1225109990844,-24.468402019298665,-24.793586769742618,-24.908150013113023,-25.159817823341196,-19.376088789099423,-19.197099822768912,-25.6506425348117,-25.75274815970841,-26.07719919365625,-26.03413653091854,-26.85041182041886,4
142108.71+224117.4,2.184,-25.91539105428654,-25.875890277663046,-26.221882014014767,-26.524933879796453,-26.81041218218821,-19.093327353496434,-22.31564990968901,-27.38556967151134,-27.827021107633254,-28.30199574696323,-28.168865347945324,-28.799455731894025,4
142151.57+021352.7,2.338,-24.216554952169933,-24.5272316106086,-25.01126172456516,-25.12888293291297,-25.366657555937355,-15.60268265283843,-18.694365843561275,-25.96086526208047,-26.33860581916756,-26.866450904810748,-26.052372654913484,-27.00745770519317,4
142304.55+105917.9,2.527,-23.327287404067004,-24.02302269209129,-25.072125144867197,-25.39232391658313,-25.646649146935136,-18.08204734122785,-19.942088532966515,-26.14331713818575,-26.56570883825084,-27.029820555257103,-26.85683921310181,-27.21624589867944,4
142332.05+205603.5,2.425,-23.58369956155528,-23.91702586673932,-24.58701500935942,-24.7792149784248,-25.146004331887088,-18.172072083265125,-16.57165447056641,-25.88570086768085,-26.211189121874945,-26.773201093984166,-26.29557375473641,-26.80649990863942,4
142426.15+171826.5,1.982,-23.63382605029008,-24.046448674316597,-24.436670020120825,-24.54772866340996,-24.81811518310619,-18.1646642431671,-15.88917589756799,-25.64289391871586,-26.658913018051454,-26.170741165164607,-26.12207069540264,-27.14045558282393,4
142539.01+331009.4,2.299,-24.52884503489616,-24.653583961007907,-25.010621808294893,-25.18200371888421,-25.456389001963785,-20.76822205820269,-21.46476342410034,-25.903777687524315,-26.28295473414054,-26.549208803287915,-26.57997501055958,-26.93803355201738,4
142734.84+183302.7,0.3409,-22.51731446587272,-22.693842437964275,-22.906120646300906,-23.02949709617149,-23.25445295518316,-17.449168641739288,-16.145314744701384,-22.96249122857468,-23.60326444805736,-24.03939195403244,-24.00154137492464,-24.810001585103848,4
143236.02+245957.9,2.864,-25.046850627720445,-25.29748593288552,-25.582223656103498,-25.70450735864451,-25.96187562228475,-20.260753861634356,-20.294643545724902,-26.434945866276628,-26.76651770266096,-27.62615653118015,-26.97481113400456,-27.439160577313427,4
143256.62+494844.1,2.565,-25.411780727689628,-25.459829739439137,-25.9772492208599,-26.11936449395682,-26.272477072378603,-18.121840593072665,-20.725937829232485,-26.86974979047652,-27.426299660874367,-27.57111989345182,-27.337489780066843,-28.034382385548177,4
143308.75+181903.7,1.5567,-24.797599707321584,-24.895612060200712,-25.194531496434813,-25.37142975200428,-25.63474731399085,-19.5572278417562,-18.71909944484139,-25.98447428371634,-26.12804783095029,-26.40247595165988,-26.788462579714835,-27.63665044956576,4
143328.08+181914.6,2.042,-22.78248512418087,-24.18692004132159,-25.096166370879057,-25.350899107709388,-25.698206667449192,-19.765332217809856,-18.66072532182757,-26.48011696165825,-26.90259980531628,-27.032858229036734,-27.12200127283185,-27.928719880407336,4
143645.80+633637.9,2.0679,-25.83119885559921,-25.9700334244399,-26.342901662988496,-26.57959855396325,-26.863087112778608,-20.61048303016588,-21.98038771467141,-27.522711767475727,-27.791434898446163,-28.14626082210536,-27.671874374133647,-28.275517036074145,4
143722.55+211518.7,1.907,-24.477344418228675,-24.609728754887275,-25.1067092072062,-25.46973584476237,-25.67395293402989,-21.918500701918504,-22.51361092865411,-26.297787636176377,-26.55943212990463,-26.82790300575388,-26.84731704619213,-27.41805152384487,4
143901.36+504241.0,2.64,-24.970707076055277,-25.0261601416762,-25.466245221652997,-25.621560918189623,-25.882404312583123,-20.745546539106687,-21.501543882760817,-26.531808949726454,-26.682103561476143,-27.18852436584328,-27.06582409217676,-27.74751010631597,4
143912.34+295448.0,2.991,-24.90029705796569,-25.59353916436367,-25.96123031590228,-26.15280201413774,-26.42065421656041,-19.73544519767371,-22.56924444204794,-27.043671472044167,-27.412080430007983,-27.592820814591544,-27.70648766679836,-28.327057917056024,4
144012.75+615633.0,0.276202,-22.88896306153065,-23.16474826508491,-23.52808454088999,-23.5593323382852,-23.64776581631661,-14.62959999099023,-13.427305745950944,-23.55066783547264,-24.108504985825626,-24.657888345004118,-25.793024007239453,-26.348416250315328,4
144117.57+345053.4,0.350451,-23.709783361124614,-23.943756060689918,-24.30416474275633,-24.379738241681945,-24.43403614839461,-15.269610849210125,-15.83674673827174,-24.22357820403639,-24.858577648482225,-25.410631584785172,-26.431164196185147,-27.117869554398467,4
144152.03+323705.1,2.032,-24.848962914298045,-25.210899245579984,-25.581385682351968,-25.72668564410577,-25.9889484706086,-17.654246980654495,-20.603427954170083,-26.481980050000686,-26.49622010360354,-27.080578155585467,-27.02881452810864,-27.88366724805045,4
144254.78+405535.5,2.593,-24.14086972999356,-24.607650405976944,-25.295059309200216,-25.62737271189737,-25.995650477963792,-20.121580456966672,-17.00044285755961,-26.98237010351105,-27.69729253470188,-28.224398248643094,-27.515243669393264,-28.350201620338897,4
144259.86+184524.4,2.266,-24.034051198955687,-24.25875678339164,-24.655341767797697,-24.914652624779904,-25.249485513152884,-19.871276907369054,-18.658651430113988,-26.30259632734674,-26.618025670144803,-27.138671833112905,-27.08312810999884,-27.787829230790603,4
144600.03+122240.5,0.513729,-22.954602350574127,-23.24498229396671,-23.552446606492342,-23.731290669747256,-23.98450942037985,-18.48960999996118,-17.36897962842799,-23.71293400507695,-24.170821425571443,-24.530570756205798,-25.31765830918657,-26.15676386880885,4
144654.76+610248.6,1.755,-24.39293550780341,-24.77084341536121,-25.111167543412908,-25.408289041428468,-25.67281302745092,-18.30707882343472,-21.397987740784377,-26.128289913914333,-26.24622265721437,-26.593650406492756,-27.05900302725052,-27.98131128140966,4
144707.40+520340.1,2.051,-24.54774643866253,-24.95575390376684,-25.50996882619164,-25.811415119405503,-26.142349540746824,-20.89420102990972,-20.858440757249085,-26.595183501056912,-27.21376811765808,-27.54886547308985,-27.28872283979456,-27.87747572218664,4
144715.60+541713.5,2.199,-24.382468238376624,-24.649025640418124,-25.258897722345168,-25.5318668821353,-25.809078938685648,-21.13906521479723,-22.131646477613085,-26.12388172183561,-26.549460997047216,-27.034643979335936,-26.813405360364424,-27.41958194137831,4
144724.65+333852.5,2.49,-24.565655934493687,-24.8527040508689,-25.470407317186723,-25.783384668771465,-26.090681503731822,-17.52356254542388,-17.500800798612925,-26.32939312285961,-26.67019297496833,-26.89856432824433,-26.93931635205648,-27.34355499982153,4
144758.88+225733.4,2.225,-25.35078779223414,-25.461924681915693,-25.837616457531453,-26.00091980514539,-26.251920737049872,-17.407439262122114,-17.71654796509735,-26.266297918647656,-26.77026589813911,-27.156172100807776,-27.043060669571663,-27.594092813656214,4
144856.61+542037.5,2.345,-24.626665360038206,-24.82534809847,-25.41285858418177,-25.562230690091702,-25.773656477021728,-20.433742650811613,-19.66112223142856,-26.14426838324804,-26.55241427684606,-26.762024964057066,-26.281010125836666,-26.772930463861165,4
145027.73+482509.1,2.585,-25.16818286140584,-25.24329740786505,-25.706988525517996,-25.862696881639145,-26.12631784045461,-21.82466622502382,-20.868048867509795,-26.759550342779544,-26.90797107300597,-27.57210800404355,-27.220291717532188,-27.94355504536396,4
145107.96+611401.4,1.913346,-23.728725786857087,-24.25607022841613,-24.896267704224723,-25.208111009636845,-25.609401433458668,-17.342785944137223,-16.28667911365129,-26.16482680343558,-26.50797678571748,-26.71604587062353,-27.019414476942966,-27.755488971501386,4
145156.37+110737.1,2.246,-24.702486037321115,-24.961794445240344,-25.2780042428458,-25.62232035984588,-25.95335192514657,-19.740675041071608,-20.194120591973444,-26.614855229777337,-26.761214924798534,-27.020243734234416,-27.01180934274736,-27.68490414894622,4
145307.63+380319.6,0.262431,-21.75085379631953,-22.066020940007025,-22.35593718219982,-22.47197752639436,-22.451348431918092,-16.245263282178666,-17.212283527724193,-22.76231549168361,-22.85405570579788,-23.174507261667667,-23.983837451975948,-24.660690092954404,4
145508.14-004507.4,1.377,-24.546847709984316,-24.656340948672003,-25.040850201134106,-25.218468129551887,-25.436758344625005,-20.037898949055496,-20.257395653112763,-25.818849038249603,-26.107051784566632,-26.1837452168179,-26.52873165765257,-27.43936827641197,4
145522.54+120718.3,0.50126,-24.16750940263337,-24.39304649029181,-24.772484160084662,-24.85594011472051,-25.176114566126365,-18.455016370297567,-17.36425372375397,-24.903990850496204,-24.99266408811965,-25.63855135561633,-26.304658110107997,-27.166727978634917,4
145610.77+120145.0,1.181704,-25.378530954262896,-25.57516447134258,-25.82646888918136,-26.019667244383808,-26.298167495101907,-19.16494601203522,-18.837034753703477,-26.390775758465463,-26.70335495515633,-26.74058839115127,-27.47639514249673,-28.41816365943413,4
145628.99+170816.0,0.3381,-21.32734450312768,-21.519299273702934,-21.96084730082388,-22.10645414541672,-22.30569574941437,-17.443305432244152,-16.149749045124423,-22.520757320866554,-21.97897017746851,-23.914663350348317,-24.465849143837573,-25.00327591454211,4
145654.30+332123.1,1.506,-24.470354909944145,-24.6488649581738,-24.917574948259784,-25.05009270742301,-25.293629800420455,-18.82549926874813,-18.625236045604584,-25.82228936335701,-25.949858729829096,-26.484827290692355,-26.15028650671836,-27.147613844410905,4
145705.19+270757.1,2.5325,-25.16513381358762,-25.34988378486596,-25.745940184660544,-25.935087274812588,-26.39421310096156,-20.46953206423073,-20.280780785880864,-26.73723704910192,-27.132302049001893,-27.790236899569045,-27.732644887898264,-28.42486769567625,4
145959.24+395909.8,2.378,-23.883859456941675,-24.26013220828749,-24.95900401846139,-25.2532299475562,-25.55568302165212,-17.600968843348895,-16.665387283112274,-26.233365674832797,-26.562546070471186,-26.8468200457082,-26.871714871766432,-27.670892853602982,4
150020.97+164854.6,1.1156,-23.353436627464127,-23.992317095491995,-24.58247199297093,-24.724898068102046,-25.02680873961616,-19.24104904384733,-18.17208952754117,-25.57384328750992,-25.90875755433387,-25.51097017266854,-26.16150333209658,-27.115173381328518,4
150207.08-004514.1,0.43927,-22.2137198029604,-22.80312398599174,-23.409883712072663,-23.57336828768548,-23.79065020126845,-16.768197625705323,-15.226686817992803,-24.211792639583543,-24.50681099602976,-25.33211866147278,-25.92739082926934,-26.846588774910003,4
150432.02+135714.1,2.177,-24.982319276015374,-25.21245785757216,-25.58781181058942,-25.716763896528715,-25.9695315023258,-15.209916891837151,-17.337780337051907,-26.559033270313776,-26.726101945573696,-27.306348086834703,-26.88783890764797,-27.780832528123423,4
150505.84+442812.6,2.449366,-23.32069844808332,-23.849530767413004,-24.89114325027784,-25.3447825957938,-25.517263125305995,-19.182654212835818,-17.509456334185064,-26.164535365450146,-26.727256325012792,-25.356910437354635,-26.68968817478661,-27.60439903533537,4
150506.63+435756.2,2.596766,-25.37270094510617,-25.547120700929305,-25.90835706074758,-26.004446314936327,-26.35330966029163,-19.075479054797054,-19.34597599517745,-26.760733987709735,-27.369173456301453,-27.65855510936592,-27.749361367224257,-28.269254755840286,4
150606.82+041513.2,2.688,-25.283466992154548,-25.145389055627685,-25.588051443454408,-25.70848749477577,-25.93762941776648,-17.827492933397597,-20.12186537594085,-26.33673659115445,-26.809098513296963,-27.060683641497302,-26.829873182819348,-27.505064719615397,4
150823.71+334700.7,2.207,-24.131818138854264,-24.292153983359302,-25.02590309636762,-25.379524271608503,-25.72886092406244,-17.67395141611844,-17.025565861176723,-26.31835578473272,-26.07531017173139,-26.911695590652933,-26.8725232622431,-27.358476720483523,4
150955.64+270932.9,2.92,-24.03939600419489,-24.81148502822255,-25.202887638176453,-25.50879111055026,-25.815588643156783,-19.66322295044631,-19.299893160699924,-26.34905750064028,-26.92702749890501,-27.28222297792057,-27.324759522050357,-27.96899829028033,4
151011.68+014424.8,0.561216,-22.82155231851356,-23.026900368463167,-23.27101157495242,-23.30695414903027,-23.535091846343413,-18.417508871605737,-16.081577390252924,-23.3184058159848,-24.00710685546254,-24.547931996943667,-24.67198058539623,-25.483533282089248,4
151123.30+495101.2,2.4,-25.34201485619779,-25.482955884754443,-26.236746083298428,-26.43698828499,-26.628646449395823,-18.348368867906768,-19.648898142609436,-26.917529310048785,-27.354241129939865,-27.63718660972264,-27.743905606376675,-28.48965148933465,4
151130.30+140551.0,1.11,-21.740976309703225,-22.77232827270115,-24.740780751794105,-25.45005840932617,-25.81628562274736,-18.37025351266628,-18.8290580651114,-25.868779817887862,-25.78805805838132,-26.036229622304678,-26.78396030465664,-27.535162510056253,4
151218.22+240740.1,2.127,-25.501850478682403,-25.817478919604564,-26.19991055354612,-26.275888724503947,-26.41701189505291,-19.096618712590537,-21.587662537415135,-26.455601687160115,-27.05697639921167,-27.254366282516667,-27.40478770132771,-28.215736159041818,4
151227.82+113405.4,2.347,-23.665806140270305,-24.12317506129408,-24.74838849240913,-25.10973130816879,-25.504762429240085,-19.38702801584179,-19.66299127389706,-26.05847919021133,-26.67551734227082,-27.261016869832453,-27.063658317013505,-27.54322696207474,4
151249.29+111929.3,2.108776,-25.288676698990106,-25.437836125613742,-25.753006403823928,-26.09750179875729,-26.379060970488087,-19.78499340824048,-19.302849742560653,-26.591751880502944,-27.58952713231829,-27.767073128985658,-27.578455628848435,-27.963746834472754,4
151431.35+164907.6,1.3751,-24.41302062453415,-24.60946013144339,-24.94431800228192,-25.128772401805733,-25.346256932848647,-19.459397462459997,-18.702020922903998,-25.78280823111755,-26.207502968099377,-26.148423594230152,-26.512673707921294,-27.477067679036555,4
151630.30-005625.5,1.921598,-23.624265630599,-23.97149588812459,-24.534188835222437,-24.81941639241601,-25.08475534991689,-19.12688583260353,-20.9617747882625,-25.780198618220723,-26.055348640282155,-26.177027396875403,-26.084617148290132,-26.93417848324758,4
151650.79-012859.6,1.244452,-24.717882491903,-24.947803420306855,-25.33374075620297,-25.58969208098539,-25.863431984710196,-18.869183317855605,-20.45874561014972,-26.293598905862943,-26.2349741295527,-26.421319260402534,-27.0068452236021,-27.88833704784868,4
151709.37+154625.7,1.929,-25.0803350084293,-25.346814522272787,-25.686014868059264,-25.89612682946412,-26.09175603063465,-19.733866903143216,-18.70553504223289,-26.336187191764644,-26.80721992160893,-26.64376656162465,-26.905134582720425,-27.61666536836021,4
151724.54+291419.7,2.0892,-24.67162343796353,-24.84142782948944,-25.240835901506337,-25.434528769249464,-25.69435993217088,-20.9795625273824,-22.24593765626436,-26.25772333305021,-26.44010532678371,-26.945913388046925,-26.919458676233692,-27.532416672801663,4
151753.89+451812.1,0.539467,-21.74064932560208,-22.404187497724624,-23.160636731888918,-23.33905278616557,-23.69161617225416,-18.148290537780422,-19.33737207380951,-23.63201502629279,-24.857638667729383,-24.83885472460231,-25.202469620972646,-25.94998297476425,4
151919.35+224417.8,2.343,-24.43840200857047,-24.55058327204825,-25.12247656325276,-25.238890430672654,-25.53425367181442,-20.310837550015695,-17.776450293074916,-25.65250042684476,-26.4594085484406,-26.919120336522628,-26.606777947800893,-27.33876284133092,4
151920.75+374902.2,2.107,-24.76291466684528,-24.933649573219,-25.24181513949392,-25.46715822961905,-25.740712081620536,-20.842219939058094,-22.52291792896528,-26.42450903825168,-26.706497807796204,-27.25611456082549,-26.991977029669343,-27.444773785491197,4
151927.84+490858.5,1.84,-23.09258746299602,-23.939932252020014,-24.85518786067681,-25.13761084556773,-25.4945969381561,-18.986436503374374,-20.363152457582995,-26.22023158871472,-26.76862580146636,-27.14410793583337,-26.898267054622806,-27.54946620734797,4
151936.63+163053.2,1.073,-24.88767335675178,-25.066050612206737,-25.37229419700869,-25.531857032404368,-25.703302238884017,-19.18033582323732,-18.074067589364876,-26.420519046056377,-26.149292343291464,-26.571448139854787,-27.26031977218896,-28.314557675467785,4
151953.98+110713.2,0.323619,-22.68256405637683,-22.85543722035786,-23.059675235609973,-23.17502769854737,-23.554532056314127,-17.231021756091867,-16.651876515555585,-23.546953433968334,-24.101201953649497,-24.72166163657994,-25.07369739074387,-25.67367303014709,4
152008.43+442428.9,2.69,-25.066818561085807,-25.05493693968716,-25.390682016725027,-25.5265862647123,-25.88190562527314,-19.955911865095107,-19.28647226028589,-26.165443296665167,-26.981136528549207,-27.644661137699217,-26.994222117681627,-27.65719607545704,4
152022.66+060037.0,2.3435,-25.129439018889112,-25.20827245576865,-25.62910957750401,-25.74396495958614,-26.0018521392562,-17.037769368846213,-21.02772243674892,-26.573800711108586,-26.779547421299604,-27.22210377846157,-27.00876238146092,-27.90616523974209,4
152042.94+162424.4,1.3957,-23.96957314500295,-24.170142353992357,-24.53373889495074,-24.639987421152377,-24.818380176006738,-19.47487484359959,-18.71513470039632,-25.441638947998275,-25.71001063514967,-26.050365280568844,-26.230179989167244,-27.213927349756137,4
152137.53+272825.1,2.788,-24.70580765868285,-25.15300461442052,-25.51377988211806,-25.658982847279795,-25.97798458637662,-19.21287537570507,-18.612452325764824,-26.35172693268809,-26.58943037843799,-26.96897790834704,-27.22677907655882,-27.71160464926716,4
152143.53+051705.1,2.528,-24.038705957825808,-24.24908956533754,-24.633309300939807,-24.950211410659477,-25.160618325991244,-20.160415566369032,-20.47426098116627,-25.77243791824467,-26.30892967196417,-26.553478684291434,-26.403247357114964,-26.76895852821834,4
152154.00+195533.7,2.303,-24.92176696979956,-25.086962909384376,-25.54207567564188,-25.71210339219756,-26.029779900112285,-19.86545787629404,-17.972698155187135,-26.501951113329596,-26.823535237604627,-27.2287940808801,-27.036346664457103,-27.6891718351806,4
152200.01+095659.6,0.583263,-23.607995652592795,-23.78604374040452,-23.9891675394081,-24.005935862570908,-24.230701636591387,-18.99671877313005,-18.68852293532378,-24.06562379451043,-24.81812296100349,-25.21370126052836,-25.54645341226878,-26.261255226967688,4
152531.76+151238.2,1.4882,-24.197613555847425,-24.524017570633955,-24.83618457282089,-24.96631964002797,-25.175552666424984,-19.56446527721769,-18.77065665107303,-25.59293238351887,-25.663685901099957,-25.79891457887861,-26.37729606662498,-27.25116062261885,4
152624.02+275452.1,0.2308,-23.05845969232159,-23.30182154111615,-23.573374643933352,-23.705691233262744,-23.606690050437827,-14.03240065635546,-16.459495859535515,-23.65385933527458,-24.043415899884497,-24.521695497735827,-25.03973749561488,-25.59079363977342,4
152634.83+160031.2,0.3701,-21.962208637552685,-22.400028007641566,-22.8377782652644,-23.050663237768863,-23.416001164888804,-17.774062201146585,-16.38698809569596,-23.639265349719448,-24.124709200641256,-24.816545563180085,-25.005223361541724,-25.83101382818746,4
152646.30+145353.4,2.191,-24.0370321203632,-24.50096100009532,-24.998800068994207,-25.251840379332684,-25.4636124437372,-16.67049217439923,-19.41216978874188,-25.947084993302404,-26.44732662137536,-26.70255795986436,-26.8415652760021,-27.4763836655452,4
152646.43+152628.2,2.206,-23.340464708445747,-23.758142014818866,-24.37352616333968,-24.65151621408985,-25.03641478345735,-20.800336269800383,-18.903840698262627,-25.90199827663948,-26.656284744070277,-26.700723901839208,-26.534662080384305,-27.4322378553953,4
152731.29+511206.4,2.198,-25.031554449923824,-25.19805700630412,-25.82580162839306,-25.989785581853837,-26.234036444543552,-17.811803667339866,-19.92774260073548,-26.637717312935617,-27.22637352980044,-27.420301825232453,-27.27253139841349,-28.235918904498444,4
152919.00+072823.4,1.936,-23.348489282031636,-24.149990492230053,-25.0535611253607,-25.54758740850444,-25.95447148767439,-19.40101327099991,-20.55943845863325,-26.47371507394233,-26.91033580760076,-27.018809231956663,-27.1200952654442,-28.03279365106115,4
152938.90+103803.9,1.986,-24.60768940626014,-25.11905643230282,-25.543716728826823,-25.65298228368475,-25.955760840567287,-19.664504791943504,-19.265438244688507,-26.665469715943946,-27.25099359843886,-27.45006847974082,-27.211068956615534,-28.03319465200728,4
152955.07+464809.3,2.751,-24.720995464457133,-24.738199377301857,-25.15795619862957,-25.384696192832184,-25.609924974829763,-19.077777071077342,-20.92284311554931,-26.17347758658364,-26.8170292831325,-26.94168063444265,-26.337587642660143,-27.16873864418996,4
153026.72+391047.1,1.465,-22.96740497611921,-24.313680138789376,-24.949635055199067,-25.23805103012287,-25.658929673752837,-18.5545942116649,-20.031324316241903,-25.964113615327904,-26.4123200529806,-26.520274927618438,-26.616662087995056,-27.31988928159946,4
153412.67+503405.3,2.111659,-25.271901552250792,-25.55043266532616,-26.171452965911083,-26.53276164749401,-26.74491527975626,-22.536058227175623,-23.71115876955904,-27.091985699313888,-27.64329367171172,-27.751799119422245,-27.70842209488268,-28.027589627749084,4
153551.23+373029.0,2.197,-23.491124609314763,-24.25144067211121,-24.946499442249173,-25.345238825591867,-25.72032632974986,-18.970946223940388,-19.280788859429336,-26.36688211962668,-26.84093132459162,-27.47173258638805,-27.18369890590309,-27.56020869865799,4
153656.81+411924.3,1.987,-25.019408968874775,-25.3545599148606,-25.695308930199317,-25.791036636266167,-25.971097589268552,-19.676882639349,-20.696228449435853,-26.17632746498733,-26.516333236473173,-26.234356981669883,-26.83461937067428,-27.70602626017176,4
153715.74+582933.9,2.595,-24.744423328910468,-25.378224821816374,-26.044322785890436,-26.36863084961775,-26.77445587669237,-19.0836666791703,-19.387152676645,-27.13828718828408,-27.82081260181565,-28.18088057401976,-28.321773497179617,-28.773413200154117,4
153849.10+012939.4,1.069,-24.27611535725282,-24.373404374522213,-24.700802946190063,-24.812119080787472,-24.97249412254884,-18.78431152839825,-17.268343667438703,-24.78789205604192,-25.13381712972998,-25.79210805283948,-26.21408288526824,-27.15647821932191,4
154048.86+260933.9,1.98,-24.28350206021051,-24.78805463074757,-25.223397350943767,-25.47107327724572,-25.8359162059332,-18.79229666292096,-17.222147083771574,-26.314325560459555,-26.838679710076327,-26.72531782212141,-26.89153445119066,-27.56384487755796,4
154109.57+184127.5,2.745,-24.131585826585447,-24.701441531899576,-25.36149583952844,-25.746106258800133,-26.14560248799191,-18.160924355968497,-19.82221075427746,-26.497467659741982,-27.11268760881979,-27.607610682122743,-27.55564227598557,-28.016384905150264,4
154122.46+493309.3,2.065138,-24.25260559071886,-24.76288694816773,-25.294782069093134,-25.6116374538592,-25.84861698240434,-18.721270670883857,-18.49166929518348,-26.14234555658745,-26.779696903896905,-26.74777676754189,-26.641506709004947,-27.03648786259613,4
154231.96+390854.8,2.356,-24.330593053232796,-24.75471695562102,-25.079996410726626,-25.331153326108108,-25.68622719493837,-19.31908823489137,-20.64152975467238,-25.99922260354484,-27.0735455472635,-27.149993179575528,-26.874851717922457,-27.55807101293637,4
154354.86+492721.3,2.625,-23.82331022412913,-24.74717577003967,-25.79754878692812,-26.07577349558247,-26.290912773700647,-19.64717649251245,-20.53638176050314,-26.65231466744885,-27.13854033254737,-27.806001554153543,-27.5098256841268,-28.418113196860716,4
154400.16+531903.4,2.982,-24.439606513698525,-25.24264262994585,-25.647595301482657,-25.832692566131563,-26.09305146856439,-17.620570011996403,-18.97552233774272,-26.376244290879477,-27.337617080116956,-26.84755010147753,-27.24737070920676,-27.76302076221467,4
154515.35+365508.1,2.398,-24.25868447460778,-24.657580029660437,-25.009299285613224,-25.18425662714954,-25.578424309753427,-21.310398862344364,-21.83753254356959,-26.225181130256363,-26.57757237264051,-26.677200609113413,-26.72928013916189,-27.36726806750637,4
154551.48+094555.4,2.0271,-23.90498662953831,-24.4574539667882,-25.002096445141493,-25.28669149082383,-25.63416234121479,-19.675765171194605,-19.24838759451523,-26.295247561831644,-26.88284015154674,-27.039968402603304,-26.92695897011829,-27.718088354925232,4
154659.33+231547.3,2.777,-25.15632099880076,-25.41224188672537,-25.76236530538624,-25.83814314833541,-26.168904718983143,-20.621605312271004,-21.120490651690965,-26.154548865943354,-27.426826380193557,-27.63846272735483,-27.447508954917303,-27.87591227434704,4
154707.45+462744.1,2.52,-23.203728415309424,-24.173558688235367,-25.142441396778,-25.676414414747462,-26.192919745807743,-19.77122970565674,-17.735136834525505,-26.38931715837225,-27.12688620450845,-27.713653018808376,-27.44081304427541,-27.81405894420156,4
154800.23+004933.6,2.586,-23.82383019820447,-24.040054124548863,-24.443731813820417,-24.58863996098738,-24.952460196463623,-18.384995795882094,-18.971109673316032,-25.968840257112635,-26.198229576205016,-26.81602733814087,-26.17931826365311,-26.74343409005784,4
154910.49+605503.4,2.883,-22.066480148723738,-24.108429613874296,-24.907481441443835,-25.386861573444005,-25.757008803973125,-19.944923612862063,-19.196778914964977,-26.059501021826527,-26.4106479827001,-27.62394219257649,-26.732898681367388,-26.986551652701117,4
155013.64+200154.5,2.191,-25.668214846525768,-25.862491489483137,-26.290033574368465,-26.624737706302263,-26.886941904256965,-22.7715092492496,-23.311925813499386,-27.0153559446676,-27.76313861808089,-28.17009811419457,-28.0767830138434,-28.768966099181903,4
155152.46+191104.0,2.85,-27.039399886390484,-27.238091495947145,-27.67174927336094,-27.881725703847952,-28.14019903202773,-20.51116144889897,-22.40629041799515,-28.65109511285773,-29.05373322274771,-29.35041344279249,-29.176828336361396,-29.729577321027516,4
155230.85+092709.3,1.403623,-25.486631580886083,-25.70003758137957,-25.93499012564379,-26.12416839579542,-26.384832398576147,-19.411223901507203,-19.316590679256617,-26.74602291118606,-26.9819997349705,-26.936357820978387,-27.90930288173549,-28.889836924232164,4
155304.92+354828.6,0.722266,-25.10927473285975,-25.325356250122827,-25.724502050298867,-25.90395945823889,-26.061753828190863,-15.812752838452424,-17.960160442014995,-26.25943092364943,-26.439989280316947,-26.660095050930547,-27.41367488070168,-28.27357072104377,4
155326.79-010556.0,1.940198,-25.100205639228577,-25.48386848616887,-25.845752349437475,-25.91488448811515,-26.182988216341723,-19.357959639885877,-20.80301709610492,-26.49582179773244,-27.035597646811716,-26.56155959888517,-27.18968230430373,-28.207841389179052,4
155335.78+324308.1,2.168,-24.413508208850608,-24.801531270684837,-25.257088809656764,-25.43468974168877,-25.70449191626991,-17.194159548343094,-19.14693048890941,-26.10857042676172,-26.474652435568444,-27.006635331158726,-26.990480762849888,-27.805160695564503,4
155355.10+375844.1,2.369,-24.427359884146263,-24.58647910875196,-25.11673192219368,-25.37063750377544,-25.693619293200875,-18.798966376447,-18.27130651523333,-26.120377953753447,-26.854927459356382,-27.209359861928263,-26.911938632880094,-27.470083855368955,4
155424.41+140048.5,1.53,-25.079170475215825,-25.247956222044117,-25.548068483539492,-25.662668370395743,-25.957350517839604,-19.689362677397483,-18.869059579950264,-26.22781539866831,-26.53541186405578,-26.735850023295185,-27.045945877011462,-27.76057233523214,4
155433.13+221842.1,2.41,-24.379542326044916,-24.724499868987408,-25.530228804608523,-25.92023948932115,-26.310189277599854,-18.20031649112884,-16.780193654130386,-26.45073587749843,-27.027031527024143,-27.69785177620395,-27.527768225860964,-27.89214417102156,4
155502.02+134756.8,1.5217,-24.820809463655262,-24.92493511169399,-25.18897364366085,-25.33304084227783,-25.56558876102229,-19.633373344031924,-18.818824648550795,-25.793943303858946,-26.127379191192198,-26.46347646790296,-26.474936353769905,-27.377054318303536,4
155506.40+365356.1,2.559,-24.56834124917965,-24.66590833067759,-25.088182338175283,-25.2737832913252,-25.45756275858213,-22.05011633887202,-21.51228747369265,-25.80043584734497,-26.318831844178163,-27.19237243125824,-26.511115179625957,-27.1289602647128,4
155552.76+351534.2,2.412,-24.294005048778708,-24.67032058427497,-25.08611528441424,-25.140381023756127,-25.43366050879122,-18.84166350546364,-19.632098334128145,-25.89196670566634,-26.729022453586637,-26.703332701746817,-26.4734794276838,-27.16819407332734,4
155718.60+091205.6,0.358842,-22.310602567817508,-22.41512906610897,-22.643208344051644,-22.600998124767923,-22.834603165705072,-17.577496477393264,-16.880755988844726,-23.26325982919596,-23.74945742398905,-24.25089824380477,-24.325441787038127,-24.95356766144049,4
155854.35+132731.0,0.9561,-24.00238977325512,-24.290300373887973,-24.49598195591453,-24.543334468998207,-24.74597183382701,-19.26095564898593,-17.999477751484857,-25.200843261802515,-23.744093859672777,-25.03900250500186,-25.793565748896828,-26.53175947147632,4
155859.13+282429.3,2.3,-22.571328005793763,-22.988332906736105,-23.93626951383151,-25.279100166026144,-26.04113566881585,-18.795100296477617,-19.86875210261653,-26.737827391791768,-27.16215577441581,-27.14881330961277,-26.710404397749063,-26.930289218822946,4
160028.71+011026.6,0.428081,-23.231278022329303,-23.39727101743412,-23.823130101907697,-23.8735135661851,-24.078190715626736,-17.252396560821342,-16.14077212036146,-24.02302280150955,-24.43566397409375,-24.91312789203289,-25.77377099901901,-26.61408077425409,4
160029.19+073102.6,2.079,-24.5352475755674,-24.8858538524344,-25.34177900930907,-25.574060774319783,-25.834927277325125,-20.565731477341195,-21.72685450417495,-26.572891343140483,-26.72697254236028,-26.97394388044516,-26.89994625059645,-27.467373039060558,4
160033.85+493140.8,2.395,-24.1466479598678,-24.4095868969781,-25.24772068566204,-25.51906337341175,-25.81776707015341,-18.912708395012064,-20.534527728605067,-26.014030619935625,-26.77840891525973,-27.255833221777987,-27.169085348129745,-28.029081597528887,4
160325.52+521222.4,0.8125,-23.48375925336669,-23.90244333148729,-24.531306173856265,-24.73776526294012,-24.95520958703568,-16.78969413522477,-15.159070828212062,-25.158926463471357,-25.653476741573044,-25.490980267432658,-26.084551010574387,-26.899125806187616,4
160455.39+381201.6,2.54,-26.9512015202581,-26.986963220462854,-27.51310301490031,-27.711739954638315,-27.928895877949618,-23.433917845559627,-23.061126099627828,-28.29639368303492,-28.646794446836807,-29.03407387775185,-28.991088620106428,-29.794373936221604,4
160629.83+090728.3,2.422,-24.94682189862696,-25.152852087626403,-25.34506766583668,-25.55669728324707,-25.92586232032876,-22.22035850873868,-22.504700130006,-26.525814962813747,-26.62465395416985,-27.37810697462455,-26.848876706457776,-27.42033276150069,4
160645.39+084515.9,0.934292,-24.24397187963081,-24.698467520800865,-25.145135502545862,-25.3917371609931,-25.570246453140925,-19.10229288296358,-18.47597728294394,-26.05872163574148,-26.1994349943968,-26.025294329465787,-26.463888413283986,-27.20808445974973,4
160716.65+182649.4,2.323,-24.369587282509865,-24.83303361924004,-25.178951653957057,-25.53238793146156,-25.8861059941526,-18.329066023569272,-15.826836530164412,-26.54637746549905,-26.97986114083919,-27.42119418869374,-26.97051905432748,-27.45305380696754,4
160824.42+124951.4,0.452,-23.18227544286789,-23.442143988446578,-23.824881663874603,-23.829209949377027,-24.03749666808664,-18.33088349134442,-16.75948218938091,-24.138533464843118,-24.2702206916031,-24.99005118183022,-25.53928980887937,-26.30071992814258,4
161143.57+494644.1,0.254381,-21.94941514483609,-22.18926845750525,-22.57052942512198,-22.717702005902883,-22.760233483977117,-14.224936983782127,-14.82183255268981,-22.82465577472185,-22.996952267420355,-23.60166402268695,-23.90242815960953,-24.48168301938065,4
161222.31+545222.0,1.91,-23.818907955847017,-24.225542469241287,-25.03280701869242,-25.374077211443847,-25.663583773997036,-17.85125986366492,-20.346924507551726,-26.441443336167502,-26.740233619342582,-26.826648577507957,-26.741899029493016,-27.568330239567285,4
161250.24+384030.8,2.931,-24.212858782492464,-24.986797980078464,-25.55130920343784,-26.05815640290512,-26.491397023528357,-16.95116464166396,-18.157255924329903,-26.934203853837356,-27.44131151331806,-28.01551225581057,-27.95079813427496,-28.181309737165407,4
161438.08+203031.7,2.053377,-24.080376356330287,-24.26997643503063,-24.660574825491395,-24.93930734243236,-25.209688375175485,-18.50054695160671,-17.601041379130642,-25.75083383056147,-26.33512210494878,-26.347535666889787,-26.530662303645467,-27.20455735388917,4
161518.54+421702.3,2.451,-24.838767165932676,-24.983352892648263,-25.365616597882813,-25.52017816417363,-25.835023759803672,-21.74048211172488,-21.442605650378542,-26.085163200088694,-26.909933203293527,-27.19088324890333,-27.03705817035787,-27.722127563302333,4
161538.88+392051.1,2.342,-24.773675544469956,-24.85661604257351,-25.28792340488602,-25.430570656392128,-25.61305230024513,-19.75012521047364,-19.105734169745528,-25.91700875558624,-26.329114415800014,-26.79016683428293,-26.578292200832752,-27.44774865451796,4
161556.87+170751.4,2.728,-24.871635897655278,-24.911934208040776,-25.289321557859047,-25.432609923962342,-25.70210003899715,-20.752609899489432,-20.233178845636623,-26.033241680926125,-26.4084175302114,-26.955825621131204,-26.93164959976509,-27.509198849624056,4
161646.39+565032.1,2.469,-24.606161329348083,-24.84275742574092,-25.3083448650791,-25.49712755889883,-25.814023137053507,-18.46152193480288,-21.22989280658579,-26.172656447180632,-26.496304161957507,-26.98167892847258,-26.91364233516551,-27.65747873340764,4
161742.99+080043.1,0.246698,-20.930495004826565,-21.1218331298693,-21.54025338791368,-21.80538245904175,-21.954650537835903,-16.688613457646348,-16.281858992937586,-22.055870499099687,-22.90971853815921,-23.26227515206185,-23.56260285463805,-23.93430216711147,4
161805.85+092004.1,2.506,-25.41555369718255,-25.477315432258823,-25.855344906754155,-25.985309763862084,-26.21468202936081,-21.610184823157702,-22.13471303924258,-26.638851444004924,-27.16497221248092,-27.54137424930708,-27.151464674297063,-28.00887013375152,4
162219.43+475132.4,0.639366,-23.981541690669506,-24.179324880890853,-24.506509759498577,-24.552344986964226,-24.730836699512903,-18.16881908109492,-15.96079299876016,-24.625802190814795,-24.74533473252111,-25.310984041785403,-26.32066726654857,-27.17209337423825,4
162250.29+422232.8,2.123,-24.36701597048452,-24.67364982657281,-25.07040623773716,-25.18037192984005,-25.393344246042677,-18.95067281247794,-20.04105352443188,-25.912865752370067,-26.407113971025638,-26.60024260070193,-26.24609733708261,-27.215788583317707,4
162358.25+074130.5,1.299,-24.49482007855084,-24.51420622052342,-24.94670416914279,-25.150880825110598,-25.409868476461416,-19.544546142121717,-19.41373682471369,-25.572733056151428,-25.686913282160624,-26.064267227211324,-26.1844270156921,-26.789057899528327,4
162404.25+074132.7,0.411578,-21.52148572394452,-22.13444473059897,-22.90344719671852,-23.200987820313472,-23.58140985408261,-18.104846141326007,-17.31344334153672,-23.8321888829792,-24.183219122604807,-24.36323500087734,-24.614330878120125,-25.28649214219292,4
162449.39+092347.6,2.2724,-25.21537738232685,-25.326618221814407,-25.723816994428702,-25.839765947885464,-26.081589175403032,-20.942289226788507,-21.93985501057276,-26.357649468805032,-26.71326857108877,-27.14931750605481,-26.998382506176505,-27.706985326068768,4
162559.89+485817.4,2.701,-24.38366202218644,-25.077715882653592,-25.534412491829503,-25.93318623351985,-26.268789276655585,-19.6259926636533,-20.93857105438501,-26.410651842618925,-27.02794553036001,-27.88482422938895,-27.45185145339837,-27.904687435207236,4
162701.94+313549.2,2.318,-26.048146592076854,-26.22938237400219,-26.63035678013329,-26.76614765951077,-26.94457193358202,-19.75843631078148,-23.087104106110047,-26.999930198151795,-27.175705942200423,-27.639041238156413,-27.33913228512804,-27.71620711457486,4
162705.34+191137.7,2.130015,-24.48486508028579,-24.838027169368416,-25.2713462876616,-25.476882641927592,-25.739785613720567,-19.984702660336005,-18.736316040011257,-26.116310415561134,-26.657097252880877,-26.5862921211706,-26.816674047216072,-27.657550256225967,4
162744.89+122733.9,0.660844,-24.78619274706122,-25.03735552271105,-25.23826311100286,-25.26745465038876,-25.37779724033496,-18.748838246894582,-19.663875531236062,-25.424262599442766,-25.786345103272392,-26.079109027951887,-26.76972767474333,-27.669122143928245,4
162800.93+321635.7,2.181,-24.84912229103599,-24.99706623935129,-25.457121797943746,-25.55371723145937,-25.76562694463462,-18.266817450473063,-20.268311798904733,-26.17750518105814,-26.552476788666624,-26.778769065082063,-26.755322934536576,-27.68709755563686,4
162802.81+301219.0,2.455,-24.63856541123298,-24.72008609273341,-25.29608769046529,-25.39123551413602,-25.601624862468583,-17.960075612048808,-18.90862004759308,-25.877542211721234,-26.317889846230116,-26.89903816712527,-26.78276408230105,-27.58570364480669,4
162847.02+122719.5,1.401,-24.362501730056557,-24.61199752468761,-24.980241027024427,-25.21156924835361,-25.566403233792567,-19.012838499130936,-21.184378152191154,-25.85501733585644,-26.28414359539634,-26.371907886842767,-26.663364828974668,-27.554267323158168,4
162848.34+195313.7,1.291232,-23.59664305173653,-24.1897578928758,-24.84330525565061,-25.024947561973065,-25.36188207440668,-19.17243353526928,-19.29564581747493,-25.574916599627517,-26.37848135072296,-26.56935343741521,-27.787641593110287,-28.94365216347777,4
163424.64+213051.5,1.433127,-23.992105842053927,-24.102815267602452,-24.46379124744816,-24.62019631739157,-24.84436114011724,-19.305250529450696,-17.76359105909233,-24.89892329259588,-25.771861331538044,-25.972821465048803,-25.911745615307428,-26.789180569018,4
163529.77+444249.5,1.104383,-23.68224298915507,-24.01849100121429,-24.539495546840016,-24.80274832077206,-25.10910827698542,-16.61092517000093,-16.131841061285087,-25.661483739931352,-25.7964985841218,-26.28567612024496,-26.25731017135833,-26.9690732645432,4
163936.09+341453.0,2.565,-25.016209219309776,-24.951672109767365,-25.463177412261658,-25.64532841912101,-25.955770203993666,-19.45274066371204,-21.16312628785876,-26.19650834531646,-26.844700959799887,-27.0787172792588,-27.33392941877683,-28.253317619957052,4
164033.57+541943.3,2.87,-24.550514197244976,-25.113316389707467,-25.523212301134045,-25.60945970473696,-25.971942824447908,-19.277518243489865,-20.977236210060703,-26.33267738109365,-27.17122183931668,-27.4957204912152,-27.63312555150855,-28.07896411955103,4
164116.30+194516.4,2.318,-24.251552726191576,-24.513059765127668,-24.99149073069997,-25.29063249454894,-25.68122514126942,-20.825082402630446,-18.185418235266475,-26.134644615835825,-26.73049570905411,-26.987544865672124,-26.906810889549043,-27.93979920739353,4
164148.19+223225.2,2.506,-24.18769559024073,-24.255110070798853,-24.60145161249559,-24.715593565327712,-25.108189061899733,-20.01564015554461,-15.371128153076244,-25.9379647167112,-26.55632235893215,-27.42727239020725,-27.03369299247364,-27.46413974990848,4
164152.30+305851.7,2.005,-22.893326126120133,-24.191048727627702,-25.147472667914265,-25.37002712878228,-25.67778782307956,-17.853064232756143,-19.534988604089605,-26.31820865482111,-26.870421637820204,-26.83071694554365,-26.99112247770869,-27.8164613578506,4
164302.88+511918.4,2.109149,-23.3076110810719,-23.981321982151183,-24.779482478200464,-25.05967538532185,-25.42265267139821,-17.86942942706156,-20.175447306020875,-25.938308918433485,-26.716732929252775,-26.696055471083667,-26.936612401597632,-27.75974660129847,4
164407.16+352140.9,2.12143,-23.62527243100624,-24.3114129342334,-25.29268376792888,-25.738348110364196,-25.997574617136184,-19.581873298000456,-18.418905492251334,-26.52844367001244,-27.019681983011846,-27.066158147932445,-26.771849246970845,-27.16725858959829,4
164441.74+195331.7,0.88452,-23.12323966424081,-23.674298410089825,-24.175346308058025,-24.43229902550558,-24.72258470362158,-17.564979222769068,-17.23507689363057,-24.99735423066368,-24.963586512363204,-25.703380950259312,-26.33632426700709,-27.293525303819813,4
164552.11+224450.0,2.73,-24.90542621207725,-25.268753290642827,-25.7124629252244,-26.09471911033302,-26.517532970651004,-20.83039500057729,-18.897191430821405,-26.584614605508374,-27.465811129189447,-27.356071975522543,-27.31428670631976,-27.53390813663176,4
164658.36+412942.0,1.445,-25.166018667335297,-25.0878030763529,-25.436968420384616,-25.54230598112201,-25.84738169702015,-16.57437097544001,-19.697199423761173,-25.80699532056011,-25.91278436951274,-25.032811389270588,-26.57440343336497,-27.249115649326026,4
164707.46+412513.6,1.406876,-24.352040601018054,-24.89807900335419,-25.3935685421617,-25.561621299179556,-25.847319462547777,-16.548995263037035,-19.685226540945656,-26.05397390222683,-26.506247904814863,-26.783665284077543,-26.93959165754313,-27.42948623015466,4
164807.55+254407.1,2.191,-25.502142738683947,-25.68460876426456,-26.013633959738,-26.37038709551778,-26.624061679627527,-19.75892023794244,-19.19318209734393,-27.32782565034202,-27.64146648559511,-27.9749727391062,-27.950550440262003,-28.28741492266511,4
165259.05+310442.4,0.746397,-23.8432460604557,-24.176848444366968,-24.44182072430746,-24.437408609504708,-24.640858401351373,-19.183791314085244,-16.970769425861814,-24.87197367769657,-25.448179033883072,-25.485396283455025,-26.051561408615424,-26.92834781788486,4
165500.22+303040.5,0.404869,-22.150440325017403,-22.46850482175628,-22.860889476616453,-22.988414490588134,-23.368307415865186,-17.899001314082717,-16.036745062351105,-23.85102986659069,-24.18360634858861,-24.60455849181543,-24.855003438436768,-25.7598388831297,4
170100.60+641209.3,2.740744,-27.23155395170005,-27.13202995966171,-27.552622025717337,-27.74495025145504,-27.95169841214935,-24.32768470821662,-24.554177583938973,-28.29024515990469,-28.732144602557824,-29.02996965681653,-29.01774677414854,-29.544313536946884,4
170124.75+351156.3,2.118,-24.97463207033037,-24.952298460902743,-25.306236860814035,-25.59242369657857,-25.88653473011433,-21.448942774387486,-22.07499643545929,-26.170606989751665,-27.050472995862297,-27.030260141715388,-26.88918533237125,-27.40706719199658,4
170542.91+354340.2,2.025,-22.925084570219852,-23.951152131680303,-24.44947471030109,-24.8668498339544,-25.29507075923065,-16.920531928333283,-19.725844808944693,-26.265987292407853,-26.590827657002933,-26.589701264399675,-26.850541611900848,-27.48314755997549,4
170650.86+225745.3,2.284,-23.589152023426795,-23.66265490322617,-24.41406536080701,-24.7966071748142,-25.073885312414877,-19.941483131255826,-21.57081665293408,-25.80936229927495,-26.099087275260352,-26.46277998683501,-26.12599513307262,-26.470854996709548,4
170706.21+350548.6,0.6908,-23.697417264547077,-23.862028003231973,-24.160481314465304,-24.154276982637235,-24.265500442066244,-16.38995723757312,-18.33299422426661,-24.103389080559182,-24.393047690517577,-24.851600942382937,-25.358102197506703,-26.173756678585207,4
170815.00+345017.1,1.602567,-23.40965186592601,-23.94867034950247,-24.50086528989597,-24.749239339005957,-25.08276538919573,-16.761087804902235,-19.79223436048987,-26.065452756226275,-26.643801859888796,-26.54975356983556,-26.586970006155607,-27.58235881812248,4
170958.75+342129.3,0.3143,-21.60739561921645,-21.682710781736443,-22.0100827593368,-22.170630357375074,-22.483299467203786,-14.395358779381027,-17.066424440503027,-22.567608379968508,-23.636037003461254,-23.62858842158417,-24.30148961275654,-24.9009223245031,4
171131.30+333543.3,0.469669,-24.13320491404757,-24.310165410945807,-24.766196582293112,-24.763729997230158,-24.932736130550747,-15.55180241365865,-17.805638811393123,-24.526110623769974,-24.912860116606254,-25.56814960580364,-26.276957893868687,-27.22163267876595,4
171419.23+611944.6,1.84732,-24.12926925631631,-24.321835982151256,-24.81382454485464,-25.212587424199853,-25.54906263902401,-19.65130589584455,-21.624317702667927,-26.12795616467208,-26.51622515628613,-26.636287365330585,-26.82372077619389,-27.445776217684525,4
171522.17+573626.7,2.031373,-25.614297242398727,-25.65974736975363,-25.95645133129718,-26.2809957751563,-26.4706795687418,-20.20268727112852,-23.208265240540584,-26.83746679038045,-27.251021917612714,-27.544313639393444,-27.548456863576657,-27.86941907197352,4
171941.05+353524.0,2.498,-24.19113279142546,-24.37818466350258,-24.96900048732953,-25.179382345112277,-25.52190339775371,-19.61412373319504,-21.110983840806465,-26.231963551172058,-26.91078714312377,-27.242502386310004,-26.612425513747265,-27.43469717602446,4
172341.08+555340.5,2.113167,-22.57168046858708,-23.0157268001973,-25.01850540504065,-24.857989456927672,-25.754897942177724,-17.286391536597232,-17.99015172262384,-26.87619307802154,-27.489551270836124,-28.205012352379324,-27.82543457137425,-28.37744377801305,4
172409.19+531405.5,2.555411,-25.08246165315166,-25.09882562650621,-25.61377751717477,-25.80081278311529,-25.99497102661947,-20.602134441952582,-17.840453807254406,-26.569175501536503,-26.81271059920419,-27.4333448512434,-27.03236303363358,-27.83528465688405,4
172519.57+275758.0,2.537534,-24.37049524976314,-24.862088077602404,-25.413660123123208,-25.63722440816543,-25.89970507630157,-18.218871705999437,-17.56850930775504,-26.87355364175794,-27.17570207943252,-28.25119987779638,-27.11352464652097,-27.66250389021751,4
204956.61-001201.7,0.369401,-22.922328814543157,-23.106899834019423,-23.438826210251364,-23.526087317410425,-23.917665894422186,-16.94820568064522,-16.896352210739146,-23.606736796886,-23.997057446098594,-24.692409641761685,-25.22780727304329,-26.010404820384903,4
210524.49+000407.3,2.307394,-25.4385240664581,-25.88777336113166,-26.84952765681384,-27.2320470867826,-27.470868172760003,-18.66749498372392,-19.50288972596076,-27.636056327299496,-28.22438054872365,-28.559121870705,-28.388588518333407,-28.969519281733405,4
212329.46-005052.9,2.274,-26.3897392567832,-26.432668348374083,-27.00615728765764,-27.151411412532788,-27.401141192971355,-17.061274043186245,-20.75924882102321,-27.843554893198394,-28.19077516549259,-28.446051390014595,-28.418822658251536,-29.229887191668823,4
212501.20-081328.6,0.624964,-24.090760509048184,-24.526855601517425,-24.91278205247012,-24.97241612443137,-25.194938217134244,-17.038306511892422,-18.10997788906803,-25.125180112682006,-25.57183915584104,-26.10552096622256,-26.689235586760432,-27.609683551748898,4
212521.99-000736.7,0.925391,-24.350410246017177,-24.440782035453772,-24.349621261197605,-24.75117766697309,-24.875054687945,-16.140329372616794,-18.561202224977933,-25.26093126011671,-26.755154454018683,-26.87354928513177,-26.12092853840085,-27.05186717755066,4
212735.44-072624.7,2.11806,-23.95633677484147,-24.254563095902707,-24.87458606409773,-25.199239623515044,-25.57027041964629,-21.581984331673,-20.036902995211456,-26.540996675229295,-26.613717676212264,-27.181785310688262,-26.91231291545161,-27.723297200853,4
213054.48+011500.5,2.548,-25.01018308250913,-25.075667259312187,-25.95901560797217,-26.169622435419186,-26.302900083832757,-19.73762704182684,-22.209016467675337,-26.65957556031072,-26.99509394735345,-27.014690433344693,-27.16032654242557,-27.852557785492166,4
213440.84+040613.4,0.967,-23.54466670936697,-23.967075057880685,-24.318725112080653,-24.429883513885297,-24.71619274924857,-18.35420550742615,-17.905586772855113,-25.07470099225638,-25.349971674228676,-25.988396214497037,-25.67199392718946,-26.374270351109235,4
214100.52+041129.5,0.933123,-23.89697104547199,-24.178747520044286,-24.546952155772185,-24.643317725190894,-24.84166717500172,-18.60983590244044,-18.11116311327501,-25.12373387990772,-25.89650303741772,-25.60438935581709,-26.27671944911552,-27.099901759017747,4
214633.34+000318.6,2.798,-25.306570751399967,-25.4832702372062,-25.845374636503884,-26.021821511416427,-26.250512996421687,-15.51633184811393,-18.71261476512517,-26.677358707868105,-26.86042937946228,-27.43804469274768,-27.203884269256907,-27.77100836078116,4
214858.70+040508.7,0.277725,-22.52491654486277,-22.838201831922085,-23.204401355047747,-23.339800840712904,-23.33230196482515,-18.03751376272688,-16.134430656393615,-23.534456462586288,-23.808754710112744,-24.398173458531748,-24.70843732835536,-25.19633210271588,4
215010.52-001000.5,0.3348,-21.5315871451495,-21.745091407146127,-22.09100852915639,-22.26285834213113,-22.664586058908696,-16.438012737739196,-15.461631592442847,-23.258421639983457,-23.35019090026719,-23.94334700176343,-24.340196694043385,-25.025390746845105,4
215207.53+040921.7,0.917,-22.203218630916552,-22.6195986415171,-23.116096576174925,-23.36088604182727,-23.542836507318235,-20.295925970896203,-18.238046826932937,-24.822876312165704,-25.472945445942194,-25.435051187474677,-24.988587505511465,-25.904433588423,4
215305.86+042149.1,1.74591,-23.85957448091192,-24.265322005520005,-24.8137932682594,-25.084690800200445,-25.446905216865076,-18.970995421060085,-18.840224700101977,-26.10245582251433,-26.831386964321798,-26.686652335144508,-27.114400821224237,-27.99044735167838,4
215633.53+194735.7,2.467,-24.354482540794123,-24.614504427284437,-25.056680758434247,-25.28983899550075,-25.66202598633022,-17.3616001425155,-17.309232776316502,-26.08488938938157,-26.752166085937272,-27.08050831237296,-27.05425256287353,-27.572511848505467,4
220105.04+014414.3,1.965604,-24.324830592141243,-24.543922950045932,-25.170794711425348,-25.45146918214268,-25.831678601818023,-18.040496941871023,-21.77889841510517,-26.341816787595548,-26.505685167964653,-26.885377770034875,-27.05043805795041,-27.95727184855969,4
220335.12+074007.6,2.535,-24.21522828132269,-24.625153615267884,-25.190286787260405,-25.484040759387216,-25.988671201895045,-18.55269258156595,-19.996190389950883,-26.500406192730203,-26.95002471690748,-27.48235966104592,-27.395180180957595,-27.929269054533066,4
220344.98+235729.3,2.188972,-23.629806959359463,-23.93502545654555,-24.61208626543162,-25.17670032958854,-25.42762600689761,-18.75527624737137,-20.110693486685733,-25.497271196598927,-26.72332701457408,-26.81223773797053,-26.76453760155092,-27.29353124442549,4
220607.48+203407.4,2.455,-23.44771810936547,-24.45488193183028,-24.839354808944343,-25.257891867386544,-25.542637803667294,-19.0603258170212,-20.413288426919152,-25.996124410979405,-26.718317362422837,-27.21463560180999,-25.189609632115587,-27.521721911308504,4
220626.00-015201.3,1.115,-24.41095628949456,-25.093971567006584,-25.566243466820197,-25.80028690474719,-26.143217317711564,-19.253559662472107,-19.16365638250874,-26.155767715562103,-26.081870701163137,-26.420436418043995,-26.84286641056393,-27.53255216888199,4
220813.63-091820.1,1.751658,-24.91107349282691,-25.347835284533165,-25.697692579938263,-25.79453711156057,-26.0611383879872,-16.454729332391757,-19.003568389736856,-26.18437383474236,-26.404767439269797,-26.571438139737552,-26.98777515112692,-27.913663882684865,4
221024.19+043514.2,1.014798,-23.63383473966581,-24.062285894910044,-24.600576335670933,-24.79680287258204,-25.018676293925694,-18.361997253512342,-17.9745627635575,-25.53367774838432,-25.546308423149952,-25.413499950670488,-26.162304952488885,-27.019768042776352,4
221155.73-001043.9,0.400984,-21.80871653850564,-22.45431455754319,-23.018190918979,-23.22696217720548,-23.56170940403097,-14.88419000622127,-18.7751883977349,-23.887148772802576,-24.179850204479955,-24.630440663349223,-25.16846679382267,-25.980719540630883,4
221315.13-092425.4,1.956876,-24.835032056592848,-25.16972620555601,-25.51712686655616,-25.59873722388301,-25.83407674089097,-18.039200837678315,-18.65745853822733,-26.305528983124,-26.570579770454486,-26.55579362123766,-26.722520818239865,-27.507885918497017,4
221328.15-023909.4,2.577,-24.818793477106254,-24.870547185745234,-25.409603698978373,-25.549916894598017,-25.78658114752569,-20.71614271201237,-21.11771026391802,-26.296867877649294,-26.32095760163684,-26.744234667683735,-26.85108486594308,-27.44489930318226,4
221509.52+003638.4,2.642,-25.297312211800428,-25.25980509139464,-25.704964300123937,-25.90491659363758,-26.120514564229097,-15.217512721137764,-21.6442399707948,-26.393883591803124,-27.20873842935826,-27.38037515769636,-27.2094600278627,-27.95066456809569,4
221608.88-005708.5,2.399,-25.416127916427254,-25.588273181377748,-26.00100839111312,-26.292007210459555,-26.613259727861504,-18.55444329752458,-18.545058394976447,-27.235901713918,-27.79040750004571,-28.274474049557213,-28.09932225368689,-28.712427232672084,4
221750.53+183513.2,2.555,-24.375334926503037,-24.564286777910063,-24.92351636944951,-25.189989476109844,-25.55497741968824,-21.71039564758353,-22.48597514766909,-25.981480842537067,-26.366074343810748,-27.061310895954644,-26.56358043667886,-27.06110077645947,4
222225.80-015345.9,0.636,-22.00579198581069,-22.46064986901218,-22.74137118444741,-22.9099816636223,-23.0935001057828,-19.364491546287496,-17.82711374409085,-23.951467840040216,-24.3186152813658,-24.5229861720138,-24.83995296344644,-25.5606294725372,4
222538.04+211806.3,1.959563,-24.853756740581836,-25.19672182723672,-25.53427564064453,-25.635685265425245,-25.85678096119462,-18.743713459336057,-22.05884134503983,-26.08487661725571,-26.67197653641248,-27.110007732308823,-27.235547095404627,-28.047001251682868,4
222559.52-004157.5,2.768,-24.99513643645329,-25.369632005968203,-25.70712197848948,-25.90083752386256,-26.295779348691887,-19.35484993052556,-18.07093480668753,-26.82878584238048,-27.273476201184327,-27.84747336076156,-27.654044870844672,-28.391924292479253,4
222704.86-011052.2,1.823892,-23.094133914002207,-23.892103896404684,-24.77833488031045,-25.11097785307972,-25.49035621236064,-18.789903690725307,-21.10665952171557,-26.376928636182875,-26.54818651731873,-26.71737733245596,-26.78568285674352,-27.390025108603627,4
222720.55-000159.2,0.956288,-23.1939835256803,-23.501312394276173,-23.92608420279137,-24.078916790170496,-24.36266021551257,-15.551908681681091,-19.291088848225044,-24.74157944100337,-25.10803604108348,-25.61555503542434,-25.628478891175348,-26.30616338652106,4
222836.32-095008.9,0.797814,-24.846437564838972,-24.866508197374728,-25.195250543906525,-25.396452325753245,-25.473876249497085,-15.810945556517328,-16.94571142497565,-25.328330288660016,-25.52330907030849,-26.07479415367496,-26.743623906921517,-27.7049081794468,4
223309.93+222010.4,2.043972,-24.03702450952221,-24.54456491734055,-25.055472205166563,-25.24731082841665,-25.56409250405149,-19.49668976572024,-21.439641603399952,-26.26323495002646,-26.541598863114743,-26.95582439040101,-26.816763774293733,-27.763108174424666,4
223644.64+044912.6,0.499749,-21.85702939408024,-22.21928170914392,-22.761258726452848,-22.9481495802792,-23.32977283178364,-18.05154455560782,-17.093847848410483,-23.40328747101328,-24.002034174568987,-24.837683071226444,-25.31136361526702,-26.07475009738541,4
223724.45+184407.3,2.255,-24.109105450565387,-24.4404961192632,-25.10375133988744,-25.45650667698049,-25.772537572523785,-19.764307643044283,-21.18941153451248,-26.25145809044032,-26.44823318085515,-27.36567207059252,-27.236136232284768,-27.82721017424124,4
224045.05+104812.9,1.359,-23.664110225868807,-24.60285111531472,-25.04136729658111,-25.218210165538885,-25.554772964621893,-17.943065303364413,-17.456279102869715,-25.699847566312435,-25.936601753257477,-26.32838235350973,-26.9998011762259,-27.945195773241096,4
224435.14+260020.8,2.047882,-24.1197308645588,-24.35163990585634,-24.74751569821104,-25.086134220089644,-25.46508034461499,-18.119505301506184,-20.27056124081924,-26.24693852022189,-26.00132109242568,-27.03189868775461,-26.49823265875545,-26.72695102330242,4
224446.55-000923.0,0.773215,-23.16841406676841,-23.35005747400718,-23.829223694836088,-24.092496758940623,-24.20335730029345,-17.385711817528236,-17.15495853352572,-24.21971545190912,-24.592204227114557,-25.179077847398528,-25.726536182726228,-26.59460257035365,4
224528.45+045720.3,2.890451,-24.05410678236156,-24.170764945867408,-25.236707427442337,-25.65976938221393,-26.17908474420178,-19.22788776969325,-18.805405882630343,-26.29047312769441,-27.144307004181645,-27.877209431454972,-27.69293652138639,-28.67748892787834,4
224841.69+304321.3,2.701,-24.991384458897905,-24.892582622086948,-25.32352399640268,-25.48365714588977,-25.70160898355971,-16.165921376884313,-19.2048043708117,-26.33923314821748,-26.91865025338131,-27.54927128426833,-26.814796779798005,-27.494749947562465,4
225034.55+211723.5,1.742767,-24.295655000266144,-24.448808287095527,-24.96502866793644,-25.20120353447432,-25.480446875865617,-21.245212090492448,-22.735630163451265,-26.368485692615263,-26.866673947785333,-27.405350262099457,-26.644864623949758,-26.984287613820182,4
225039.97+014345.0,2.563472,-24.24196231404243,-24.48829319286824,-24.92954745967768,-25.21984118492571,-25.659540111870207,-14.977966093623298,-17.605357727897914,-26.350740646070975,-26.71954490603252,-26.97471934951309,-26.947633679305746,-27.827179253027765,4
225121.36-084034.7,1.944661,-24.610977513738085,-24.894466764852403,-25.40579497998083,-25.689777507609715,-25.955670595924108,-19.508694721226785,-21.937320286399206,-26.18882872121244,-26.601171346431126,-27.00428708325179,-26.84955203955769,-27.356554133834027,4
225515.03-031325.1,0.788,-21.518064126469465,-22.606944807510583,-23.57263813570485,-24.031961238328154,-24.415811151661615,-19.636899774472905,-19.98412876151385,-24.70364400007585,-25.093100297862108,-25.99358665791685,-25.70879771957863,-26.01136860057396,4
225608.48+010557.8,2.268,-24.330904978752635,-24.532844672269253,-25.18352153980148,-25.38366500803141,-25.7103353630723,-18.914125562127065,-20.552480469622665,-26.2538132500625,-26.950697624890665,-27.126540046468104,-27.05505560205097,-28.100287510151382,4
225624.32+011154.1,2.652,-24.996926923743285,-25.066151471835827,-25.62353183251172,-25.868562519563977,-26.1619076551385,-18.801560707584294,-22.65924781999182,-26.327083767205988,-27.021215008399597,-27.474549484298876,-27.244833444820628,-27.71505494733952,4
225640.88+070909.5,0.574976,-23.967261095455644,-24.09122635455131,-24.29901998815902,-24.26381306713771,-24.39820564593535,-19.80009687033922,-18.047808053494997,-24.27597389257151,-24.68562416743668,-25.27023274508253,-25.98568610890485,-26.926933584792454,4
230047.32+051401.5,2.500548,-23.879351540145933,-24.23804299510384,-24.746102911047444,-24.93409443622107,-25.298321920880756,-19.129304048734024,-18.1958052955638,-26.07237041686206,-26.269327121055834,-26.863312342247276,-26.50873842714494,-27.19168771533944,4
230056.88+050549.0,1.39409,-23.48947465748237,-23.687899063676888,-24.00927486036951,-24.15009102987931,-24.473244191979724,-18.74661792223747,-18.784461619042027,-25.30833973095012,-25.48862429987912,-25.99670420890473,-26.12190016829237,-26.824598922647414,4
230222.15+115453.6,2.546,-24.37714589439455,-24.510763778708903,-25.201056401923463,-25.521604932521164,-25.9199462446639,-20.65436955368055,-19.877847878160985,-26.55438102924501,-26.3821031986029,-26.725598085986647,-27.09560325187532,-27.68678285184924,4
230253.21+055803.2,2.228,-23.815804330513064,-24.202575151883604,-24.63573409406609,-24.86560254203628,-25.18839694168642,-18.39989343846096,-17.75476833697662,-25.752919083076478,-26.22662053593794,-26.849805844791,-26.058111132209664,-26.71993760010937,4
230554.82+081454.4,2.31,-23.761686011150207,-24.096167098439537,-24.51145558358432,-24.84502419311393,-25.255154075031232,-20.59550487751926,-21.38202563359861,-25.97475856058285,-26.374731333542773,-27.14907659085675,-26.5308757700346,-27.11438253927516,4
230831.88+050113.1,2.731,-24.756257574074727,-25.06083378147973,-25.445393771811897,-25.601966324749043,-25.944150550020627,-19.219770662443125,-18.79676407151075,-26.679055589888392,-27.361945899482663,-27.23548990612936,-27.02680344999407,-27.614579476733866,4
231153.20+255552.7,2.19,-23.846838892203763,-24.12633197855994,-24.83157956132435,-25.108021241273835,-25.425113750775143,-20.191221459435745,-20.86169478386605,-26.17320592555535,-26.5370860239073,-26.84505915912221,-27.05111062528936,-27.900677163827392,4
231543.27+293228.5,2.174568,-24.107392050454333,-24.671558494246742,-25.257198332853147,-25.483918676475795,-25.7844922810958,-20.230394920417083,-20.228878801177625,-26.417731794071607,-26.49070818610384,-26.717882997861672,-26.72233991627362,-27.39933464206879,4
231649.54+090634.8,2.263,-24.9135628980674,-25.02439105068365,-25.355978823246986,-25.5008968127326,-25.7452786170953,-19.113058498882065,-19.745728478059984,-26.018758291527064,-26.551275158353725,-27.09588101452491,-26.653429342369183,-27.209856942222764,4
231706.96+323802.8,2.378,-24.52819763271114,-24.815695712549477,-25.26794186503681,-25.449532075996053,-25.73761711365421,-17.16295901382218,-16.349002670399678,-26.075423114453933,-26.76402721245136,-26.680444457547186,-26.77912923167172,-27.29881672907435,4
231757.96+303619.2,2.421,-24.33453924245105,-24.54132133759186,-25.073576198264742,-25.32706892375919,-25.60357535139557,-19.986233290674733,-20.80183142694858,-25.88049736214867,-26.31643072746484,-26.997285703870023,-26.84889723472198,-27.552294628078148,4
231802.25+190151.8,2.351,-23.97912161254791,-24.33453440875351,-24.835666149073862,-25.09206014461221,-25.44989306901837,-19.72241828965933,-17.331470071999426,-25.85885578758956,-26.69457475346514,-27.087429815519293,-26.58340238881739,-27.05183610022051,4
231923.83-100337.8,1.952286,-24.92152419375785,-25.137503251244755,-25.350852926335985,-25.53775136094392,-25.78152909080286,-17.552891583282978,-22.574746992892145,-26.2567134462106,-26.59108332040229,-27.117779064173337,-26.382687967753284,-26.79209408945397,4
232044.85+051349.9,0.621397,-22.868836348664477,-23.13847587918252,-23.482125923761316,-23.589055283287,-23.764489946362957,-18.393293573657893,-17.19158918064459,-24.815097192380573,-25.095538656871312,-25.523401428848,-25.36914759202647,-26.135269752537766,4
232544.53+342142.3,2.856559,-24.521756956595052,-24.734158096531687,-25.10822150526815,-25.39683735472887,-25.730502148515072,-20.79635751511916,-20.755509643488065,-26.415688911560192,-26.66788442420458,-27.018850872576195,-26.77561653362952,-27.51760049165574,4
232840.84+293641.1,2.506,-23.992560587362757,-24.337339909320683,-24.74877013536037,-24.975753500480625,-25.342073041933965,-21.02588534718255,-20.264891440667075,-25.93014560794212,-26.61399348388524,-27.18834926898039,-26.590238215281364,-27.03006883684868,4
233132.84+010620.9,2.638,-24.25983009196579,-24.42388651231085,-25.025506882832943,-25.325000023818998,-25.639271120601187,-17.412214121519565,-15.334095536966686,-25.734980868950696,-26.708301530026805,-27.100501514731658,-26.68667586724145,-27.333930734021106,4
233133.03-090246.6,2.45987,-24.710037140495626,-24.96898685461112,-25.587008849269367,-25.83467070314492,-26.18438815492822,-14.33653242712566,-20.464434568701336,-26.577955398345345,-26.935583914616828,-27.33996882758111,-27.46805747515478,-28.15169232536304,4
233240.20+250131.3,2.356647,-24.59766848512656,-24.733459954726225,-25.31712850790227,-25.48262985337058,-25.740449535572854,-13.774802922336708,-20.27692093099513,-25.746583098805,-26.65038922242004,-26.76415021519632,-26.990562768009205,-27.844161913423324,4
233823.16+150445.2,2.419,-25.526755491097383,-25.426571285440925,-25.851469708942997,-26.055212969248373,-26.355453300070195,-22.35339188233813,-21.90374341811905,-26.747992092164864,-27.03195454997314,-27.635324879019027,-27.537771607680348,-28.153624899914487,4
233902.95+302235.4,0.888801,-24.265226810566368,-24.33491565986008,-24.583994358106303,-24.66106647314014,-24.779232092001003,-18.504440220920674,-17.901972352849295,-25.0477511151719,-25.26895471989795,-25.700017971126652,-26.538193996309595,-27.45298030360689,4
233959.06-015736.0,2.424,-23.19874306060849,-23.501862549899396,-24.38293138234251,-24.81313847338932,-25.30747120605512,-18.681183565259552,-17.303031306396747,-26.07532515622438,-26.8411488042694,-27.182799847598567,-27.02149589633272,-27.74560986519564,4
234023.66-005326.9,2.084,-24.88768036041615,-25.35093549545043,-25.89047009765655,-26.211460539730645,-26.5108922832451,-16.541540074622826,-19.280011741650224,-26.905415367870265,-27.4012563946308,-27.70046094400092,-27.79968021985829,-28.39865212483655,4
234220.51+235022.7,2.883,-23.82733208476043,-24.42037241753771,-24.90509700498331,-25.286187755890413,-25.623654780669128,-18.55656755154362,-18.274574914877427,-26.13212343134444,-26.95801785544765,-27.4228317166216,-27.081604283746863,-27.63494552148287,4
234353.19+244743.7,0.272144,-19.105725105901605,-20.65615700218324,-21.740550235832792,-22.21297603965505,-22.45143281896452,-17.411108408513588,-13.26492271973444,-23.285332235278062,-23.87039758172268,-24.283798372272955,-24.68974845396126,-25.27043691590005,4
234618.51+302810.0,0.598662,-23.829573386844302,-23.923514338199507,-24.31735653583743,-24.39423458692036,-24.597680409468275,-18.45718848338926,-17.256477767899337,-24.283702909266427,-24.58531727441639,-25.329625592099983,-25.888754856726884,-26.77691624177694,4
234914.90-012717.4,2.313,-24.08562885746972,-24.191962714817848,-24.953860117226256,-25.30116356940003,-25.590333407574636,-18.96102762720761,-17.016439092100114,-26.065853873794968,-26.57867936220516,-27.10844967780854,-27.186147520518,-27.875470497642223,4
234955.70+302940.1,0.279411,-22.226410887473936,-22.47439996216684,-22.96146719371264,-23.147344137456884,-23.436103310891355,-16.261739815840887,-15.8696427932683,-23.243749669284004,-23.8214584276326,-24.077104666704788,-25.16954627960813,-25.7881278601922,4
235153.79-061830.2,2.78,-23.97717555752337,-24.8447619485504,-25.23240067301728,-25.530831807057968,-26.08883555091,-20.197276186314298,-20.408891826783947,-26.355259867328574,-26.95286260119109,-27.64449673546,-27.640049587699934,-28.027811187661342,4
235238.08+010552.3,2.153,-24.60350428025696,-25.174961794503147,-26.031628335189996,-26.231568143906003,-26.490031968122057,-17.998317027516183,-19.590280487526027,-26.93375615068883,-27.23920153894857,-27.49535713013493,-27.62004911385428,-28.48805449665934,4
235507.36-035709.6,2.451,-24.74656866914809,-24.8352676520539,-25.29724406540987,-25.487779757110587,-25.718795616034168,-18.402459790706004,-16.535619504354248,-26.32646069532698,-26.76578993636243,-26.923109684379604,-26.89863254416744,-27.47286034002196,4
000208.17+232437.3,2.25,-24.012945735363218,-24.441560114362822,-25.08009669391448,-25.169069264106614,-25.529585376405944,-17.544833345176695,-20.02419027216105,-24.50968705451982,-26.41078549308381,-27.046519560431385,-26.533278077213865,-27.4746504396797,4
000256.06+213900.5,2.694,-25.104613568040367,-25.075910048794253,-25.54478947313337,-25.6886479857664,-25.933803051410923,-21.835755476691688,-22.135802797256204,-26.33024505440709,-26.778265410416072,-26.995331985381853,-26.873246771159977,-27.56695815761541,4
000435.75-011318.6,0.506162,-22.424512488717564,-22.567675040831663,-22.90473016083881,-22.962015719563404,-23.16386750984536,-17.719630273585885,-17.287414582870905,-23.438541342622173,-23.913224377250973,-24.403652776176223,-24.95727219257818,-25.733447983514573,4
000553.39+220319.1,2.611,-24.83930377054716,-24.83725131894177,-25.32006555131932,-25.45485268531938,-25.74640709877005,-19.458409639446245,-21.67639174860172,-26.20101287032815,-26.7097421890502,-27.123345441673045,-26.84808248724195,-27.390303428832976,4
000639.47+161459.3,2.44,-24.530312543749023,-24.799796228745237,-25.3297191200019,-25.457007582036784,-25.73140088919518,-20.230893352737574,-20.704321114116556,-26.24077662639481,-26.37206850441425,-26.83513491834539,-26.463177866982907,-27.454069927786357,4
000943.75+313709.0,2.085892,-24.537697436716847,-24.735599429132886,-25.094282830643746,-25.302066306922,-25.54469563125907,-18.70484468411326,-20.15701955379948,-26.00186685056797,-26.85678084318046,-27.01342189071638,-26.34122497823845,-27.03166273863605,4
001010.43-014140.4,2.329711,-24.94029800291588,-25.103333551054327,-25.606227985963184,-25.66316331216933,-25.865811183288415,-17.424145897079676,-20.9209607819531,-26.004561071477912,-26.322646507563217,-26.754925938053727,-26.48166763435027,-27.49671589457796,4
001024.48+120135.2,2.804,-24.429236223280714,-24.84891741557056,-25.102126032130755,-25.37391593497105,-25.81469656020457,-18.750069681220204,-17.800204950570784,-26.49907689006893,-26.71504028766637,-27.29708115752921,-27.016525934916157,-27.62233310138997,4
001113.91+051901.6,1.990038,-24.720662257716807,-24.89889228866801,-25.33198247413512,-25.59685585280459,-25.880962478022248,-18.804995428992903,-18.53443836716972,-26.585079613587617,-26.870183498004884,-26.85474550644061,-27.042476385179032,-27.6783160507742,4
001306.14+000431.8,2.164,-24.201703656910897,-24.4260163510582,-24.89339742305653,-24.96835661622906,-25.1690636559259,-17.666930362135012,-19.234359261035408,-25.67144421456661,-26.539625936956902,-26.438478403991045,-26.242379991460748,-27.035714705522967,4
001634.88+301239.1,2.396165,-24.243464239542384,-24.07351432893259,-24.707166713030144,-25.1240899176454,-25.226922780751867,-19.78656320245348,-21.501617228386397,-25.85347659310465,-26.63758129038088,-26.839083424457545,-26.53135264886324,-27.515922005317105,4
001728.35+110444.9,2.881189,-24.28946537437609,-24.796586526312822,-25.309307527393145,-25.662243234698952,-26.0752092987208,-20.892410007412074,-22.7350073697061,-26.721667665188644,-27.52040622437948,-27.496922062987935,-27.529942784571578,-27.8815566032944,4
001914.46+155555.9,2.271,-24.66578459047474,-24.881645536171984,-25.2841568911626,-25.512300239854856,-25.88094340873815,-19.58299800925396,-20.736576438293664,-26.31017834191652,-27.002517630479947,-27.211251407100555,-26.81962684206374,-27.42180950683792,4
002248.46-044510.3,2.381,-24.643799838658172,-24.77259579046561,-25.16661050031507,-25.27409236561462,-25.47521078470419,-20.84593601813269,-21.22473575439346,-25.89538630723461,-26.523251090463265,-26.691325650327983,-26.26106682396295,-27.171268663402195,4
002538.86+231229.3,1.985987,-24.402464025837943,-24.51439064723184,-24.96006169574264,-25.22967093553432,-25.55657789802615,-20.050456386261523,-21.916316865762983,-26.127884741244557,-26.659730911919823,-27.050214110072734,-26.769211708801084,-27.493431545780638,4
002723.94+064817.5,2.040868,-23.860102089472235,-24.021232977123255,-24.584880698697663,-25.124827172995342,-25.401037360357854,-19.74289383729465,-20.46864673007279,-25.95543007683831,-26.56147120932541,-27.038438793991823,-26.5764259277959,-27.271662693708887,4
002736.89+022632.4,2.92,-24.931315145485723,-25.186509284812225,-25.555703782986445,-25.679686959078648,-25.94124968950033,-16.94388507009233,-17.632511879663056,-26.350515104256555,-26.67293096788207,-27.353167459457488,-27.103273922954426,-27.660177757750617,4
002856.50+121606.1,2.526,-24.979029416034333,-25.02656328969001,-25.459979779628352,-25.54816870329333,-25.743495172320607,-19.3865586895242,-20.73305999931336,-26.284544451752215,-26.326693018903367,-26.629146125208663,-26.55963758523209,-27.32413122490386,4
002952.10+020606.1,2.333,-24.71697096399132,-24.93852620794184,-25.1710016462321,-25.371651229186185,-25.659800184081323,-18.195336509025125,-21.001434629449637,-26.508952773345428,-26.610733980244916,-26.951351723532945,-26.559998131647323,-26.93482061756448,4
003019.89+352330.9,2.367,-24.046110726581293,-24.220212246135024,-24.868869209378417,-25.174393085504057,-25.49096194399564,-21.281110670511183,-21.30068197960524,-26.000852697849623,-26.687192473242064,-27.00420392528462,-27.04663378941917,-27.871648204853848,4
003021.81+053052.9,2.264,-24.796457740543374,-24.87348058977063,-25.2609868300234,-25.390048165527343,-25.70030949520115,-21.84565514397929,-21.80086618508688,-26.030044448249804,-26.22342878246358,-26.794176157579155,-26.71365072804848,-27.295885186906517,4
003135.57+003421.2,2.23,-23.94252803959658,-24.48453484750825,-24.959367357379453,-25.01952280708346,-25.35484973893104,-16.632403699808737,-19.0104994412821,-25.820720582270777,-26.362171057664504,-26.76141422970672,-26.68316945210549,-27.72979435507712,4
003151.06-074755.3,2.422,-24.867233631314164,-24.967928957894355,-25.33144679043924,-25.456657963148665,-25.69805038788808,-17.425165249940868,-21.115860691407875,-25.90461101082856,-26.80088476262376,-26.96659529503085,-26.79107571846148,-27.275165216615093,4
003326.67+242602.6,2.203,-24.55941535404945,-24.79570377437216,-25.14542666417503,-25.38400444322069,-25.749169943454135,-19.84305742881702,-17.97737261087587,-26.269310310364396,-26.65097196577544,-27.080360409917,-26.865196388094347,-27.602600710326588,4
003337.12+035100.4,2.320255,-25.250715897661287,-25.32705150273576,-25.69672846500257,-25.84635858507298,-26.10956275029313,-20.633173694302915,-19.97665279983032,-26.22683155712983,-26.62319670100621,-27.1219189918462,-27.058810064058665,-27.748292260738143,4
003748.31-030330.4,2.58,-24.83846430686109,-24.95959442119421,-25.47861186913101,-25.615135382708736,-25.903611563057243,-18.073579271123304,-17.825372273875907,-26.336921194036897,-26.63227058690129,-27.278486639479304,-27.32883242700162,-27.908038195833942,4
003751.90-023845.2,2.273,-24.217378611870163,-24.190595655835303,-24.71856884505052,-24.806880656038786,-25.011047664682067,-20.353704160788187,-20.654502179835205,-25.58083330891009,-26.091111116194007,-26.272274328484468,-26.02583177150644,-26.90252963516654,4
004204.88-045421.0,2.323,-24.428687896781263,-24.69906573269568,-25.12173106032888,-25.33708527589016,-25.65510419557388,-16.98962599155515,-21.266933351208674,-25.99550708151118,-26.402138395513603,-26.86837427549889,-26.619901458330517,-27.009193721636898,4
004216.56-025422.1,2.73418,-24.93659340862373,-25.20742081181014,-25.57195973213793,-25.73619498445291,-26.165702388630034,-17.056544630106792,-21.543410494634117,-26.62238394179245,-26.95905806435541,-27.82262679950286,-27.72211900473601,-28.11946026815844,4
004244.99+201920.5,2.538,-24.4446819243756,-24.976499747252834,-25.41253417763893,-25.5790484502024,-25.920415138650824,-18.08759544065664,-20.09516560229242,-26.41501986495528,-26.885957767447803,-27.314835837301672,-27.09969959488312,-27.73857236830324,4
004300.26+045718.6,2.362,-23.757139120432413,-24.2172591612098,-25.17436243403784,-25.47764828597875,-25.899969442083236,-15.499707734594883,-20.28267727328228,-26.79772320196771,-27.16595482216354,-27.50722487522209,-27.538046461307747,-28.48994346887376,4
004524.90-080040.0,2.279432,-24.63523206169366,-24.75404403918865,-25.2113331727241,-25.476126490187767,-25.767958768342574,-19.92498493506009,-20.65308820207136,-25.840501320524755,-26.585382863787547,-27.03056787203295,-26.91593685350441,-27.523194982242504,4
004547.87+025404.5,2.542,-23.255804740656803,-24.158502589600342,-24.998543440254437,-25.48144598528949,-25.95257220662481,-18.33627812930446,-19.432149845772784,-26.37037071108637,-26.91403074401313,-27.46251218912522,-27.081537260568854,-27.538687926960005,4
004602.67-044018.2,2.382,-24.68359923628685,-24.75523945260641,-25.24769477026349,-25.419326454841148,-25.70352058334504,-16.081635908375276,-21.195097937496776,-25.926765826357435,-26.727737439515483,-27.15868795074066,-26.77570802718954,-27.53429729724381,4
004844.59-022603.1,2.919,-24.187733695834503,-24.66924060109685,-25.177686430493917,-25.435277143228408,-25.75760208640084,-19.729045010535028,-22.30507421377421,-26.40259156913373,-26.61793518693557,-27.63012759314427,-27.094003019639526,-27.643495030353407,4
005044.51+295340.2,2.154,-24.24580557474336,-24.594574233302605,-25.16435782498573,-25.241186175257088,-25.459468004679803,-19.71811573991979,-19.73943467697165,-26.17237177865511,-26.09826401374743,-26.893739561272834,-26.016718065371084,-26.65733268050021,4
005202.40+010129.2,2.277,-25.665899450579776,-25.673118597202222,-26.06980657085302,-26.191006445963385,-26.465867120299414,-22.4591866967083,-22.85800328077932,-26.87766031661734,-27.071629847530765,-27.3986900436653,-27.401762011513195,-27.98178426721316,4
005229.51-110309.9,2.461276,-24.44231843100537,-24.519064114936945,-25.060107359946866,-25.14816864897561,-25.38229450804503,-18.750523960579816,-18.57853420672349,-25.735865991265104,-26.06007698400297,-26.54625271717933,-26.488334189951463,-27.21295685542789,4
005251.81+090945.2,2.66,-23.60718974729659,-24.088292895120087,-25.07176197510661,-25.526026983175477,-25.956334937375093,-18.256721878458865,-19.708232214702875,-26.273602222075453,-27.38743539045441,-27.81107330791653,-27.673251752112744,-28.61031043041993,4
005408.29+020751.6,1.59,-23.315679055905065,-23.97466393188082,-24.5634049745751,-24.97552473375178,-25.326336955699364,-17.642906233350654,-19.851001207443133,-26.087358621621355,-26.333108999043148,-26.488371653556072,-26.39001638716834,-27.15021622428157,4
005408.46-094638.2,2.123327,-24.762635615478708,-25.10851215493587,-25.597679389941632,-25.826698956730617,-26.108666922187638,-19.87731159437764,-21.12685950179204,-26.702491891405952,-27.105987744192767,-27.26620279557226,-27.49815792114719,-28.267391955170176,4
005454.83-004244.0,2.21,-24.99348736241471,-25.057665190254863,-25.35080780659269,-25.531408075571623,-25.7941271571933,-20.5899215743961,-21.327444477314128,-26.23554699792853,-26.667878760790003,-26.959704616874184,-26.76499647652113,-27.580899763344345,4
005550.61+245240.7,2.296,-24.75975813903403,-24.80679947792955,-25.198227970504377,-25.288023903558805,-25.55125054425002,-20.209603539796813,-20.072640514560163,-25.9526679191782,-26.294586671591805,-26.457466420607307,-26.58454459250776,-27.473860544493768,4
005700.19+143737.7,2.649,-25.29149610472823,-25.42268350330883,-25.929930482284917,-26.194837570135476,-26.461851821320646,-19.075218101992885,-22.586049442726235,-26.77500465025034,-27.276426027828304,-27.861067200915347,-27.51982785315016,-28.19528840803842,4
005716.26+242406.9,1.995061,-23.52104012762709,-24.29379605488985,-25.055914395165992,-25.380867798376897,-25.678844222528447,-18.64882670214116,-20.1547974669341,-26.40382102493717,-26.258623215111893,-26.582905470522043,-26.961830458678484,-27.491276619662894,4
010002.32+001642.4,0.779,-24.42496254016234,-24.56848891604514,-24.89930061884444,-24.98419103407628,-25.13463050906057,-17.616516710922294,-17.246697551757965,-25.36240736539073,-25.3381682636198,-25.391700930666207,-26.32290340899943,-27.376660022568696,4
010033.50+002200.1,0.753169,-23.970052029204552,-24.06960801054483,-24.33959947303678,-24.36890440020249,-24.456375744134125,-17.383474891062843,-16.427732730162063,-24.3106783461192,-24.82049942389493,-25.22150754141809,-25.970073718080894,-26.715005232879527,4
010142.25-015150.3,2.295957,-24.46718316770828,-24.5225683669518,-24.89064083870768,-25.04535071398381,-25.352451039012465,-17.660626711919807,-22.067568852093807,-25.655749617520986,-26.33381574257109,-26.8279201588934,-26.422947689196658,-27.039316111489303,4
010151.08+002028.8,0.321488,-20.76996244759565,-21.31076066452385,-21.83998596936388,-22.05657402950225,-22.276216168443707,-15.678816976293056,-16.520848893263093,-22.48165670412623,-23.21428706099545,-23.73710438467081,-24.370078072724937,-25.0861109716462,4
010517.92+115032.2,2.223,-23.66640919420954,-23.9520433963426,-24.55061079397659,-24.84277563635382,-25.164747841153453,-18.214203329042142,-17.282728326069392,-25.973302822595485,-26.705296312903503,-26.79692003949589,-26.50451397887967,-27.29641692116589,4
010549.49+183941.5,1.252,-21.92161237924403,-23.04723645265476,-23.78931436818256,-24.322684498529814,-24.764446789954853,-17.795519324212393,-20.740016266487917,-25.422637815158907,-25.723518664715805,-26.44493111669334,-25.34638848031623,-25.75721615759977,4
010657.94-085500.1,2.366124,-24.955552905393297,-24.95143869311358,-25.40287396227634,-25.48614452535568,-25.63931848278532,-18.95783142241109,-20.647621699113625,-25.98988903171144,-26.68032615514224,-26.83583491899596,-26.327920999266752,-27.21368530588791,4
010933.11+083720.0,1.962703,-23.20396218508404,-23.74689338287463,-24.22582986929923,-24.583830461976337,-24.97002807640497,-18.816165154402103,-17.300200040405954,-26.097762514610157,-26.553870470924046,-26.47253405003679,-26.069192178745364,-26.98644158394815,4
011515.84+110651.1,2.28,-24.0121711749187,-24.25989171439527,-24.788933941985125,-25.227403042129836,-25.62325014848069,-19.697559272449457,-19.36798936174673,-26.10762387499381,-26.800165678332885,-27.417848523083588,-27.105743044886413,-27.779990599116665,4
011610.07-044754.5,2.36,-23.221617943961206,-23.78226581377653,-24.43227232468923,-24.768868485742285,-25.04044738852885,-17.822838606441405,-16.40560384478367,-25.544547890767927,-26.608106508688262,-26.4422553549148,-26.45996212109756,-26.97178326960455,4
011839.93+195027.8,2.778,-24.971148865964995,-25.13410301622485,-25.54494362054168,-25.57880759386469,-25.85246109795096,-17.592716813353427,-19.702515489809045,-26.356170208688766,-27.20003750000581,-27.33338265161148,-26.891463572126007,-27.37512036440019,4
012129.00+112700.4,2.492232,-25.237767956053094,-25.53580995927351,-26.23894873215337,-26.5548294134531,-26.904192422718832,-18.25730157427482,-17.308651579631913,-27.14260659988283,-27.683897403051827,-28.148723954444485,-27.871518693953075,-28.211374341082816,4
012211.78+285826.6,2.72,-24.25576999113074,-24.86810114530288,-25.270469564847943,-25.49230076156877,-25.92005406234698,-17.257009273514544,-17.649218476917714,-26.264594687113014,-27.17275016168268,-27.341931360198856,-27.21279671084724,-27.75887341316682,4
012320.31+350646.2,2.629387,-24.814727430892138,-25.26295322303842,-25.60629905730956,-25.72923031478599,-26.11955688158761,-19.128855017961587,-20.87097619523543,-26.566252244874416,-26.89399410244585,-27.18812424128159,-27.192217008517964,-27.677958423510567,4
012453.44+170206.6,2.485,-24.362693404309272,-24.46216933436506,-25.0450307271734,-25.1835657603484,-25.47244920955944,-17.662469350253648,-18.089724939364988,-26.365782748179623,-26.69993786130944,-27.665011729059117,-26.644887398874523,-27.43411754452897,4
012517.15-001828.8,2.274,-24.44837933363098,-24.744982803157807,-25.022733832974264,-25.180058534610527,-25.422828009923176,-17.287622926901417,-19.2084779126161,-26.06988229478613,-26.6492343387292,-26.264365535689382,-26.461154508648463,-26.99525994757721,4
012517.75-082442.6,2.443,-24.948683324118743,-24.86792831093797,-25.266402798452397,-25.388253109963628,-25.57411153774595,-19.07422171610841,-20.06879251125613,-25.959084299291984,-26.703802091584947,-27.201334651644885,-26.5728794230212,-27.16297468916538,4
012521.57+073723.2,2.769,-22.757091210893027,-23.84697408714857,-24.652952774298853,-25.26698436744994,-25.762868723922832,-17.615807411313096,-15.739866233567628,-26.210939177294,-27.015192744425008,-27.06141757319489,-27.287902879287884,-27.81595967578351,4
012541.31+350234.3,2.721184,-24.770229004259736,-25.01242085779616,-25.473290316268965,-25.66512101257507,-25.902372389150464,-19.953204313755982,-17.032200663123106,-26.10403734776853,-26.61228041924391,-27.15691683756437,-26.925923273094057,-27.698291386939037,4
012549.40+114620.7,2.749558,-23.942877119784303,-24.895935979837063,-25.461799858361164,-25.715312504548404,-26.00793293466903,-17.941355818945468,-18.9762055049978,-26.503751566497197,-27.13141895165176,-27.315801343394835,-27.1948517530799,-27.515320211877786,4
012610.11+073039.5,2.134138,-25.016940909954773,-25.17645992952757,-25.53892764519509,-25.746994723777185,-25.93466740144747,-21.55605483126571,-22.882199253881563,-26.55102450534458,-27.24654001188712,-27.544679379909645,-27.623345363623763,-28.08386810197108,4
012807.86+075853.0,2.414,-24.90309373841578,-24.75860942259956,-25.359098095548045,-25.49347103670785,-25.563857092635644,-18.265557344476864,-19.624104561762685,-25.908610094696108,-26.069521800673417,-26.518190783256173,-26.209701604726742,-26.92188608087494,4
012835.96+112751.7,0.718,-22.98455520443052,-23.30675128542415,-23.76927894655004,-23.940505668531586,-24.085206502011506,-17.82337341334367,-16.217058655588552,-24.29942161208448,-24.849359270858866,-25.1071447491632,-25.80929382866724,-26.757528252267576,4
012919.03-082344.5,0.4482,-22.05512226613796,-22.198305459738968,-22.48891630932792,-22.63146222857336,-22.81938900794748,-17.308241629986856,-17.96684335182948,-23.30820035123379,-23.776162324906547,-24.315114314794712,-24.502499187195788,-25.33813920080378,4
012927.87+112146.2,0.338468,-22.23611669218304,-22.34078668061799,-22.549269659620364,-22.640679835798124,-22.947934255736243,-16.098461406618707,-15.07434247247515,-23.13278044962485,-23.817979574055933,-24.02690991614145,-24.539441618358268,-25.20395156583517,4
013012.36+153157.9,2.349,-23.546194766180047,-24.340062826634497,-25.460390513188404,-25.886565191902523,-26.244371991916147,-18.75612419105226,-19.570787188473,-26.598013786160443,-26.99845258373419,-27.687292507991582,-27.392470993957392,-27.84292647727108,4
013203.71+044619.9,1.946257,-23.81868107337536,-24.29658341430517,-24.979303753723528,-25.26031497196462,-25.508703978090264,-18.526190696225083,-20.528927257284703,-26.47553306524205,-27.039672183444587,-27.016159929050428,-27.27570958699804,-27.600300818395716,4
013417.81-005036.2,2.254,-23.563921514008147,-23.97634957030298,-25.012214961192875,-25.519123383263,-25.9054783163648,-16.467453016102237,-20.79003840704876,-26.37480914988601,-26.950345561894096,-27.17902858472582,-26.83047088065112,-27.36867886021028,4
013450.27+003537.1,2.686603,-24.981611390623893,-25.14677979738505,-25.57683280027605,-25.818150419541183,-26.03230346873417,-17.844653418840625,-19.31484689461638,-26.28953685753524,-26.56114544380956,-27.12532770344933,-27.1007117640162,-27.678863094070984,4
013905.05+225114.4,1.864971,-24.03295101998061,-24.581492764650868,-25.113000178390468,-25.329110160368145,-25.6650609510667,-18.72179542153252,-20.861822419907124,-26.3583566554784,-26.523421520629373,-26.814700469640083,-26.929854988438425,-27.260324236536785,4
014018.20-013805.8,2.235,-25.002038711329103,-25.210508567747063,-25.805143100722223,-26.099670520984827,-26.30822108062696,-19.47198956010541,-20.49578820349525,-26.90871023248777,-27.37897935014957,-27.753257199026567,-27.56027033825936,-28.14446000092787,4
014123.04-002422.0,2.608,-24.492959659289525,-24.65755059128509,-25.109020904762165,-25.298250251262285,-25.60229159595587,-18.424505257514323,-17.10343061157059,-26.00442644175457,-26.599703565838908,-27.337780203294383,-26.937170370922917,-27.28399580880033,4
014318.02+194839.1,2.624,-22.511372595936624,-23.563829621426272,-24.58685437242713,-25.22289133910731,-25.52563569970863,-17.565175491031628,-15.87996828733143,-26.34566530597017,-26.916408975708396,-27.536302180329724,-27.46794220439749,-27.890979799894247,4
014414.08+083820.3,2.44,-24.794965108235548,-24.7660134074428,-25.234017470993106,-25.297276903692392,-25.507766586045022,-20.73374739225953,-20.13018237070339,-26.108265384694004,-26.444658544438735,-26.544192640622544,-26.319200056557708,-27.385022985186176,4
014516.59-094517.3,2.725,-26.518169186172493,-26.54058201918408,-26.948032008013527,-27.104850640484035,-27.30774843283369,-19.095179059035416,-21.908315730023237,-27.467878020011096,-28.0681594412318,-28.56505700963778,-28.30314568852492,-28.982910600446058,4
014613.39+291548.7,1.095112,-23.975941353641847,-24.13023910539729,-24.53626445609852,-24.77774668880629,-25.05641330862475,-17.140175495403998,-17.926439851996783,-25.697603867032157,-25.710773395636654,-26.114939899807855,-26.31323478445584,-27.13270910315034,4
014813.83+232638.8,2.363,-23.927570977831017,-24.161768706739306,-24.62478280933512,-24.91004795698449,-25.2954765138176,-21.389722392751967,-22.039937880196607,-25.81905598856756,-26.586336425101702,-26.871157785937108,-26.8080715710509,-27.256378535576008,4
014932.06+152754.0,2.389,-24.690603611364757,-24.877353295729357,-25.20100341488321,-25.436126454236945,-25.789788362841595,-18.46496213294061,-22.418591047133138,-26.205302090890925,-26.76387483255456,-27.117398822255208,-26.76287248099782,-27.097089932403417,4
015103.80+031915.5,2.232775,-22.7586643461398,-23.36693592988168,-24.271078472832883,-24.71215335576556,-25.167109054433222,-18.904956240898365,-18.763297964472056,-25.811071338387745,-26.55641237976956,-26.689090898971724,-26.724848388459264,-27.62872335688253,4
015105.80+112613.5,2.440796,-23.96711239103752,-24.65768016498217,-25.454675404681996,-25.77233360324658,-26.204678418360466,-16.938064484301318,-19.02199863853042,-26.59217101137189,-27.27056786705525,-27.83007688034855,-27.670510468152436,-28.198106459616323,4
015430.85+075650.7,1.989661,-24.438199617595785,-24.842352784137443,-25.31258640218376,-25.42308070977059,-25.77927210202672,-19.458388307433435,-21.70177095597917,-26.18569752047721,-26.941118330833028,-26.96861859569944,-26.887815429550216,-27.605842152347865,4
015650.97+044707.6,2.948106,-23.83164887879929,-24.49167783685824,-25.079435527020024,-25.38939123501486,-25.62636381278977,-19.71273612872242,-20.68332895175745,-26.48470216241986,-27.3444171274267,-27.1802432383895,-27.09993415758435,-27.791225579465564,4
020351.67+282235.5,0.561,-22.94502950516869,-23.68357554024625,-24.313907596303423,-24.54769761932945,-24.814448577912,-16.65951893171275,-17.98788199485131,-24.689808581542923,-25.32453514093804,-26.019657565835168,-26.58908561579344,-27.503148340632563,4
020459.54-020228.2,2.502105,-24.394300597693366,-24.45510386277441,-25.018940839804632,-24.085466918668075,-25.37566678601162,-18.3664230243414,-20.118323463101103,-25.736030871707733,-26.56902297785645,-26.84666756947532,-26.97549276512149,-26.637171304847133,4
020558.02+043333.6,2.518026,-24.682152299141617,-24.738181681223267,-25.040029995937463,-25.164707062636246,-25.599144999083457,-19.934622179760368,-22.40712943843184,-26.14878278097053,-26.80740903237925,-27.32984738841737,-27.194660183016268,-27.96178570710312,4
020845.54+002236.0,1.898289,-25.754421629667156,-25.93825463821516,-26.26910869139644,-26.43415368645261,-26.70067460361991,-17.51767077999182,-19.371047394758538,-26.98058077535616,-27.320503206976333,-27.326202778600543,-27.795839760706503,-28.68403647984497,4
020950.71-000506.4,2.85,-25.54616126317414,-25.988348662145867,-26.37638818488504,-26.61453847048599,-26.901472662336243,-19.459904909666832,-19.61281427892427,-27.29955989023075,-27.76464127495825,-28.059360973176027,-28.28844453070465,-29.00665838266596,4
021119.12-075722.5,1.880788,-24.598940682535677,-24.950497021708987,-25.53677694837168,-25.781032555825547,-26.09369565958224,-21.37254225352796,-22.35021270372111,-26.477552839099022,-26.95948464072417,-27.27592909464862,-27.286748169764746,-27.825885149740056,4
021458.24-045535.6,2.339,-24.812723675594977,-24.81046216504515,-25.33392937647674,-25.51476491862753,-25.82910509548405,-20.00070773707681,-22.46125531026441,-25.71313120437064,-26.317238999563934,-26.84078759763076,-26.779291547081048,-27.422117465437225,4
021606.12-002104.9,2.221,-24.31549941711829,-24.549481426424567,-24.993196767323003,-25.262012582311428,-25.5456253219298,-17.300254653476483,-18.229237110252004,-25.891362085257395,-26.40014482281648,-27.063810316869485,-26.668283800661385,-27.329514224331,4
021631.70+034009.9,2.109,-23.87735097453477,-24.39208639458409,-24.97872036558672,-25.31034225659128,-25.668595369949223,-20.0093308027228,-18.97998338616848,-26.3855573924403,-26.77941827934338,-26.932438605968937,-26.92470739392721,-27.52452248883046,4
022614.46+001529.8,0.615036,-24.20212727550008,-24.31193378054133,-24.75336385801483,-24.89064902497702,-25.051390074684036,-16.942344352286028,-17.813014066729547,-25.0820912883981,-25.139625573453355,-25.544006456583197,-26.09508152768009,-26.885981498386485,4
022740.55-040251.2,2.61,-24.77231484564537,-24.82845240366825,-25.36005172019974,-25.54094183537717,-25.667916910585205,-15.678199562372876,-18.157967488014485,-26.07003360488366,-26.594128377535597,-27.455945454400386,-26.604661903853653,-27.282070492996866,4
022844.09+000217.0,2.718,-23.6477788119577,-24.70795927033128,-25.271719106137592,-25.703048892329747,-26.188504166665844,-16.98633731485866,-17.30311419232025,-26.847856676807,-27.52072402295317,-28.0000133963048,-27.87898637468388,-28.54459755952905,4
022935.02-034010.7,1.77,-22.76095947788509,-23.68554179385563,-24.275782119105408,-24.69227120114824,-25.159752153778296,-17.952305929095875,-15.12911589412542,-25.881349790969995,-25.60613462851076,-26.492643143863106,-26.7203286301778,-27.61828222659697,4
023359.08-081631.9,2.759,-24.329575555573573,-24.67438907148197,-25.17631992793149,-25.529364730331128,-25.857009740425507,-18.129609135249584,-20.32705868029254,-26.25550866586893,-26.98147324129681,-27.302071790557203,-27.11411305905133,-27.751469121612384,4
023508.51+030457.1,2.304053,-23.74036436866683,-24.09847711660175,-24.967304158870924,-25.311977640326976,-25.62923518300371,-20.45466024227658,-20.42783740345192,-26.48787915220574,-26.66931919084872,-27.006813707986183,-27.069878811070986,-27.81292538424821,4
024552.99-081219.5,2.788,-24.34671292943143,-24.65157708653247,-25.12490364802051,-25.316087860191114,-25.549688138383097,-21.25648645825689,-22.23208111966344,-26.27659831625473,-26.62215376238334,-27.412798246362858,-26.81409692245048,-27.44386495672641,4
024706.65+002318.1,0.363,-20.475625196735606,-21.48840023667024,-22.379888297005152,-22.674494331737662,-23.11233983860524,-15.494765631652536,-16.983920876546385,-23.323618953460237,-23.49971468611994,-24.034521126819968,-24.23594221113831,-24.92314939044082,4
025030.78-000801.8,1.461,-24.541326570146985,-24.70061683458293,-24.975897043202487,-25.102885466343185,-25.384317541307304,-17.82493355085213,-18.52945237233814,-25.911184562590645,-26.0090478829552,-26.11144976802317,-26.795265162500808,-27.790134254852678,4
025221.12-085515.6,2.29599,-25.052348952099173,-25.11716744635101,-25.577228271682028,-25.720354329336097,-25.990594022359662,-22.18901940346151,-21.77172996804125,-26.359155965056956,-26.64462372331868,-27.07181636379985,-26.734262611141794,-27.508717696812717,4
025625.62-011911.6,2.503054,-24.183038625237828,-24.481486772697917,-25.009732406153617,-25.193832918761785,-25.5181699192368,-17.1783257003636,-17.259413000801498,-26.236553359060704,-27.08184709736038,-26.9046458612377,-26.5033567136163,-26.88132702611024,4
025956.44-045604.0,2.154,-24.418925786280948,-24.83764497137967,-25.25797902889311,-25.445811822624584,-25.6850104031634,-19.82423775151561,-20.12191322299361,-25.77764060439398,-26.672630207969483,-26.827978812211853,-26.541935271805805,-27.007303530664405,4
032108.45+413220.8,2.460178,-25.980109903498477,-26.228188304889013,-26.929412101509843,-27.14906059158917,-27.43690668787052,-18.32973196292133,-18.25614428449722,-27.80620359682574,-28.330727876608574,-28.530483066602336,-28.45814112155176,-29.179220204015675,4
033609.54-061913.1,0.438832,-22.1199959697682,-22.19627846169149,-22.47456581212589,-22.67351269799,-23.022922380379544,-17.102778259691696,-17.8615822179102,-23.56860259394881,-23.97730368178844,-24.489346054653048,-24.736770039349476,-25.709638293693978,4
034707.07-054912.0,2.130487,-24.08925558095242,-24.455346631041312,-24.794945660664155,-25.06492718187968,-25.321714380484043,-18.80197415188817,-18.558771381385597,-25.781318106151204,-26.308948756476205,-26.90662974657365,-26.457987252798063,-26.927791691171095,4
034823.29-055529.6,1.496513,-23.657549858693184,-23.97357558664706,-24.57835321322023,-24.85090880303135,-25.164020674690853,-19.237554558686384,-20.02276610988087,-25.706431294450347,-26.038540299422905,-26.121227992211207,-26.29381652303,-27.17152320206518,4
072928.48+252451.8,2.306,-24.96466521126546,-25.19655889781542,-25.730874794953,-25.977181237797986,-26.28853791342377,-19.038964629272552,-21.567320857726017,-26.36055550224228,-27.138745156774345,-27.42628409862634,-27.46981722281355,-27.90255952627712,4
073205.33+373744.2,2.457,-24.5850904488222,-24.72655958508495,-25.16072969953033,-25.389468021724287,-25.70044324568705,-17.83130061675188,-19.32002381909509,-26.18848330590347,-26.66827903167425,-27.0505648514773,-27.2371272383579,-27.923384089575254,4
073306.63+462517.5,2.16,-24.512580679835,-25.05147383470188,-25.808572186650736,-26.06179637848977,-26.28712694383057,-18.376748438036444,-19.88837079178711,-26.49180361659457,-27.27399910198457,-26.79624078502586,-27.20123648137748,-28.02769715582705,4
074816.97+422509.3,1.107,-25.191140614043636,-25.36933677057392,-25.808472163364968,-26.02374095747224,-26.232261391065386,-14.294984195390152,-16.960454163156676,-26.5381225367904,-26.57855666321668,-26.773284037154315,-27.387066690313908,-28.25467053613983,4
074947.85+142747.4,2.871,-23.351765182426327,-24.000673469827586,-24.562959113173694,-24.84402869434939,-25.19579633538665,-17.81435828552083,-18.930592270398847,-26.327580488781432,-26.638594336093547,-26.876038413981888,-26.834029622695045,-27.45971771014857,4
075004.39+170245.8,0.368032,-23.52939803698449,-23.66766828417656,-23.879192229519013,-23.89258658928306,-24.18579431100904,-16.087745122583815,-14.922023497081195,-23.857539722428992,-24.33374270258376,-24.78032072048904,-25.646015633518346,-26.375048658570662,4
075044.04+340658.4,2.142,-24.74563922156756,-25.123714888777133,-25.61470831984146,-25.88092242911852,-26.180573234815544,-20.047170111271384,-18.617973985719672,-26.47055263677349,-26.68742281299893,-27.00483895534635,-27.30776062970979,-27.655746910562225,4
075247.98+435627.2,1.357,-24.76262333003434,-24.96470064881233,-25.28683040122372,-25.47430753431145,-25.72008555639948,-19.07587989155301,-20.763779269942383,-25.927652367781945,-26.18273418447066,-26.52917639142147,-26.88414261331033,-27.826757960641963,4
075248.19+295044.8,2.38,-24.547976148358607,-24.673190909336736,-25.271705225707564,-25.401841040995368,-25.692738904592467,-19.702673994683558,-19.724591381305142,-26.124349070322044,-26.284620704316893,-27.002556894133917,-26.848874987082358,-27.781170852357707,4
075524.10+342134.5,2.121,-25.140825989759797,-25.35417202308257,-25.83820324521353,-26.1725224145924,-26.459060945635706,-21.44203111137,-23.389302903914064,-26.86510707372833,-27.457720239887365,-27.766334721899344,-27.60070782540313,-28.16452165862632,4
075640.27+093932.8,2.42,-23.656050688140574,-24.18362378621973,-24.801642778620995,-25.129263169884275,-25.603160224466667,-19.83579616095107,-18.616684713289832,-26.04645712702981,-26.963168064353635,-26.87747026825787,-26.953289046603643,-27.475962620941285,4
075846.50+461652.3,2.353,-23.79018912134821,-23.977873521618022,-24.51887407297464,-24.841435334207493,-25.139027020371977,-20.333481732516155,-21.69127265800827,-25.450236944321997,-26.319981260370508,-26.224827836704552,-26.167865173712503,-26.398543670505244,4
075917.80+353251.9,2.026057,-24.370286147819936,-24.71695784962837,-25.180804397521943,-25.307239352074863,-25.495979651703923,-18.478331382446004,-20.413147891657577,-25.957207139226316,-26.703880547414823,-26.66417461156985,-26.707404910373363,-27.73036962895897,4
080006.33+443555.6,2.513,-23.47348196759207,-24.00580183220674,-24.923640178313025,-25.2615348730012,-25.77450630490267,-18.86591231868366,-20.590715536623737,-26.431893143220517,-27.086678018664465,-27.40046248063567,-27.082365670300767,-27.641603196124887,4
080055.45+212547.9,2.496,-24.359205211508133,-24.43138748483927,-24.79758321495619,-25.043917199874507,-25.422148858768796,-19.148732802097665,-20.87355488661263,-25.853115949584527,-26.593807336083923,-27.215660269878494,-26.77857027086425,-27.351427200637897,4
080325.04+174239.0,2.092961,-24.381403554231444,-24.39762868209421,-24.76651286471716,-24.964416147189425,-25.21467650995108,-21.097088325618834,-20.987866061949987,-26.12407753263572,-26.542199176183985,-26.931567025301987,-26.731585307701334,-27.40534912700784,4
080429.61+113014.0,2.164494,-25.02184994738296,-25.03806679938418,-25.309405426227936,-25.577211085197828,-25.87061865786209,-19.786568436528235,-20.728216894378303,-26.366534502539785,-26.792739513065285,-27.19410886170526,-26.97270567964636,-27.68267337547019,4
080609.87+221537.7,2.648561,-24.99542774080221,-25.18637347716368,-25.589208292730248,-25.734715514363515,-26.030549682517787,-17.015574093033003,-20.010664458537804,-26.39096695766459,-26.87576328371314,-27.42571887081546,-27.091607910134574,-27.59214949290876,4
081219.23+370258.9,1.895,-24.994263944950166,-25.479277897877253,-25.85339919687149,-25.9355951446424,-26.174752814091818,-17.62174467750301,-21.30603284474065,-26.409786053442968,-26.74794546126365,-26.370895047512047,-26.93657931800664,-27.822620641192785,4
081342.09+344235.3,2.246232,-23.680695838376582,-24.23141513613919,-24.727039183877068,-25.1058642823044,-25.48590880925208,-18.224887908484813,-16.68501250185908,-25.89237968790374,-26.769816237549243,-27.10438250040341,-27.198455233249856,-27.85652136452552,4
081830.46+060138.0,2.381,-24.291746644882803,-24.43598852482747,-25.150342288997138,-25.31142250880156,-25.634895926544647,-15.986245421048435,-21.378742277462266,-26.35081251635981,-26.55260672407103,-27.223231789206192,-27.19512337624425,-27.861496709874466,4
081930.35+480825.8,2.012,-24.35230184417156,-24.954724176156034,-25.531319766538378,-25.61282066725959,-25.80257643071497,-18.702582851909597,-18.65031144569283,-25.942789533522777,-26.46878668600061,-26.87599203088964,-26.260297111058435,-27.02529259725328,4
082107.61+310751.1,2.608,-25.766107574620293,-25.92412168454707,-26.45649733470573,-26.73375628104092,-26.98602858983715,-17.070477212467488,-19.52904998354038,-27.493485535653644,-27.80485243138553,-28.536205318201493,-28.321485144397684,-28.707986718555684,4
082154.28+520358.3,2.399,-24.86760177906299,-24.8690587601194,-25.34476568673064,-25.50130134085717,-25.6987477647827,-15.944322987535124,-17.6466855928945,-25.978277316913463,-26.356119690848363,-26.67430868083028,-26.608766154435745,-27.57666625555996,4
082155.33+115950.2,2.93,-22.87992521460744,-24.22860218353077,-24.89233867035716,-25.436639833904003,-25.74751386565064,-20.03385445389842,-18.8139282106674,-26.41470656071593,-26.69404721017319,-26.902690794946363,-27.062266884346744,-27.767767280846787,4
082215.63+500208.8,2.601,-24.945602146630748,-25.237011320059764,-25.675189310984937,-25.87668060732093,-26.127549737899148,-20.60054222138817,-20.038535510619536,-26.425348584911383,-26.48913559729309,-27.364430317626976,-27.21803444697476,-27.87054586277912,4
082307.45+023709.8,2.515,-24.6249744952184,-24.88118781001498,-25.362823178886035,-25.64356218609681,-26.00458973639357,-17.71006058555611,-19.63965882492477,-26.66826404614948,-27.03311343685549,-27.721495709818715,-27.57133931870843,-27.966649816856677,4
082412.89+194301.5,2.7,-22.819331224773418,-23.6938257191772,-24.744229409866268,-25.281603625066428,-25.79767859464061,-18.938463091433743,-19.65455599998047,-26.31863809248251,-26.80428383182386,-27.31114083362189,-27.070386601109917,-27.665395451853065,4
082508.75+115536.3,1.996,-25.2832221360875,-25.81790786214864,-26.22107900420453,-26.23001443828413,-26.30139383654877,-17.837799399098976,-20.877894885794547,-26.72033884118304,-26.961427159671267,-27.093907966387093,-26.872010918839106,-27.944671184585804,4
082625.22+261252.7,2.494,-24.81542967725954,-24.89405186051722,-25.43277864538411,-25.55061425920098,-25.858381293238505,-20.244083402499264,-22.07208125369788,-26.1849706170064,-26.530172992735487,-26.72430513786453,-27.06167686055031,-27.826918260924856,4
082734.23+582444.5,2.702,-23.695605294858765,-24.39417446989296,-25.115842093631574,-25.64512990298021,-26.174767355783622,-19.89625913490026,-20.746551874549223,-26.63612271481598,-27.29413931875295,-27.28777948324304,-27.732415071571197,-28.143976852088542,4
082736.89+061812.1,2.192,-25.295036363415623,-25.515990081010376,-25.99431618641768,-26.330033086623803,-26.58401696606595,-19.3805747449694,-22.55201433512634,-27.025431480690088,-27.596305556885703,-28.11253331039503,-27.850543177887037,-28.13040494953832,4
082808.17+041903.2,2.29,-24.78909643607338,-25.00964419095073,-25.46078292429393,-25.63512405772975,-25.90115322678025,-21.845110620312276,-22.647244126736133,-26.500999583448547,-26.42221149103154,-27.09811662979311,-26.975537955170047,-27.62333704186009,4
082853.08+521543.3,0.983926,-23.527043059126125,-23.68689079197468,-24.11932646324395,-24.25158162780412,-24.48536199395784,-14.751016010015508,-14.95256300946562,-25.104432134151757,-24.99681362091553,-25.326131000466845,-25.95163824972338,-26.82091090158186,4
082857.22+125140.0,2.722,-25.15276179706447,-25.27946101150877,-25.77786233657501,-26.10079102806977,-26.3750953942674,-17.171903299028024,-19.743578973060163,-27.08016849444682,-27.563186471047977,-27.77349489473344,-27.5265568148602,-28.19504094409751,4
082923.64+320047.4,2.359,-23.94670379452201,-23.90009630262309,-24.63467669775726,-24.90332970613996,-25.312344715834502,-21.034376145784133,-19.53457705278363,-26.226522825795563,-27.27354499539876,-27.335522544277385,-27.546733865391367,-28.259005566175453,4
083054.40+040708.3,0.444714,-22.833355397439053,-23.23710760554176,-23.674464145355664,-23.825962618091783,-24.13867952274152,-17.985251559118645,-17.34259904064691,-24.60928155580356,-24.684657172751383,-25.089067132396696,-25.945510128287864,-26.91667135128657,4
083255.63+182300.7,2.274,-25.471831609227443,-25.6720878671576,-26.195267036498183,-26.31615187359679,-26.53906863839176,-17.080437533238033,-18.63225048090182,-27.118610919091257,-27.374616515368587,-27.670950201019064,-27.538786664724757,-28.35798853075613,4
083353.79+084738.1,1.784912,-23.524903080878907,-24.02025757942429,-24.68651635687629,-25.11597536820579,-25.686231889253804,-17.74555302903896,-18.679620437489312,-26.397434439259044,-26.78147251062308,-26.91173911658836,-27.269243770261284,-28.103460555096515,4
083444.58+042302.1,1.96,-24.81076951405863,-25.029363191311827,-25.395120032144263,-25.631667078789658,-25.84676784245292,-17.712664640910532,-21.173975505428658,-26.282495706850213,-26.70801490039149,-26.762382134782168,-26.669117531721536,-27.361465957208203,4
083511.42+210613.4,1.416782,-23.295830950834688,-23.661745929558037,-24.24986443357198,-24.536216094415288,-25.0007230494936,-17.912512076811154,-17.364350116673606,-25.19418265068525,-25.562685594042435,-25.82463373120398,-25.763899011667597,-26.199228518452905,4
083647.50+042214.4,0.181525,-21.267622045154265,-21.46898133245016,-21.73879752436697,-21.91740212979296,-21.848227065475427,-12.414876990738229,-13.615960769867456,-21.85689496024651,-22.231733053783763,-22.508127713026337,-22.79656940784118,-23.20686000539691,4
083712.89+145917.3,2.515,-25.323946666215345,-25.404243832851236,-25.742612707248387,-25.853875454875485,-26.168505436315517,-20.537472785916865,-21.43021913690736,-26.74058416011924,-27.419956843002836,-28.01005675825586,-27.359869347200867,-28.02804317551662,4
083713.54+435323.3,2.622,-23.69925726198126,-24.25218190295234,-24.991814110319524,-25.16044998337561,-25.569023443615325,-16.98725566887328,-18.74310959864792,-25.737347682895702,-26.75141147730948,-27.20220690934995,-26.8726447053226,-27.527776503192424,4
083722.41+582501.8,2.101,-24.808214056672448,-25.1273493718009,-25.5638085548546,-25.6963200683794,-25.87944074154921,-18.453300325083664,-21.37215401362201,-26.15397853392161,-26.735832839910607,-26.375417097282643,-26.66095961441487,-27.50111647021688,4
083803.75+242643.2,2.935369,-23.695761414108496,-24.56035617428498,-25.060179357125435,-25.25190997339616,-25.57805136575849,-20.570500494896656,-20.494135119963843,-26.358135517583364,-26.864126546973534,-27.06981675153149,-26.757975662098826,-27.6634804620338,4
083817.00+295526.5,2.045,-24.30588703754599,-24.807601898591507,-25.50576661555336,-25.750640786711408,-25.963030564979658,-18.5686586730817,-21.419146228657805,-26.561108287670127,-27.21659142843351,-27.26273741667453,-27.072884269683527,-27.47724545859536,4
083914.14+485125.7,2.972706,-23.10443657810246,-24.326697726526607,-24.92062075575632,-25.116647666430328,-25.461316013422383,-18.63918376986919,-14.644053564227624,-26.11182831366876,-26.443321210305516,-27.238882171214275,-26.55823858648578,-27.04265818829368,4
084033.18+311148.1,1.922119,-22.79994820274002,-23.253482022777604,-23.842096754131045,-24.217823595627536,-24.471029004124397,-16.5008504282247,-19.449240688165997,-27.31730641399444,-27.76415003957398,-27.45800416590301,-25.35308277646326,-26.29102601769865,4
084153.08+162902.7,1.895206,-24.552584972795152,-24.971721489066475,-25.477478998113483,-25.648177542116446,-25.63690339075747,-18.67717872776856,-22.04649024266188,-26.245618369139816,-26.186258554513515,-26.50161921972713,-26.349900692355558,-26.884212073418208,4
084255.60+331822.5,2.620442,-25.03572329349796,-25.26727206226403,-25.83820393118308,-26.18822947260152,-26.50626181151541,-21.20387311936319,-21.35578261488336,-26.714798359444757,-27.429728502399268,-27.873011782561,-27.408329363007184,-27.692103272766406,4
084429.80+524306.3,2.604,-25.315908457930128,-25.421318293106108,-25.871728907818586,-26.10084974947928,-26.35287124154808,-17.601439977211623,-19.28642151773273,-27.04662571339309,-27.040233927447808,-27.7298091575388,-27.56391040376353,-28.5182302184332,4
084623.51+250208.9,2.573215,-23.907468193143348,-24.285551619271747,-24.70803894947216,-24.96827765404349,-25.35677679411233,-19.54830745439991,-20.38493243840505,-25.578915256658192,-26.515853339423288,-26.55400672348776,-26.512294024655077,-26.982084245905902,4
084702.75+473250.8,1.062008,-23.98772510876716,-24.147570671215465,-24.518876171262008,-24.72496077879533,-24.97080581058957,-15.80940478122922,-17.373710382946086,-25.549759735696533,-25.18948289113337,-25.512047901519782,-26.149120777270475,-27.093353915795213,4
084729.52+441616.7,2.347,-24.22738958661283,-24.555830527977108,-25.31171160514626,-25.647760912294675,-25.935626145383186,-19.607325021928705,-21.46710535316523,-26.40734686687248,-27.304127246804327,-27.382435632413443,-27.04457523617879,-27.42220866799944,4
084846.11+611234.6,2.258,-26.12700573569805,-26.254860070202877,-26.6617196942296,-26.87122081515595,-27.10491439487704,-18.669666858805517,-21.420835206264385,-27.648574063607665,-28.07567622470381,-28.451167180192385,-28.33537097491185,-28.767359022491835,4
084948.98+275638.7,2.863,-24.88036528294208,-25.315655505130223,-25.656815391135478,-25.88565154127312,-26.175698539495773,-17.450663007076404,-14.662215813241438,-26.402490641201805,-26.75046605873169,-27.46671675007431,-27.392526125633506,-27.881061460308626,4
085045.73+110840.5,2.62,-25.137247957357665,-25.40251406291525,-25.81059338502281,-25.956768299569934,-26.191563225533493,-20.130840943258903,-18.93375430323912,-26.57056224298548,-26.846291504626286,-26.951803393839903,-27.069281983438493,-27.43183642515368,4
085130.67+044221.3,0.919,-24.357197030645803,-24.434474403443783,-24.723973785237437,-24.90553170078039,-25.09758697948049,-17.448214727926,-18.0361425283904,-25.152984330374927,-25.493715538516792,-25.87019836009716,-26.691618355549465,-27.67471051051195,4
085141.76+161221.9,1.927,-25.42659166854827,-25.663903721526083,-25.98303754702064,-26.11671966680341,-26.350456837867505,-17.457471992083676,-21.91170663731516,-26.632780413676123,-26.89739436866162,-26.76292802078426,-27.20162772330162,-27.872162656479485,4
085505.53+145045.4,2.432,-24.18088632460837,-24.26935613154188,-24.86320828543267,-25.02613550758448,-25.17667724733932,-20.48595881760937,-19.407906523670476,-25.9054991019462,-26.368269602779986,-26.431976060016748,-26.28905713142134,-27.23440296872642,4
085523.44+303048.4,2.295,-23.57616642112784,-24.092972965468476,-25.15253727666515,-25.292411082112807,-25.47382173738531,-18.0406485995822,-19.06145998681524,-25.98138271201671,-26.3210961077274,-26.67900061382067,-26.56292115782806,-27.35202641770139,4
085602.42+284327.9,2.339,-24.155770886429305,-24.35113207242561,-25.232768413220416,-25.41335707809832,-25.638091136362497,-17.525460137612527,-21.82186953077261,-26.345113745488995,-26.39278340083399,-26.38448017760606,-26.308387182360637,-26.86110247457464,4
085644.96+261144.6,2.28,-24.225742872430587,-24.3360864341126,-24.68608596576778,-24.926027303128937,-25.267800173004755,-19.993020873648334,-21.882551677882173,-26.24229847329732,-26.77948556058235,-27.09173522736258,-26.83281169446229,-27.553862732073,4
085734.26+273141.9,2.492,-24.477392525572053,-24.715285111892477,-25.230922001005176,-25.385541890541383,-25.72281199321643,-17.685495073974057,-21.275892202197014,-26.123047089098588,-26.781892698805414,-27.191997085135057,-26.95936022447165,-27.696987378287865,4
085757.59+082554.4,2.225,-23.288013562701863,-24.038556651685656,-24.780373118422872,-25.231439328206065,-25.582220064273447,-18.60435686466257,-17.12868247194402,-26.094062380722857,-26.24369874890937,-26.93744699718973,-26.863251785090466,-27.477673805228484,4
085844.34+402729.7,1.807,-24.35593600138549,-24.453029102478595,-24.998380133504877,-25.30496627177455,-25.490352873565644,-19.85933833929065,-22.359920959756792,-26.18337936002834,-26.194007113731995,-26.604049998981363,-26.509653425880447,-26.900238200669207,4
085856.00+015219.4,2.172,-24.977640812101352,-25.2318906475823,-25.74600960474991,-25.811197045188045,-25.99361556490937,-19.029770747904152,-19.474608265370065,-26.14690735655889,-27.011276579217743,-27.260999661059245,-27.13393517258787,-28.0423294179676,4
085909.26+382303.9,2.795,-24.70479159980766,-24.81266435494871,-25.30123437512797,-25.497338229622017,-25.784488551358027,-20.505433168725887,-22.05921698482632,-26.516662385795968,-26.50489464788816,-26.367856018161,-26.918358865564187,-27.502555036674345,4
090002.20+180404.3,2.881,-23.23947005337931,-24.34326175478802,-24.628014031503906,-24.949965257942765,-25.2962254497643,-17.20785835047095,-20.066202827833006,-26.171533027690305,-26.59430268618535,-27.06890202131105,-26.798295621303897,-27.6502811811166,4
090148.57+151339.7,0.4949,-22.45731694087341,-22.66798738634434,-23.09619716296414,-23.233959515390733,-23.50781939106501,-18.577174869533906,-16.837121620997422,-23.609254254333475,-24.4827954664086,-24.541719553496208,-25.036082417063945,-25.957785633632565,4
090152.74+334413.6,2.027,-25.08427778891072,-25.24943847319905,-25.637880073974785,-25.806199682492515,-26.045379542946925,-17.855102648958447,-21.778319554402888,-26.25901338269876,-26.77753982797428,-27.095804649762595,-27.212392477290475,-27.97833773586861,4
090208.55+180401.6,2.003,-24.31392237988633,-24.62158553821357,-25.26402837501375,-25.70101777954563,-26.02099564981723,-16.811535114455648,-21.64307786422912,-26.595370041029582,-27.340132264150167,-27.424317070819576,-27.46071265642796,-27.95089788202463,4
090240.76+360851.6,2.042,-24.192737756495337,-24.89657782488722,-25.685750910826812,-26.090222455119147,-26.331814139639132,-18.958575997639095,-20.6803283350804,-26.64180530684967,-27.268039581410797,-27.494150775743083,-27.497973359129706,-28.252872846005424,4
090404.15+151254.5,1.826,-24.892843987667387,-25.23574448383461,-25.47668910358785,-25.58539449307146,-25.851373291815303,-19.734287531965865,-18.76889963659777,-26.24920154113923,-26.2163916861952,-26.53662670145306,-27.21577137530124,-27.923801887084355,4
090423.37+130920.7,2.983,-24.77750989848155,-25.70668713349003,-26.347414075599094,-26.58002514163587,-26.94450354554117,-18.59905429171032,-17.957703977214894,-27.33987786632719,-28.150211050100168,-28.60814865846289,-28.6378083999391,-29.207419304252884,4
090615.47+180135.7,2.277,-24.154300584337204,-24.32174984155249,-24.771601119245503,-24.97794348892638,-25.30939732363408,-18.654039137082684,-21.5236463047866,-26.27663715462285,-26.362809494034284,-27.36780519981764,-26.566706221014574,-27.214890231214387,4
090638.18+172223.4,2.79,-24.71159351487885,-25.40948831035548,-26.004190581000252,-26.40859064982701,-26.583124609258665,-19.512793651980395,-21.611826628694672,-27.009185499191688,-27.90546855622589,-28.08417893584467,-27.797959516927623,-28.40606551907328,4
091145.03+145556.8,1.2719,-25.297342426679396,-25.53729149609953,-25.96415670094028,-26.14245729926917,-26.386302869399973,-19.94124655739297,-20.51344548001981,-26.341155024841544,-26.469166848090776,-26.70379910536273,-26.956025096950214,-27.66089067093744,4
091334.97+352540.7,2.159,-25.12881447419804,-25.24460054058446,-25.63010060873799,-25.801892583850297,-26.06142592476137,-18.86000111050992,-19.49614314308335,-26.289474716752203,-26.630108467240944,-27.060347479204427,-26.722220489205444,-27.56715028241693,4
091342.48+372603.3,2.131174,-24.711355463960786,-24.940280143464385,-25.606603988439247,-26.000969927892875,-26.418316812700866,-19.839459793639477,-19.985872211166843,-27.29405625790507,-27.709189674318743,-28.182475324008312,-28.06483252032043,-28.803800972376013,4
091420.71+053201.3,2.429,-24.065532812881017,-24.43147084911924,-25.194035627623872,-25.51909251480304,-25.87913389858018,-16.324737321193716,-20.037988110724225,-26.04578183761276,-26.456148226881552,-26.92468813526826,-26.80183151138071,-26.91324362595162,4
091424.61+305046.1,2.594285,-24.497797631030085,-24.86744952912817,-25.43237319005807,-25.74330648660689,-26.165153802838617,-20.42648229028094,-21.98077497695124,-26.442162787797717,-27.170521674024357,-27.549845306469425,-27.522472477388025,-27.9305659223447,4
091507.32+590811.3,1.197094,-24.849322287602927,-24.990681370206406,-25.414980951241635,-25.563810193505606,-25.76574123578677,-19.3168783408956,-19.471730239701117,-26.03713809192398,-25.93048666352342,-26.48556985809688,-26.85776769923233,-27.81933818866031,4
091631.06-020538.4,0.473,-22.819700151379163,-23.03961673679765,-23.37772406912448,-23.428439588403023,-23.724112856973168,-16.266420522999617,-14.01182540286017,-23.549324601415226,-24.37592552247791,-24.886563478984304,-25.677833638532327,-26.524820688228655,4
092046.25+573842.6,0.91038,-24.071530239355777,-24.379674960299635,-24.825496700030698,-25.036752554328597,-25.323315167163774,-17.64965610380932,-17.85175049967488,-25.5162248534194,-25.87909334844671,-25.83020046976847,-26.46716259300934,-27.207979136828506,4
092114.70+175304.2,2.54,-24.724825828411287,-24.81254564316396,-25.20012364338109,-25.40645952888793,-25.756304960562844,-19.370932467039843,-22.234519325943488,-26.030348979536523,-26.68451588626839,-27.245879878765034,-27.187227444231823,-27.595764002110847,4
092251.14+074119.7,2.099898,-24.876272484017097,-25.00058819717118,-25.23432030382852,-25.494578416294708,-25.73367939137289,-18.679080980800336,-21.91425719199552,-25.993854483649173,-26.665927208221103,-27.09467566313097,-26.615339847906927,-26.958265100713945,4
092318.70+140743.9,1.46,-24.374673059491677,-24.59131834413233,-24.942407594143425,-25.084425220365837,-25.293709823393,-19.113912179377145,-13.260238478870962,-25.85728820987373,-25.982950232537277,-25.85170328498736,-26.14683776971838,-26.98521058627816,4
092450.25+165134.3,1.72,-25.145091820333874,-25.542440634653182,-25.831613459846764,-25.838608698331697,-25.99422846573731,-19.633850433846565,-18.715281360425127,-26.336176129317572,-26.87378464009008,-26.44019592717768,-27.06631085982765,-28.022578486020105,4
092523.24+214119.8,2.364,-24.71141842367624,-24.72693673322229,-25.11335615028939,-25.33398000093448,-25.67062951331355,-22.0432017929648,-22.187123642515644,-26.36643443465412,-27.02896910592592,-27.263051559990984,-27.05039927456557,-27.545569190796197,4
092759.78+154321.8,1.8051,-23.03499642603097,-23.80030416677332,-24.39190498035512,-24.901929512545,-25.48304641496012,-18.112206860210502,-19.765635596863536,-25.973924137913283,-26.372070115864837,-26.69208299757508,-27.182036892717758,-27.981243787910444,4
092913.96+375743.0,1.913,-24.60578587653592,-24.764079058650285,-25.244351576991228,-25.670785569971365,-25.92082281538215,-19.170109474407788,-20.84101935493124,-26.69993632633958,-27.21796674778224,-27.51709246257306,-27.507373485801065,-28.11351484341056,4
092927.22+095615.1,2.136,-25.56307986953266,-25.57246895583539,-25.814725492402957,-26.155987458521825,-26.361065941503472,-22.6989755235058,-23.087614723575125,-26.785304159125094,-27.03980916275906,-27.66933471873048,-27.49673383831761,-27.92363112800432,4
093042.95+212918.4,1.993,-23.86879066132777,-24.20378886061841,-24.67599352942809,-25.07995340673752,-25.402182085294708,-17.980737784163217,-20.445807449850253,-26.199190850829822,-26.66828689447661,-26.7680646694544,-26.828814187690178,-27.170038359894495,4
093051.10+171038.9,1.687,-24.845625964782386,-25.026253936766118,-25.275421952371083,-25.41208272403149,-25.65295554608398,-19.62804388706521,-18.721591329988534,-26.207934071668472,-26.24093816369056,-25.558620435831568,-26.41647299961918,-27.433865614820693,4
093134.31+192622.1,2.392,-24.1228477256878,-24.279010942720856,-24.89078439707941,-25.03658385208727,-25.33594546994528,-19.80375783712817,-20.76013647856724,-25.67090561175645,-26.17342188637705,-26.839282568513887,-26.548982469503382,-27.340047518621404,4
093523.15+641236.9,2.799,-24.398215527311763,-24.825528783359744,-25.19248269156133,-25.402656771896773,-25.803340369172908,-19.19290148686392,-16.777167715545005,-26.24314322676138,-26.88314612143346,-27.3119332319848,-27.556436662328863,-28.02535319090464,4
093532.45+534836.5,0.686303,-23.213245658255588,-23.30821189880956,-23.69390435254286,-23.95899541106044,-24.325343182779577,-18.627785389643755,-16.325896349815032,-24.48707407073,-24.900246113600478,-25.003101476657893,-24.860959754563627,-25.464281705917628,4
093533.88+235720.5,2.306,-24.97482725339423,-25.18558770771194,-25.585454640733666,-25.74673383216804,-26.03875583255768,-18.438251014637107,-20.214179046658494,-26.352888757805555,-26.877735847828653,-27.07962573224073,-26.94170053670437,-27.678878027513395,4
093558.33+461037.9,1.905,-22.691541967649947,-23.723098779131902,-24.566682952232892,-24.87277516410574,-25.317645635498813,-16.450031520066208,-18.480903923398326,-26.08045555247349,-26.37790370574332,-26.50189249410724,-26.69998388311802,-27.37702672496849,4
093643.50+292713.6,2.926,-25.034881842848705,-25.131703903694085,-25.400079730723288,-25.5197595815066,-25.778591401378165,-22.00203514504178,-22.412468239615468,-26.301664613780183,-26.775638208477304,-27.42277496992313,-27.22055000908718,-27.77965930060112,4
093651.13+104611.4,2.771,-24.42260241530634,-24.694025737394693,-25.26170664086991,-25.490459311996844,-25.692091339812453,-20.089136678631476,-21.670550809885345,-26.19743170695269,-26.871896777590813,-27.50513150993653,-26.643361340417137,-27.3481409518481,4
093710.77+255719.9,2.711,-22.250715207172007,-24.00349759623817,-25.067698105032704,-25.557459694480176,-25.996977235598525,-17.26257553444936,-19.87970278450487,-26.17245354191515,-26.63272206126656,-27.231942990728115,-26.64221190084128,-27.07107245725984,4
093804.52+120011.4,2.205,-23.56703722929204,-24.03813681806644,-24.82684897811904,-25.15779968576697,-25.4766275642728,-19.21371105970304,-19.84076568984521,-25.956282791853376,-26.50169641984423,-26.55406534849141,-26.8578647259624,-27.83083165328339,4
093846.77+380549.8,1.828,-24.82057889788062,-25.50700782398288,-26.12556145090381,-26.45568831880472,-26.876040622603863,-19.56888756164991,-22.16467378005813,-27.416946568540546,-27.93384484839387,-27.846027244762134,-28.096807728435184,-28.666174005925804,4
093859.27+150118.7,2.193,-24.028657837794743,-24.326766513879925,-24.935182237979863,-25.241619070353437,-25.630994102544104,-19.56470717252724,-19.50029742531672,-26.140212681365025,-26.344985927644448,-26.837267555144297,-26.80308740138312,-27.507112029767956,4
093911.78+641505.9,2.346,-23.304264085601087,-23.599421033003967,-24.205715120707268,-24.565347632824118,-24.89789119718488,-19.80850651916888,-20.754935118641736,-25.91838409725039,-26.29224784364827,-26.75371848700209,-26.375961826554104,-26.977148164920564,4
093935.12+364000.9,2.022,-24.786584676757613,-24.987898188322028,-25.363876827545173,-25.69060681830749,-25.93193474438211,-20.382469042257924,-22.725842561354987,-26.324908885495105,-26.628613601838232,-26.6611744829507,-27.11841660482684,-27.659239995750088,4
093958.91+360922.0,2.58,-25.188475295484714,-25.236997887913684,-25.6421994626684,-25.81926441282973,-26.01897555895997,-21.772407352107457,-21.400167541166784,-26.041311595501632,-27.135658898948204,-27.03842756010182,-27.090280027367804,-27.58344717393722,4
094107.80+174436.3,0.456489,-23.115569635674845,-23.309247371496756,-23.42290732655919,-23.46720110002296,-23.769883631424104,-18.23217916159907,-16.643356204018207,-23.82750000576463,-23.9519982546895,-24.33866214558911,-24.639052939391323,-25.4215076885665,4
094116.24+184518.1,2.103,-25.173651501417776,-25.53572620845388,-26.12419905927805,-26.335936708807623,-26.56502166300044,-18.21193948621325,-21.23545530964579,-26.935678885117543,-27.427439141526524,-27.701875362773723,-27.64267547997052,-28.323459869698397,4
094158.75+352329.7,2.07,-25.073707469704427,-25.45797957725293,-25.97487187308246,-26.070350022033395,-26.188754538505044,-18.798638982851596,-21.596343476932454,-26.516202985239023,-26.634888745439905,-26.864080059913896,-26.88835947017835,-27.664498400221092,4
094226.37+373359.4,0.339656,-21.46114190313308,-21.72799000653006,-22.132847457500464,-22.27597951565024,-22.43375908661902,-17.891739060796127,-14.7871908766137,-23.10462269851496,-23.151669034401703,-23.868670349558627,-24.2192510762534,-25.003776778958805,4
094319.68+194303.6,2.385,-25.03355989906988,-24.919091234277385,-25.40034967391032,-25.47424585061064,-25.64345615520618,-20.84683016437173,-19.26368270054633,-25.796137904867543,-26.33133287170587,-26.491325653313,-26.43112906862684,-27.31120206183901,4
094450.76+151236.9,2.119,-25.267978160937314,-25.429221714449497,-25.74208973216339,-25.837724101527147,-25.975358003977576,-18.758145418598215,-20.417750545823136,-26.28500572157585,-27.058718086185003,-26.82617928979668,-26.684818655211497,-27.519231706213425,4
094510.34+100443.9,2.414,-24.39398178692296,-24.79129267907967,-25.29905242223804,-25.546985499167203,-25.848283751108056,-18.73209810607553,-17.754345092404364,-25.92438301164,-26.82987671983201,-27.387444272957328,-27.323144833962715,-27.76953561797358,4
094555.99+191608.7,2.563,-25.142416230568795,-25.09922404489208,-25.6225626144054,-25.75001742647032,-25.908363945653598,-21.06994472955852,-19.640051808702363,-26.547152254196337,-26.636805566124984,-26.99593105264677,-26.72317114659651,-27.350013206984293,4
094613.97+133441.1,2.489,-25.58434013148279,-25.56689417996315,-25.94263092499549,-26.08634515373976,-26.29619885294436,-22.290015408193387,-21.60605796922092,-26.67528924365175,-27.123695215575317,-27.464465001629627,-27.30025977415381,-28.057295454583755,4
094637.83-012411.5,2.214,-24.3997977643381,-24.58391016645172,-25.042291939814525,-25.32939166659771,-25.61862384664945,-21.35784533352774,-21.27683258800213,-26.03393475152994,-27.072052286197376,-26.98708809739872,-26.94013086192725,-27.25080613439244,4
094647.06+232750.6,2.625,-24.628967047452463,-24.72901134150393,-25.332721714810607,-25.556854997352477,-25.82559177060024,-19.89808253980791,-20.62687716962818,-26.231946399648148,-26.822138383674694,-27.291395040338244,-27.093933617176624,-27.967564692905,4
094648.59+171827.7,2.294,-24.80366481446017,-24.997136365019838,-25.273217315238888,-25.498377388267997,-25.820489189293703,-16.39630447647348,-18.006030320055,-26.118486796122127,-26.932923751074096,-27.35032843736174,-27.199725903649107,-27.799325324006958,4
094649.47+121628.4,2.682,-22.407096991618005,-23.666898595138598,-24.498012516734214,-24.75175704856586,-25.16693783998215,-17.406534728267438,-17.829665731764724,-25.72510342988123,-26.75576304245679,-27.17618989715868,-27.01915854516167,-27.7003540764825,4
094704.51+472142.9,0.539,-22.709310488700083,-23.239896452773603,-23.875840053786572,-24.05014833474205,-24.217121880045195,-15.498592652796663,-16.687569061254845,-24.25663611765861,-24.694358163618386,-25.358436735918364,-26.228581041255715,-27.15927754697079,4
094717.25+473417.8,0.663335,-22.67484294112413,-22.85762654932099,-23.21048872890856,-23.453532586816184,-23.488056163263945,-15.92843633885888,-16.957964451558986,-23.82104280087532,-24.862275001287284,-25.01028347855433,-25.362240050627957,-26.09427810119577,4
094754.13+223752.3,2.537,-24.555792175131685,-24.58232324501797,-25.065651742510443,-25.21184638584752,-25.402790761403303,-20.774397312896127,-19.774284298102437,-25.92129638479433,-26.39786164519206,-26.38760054734451,-26.408798570005665,-27.214029942885382,4
094803.01+522210.8,1.497,-23.3878939726772,-24.694781083436624,-25.22580711224248,-26.053908416983724,-26.424395807969987,-17.649978794853098,-19.51682709149736,-27.02368376228578,-27.47359680089822,-27.416794067191255,-27.52500499012621,-28.063269655966828,4
094924.28+212410.9,2.692,-24.268771728189616,-25.132194761095715,-25.88369419818312,-26.33651640946412,-26.7854388634041,-19.58713371629929,-20.7849640881519,-27.15133321228461,-27.68620282166541,-28.07465317669028,-27.83885091600597,-28.213960930828485,4
095156.72+211402.1,2.123,-24.064040221300885,-24.3380351769966,-24.832795861024582,-24.97154378119324,-25.233601223815985,-18.758120064180027,-20.410083014063588,-25.402511060364358,-26.13335958446643,-26.4080668565995,-26.28025866408117,-27.017065318427548,4
095224.84+064731.9,2.178,-24.35864488904157,-24.6384193764725,-25.09151695878673,-25.27242797344736,-25.617555407056926,-20.57605792702073,-21.419280203505974,-26.028037253092325,-26.599610982774813,-27.03885562360889,-26.61516485439548,-27.32630725271932,4
095237.27+600554.0,2.662,-25.30944746169365,-25.37443202891395,-25.70892901100753,-25.870268686993956,-26.09391739805553,-22.78966602403931,-22.632780299099505,-26.4565645486825,-27.04444356103521,-27.259652305198404,-27.188147979837893,-27.862650069616603,4
095422.02+220731.9,2.468,-24.55108091959045,-24.80504371238388,-25.442281700318325,-25.60864922596777,-25.85936540106832,-19.81480218224535,-18.81567215642668,-26.075805296575343,-26.54338331985701,-26.531192675882515,-26.809727415299804,-27.66214862245475,4
095425.78+183012.8,0.7,-21.855641916412903,-22.53828575634796,-23.15007911097443,-23.23657844583781,-23.65877265892273,-19.19651421992447,-17.267366920848378,-24.28614333169223,-23.95259891208044,-24.93574898044353,-25.580313964486663,-26.38653622603199,4
095456.82+174331.2,1.476,-25.28725260890697,-25.51366120996128,-25.74044070465154,-25.84363074047913,-26.07126144174443,-19.24841874950657,-19.349673293844543,-26.10173469458151,-26.61035316841811,-26.21023332922156,-27.07239996274649,-27.947250143972724,4
095537.94+333503.9,2.51,-25.44909746216043,-25.65607929547131,-26.08000879535128,-26.271235632438977,-26.54750170968341,-18.366071085478293,-17.65905013174546,-26.94816551855643,-27.01078166073077,-27.647925704837952,-27.4912875995056,-27.95978221378919,4
095623.24+482114.2,0.7745,-23.796998659707565,-24.05555210385651,-24.31493713975764,-24.474830315498654,-24.558920379073275,-15.892771468104758,-17.23260483194203,-25.058443858780794,-25.34332548728729,-25.540062163073653,-26.4584782914336,-27.38343747211629,4
095656.73+242856.4,2.792,-23.05741890482795,-24.229468367909647,-24.991496029726516,-25.515098805350235,-25.95665960167784,-19.71028417982845,-16.7094373475455,-26.364165224252485,-27.055563585691218,-27.10773817897673,-27.013903134396,-27.251212963510064,4
095707.82+184739.9,2.38,-25.24820586671709,-25.20447924614685,-25.77323488044905,-25.939421239573495,-26.04506269187408,-19.86817418386491,-18.6494018574324,-26.478842440743865,-27.140547024308614,-27.036516576563194,-27.23109832968781,-28.044758268007,4
095711.78+631010.1,0.917,-25.24428523271237,-25.46843673675928,-25.80318977860556,-25.86629608897266,-26.074979139558888,-18.712317298679096,-19.10940417310776,-26.343898240283888,-26.263598344462142,-26.534185506924903,-26.91994298754101,-27.87646068356037,4
095758.34+174638.5,1.247472,-24.13119688464264,-24.43169890757199,-24.73930173616147,-24.87685174795752,-25.080617340145555,-16.509512428474096,-19.10589050025221,-25.55933886073108,-25.81048523693134,-25.59788542761112,-25.96450119546485,-26.48931513693221,4
095845.42+470324.4,2.491,-25.132569607456823,-25.35618836862977,-25.72218537436861,-25.91304164085329,-26.213816774599135,-21.961922532516372,-21.44656154962824,-26.585344737735586,-26.96883783561986,-27.53028223174636,-27.278979106232136,-27.70067049952257,4
095858.14+362318.9,2.671,-24.492156715943597,-25.20194021906325,-25.67894791653132,-26.026880164057047,-26.50597984458305,-19.657261750976676,-19.838850329029484,-26.83001597432345,-27.94797172184612,-28.287423497551995,-28.35547490277871,-28.574909238247017,4
100010.17+314251.2,2.821557,-24.93528343155554,-24.4200240119216,-25.066882368249875,-25.56127291472041,-25.888616036340604,-19.082543397758304,-21.149027382356916,-26.307880787026445,-26.94492032318501,-27.68696980784361,-26.85949182074757,-27.20769869036416,4
100343.64+245427.0,2.329,-24.76873942631429,-24.913887110889625,-25.508871484370232,-25.56420296570095,-25.8330766492184,-15.138999053259507,-17.004192192070438,-26.283491956780622,-26.674306047786395,-26.804431007835003,-26.846258575525894,-27.77789093263579,4
100413.78+482607.2,0.562399,-22.682991419855306,-22.92861771446229,-23.16121953222242,-23.250886883945192,-23.48576851881621,-18.093711637168703,-16.572762879486618,-23.85607698488788,-24.44676602278985,-24.759252881243,-25.123359696941357,-25.99655818220131,4
100416.04+632912.6,1.237124,-24.73726652520131,-24.962154695321026,-25.365816317775952,-25.50005299755114,-25.787151536524025,-18.967022636423795,-19.78104477029947,-25.906524755214097,-26.47181271363696,-25.990080708174588,-26.909376180421383,-27.73701057450328,4
100504.79+191316.2,2.823,-21.8817070146432,-23.964517205759083,-24.826192698822283,-25.6229537055519,-26.032199589090556,-19.96173133354753,-18.741794597849506,-26.469208176703773,-27.254240205573304,-27.476876117299053,-27.15772899164328,-27.412383288431883,4
100512.95+173956.4,2.069,-24.33770711622952,-24.64508728548669,-25.02698222271489,-25.229239441261253,-25.572250502326572,-17.630176337277977,-20.613590633775907,-25.85530847282054,-26.2942838299407,-26.70766813280544,-26.681022146217863,-27.46323893423259,4
100528.22+553005.3,2.038,-22.74023395167669,-23.410142035030976,-24.11635929031882,-24.410816125667868,-24.796995491748252,-18.08938744338361,-19.35836939864552,-25.740470825077605,-26.47207800984345,-26.53965854377948,-26.528507179550203,-27.22048081110957,4
100622.10+301547.8,1.899696,-24.561495581065163,-25.28366931945436,-26.19462394227032,-26.426998461617803,-26.57817053745402,-18.47153722498874,-21.501514974363324,-26.92581189853148,-27.052404482363382,-27.19058197750772,-27.15517959064079,-27.67984485342188,4
100716.69+030438.7,2.127,-24.64741018399483,-24.980942426716368,-25.344759392102123,-25.397963878932,-25.588493944547977,-18.32646152781031,-19.63936628732001,-26.02298337808367,-26.279470257301718,-26.712703501159176,-26.4293331240586,-27.22932097924705,4
100718.74+560012.0,2.126937,-23.79260608624512,-24.04195130587698,-24.70534944027448,-25.2003824359827,-25.580011416979293,-19.49393906636208,-21.74105718840914,-26.182703122064325,-26.77857011972415,-26.66369965517246,-26.986684583537457,-27.50391483795908,4
100834.59+205355.7,2.098,-24.373021562919924,-24.863246079150905,-25.443504747462264,-25.70076912842948,-25.987898902330432,-18.78623714665771,-21.59754970211697,-26.618470077431457,-26.806650704776484,-27.10079006884113,-27.33159497239988,-28.273259536251256,4
100835.54+412807.3,0.230731,-19.219340252202343,-20.22475670819829,-21.12104826550651,-21.49956605773831,-21.712411744070824,-15.031835256116484,-17.11829119508424,-21.75743876903364,-22.9674422222934,-22.948751070932925,-23.51008119786492,-23.96974565574564,4
100907.95+582949.3,2.306,-24.8502395976228,-25.11548331351212,-25.517735887858525,-25.710106505086205,-26.03127649562932,-17.773663972450354,-21.550974596093763,-26.157209325827395,-26.546551766287056,-27.05751197365001,-27.22098067870983,-27.85202704262936,4
101054.83+400016.6,1.023061,-23.902221958981738,-23.91714619221732,-24.21898219462332,-24.298933389965736,-24.504927802462067,-17.60120601733435,-18.164454865825327,-24.34080923185739,-25.17273453786012,-25.35993339598197,-25.8248526011268,-26.691951354077645,4
101120.39+031244.6,2.473,-25.21288463275732,-25.36392964171309,-25.670223546143188,-25.83978849451225,-26.13610647308504,-22.112268703362435,-22.91921837099183,-26.382394863649647,-27.24187416989993,-27.59244453516014,-27.58868720766294,-28.1560788395136,4
101152.50+641157.8,1.353119,-24.62759058078839,-24.7632316131725,-25.150823017110795,-25.340206784060467,-25.649394521065982,-18.99648629107161,-19.956809230697957,-25.954358519093688,-26.378681009393965,-26.50730940494666,-26.73822163807645,-27.56266410263004,4
101152.69+245350.6,2.959,-22.948747900142315,-24.64650280152184,-25.19404486259248,-25.49370222891971,-25.98414340362004,-19.26035101142857,-19.304962125051777,-26.4847597417206,-27.51242743284591,-27.76800936612165,-27.953366761451065,-28.46413040624456,4
101211.44+330926.4,2.254,-24.947390029741257,-25.151444570884838,-25.434684920723463,-25.64288302933868,-25.938969501873387,-21.96770007073082,-22.1099358523146,-26.41548108461775,-26.949024853528265,-27.16248915698681,-27.02088886433405,-27.622928179039555,4
101245.38+003119.3,2.275,-24.062635340460904,-24.184527034917934,-25.083757931409902,-25.3705779993004,-25.71491472582298,-19.062055875705514,-19.970495475640664,-26.26026139559831,-26.442054119446706,-26.937910924633808,-26.574459182332173,-27.354384779860474,4
101322.77+214609.9,0.568358,-22.65751430401251,-22.916192199237585,-23.292521008603828,-23.340639849472925,-23.61940621076614,-17.63040456557845,-18.5084382389022,-23.591532409219585,-24.04924541454387,-24.549909366915493,-24.980459048451337,-25.81408921820738,4
101503.46+521034.9,2.268,-24.19987839338536,-24.55718616519964,-24.94228515207697,-25.15187035317092,-25.45129446254886,-17.77128831074132,-20.61323567172992,-25.87560703598738,-26.421760321453785,-26.786277405486175,-26.72655404853219,-27.194552795912468,4
101605.66+641740.9,2.851,-24.98852129492117,-24.893581881400102,-25.42398000407784,-25.64834617335741,-25.779028178208915,-19.51962919970438,-20.019350072330177,-26.507036429815283,-26.69033021882492,-27.164209100853416,-27.09928797877953,-27.73835382486904,4
101652.60+194309.3,0.987179,-24.60467872327846,-24.779692248295422,-25.12598484032849,-25.2843002810302,-25.461137298119358,-19.13395550377703,-17.91330028931077,-25.65847708825708,-25.44123863671653,-25.99813406534094,-26.75270488698285,-27.654511528591232,4
101831.46+493356.9,0.955,-22.44488703232961,-23.241185374636675,-24.13178680577713,-24.64793506118216,-25.017889797180025,-17.832398490296214,-17.605850295607592,-25.444234086386345,-25.61483478853749,-26.045761765853342,-26.746224555867435,-27.65682423359829,4
101846.16+195140.6,0.410486,-21.327659623970828,-21.52723303375418,-22.10566434595842,-22.378035021536277,-22.94328452130404,-17.91571677586296,-16.460617410121934,-23.06628051448637,-23.850098831951072,-24.137353426013977,-25.44082926116707,-26.31976066927405,4
102021.43+215850.9,1.88,-24.232435453793144,-24.500213745484366,-25.0342012801005,-25.26670335915307,-25.5515063096809,-19.82059894501812,-21.448520940099343,-25.8735155292483,-26.405330957483887,-26.547586441814847,-27.00723325684009,-27.85551219230649,4
102025.15+020453.1,0.381837,-22.029535983522543,-22.26656938139364,-22.52181805940433,-22.48669888363128,-23.01222023247575,-17.300310396522598,-15.4894261201533,-22.96225311141016,-23.669950240568166,-23.918854209388225,-24.58454267295684,-25.16350736423309,4
102059.57-002026.3,2.603,-25.37053127305879,-25.40700330232834,-25.750823857853803,-25.831565556258408,-26.14419127039875,-22.088231052113876,-22.50127978975321,-26.54322833525816,-27.303771996578494,-27.57384023601024,-27.183689461604885,-27.653654523585,4
102131.77+454007.6,2.284,-23.76327565223957,-24.408388813574984,-25.19198246197173,-25.407658394848195,-25.711115990214008,-15.744953202875823,-18.014175355173375,-25.93689285193954,-26.534092906129395,-26.53680547171746,-26.770227771238773,-27.608539563968343,4
102149.30+195903.9,0.459,-22.805231981847815,-22.869203156044005,-22.968933475816915,-22.97685747157169,-23.14089161915536,-18.24368521460391,-16.644630355834312,-22.83842379257828,-23.89913098870377,-23.67581188639027,-24.527717906752464,-25.429668621558758,4
102220.28+405655.9,0.986141,-25.489454063041755,-25.64069747639968,-25.953741478305727,-26.137564912198744,-26.4147147671484,-18.843354511535257,-20.86715429019426,-26.570767667340125,-26.42481287964444,-26.81736811810893,-27.325255590563177,-28.115464039328188,4
102424.57+585756.0,2.954,-24.73333989091997,-25.42646454996057,-25.903383791910528,-26.179204818326657,-26.44866919907168,-19.62763953816801,-17.994388089592636,-27.081241678051253,-27.47221986340785,-27.924932750407237,-27.824297283255977,-28.29255062966663,4
102459.93+200524.6,1.998,-24.417935131555023,-24.837629577344547,-25.31752101031813,-25.48932383784072,-25.77695216017076,-19.698576397685777,-18.62461386559824,-26.22299420790606,-26.616854234877504,-26.831953992019034,-27.07182326678417,-28.091639676842263,4
102550.59+200358.9,2.01,-25.009974414696376,-25.36604930809698,-25.727884106213068,-25.887852312022627,-26.1160809816897,-19.69672206934125,-18.614497967840293,-26.286088470417678,-27.863487391658428,-26.39942690005315,-27.06320686326877,-27.84890752496307,4
102719.44+070705.7,2.118,-25.50368203444119,-25.752746309795896,-26.112759759609325,-26.15616727739013,-26.339626686866392,-21.471411736323628,-20.97087501709153,-26.631685539919108,-27.054162069580386,-27.299718525536555,-27.11375496991311,-28.233806869811566,4
102832.78+650247.7,0.552395,-23.28651974286827,-23.510503382391043,-23.83234069514729,-23.874304419406087,-24.08482041447203,-18.362413617729278,-18.182962089109047,-23.985688000846764,-24.2455716563987,-24.83778382462077,-25.04462322013833,-25.845159106749275,4
102900.80+622341.9,2.468,-25.08588285440963,-25.105739912126204,-25.609003927509125,-25.778025655626408,-25.98805422948932,-22.09229319219602,-22.417394637354324,-26.36450201586523,-27.07971733495888,-27.40608878158072,-27.548301595122275,-28.194925671185832,4
102928.69+270255.5,2.754,-25.199410157775464,-25.169136679365568,-25.48897488007152,-25.646409242615675,-25.87496425770203,-18.74826902709261,-20.54488269638209,-25.84925954292425,-26.453799671574284,-26.566470135709576,-26.63170484104038,-27.48062280400036,4
103014.93+283243.9,2.313,-25.089395453944743,-25.15524114561686,-25.629145649886183,-25.71007863918408,-25.96044532343874,-19.49511432044769,-20.46837635022714,-26.535383232007288,-26.525462007729697,-26.864974655048773,-26.86827986007108,-27.82119924391163,4
103133.74+255509.4,2.662,-24.731815484131012,-24.77286507399784,-25.19219110849972,-25.28602572924417,-25.608592159163905,-19.251055796479733,-20.606054475267243,-26.13351453126209,-26.79732827212773,-27.01690604779473,-26.857285475482797,-27.372805621300955,4
103236.98+230554.1,2.379,-24.458606523487475,-24.74376206495396,-25.28941410579623,-25.52923651085654,-25.77544899990525,-20.190767244701448,-21.766898926865025,-26.02407366576328,-26.72388602628065,-26.995375711001348,-26.812185088649954,-27.03173029753021,4
103249.88+054118.3,2.851,-25.341342405278738,-25.897894721105462,-26.341874233180707,-26.556955407938005,-26.794269145979992,-18.9916586305864,-20.50989356692739,-27.263273561086205,-27.53631505269246,-28.05185988164356,-27.81604726159725,-28.369239854040355,4
103405.73+463545.4,2.215,-24.87617524264282,-25.119447084040853,-25.580622003062828,-25.77951072293512,-26.018115642587997,-20.763559289753047,-20.662806370651523,-26.26272802670665,-26.830559944398924,-27.191862316754023,-26.968516462930484,-27.76951564498754,4
103419.11+124608.0,2.114,-22.792849102291356,-23.436439196279544,-24.233887476588105,-24.51968236496249,-24.751237538101037,-18.337988453864085,-17.38357533301309,-26.16564837621267,-26.64047059965181,-26.29626099863736,-25.872796521425087,-26.503170460264684,4
103451.42+233435.3,2.645,-25.836447711671077,-26.046735071631613,-26.593834024250903,-26.9183447800906,-27.195668067298172,-22.067635823092434,-23.72953662394841,-27.481338776794825,-27.952425418531128,-28.342459857183165,-28.19393924061755,-28.5002950554672,4
103531.16+594747.1,2.998,-22.796304446709385,-24.54655220419846,-24.99511120753584,-25.189206077261275,-25.54939754030116,-16.15171006071799,-17.90588877733959,-26.407560151643214,-26.83973670241538,-27.487589576996573,-27.304958107863012,-27.64783812357577,4
103546.02+110546.4,2.359,-25.25681355228854,-25.41728904381273,-25.97545905125962,-26.264838781083945,-26.64844139525397,-18.998807314601624,-22.65354053724772,-27.32207437700856,-27.68270293089596,-28.164631953542912,-28.119021753194616,-28.76271702200057,4
103718.23+302509.1,2.293,-23.553861496877783,-23.91349093340471,-24.599624032885437,-25.01053917100088,-25.504342984051824,-19.608186586419308,-17.59578808369958,-26.07429202583989,-27.11421281121657,-26.78668863992957,-26.866569946725978,-27.518115093830485,4
103850.89+415512.7,1.468761,-24.319892117129648,-24.45962936403024,-24.79045499294021,-24.9482220351932,-25.32744270642709,-18.52960112347693,-19.662363823445443,-25.476261253322715,-25.98374938360628,-26.59608071674136,-26.485908009888657,-27.20333267297397,4
103854.31+420937.2,2.204655,-24.81304738276582,-24.8818108628128,-25.26646115894165,-25.38516102897198,-25.634304700050947,-16.862182939834675,-19.51850317762632,-26.43613764001046,-25.759391461813124,-26.960548990651606,-26.614065368027685,-27.44452109129856,4
103905.09+225407.9,1.09,-24.277837961247737,-24.38450813364153,-24.75997755731992,-24.95972362109316,-25.145279396147785,-17.867394210727685,-19.605480127617675,-25.36736862814269,-25.34638765543964,-26.092425257769914,-26.58529054653408,-27.447174770046,4
103942.29+230102.8,0.166,-20.73862782781467,-21.089453951043488,-21.64550210399701,-21.932459905431628,-21.93882266056405,-14.580678929721126,-16.323376702414986,-22.284673382097797,-22.88723049840896,-23.38697016823467,-23.802714675713364,-24.16776794258569,4
103944.87+194634.0,1.3701,-24.08668708004488,-24.356760743902196,-24.652252498469853,-24.832538613102727,-25.109868651871885,-18.769829589171607,-20.3236342246627,-25.40935675430789,-25.929117747605183,-25.943195448487025,-26.089742406039605,-26.95073375545684,4
104013.60+141954.2,2.281,-23.50200613943884,-23.63133923030868,-24.518343175116915,-24.827111497798214,-25.14349550443702,-17.474263057989496,-19.19262616324386,-26.0628597144249,-26.786203694464533,-26.983261841938944,-26.91819409496103,-27.941415249249857,4
104020.70+143606.1,2.131,-24.9560357135536,-25.051346239365035,-25.420019830256106,-25.657853599423326,-25.919833825563824,-20.19817680562381,-21.503546635880756,-26.60809180317545,-26.964659834041385,-27.224307321895992,-26.853612615378808,-27.33244314646954,4
104224.85+231001.8,1.241,-24.5426611687032,-24.69799407569253,-24.970216995918907,-25.16250498833931,-25.358594487310125,-18.034021150518058,-19.964003800744457,-24.75842423708915,-25.609870070364625,-25.32522655742199,-26.22567974175694,-27.048923030498116,4
104229.18+381111.2,2.645,-24.92472327916632,-24.839456586006897,-25.25900700649357,-25.42178899184029,-25.61770254282224,-18.040650028847597,-20.650690892393637,-25.85753420227173,-26.72827249591915,-27.346692913010845,-27.348888096986776,-27.683394038906517,4
104246.23+472217.7,2.317,-24.208081847660072,-24.406196174958183,-24.992547234428127,-25.191923904957825,-25.396866322093217,-18.72822859723564,-16.86129535326811,-25.983386154780323,-26.392160460664527,-26.93811842071004,-26.758102321016583,-27.50905853257624,4
104336.73+494707.6,2.193422,-25.113496371434785,-25.293475360385436,-25.644098699938294,-25.820404707717955,-25.978612322360423,-19.717416905657878,-22.399069128005653,-26.664123480118025,-27.00595560431837,-27.540591216170565,-27.547881880586296,-28.1505864698388,4
104353.95+165009.5,2.066,-23.44017950618525,-24.173837998060463,-25.315785396294583,-25.82402380267086,-26.16646978691545,-13.495627564998124,-19.0758974077546,-26.469625761246917,-27.158881238562795,-27.07458471180641,-27.30457321689139,-27.99159348469124,4
104355.51+562757.0,1.961,-25.019497396157647,-25.35148587234237,-25.8092240897762,-26.063234048523523,-26.30676303758348,-17.14404787321727,-21.112473366078188,-26.55566233505247,-26.721528027477905,-26.948084816813992,-27.1888073797155,-27.85173446801752,4
104429.02+654432.1,2.107,-24.82736382271749,-25.009706134164016,-25.35173231834931,-25.434356334519038,-25.56819247413448,-19.343211260279592,-19.91513648127088,-25.82804180358029,-26.365199296756156,-26.519915986090155,-26.8119602210015,-27.631469955564224,4
104430.70+204703.7,0.6452,-23.07941897325436,-23.242878718397417,-23.50260743175665,-23.59433101941807,-23.775840497040573,-19.16459962063183,-17.140207071346254,-24.674975636444294,-24.635839428421622,-24.723773617995764,-25.471881186909,-26.219308983366403,4
104508.08+422320.4,2.71275,-24.278612118898995,-24.44746047003697,-25.072770856560755,-25.28709116043242,-25.532616780347688,-17.374974326332474,-14.598159543284128,-25.828299345433244,-26.64896563768277,-27.062707668007715,-27.00656047707586,-27.611766527684168,4
104515.52+654139.6,1.480853,-24.545048612362656,-24.913034217879854,-25.244111174324587,-25.399292808598208,-25.708975144758536,-19.06540600432639,-19.99514120216164,-26.080951952233107,-26.431644722628345,-26.531424129092,-26.78374416085372,-27.751783550066573,4
104541.01+344043.1,2.355,-24.032825477018875,-24.343055027848543,-24.92540228324097,-25.18289797031469,-25.551778092213244,-17.94648240329258,-17.47211427397509,-26.232511186413564,-26.706773847380948,-26.835528071465653,-26.7802060631441,-27.3308255959333,4
104549.18+205958.9,0.3634,-21.924028487760022,-21.954498214750227,-22.246342422030725,-22.51023878451347,-22.68144042034781,-17.702566170315905,-16.32847331861285,-22.55446088511017,-23.14346449450473,-24.098343314442197,-24.075108898551637,-24.80660253154664,4
104713.38+095711.4,2.681,-25.0585748472017,-25.392473892783748,-25.6068091619246,-25.72207626657117,-26.228486329565435,-20.949734717206624,-20.931350128347063,-26.521085961593545,-27.33739363638812,-28.062411895745196,-27.796525016837943,-28.228206787203582,4
105101.21+153226.8,2.825,-24.06256570913718,-25.142931344253117,-25.562896990199235,-25.89751793626304,-26.379819421152664,-19.050933451712734,-19.65422981285508,-26.446007716664333,-26.978874408649524,-27.640674448071994,-27.768785573429557,-28.18989359427586,4
105203.55+151929.5,0.303065,-21.225273486723488,-21.48921175959412,-21.780528110379237,-22.007641456564663,-22.28370509613801,-16.23728246291985,-15.606189425175408,-22.867621937034475,-23.21005576512144,-23.320429101964933,-23.19182863077608,-23.772820606648217,4
105224.62+190459.6,2.358,-24.761403796628898,-24.99891282929009,-25.41798262077839,-25.54026810047885,-25.759518257779387,-17.688431850550565,-20.52754674440884,-26.07461210760552,-26.18371640736288,-27.067691041694832,-26.85045289131099,-27.52535163441005,4
105235.62+201538.9,0.8706,-23.83516773250044,-24.06993335422749,-24.39404144541666,-24.59837555273814,-24.82469786973404,-17.842542818210088,-18.581729913837663,-24.58953659873558,-25.067493957425416,-25.606760345364503,-26.1078001160933,-27.114009624038623,4
105243.82+094048.7,2.599,-24.041349257429022,-24.421312671198454,-24.923752459060847,-25.17601214640443,-25.64855703751693,-19.30218204097686,-19.776580077931214,-26.51315706362628,-26.87921869576672,-27.61353834208216,-27.16709795552088,-27.59659168166709,4
105259.80+281012.7,2.107502,-24.373054704249945,-24.706126952047946,-25.14082042845973,-25.260605080555123,-25.399787409097005,-21.249911821334752,-21.73370985491341,-26.058337125624487,-26.203683013424392,-26.93338997071871,-26.01349712707231,-26.70219399717807,4
105323.72+274957.3,2.312,-24.8456548728621,-24.837244456781697,-25.263100523583724,-25.362140443510587,-25.506950616388224,-21.502219328648057,-19.90461505366396,-25.963683794568837,-26.38909603354782,-27.087593334827268,-26.59032334352884,-27.5161832665262,4
105426.36+263632.3,2.264,-25.06659022251097,-25.00178891436109,-25.520198795415222,-25.626743271538423,-25.818621579354264,-18.825734326208952,-18.41181332421792,-26.144678415462984,-26.418833817072,-26.01144559364476,-26.237309219851777,-26.757126068509443,4
105427.17+253600.8,2.413,-24.48933135419233,-24.676294199082857,-25.62523484117685,-25.878249287195263,-26.196734557005893,-21.316675324276208,-15.73153601559875,-26.261600999371424,-26.697928513921035,-26.97685922692601,-27.03633639926788,-27.765397529892816,4
105531.43+270225.8,2.13036,-24.294868360284354,-24.685365040160494,-25.467634279701414,-25.946458806872965,-26.156029423428336,-16.550051437205035,-19.195050021583047,-26.31786326281228,-27.025137736272853,-27.3299821573064,-27.390966332790686,-27.82495770506381,4
105555.75+473801.6,1.95,-24.261878171963275,-25.16346737310436,-25.82468709614788,-26.05321138474011,-26.256589039090763,-18.91996934414254,-20.732281354647483,-26.75673609138913,-27.17013178260457,-27.360147718900954,-27.683701123082397,-28.55718530890529,4
105734.44+514524.3,0.924182,-23.99016686613624,-24.094808831844404,-24.451305226961324,-24.50368257686673,-24.57494227924058,-17.03826214074375,-17.964657764669266,-24.842082152172704,-24.38065519085308,-23.76018570701245,-26.155452187526105,-27.0677402136641,4
105811.93-023724.0,2.378,-25.01964449757752,-25.029260679441112,-25.670661135199516,-25.769380006296387,-25.941275379831666,-21.2861865118927,-17.738228740835066,-26.12417842058835,-26.677287546926124,-27.25196546265431,-26.95711805820532,-27.654629019326443,4
105834.37+313655.6,2.504,-24.2175174377083,-24.54002198314946,-25.299438344216497,-25.58280708895643,-25.977823764223658,-19.1602142623192,-21.110113509598857,-26.368064609400744,-27.01716184784422,-27.458965420193994,-27.449090076585566,-28.069067029109288,4
105834.74+281807.3,2.268,-23.858063043635703,-24.13624681624396,-24.32672974415577,-24.719413249166458,-24.991474602503136,-18.51318819143121,-21.768842974207725,-25.7513178046074,-26.0333255347388,-26.938979482149684,-26.212931740687196,-26.65558852227247,4
105902.04+580848.6,2.248,-24.59750502171537,-25.07572481063828,-25.46560308591493,-25.742441750693096,-26.04811457358949,-18.476397658126924,-20.138707816922,-26.395160766088757,-26.862246783835594,-27.32388148636327,-27.115526732457628,-27.84969819330475,4
105920.71+001420.9,2.538,-24.51424299717077,-24.873893831575188,-25.53238019116499,-25.653798179290916,-25.96600424809652,-20.177059813244,-19.557830522160028,-26.378609856088215,-27.06797359511607,-27.71851158353317,-27.270097092666354,-27.97102569966612,4
105927.52+251312.5,2.539,-25.19237003861348,-25.304875325984067,-25.695061136459223,-25.862678123245715,-26.1434092829922,-18.361311574389703,-20.49159164820569,-26.69927314800964,-26.730503337655577,-27.436247530785806,-27.258710814566715,-27.718021310384263,4
105951.90+405114.1,1.744,-25.251283537327744,-25.50515335074317,-25.87574312378059,-26.01241208346976,-26.25764850586684,-18.530904161140207,-17.98103390130941,-26.215984506268452,-26.79575755220837,-26.4385857827996,-27.06715623331245,-27.543100286713887,4
110027.79+354221.5,2.485,-24.05547840991941,-24.22965489075343,-24.667091882591933,-24.7945897611802,-25.16493596636189,-19.16386418379288,-20.256471721370957,-25.73178232450406,-26.460687590627828,-26.848236548997,-26.33263729295563,-26.985117450378844,4
110206.84+585843.8,2.773838,-24.83088166310633,-25.05623682970366,-25.46704452167124,-25.691490627249333,-25.935216233533914,-18.097272228317323,-20.669021761847983,-26.34916208206193,-26.613398898440188,-27.420496884072566,-26.769416990511463,-27.579595664173265,4
110516.68+200013.7,2.362,-24.83049758872584,-25.103731470899152,-25.540492960117216,-25.72777574036946,-26.05638473943039,-20.604937715745248,-20.800313061042694,-26.70294332397084,-27.14490101122109,-27.317193427073413,-27.235851491808525,-27.986781273763345,4
110538.10+153634.7,0.399326,-22.37341901075118,-22.5787089883234,-22.893464631590707,-22.973154865685625,-23.281623430780037,-17.99098696559468,-16.64291141525309,-23.668903764589366,-23.976471227721166,-24.634913182786445,-24.818631036130125,-25.553923535034297,4
110643.99+494152.0,1.667,-23.385498238011127,-24.10480756449531,-24.92992135753657,-25.22537374756631,-25.583021461442303,-18.685093918277595,-20.62069783372242,-26.216921182818613,-26.28582185954117,-26.59520732391379,-26.694619652720824,-27.402183652742835,4
110934.91+285607.4,2.522,-24.894391835882985,-25.15964856071147,-25.375272912294516,-25.58507403045239,-25.991246099820405,-19.808133575736573,-15.533879019064104,-26.576054544457524,-27.157813149249076,-27.67045093587636,-27.512650138724407,-27.920262405320468,4
111038.63+483115.7,2.959,-25.63636247432009,-26.420537936815357,-26.795693813287503,-27.094393134075144,-27.28036437724272,-19.000375444846025,-19.011566912404817,-27.622282387016188,-28.29173356734032,-28.55255649037227,-28.68744742277496,-29.448402105199133,4
111114.11+012034.6,2.162229,-24.48797807977,-24.66580011069737,-25.058779271663752,-25.35072429122072,-25.696691725677013,-19.060734160621028,-22.055537492648348,-25.9665577099449,-26.740399650274437,-27.0990077095118,-27.02689881746205,-27.42908939232205,4
111151.60+133235.9,2.433,-25.652306871609653,-25.862767100861387,-26.373132940376795,-26.49272256175006,-26.769007206569835,-18.79867180666656,-21.02039171573663,-27.071318936192917,-27.37068129882837,-27.898724568811343,-27.77484953502047,-28.73235931825606,4
111401.30+222211.4,2.121,-23.645285040164747,-24.316601049618917,-24.971151754337217,-25.16569482968738,-25.641714279125075,-19.368499487258948,-22.028179365267647,-26.449745553627263,-26.940905935378343,-26.84980607585639,-26.88656744537787,-27.542207987492745,4
111454.54+253259.7,1.925607,-24.052721378492205,-24.666033561001463,-25.28559819565813,-25.58292720001966,-25.872203855412533,-19.536793810279264,-19.613324836482565,-26.378091841074102,-26.908261388036934,-27.141021362979128,-27.01173848068308,-27.589104814704488,4
111511.28+532037.7,2.807226,-25.496262518630864,-25.595833594345613,-25.91974590286469,-25.95417288357087,-26.20186692778737,-19.13319933329744,-20.01037398901204,-26.3251611692318,-26.660384927075786,-27.61482216548204,-27.365154469181626,-27.963394335859427,4
111541.85+214719.7,2.437,-25.15367492719509,-25.389528151186354,-25.852876843692364,-26.042547627855587,-26.25732354898095,-19.81943719664533,-18.600111461857864,-26.360025762472283,-26.684153904721576,-27.18817323586645,-27.13151249076528,-27.613387124220065,4
111655.22+224624.3,2.515,-23.62191587977772,-24.18353810329156,-25.24179790493417,-25.481574870923826,-25.65322867687444,-18.010582276868906,-18.63374189941215,-26.009103347136204,-26.53553854581923,-26.664452412738072,-26.81924914395511,-27.54855855040928,4
111845.15+504010.4,2.34,-23.81725540350701,-24.066880464863857,-24.69540762770572,-24.962974873480885,-25.338551983018537,-19.4453428706172,-19.520561215641884,-25.8903967450031,-26.7437508078642,-26.95862459989233,-26.82771057092631,-27.786608407092864,4
111852.51+045353.5,0.806057,-23.4156455261556,-23.686672265028104,-23.997270171319137,-24.09236883231701,-24.245860502469373,-14.335734980573871,-14.825990014144914,-24.950980145842887,-24.782770736154472,-25.98006428346504,-25.180944604015234,-25.80209446713709,4
111915.46+215247.8,0.506,-21.82818402937625,-22.4498409630234,-23.147255038051583,-23.39251647359272,-23.613944118009,-18.525857376525774,-16.75623399511519,-23.867078999886026,-24.165217315180264,-24.81903379622948,-25.189343887152138,-25.994686564079384,4
111928.37+130251.0,2.393,-24.957627912658324,-25.10820823979383,-25.43866766838255,-25.582218031254207,-25.862700197196716,-20.90728169334972,-21.411325058966035,-26.392281841345085,-26.454325261686964,-26.73565335795212,-26.587815574371717,-26.954292104833005,4
111949.87+434937.0,0.479547,-22.464949210850573,-22.757597060310705,-23.29790331661684,-23.4550085658189,-23.608662310575763,-18.46295018807208,-17.767944999242054,-23.493284175967894,-23.82311603173354,-24.31736090245252,-24.825543814394063,-25.73016086535081,4
112116.24+505637.6,2.552,-24.701762351694263,-25.01625229344076,-25.54048608902425,-25.667458142267797,-25.93372419124803,-21.379100862911077,-21.646269830232868,-26.38889667007148,-26.701009410289952,-26.97217045359752,-26.788537976275137,-27.504193952732106,4
112140.13+322346.6,2.18,-24.544017174572957,-24.960284485078024,-25.723013753663764,-25.945277691012222,-26.02840223765262,-19.084605199224644,-20.76265279346492,-26.422011859273084,-26.65879904296268,-26.52408281942006,-26.40871436358978,-27.04903173953836,4
112142.94+483406.7,2.196,-25.07484542518554,-25.150007910319623,-25.4488140481722,-25.619100986388123,-25.83108416867316,-19.04370480432025,-21.99817709851824,-26.108638536234366,-26.6766271621561,-26.779251452124225,-26.92966767552144,-27.52711961906688,4
112146.23+454937.8,2.54,-25.14703237086667,-25.22877133548058,-25.75124986407242,-25.910379276255053,-26.10326982565394,-19.496369651071543,-16.85208114952324,-26.615488095027885,-27.04813254338787,-27.230964002848864,-27.148612223104667,-28.06833936110893,4
112229.92+471934.0,1.589606,-24.24704960421362,-24.407881460759803,-24.71234613670049,-24.900947646417567,-25.18465599279225,-19.587588902490268,-17.2123954465067,-25.848101830291277,-26.17863271207787,-26.373566545954272,-25.968707448950084,-26.78954383528431,4
112413.00+055521.0,2.435,-23.03245036327088,-23.82284864181913,-24.53638974647137,-24.96182739694945,-25.277956496280147,-15.112983103261154,-18.29881423583193,-25.6589028435978,-26.486718261748656,-27.042274697276223,-26.8675223372234,-27.05612632851276,4
112428.93+403732.1,2.752,-24.269275551212537,-24.52875059452719,-24.899518114485048,-25.17144475780224,-25.333722692160897,-20.371715469092884,-19.32800323621821,-25.950405419608455,-27.106228096154798,-27.16990544572949,-26.48853021638827,-26.895565970400355,4
112508.67+491755.1,2.149,-24.794338870338205,-24.97115645658866,-25.202834698533017,-25.401721608479352,-25.633596607237987,-17.56368220441713,-19.66703032776954,-25.873330298409385,-26.337876202771977,-26.734107494318238,-26.257152174087263,-26.870956715729903,4
112632.81+430938.5,0.436354,-21.598773165804243,-22.31651283827427,-23.199386139336674,-23.460672244140763,-23.73145973871628,-17.42140526514399,-19.15159089762201,-23.72428160485469,-24.42338629263659,-24.666525455972405,-24.834198356228647,-25.62111059299249,4
112726.81+601020.2,2.149,-25.215641447044813,-25.4792937085023,-25.87113231301158,-25.93811896050762,-26.095360715372085,-19.7587941150962,-20.089789152160684,-26.40922670209628,-26.99017112734972,-26.920638465885165,-26.91887627500899,-27.79301147210477,4
112757.97+122409.3,2.46,-24.64072688922827,-24.84465249747724,-25.15085122351737,-25.29112988873195,-25.50114419227426,-17.459344756128687,-20.78753341439354,-26.043264426258308,-26.48472845621409,-26.75658923190368,-26.367213674137204,-27.09541462848223,4
112824.84+473034.9,0.320381,-22.08185209888309,-22.16943295139845,-22.48338506605277,-22.68384203558225,-22.64612106445277,-12.51792767326863,-13.790013675852002,-23.0503685174182,-23.7837491535143,-24.41804594837569,-24.92644203112152,-25.5737739448833,4
112851.77+264031.8,2.45,-25.44620412212285,-25.47841218174761,-25.84545556475872,-25.88497458416704,-26.06808756578538,-18.735383823110173,-20.893108702009933,-26.29250878235481,-26.546297697319577,-27.16463692928047,-26.8965013502166,-27.58000115611297,4
112938.47+440325.0,2.21,-24.734378753602133,-24.848890117146123,-25.271393352443894,-25.58063505887812,-25.786989277285237,-20.9608698314384,-20.489350492144364,-26.01667504738712,-26.90704390349965,-27.20948403789409,-26.92647848888577,-27.43896155211292,4
113048.45+225206.6,2.37,-23.940536424961824,-24.13772671268937,-24.850600308499818,-25.078164528072545,-25.355830189026538,-19.86893635728513,-21.529853348893653,-26.150553702362227,-26.80705100872436,-27.276258451027623,-27.256463131689216,-27.63704036939817,4
113114.96+471419.2,2.703,-25.010594806397236,-25.263968049221823,-25.605658180462136,-25.792255014206876,-26.203196425448752,-20.454281773197867,-21.43904201596579,-26.495656410846276,-27.31344754228957,-26.507282650548827,-27.531213532453027,-28.27060906226716,4
113157.72+191527.7,2.916,-24.062502198462315,-24.997889646629694,-25.514843903111046,-25.57068764382649,-25.937459872549034,-19.141406152640396,-17.554072707631157,-26.26802418269572,-26.89110176755311,-27.184443119588718,-27.157389607937795,-27.60233810140459,4
113230.09-024620.9,0.332177,-22.928009158405416,-23.07974885767701,-23.34242458482196,-23.474496154744635,-23.47756782618448,-17.04790614751456,-20.326278221831146,-23.69355890789815,-24.32054787843775,-24.858845932951947,-25.26316403969109,-26.02141327817223,4
113233.63+380346.3,2.302,-24.219323049365265,-24.450254378486264,-24.94920790848295,-25.23426006415017,-25.577343654949992,-17.844472487022013,-21.04055577903716,-25.97764294631041,-26.660602490189863,-27.17739559784866,-26.83734931005979,-27.415770682298927,4
113239.58+092456.5,2.34,-23.95722166339417,-24.11090746566765,-24.726204750574837,-24.866553785792373,-25.075331880691923,-21.345799318415985,-20.89143560228105,-25.8281192519903,-26.1947957428838,-26.926306665361896,-26.58144119767311,-27.627902297534465,4
113246.88+211913.3,1.035,-23.802753038337823,-24.229252726669056,-24.84421886442309,-25.18333793934271,-25.43250384872841,-19.39745901481449,-19.15191635571893,-25.90020571852348,-26.01392921538403,-25.958051668469444,-26.687237405032825,-27.46087980638356,4
113258.05+293052.0,2.149,-23.76704675879709,-24.222439885600146,-24.63164473041048,-24.77401790350252,-25.054611342582067,-18.92072342540114,-20.9852992265345,-25.801272190291996,-26.07439463369698,-26.59678279836834,-26.28803764705792,-27.108932691703817,4
113434.52-033726.5,2.067946,-24.54517231209661,-24.634708633826,-24.980897217496967,-25.28718404575092,-25.603233515988144,-16.48207436910077,-19.69744310749699,-25.86052261356053,-26.308588134440683,-27.366651417479773,-26.65719217294927,-27.27099778468147,4
113441.20+671751.3,2.971,-24.018533506183623,-24.835241423396077,-25.269093853554217,-25.44819016786273,-25.690108772507227,-19.482487929583304,-19.9827835645159,-26.148829165927552,-26.61910991913653,-26.51553831426438,-26.95066903571786,-27.413400642269995,4
113550.69+460705.1,2.507,-25.38050370818001,-25.39952518610493,-25.80908055988004,-26.046582578495613,-26.34011735543986,-22.67820543849209,-22.67905335268108,-26.57925606519657,-27.316906792887664,-27.647228449467363,-27.44339469184869,-27.897338590104837,4
113559.41+422004.4,2.981,-23.7502417656914,-24.70492942562969,-25.11453178904764,-25.29940982837638,-25.47419334915774,-17.8957536927455,-20.032224497826977,-26.406947670759703,-25.58881560857656,-26.946439144383355,-26.60171433911172,-27.08372968519817,4
113718.51+123243.1,2.121,-24.100288369769583,-24.5784545994384,-24.92095906930468,-25.059016545580043,-25.385741385822623,-20.001130840296344,-21.294926307918672,-25.701860768846768,-26.20181287843525,-26.40540504232468,-26.120796249182742,-26.84036692420819,4
113800.37-031147.6,2.419434,-24.41365968979544,-24.630564153968116,-25.09405945413137,-25.29816341545342,-25.592679193518933,-17.999575993618382,-19.76202797879695,-26.360342494283277,-26.250824640216624,-26.788543752221333,-26.89272953913342,-27.76317956183817,4
113808.68+431907.1,2.144,-24.931168620279077,-25.105323123505727,-25.55319432785847,-25.81981995694256,-26.142259202713813,-20.348287457994903,-21.585022119566023,-26.77881912439222,-26.89895512503112,-27.54468001498802,-27.127981741231967,-27.6712686682683,4
113858.79+450338.5,0.3,-22.93387312863294,-22.96286874340114,-23.09187718187344,-23.21742180178562,-23.46175267094332,-17.164274391392443,-15.509488773757631,-23.44239599891957,-23.8524976811684,-24.328828204025875,-24.62313423636808,-25.253674829046695,4
113928.68+221413.4,0.492,-21.453670633364613,-22.194293550312818,-22.9204442005524,-23.184613069351972,-23.52205763463738,-18.49196804976873,-16.76127000876081,-23.875450708999885,-24.334354327484423,-25.13624310686942,-25.69995066408199,-26.885192941119257,4
114044.47+540325.6,2.39,-22.63453181643277,-23.04747318181287,-24.01277061757212,-24.452420500518127,-25.0102974479165,-18.7314651737262,-19.49711132576796,-26.061074713594397,-26.05325787364195,-26.58940539240932,-26.72909711965016,-27.476487212379148,4
114107.01+373614.1,2.528,-24.96405701909015,-25.271638693753697,-25.918142651963404,-26.139520045249437,-26.362188882815225,-19.15233303864853,-20.3700206725326,-26.52990094351249,-26.529836604774168,-27.40242547003026,-27.35476311343192,-28.23493920050008,4
114203.91+134132.6,2.437,-24.17706211146883,-24.329390352096038,-24.986324052011657,-25.21506025793268,-25.50469283743052,-18.511473031117703,-21.344668776938505,-25.54035267275232,-27.07439054184493,-26.95098717273548,-27.028544218335288,-27.79540421539341,4
114254.26+265457.5,2.625,-26.295867551011,-26.36104336869285,-26.824312172614626,-26.958985630766577,-27.184756605701548,-20.102873442660503,-22.834385765357467,-27.21007599685554,-27.753304515223864,-28.036175119151387,-28.082316016478472,-28.629126825617757,4
114311.60+651513.4,2.402,-25.355262477513005,-25.426759748412017,-25.83150091725823,-25.953507709381007,-26.185181807433143,-20.341403753770884,-19.60732548896306,-26.528718668434053,-27.172686257278368,-27.52804524840829,-27.33249907103053,-28.09338695819584,4
114339.86+073105.7,1.306,-24.33010629483529,-24.698938426966592,-25.1094569830888,-25.232031140301054,-25.566398582860923,-18.258749278344045,-18.115290710143327,-26.105886607983788,-25.86603745873072,-26.135295478699632,-26.721318189820582,-27.616679933074643,4
114407.88+644448.0,2.72,-25.314580615233226,-25.52135910506001,-25.94184011829785,-26.12399822316962,-26.382081856223238,-21.631051241462927,-20.346368292582987,-26.792558275070977,-27.184115787322483,-27.68786588508099,-27.52328760783673,-28.321387543824144,4
114449.33+032751.8,2.107613,-25.190991264791897,-25.36566347251636,-25.91846901622219,-26.2587855139452,-26.48084322994697,-18.54162616708414,-21.93340748007953,-26.893741183956525,-27.27514064787196,-27.51738743824416,-27.3879470961262,-27.567502591863526,4
114504.95+624624.2,2.532,-25.814525629752666,-25.779239054212397,-26.252479620583784,-26.38326776416003,-26.56997101904868,-17.863624211972724,-21.90866540813249,-26.78963568302079,-27.016449118900884,-27.323464902726908,-27.30088984979153,-28.069746672936493,4
114534.27+493559.0,2.992,-23.34447149553102,-24.37602529532001,-25.01066288542024,-25.252656786171443,-25.65902326672422,-18.834222976533702,-19.830374364224102,-26.336828581524006,-26.926507783673323,-27.428506035246787,-27.361062596530207,-27.861221202730587,4
114646.72+015603.8,2.64,-24.704296736389903,-24.941219813316984,-25.42030133721436,-25.723879423320128,-26.040719137070653,-17.293395859615472,-18.19834316735093,-26.37160124872172,-27.09544308583423,-27.752411092916265,-27.188222166925577,-27.5934195060927,4
114709.52+353157.4,2.195697,-24.58084874356304,-24.794849870620123,-25.280400865207937,-25.425784823002004,-25.67314534387888,-21.429044533088696,-20.44838326407745,-26.11094824523633,-26.69526324770228,-26.500030029038697,-26.4468165848742,-27.238205001630234,4
114818.72-021326.8,0.786168,-23.55838790574575,-23.73896214751968,-24.104268146504097,-24.187947992619225,-24.25496141582025,-19.79805625774978,-19.039692027972475,-24.604245095354464,-24.185040117921982,-25.43284533304769,-24.31101773671065,-25.14749892389332,4
114847.83+105458.4,0.861,-24.133761588750108,-24.35752221632451,-24.750999360741197,-24.924821704802877,-25.085269045219395,-17.925179417588502,-16.88216255070363,-25.02928284622068,-25.27169774730416,-25.42819962625187,-26.012596806442136,-26.72461841810689,4
114851.30+104824.5,2.127,-25.449526119648343,-25.58711195619586,-26.04754981743081,-26.20717755167077,-26.39805976826357,-19.54617626108967,-20.420795704573525,-26.72217292129445,-26.81570246546416,-27.231184057023764,-27.0926805098613,-27.391240877738337,4
114857.22+594153.9,2.123091,-23.951584256245184,-24.167986285037173,-24.54520639448775,-24.74887782852784,-24.98844317802108,-19.052268560815783,-19.001119011399563,-25.78880404693384,-26.19337859734552,-26.295820644772697,-26.02517454635505,-26.779328050206622,4
114907.15+004104.3,2.301,-24.5333844829968,-24.86030036381684,-25.449980051348916,-25.530470946832462,-25.75842772574033,-19.101601045447797,-19.61623006455043,-26.1699234616343,-27.336795058076916,-27.42371435954572,-26.66709562323771,-27.57394424323085,4
114931.75+223028.3,0.962317,-25.182089757670067,-25.298171524447888,-25.50662109637697,-25.60276057621115,-25.84319502784396,-19.08143921063356,-17.829345216187896,-26.198267823992268,-26.369100246520425,-26.63722342081917,-27.339491345551085,-28.28616303695993,4
114933.87+222227.0,0.5538,-22.1807928845198,-22.450744933883325,-22.762283908156167,-22.92634091321729,-23.19069621362141,-18.82145598824631,-16.917494822651015,-23.750023351096115,-24.240966253165507,-24.763506619015505,-25.23166713872534,-25.964760582169973,4
115054.54+243326.5,2.43,-24.4782060332618,-24.57110330537831,-24.96074320765281,-25.048247272476186,-25.343040866401655,-19.53541678663493,-19.97052018618864,-25.879161716555597,-26.37400479780429,-26.54831681365208,-26.282013033273188,-26.97306915560805,4
115140.77+234031.5,2.188,-23.37346775086068,-23.92428503250127,-24.85395308956856,-25.38537522608734,-25.779984108132467,-18.77076286932448,-18.65013914632307,-26.53650855605971,-27.018129104993854,-27.36579912871281,-27.41108663948518,-28.218734019251,4
115150.39+222559.8,0.640163,-22.9823989515058,-23.12219472653032,-23.39665569934616,-23.49305717180659,-23.647028477307856,-19.142059404651185,-17.119661691786803,-23.604738617937663,-24.576994380779823,-24.973744805542644,-25.404457346211565,-26.21894272387313,4
115154.00+273331.2,2.144163,-25.256206241021744,-25.445913522456827,-25.72659337846545,-25.887122686696006,-26.159961949984197,-19.1483032803985,-19.909876284085403,-26.493498396994728,-26.928972427999405,-27.336378346993904,-27.10246590688266,-27.76565196504197,4
115234.13+182622.1,1.904247,-24.03256653646921,-24.696971337074743,-25.717815817370777,-26.091909304413235,-26.33805507293808,-18.98402465962984,-20.002390590848105,-26.74977880987582,-27.388514514810517,-26.938685117987813,-27.350735938053155,-27.83804292432241,4
115259.48+072905.7,1.364828,-25.00766049428856,-25.221007660602776,-25.473923696664627,-25.640229428082957,-25.90322535160404,-16.846025822550267,-19.176882390978637,-26.17303141417388,-26.28620786108227,-26.757799431294497,-26.88966982927604,-27.86036568517372,4
115301.60+215117.5,2.37,-26.39250960951812,-26.40708416222687,-26.758427396660025,-26.90649179095921,-27.13159693403588,-19.117669611783672,-18.899154489188017,-27.47095042160745,-27.77949891268659,-28.13555205670685,-28.239212311500523,-28.85273964034155,4
115342.81+483844.4,2.03,-24.448653433409905,-24.527345174467943,-24.599491427337483,-24.957475358764725,-25.2507717399801,-18.50907326906722,-21.26408095208799,-25.95853234253573,-26.305087218493423,-26.682140083906464,-26.400438788484877,-26.877912487051148,4
115351.91+164335.1,2.062,-24.71569658142524,-25.293683247887603,-25.841817701373166,-26.08217161157085,-26.296302366609652,-17.824154607410623,-21.13670976355317,-26.949719136703305,-27.25723545551235,-27.395295588939916,-27.34166148801141,-27.98132088244978,4
115439.91+184830.3,2.0263,-25.480714193977317,-25.93167837174064,-26.65831919562369,-26.93208720907397,-27.18313258846673,-18.16631050884472,-19.1419773318763,-27.67074984708936,-27.96212957580337,-28.161632970764828,-28.15743031500859,-29.012657462090893,4
115511.16+440243.2,2.41,-23.691249342028662,-23.958125081017208,-24.702091114474733,-25.013296864442736,-25.303231070755665,-16.84799746007811,-20.1005693187803,-25.80010649592455,-26.5706571999075,-26.427959289035048,-26.344660880467497,-26.96494875289403,4
115554.15+480328.7,1.799955,-24.50905803726888,-24.66880502402891,-25.0394866522221,-25.22657145366792,-25.518393254845908,-16.506952787246913,-20.8188339574137,-25.881590244573683,-26.506024671111625,-25.29129374037269,-26.38613298657733,-27.22658493415232,4
115740.29+452639.0,0.887437,-24.261238129377315,-24.58982393427281,-25.003259181391964,-25.09869422489092,-25.23730840496536,-15.688683423595997,-16.23212145241148,-25.46464246746086,-25.58758632815101,-26.05354964620511,-26.75443078551101,-27.599662617207056,4
115902.31+561414.6,1.51,-22.105896529921434,-23.93140718907985,-24.87904643162024,-25.161417263574677,-25.42265598617233,-18.517094107704317,-20.606687687861463,-25.557936012536228,-26.064553125919623,-26.14556931011502,-26.33368210374268,-27.29036352474397,4
115959.71+410152.9,2.84,-25.14513681644169,-25.423327897514323,-25.988482567113245,-26.37883491791688,-26.572205615667304,-18.911491971924328,-21.96983625702519,-26.6259619229844,-27.090611988611453,-27.31038621215736,-27.21506087438368,-27.761084658074065,4
120006.24+312630.8,2.98,-25.967503283339383,-26.62723514372764,-27.096051369042577,-27.27495911754176,-27.47664014678618,-20.436541452186432,-22.85318454501411,-27.732284156879093,-28.1923852024595,-28.49788596997449,-28.443044916938227,-28.920233998702518,4
120011.66+140815.4,2.595,-24.73382591140661,-24.794642333018253,-25.181084097757303,-25.33064030587594,-25.6344136171247,-18.848770558233685,-18.31707541538092,-26.104814166202747,-26.39526039326369,-27.24350453963519,-26.59550524165928,-27.27700808413604,4
120055.99+115718.4,2.011,-24.92095541183101,-25.22940987925304,-25.82726810889745,-26.162188978447723,-26.36026409793881,-19.83650239985416,-23.205597699918425,-26.72423934702038,-27.120810974783726,-27.224486161690308,-27.40075858952538,-27.863596143790545,4
120110.44+533704.2,1.179102,-24.050371904549547,-24.235251342596243,-24.52426960168373,-24.72591541770334,-25.04393392520653,-17.96197965932793,-18.802287997058365,-25.385987548298917,-25.66159088000517,-25.742197785584807,-26.24161191933376,-27.13135833013632,4
120125.14+140134.3,2.455,-24.35488621331248,-24.453787014948222,-25.080677247613583,-25.21381773209568,-25.417013226003945,-20.07369209587808,-20.223371302620023,-25.61771135007868,-26.388720129069597,-26.795260050927183,-26.564606366890413,-27.4644967866639,4
120233.08+022559.7,0.27364,-22.83207828731542,-22.908381967714572,-23.12622449563145,-23.213936204557957,-23.31756622256918,-16.300185527931074,-14.738529463857068,-23.542792653582943,-23.91507194911648,-24.64120519441151,-24.983150258766937,-25.57711506259569,4
120504.39+352208.4,2.293,-25.091615597544934,-25.14963138976319,-25.566969307720168,-25.702369051381357,-25.97187934384013,-19.040869704812003,-20.005078022780605,-26.30776405992348,-26.78779216632553,-26.7977392544151,-26.986487955246872,-28.08636443473795,4
120536.59+024526.6,2.549,-24.2436147256729,-24.51481978901239,-24.99181251252582,-25.171057769851817,-25.49321772993461,-18.07910370846645,-19.63112440631943,-26.054362281659063,-26.368111449437155,-27.275061372980318,-26.83690890958372,-27.296448812958467,4
120550.19+020131.5,2.138215,-25.218392270326,-25.653917293296896,-26.32061317670752,-26.452031937760427,-26.627307990923825,-16.863806115815454,-21.643690090339582,-27.06681817908624,-27.05421247380927,-27.45606683765879,-27.39510954175634,-28.3224821123022,4
120557.40+192958.3,2.555,-24.4715228063935,-24.49629941468246,-25.10276704308709,-25.295277897920183,-25.55911068043409,-15.713654825616134,-19.62718455148168,-25.90646179878173,-26.07095106585595,-26.908902802358625,-26.712475675740023,-27.44711876673606,4
120609.69+004522.6,2.693,-24.967932892301835,-25.20879307544428,-25.97098259164674,-26.277073046159465,-26.54543494134478,-17.94264993565732,-19.00012222874961,-26.970364165644654,-27.13823449488128,-27.800823691476044,-27.56542194182057,-28.163789500844825,4
120632.01+533447.0,1.187164,-24.105591803521158,-24.21275709734321,-24.520861277021087,-24.67218611745894,-24.81687425161034,-18.38770450604359,-19.07713972695279,-25.63672474425882,-25.112951236375164,-26.0677574429542,-25.653230437836815,-26.497099273105707,4
120746.34+185041.5,1.6219,-23.759505780379456,-24.11496136834251,-24.718285167527892,-24.90363916538401,-25.17714720815983,-16.938801351617514,-17.28071283301637,-26.071344940856758,-26.364614622042065,-26.52859245857652,-26.53105743070346,-27.19849942857069,4
120847.34+201951.5,2.638,-24.610557400338237,-25.266355136881312,-25.86663219531963,-26.264098789946956,-26.755873383039123,-19.381197366547266,-19.55742117687283,-27.15733370264453,-27.760971395997863,-28.347951469051537,-28.24426407566491,-28.81512025261973,4
120850.67+511821.1,2.711,-24.650076385327573,-24.922516603420952,-25.342009921990822,-25.5504060687449,-25.767378690661157,-19.82328412442597,-21.468045577881483,-26.353024442663443,-26.979086803411292,-27.464185623546136,-26.707654626028354,-27.449199324092792,4
120949.89+223644.2,1.722,-24.45225668272608,-24.61255055124095,-25.02947465575077,-25.260398410336038,-25.609092109864733,-19.65079367978732,-18.73143760097027,-26.075641303223957,-26.791092608021927,-26.56585825309744,-26.89115837807565,-27.72979680726807,4
121028.93+205544.5,2.388,-24.398127119454,-24.93263220374551,-25.725591285867456,-26.14576470724591,-26.47287877434293,-17.881796907848482,-21.146541083834368,-26.58580741347052,-26.68462314458109,-27.197465153719047,-26.77556195337928,-26.95882108589888,4
121126.29+405344.7,0.910405,-24.75398678821976,-24.790817533933243,-25.099209488243563,-25.210914723066168,-25.38126892023911,-18.554236193449988,-17.807679677030386,-25.30188694570506,-25.692296969137416,-25.62249545163989,-26.61000645088219,-27.481597642304678,4
121143.52+013011.2,2.588,-24.47755250313504,-24.62544150910536,-25.108145907167916,-25.320655796827168,-25.642097525000807,-14.178204703899397,-20.451820060244884,-26.306844887611977,-26.799248007047638,-27.71434525741954,-27.586950108635,-28.04372080399768,4
121208.83-025056.2,1.30884,-24.12392697657446,-24.418203181944996,-24.81391935261921,-25.02509631941463,-25.309017316462665,-19.43178788384432,-18.740378144306025,-25.665476139361274,-25.47224979520759,-26.114904932925352,-26.33179638175817,-27.238723198191156,4
121314.03+080703.6,2.376,-24.783444584824974,-24.84505855650484,-25.34855143895529,-25.48342709623165,-25.74255521194678,-16.14678366635469,-18.57013691608184,-26.385052854539467,-26.936618862942275,-27.09887273037025,-26.838693898566152,-27.471204297702656,4
121420.44+154307.1,2.147,-24.439190261006207,-24.635286350488173,-24.99905846822484,-25.217298828575444,-25.45554971611545,-19.95746355389016,-22.388356911026555,-25.896715080839613,-26.544546908638367,-26.928763388827704,-26.434183481234214,-26.734377167922226,4
121423.99+334010.2,2.449,-23.833153746093856,-24.01502833276899,-24.650996676893676,-24.85165435120217,-25.29213150334581,-17.352631125468253,-17.52455978549681,-25.58071987621592,-26.629745331160763,-26.376862103002495,-26.374327584187423,-26.853615796183867,4
121453.37+185359.7,0.792,-24.16033281719738,-24.44019140301452,-24.94953898210259,-25.208582408739005,-25.42266233523681,-18.31329765377748,-16.438337470595485,-25.599136725113397,-25.619069774147384,-25.96646402916445,-26.86223413847731,-27.80963234474835,4
121510.62+142834.5,2.59,-24.405962367829,-24.60303234778552,-25.056439400773268,-25.199872444776137,-25.418018867839475,-16.518226630857118,-15.323322062037416,-26.10996676622228,-26.4123289075782,-27.128760574439752,-26.345849161497416,-26.98757566487869,4
121519.04+074004.6,1.749083,-24.28444309188214,-24.93433834307206,-25.712660142263555,-26.00566226527824,-26.394516012028955,-14.67252188119767,-18.552986857949307,-27.081076389855276,-27.25787610745783,-27.60209053450085,-27.85070131114768,-28.74584376762186,4
121656.53+022915.4,1.052133,-24.287342991590656,-24.47331929174854,-24.823436043139846,-24.97737453282204,-25.185357529990096,-18.480500817962973,-16.945580844708452,-25.51890105740036,-25.86545617891532,-25.998586763657176,-26.831269039279267,-27.70535031077397,4
121711.46+215057.2,0.7462,-23.152170389237043,-23.395245461063507,-23.77149973519667,-23.97200517329314,-24.07137034170652,-18.7265828232104,-17.886220886851437,-23.314605809129457,-24.84188757754869,-25.356618454036205,-25.663743714222868,-26.646982855522605,4
121717.81-024753.7,1.687391,-24.013974949844823,-24.59556982036377,-25.268209089746627,-25.378614440925706,-25.658136231498343,-18.22743284229971,-19.398044615526896,-25.683600431518496,-26.11723450220157,-26.37862557637167,-26.669251064075432,-27.498452045221008,4
121805.57-021503.7,0.371665,-21.80142649392564,-21.980800965538183,-22.289110107545472,-22.450708361693746,-22.93002515245742,-18.624422778726604,-19.29529520705207,-22.990893787217047,-23.756074665595214,-24.324264471816527,-24.99318458304576,-25.873509578203123,4
121843.39+153617.2,2.268,-26.61232507242301,-26.70537561574489,-27.116387360522594,-27.279699171525703,-27.53055918432865,-18.19518148582805,-22.61882510170183,-27.7446510579046,-28.283538446567565,-28.505121114801,-28.5428150540115,-29.18646257856074,4
121906.02+025433.5,2.277,-24.43210464953753,-24.588264898725573,-25.080379413414587,-25.222954317591192,-25.49469018382469,-19.182516230123067,-19.516899678599565,-26.041397930028428,-26.41890665609896,-26.69787852936501,-26.67839641486597,-27.300537070193403,4
122015.52+271054.2,2.478,-24.240988157531373,-24.326758095149128,-24.73739312114145,-24.87923030412284,-25.206650652309264,-20.6443275081016,-21.14801015886565,-25.70569737508404,-26.47106953262668,-26.80405690178968,-26.992978711312094,-27.83360625046523,4
122025.02+061418.5,1.305,-24.381878504146183,-24.64985131556637,-25.11635263054564,-25.341645357458216,-25.628961786109304,-16.68716666996452,-19.163691850483595,-25.64796058905588,-26.534336687262304,-26.294026431371385,-26.619708788657743,-27.365197980124503,4
122146.14+154914.7,1.855,-24.210719283938086,-24.631852092305994,-25.03832387196012,-25.23154064189409,-25.59522442259402,-17.27261882067941,-21.465169137438814,-25.7530281063447,-26.409698895592232,-26.629490371297955,-26.6863800873832,-27.19982529653676,4
122312.88+290458.9,2.448,-24.800277435917497,-24.720064418776488,-25.33590472539914,-25.523876085625595,-25.773430096703613,-19.47969409406822,-21.047947783104902,-26.38748692346511,-26.6249963233343,-27.208604703989263,-27.093019182815635,-28.01258027677814,4
122458.00+050516.9,1.601,-24.5446280209646,-24.809616901177986,-25.05689294852921,-25.218773505409168,-25.495164987719296,-18.452676374156344,-19.503427046412543,-26.193703935515018,-26.26778486630384,-26.373760948999536,-26.623975673475943,-27.45837951688934,4
122527.39+223512.9,2.052,-26.48326243190887,-26.66191715691659,-27.089162900863247,-27.395494369961213,-27.604376298712992,-19.726696437252773,-18.61546607089673,-28.064461490575045,-28.41129247173703,-28.700191259268447,-28.668704784724728,-29.3398003172403,4
122610.12+005403.7,0.234,-19.152567448625888,-20.22651610456717,-21.022048135154968,-21.343856332423705,-21.60979650059152,-16.34526272551114,-14.649472215352237,-22.16796823123057,-22.263030074878436,-23.04958037884183,-23.09705401729927,-23.424042813338325,4
122709.48+310749.3,2.19,-24.81986139758024,-25.01806204113566,-25.56782703119584,-25.83611971122648,-26.045996181605645,-20.667460582771632,-22.279916641723293,-26.439046266171317,-27.18956735263416,-27.388066303884,-27.333220710443356,-28.011275017297606,4
122713.17+122803.9,2.171,-24.73453191167364,-24.921709891136416,-25.43971211713271,-25.54895699647106,-25.78103007794929,-16.634611672251424,-19.212922050575056,-25.846567227390096,-26.825045236962307,-26.634842371157973,-26.60424470628445,-27.37998030071492,4
122848.21-010414.4,2.647,-24.071236290787372,-24.86180841004796,-25.25270806859219,-25.673410463448256,-26.118059173921925,-17.611204547985714,-17.929623903153892,-26.67275665803561,-27.587672590318792,-28.091636196491557,-27.972559301802583,-28.437198345076816,4
122946.31+022841.8,1.982,-24.63669009616479,-24.897871402206228,-25.306217895757467,-25.508452336421342,-25.806091448720665,-19.07006521994683,-17.60269592767454,-26.438310317165914,-26.66654016150565,-26.394493134505883,-26.798624795015154,-27.534725893590608,4
123020.41+452047.7,2.112,-24.434842954393694,-24.552977063966896,-24.939020263926825,-25.131357782158236,-25.48893685162748,-18.97581012983182,-20.62712617044925,-26.306871282583035,-26.187000094711408,-26.482823040195957,-26.45755322551025,-27.290003317940556,4
123034.20+073305.3,1.816,-25.30270889329592,-25.42626447191449,-25.77125588511268,-25.998129179713366,-26.257849503563257,-14.678451121791891,-18.528252184155228,-26.681803672840218,-27.152908145822625,-27.366143207996306,-27.09054567096782,-27.637224385065423,4
123056.96+175139.5,2.655,-25.213470820266057,-25.11384957888125,-25.47769912391973,-25.60845529481905,-25.85954906300927,-18.890872667628347,-20.94572876462129,-26.29142114297834,-26.807229720427785,-27.151499692225062,-26.95671227639349,-27.569388008805934,4
123120.55+072552.6,2.387,-24.637988392558384,-25.044833135439024,-25.339587386700373,-25.69613178246253,-26.04141402235923,-16.89620387605976,-19.840249024228832,-26.393711865436504,-26.97796375083508,-27.47196450933833,-27.13884275649676,-27.433363879038748,4
123150.39+151447.2,2.263,-24.21541916669009,-24.5306937058525,-24.828508210791885,-25.09171843201104,-25.356636217300643,-20.382819731634086,-21.339404798494314,-25.96549184033771,-26.429604925649414,-26.65411777276944,-26.48466272957184,-27.11769773084735,4
123206.55+202524.9,2.478,-24.369140812688297,-24.46773606636482,-24.86209050661765,-24.99500617306751,-25.26844277390945,-17.262992716138843,-19.70364248303253,-25.929139439654207,-26.311907518324293,-26.91794477923201,-26.36298922745464,-27.17409337592527,4
123304.05-003134.1,0.470945,-23.24801370959872,-23.348166263767023,-23.66629798241131,-23.67954918094216,-23.87839785824516,-16.8834976486673,-14.639177411141826,-23.827932397177054,-24.348505423587167,-24.48609363444809,-25.18767147580979,-25.92480552821165,4
123310.43+161052.9,2.709,-25.43962825212401,-25.50890885433904,-26.04233809637703,-26.332223935227265,-26.5393108830386,-19.432450963473,-21.331076131353814,-27.030875661546947,-27.677487627404236,-27.677200076866107,-27.66825839517117,-28.492445782484257,4
123337.68+414608.3,2.492,-25.380372726863552,-25.347303230520883,-25.84713477759189,-26.035771822551997,-26.2221563419381,-21.42023316180832,-21.265982237442,-26.232402537300967,-27.00664756849027,-26.872173150621062,-27.058299086522243,-27.719110811221725,4
123457.69+255249.1,2.629,-24.47128919195472,-24.800683837521177,-25.33683371245209,-25.522609788987317,-25.90112222279554,-19.87285046039261,-23.008176981739197,-26.3472101530772,-26.975431075086394,-27.711108031395906,-26.95142464215723,-27.34579444653071,4
123514.64+462904.0,2.204,-24.740093793921734,-24.970229682747437,-25.35970587274437,-25.61205853831641,-25.899509532899582,-19.3812063998812,-21.335838187611657,-26.573415225177342,-26.924380689850096,-27.42089515014021,-27.143783600557907,-27.867469746009267,4
123549.46+591027.0,2.823,-25.85944411917722,-26.169014907168823,-26.54843237418445,-26.864602750963265,-27.22202423240889,-20.910253305183105,-19.438771034765992,-27.735469256030147,-28.503295895142934,-28.958587076012765,-28.70109426147488,-29.062463528282183,4
123649.43+050023.3,1.943,-24.970861067268448,-25.26399272053524,-25.593236660226506,-25.664221929344382,-25.868119058403856,-18.649760925133563,-19.52902853182377,-26.541168185192216,-26.61457114844376,-26.692363592554937,-26.88871645959813,-27.863850913338016,4
123651.27+453334.5,2.55,-24.62935849837626,-25.148112315778924,-25.707588283820336,-26.01465263666925,-26.44396187456156,-17.423486827242776,-21.23773805799965,-26.60104449045373,-27.079054307173983,-27.83730936995505,-27.590923921058863,-27.982017036887527,4
123717.43+470807.0,2.289,-23.51868090558825,-24.008512112851168,-24.788148968693584,-25.012173924793643,-25.470854215214437,-19.11531945583815,-19.680220588993297,-26.18687709808341,-26.62398896644102,-27.06012372130495,-27.056758119383108,-27.81872749735275,4
123754.82+084106.7,2.883,-23.915971404101075,-25.470868872310568,-26.03629107072839,-26.43085205507428,-26.864865504973736,-16.504982008791995,-14.891006509787726,-27.14769486562735,-27.95232738290618,-28.398724576191835,-28.5468471423176,-29.063083617990184,4
123833.18+444922.4,0.345139,-20.63112264058425,-21.14216549226769,-21.657609255228657,-21.826893835204885,-22.311542685631224,-16.469795731956776,-15.604833309949443,-22.949983212257266,-23.372921528707757,-23.59420543271897,-23.407507444520984,-24.25435838692402,4
123840.93+343703.3,2.57,-24.318755912684598,-24.53535809376959,-24.94752361570226,-25.19281955292412,-25.57253143847479,-18.437311726459637,-18.07433256528586,-26.345338230401943,-26.84335062469783,-26.94907988733761,-27.213784790578615,-27.78626006564539,4
123924.58+073017.1,1.365,-23.560757367224173,-24.20450729769104,-24.801362493525406,-25.336554994266965,-25.930467477220887,-14.456293040068406,-18.508036090774663,-26.12313613529849,-26.3925945232785,-27.073076714968877,-27.925261827035374,-28.53338499513289,4
124009.85+145142.1,2.07,-24.29937945770321,-24.53218832374031,-24.856488974421744,-25.04265769733935,-25.353715194518838,-19.04260416447773,-20.18971480706813,-26.226867017170875,-26.811340765840804,-26.65103727348493,-26.55667547816131,-27.19529040731706,4
124013.24-024629.5,2.728,-24.374224125205767,-24.752558580675657,-25.58753866093828,-25.981643071020784,-26.29214677912366,-20.473597625221814,-21.773504170742072,-26.394598492399663,-27.32317327087505,-27.52900226600746,-27.260288802633475,-27.944422585507063,4
124031.76+284348.2,2.409,-24.767443148501105,-24.69111619186386,-25.09521234679721,-25.19197112599564,-25.441781049793303,-20.567047567505732,-18.729347770733497,-25.51480913487549,-26.63605161012729,-26.82165367395424,-26.37452699300954,-27.269525105862183,4
124143.43+402451.9,2.285,-24.676666043143346,-24.7629520247139,-25.062260928720388,-25.272392342491667,-25.550652563237374,-20.532483704221743,-20.47720124940276,-25.6659541998054,-26.484393838040766,-26.93148426375661,-26.614739603885365,-27.33455739142433,4
124157.96+223330.0,1.4223,-23.037952581677743,-23.602409013358372,-24.078069881200733,-24.295714258577146,-24.7071802761095,-19.482624052760503,-18.71564716983383,-25.33567990480904,-26.106744934157568,-25.904416759338226,-26.12696002727302,-26.98897874305709,4
124232.29+220255.0,1.895,-24.51515721937182,-24.624936776248266,-25.04907344364041,-25.3598158759394,-25.5321033933781,-18.712596951132785,-21.46820313183226,-26.149812511943463,-26.469934587527856,-26.768231292374757,-26.83223593263176,-27.47068207641512,4
124300.48+204246.7,1.979,-24.033536733709305,-24.451728437839822,-24.94208684224816,-25.20463091059757,-25.53394864773673,-19.68607202857041,-21.0225554524293,-26.839534358724617,-27.085940485831703,-27.552623056803245,-26.896665304112805,-27.67391277261958,4
124347.59+374512.5,2.149831,-24.42939173573117,-24.64328465104904,-25.072987045861478,-25.28510615799857,-25.560574163195213,-18.546665840075807,-22.028261961013847,-26.079443289755403,-26.593792095241746,-26.832078653313285,-27.062294371159364,-27.83213798484819,4
124415.19-081013.9,2.245,-23.72383997793881,-24.2096295354428,-25.015705682338474,-25.192851433690603,-25.37314132502975,-16.75731475484124,-20.19640199814381,-26.257108411748334,-26.31592488182839,-26.75643785249955,-26.202245625516337,-26.72945762584433,4
124524.59-000938.1,2.092,-25.238209750143387,-25.39601025269532,-25.75076786261706,-25.818578228860275,-26.059454992683072,-16.324037949761923,-21.341953423501945,-26.33935792302407,-26.209624922267132,-26.887731593850067,-27.09808455335787,-28.189974371786093,4
124557.77+223205.3,1.478,-23.44460721673637,-24.694140102237448,-25.661527768356244,-26.04880372116899,-26.44224087910033,-19.52851854607597,-18.739906997985887,-26.89630731275868,-27.280828359694578,-26.988467220050445,-27.58877032125992,-28.447392437466,4
124652.81-081312.9,2.867,-24.749544533076605,-24.993837346861365,-25.594772040815265,-26.0418120014274,-26.46238634434608,-19.34047163887733,-22.445024170872895,-26.649083648369224,-27.593038689147946,-27.87704954285496,-28.01786544012854,-28.47591626962781,4
124655.71+400701.7,1.974316,-24.571849331375915,-24.861650397573243,-25.17248880877238,-25.27081376937648,-25.482032747113024,-20.617125706355207,-21.41402436848013,-26.02927127234186,-26.57866021374838,-25.810541103511504,-26.69139123272234,-27.7251842262314,4
124714.44+312641.0,2.957,-24.62491466950531,-25.159442031425137,-25.6672128374708,-25.96315346436199,-26.18902137991659,-17.659837063524655,-16.586335416835592,-26.757439401180296,-27.04641073284014,-27.27755885274944,-27.319003605268563,-27.99782163398133,4
124756.63+420221.1,2.235,-24.452248025175145,-24.61739990146574,-24.99938945178101,-25.21533454903639,-25.55075527817061,-20.267028031392822,-21.102530905018043,-26.09980098643189,-26.71820399850276,-26.99674576945282,-26.576993026745388,-27.13604683513768,4
124859.66+001545.5,2.304,-24.24206305082672,-24.55877321780561,-24.8640945905753,-25.144210573210277,-25.56576187713365,-20.601730539712054,-21.26984738585886,-26.722924757223637,-26.965514969646154,-27.439233493004306,-27.00976752220636,-27.57086553410104,4
125140.32+000210.8,0.878731,-23.89728148365209,-24.22363923462431,-24.75903227240034,-25.00648642549453,-25.243106219298284,-18.668991826654786,-16.236163238739458,-25.43649196845649,-25.479084087792824,-25.713465954836835,-26.822841610569945,-27.696959570890687,4
125240.06+184505.7,0.5998,-23.81443868079287,-24.015833848628706,-24.463811152412127,-24.64577117695571,-24.81709166154713,-19.55261106685349,-18.21062304438485,-24.436246789019243,-24.290124499800463,-25.213605207568005,-25.86483488603815,-26.73145484054014,4
125306.41+290513.8,2.575,-25.098160354523262,-25.089908326162647,-25.527992483614447,-25.64509895193784,-25.83890264033081,-19.201672090597288,-19.421159305904222,-26.19185103438297,-26.73791938421064,-26.97666019473972,-26.766985333758715,-27.300442068653066,4
