SDSS_NAME,M_u,M_g,M_r,M_i,M_z,M_FUV,M_NUV,M_2j,M_2h,M_2k,M_W1,M_W2,community
000133.34+052921.1,-22.569217096685744,-22.836959311754335,-23.12879454073847,-23.24332215871193,-23.192912425029224,-21.82227346315774,-22.07413840269068,-23.2126145110616,-24.475264290216668,-24.156355726145293,-24.903662525885053,-25.499566943900383,1
000151.30+184805.7,-24.245666477365663,-24.034118180091944,-24.617770432253515,-24.672230022762587,-24.825229373311004,-23.239308712774424,-24.028319888040432,-25.27502276922336,-25.49712377015893,-25.940937910762624,-26.31144577985577,-27.311872266810717,1
000453.84+104524.5,-22.70780665900789,-23.21318188951261,-23.74593389834201,-24.004556818560744,-24.24944035749612,-22.70679374745952,-22.387301751700186,-24.59186279356682,-25.07456797812813,-25.04026578090476,-25.17286823823853,-25.54379133125148,1
000555.54+042345.3,-23.22451631950747,-23.408561624335768,-23.74187789895524,-23.79481783193669,-23.94788409583672,-22.479107772197068,-23.050725545912904,-24.699961646838627,-24.888632902672608,-25.08198809993998,-25.47199165037307,-26.30134487929419,1
000652.00+061509.2,-23.271053265582488,-23.67013895958374,-24.16739005907062,-24.402085803884503,-24.662073913823452,-22.07989624724752,-22.56094937261304,-24.8027670668324,-25.31658954498069,-25.461558626054053,-25.868585863494115,-26.50603241823436,1
001008.19+260947.6,-23.599426483049125,-23.86284033813613,-24.251063903197387,-24.380500658348183,-24.540449116244364,-22.246381541977865,-23.52752246705687,-24.851759036153435,-25.046188007187787,-24.845844335642976,-25.864569438129653,-26.722384921034,1
001018.71-042937.8,-22.197986357747197,-22.402438124917463,-22.68407899764962,-22.84390618406403,-23.018350329893487,-22.45805488844263,-22.213390761958223,-23.49470744760087,-23.917845463250558,-24.09942880957253,-24.67817205075405,-25.50986112258807,1
001030.55+010006.0,-22.36021585476767,-22.858649496542448,-23.50735433255292,-23.69509166509909,-24.04595510150267,-20.972683971730223,-21.70597094898027,-23.89178893027543,-24.15356727203767,-24.27478469139657,-24.387413757775573,-24.984215383756585,1
001147.45+064625.9,-24.76919242470997,-24.87967289563424,-25.238018077727105,-25.404779165158494,-25.6121253599586,-23.86795723842783,-24.20470069363581,-25.119398328087797,-25.345343723294675,-25.79191003951352,-26.791584865294965,-27.54959398197943,1
001235.72+020326.3,-23.51222515816212,-23.822587328908885,-24.227995237979524,-24.31115480796602,-24.59623711573399,-22.540123850400068,-22.762867750156484,-24.29876388776037,-24.6161851085264,-24.98661440443574,-25.771955151406743,-26.563629818741223,1
001340.44+040859.6,-23.78900222133572,-24.024900996183295,-24.436257900432643,-24.59406815188732,-24.83619869526246,-23.146577152549906,-23.0652302805569,-24.87390757404214,-25.24648561981028,-25.6393615102594,-26.299020303690455,-27.23135009082387,1
001714.16+033425.3,-23.154669605209826,-23.307312729903035,-23.5569291392192,-23.61841860178607,-23.841189253761502,-23.373303466940296,-23.08042811795808,-24.09696562287051,-24.610894054848444,-24.667857002531008,-25.503677513584563,-26.31878236326417,1
001732.64+210118.4,-23.72680924956715,-23.874724987258737,-24.299699284083808,-24.525186350248124,-24.71423455116461,-23.387077568970845,-23.64874468446116,-24.74284992514248,-25.260422860995902,-25.032619443088176,-25.873210341309985,-26.758426940484963,1
001822.72+053304.4,-23.20512750819977,-23.40903371657125,-23.84708578401617,-24.09612559110079,-24.270363481548195,-22.519310303754985,-22.754867247341146,-24.64890772829276,-24.860755978403496,-25.096766122314083,-25.915133183221396,-26.875070337920818,1
001855.22-091351.1,-24.055794841828885,-24.443827138269505,-24.94530572020012,-25.15128899909781,-25.30140003245504,-22.959484085025984,-23.3094916588555,-25.43428180907622,-25.65588860536003,-25.90504938152799,-26.571004521509835,-27.53838607536956,1
001902.52+040038.8,-24.137119605431163,-24.243916628818894,-24.525434510848232,-24.644604125174386,-24.81317485930236,-22.69038519109609,-23.456748049246567,-24.6682636664452,-24.968498197939,-25.10892384724801,-26.04840930939837,-26.718687984060704,1
001941.22+031025.9,-23.721114184289075,-23.921709056424525,-24.41187318095294,-24.50761598351965,-24.75220219034589,-22.050229329392906,-23.4094501552852,-25.048295244541382,-25.41470266585369,-25.49834365141068,-26.41745411663825,-27.38430759180315,1
002244.29-014550.9,-23.673652720680924,-23.911890675780025,-24.326557059318745,-24.311805131122377,-24.50879126631009,-22.980646667180604,-23.50721168747828,-24.377596700769555,-24.701632179032547,-25.067622668825837,-25.508075249176976,-26.26497229999088,1
002303.15+011533.6,-23.59750916167071,-23.788695490510975,-24.08705154690053,-24.12727672346455,-24.302415157220395,-22.921789553549623,-23.2559530786283,-24.51351771763862,-25.065599076152136,-25.140116859833626,-25.367478036979737,-26.10074184122773,1
002450.54-012859.0,-23.744730453009183,-23.88165501183052,-24.278208438637662,-24.39809730360524,-24.55269031100156,-22.98204876265781,-23.274155589694868,-24.30943619285786,-24.837015226570657,-25.325977238778787,-25.829143948592108,-26.56491309219729,1
002613.14+191308.7,-23.18282708107768,-23.45884893273152,-23.93193779834216,-24.13206858223677,-24.39278429549185,-22.67144921730756,-22.75206566583693,-24.425380976096527,-24.637134470968444,-24.85399674430421,-25.747794964426397,-26.614796338175797,1
003036.14-011443.1,-23.63286663602514,-23.888120445425155,-24.170010696221023,-24.213268167238635,-24.363238354314944,-23.913925093914305,-23.90099002070837,-24.533262443808415,-24.90757814398547,-24.84637253240664,-25.624851816983437,-26.40624518993817,1
003840.30+040900.3,-23.07192907141514,-23.193739568514765,-23.49257857705002,-23.493345317522284,-23.761836359330665,-22.14568630497839,-22.825764580054933,-24.77519930338966,-25.113377981899664,-25.110617088395653,-25.60033406597015,-26.35856473299411,1
003948.75+032218.6,-24.295054521830803,-24.35079724913177,-24.614058521279706,-24.689239326168984,-24.81725165720206,-22.43436774648617,-24.14321368332493,-24.77945770527853,-24.981706127433608,-25.057967578935244,-25.98873510275596,-26.7843896562294,1
003952.47-054740.7,-22.64657896566304,-22.821448306628103,-23.329699176099997,-23.448962529104996,-23.71466611323988,-21.382716111480292,-22.053712786431223,-23.854621672950003,-24.101843248096767,-24.390841996274933,-24.62776524077263,-25.194152644985248,1
004045.30+040558.0,-23.982115077992454,-24.053838108192213,-24.366714363360504,-24.526645849558182,-24.782370672072368,-22.897750747648576,-23.84140292122926,-24.95236428753308,-25.471866531426112,-25.791803064259728,-25.990418699285566,-26.771373054336475,1
004052.14+000057.3,-22.670910098320167,-22.86098913464881,-23.298021248888062,-23.2307936291721,-23.316775076377866,-21.63535490055454,-21.969487128153983,-23.25594381939933,-23.490325098259927,-23.40234053644315,-24.1882993624971,-25.08167654843289,1
004359.86+313720.2,-23.44751894393652,-23.78515074332358,-24.09602552779277,-24.130216755379923,-24.40569866277841,-23.1576927557774,-23.563255159577604,-24.660911918148965,-25.12449026602883,-25.206804543462727,-25.918320073598316,-26.75019417566684,1
004424.97+121318.3,-21.375216393549444,-21.818207862046798,-22.35513150983984,-22.56201360764953,-22.719052816913248,-20.0231944975774,-20.977535523897824,-23.396580179804573,-23.90503452180809,-23.830421451607783,-24.22361695337536,-24.782359102515755,1
004447.58+332500.3,-22.93885613654949,-23.09453527678065,-23.519469589983068,-23.48777278890429,-23.639682081134445,-22.429230301702965,-22.370031870256657,-23.814420401466137,-24.1625991066204,-24.33276880313347,-25.28044041773551,-26.06531754190332,1
004635.69-043221.6,-23.74560647242974,-24.06625356736893,-24.4982245440405,-24.602408450489644,-24.68229500953309,-21.629665580226703,-22.825047274173617,-24.89988718316313,-25.563222002906528,-25.276125332447904,-25.64155802663429,-26.378102909199864,1
004920.66+020856.9,-23.550525921617208,-23.66128660294449,-23.969051423589036,-23.967837622663748,-24.115536723139368,-23.134338550076887,-23.515109523207546,-24.281154982788472,-24.938021369857,-25.10708224900473,-25.460408244071413,-26.146964247435164,1
005119.10+041601.3,-23.218566867438845,-23.434116093498364,-23.77442088037088,-24.109966672299706,-24.01390935074858,-23.109650117681387,-23.04028647997275,-24.275278910518885,-24.46526500873381,-24.66492433983459,-25.38931296396792,-26.28187531801545,1
005205.27+050536.5,-22.92644757852152,-23.142039304894443,-23.55978478710619,-23.63857062942609,-23.90503854098137,-22.963554914006263,-22.780006402106693,-23.722349316774544,-24.45569171615232,-24.348094607954067,-24.915001615119408,-25.57997470965066,1
005205.57+003538.1,-23.705124571796244,-24.17692528019072,-24.78454344247156,-25.01942087613761,-25.306109033823347,-22.511369012083325,-23.007041981321684,-25.36625041927689,-25.33433965346097,-25.435792262109587,-25.586219344646917,-26.19510196071715,1
005212.37+262126.8,-23.906392458979752,-24.02354326071781,-24.380868619037628,-24.41197261027627,-24.652874230058952,-22.795082380492705,-23.71810142804883,-24.82544865308784,-25.34739096260001,-25.611361240141687,-25.784865383059422,-26.73713671640485,1
005346.21-035141.0,-23.85134509838848,-24.05383762863263,-24.31764110688184,-24.412113079887902,-24.544252355522573,-23.19104941252632,-23.673583784842616,-24.792375155950072,-25.759364545599112,-25.308560827269652,-26.040752526930877,-26.792484375249977,1
005434.92+145528.7,-24.785374493419354,-24.814510673129373,-25.11860759258052,-25.24224353130052,-25.39331672900394,-23.86084165535415,-24.266541350986834,-25.33077135360836,-25.712568814563085,-25.89714350700904,-26.46949268112668,-27.288621047155125,1
005448.53+225123.5,-23.86131292248476,-24.08703305617505,-24.478432850767643,-24.670659135643778,-24.78487661070384,-23.0393106317618,-23.325447093744,-24.557198271167497,-25.042962484362253,-25.13778046430375,-25.59020316492765,-26.206430494355768,1
005553.07-040057.0,-23.157315165828354,-23.59596333065528,-24.123013243186023,-24.46816310134277,-24.80606046728781,-21.61742571983148,-22.70031930665825,-24.78100247719757,-25.01086190903335,-24.88509271041553,-25.05395872782037,-25.59786197399193,1
010454.15-013129.9,-23.72926872919152,-23.944551315782437,-24.20237224407929,-24.2012027000789,-24.34999076279442,-23.327032562413105,-23.49168204293401,-24.42058676195864,-24.891350297846756,-24.92461011736928,-25.786620473616733,-26.695623076871872,1
010509.29+005258.7,-23.428858295729302,-23.60459645391368,-23.945502795402017,-24.013738195731893,-24.14370242050872,-23.253811881677983,-23.16785372989334,-24.0659846652628,-24.315669031510968,-24.58867699591908,-25.47211659452458,-26.315901271085124,1
010636.83+041240.6,-22.750631156893064,-22.98565903511709,-23.468225339620265,-23.6810699582018,-23.94928776011358,-21.099253955371463,-22.092115979008508,-23.90664705652572,-24.658572325262032,-24.656002118982325,-25.27067849450776,-26.033390539375915,1
010644.15-103410.5,-23.02002149716378,-23.182081469864958,-23.388796756192733,-23.527784375303195,-23.77805560101439,-22.72366225071223,-22.77630994405765,-23.888124494592397,-24.40608747895036,-24.334220012690903,-25.20309853296988,-25.973576219775783,1
010735.57+024947.2,-23.458571846589223,-23.607657200629728,-23.99843820926242,-24.17527754960767,-24.37491902454853,-21.850909574665398,-23.046573545127885,-24.63138249356832,-24.878664794153,-25.0294455202107,-25.00797469258197,-25.738558077667093,1
010900.36+151217.5,-22.408395815767854,-23.03125693142244,-23.62677412660084,-23.870358282247143,-24.05952854130572,-20.272515638006524,-21.23621308783135,-24.20918872092994,-24.27733608869608,-24.636936966496712,-24.390557162033808,-25.14772527507378,1
011030.90-041531.0,-22.93690454695554,-23.142098774308923,-23.41260291678667,-23.454662236270757,-23.55214479291215,-22.90240361432202,-22.826710744734555,-23.60513440388775,-24.404682283942314,-24.600543267105547,-24.893327443735416,-25.65768642568277,1
011135.72+203314.0,-23.66160821082445,-23.864903016147533,-24.257047269273343,-24.42288635126764,-24.70089841667677,-22.50358430577888,-23.32371196387785,-24.86524116778283,-25.05655785188181,-25.38120662980589,-25.71097543416692,-26.44878001833849,1
011152.26+201748.9,-23.97361068527512,-24.187108824642294,-24.56284807437559,-24.69652264947186,-24.84392688131436,-20.09470300749819,-23.792227790685967,-24.944975439405592,-25.33184002019919,-25.15883818808218,-25.679691358396664,-26.39341887063756,1
011210.19+202021.6,-24.466665585684314,-24.56483912714264,-24.898616992632995,-25.00608265913247,-25.09360019503217,-24.454047588812312,-24.66672877741889,-24.961591671472096,-25.23006665835106,-25.54609287055963,-26.59976673487671,-27.45165797425673,1
011305.23+092002.5,-22.59767513371683,-22.75699408608133,-23.025303230569783,-23.052304344412512,-23.23539256136384,-22.150187847497808,-22.274089489999067,-24.317599905382718,-24.43498008648134,-24.363110158046407,-24.725222878904933,-25.549968576689302,1
011319.04+024240.0,-24.27128673596159,-24.63597950366463,-25.053767663334117,-25.26767356084443,-25.576939859667984,-22.233386516642025,-23.76702174850591,-25.566102966161147,-25.800961783037096,-25.839248649015158,-26.421527143692604,-27.124614547455455,1
011623.04+142940.5,-23.19564736500689,-23.43218158517906,-23.80609043413664,-23.853190139855062,-24.06884253164876,-22.854295658699996,-22.80473014218913,-23.75699165371236,-23.96361793491355,-24.288890954250952,-25.35533089764349,-26.154887745491504,1
011643.64-014908.8,-22.8927559450752,-23.46461466283325,-23.785565706447137,-23.945899254664653,-24.243200957003925,-20.242268570955776,-22.886914926710308,-24.64910926828624,-24.957223642988662,-24.897773702298647,-24.96881115187609,-25.67118554590818,1
011714.09+072950.8,-22.058150467497875,-22.33177448770076,-22.731420517610328,-22.91024250341775,-23.04788038006118,-21.175681579660512,-21.534136493547987,-23.23222459061236,-23.9347129124249,-24.12486048187889,-24.374157882667998,-25.147620627316243,1
011741.85-104717.6,-23.610147378985367,-23.8836080975758,-24.182154575382352,-24.167648654370343,-24.342790722070447,-23.422211493203456,-23.507691729961977,-24.430819272003145,-24.67630739581416,-24.927830745444183,-25.508077927736466,-26.306466947153904,1
011808.82+195036.1,-23.525269323325883,-23.67606097075474,-24.08335266255857,-24.251495955261262,-24.357398797853577,-23.482042101649533,-23.525926630799084,-24.67444501473561,-25.13087152509157,-25.454230704119517,-26.01380008169909,-26.933944124117527,1
012209.02+102020.0,-21.98088556142052,-22.40437700116338,-22.865601760614343,-23.099686727398996,-23.33065956863313,-21.239434516144662,-21.469418360440542,-23.57928707783984,-23.780707254252302,-24.131309733272506,-24.279347198845123,-24.97324334386932,1
012443.53-060811.1,-22.92817410872991,-23.25862753218741,-23.75458812338239,-23.96955010215741,-24.214681896909894,-22.046021013479027,-22.67129237768229,-24.31868553672002,-24.662105715007822,-24.47784766138317,-24.816077697629392,-25.52250538451673,1
012835.96+112751.7,-22.98455520443052,-23.30675128542415,-23.76927894655004,-23.940505668531586,-24.085206502011506,-17.82337341334367,-16.217058655588552,-24.29942161208448,-24.849359270858866,-25.1071447491632,-25.80929382866724,-26.757528252267576,1
012853.91+050725.2,-24.0459092955778,-24.29271282114297,-24.596246208570825,-24.59556021348733,-24.694919743796497,-23.560157170013976,-24.09303526994886,-25.004754143394383,-25.39442167660583,-25.594016710987336,-25.520739578523767,-26.31717494749112,1
013144.70-031038.5,-22.49660218362283,-22.79770881096981,-23.125385146001467,-23.22422161641954,-23.49871931541832,-21.128454954666797,-21.80119912162109,-23.755470321159,-24.013424572135914,-24.29050701557504,-24.9589160350292,-25.65006242472721,1
013436.22+002624.3,-23.77206560583164,-23.841520186776872,-24.192564184802148,-24.334987283864606,-24.43195552920126,-22.541222349152108,-23.121701175105358,-24.42545471613268,-25.24374257262888,-25.307176218608664,-25.919171234778982,-26.954927106354862,1
013736.20+292142.0,-23.9987228562092,-24.200756105555435,-24.66984375801447,-24.82253929676798,-24.928009000448014,-23.588944517474104,-23.82083928451086,-25.20339484468704,-25.32746424529994,-25.263181922330435,-25.609588138714265,-26.35985072370743,1
013850.80+343511.8,-22.94250856992548,-23.31580056217561,-23.768709941696187,-23.89565886858992,-24.14361753286374,-20.96801995304048,-22.85266111724473,-24.575359397443165,-24.94363592079885,-24.780025342459822,-24.865737337781788,-25.55453738142488,1
014053.59+261917.3,-24.428085916130616,-24.666607573537327,-25.103095768985213,-25.352821146574936,-25.55097156713306,-22.87027807936933,-24.54643631124765,-26.00760341261009,-25.925528686172477,-25.90980359951623,-26.1695101484068,-26.870027395253505,1
014749.24+094431.6,-22.85444100628701,-22.944794769363664,-23.29923014202481,-23.467269188712745,-23.583335708434813,-22.542378039896235,-22.615231839098307,-24.131768445796613,-24.39386622895288,-24.74683922855788,-25.250924131079035,-26.116540430267417,1
014822.62+132142.6,-23.92965360905815,-24.046959580644103,-24.35639885920818,-24.42777012680764,-24.59495877265853,-22.80070120137388,-23.72835750733383,-24.71025612908841,-25.00160075445312,-25.445499536588063,-25.86701387499669,-26.687784330595136,1
015007.73+020134.0,-21.01739137386705,-21.26615851285764,-21.65139033003532,-21.874169612617525,-22.024895381659405,-20.69519332678613,-20.829140821887,-22.11081928510978,-23.341253415193982,-23.098339118557785,-23.958639491643627,-24.452018964189577,1
015044.31+132334.1,-22.767326854708685,-22.97791085959293,-23.54710724754604,-23.670156325943037,-23.879870248227352,-21.96651482165694,-22.140494857148497,-23.822903716208128,-24.248540956890807,-24.393674441673145,-24.910089207043168,-25.61312645186128,1
015137.28+075650.9,-23.174709629950573,-23.449345113406444,-23.74260454379085,-23.760469023551845,-23.98418676966326,-22.89295800279496,-22.985778798121647,-23.84439527311559,-24.768110324304804,-24.664499580867904,-25.2986527517911,-26.134637640436477,1
015143.36-030912.9,-23.484313551228094,-23.793449783359197,-24.206380102697857,-24.509102950564028,-24.71097039821589,-22.47918840670367,-23.212946095510564,-24.69732070508864,-25.35311805003766,-25.464357064514545,-25.96862810552604,-26.8345861813456,1
015322.60+331628.6,-23.662032304936016,-23.869447204066912,-24.32072150154135,-24.51403461822761,-24.704876409915094,-22.343911356725123,-23.15982045317382,-25.10284535146793,-25.251533588839564,-25.271814657457305,-25.21464773040664,-25.778322473641825,1
015730.47+103343.8,-20.14164111836556,-20.506318811558423,-21.10865521831166,-21.249951804253605,-21.48406167006609,-18.151463268969756,-19.5126452083939,-21.80666906838756,-22.29274358444653,-22.32834460573469,-22.966470662269305,-23.509750884661297,1
020343.39+300506.5,-23.509506353676667,-23.772210877996915,-24.16228483954561,-24.240043461302378,-24.403867802310305,-23.529927886793608,-23.66444681550378,-24.81057717229848,-24.855055526281003,-24.86709339335947,-25.568984154805012,-26.340931932004327,1
020833.01-031619.0,-21.22842443908781,-21.53138771666069,-22.08561128283626,-22.32567806544039,-22.436557402861972,-20.74261997518298,-21.072402823785104,-22.89567119476536,-23.364335194259205,-23.474158385047968,-23.25727190546845,-23.921754425238284,1
020852.73+294322.5,-22.642570838809725,-22.85696265864712,-23.351160007774567,-23.55756413828178,-23.82503656482509,-22.655163776113,-22.76296662496523,-24.0739198288856,-24.329276413914027,-24.69281588233691,-24.64936419800447,-25.360395074256694,1
021110.56-013450.4,-22.86127188117881,-22.99455482745735,-23.3260279851758,-23.42931973161565,-23.57563165766339,-23.009324998375124,-22.74169354520364,-23.714376996345816,-24.929119061600524,-24.925272341798248,-25.3574426167722,-26.055667089282142,1
021322.56-054100.3,-24.02417912829756,-24.193784154621163,-24.60470767296154,-24.816928668035423,-24.98743694317677,-23.62461212328038,-23.88472262404233,-25.00003918171808,-25.41915969439746,-25.60613136463146,-26.720495106094077,-27.6961901983154,1
021541.11+030428.9,-23.17109695612849,-23.44642139033603,-23.89090861864044,-24.021664225547347,-24.27349951676749,-22.743871985520663,-22.68497751255822,-24.29231946579953,-24.71737746635524,-25.055633853008253,-25.38699304099389,-26.155179583037008,1
021558.40-011136.0,-24.21485413112542,-24.243616997900368,-24.555799377536133,-24.70090498647023,-24.841100941483976,-23.369102853905154,-23.993814559749687,-25.06565104838823,-25.22145746453729,-25.55480145201497,-26.64854597855621,-27.564687158332024,1
022039.48-030820.3,-22.373251927999625,-22.539128850534357,-23.073298500044924,-23.253201804001627,-23.41861004405299,-21.173318144467235,-21.73850687380311,-23.662911636415384,-24.05779563455205,-24.23011190474843,-24.67518435177244,-25.474737299603085,1
022331.66-013142.7,-22.698728756704597,-22.81048379399156,-23.13413600298029,-23.18312952950425,-23.35867382331188,-22.452482894648377,-22.544639513906503,-23.318559610676047,-24.036454562677637,-24.18797104436812,-24.90009349901311,-25.72624378740042,1
022413.71-032919.0,-22.08283091720095,-22.42783567644725,-22.7635244906476,-22.910087686458983,-23.172216616452708,-22.00171908081676,-22.040133099267035,-23.379649579784797,-24.206909593020704,-24.406998272627675,-24.513764687656764,-25.44051265828869,1
022437.11-054511.2,-22.498314656371207,-22.63235048977326,-23.066259501918136,-23.08178853311365,-23.330201371830515,-22.45788717733313,-22.29824378809293,-23.42108914609104,-23.892647894487563,-24.017945095506445,-24.896378150763123,-25.65925174705249,1
022712.98-044636.4,-24.14293957926889,-24.25733484240874,-24.54505478258198,-24.757006767151392,-25.016299597297976,-23.335278652532217,-23.897984936065072,-25.04298861399197,-25.25004891927658,-25.607402643773906,-25.545746293444704,-26.218453668302104,1
023418.41+042322.7,-23.62656991507923,-23.901604426228683,-24.213783391579792,-24.3408824502912,-24.445423944815253,-22.426988174070065,-23.028645239211663,-24.33137471241793,-24.733385027914032,-25.186514644839207,-25.856979748354075,-26.63694668078089,1
023450.82-021711.8,-23.28856885317776,-23.575072649310087,-23.845362794134207,-24.02708950143646,-24.181229600221364,-22.7631499242951,-23.11276443678123,-24.267237335790583,-24.658333282053523,-25.05566146435525,-25.64734913328733,-26.45945905953661,1
024651.91-005930.9,-23.90559097376317,-24.18354343783274,-24.62932169543058,-24.66084768264113,-24.862046263250903,-23.65032366000724,-23.63538446205423,-24.837624581204683,-25.13977624972833,-25.539027490571733,-26.03949881709383,-26.919492059034063,1
032524.44-003311.6,-23.552811257308356,-23.78941321579404,-24.166082741516103,-24.206530095292116,-24.432650181396003,-20.89671873470996,-22.960615266510583,-24.793488182807987,-25.839581943438944,-25.20622165861614,-26.154617003665305,-26.91812807300286,1
035118.00+001256.1,-24.86427586371849,-24.88220534860885,-25.20762198191316,-25.272245233317047,-25.354400538538595,-23.871486388429048,-23.896660991549087,-25.232683941728222,-25.62141927920121,-25.73260610380622,-26.34926152247787,-27.252186148034607,1
040148.98-054056.5,-24.468664133114903,-24.67362672226396,-25.115769469556707,-25.223272508082736,-25.45563147908322,-24.2437723423566,-24.148799370421408,-25.432915730992622,-25.565578130297343,-25.82536633380469,-26.450303358187483,-27.34608676614421,1
071705.94+391922.9,-23.28156653295772,-23.791546083979863,-24.11661410599056,-24.277105876933017,-24.531051795278287,-22.24046796342663,-23.806051954684627,-25.13543029875288,-25.67346202951653,-25.549398558695465,-26.191507417412808,-26.854523034965016,1
072939.02+353613.4,-23.070240800155,-23.272767368688733,-23.744903792136917,-23.83344895348103,-24.113993010705844,-21.38163682002436,-22.01608168804617,-24.085077814201128,-24.30585497631089,-24.714914377687784,-25.12179864187664,-25.87020949940421,1
073047.08+263409.6,-22.744840180219423,-23.038801951766573,-23.548847841264408,-23.770879367375805,-24.13660644896772,-22.16526902046091,-22.453424304495496,-24.11073166619252,-24.335172547363506,-24.65109660497919,-24.87148278663858,-25.381385078476608,1
073519.38+430918.1,-23.548866365067173,-23.826866614155826,-24.252928978267008,-24.404439342841755,-24.611718016319287,-22.98848610099437,-23.217122582539293,-24.09097324100614,-24.68601536942647,-25.02975547129504,-25.775003216721075,-26.65598770369445,1
074125.12+435605.6,-23.67340136243791,-23.785428279965497,-23.9959160208032,-24.016600710306086,-24.22769065543805,-23.38393487014649,-23.21618991060908,-24.287578987476973,-24.74658109845942,-24.81099713701973,-25.72177736472599,-26.51637183374628,1
074218.21+194719.4,-24.15604568014057,-24.382486595557587,-24.70435225151484,-24.6778513830803,-24.855174518063265,-23.47571984527389,-23.734279248216048,-24.357235894783404,-24.928962685896884,-25.2300280395864,-26.282155527586998,-27.00818221426761,1
074838.00+285059.4,-21.580809951020044,-22.225828004472657,-22.474231788488897,-22.82751462774793,-22.88904009045211,-20.942557518792835,-21.186955504223327,-22.827491043213733,-23.2204840656916,-23.067026118873105,-23.307423987038085,-23.895954147625996,1
075328.18+335051.4,-23.794684527943165,-24.04502350117213,-24.47263996830897,-24.540668695782557,-24.737987168378137,-23.351071708626616,-23.50895046632687,-25.00749573408081,-24.98419234954109,-25.08248836697354,-25.734190490192127,-26.45496220513589,1
075746.05+150419.3,-23.44409743317792,-23.6802875863614,-23.979624339956786,-24.059730409837584,-24.310087251783028,-22.18700518408838,-22.704520725222416,-24.353559484570425,-24.62614816016735,-24.62761777671449,-25.349953415380305,-26.086203215709947,1
075851.52+220457.7,-24.725347005887816,-25.07196344850855,-25.40362071944629,-25.576234517327705,-25.72036703475785,-21.59855207816243,-23.721760485732133,-25.741903099075063,-26.0151372237427,-26.012789984093512,-26.36193048605948,-27.12675588604584,1
080103.39+495457.4,-22.01225757635205,-22.34203980718545,-22.715954333639395,-22.770948495407428,-23.129425679404573,-21.849467661555245,-21.794402669932957,-23.188195648247117,-23.565372953116693,-24.117715437642865,-24.02111909818515,-24.815943119704293,1
080235.89+475134.0,-22.58725945492163,-22.803559031517576,-23.16967102842487,-23.27917428246189,-23.5938793108794,-22.22275771362768,-22.34882145714718,-24.05494795287548,-24.51813251425387,-24.60344703656912,-25.3326272259919,-26.213531886566425,1
080241.97+143147.9,-23.39088571287145,-23.650762203616896,-23.951659762846017,-23.944817296214964,-24.16117032352613,-21.519905250010734,-22.686085974449668,-23.746195426518163,-24.15152586730077,-24.25919510142488,-25.63075292688849,-26.38432207581047,1
080359.23+433258.3,-23.274406006463927,-23.530049548203746,-23.74843902679901,-23.889401913218546,-24.201085845981773,-23.42030687739301,-23.394106445373463,-24.3279438343527,-24.910677568617203,-24.732899793174877,-24.939882525318847,-25.641283666556188,1
080437.22+121110.2,-23.457556697584508,-23.579350880890708,-24.04774452819567,-24.252048765162726,-24.348784715796025,-22.544236148529976,-23.196659239484543,-24.597206808002603,-24.91069517508176,-25.178157691344467,-25.757307136557014,-26.57749110965148,1
080704.88+360353.5,-23.310906729958813,-23.464011295236546,-23.74644261259766,-23.76162811931246,-23.89743405021528,-23.040737053031854,-22.93300579225118,-23.8480974820604,-24.24821457505664,-24.346934686424923,-25.348877069415437,-26.283591524417165,1
080904.00+075153.7,-22.507513477645176,-22.916262010912696,-23.199307340864912,-23.3495897255338,-23.558709431091152,-21.667859876418845,-22.666132545622173,-24.384906934644835,-25.166018382063505,-25.12934537665517,-25.618134574121022,-26.32142248536922,1
080954.38+074355.1,-24.8199994387234,-25.009065727984627,-25.345778716735413,-25.385131935375632,-25.506039943179232,-24.684777524562204,-24.764478301789485,-25.3589024932384,-25.664153922728133,-25.78783601342951,-26.51199864254884,-27.322318327358243,1
081022.10+114732.6,-23.491781354703654,-23.62751134571609,-24.010546581584304,-24.16263109879858,-24.43438587626873,-22.452486729005127,-22.81934711604657,-24.568820301918688,-24.83097565626912,-24.844009227335576,-25.24536821976872,-26.0456903298387,1
081025.94+410000.9,-24.106444292119324,-24.395570989098665,-24.798854683130585,-25.028290627026955,-25.131068306847805,-23.834639019875524,-23.608514316529387,-24.957678902701375,-25.31607835448351,-25.60147383653743,-26.722832380338115,-27.544382849009303,1
081054.17+232145.4,-24.98104766730661,-25.0232924276092,-25.40116472132694,-25.7272336151368,-25.99949833903899,-24.54939188748045,-24.691490895641977,-26.1013117767495,-26.082016355557748,-26.369352337605097,-26.353499862592617,-27.097015692262637,1
081100.60+571412.4,-23.458676051572976,-23.762129081525718,-24.10113121028675,-24.115367111572727,-24.25833417413132,-23.669181777132717,-23.67945159265413,-23.99402398920077,-24.74953563986821,-24.797648324705357,-25.828008761716173,-26.765076308273056,1
081432.11+560956.6,-23.087150130416106,-23.216308506107275,-23.53558071949376,-23.56577871512136,-23.68108342738004,-23.03741135316647,-22.608659527433115,-23.747080911455985,-24.433410827807432,-24.30399478777948,-24.79904701642051,-25.624185469072025,1
081653.04+302159.3,-23.81593414180161,-24.00175972678521,-24.31628901105796,-24.44860027262095,-24.45491794273717,-22.13929689729266,-23.417278693032667,-25.059606671458774,-25.453843208029998,-25.75878065314765,-25.88785425056608,-26.768872422390377,1
082345.96+410404.0,-24.17132908739753,-24.49368109720159,-24.80046711861671,-24.9255306660076,-25.04798933087708,-22.050202289265723,-23.18440613440197,-25.38121593047691,-25.77840958694405,-25.95983741129649,-26.50620647478724,-27.328508082054416,1
082431.53+312020.1,-23.749545685160182,-23.823509466905165,-24.14665110166797,-24.40409245389552,-24.46818981525109,-21.51641447380863,-22.735164690635436,-24.818392525764647,-25.10595199068272,-24.979222463857525,-25.76352954010397,-26.64788641920915,1
082438.99+405707.7,-24.13175481211137,-24.43604380504552,-24.866835563080325,-24.984887426710653,-25.20561827911595,-23.82434041236595,-24.19087177296729,-25.155758997507093,-25.335304407171293,-25.625064575718792,-26.077750395415546,-26.8494574871091,1
082456.93+215539.4,-23.102810705160103,-23.31430661928346,-23.7143954763063,-23.84456003404878,-23.981922036872035,-22.78078614993934,-22.998831558769872,-24.001608328108844,-24.439926275747823,-24.72222195507538,-25.11453780089504,-25.792925954760022,1
083111.23+123107.8,-24.015967571298727,-24.134323178376256,-24.44017481587825,-24.473455863756683,-24.58559207076938,-22.69304221307865,-23.14966530790892,-24.614963506786943,-24.906800483418944,-25.00227250384504,-25.72118032155373,-26.719216610034835,1
083133.68+213743.4,-22.78199741801817,-22.979948142848844,-23.46057961788904,-23.596677785623623,-23.77919789229264,-23.00452872952856,-22.77322889808402,-23.725943252598096,-24.447466668737885,-24.44586759513068,-25.68334680438608,-26.51351814160624,1
083236.13+240209.9,-23.47751873742113,-23.77485369521726,-24.06258500255285,-24.10760385751107,-24.25575655599301,-23.06393121177128,-23.64842017113633,-24.686370327355924,-24.91266007203948,-25.18549097822943,-25.602801621522403,-26.42917032733936,1
083250.69+281316.2,-24.63810383374642,-24.74730165612981,-25.02024704990653,-25.099321106928905,-25.150325415696404,-23.282786155922427,-24.12833600646706,-25.01324219626911,-25.64664442727762,-25.6337080607276,-26.39442119065862,-27.22408634792269,1
083332.92+164411.0,-23.49640634580953,-23.68090032646072,-24.106483386617576,-24.10191183037786,-24.337240609925217,-23.11764764088841,-23.207327738075374,-23.99373271350134,-24.599252751569807,-24.677846081663237,-25.53492260428188,-26.468319665030684,1
083658.90+442602.2,-24.235399540284472,-24.469261039629085,-24.73645381041333,-24.830195352179015,-24.843159474012936,-23.578551367463717,-23.621890604457903,-24.621844351578098,-24.855648358832774,-25.19600828778489,-25.618402289258142,-26.341491460316064,1
083748.17+314239.9,-22.651897351151284,-22.95296964266679,-23.300884499308903,-23.363670058557755,-23.63802805453092,-22.192783879460443,-22.31127137462267,-23.7143959043795,-23.96830667899026,-24.382282466770967,-24.718494768966405,-25.46242870479643,1
083856.38+102200.9,-23.41986576305055,-23.637559694307104,-23.910087863422604,-23.931172865781143,-24.061975241645275,-23.857470819984503,-23.708634038106425,-25.41755618212865,-25.457474477209168,-24.90712074487817,-25.29079428055096,-26.150683859362893,1
083954.90+111759.6,-23.239177956932508,-23.364374713656478,-23.653040436374532,-23.630282864973207,-23.845855259877663,-23.031815212601987,-23.11334949023544,-23.604713292592013,-23.972187634720346,-24.1589673894362,-25.41567760472366,-26.129450426069315,1
084142.32+474550.7,-23.41785545448029,-23.739776339137787,-24.018200012245373,-24.080861746952397,-24.239053985809715,-22.829518215526274,-23.16781419706458,-24.736857626176526,-25.069017570887517,-24.919542780322757,-25.56922691456142,-26.34905550960448,1
084312.42+612943.8,-24.22175896235387,-24.47502530260121,-24.95629257885098,-25.10789097268229,-25.32996814423091,-23.34562735586604,-23.750427040754243,-25.505266682136597,-25.489021507246974,-25.717124180778413,-26.09899566199617,-26.73127496329549,1
084545.94+263028.5,-23.5663233040502,-23.716022843353965,-24.06370148530573,-24.203225727558145,-24.375487506967985,-22.695221655275738,-23.357577038705053,-24.74212041458348,-25.036585682169555,-25.351101009686367,-25.951270562479987,-26.851160197423702,1
084557.21+213615.7,-23.445864325115803,-23.710993338382337,-24.143821692830816,-24.190790484916946,-24.360338741263774,-22.6182006349404,-23.00321255598525,-24.31585040094587,-24.64361581143794,-25.295700507214747,-25.31872692570956,-26.126922094322367,1
084704.39+375836.0,-23.761016690477835,-24.291089120782097,-24.61019567838701,-24.581973752939646,-24.85924986829801,-22.878797698492072,-23.82075587158195,-24.879049557266697,-25.06712836940755,-25.10997458312925,-26.00102587304181,-27.02043584685797,1
084716.03+373218.0,-22.388289508114948,-22.60981012644956,-22.937703641845303,-23.259715778931767,-23.5862943745873,-22.230054923831844,-22.388069108552504,-23.81396976740781,-24.1107530056403,-24.43892641865789,-24.71942092667883,-25.71181919567601,1
084746.06+383139.3,-23.35775632896364,-23.65363780018384,-23.975130219152085,-24.1027807581144,-24.363234422353973,-22.800421202279804,-23.016041348452724,-24.03870499734847,-24.31944971699994,-24.7921420880026,-25.44009032747189,-26.14549045269545,1
084849.61+111729.6,-23.482409194464847,-23.670798921610597,-24.05955864415319,-24.239370790567936,-24.403617986071566,-23.406686429922303,-23.248106681041516,-23.84060963287753,-24.616200690991835,-24.767665721061917,-25.76417627041252,-26.50171366577317,1
084959.50+431646.6,-24.501567675186084,-24.600530052025928,-24.9289038295537,-25.054791980381932,-25.20933175006573,-23.684762698538865,-23.808738710330317,-24.92516070071803,-25.35352729572816,-25.51468196786909,-26.096532489152267,-27.009531053922423,1
085045.78+201433.3,-23.38738915909901,-23.604186588629027,-23.89346050811301,-23.9125011022407,-24.022527988908603,-23.17747631447339,-23.374445904359693,-24.263406863800093,-24.925937505862144,-24.95283344645321,-25.40091829507777,-26.171963753087653,1
085124.45+250450.7,-22.969027431470185,-23.29257468270304,-23.78603108012556,-23.926854616229907,-24.179041561452483,-21.387402594970585,-21.921329484085025,-24.012394534323903,-24.279644056455385,-24.37391142808338,-24.8779103081138,-25.71233686191357,1
085130.67+044221.3,-24.357197030645803,-24.434474403443783,-24.723973785237437,-24.90553170078039,-25.09758697948049,-17.448214727926,-18.0361425283904,-25.152984330374927,-25.493715538516792,-25.87019836009716,-26.691618355549465,-27.67471051051195,1
085351.88+465624.2,-23.609055480763512,-23.76131537872534,-24.064663935452334,-24.04449669420801,-24.16425487538126,-22.924385360177983,-23.539241409850884,-24.44504772677277,-24.807700694003564,-25.03038364344733,-25.69265805851201,-26.631867687783835,1
085733.19+160017.7,-24.73621341550308,-24.755141681219552,-24.97962567018176,-24.97600934785807,-25.062640950250263,-23.176167847326237,-23.89691698495141,-25.032757633913004,-25.229793497691865,-25.507065356801395,-26.47944629726924,-27.33966387817736,1
090007.99+364610.6,-23.716189662999227,-24.01710374288297,-24.35477919015266,-24.46121103807311,-24.72289634487009,-24.12580063254117,-24.028133136083024,-24.320607713823463,-24.61029353423976,-24.43791036050737,-25.863069389620705,-26.73869456050056,1
090112.04+011549.5,-24.487505142454093,-24.620811602558334,-24.968518418490017,-25.138325836370576,-25.1255749610485,-23.616146492075057,-24.306788297037112,-25.23664623820013,-25.494653629976803,-26.036298475970927,-26.847185867825043,-27.741552660776836,1
090115.69+354059.5,-23.225590522022745,-23.40735345882522,-23.801636822364685,-24.007855725662377,-24.19708742303172,-22.84023315553439,-23.07520519872701,-24.586380831878976,-25.06096791386694,-24.98349477917474,-25.63941312403555,-26.471012708958533,1
090501.55+533907.5,-23.684475822687585,-23.911586717451016,-24.178089900300503,-24.25806894126276,-24.49650251741077,-22.848041330614585,-23.36352624738106,-24.46104660770356,-24.48960256177557,-24.43907624423581,-25.20987115452217,-26.057119041761545,1
090743.66+551512.3,-24.181535567590625,-24.17853623297462,-24.384079421746957,-24.32768542447456,-24.43061243300429,-24.28807295720345,-23.957917831015067,-24.49001289649873,-24.76588943042216,-25.05707968542129,-25.46894501238336,-26.423070263914266,1
090904.63+232439.7,-23.91569625087693,-24.069939063449905,-24.36646793185696,-24.414768712582237,-24.52848043526617,-23.368167682914727,-24.040844141241077,-24.73052510338171,-24.979353319584536,-25.220446904274976,-26.14883305881651,-27.063175901308743,1
091020.40+600215.0,-24.214805381908707,-24.4825409101931,-24.8456834174687,-24.941179601085484,-25.12224530865886,-22.899044917165472,-23.711719294633944,-25.50710660398884,-25.647867362352944,-25.626804426086675,-26.096537819187706,-26.964097676887004,1
091117.30+531905.6,-24.33850671110444,-24.52916428289653,-24.90564647657049,-25.03728503887333,-25.1419578730465,-22.060489733651305,-24.222800633932117,-25.35414061914885,-25.459096269148,-25.285640885953534,-25.50936871118555,-26.317657597173785,1
091119.16+031152.9,-24.33002790106491,-24.425674496547103,-24.671438877827924,-24.74943156337258,-24.813924180544497,-23.673165992582177,-23.796260158080543,-24.93652872101225,-25.365518190233544,-25.387259266746963,-26.38768041104461,-27.356181665654063,1
091135.00+293803.7,-23.326054853612828,-23.617895532348044,-24.03106761386574,-24.180083903682217,-24.435379071986887,-23.151320764427066,-23.19297935559465,-24.44720674565514,-24.756193205692767,-25.07088332146199,-25.82282520985529,-26.59134545324546,1
091245.42+213139.1,-24.43999996955315,-24.55013115457323,-24.952314183138952,-25.097808759351665,-25.19227415606853,-24.082320309772204,-24.2005421699984,-25.209919233913688,-25.41586560847037,-25.925728261102314,-26.71328203621134,-27.637018322059745,1
091408.41+164059.5,-22.76857805445628,-22.97439427475698,-23.27742574093057,-23.36489092142085,-23.54350895706329,-22.41957707772532,-22.756889830352904,-23.94679765172976,-24.431471785943906,-24.55979892715447,-25.139715407555016,-25.99423698479964,1
091418.44+130546.9,-21.93486469060615,-22.39806601823333,-22.71023465084719,-22.836822424249643,-23.080505134686685,-21.83307651169241,-21.9634570016159,-23.29509496926376,-23.613978617298944,-24.03276181831258,-23.80188871416596,-24.52607694563129,1
091431.77+083742.7,-24.34793426159276,-24.58741850899145,-25.00494032803284,-25.15532911795016,-25.32278801046383,-24.02449778563339,-23.92480317467332,-25.206010786307523,-25.498794649065005,-25.821607526774702,-26.51692596492431,-27.402061556271025,1
091609.60+000018.8,-24.28323236564876,-24.63598922323007,-24.98501473534532,-25.042325586562303,-25.31478354373296,-23.568556151050565,-24.245833865910072,-25.519386417883837,-25.398339246257613,-25.649276535876535,-25.818290163330225,-26.45562335463924,1
091615.99+392657.2,-23.604625588472008,-23.794966951360895,-24.04997614089389,-24.059134296807816,-24.31626331692961,-23.54129990939141,-23.75185338838301,-24.43539301278102,-24.9037032619428,-24.89224990923203,-25.75987968468371,-26.57228071877956,1
091632.93+080809.4,-22.845033947025552,-23.04231087514253,-23.271018951103745,-23.32820219251441,-23.536999543732986,-22.31527143908769,-22.45512348844771,-24.6136782546156,-24.666820903098305,-24.245219173200056,-24.62785066111494,-25.285600355579557,1
091640.11+341040.0,-23.84588674738303,-24.223873888767507,-24.69033937105701,-24.91403504777764,-25.20360635637661,-21.141895680400346,-23.434450714505164,-25.607605256947384,-25.959447455240664,-25.80479952815526,-26.545738701379555,-27.33133823916817,1
091841.83+192041.4,-23.815690048608715,-23.960987703294904,-24.344858066890367,-24.415160116846742,-24.49596232713602,-23.45436253991813,-23.572552655784545,-24.6314662849258,-24.808714720190288,-25.188497433493406,-25.815504000066746,-26.77924124999708,1
091954.28+291408.3,-24.091716864723363,-24.185671745864862,-24.48271911825333,-24.553376385201176,-24.594596618492,-23.92328331621388,-23.990369536967894,-24.70899674503906,-25.025927604562774,-25.27084482647617,-25.98341155373545,-26.720831304564904,1
092133.01+321320.4,-24.194604401432105,-24.442233419866596,-24.850526560123942,-24.986193424721744,-25.20177957037549,-23.996170462568184,-23.82523386683522,-24.64218144655573,-24.90225339618417,-25.14748461041105,-26.20589680427287,-26.939491387976528,1
092227.10+150731.6,-23.421817222727626,-23.55028602395676,-23.892555102064694,-23.97880666162254,-24.149663234950697,-22.847557860123224,-23.136725127215676,-23.96058356816868,-24.987544738603848,-25.258075573689894,-25.630973385133696,-26.4136703168213,1
092234.57+204020.7,-24.069530166664865,-24.23579858472109,-24.58258117079105,-24.628002716269645,-24.724739105002733,-22.973209961906008,-23.952744099696478,-24.645189859122095,-25.25687032184147,-25.448922399488104,-26.25207740050947,-27.11776770812664,1
092314.20+275428.3,-24.068514463905203,-24.180406090255108,-24.410162310428483,-24.359852389987967,-24.508313994444745,-22.43481435705975,-23.487283902591457,-24.815331279484752,-25.25010285578771,-25.251044672058235,-25.96095553739578,-26.710094901341808,1
092658.87+093248.4,-22.723073290500185,-23.020817041328304,-23.432981970996103,-23.62585036582413,-23.878640423627,-21.999464997208637,-22.17759861326911,-24.18719619504166,-24.27778566309698,-24.464954839443266,-24.43420515409921,-25.08869280548045,1
092703.01+390220.8,-24.778235525791533,-25.01607247649845,-25.397375847728085,-25.374998531540104,-25.524058371812952,-23.441334019473,-24.189337591506945,-25.914150275678196,-26.1282312162318,-26.593248228732687,-27.046099782120635,-28.02454541425647,1
092809.43+383000.5,-24.58433789498952,-24.673650271319666,-25.010753395916662,-25.03458684466385,-25.23518947896178,-23.55373382246958,-24.054236030534568,-25.025086393850884,-25.191471719408348,-25.462715601589867,-25.892795789744135,-26.77944806254028,1
092824.89+105239.9,-23.586821806773592,-23.83085055968135,-24.27080761944469,-24.370546291543757,-24.60809674810323,-22.56061955204633,-22.964062629812563,-24.981518402980544,-25.296957041674112,-25.32126517283678,-25.530064590792232,-26.30725127274689,1
092845.17+383113.3,-23.73360598004013,-23.934561125442684,-24.33269383738938,-24.39753634014874,-24.556609174716137,-22.672602693173676,-23.063562232822648,-24.84553002407762,-25.18434520074337,-25.15416582426029,-25.90087093166552,-26.746719010488277,1
093511.06+210312.0,-24.04334342202887,-24.363087338436227,-24.68740677609072,-24.83197306443384,-25.01209359678512,-21.77764044419788,-23.291455579561976,-25.100540473079345,-25.4765568942952,-25.6342784736388,-26.44724914575807,-27.40150574645148,1
093636.43+351220.2,-23.606736204691384,-23.78241232826439,-24.108758739825625,-24.20108834841501,-24.35853527062394,-23.84774214256297,-23.75849404468075,-24.12307053800223,-25.139541698191167,-25.017767947124387,-25.949359595696887,-26.63100477232079,1
093803.46+181859.1,-24.00385569350772,-24.06541715202043,-24.25534896697861,-24.25781330545952,-24.387294353754715,-21.88589275145552,-23.75942550602545,-24.832272176014943,-25.065519602640787,-25.27309909049544,-26.081074932819455,-27.076325011682144,1
093855.25+290224.1,-23.054630898622563,-23.45616831436728,-23.793145135514923,-24.028901906482258,-24.37213297574447,-21.496149732846828,-22.88439473161829,-24.790723651874327,-24.85916534398588,-24.950181598859714,-25.69333049672012,-26.416395621342502,1
093932.88+252356.4,-22.661630241327124,-22.974398493429263,-23.28468969761324,-23.3084949609376,-23.54352830766486,-22.391307959403782,-22.459771252991075,-23.17249782462804,-24.12013064531636,-23.88060452634637,-24.56459074506942,-25.38952035211057,1
093944.54+392402.8,-24.444266189449294,-24.37822526239957,-24.6011119082674,-24.51044595700305,-24.684986947824008,-22.953548554916804,-23.526481294531266,-24.21835328179221,-24.61714203249802,-25.031415779197463,-25.46580975893663,-26.352679677370578,1
094215.12+090015.8,-21.61930388463413,-22.28964607638837,-22.83868516975425,-22.9447484474417,-23.16503678446879,-20.661523708310305,-21.025436403860176,-23.412184962145897,-23.54195951782476,-23.731056510254152,-23.99142215435576,-24.400789616929057,1
094254.05+345133.1,-21.88145731319008,-22.273680323141622,-22.644673665760987,-22.94731243914271,-23.187654979195184,-20.780132105646206,-21.43096130573548,-23.45406551018332,-23.655616609800976,-23.76500353655579,-24.41836752917823,-24.921889540433533,1
094504.12+165600.4,-22.960477683815604,-23.18767908980152,-23.571310530412248,-23.78125368152631,-23.90356097584517,-21.82934495646738,-22.648232185596363,-24.388638660382878,-25.00570991495349,-25.30803343159046,-24.68618641336487,-25.410723988768897,1
094540.03+533219.7,-23.987401401353114,-24.080961260517924,-24.391987364935304,-24.629008930734287,-24.694869598564157,-23.042120594481137,-23.225209324462966,-24.70677426391145,-25.28197437264144,-25.37380067045069,-25.809628927330937,-26.70161807153317,1
094610.97+322326.2,-23.080302721139827,-23.232692477868035,-23.651523868345688,-23.71074575108707,-23.887197174460518,-22.847017180546143,-22.80291753811022,-24.075355913895606,-24.25149649855913,-24.682504696531552,-24.971246065015556,-25.79227864783817,1
094706.42+083421.3,-24.422748462734063,-24.57513645259412,-24.902802743462157,-24.95714582746091,-25.030850057058757,-22.642427289960576,-23.94046053666044,-25.42375933480452,-25.611005979112143,-25.970998432526287,-26.51413255139622,-27.483242063718027,1
094836.89+220053.1,-23.80819997883735,-24.024935920554164,-24.33024204745409,-24.293779334037684,-24.433545096422296,-23.318122453156903,-23.767742763058124,-24.42177314365357,-25.09205694238215,-24.74699575078654,-25.897198835468075,-26.64783580796217,1
094838.21+184515.7,-22.78670423259585,-22.968343902670924,-23.34448270389848,-23.47239373041744,-23.65430478829372,-22.719950743997227,-22.51875680174613,-23.796247653870537,-23.970226897776318,-24.04274872902185,-24.838105867400863,-25.65165381035443,1
094855.71+143307.9,-24.350653209752902,-24.418871289607814,-24.703802876758555,-24.79616024922899,-25.0359536745614,-23.666855047093563,-24.18248728085681,-25.31055163914728,-25.37477304851045,-25.64574881530764,-26.661482516140055,-27.465686518892884,1
095135.56+174559.8,-22.60915613990765,-23.035589875931425,-23.49158025991965,-23.563924207764792,-23.8144092738599,-21.868461998806712,-22.07164894691884,-23.697381572518115,-24.20156765452388,-24.093390692064567,-25.45405741264834,-26.3354943202058,1
095155.67+220947.5,-23.02495765098718,-23.272147303835148,-23.462456205484724,-23.55237574956796,-23.633144900634623,-23.278255609433685,-23.133573690354275,-24.05627865316366,-24.482465850658148,-24.58732395887433,-25.29257653561356,-26.142739205125853,1
095427.81+301912.9,-23.627457566000515,-23.804801465108383,-24.03605744105467,-24.0296394046544,-24.20746783786697,-23.026160987729018,-23.15861838174837,-23.782869376072867,-24.4206668718344,-24.604298369747276,-25.480972763935227,-26.333637562113942,1
095650.13+515212.1,-23.85147554297042,-24.090236818366154,-24.570547269567392,-24.848412738855053,-24.99433788690843,-22.65429262324121,-23.242308769812137,-25.060693353258657,-25.401304230381932,-25.59637313047033,-26.597095761865702,-27.54306911099393,1
095702.18+173712.9,-24.240965591589163,-24.355459394748205,-24.694703363499816,-24.811945232973255,-24.95174165654837,-23.92039592881433,-24.145787756308373,-25.04251773696832,-25.33229267730521,-25.668776586288807,-26.256492050935115,-27.20318324361461,1
095802.00+504531.9,-24.40877688249329,-24.45139082170072,-24.73467198344788,-24.79906132015297,-24.835045965984687,-22.43055641765212,-23.92190175402176,-24.744869067148507,-25.14397062523416,-25.25342627192494,-25.99534693484678,-26.938036180906845,1
095830.60+392354.4,-23.31473053341436,-23.62184733227929,-24.159891990009427,-24.307947269284544,-24.556563226063428,-23.16467263458224,-23.10577066063082,-24.47870833788528,-24.85994833825339,-25.08701271384253,-25.53969859759979,-26.441523391241912,1
095844.07+054941.0,-23.58663914347033,-23.931615041633105,-24.22109057596341,-24.19685509958463,-24.40430039205069,-22.67560657223044,-23.676268393062045,-24.669449751273337,-25.18232502557465,-25.42751837918089,-26.037616751811303,-26.84276433875171,1
095914.84+320357.2,-24.31370729690669,-24.486799821864203,-24.7651967816765,-24.78805488104042,-24.93215202664989,-24.65160480226716,-24.437521907661647,-24.78116105070238,-25.2271078314641,-25.53563965571435,-26.1846594119983,-27.05723450055632,1
100021.80+223318.6,-21.672521945509175,-22.047659111821392,-22.68683667280681,-23.062355786910544,-23.42560242027933,-21.01421720687476,-21.35567541861134,-23.663560207623966,-24.145861261186436,-24.047356734464767,-24.556553669642565,-24.99304310704118,1
100217.47+233718.1,-22.20466384366043,-22.81578424289743,-23.32361109983285,-23.480719420804625,-23.814861632249052,-21.51284410935379,-22.777466111751995,-24.86567626795008,-25.68117784805841,-25.38395683479698,-25.607704403441733,-26.31988698685902,1
100226.54+342756.7,-23.801686074739944,-24.05182386874426,-24.405009608976428,-24.51207963850617,-24.642605326290585,-23.88245417104589,-23.844694150834364,-24.94425980561116,-24.989041614640705,-24.976620818273467,-25.4934950847474,-26.293786729211668,1
100232.95+574831.6,-24.03819936663008,-24.068447239510213,-24.359850457172158,-24.51892181606473,-24.564099726754844,-23.493498183591104,-23.493280240228017,-24.70908956867388,-24.904031910138084,-25.529094154034382,-26.09799431897513,-26.96095343156698,1
100324.56+021831.3,-22.54509451682716,-22.79273316767345,-23.140607865820883,-23.27441419760699,-23.51128193267382,-22.86016742158615,-22.676842906401536,-23.82703048267252,-24.5838629015984,-24.64466392506776,-24.873239374329,-25.568489346152774,1
100336.44+224028.4,-23.64212739653223,-23.84124738042647,-24.26468245349754,-24.45435307256228,-24.71611933403292,-22.33638734451263,-22.97054372908969,-25.08531088976706,-25.83794624622959,-25.250593477124507,-26.265183740718864,-27.177098674909423,1
100721.78+611541.4,-24.09585794909167,-24.21755138351553,-24.512092126819244,-24.569113996081995,-24.69087531107984,-23.8632689220995,-24.27614106693172,-24.470250361383705,-25.0408401162423,-25.050776848478403,-26.27016984014625,-27.041623227902416,1
101030.54+255949.4,-24.477970632759277,-24.695603296486222,-24.949915869872225,-24.94606604574347,-25.179761229998363,-24.24774816694004,-24.229903413795647,-24.80487930804545,-25.024693677723608,-25.323112646628637,-26.109368047179156,-26.905027033521517,1
101041.95+363914.1,-24.16988306815035,-24.29050191534964,-24.56931219077241,-24.65326603977349,-24.86487290964305,-23.322296711230678,-23.97391719701434,-24.711850342310083,-25.019131255173534,-25.273914629385526,-26.411007161953737,-27.244256203082244,1
101227.20+345515.4,-24.263235480426196,-24.3904121663056,-24.78254005672613,-24.960407280293257,-25.01278039351825,-23.43799448710172,-24.18152871313337,-25.188090445791943,-25.465869638223044,-25.76072538558782,-26.651061893008112,-27.548118404008573,1
101252.22+185635.0,-23.589675275700397,-23.760237570071343,-24.233593306396944,-24.38289147651676,-24.59439779912496,-22.402192891455588,-23.15425832970307,-24.472386970021603,-24.97089439640083,-25.2104879062965,-25.87179537806148,-26.70974676023781,1
101326.90+355806.8,-23.617510993825405,-24.08313651710988,-24.625078520625166,-24.78796945111491,-25.075334866836275,-20.56825209243725,-22.026033916124,-25.12753689323323,-25.409947288461563,-25.598698251790378,-25.828896074409418,-26.56420648864355,1
101546.15+334806.3,-24.183621936658604,-24.23333071041108,-24.47026799134616,-24.4743616571485,-24.56341174244526,-22.934211036270053,-23.406571903415884,-24.82339199685117,-25.099884113782007,-25.52715052014437,-25.868034299551372,-26.740552506341658,1
101614.97+181504.9,-23.9262734970409,-23.9446435705938,-24.150253609706827,-24.38069994373576,-24.611580739644182,-22.75207820603529,-23.82481197720305,-24.438444821479003,-25.29991727320431,-25.347474166033905,-25.81935361011402,-26.62609019241164,1
101636.41+124959.6,-23.1170617146844,-23.21245557628265,-23.45594625902699,-23.54157229027309,-23.7561241293458,-22.821930114576936,-22.98031944185391,-23.852536811118803,-24.24235435373885,-24.430043348666004,-24.80837690881924,-25.79555973938783,1
101842.90+311230.1,-22.535830053260398,-22.73405918183416,-23.186799951997333,-23.261933035987223,-23.408254297230748,-22.24175597672568,-22.33845452498088,-23.4784515613586,-23.86808624313612,-24.364833034311577,-24.157237719117543,-24.87533330447886,1
102149.30+195903.9,-22.805231981847815,-22.869203156044005,-22.968933475816915,-22.97685747157169,-23.14089161915536,-18.24368521460391,-16.644630355834312,-22.83842379257828,-23.89913098870377,-23.67581188639027,-24.527717906752464,-25.429668621558758,1
102329.79+441414.2,-24.412151548188437,-24.37775287198165,-24.620194576853788,-24.66823100111473,-24.66817374257604,-22.741306635481664,-23.58106244007384,-24.33451393289473,-24.724598726630443,-25.188237981204264,-25.549189798756487,-26.2061486051248,1
102555.87+152035.5,-23.292973447514758,-23.52285854264649,-23.896670670361296,-23.892026087350647,-24.023635293619307,-23.03547955581941,-23.2399809464793,-24.253325439052936,-24.698309495699995,-24.563276325058084,-25.28057080462023,-25.981341483871724,1
102721.01+131151.9,-23.834143196910755,-24.126307268400428,-24.557157702483543,-24.77003155132114,-25.070385013062584,-22.810106135790743,-23.82088488979262,-24.961703245445573,-25.583799550124105,-25.29837112922363,-26.296278075997986,-27.01612438901838,1
102750.57+073315.6,-23.835021198677527,-24.03606320354913,-24.330075496421816,-24.3772340634618,-24.560408433881395,-22.927405194396737,-23.37585450013672,-24.765300330634403,-24.817687350990507,-25.291720080982827,-25.122733448825965,-26.2125334550455,1
103024.95+551622.7,-23.72853811509177,-23.93627528390603,-24.424192651596268,-24.564553314337655,-24.847501828020075,-23.605065826330865,-23.43817735647009,-24.54946756701785,-24.786548671512847,-25.22108941826361,-25.888480945148665,-26.6940294887765,1
103045.22+255522.1,-24.30719375704122,-24.50263849757288,-24.92041404088664,-25.166767761249357,-25.32665292971342,-23.104709207482152,-23.833727501230108,-25.57080145363984,-25.771009433031765,-25.91749187318672,-26.193327115055645,-26.925260456196053,1
103201.26+475703.5,-23.45724168631351,-23.641159637398435,-23.98650314624329,-24.00820916512404,-24.15093629155858,-22.43983777053764,-23.20292305409969,-24.57744542290863,-24.93742775283764,-25.020533948381036,-25.421071138573136,-26.25326230581813,1
103212.97+152729.5,-24.94699048975236,-24.99363560966336,-25.27645567737196,-25.318873120796084,-25.36855134792924,-24.8626069817037,-24.720500692206905,-25.47697194036636,-25.668590255182163,-25.551112288898143,-25.68115145199197,-26.392296556634832,1
103402.00+261036.8,-23.92969027366608,-24.00295261783457,-24.35622697771202,-24.453450796066218,-24.632680273284,-21.8892197819922,-23.78317525906225,-24.781440971578817,-25.416330601790392,-25.120598107024502,-25.87274656790765,-26.838931152658613,1
103440.91+443105.0,-23.915101173249173,-24.0991021516786,-24.35262826528262,-24.361221573925555,-24.56923972039499,-23.944106223026623,-23.95562581753552,-24.458861350679832,-25.06624651739183,-25.302271683589723,-26.144633124284443,-26.953711731640677,1
103458.42+204912.2,-23.475256551364296,-23.5961688443023,-23.8790483965772,-23.903860011107525,-24.079843623475423,-23.448551680722066,-23.39294686269744,-24.062347337662207,-24.715395819294876,-24.9980579230771,-25.526363867520757,-26.291768668943146,1
103501.06+171311.5,-24.092152375919213,-24.269874165548607,-24.61136201632536,-24.902397423333024,-25.02608783910443,-22.65189290293171,-23.81565356602148,-25.04551056076533,-25.53958650599183,-25.28015233957117,-25.966731336892963,-26.87867695681212,1
103645.15+370701.2,-24.966340730501702,-24.99600435247173,-25.29973873412384,-25.31177713666484,-25.396917550574592,-23.792464766392083,-24.44383554658612,-25.34372921938371,-25.479291599811265,-25.796732458983037,-26.44936826322938,-27.385927153917702,1
103843.88+443439.6,-24.297489652543536,-24.292887179361426,-24.58610691369423,-24.66617666211536,-24.791251205965096,-22.810247870312928,-23.47690541673436,-24.705673165128974,-25.038969088465272,-25.49644224842732,-26.354837913005504,-27.369789598897807,1
104053.02+212058.6,-23.287280978209424,-23.42934665601006,-23.974196527525677,-24.02418332970239,-24.20778137376536,-23.14109215123936,-22.996382365831145,-23.9103773807504,-24.37367636144657,-24.81363261919794,-25.32656890397699,-26.11264473316271,1
104457.91+083214.2,-23.550503968321376,-23.934152083639223,-24.18137025183025,-24.164831665701424,-24.383733038488984,-22.155700112793717,-23.36371567347364,-24.84230021492723,-25.384056142474183,-25.354522261831416,-26.02669173541782,-26.92447121241953,1
104845.83+353110.7,-24.1289352967412,-24.40928575222314,-24.71438762345123,-24.96037264255436,-25.22545089692364,-22.497139336839737,-23.451092970252343,-25.23568430461072,-25.74437572052564,-26.001197281215013,-26.368765896691173,-27.224033181213017,1
105742.11+651814.4,-23.006571432819296,-23.24357691735562,-23.58801114820804,-23.662021192577832,-23.85347349038171,-22.39556354961271,-22.69885436536018,-23.76405083488299,-24.147128966831133,-24.620509439229387,-25.063761890517643,-25.82656575822256,1
105945.23+144142.9,-24.45803059903672,-24.644802286263342,-25.041409965424627,-25.22825638420582,-25.34890737292763,-24.715907941164136,-24.58888277583709,-25.66039041543892,-25.82726573992711,-26.32629953713624,-26.62402192613952,-27.524755907789952,1
110046.80+345502.7,-23.86745239716196,-24.01954660491711,-24.39573321698041,-24.491915747712632,-24.632477103374377,-23.80554198109397,-23.76156731391475,-24.29318042161003,-24.672845929421214,-24.777857805570697,-26.10935061426462,-26.913543184720684,1
110057.35+213109.2,-23.7470713176724,-23.783849003789367,-24.05546590973058,-24.20228971966409,-24.36110902637515,-22.73581154526851,-23.06620022933454,-24.014928431910185,-24.352505105458185,-24.70393227031087,-25.64738358018441,-26.483259126289997,1
110105.95+465159.6,-24.209643207664826,-24.336390370439428,-24.756363587401648,-24.95355228536217,-25.184032810501567,-23.80703155253094,-23.938940657919492,-25.4047371451766,-25.55157435587387,-25.85562420023806,-26.649611605328584,-27.539844316385462,1
110250.34+454230.8,-24.178246329725177,-24.26143425680685,-24.56962952614373,-24.699017643591343,-24.79086438481625,-23.702579200091943,-23.93036069150709,-24.91680185974337,-25.02056738387505,-25.39772634279393,-26.409659622287656,-27.31114920483848,1
110303.52+115816.6,-23.076316930928787,-23.321955892793937,-23.64295947139169,-23.823497866628134,-24.191494129712204,-20.918719914040903,-22.75147053744284,-25.012187078652197,-25.426710127840064,-25.48352309644835,-25.68346304579024,-26.3814209110236,1
110327.43+294810.2,-24.403995663972392,-24.420673978174012,-24.68334462351858,-24.750017242983485,-24.839815819856977,-22.962770483138943,-24.21084146292327,-25.06160913284611,-25.341498557371253,-25.70552536084343,-26.080002238124575,-26.87563888339595,1
110539.64+041448.2,-23.339971233075143,-23.651748356734497,-24.18742950267885,-24.315685311751245,-24.55904301709138,-22.83848950090252,-23.128273724980637,-24.519565651494656,-24.49074995160529,-24.875046117671243,-25.10594314426445,-25.704687546625063,1
110628.80+114336.5,-23.909284709852987,-24.018473595299216,-24.414204605644382,-24.52787988467441,-24.72523124872953,-22.89156018836546,-23.79849628658083,-25.06052052392804,-25.2647772344243,-25.38139364545787,-26.08584151293169,-26.845066750422877,1
110704.52+320630.0,-21.859555017958755,-22.148289371613014,-22.81993497543232,-23.024923190560425,-22.95513675802188,-22.082162007042555,-21.78237443869038,-23.306299584576145,-23.64896602160314,-24.009466533819047,-24.51018788799447,-25.32783412515498,1
110705.74+105746.4,-23.81205678028036,-24.03097280450265,-24.414024756449248,-24.52131386794205,-24.63126683913173,-23.4617731112157,-23.42566611226881,-24.428921813362983,-24.733671040851643,-24.952000624953,-25.92403260078939,-26.749447548728448,1
110715.04+162802.2,-24.717802627773544,-25.035606709465107,-25.40259160363784,-25.454464619686533,-25.635155286188617,-24.685551475638327,-24.93896110256021,-25.99161597269415,-26.221737273497244,-26.426596078011443,-26.37621541124642,-27.28709711730407,1
110913.60+044503.0,-22.9178894783134,-23.413157843258844,-23.741951637741007,-23.861279009246424,-23.97760484733658,-21.60173138876984,-22.394045754339736,-24.268716299629013,-24.93147379341955,-25.050666844767782,-25.90645399551615,-26.8261095631594,1
111138.65+575030.0,-23.339833829738836,-23.52922354870081,-23.935189729329096,-24.012621874455807,-24.14346736114288,-23.11559235129531,-23.121391969869453,-23.81668843498789,-24.089688102500546,-24.45139549980041,-24.896065169734904,-25.829257313219934,1
111523.70+615654.0,-24.005442345724614,-24.190842227518875,-24.601177083710244,-24.75656480566266,-24.824717940066783,-22.97606370094801,-23.53920397618461,-24.829263567322734,-25.20258554180779,-24.54667376177017,-25.896749604865995,-26.80416798419734,1
111527.15+222539.9,-23.2672883733235,-23.281763628089863,-23.4681311929531,-23.41854835829688,-23.62884542678197,-23.402354409605028,-23.419789669470354,-23.598178315718137,-24.45857168416571,-24.47534985194565,-24.94845606188839,-25.685009391599127,1
111816.35+173846.0,-23.789365255057643,-24.263997912540614,-24.859019360986338,-25.196595571717538,-25.52339985359555,-21.839895069567923,-23.040325576239823,-25.43497220539788,-25.398856021898386,-25.83241672500444,-25.967936803866063,-26.562712289858677,1
111909.51+153216.4,-24.3968938543232,-24.730617783459135,-24.92956525492548,-25.157582965672773,-25.329513385973595,-21.78863982164877,-22.945151643413457,-25.23872076771648,-25.620062882620388,-26.067756289203853,-26.702350964965408,-27.64374897943415,1
111955.86+562910.2,-23.925229988888315,-24.019287788289105,-24.41755917788477,-24.53324589510872,-24.640404684932808,-23.251584496572992,-23.74014362466744,-24.627080087923108,-24.944038055474323,-25.4589067537352,-26.04664003793051,-26.921553189698468,1
112015.89+660744.1,-22.3698311672153,-22.58739086175179,-22.97842135744194,-23.10820478293423,-23.354425952500613,-21.68986034685225,-21.764980103693457,-23.52003566651051,-24.20980462642964,-24.641763950263936,-24.326812874512616,-25.11068614739132,1
112158.36+651716.2,-23.666648820792027,-23.95531381770628,-24.37517868722901,-24.409672521867712,-24.551464016572712,-21.371225871269704,-22.03670308002914,-24.35902947614486,-24.600555038254807,-25.030638114183184,-25.807003026294808,-26.751386538009967,1
112211.55+423709.4,-25.11456665239688,-25.188507154991814,-25.363141982156957,-25.370066754812463,-25.481054825402644,-24.14542737456577,-24.83633867148941,-25.79934660121523,-26.08172096870727,-26.343566556808646,-27.12251032865832,-28.014835717228117,1
112321.33+541118.4,-24.943396794016547,-24.890649039584336,-25.07089847023275,-25.19630818882297,-25.31993837618208,-22.610767124804127,-24.29155343785866,-25.195617343338323,-25.695837178631145,-25.6666009841384,-26.063851408815484,-26.946504143597053,1
112511.72+565503.1,-23.56318112997964,-23.747078149905324,-24.036466160857128,-24.15368687745489,-24.25474515849376,-23.782527327554863,-23.75865261935868,-24.4366180957334,-24.64763800213938,-24.95174375431729,-26.180252408778955,-27.051443855340597,1
112753.14+320437.6,-23.615082869847463,-23.857966526882784,-24.31047834674639,-24.51075323513869,-24.72876507618836,-22.778882360427325,-23.25766422552635,-24.860934229895864,-25.20411293994011,-24.92077858017428,-25.11359690706826,-25.85013542822075,1
112946.01-012140.5,-23.8044305428344,-24.14866838271559,-24.493879695402303,-24.521922410243647,-24.729104418235345,-23.610173099320992,-24.209811849809427,-25.02757472355919,-25.300502186132707,-25.32277782919664,-25.785123576636725,-26.546659516420185,1
113331.00+564542.6,-23.83241674978457,-24.00461794105764,-24.362267575536023,-24.54808468567653,-24.64029258821561,-23.420085035430382,-23.91217762390275,-24.59346700595144,-25.10439047295773,-25.39773117717399,-26.350869868218357,-27.228055286213564,1
113517.40+581258.7,-21.1371952783762,-21.765265172410945,-22.27839950069071,-22.517427443504875,-22.772728010722563,-20.56386193018863,-21.033074039401946,-22.732874511833003,-23.09845787860953,-22.910466559784656,-23.43618779034967,-23.95834485366495,1
113635.95+063113.6,-24.01926091690886,-24.20271905996176,-24.536748585293903,-24.585151697266305,-24.778688422747315,-23.701231175722747,-23.694028708849626,-24.71046944747969,-24.892900158365254,-25.07129252335873,-25.67498309315264,-26.561553347961866,1
113923.66+002301.6,-23.707393218473136,-23.90977690203571,-24.198524827423743,-24.26820871340566,-24.487443292382164,-22.241108667630822,-22.89890794490904,-24.00715802979637,-24.73765817025061,-25.026120124594737,-25.75585398094948,-26.68955354452225,1
114022.41+081519.3,-23.586107606559967,-23.89432481209356,-24.22498594866427,-24.28853689067779,-24.52889217900644,-22.709799029426005,-23.639587157521028,-24.960914054841226,-25.22174788835674,-25.781274721829007,-25.535324407268096,-26.340589127929714,1
114313.45+002937.7,-23.11109233014386,-23.4573982011174,-23.8345264475947,-23.87634575794644,-24.08731682040628,-22.47822337853645,-23.026276076235067,-24.539304122977,-24.80035019474336,-25.38259947350508,-25.22985229790573,-25.989895874174568,1
114315.75+111351.7,-23.504323406803746,-23.680054470281952,-24.03733872842242,-24.07785171843963,-24.225532126491228,-23.441813437434696,-23.09368411395189,-24.413337123018668,-24.51718732435514,-25.119411064076637,-25.41026160657329,-26.2697051906424,1
114337.89+231502.4,-23.94006541959978,-24.20279137708356,-24.569062762576955,-24.681452866467723,-24.816247503531088,-24.044056901688023,-24.41767887580368,-25.24247476611044,-25.226648683820905,-25.349300893508,-25.77275609977561,-26.4219264290123,1
114435.62+463757.5,-23.962113755434373,-24.24492782371245,-24.70333022650918,-24.968509838475292,-25.06302325613334,-23.63083142575126,-23.505917249505075,-24.930515606866447,-25.174714441325516,-25.565309164030136,-26.46258756804472,-27.382358891327343,1
114639.47+295404.5,-23.673869897998607,-23.885916485346797,-24.232397401685454,-24.277788833583703,-24.37581585583408,-22.724705761319168,-23.425149560669613,-24.30829166729097,-24.64178552299717,-24.865003901043256,-25.52159625356868,-26.341298748053152,1
114742.64+500001.1,-24.27681850976855,-24.35785441215956,-24.64058918653916,-24.696140336204028,-24.825534587075783,-22.655748475671277,-24.12857530267801,-24.818795603469663,-25.549339913602964,-25.480754610858444,-26.017048855780462,-26.97273587686785,1
114839.99+510937.2,-22.085017841752848,-22.292211864363708,-22.56470689169424,-22.648375305770013,-22.702318658721527,-21.150365504878028,-21.58522378670935,-23.09506948315649,-23.20720987504764,-23.149769963722765,-23.79714601550667,-24.43533612482949,1
114903.47+220424.3,-23.901601064712825,-24.10380795309021,-24.52225319491506,-24.679137687812705,-24.777497798407133,-23.590203579264035,-23.706000791419434,-24.78036572774973,-24.8535349921144,-24.72821462372293,-25.784841262567507,-26.66590270713694,1
115353.35+502633.9,-22.80129487274966,-23.18630630085115,-23.61419740507796,-23.727406206290667,-23.92285697109898,-20.25949868476493,-22.00775467543737,-24.4296509109366,-24.7822964997588,-24.904617182132395,-24.6058543976366,-25.132495297648376,1
115412.54-000153.2,-24.34620703993195,-24.483356379792347,-24.782826894449837,-24.92381758796545,-24.986897464288788,-23.800819324904435,-23.955227863942515,-25.09229085875393,-25.21597785636804,-25.74119468238256,-26.53178799735774,-27.439583471501177,1
115426.59+583153.3,-23.70893281813093,-24.15277159909457,-24.655373780823503,-24.89534140259107,-25.15186416107438,-23.00211925945977,-23.668579715499195,-25.52224548522837,-25.655042359539102,-25.764942992015104,-25.795464897256597,-26.31788182968501,1
115651.65+115636.2,-24.596066862024223,-24.856156676130663,-25.21639035497966,-25.28890682464956,-25.47677007628092,-24.04322858769449,-24.22099356272864,-25.55498350868138,-25.716446921570185,-26.07716528072898,-26.45869772357895,-27.296271610477504,1
115847.39+271342.5,-23.654785078454285,-23.61125653516952,-23.93489733925956,-24.07690999488589,-24.192552459516342,-23.672843049518885,-23.423116806482568,-24.57297920434927,-25.16873391095799,-25.088657308022896,-25.556060366842573,-26.393472699957265,1
120608.65+442300.7,-23.567264588431293,-23.92837589028916,-24.38185703389266,-24.600775354044917,-24.86237716093072,-22.45566408546034,-23.557152546880552,-25.347923295231844,-25.300112767784988,-25.2913392530486,-25.27552009057034,-25.944843345393387,1
120934.19+403425.1,-24.030892189950205,-24.10636640795031,-24.385033403373303,-24.399953834310946,-24.49263187846247,-23.83640865842748,-23.78317485178823,-24.284031122777197,-24.59111948955351,-24.729818198063622,-25.78236315542962,-26.632512374505403,1
120934.46-022245.3,-23.494618402903964,-23.67895414103659,-23.95989278267537,-24.13295341936441,-24.273688771044142,-24.30288033983121,-23.98627759570136,-24.367939355397883,-24.715749744356685,-24.82687531684029,-26.13422211409576,-27.022607155180825,1
121032.34+450020.6,-23.69214633375865,-23.816401500586476,-24.15733486383452,-24.244380497145983,-24.514739071048623,-23.116469999726892,-23.272342641635408,-24.48491155991877,-24.591458267261736,-24.744800400140807,-25.199717731967876,-26.002978852066565,1
121427.00+350907.5,-24.263818359430807,-24.409469397268754,-24.720494606296977,-24.89442077967527,-24.988369543622813,-24.08427978322733,-24.327574628468472,-25.06770769747044,-25.19928308178847,-25.717167494474182,-26.44962586206116,-27.35185989289821,1
121430.55+082508.1,-23.98264502434378,-24.26471287283436,-24.579322741051428,-24.659126743127658,-24.837408617971576,-23.328501801762204,-23.871743690533886,-24.984804820615945,-25.17161444481533,-25.147950180080848,-25.76573411840914,-26.5419779760976,1
121509.22+330955.1,-24.838142164513307,-25.048609306064897,-25.37909094703013,-25.33776246565656,-25.480727990625955,-24.865070377058156,-24.877694339251843,-25.51366136220244,-25.689349980741184,-26.01703540866836,-26.76351229715037,-27.603494894389097,1
121509.95+462715.1,-24.153453521964675,-24.355292224821746,-24.64308259959488,-24.59830919422442,-24.78982516344378,-23.026820214348685,-23.793160753255933,-24.772561216725496,-25.270330309412383,-25.254251076782385,-25.77368286161741,-26.62927543285465,1
121537.41+471353.3,-22.847311463090183,-23.187743928443467,-23.83620889069901,-24.027863625462228,-24.153634149905525,-21.75570839335579,-22.006406145264386,-24.24805847225312,-24.842808647166997,-24.895974918167763,-25.416234763733264,-26.39114268189364,1
121707.70+604850.7,-24.4450760751432,-24.650594571864524,-24.950641229338736,-25.06860380556459,-25.18723314572141,-24.066746843664237,-24.505683696745905,-25.439982632087787,-25.59764715543369,-26.00554158284171,-26.724109438694587,-27.57830636749972,1
121756.87+252927.5,-23.24200254867477,-23.46997309549079,-23.86478740391375,-23.904730230784384,-24.085795823404755,-23.06567192449872,-23.442536785763316,-24.031652542245897,-24.4707817104294,-24.663619879787472,-25.266180456163305,-26.0831173436248,1
122039.35+171820.7,-22.62734902295189,-22.782062036371805,-23.15749114925431,-23.16965006595525,-23.32180196638192,-22.70011811703616,-22.76003704087017,-23.22893329396643,-23.88898189613064,-23.81862098866883,-24.335233226707803,-25.0136010051718,1
122115.32-020253.3,-24.235122148768657,-24.35599682419836,-24.676768639438237,-24.68086127923271,-24.819145925994345,-23.31130639257185,-23.972899209049817,-25.002763557086293,-25.11427144715091,-25.46302818401682,-25.718925236447596,-26.602522191629387,1
122210.00+271902.4,-23.77702803206556,-23.9042132396508,-24.257381335706988,-24.32373394477724,-24.56133471453915,-23.725330313927262,-23.720693077214637,-24.315057916009216,-24.58108151502496,-24.72398405656131,-25.347210956120048,-26.170045047026484,1
122346.52+274232.6,-23.68287631190577,-23.72036263294332,-23.999640628259428,-24.074864144417965,-24.13476506002609,-23.54458976243464,-23.44663024533737,-23.559087299968525,-25.05953329531069,-25.13077685038417,-25.984805140209364,-26.83342056543748,1
122525.89+305920.2,-24.446205033508832,-24.51545464106778,-24.77351692627829,-24.91553463678129,-25.04414498439685,-24.165598928045164,-24.33239978124133,-25.075307265906023,-25.34796459036698,-25.763867018027504,-26.854966349960225,-27.8040184359612,1
122631.50+205522.0,-23.675821054760497,-23.891457677517263,-24.28166338051321,-24.39141554394471,-24.51114982463324,-23.598358380111048,-23.44234960529695,-24.691255992140285,-24.9020049999958,-24.98516441659789,-26.17639348514067,-27.09029660386764,1
122644.22+063853.1,-23.947501221810285,-24.025979783684846,-24.639051677884343,-24.786120294389807,-25.236468097538687,-23.191762352071613,-22.681866049372186,-24.803165815630464,-24.97303263070575,-25.381084988214965,-25.159602741516235,-25.475807098372407,1
122811.73+202352.4,-23.948433300083835,-23.97404393901656,-24.37804098680171,-24.52584268950627,-24.73825007582203,-24.0000357024718,-23.911819648628523,-24.74542695267492,-25.378326643806226,-25.265159157787508,-25.554843344677067,-26.29261471149661,1
122855.08+671927.2,-22.902546098082663,-23.2505259438267,-23.745463781730123,-23.91975586193542,-24.069649869366614,-21.60723334160627,-22.23427313687261,-24.094711167734022,-24.93947526153048,-24.956429806338697,-25.848645480639608,-26.76214962714183,1
122924.14+410509.6,-24.431897503610596,-24.55357002547433,-24.83490692001833,-24.956749918074877,-25.022066760487725,-24.01814392533693,-24.0458459073259,-24.97045535343096,-25.162675321412262,-25.432715670344678,-26.134259075339703,-26.99585421127569,1
123118.08+552825.3,-23.46370856712508,-23.62642990034758,-23.85003366056085,-23.877757967229616,-24.043497592443785,-23.085761275717136,-22.833128257262267,-23.956614338737023,-24.969184984579467,-24.89328561985236,-25.37842391945478,-26.22793368798731,1
123229.69+641115.1,-23.68446858444896,-23.825611620021498,-24.16049488166185,-24.40887451403796,-24.481230630685182,-23.434295853854707,-23.44591190540457,-24.910736982233814,-25.48568860946326,-25.014114866360625,-25.71081328388481,-26.588415418990603,1
123247.41+203745.2,-23.172926899193317,-23.33540090775353,-23.655370145836283,-23.65318108067574,-23.88389940413593,-23.054708373110035,-22.982344028159137,-23.90611575594374,-24.202883398895885,-24.22473059626976,-25.293860807583908,-25.996541814393414,1
123304.05-003134.1,-23.24801370959872,-23.348166263767023,-23.66629798241131,-23.67954918094216,-23.87839785824516,-16.8834976486673,-14.639177411141826,-23.827932397177054,-24.348505423587167,-24.48609363444809,-25.18767147580979,-25.92480552821165,1
123348.24+060056.0,-24.540710023531048,-24.73222668933369,-25.07684298380052,-25.161588806926044,-25.43152380519392,-23.62551333008372,-24.23390035670463,-25.68036811357897,-26.022426283581307,-26.128277441636573,-27.135419629058266,-28.07300627376819,1
123413.32+475351.1,-23.158115355099604,-23.622034591181706,-24.14701288821114,-24.247425704556733,-24.50404189921972,-22.16614966554314,-22.52708079138932,-24.660888125484068,-24.63811520362918,-24.815846639084167,-24.94755941601496,-25.799003796226074,1
123632.10+494851.0,-22.903506469526715,-23.11147083086746,-23.38228150346547,-23.400782794340863,-23.68898523314789,-23.097567416955503,-22.83588362122021,-23.170062428243437,-23.844870183034736,-23.889757259771347,-24.6064262269496,-25.40746383536464,1
123848.61+614354.1,-23.54362737107278,-23.893822119396848,-24.268653486044943,-24.435286939998065,-24.61629046114184,-23.179973394657576,-23.65823242942082,-24.90116763785321,-25.32129123717857,-25.54215137340084,-25.306452551054647,-26.00508089049693,1
124035.60+502846.9,-23.89988029580758,-24.030491706629093,-24.37775700119353,-24.46300510187131,-24.59820073103661,-23.72542342774255,-23.63502815759761,-24.616020154928226,-24.91569832137392,-25.02155567760784,-25.76466867647767,-26.610781727385987,1
124044.68+330349.8,-24.426796212758173,-24.571357844975893,-24.911905189140647,-24.957204120838423,-25.15444440785069,-23.583288282919696,-24.297382183648395,-25.3342455311691,-25.420127854089625,-25.657035252061466,-25.955062854702195,-26.57769947019596,1
124307.57+353907.1,-23.828407778588304,-23.96700874070433,-24.222390681955343,-24.261156042496594,-24.41736914894361,-23.740145910658637,-23.454835639827763,-24.600576477231886,-25.13018428442921,-25.208084644710187,-26.057338655808238,-26.85511911270768,1
124307.85+345943.0,-23.810623827425477,-23.90567125302005,-24.13985068939456,-24.15442490640924,-24.342968251190783,-23.463693565275765,-23.56826775904322,-24.246128830064787,-24.84149481180313,-24.943544442568207,-25.804437493334028,-26.58129843567293,1
124456.24-013933.8,-22.9663202749689,-23.330107598866903,-23.67382050791045,-23.812714608497927,-24.087424036056223,-22.537307281703782,-23.00151127985593,-24.06140984745614,-24.29196678402454,-24.761151038915887,-25.521339907844457,-26.52335261208072,1
124502.76+380514.1,-23.566537022453428,-24.02756241977586,-24.505852619737443,-24.704837903106565,-24.94257593580317,-20.92616538657081,-23.28427997964613,-25.1078281978102,-25.50188990788997,-25.44652966125338,-25.38629023370769,-26.07177465530117,1
124511.25+335610.1,-24.83865371872136,-24.858490154246606,-25.14846802819019,-25.376136152604232,-25.48175413481485,-24.02971753635721,-24.42674539020478,-25.37499303748204,-25.61205785594277,-26.00605044145605,-26.679284090458324,-27.56634150658065,1
124554.10+294801.4,-23.96382087925291,-24.15275479929327,-24.582103840179347,-24.73013271319341,-24.90352575962657,-23.399217886956663,-23.967839838133266,-24.819819713485963,-25.28451949381745,-25.556192799149727,-26.209190264825704,-27.16241886364477,1
124803.81+122807.1,-22.82411604080353,-23.231170631198736,-23.43439054849184,-23.49183253747126,-23.607931112693866,-23.56853845958588,-23.67974176409384,-24.069109170859573,-24.42526188893961,-24.61234697136668,-25.263987393791005,-26.075245307229157,1
125001.99+175302.3,-23.543312848289133,-23.75839192504705,-24.127032445161124,-24.302604382059567,-24.37718224561952,-22.11037933990476,-22.81788815059341,-24.360149305470443,-25.10285014034337,-25.42260707886833,-25.924133692163885,-26.846918818645538,1
125304.50+024704.4,-23.28612676511573,-23.483552691061245,-23.69818243060877,-23.71410758521931,-23.86854623167328,-23.482409429402782,-23.2932465067004,-24.091534060099445,-24.51675483313339,-24.68767210022316,-25.237600453827092,-26.133000383832275,1
125415.55+480850.6,-23.555367379598376,-23.85343057791149,-24.12430834566305,-24.162866485128045,-24.3583540619501,-23.371931249418168,-23.239425770246065,-24.05502552371135,-24.934484402650423,-24.928454698070524,-25.781664996523972,-26.616822994546556,1
125716.34+511758.1,-23.325576720588828,-23.594466380834483,-23.915865692439528,-24.01525426452852,-24.255592794744228,-23.75181566910269,-23.628781215433825,-24.21926273883346,-24.85957276822317,-24.806305098509075,-25.37634946553118,-26.10310164369501,1
125901.67+413055.8,-24.81762133352834,-25.02829161726768,-25.45679216310141,-25.617523965936247,-25.738754849570057,-24.269597401542452,-24.415486657939503,-25.897070237867368,-25.863920215603425,-26.15791940012572,-26.68517451225452,-27.327356996909693,1
130028.53+283010.1,-24.40465527162284,-24.57636429759886,-24.89197384650531,-24.880703379013585,-25.04638593292951,-23.21321381271372,-23.89750753109037,-25.124526410094333,-25.359099526758893,-25.730327107273467,-26.21541202395101,-26.904626797873696,1
130058.58+193559.4,-23.10272522027776,-23.324664982016284,-23.74951657847579,-23.86428447892417,-24.09219631956161,-22.33191489285621,-22.735203163295825,-24.314004957535417,-24.47856612453648,-24.658564566189533,-25.36126827834067,-25.996206397056017,1
130111.46+340629.7,-23.900448304195496,-24.227250016458942,-24.65350990891641,-24.99986641431126,-25.205948884266743,-23.18069095631757,-23.70091239234243,-25.545664303362766,-25.79087802699011,-26.059915700794505,-26.39174425194913,-27.30367615621583,1
130215.52-024518.2,-23.67881904169033,-23.8198361164026,-24.12415129750533,-24.15968762310724,-24.30952857850784,-18.718972430251373,-16.392953250983894,-24.03210473844848,-24.532213716916697,-24.83051869596637,-25.466710848193458,-26.31291949903049,1
130236.35+305146.8,-24.221889707202603,-24.396857822361987,-24.730481792189867,-24.895866766252936,-25.121034425330382,-22.305832782678664,-23.803333755047937,-25.138479054754782,-25.66100816747232,-25.863083141746294,-26.450097205267987,-27.23422790719751,1
130255.44+241210.2,-24.20476287804564,-24.254893896393003,-24.60594542103204,-24.523793928151623,-24.67722744303982,-24.337518032023883,-24.25278204779704,-24.73869503468956,-24.942525023359167,-25.220196584862737,-25.37770200173703,-26.29700142764389,1
130307.72+194236.2,-23.33735680099693,-23.673856537078528,-24.040438962614324,-24.015176564338294,-24.14066934837266,-23.339600544344243,-23.65377697453276,-24.252352771168848,-24.8763153196149,-24.78227688423897,-25.7836441901164,-26.51657056364147,1
130343.27+070947.5,-24.853452636928484,-24.891797518147754,-25.162120174564254,-25.184815379306887,-25.3097709921671,-22.6571680874686,-24.35595535244821,-25.36561143951036,-25.543885581725643,-25.73872760034899,-26.57395038280923,-27.451235614816664,1
130451.41+245445.9,-24.051250808412004,-24.18471493722876,-24.444321577296385,-24.43271155833077,-24.593786420962186,-24.31984725840548,-24.03931317105304,-24.733953139128012,-24.72653192003853,-25.137671849770232,-25.52588655064025,-26.449205881573857,1
130501.45+381034.5,-22.8227767886337,-23.0150318938415,-23.489718667999625,-23.722168803918372,-23.951921078005444,-22.260518537335457,-22.40005853565752,-24.07733120262652,-24.54700319639944,-24.503108651130223,-24.86441266680728,-25.616276363322893,1
130522.74+511640.2,-24.44124068194153,-24.567788565465744,-25.054255990218188,-25.23980496002689,-25.34548133824224,-24.023891650541955,-24.369645281626767,-25.36802498041657,-25.798107786467043,-26.02101719961192,-26.57807295717796,-27.559528091296205,1
130554.16+014929.9,-24.0075216376538,-24.219095734114955,-24.56908683788121,-24.547681983769756,-24.802713028407545,-23.98698625940781,-24.459836658459118,-24.97230255603228,-25.349698718838678,-25.18267428010219,-26.08029567451756,-26.843180419045822,1
130608.36+342042.9,-24.40772248085168,-24.581213855149965,-24.87320479846591,-24.93768515794643,-24.998882259951284,-24.26029360722306,-24.563805360845112,-25.32383706541764,-25.49587814674375,-25.42614864057283,-26.3896849874604,-27.15651701648204,1
130915.37+050120.1,-23.4061232310641,-23.864275973700423,-24.27192455173617,-24.350658934602496,-24.50076626665101,-18.08470995568937,-18.252461422921023,-24.71672640068109,-25.06784984018068,-25.176199581784875,-26.15809091312523,-27.03809043009407,1
130956.19+215702.9,-23.71415743781021,-23.79200482831053,-24.06505049825693,-24.071541465057678,-24.232740516407496,-23.72573157140981,-23.352721603030627,-24.182928793073003,-24.632335833309053,-24.70087188758484,-25.6757854726302,-26.49897199385928,1
131116.86+142612.9,-24.649642898801265,-24.75087258768044,-25.153102978181,-25.07281979798353,-25.252593506606672,-23.65037364360515,-24.185673780640897,-24.76112372900995,-25.03136392623008,-25.281657542320037,-26.054862718336317,-27.10832410326785,1
131325.26+194612.1,-23.501694637131127,-23.6369378928833,-24.013780305336983,-24.13783440939953,-24.258862439899477,-22.9774532066112,-23.280708498923463,-24.57619733622667,-24.91665955863075,-25.05439853956159,-25.84478985364672,-26.62360547997501,1
131413.39+434416.4,-23.70028774423735,-23.922014885989263,-24.33743984558248,-24.50928112401784,-24.69929103145037,-24.014110463095125,-23.763134246669743,-24.69872450698,-24.87668779086988,-25.22159564316868,-26.09215249886632,-26.90160937930672,1
131831.22+031948.7,-23.53340310704152,-23.687134073147654,-24.02631213797566,-24.085198513260615,-24.27489903896288,-24.0404407626882,-23.7691877266374,-23.91956557747649,-24.6791022172286,-24.926730470604376,-25.807683198738868,-26.729903175885035,1
132052.19+574737.3,-22.818677838502108,-23.20303843952609,-23.911243918904965,-24.06458073283736,-24.31876694398403,-20.75861204098736,-21.57447530407025,-24.11382428179991,-24.18694935553684,-24.33819654351568,-24.21270884934002,-24.907860418408525,1
132115.86+284719.4,-24.65616801881757,-24.74215882464617,-25.155287662942808,-25.2629856573098,-25.418623883004773,-24.44222742652914,-24.311146016130945,-25.36959365587833,-25.75459654567901,-26.16179722560009,-26.653363044249613,-27.568631253362707,1
132147.96+191647.3,-23.85754549932386,-24.058969353507305,-24.553183308429084,-24.78598848052852,-24.93761482878179,-22.63219318581934,-23.70284403428641,-24.876662190803444,-24.92634027433869,-24.851251664647283,-25.656160655272064,-26.450936681818945,1
132201.35+495835.0,-23.599297735550465,-24.06071600061637,-24.42288621209889,-24.777502800321823,-25.17071286836661,-21.819636927589315,-23.638185048604544,-25.634875159629857,-25.46769929157243,-25.7067662863105,-25.80929539563704,-26.30542558964412,1
132232.23+303211.9,-24.4390041642473,-24.716017201493557,-25.025367983801107,-25.183069563048765,-25.388508612831952,-22.711898646294134,-23.736488676422045,-25.343782862812255,-25.641951639526894,-25.649629982493007,-25.68298709330136,-26.401621853899595,1
132644.96+434804.5,-23.85333544194692,-24.002309924355576,-24.4279303615301,-24.65615077136548,-24.839957815093808,-23.14782417538308,-23.752928045195624,-25.27791377454556,-25.612576554096005,-25.88113746145604,-26.014829307821103,-26.90060895176347,1
132646.21+210057.8,-25.222938952467054,-25.343507176803858,-25.63388481144251,-25.67014055509467,-25.76760462468173,-24.437795158315105,-25.017270025973087,-26.08800467413202,-26.180631402364547,-26.49243988354753,-26.706858439746465,-27.558644796902367,1
133212.48+413807.7,-23.503927468100997,-23.74084561475337,-24.080218116607966,-24.126233205028143,-24.37775330838282,-22.168155385618512,-22.776071744633,-24.41210001473402,-24.65880872645337,-25.15992155006403,-25.35309108565278,-26.3813571171623,1
133513.67+200759.3,-23.82273800695241,-23.956369453246158,-24.23277633864789,-24.268404766743764,-24.398244543894243,-23.614382140691728,-23.687126235578337,-24.15544795811008,-24.45978087023912,-24.68529481860467,-25.722350443698176,-26.6090250148268,1
133519.23+501505.0,-23.92265627028169,-24.10959430118836,-24.41848343301685,-24.43954471260397,-24.641600566325074,-24.038546596207595,-24.037907982792195,-24.891430012698425,-25.305244134464804,-25.50594289058009,-25.929325659167368,-26.777748409396263,1
133602.01+172513.0,-25.172170082054254,-25.281902632977538,-25.689602412950794,-25.731516361756054,-25.906542658954727,-25.18143700643196,-24.862320343324825,-25.68236810790633,-25.97366541865165,-26.32667921137786,-27.007842037944616,-27.924590538446303,1
133623.79+414225.3,-22.781550401620297,-23.02374381207396,-23.542143393166384,-23.58188226437414,-23.794038730184777,-22.725672125594865,-22.659719618042597,-23.62338376629909,-24.00858107673103,-24.16442517593684,-25.07529944877312,-25.939322010598477,1
134445.10+075729.9,-23.654004253431253,-23.78693598290198,-24.10236613038226,-24.24746312336529,-24.303962395600625,-23.286161691562253,-23.74360257750924,-25.07556777361283,-24.99085876967977,-25.31529803092963,-26.1460387805158,-27.045889030871606,1
134745.58+031050.6,-24.386768539593447,-24.455124565072808,-24.802504335676275,-24.97096269712437,-25.11249710177153,-24.180610045445203,-24.550183224163717,-25.110590974402324,-25.33743777012136,-25.40877939802473,-26.6315923199768,-27.48915412132496,1
134948.39-010621.7,-24.762888509299597,-25.110956128123657,-25.56675679907234,-25.74048594214786,-25.954210407657733,-23.722603280165828,-23.868575810363684,-25.95050627256266,-26.05573897827574,-26.11224105386666,-26.433905989509867,-27.195762351774203,1
135001.92+275506.1,-24.33426734376121,-24.51109898714946,-24.849034222902358,-24.869678714905596,-24.938041243347943,-24.701289964363244,-24.46723361430444,-25.068701453586883,-25.30250484578553,-25.633959968646057,-26.10350809858905,-26.81851134922436,1
135520.97+385058.2,-24.15628677116161,-24.296637302341612,-24.61898942879791,-24.595489172904067,-24.73240220709013,-22.870053376600254,-23.938539212011506,-24.52188924088633,-24.936911647132785,-25.254052054041896,-25.93282828137468,-26.610216336962846,1
135559.35+334658.3,-23.32383720154481,-23.54938717853486,-23.82097009529817,-23.840750716973687,-24.009092726332927,-23.07845735693604,-23.48567207743532,-24.778950151850317,-25.13798225549611,-24.99522571785038,-25.74009983947845,-26.46131753442892,1
135607.37+413615.3,-24.48753590548114,-24.79332534430264,-25.116694099169163,-25.1948888502902,-25.300180234204795,-24.322186106806576,-24.47770790908839,-25.769112102888872,-25.81055817930376,-25.963555960601823,-26.429985425137527,-27.21980993616992,1
135708.72+201936.1,-22.9084681199484,-23.158291369347413,-23.229593982929007,-23.413492884195215,-23.617182160867472,-22.44130713522456,-22.43586220479108,-23.682110074570737,-24.31905191062725,-24.247484847946904,-24.41277789528329,-25.030004402707725,1
140104.87+004332.6,-24.19959767044242,-24.404983147702957,-24.75817009005805,-24.97925041438355,-25.16906885286133,-23.923859340479943,-24.308952038043472,-25.28681987529456,-25.576334581186632,-26.017901809011367,-26.598806460343383,-27.416054960574165,1
140119.10-031547.2,-24.15821261549737,-24.35255226879288,-24.718808744039496,-24.89433729164777,-25.023104195370014,-23.070763039359672,-23.575891048761545,-25.1235888464107,-25.36800301919079,-25.864819602393048,-26.237776051705616,-27.107341597486016,1
140147.38+155056.6,-24.13667951001622,-24.16279117535261,-24.4410857788936,-24.63784814439745,-24.647648353141523,-24.347119083588947,-24.00120317668596,-24.649745370348302,-24.95607548842796,-25.37642903330271,-25.882041971752848,-26.83027257866282,1
140320.70+101109.1,-23.74397424826878,-24.07966371985479,-24.40617856110045,-24.51778782508117,-24.75782468741557,-22.82416142596226,-23.623512695053584,-25.154340847415444,-25.527788771094745,-25.67931615297072,-25.794688646033787,-26.667483215971977,1
140742.20+293321.9,-25.032795662482567,-25.238041122994822,-25.58446795148702,-25.605499823936327,-25.733856470634585,-24.785930106913906,-24.72309031811008,-25.63058564020475,-25.791161685947912,-25.94780550657321,-26.49826106314381,-27.30616155123792,1
140854.16+565743.2,-22.862709347352283,-23.10561634692112,-23.59319015237904,-23.791800239708262,-23.962517804638413,-22.18904204168246,-22.31427172057702,-23.9646276873513,-24.216110271459304,-24.57209532656717,-24.74459005905788,-25.53385874863281,1
141038.39+230447.1,-24.89731731586969,-25.01057336078606,-25.18471661327358,-25.197246511504108,-25.24066725498805,-23.91304042311491,-24.486424390396024,-25.04940878957732,-25.33451232250782,-25.852011803307423,-26.26808269339673,-27.20387783597745,1
141312.57+564113.3,-23.60151668830249,-23.99298281943648,-24.61373058699603,-24.897226180428223,-25.190073678016827,-21.83707809670109,-22.797542112295694,-25.347526683355177,-25.60612238934732,-25.72998142997332,-25.831757594911924,-26.49236379648912,1
141456.84+603918.4,-23.7937202432063,-23.80492129102035,-24.10558555640967,-24.162161985845017,-24.164701615246127,-23.036038399459983,-23.39565335380809,-24.154936749394828,-24.46906631252017,-24.69660957276089,-25.482411296429017,-26.33491091860896,1
141518.93+261302.7,-22.41178408770369,-22.73893679524426,-23.10522961038245,-23.182609276993063,-23.51503554824763,-21.46919126494356,-21.624056722502075,-23.42088986620768,-23.845063643759577,-23.97349144232329,-24.67385641357739,-25.529651369202572,1
141834.80+135705.8,-24.335549003886342,-24.48398560955289,-24.789858977672548,-24.89376209248891,-25.12631370281913,-22.86915662951064,-23.965895151770987,-25.14821150660797,-25.46764374392841,-25.8004171079634,-26.83930845409023,-27.73366383591713,1
141916.71+320302.9,-23.49185370924267,-23.67196395284832,-23.95777344023656,-24.034965169349285,-24.12623863657956,-23.816240575891385,-23.826106938803346,-24.18259827222084,-24.59871318142336,-24.93412790143283,-25.400136193468917,-26.20564259197418,1
141917.02+113347.6,-23.87874501509924,-24.136168036613853,-24.547668408487176,-24.687171405521863,-24.824189856998625,-23.50713791327836,-23.16043920829519,-24.734392406233237,-25.370760202607084,-25.57925737194286,-26.16380371236136,-27.094894808772786,1
141920.30+051109.2,-24.269469416478334,-24.5146204793434,-24.825691423666694,-24.80466753283985,-25.06993509157226,-23.606130352251068,-24.57759386125797,-25.52389755251897,-25.568401178589653,-25.568469417705177,-26.291611107689413,-27.05474716778354,1
142052.43+525622.4,-23.540531738638084,-23.655308124100245,-23.96410262246653,-24.030139771976557,-24.058668886567204,-23.52407231755243,-23.41188333136595,-24.647054920210422,-24.95950202183034,-25.092489184321188,-25.643548375852777,-26.494216886958103,1
142227.78+632438.1,-22.192185715739893,-22.40135574856421,-22.76810114792329,-22.92492125564854,-23.16112599661321,-21.11029182242864,-21.58214467143827,-23.27042260279727,-23.67557503244413,-23.955171144321454,-24.1993795401872,-24.88002633127563,1
142325.33+205448.7,-23.85328284333947,-23.92124681516146,-24.25583864399348,-24.425511079567183,-24.50252418303162,-23.55900854321463,-23.8656175937554,-24.73264081535982,-24.929406683055188,-25.35537813789296,-26.043313795911256,-26.901375889498507,1
142550.71+240403.3,-23.941371310420365,-24.300566676493435,-24.799584750148767,-24.872807805642235,-25.056566336472237,-24.27546901287268,-23.971110218069505,-25.243375304763592,-25.352462176952937,-25.48981770343531,-25.73544154190188,-26.356686234430537,1
142656.15+483415.4,-24.3018729194748,-24.48251209986763,-24.763771264294984,-24.81450710705782,-24.91463687779947,-24.402223327357763,-24.242969332080087,-25.24383573430083,-25.423960588405784,-25.550438851616395,-26.03597765869925,-26.877872414874645,1
142704.90+291654.5,-23.93775244236437,-24.14804662787168,-24.534280766530184,-24.816744141051515,-24.96097158121873,-23.082368380688717,-23.364607377515952,-25.15366202706451,-25.61411245327145,-25.723676406579216,-25.96704426450045,-26.860592224717525,1
142945.12+322233.7,-23.76700543965653,-23.992550190669625,-24.319165681540152,-24.556741767396733,-24.751842391021263,-22.80683891277385,-23.10510247564322,-24.611693323474167,-24.99541548212713,-25.36864919073957,-26.0578196582802,-26.91181671691828,1
143009.18-005319.2,-23.32037401067863,-23.6337730356959,-24.22154667113844,-24.496016306580994,-24.75708500941665,-23.56601204629013,-23.991704581800505,-24.62068029172413,-25.35100639789605,-25.232071086337623,-25.8569685312696,-26.454974260647862,1
143040.97+045458.0,-24.028089251542475,-24.097866130624297,-24.413562409813224,-24.50276493279853,-24.58486664042108,-24.18393446727758,-23.977536935404537,-24.487341593137728,-24.9110264393114,-25.1752354170064,-26.17202938327129,-27.016471521746663,1
143157.94+341650.2,-24.31859094327638,-24.54428951921292,-24.98825973561128,-25.00950237504515,-25.306472334009324,-24.208204065114614,-24.410854231953977,-25.52823719523545,-25.613587752171902,-25.69279017363974,-26.03721135460275,-26.84848111779252,1
143440.87+322652.7,-24.512206444089465,-24.602679306557416,-24.880332179755133,-24.985272053578512,-25.08555365443574,-23.44629155928246,-24.452964150171177,-25.250017889055677,-25.70951894588733,-25.879626425099787,-26.332016060548558,-27.0961646646149,1
143447.99+155948.0,-24.10099587077141,-24.26130552286422,-24.61693903514084,-24.641717273472835,-24.824424582922635,-23.42611917636642,-23.93122982105968,-24.72655837784682,-24.991108754160145,-25.279181350303915,-26.23177127453152,-27.173062138042685,1
143531.50+260710.1,-23.433886389730365,-23.656898961026943,-24.161168644579465,-24.37491049997983,-24.62821557522516,-22.866648835503693,-23.039188042041456,-24.89441416504355,-24.933171221065308,-25.05701681932236,-24.99994283012078,-25.6046109649279,1
143641.95+022940.5,-23.831104796381634,-23.96399136236188,-24.245534319770293,-24.273194556816357,-24.362191058187832,-23.340453334073537,-23.693382298631697,-24.946436921919695,-25.21033699229105,-25.42134002249937,-26.10615541625624,-26.93746484024064,1
143726.14+504555.8,-24.05953030213308,-24.31889373950189,-24.697418441783267,-24.72936840416316,-24.95249237179624,-23.59613641829281,-23.987442652525857,-25.07311283151468,-25.2091705687342,-25.682103896427837,-25.90624490833275,-26.6793764774894,1
143833.49-011413.7,-23.428877888771567,-23.635538563056866,-23.92925126805112,-23.99499396625846,-24.14661671327814,-23.20901688232221,-23.159955598572694,-24.134095266076898,-24.61586186597816,-24.715332787816934,-25.212136621683676,-25.9563369186266,1
144021.92-015627.0,-24.028895223500488,-24.15353960347018,-24.5088400882509,-24.67160490620553,-24.71385195402378,-23.736930018512336,-23.82277684336873,-24.87701554216587,-24.99920347726113,-25.132539717035492,-26.183736085642675,-26.90544646768025,1
144042.94+582319.7,-23.568287126896063,-23.647824765034944,-23.98882969090919,-24.112094420999632,-24.317914443608668,-22.86528759111519,-23.867731026616884,-24.848190901131,-25.618268737626305,-25.640713697231988,-25.42933169908638,-26.316160338831637,1
144404.50+291412.2,-24.177105135106817,-24.27004290927148,-24.65670605725921,-24.69518432128192,-24.84127790630133,-23.88861866078705,-23.665033149849403,-24.48894923365294,-24.933539368633763,-25.201647913195337,-25.927761910030107,-26.853292057279283,1
144448.25+234554.3,-23.81231511821849,-23.9836362976333,-24.416486260839232,-24.56522206224435,-24.78324630683752,-23.294795303350774,-23.124280881249295,-24.692245937612068,-24.98007047147889,-25.2388641841244,-26.077873075925684,-27.005150152423585,1
144701.77+323411.7,-23.219349301031336,-23.45031034984266,-23.77694898080229,-23.90243884152053,-24.211541883168337,-22.12697274771777,-22.48528645361571,-24.02394291706981,-24.503521610058502,-24.88827834210773,-25.15094674782708,-25.892770010192763,1
144740.86+141642.3,-24.24342425165433,-24.396116884563178,-24.70937185207932,-24.782644590609745,-24.844108765066785,-23.04074171103064,-23.87899242099524,-25.103061901902795,-25.231307497195488,-25.53167809444338,-26.23651426336341,-27.11439337405081,1
144749.07+380516.6,-23.904296018098474,-24.131314451590463,-24.474600737226805,-24.6015502254026,-24.721285963331265,-23.183017244136582,-23.60488566034479,-24.9587179966047,-25.257435280553597,-25.66884272476818,-25.97931702873108,-26.85072285391012,1
145139.80+474527.6,-24.45609904885476,-24.42038717257137,-24.70811173397889,-24.76829211841618,-24.784303753666634,-22.539376717229,-23.939633899526648,-24.690891728485063,-24.85109204841321,-25.135648862962025,-26.20752107184054,-27.02892396884941,1
145147.10+141606.7,-24.10239541270515,-24.33758850335863,-24.644906028915667,-24.650162505116285,-24.77292880037896,-23.648100687807805,-23.924544848133216,-24.789174263811937,-25.232471037712173,-25.420937865767524,-25.821770369927616,-26.591916025803755,1
145220.74+085220.6,-23.33102530462359,-23.6554034349035,-24.02932265957486,-24.23009949871486,-24.538403269064453,-23.242980207373066,-23.11796055474304,-24.498191952220694,-24.99479146476168,-25.236737618920557,-25.34471303310205,-26.04570964542116,1
145307.12+420004.4,-22.736175601285744,-22.98350158426708,-23.346563910538705,-23.70012119045646,-23.882193194586996,-22.50897239770382,-22.506681379098172,-23.696368264026503,-24.003666085693663,-24.12247844537901,-24.67427825905603,-25.55045332422296,1
145542.91+424957.4,-24.06859564979485,-24.1674253726078,-24.46882231795321,-24.65141301405197,-24.69616647229886,-24.2465509618516,-24.09336328880781,-24.966103615219133,-25.230378731185247,-25.70664579092455,-26.369545704779927,-27.227935539313293,1
145543.45+300322.3,-24.175577940630586,-24.435139630170145,-24.831545222527968,-24.99075544511847,-25.242786953166654,-23.35813840124512,-23.36019004273025,-24.944798052519417,-25.179854425326592,-25.39110448856506,-25.85889193711789,-26.6847902460518,1
145713.29+605303.3,-23.80920907525327,-24.045857541165727,-24.293742347145606,-24.286612452703515,-24.432577184940733,-22.5615688309214,-23.18485039449148,-24.475858314501917,-25.00796644122656,-25.155393734907346,-25.69908758508445,-26.60776725602217,1
145945.32+614014.0,-24.097011618618318,-24.141907446465645,-24.443183520134067,-24.60080937454093,-24.662972384431512,-23.969899164344643,-23.950474046876,-24.907421746423086,-25.24099343589622,-25.31857276858733,-26.11720139498077,-27.07610859346071,1
150142.10+553809.6,-23.08391160515441,-23.34793071994083,-23.56085536535585,-23.69515081939933,-23.919225728833563,-22.475895520357994,-22.842558534918105,-24.13749445515208,-24.43603478507717,-24.381011490776974,-24.7709245009868,-25.568999918864623,1
150257.98+502914.8,-24.41742939684238,-24.51382076350509,-24.828265611262143,-24.870347522832628,-24.94950076466003,-24.0023772410492,-23.946660853093867,-24.67318918649901,-25.246469378097792,-25.531590480388523,-26.21362303464615,-27.1698961290122,1
150423.22+303034.4,-23.6080473372832,-23.708459528031376,-23.995557814853584,-24.06357638452477,-24.13949618759368,-22.998343064480284,-23.22385950692168,-24.43705383060681,-24.69841398241752,-25.180491095838487,-25.033777040444686,-25.815143977294014,1
150638.55+573459.1,-23.058635023256887,-23.29897312373583,-23.70849145712764,-23.802872068081403,-24.071488310328665,-22.732380403058823,-22.83516225841948,-24.202818882808987,-24.4018190605182,-24.57391914236712,-25.413959698246757,-26.48645617311003,1
150949.73+415538.7,-23.977975754196414,-24.16785250215626,-24.486490564340755,-24.570373825378205,-24.69800067431433,-23.53021776154765,-23.824404220665432,-24.341929875671287,-24.66510859375053,-24.940674807107825,-25.687623773635647,-26.625931960080607,1
151036.74+510854.6,-21.40561484434854,-22.139736955560885,-23.401570650197208,-23.999379173119525,-24.49560946212552,-20.99617628576685,-21.185062646681377,-24.781143482021385,-25.22398177901981,-25.19166800907512,-24.611480498266943,-24.99850661756467,1
151518.29+551535.3,-23.87906226761824,-24.02946137051028,-24.254063742228716,-24.325975326877774,-24.524308304601817,-23.38627017295615,-23.513793513536168,-24.00332862784252,-24.315921376885203,-24.51623729021925,-25.53402238651652,-26.3099508950217,1
151857.79+022023.5,-24.037117890128503,-24.205789269377437,-24.48028153236481,-24.53776178927947,-24.58452799061273,-22.328603591063057,-22.777343133069017,-24.65182972384206,-24.93756802116892,-25.320396579555528,-26.259924050018107,-27.16313349123809,1
151907.61+440424.6,-24.894277511271817,-25.14453104917427,-25.55131064843776,-25.627766714467413,-25.77225342337848,-24.02005387536748,-24.71418125931604,-25.92122540912458,-25.715606989178536,-25.76661962361382,-26.06728066055616,-26.67301469876004,1
153159.10+242047.1,-24.400196602988565,-24.64471536662053,-25.056366499799,-25.172450348804603,-25.482593949446635,-24.413700133062477,-24.32003546668295,-25.71945782010581,-25.7153690882288,-25.79616299562649,-26.163306060863736,-26.91133893572045,1
153207.62+131435.9,-23.401790390398435,-23.764896778167135,-24.140513869831704,-24.313903801026232,-24.62989682139649,-21.535255051075133,-23.31028620060105,-24.967682361009253,-25.257529035632963,-25.288032281143064,-25.42870571047161,-26.260856916842297,1
153338.11+023320.9,-23.91526332448756,-24.216377089598712,-24.5750045074122,-24.74137289714023,-24.96884371388797,-22.479122691298617,-23.878918886952107,-25.39997768121438,-25.617282677676737,-25.632245014611694,-26.187461397766437,-26.91980244310385,1
153415.05+465819.2,-22.02571491255261,-22.3978791189223,-22.87915343389826,-23.074650840035314,-23.285737286077183,-21.540615451381797,-21.66821818590828,-23.42495603539825,-23.61211800045496,-23.69443352454395,-23.831096625778617,-24.366543939355697,1
153505.46+070746.8,-24.336332093392336,-24.44957023372729,-24.653840958348308,-24.694046573160083,-24.80834769565716,-22.97185747535745,-23.588313706296532,-24.71475223936142,-25.20970627588524,-25.422231133195904,-26.124336783890357,-27.14095151962221,1
153600.35+483709.6,-24.323883911629306,-24.48235965760781,-24.86863541685181,-24.976066561886984,-25.185921774708294,-23.8466550612922,-23.8021502364769,-24.81627181072038,-25.13503420897795,-25.59707033646796,-25.750493054635182,-26.523344814606816,1
153633.55+161530.8,-23.887745097721304,-24.06163288237443,-24.385116449295825,-24.417563909815748,-24.63590820168143,-23.20082353471248,-23.655983540558083,-24.358583441117297,-24.83034014571966,-24.969077814853744,-25.3947019824814,-26.21137739527447,1
153636.22+044127.0,-23.101914126001727,-23.598930894868392,-24.1356712506754,-24.367483355625595,-24.638322731287403,-20.67583823103059,-21.74496405776005,-24.68642807860754,-24.921055136623767,-25.259611047207784,-25.468655800552533,-26.02953900481741,1
153803.99+353658.5,-22.990540499549084,-23.31940642257589,-23.75273686745626,-23.87537981240922,-24.09972142045125,-22.92920184397698,-23.19836948480255,-24.09374890993549,-24.412924342794,-24.58087594028529,-25.35013033542693,-26.18011227265408,1
153931.29+171714.1,-24.0249680962521,-24.097473300608424,-24.4098907582132,-24.41621285568598,-24.572639914522256,-23.206719181442555,-23.442739934582807,-24.80506566988894,-25.318034829608067,-25.16682782764956,-25.31513669305294,-26.0549369174418,1
154005.94+461950.1,-23.936500458224835,-24.077138344879643,-24.34818936134639,-24.572792309500844,-24.627344651404456,-22.48394117810897,-23.36543398674872,-25.18564982030385,-25.330479857119645,-25.670891471269453,-26.783191155583797,-27.83448337202664,1
154034.15+474357.2,-23.58959641130089,-23.581501715176675,-23.82383720063259,-23.77216583470813,-23.95494300729506,-23.11972669458484,-23.342904153648806,-24.020149718786858,-24.82339043988899,-25.03005524942828,-25.45968495617261,-26.40198652313458,1
154115.79-014208.6,-23.381219706006533,-23.78089874623615,-24.37309346153212,-24.597745849058605,-24.930159472661668,-21.86560915279906,-22.539970893895887,-24.66655860443998,-24.82546208576191,-25.11378910581536,-25.285942721479028,-25.947549603543667,1
154342.46+461233.4,-24.03037562987826,-24.161052412811564,-24.628789170480367,-24.697498922688844,-24.90966701008521,-23.54003815748161,-23.99833569465089,-24.95622441089915,-25.11353486340401,-25.591682535904024,-26.491933042405037,-27.48495441338622,1
154356.22+204222.0,-23.409264173422123,-23.629917430441058,-24.04461041962576,-24.090095586794984,-24.22303135503327,-22.00858823873917,-22.6477548449122,-23.782855611001885,-24.180784590774763,-24.665938267306423,-25.26878369642692,-26.048767079466373,1
154510.95+345247.0,-24.20534091667146,-24.279538201797987,-24.682232791472863,-24.801184822328704,-24.93214812693394,-24.24351682627908,-23.9714632365364,-24.788494707129725,-25.238286478240656,-25.54654570728683,-26.065740322880657,-26.927053042238537,1
154620.70+115529.0,-23.17866382209171,-23.42200184743452,-23.72909716686173,-23.767914797190397,-23.945757446549884,-22.7978384280002,-22.9810099161049,-24.591114130993585,-24.799581366646848,-25.140727437551455,-25.18682088270159,-25.998139100657248,1
154643.57+020817.9,-23.732922762304877,-24.00272758764785,-24.34718193483824,-24.45574204151554,-24.53342934651389,-23.76972102935463,-23.61056088589211,-24.5697165882629,-24.89429833028255,-24.85276000735799,-25.69676362388156,-26.4893059308817,1
154741.88+343357.3,-24.52443770978739,-24.57684121553052,-24.81687858660674,-24.889921551570605,-24.985825168918915,-23.646215540837524,-24.48528297227488,-25.161174772637303,-25.61100165074277,-25.724193190459467,-26.52764262372107,-27.439169418869795,1
154843.65+290859.3,-23.26901534707704,-23.50097447456809,-23.880845143577957,-23.95741712076831,-24.19285262368018,-22.71134383122255,-23.125582543483013,-24.34959092650734,-24.58493187180434,-24.74908667939537,-25.27791676102913,-26.20555453360236,1
154943.33+211403.3,-24.92090393197198,-25.085651474252234,-25.416008378115144,-25.468860884035774,-25.65347598837795,-24.78698001063439,-24.473484053025285,-25.46778062615656,-25.76685810648245,-26.09908324204974,-26.74964137347825,-27.558542308475594,1
155033.60+104035.8,-22.88453203752448,-23.25450020548835,-23.513558165985184,-23.64618908693439,-23.806914951132622,-22.09639915233987,-22.653550888630512,-24.254000957365594,-24.6194253944453,-25.118431026818644,-25.288679726447,-26.1027732628066,1
155121.13+071357.7,-24.48965144600495,-24.824469310037376,-25.23651500152831,-25.501438187241952,-25.73609037745831,-24.047590482007333,-24.08476154074009,-25.73025931612789,-25.87941047813594,-26.27325077133853,-26.79410253326672,-27.553172081581742,1
155239.61+212345.7,-23.82706974961153,-24.00936552110033,-24.46193993517462,-24.66011345713625,-24.785974668344892,-23.700114675841437,-23.48792993359369,-24.77299365843399,-25.39720447362314,-25.49461039831168,-26.420789622958758,-27.399730613284067,1
155340.84+071845.2,-24.25101686250421,-24.44922173361789,-24.770336970333684,-24.80357513615548,-24.923753330689078,-24.281895360220663,-24.34884936415258,-24.880731076995325,-25.15299209803969,-25.224067571375635,-26.037021184277805,-26.90719606907696,1
160007.42+111316.8,-24.44580219011256,-24.585745399109157,-24.871830676617968,-24.92571544502515,-24.99606251100179,-22.759155071385788,-23.44300646646796,-24.936709206634585,-25.20655980552764,-25.495892328669598,-26.19221170456159,-27.055170375439943,1
160243.91+174503.9,-23.76134806273328,-23.91959733165878,-24.233799997052447,-24.32691079270625,-24.59923575459488,-22.69424301300369,-23.132309622834764,-24.576482786290143,-24.72098922741865,-25.06481761497152,-25.647428521532504,-26.44412609415669,1
160325.52+521222.4,-23.48375925336669,-23.90244333148729,-24.531306173856265,-24.73776526294012,-24.95520958703568,-16.78969413522477,-15.159070828212062,-25.158926463471357,-25.653476741573044,-25.490980267432658,-26.084551010574387,-26.899125806187616,1
160437.35+571436.6,-23.666441692326583,-23.912733773426545,-24.24185936653232,-24.312521247406583,-24.498970235663,-22.9836179224364,-23.517613444175407,-24.764912302919917,-25.71568154781075,-25.604029739501147,-26.310629177756272,-27.10518743934538,1
160924.04+134143.3,-23.41077272978013,-23.470701206712928,-23.701526258669197,-23.671177032169037,-23.89223337223941,-22.99480721389309,-23.151568475586203,-23.455482947581395,-24.140898505430453,-24.41258432191456,-25.306508397577364,-26.111121041687955,1
161203.46+114656.3,-23.64708834120636,-23.889645514518893,-24.268046600429305,-24.33592191106409,-24.44402368681043,-22.624071473576898,-23.311653589384303,-24.78708972102774,-24.950326246874877,-25.22254294236545,-25.856293978741693,-26.769241786413847,1
161252.50+403032.1,-24.7968205231597,-24.80964556119477,-25.10562400160045,-25.22283317891449,-25.360037371530936,-24.258010741314227,-24.49973108846052,-25.368696387595783,-25.583325309229625,-26.03377161443148,-26.757873311732112,-27.72504452840656,1
161521.78+543148.3,-23.24055360815401,-23.406505962640285,-23.79011266247665,-23.87687909318737,-24.096071775209506,-23.287202573513603,-23.075229629975308,-23.868702670531484,-24.26980330046603,-24.43398348080186,-25.070606105443403,-25.768616453658723,1
162129.63+210930.9,-24.03256379779451,-24.296684990582385,-24.71745312107367,-24.854179504892876,-24.960250804230377,-23.765021689727863,-23.711569132199383,-25.127862495726177,-25.374886286420477,-25.50651140792108,-25.752231074914675,-26.60074438704728,1
162320.78+383233.9,-23.633610046714168,-23.760841444006303,-24.0818517841122,-24.220855672131258,-24.30563089608712,-23.39050890518689,-23.57134922365669,-24.602831098342648,-24.812529350816437,-25.209428648020275,-26.224992145441004,-27.11361730567808,1
162439.95+323918.9,-21.750162858718923,-22.0267422952451,-22.352380120281985,-22.562196792787987,-22.69384974669909,-20.637946927340348,-20.937208627330637,-22.48568524958894,-22.90834889508919,-23.21179002718825,-23.56954665830545,-24.201978602844985,1
162744.89+122733.9,-24.78619274706122,-25.03735552271105,-25.23826311100286,-25.26745465038876,-25.37779724033496,-18.748838246894582,-19.663875531236062,-25.424262599442766,-25.786345103272392,-26.079109027951887,-26.76972767474333,-27.669122143928245,1
162850.39+562929.1,-23.145311066356932,-23.43711061429475,-23.7745848880469,-23.869762847051103,-24.14079667574894,-21.99038105359045,-22.62609270383936,-24.09707671960559,-24.32583718589389,-24.58435131493817,-24.75631236423315,-25.44542050165385,1
162853.90+412322.4,-22.971911446335582,-23.25388082889458,-23.69673660720085,-23.82840695546698,-24.243329533001265,-22.398524405016712,-22.315016036023955,-24.469752539155216,-24.33457780225062,-24.36226621385381,-24.874455582810054,-25.85814107857239,1
163636.50+264809.2,-23.11732769035972,-23.466573171380887,-23.86104774500994,-24.2142989867811,-24.2311606707473,-22.64128532128969,-23.0987923145512,-24.48638310150664,-24.84364308369552,-25.201224347849017,-25.46056744065398,-26.279998574873957,1
164346.72+375937.3,-23.589404771906395,-23.79924479233184,-24.12417864077904,-24.20425586346068,-24.36100720369483,-22.28340501527938,-22.59123360430368,-24.33478518675352,-24.50467354127816,-24.840393550723693,-25.38398907955758,-26.20448038795568,1
164722.34+462705.7,-23.561765148638017,-23.81711848837524,-24.197759118813604,-24.123731285734483,-24.295913369304134,-23.0141808541582,-23.361226284626422,-24.604590399767595,-24.92197122412243,-24.52288672891205,-25.23802939016779,-25.96966451505589,1
164735.03+401407.4,-23.14681533274198,-23.44005454290857,-23.745281257551422,-23.77566518206885,-23.90001227639112,-21.804300221449022,-22.386918125761145,-24.39604788498136,-24.701428122352706,-24.72683136712907,-24.68963701371445,-25.5382594776244,1
164824.90+293831.3,-23.60625132809467,-23.83180268476891,-24.167165219828814,-24.28895695310123,-24.545830568377568,-23.208226537640783,-23.322861662436235,-24.52818373652905,-24.92823888248385,-25.11267276362004,-25.835152074028013,-26.77642393389158,1
165255.89+312343.8,-23.418707068742748,-23.67324713024709,-23.864841806425453,-24.00321206332428,-24.12595386990926,-22.80227183010888,-23.26648902892202,-24.748667803699263,-25.015991773365236,-25.519707872529324,-25.465220453464525,-26.341517409554147,1
165259.05+310442.4,-23.8432460604557,-24.176848444366968,-24.44182072430746,-24.437408609504708,-24.640858401351373,-19.183791314085244,-16.970769425861814,-24.87197367769657,-25.448179033883072,-25.485396283455025,-26.051561408615424,-26.92834781788486,1
165328.00+293945.6,-23.882740645459695,-24.044078592824714,-24.35381898538649,-24.48369033303017,-24.553270422592323,-23.043297472160955,-23.493845151814018,-24.64766741126668,-24.898607742277715,-25.41359692474761,-25.90873126859529,-26.801141770754988,1
165614.00+351014.7,-24.516358468787377,-24.501008112101985,-24.77452890378028,-24.90721839180487,-24.96063439705297,-23.06199068122189,-24.17953428921442,-24.69965350674593,-25.06232605833408,-25.431311915823336,-26.57837711703784,-27.503171436082912,1
170232.50+352618.2,-22.749517360196972,-23.039953481809352,-23.45298239999341,-23.588824839228334,-23.808464334650324,-22.000947746546174,-22.464232273782027,-23.580218471239053,-23.82698838935936,-24.071828051826024,-24.355010674834823,-25.25743117834284,1
170524.75+340356.6,-23.50065007857308,-23.84883931007416,-24.321094915030365,-24.400124841069587,-24.589903540331044,-23.2649291810903,-22.91910247778604,-24.03973715408307,-24.34719776307198,-24.76529688917121,-25.71592500323247,-26.61086297537059,1
170634.12+361508.0,-23.76327572441368,-24.068200453222936,-24.448714117727405,-24.5670985081538,-24.69555373050457,-22.511321522557346,-24.296482767659548,-25.126764990466704,-25.55279099041228,-25.3779788757526,-25.377509675086717,-25.98517551693433,1
170659.37+452506.7,-24.2931892794468,-24.351665181535072,-24.66677350432064,-24.7298670432014,-24.88104454361481,-22.92857803158686,-24.29539834882814,-25.310060963087626,-25.6095395612745,-25.6284366879478,-26.13238968151112,-27.154264956361654,1
170827.42+382238.7,-22.643214923293947,-22.890670646515943,-23.161544469407016,-23.20244509786197,-23.41997737847005,-21.75880149580651,-22.201763060485245,-23.161870293722423,-23.9221818099763,-24.15598898186553,-24.6647160883797,-25.49352391539967,1
171404.20+302700.3,-23.946592627291743,-24.041241883901357,-24.213968287770555,-24.238798555695663,-24.314101773646467,-22.351981745902936,-23.32990212851188,-24.55122701067354,-24.750937724662585,-25.031751458360432,-25.73434361197973,-26.67079910697897,1
171550.38+410337.3,-23.629067409467552,-23.71502571268807,-24.1015358796704,-24.21023728565727,-24.30097257237201,-23.552059757438244,-23.467395220549896,-24.598887232643467,-25.012372319011444,-25.27680904011828,-25.958677386978348,-26.89519930368797,1
172026.70+554024.2,-23.698125485705447,-23.74823098770281,-23.91627729272749,-23.954335446082247,-24.127321402965624,-23.19446368446735,-23.394568710761,-23.91957415530488,-24.462638186397964,-24.56578524177732,-25.11399796015319,-25.82626125960984,1
173052.71+602516.7,-23.7093510692591,-24.01290159806528,-24.4765065748457,-24.724701040382293,-24.987642160147264,-22.819566250344863,-23.39227217236757,-24.9949638524678,-25.41472189895997,-25.22689389083216,-26.11830765557905,-26.89185199584341,1
203725.23-053746.9,-24.143120293870748,-24.26801507846831,-24.53270173451452,-24.630018587884464,-24.73856213099086,-23.696317641017128,-23.46121202229492,-24.886974804183588,-25.2418910640027,-25.57867816989936,-26.06988603894853,-26.94236254532047,1
204045.28-062422.4,-24.253390337789508,-24.29888539520183,-24.648629263357783,-24.88453710456365,-24.904363664902483,-23.674179817713053,-23.916923904701783,-25.0274414930318,-25.314013096009763,-25.647315110727487,-25.947340462352766,-26.710258127584297,1
210001.24-071136.3,-26.133743925099047,-26.31325007530568,-26.69394454392417,-26.739412941780568,-26.90544958879132,-25.54278309078629,-25.517850762861222,-26.708719713708664,-26.861661546307424,-27.14513458943392,-27.66982423358439,-28.641551936327144,1
211126.12+050112.9,-23.20747446545367,-23.60329244389797,-23.93562253507802,-23.98571328130677,-24.150569971628403,-22.8390235808623,-23.032375035873788,-24.31076412371161,-24.553176551813227,-24.983305096481462,-24.95979018246642,-25.72027321857778,1
212521.99-000736.7,-24.350410246017177,-24.440782035453772,-24.349621261197605,-24.75117766697309,-24.875054687945,-16.140329372616794,-18.561202224977933,-25.26093126011671,-26.755154454018683,-26.87354928513177,-26.12092853840085,-27.05186717755066,1
212715.34-062041.7,-23.98302873457621,-24.22956623039014,-24.604253610227456,-24.61935938154168,-24.87316628053986,-23.783338287322845,-24.084564160380413,-24.877213601430977,-24.97955326067613,-25.33458204199989,-25.98020102081092,-26.690299992177568,1
213440.84+040613.4,-23.54466670936697,-23.967075057880685,-24.318725112080653,-24.429883513885297,-24.71619274924857,-18.35420550742615,-17.905586772855113,-25.07470099225638,-25.349971674228676,-25.988396214497037,-25.67199392718946,-26.374270351109235,1
214100.52+041129.5,-23.89697104547199,-24.178747520044286,-24.546952155772185,-24.643317725190894,-24.84166717500172,-18.60983590244044,-18.11116311327501,-25.12373387990772,-25.89650303741772,-25.60438935581709,-26.27671944911552,-27.099901759017747,1
214337.32-004724.1,-22.70796633469732,-22.87241594034403,-23.25924452855957,-23.239554774595,-23.459665655524827,-22.782294992793656,-22.72297400163493,-23.48795257033132,-24.28123671460232,-24.204220599884163,-24.79831831622564,-25.586831198543543,1
214638.87-014946.3,-23.9212719663086,-24.13530057152146,-24.552414384092224,-24.70602310808557,-25.0200641863652,-22.229261957694835,-23.23511935288153,-25.278619984991085,-25.68106412677755,-25.46274711162924,-26.55775367271193,-27.61703365769472,1
214843.56+001054.5,-24.036824625838594,-24.23851216028135,-24.538553389788795,-24.61411846552069,-24.783219575070063,-22.83017076063553,-23.29972256590699,-25.005692759854803,-25.39720055668181,-25.71716572167349,-26.373372507064044,-27.300702626056115,1
214914.69+023902.8,-24.744782235994634,-24.76480346006075,-25.029506383871407,-25.18343643276067,-25.28389636499473,-23.179705752213405,-24.70483864943853,-25.205002473832906,-25.383135803901403,-25.309094556883178,-26.324862284879853,-27.05357178672313,1
214937.85+120546.1,-24.661612441314464,-24.931963006535742,-25.282987626667417,-25.32968976292968,-25.52707340299701,-23.74998312483184,-24.45745683755466,-25.88723955466307,-25.94060073732788,-26.05639376938629,-26.50722789910374,-27.29193072799628,1
215747.49+024724.9,-23.202912959797523,-23.38957187452029,-23.76633486584104,-23.96668536456001,-24.15046053916263,-23.42511668179104,-23.442534911423564,-24.653284019447344,-25.187774356347376,-25.58433114412809,-25.81240654987153,-26.699670982543367,1
215818.98+020849.7,-24.392694660159627,-24.66944842812403,-24.99471846683183,-25.07855999083585,-25.31867692126054,-24.743573659366607,-24.52344303587295,-25.330996956495035,-25.671966742462896,-25.98883875722688,-26.46865387320031,-27.28999758637942,1
215825.88-001804.7,-22.72822365466396,-23.12824145960037,-23.67649640669943,-23.86172572707355,-24.254057792380436,-21.760192999799997,-21.949311325211116,-23.759274411579757,-23.865764164296028,-24.51514278455027,-24.90932365553488,-25.56039370471676,1
215918.73+233015.0,-23.422472936990903,-23.86994964754599,-24.14222071879805,-24.351293120993414,-24.664557010691794,-21.075792056798733,-22.43316511630303,-24.749190447421,-25.23643187788329,-25.143084174057662,-26.005442188231463,-26.63776511532912,1
220355.55+005516.6,-23.115042542843774,-23.589931686918305,-24.013296052139705,-23.99550781208657,-24.311257878617564,-22.52666686237062,-23.30114310458505,-24.77296399365624,-24.958862649013845,-25.01710386677402,-25.88687218265396,-26.57106496342682,1
221815.62+010842.2,-23.54756647762482,-23.71559111183667,-24.180098976869377,-24.35599572654454,-24.54539198929298,-22.72392951011658,-23.241562692351405,-24.53682937084436,-25.421457256528782,-25.46651802558585,-26.028459596531988,-26.92852404934695,1
222600.52+252053.2,-21.90074057642732,-22.177819129501767,-22.60033670841616,-22.78420757502432,-23.173086440765346,-21.463076266758662,-21.71031927522429,-23.3325356915548,-24.19282947559403,-24.16202592811768,-24.66173205400799,-25.54310875244149,1
223109.07-080900.5,-23.290386649809385,-23.47866372241746,-23.7140750273372,-23.77108720419024,-24.07121056392312,-23.509553949845465,-23.2901881992764,-23.95992773424335,-24.782815756577484,-24.51473074783883,-24.97901036038775,-25.805122897434096,1
223335.27+053101.3,-22.964091067004944,-23.191626329769228,-23.62566384462302,-23.74813832158669,-23.92575148042289,-22.53917597271417,-22.66505265098344,-23.934104411616943,-24.19361300766712,-24.46413953866331,-24.79858807906287,-25.64191832593312,1
223628.14+231316.4,-23.33255332553055,-23.55002211926942,-23.82700631918238,-23.978180981395443,-24.15844224446597,-23.14859023495231,-23.286775410793386,-24.87873099714368,-25.17723519947018,-25.3453240697129,-25.943493037362863,-26.694908537025317,1
224013.41-083628.7,-23.421162288616497,-23.76089209557508,-24.079237844931377,-24.233360784450777,-24.41229120507656,-23.27428541110065,-23.680521768380856,-24.94812000465035,-25.313844837267,-25.441350439119635,-25.9426172537817,-26.98954914345836,1
224548.47+193323.5,-23.581987233517808,-23.733160812930297,-23.951171340487424,-24.04216874932667,-24.22468469101381,-23.168759388558843,-23.33411694595706,-24.545291622709208,-24.57059135022285,-24.48867108824344,-25.279362162032665,-26.036503672755504,1
225307.36+194234.6,-22.959515144898614,-23.43911771546161,-24.013890992045415,-24.175242223754783,-24.421528558175297,-22.723202742189773,-22.984349004151998,-24.529779117613632,-24.673619379099325,-24.92341332125561,-25.334357902624443,-25.863489019261163,1
225309.43+005111.9,-23.32048109511488,-23.557494392318507,-24.036122817410632,-24.185079951425763,-24.406779710875256,-22.321209717195917,-22.76199069227654,-24.500787503601597,-25.067708768777607,-25.41100094820221,-25.85272680990527,-26.73168213123568,1
225350.08+140210.3,-24.859656690173686,-25.056190662185053,-25.37822040905859,-25.461637983185064,-25.588048985655423,-23.960216277272902,-24.75977571171232,-25.81259797266132,-26.854009235862097,-26.21318649070491,-26.76413729477864,-27.75161193281953,1
225442.28+244734.5,-22.234545853893707,-22.473991856865265,-22.960332277127137,-22.973630598165936,-23.15025445370222,-21.001768945684223,-22.14791353479177,-23.46405963664407,-24.74464109618656,-24.42299490384596,-24.61706728430084,-25.353025196726417,1
225900.19+173420.5,-23.264438036972077,-23.569607014462694,-23.8981043230661,-23.998237786881223,-24.21415799363093,-20.570297693243543,-22.815034826084275,-24.880284201177776,-25.887354390280738,-25.46692933711094,-25.9229476837632,-26.61650522731864,1
225947.54+053447.4,-23.615688305794983,-23.86459307528513,-24.27523465157508,-24.439403083683978,-24.615213960273323,-21.84127215931131,-23.24257650414305,-25.100688943730532,-25.56446183983472,-25.273659792055167,-25.98439325852442,-26.729982077167747,1
230449.00-010050.6,-24.1004718101034,-24.346735744133177,-24.75463235700908,-24.833487858351848,-25.00388756730527,-23.358686703834515,-23.958093927467967,-25.33589742888125,-25.643210432643706,-25.458379538789,-25.806992576920557,-26.730080599308938,1
231101.69+182744.6,-23.96192006166182,-24.20591486242159,-24.567040015795055,-24.593444342697357,-24.75054652203199,-23.76917520885334,-23.938485877981904,-25.34776493878228,-25.55157045438314,-25.88034371366973,-26.37349695649393,-27.36711361454213,1
231210.47+241022.5,-23.46856397623553,-23.78244124597398,-24.16174658489267,-24.301006530274837,-24.438920920501783,-22.80214320072688,-23.289481018353367,-24.481561510321374,-25.04556002274486,-25.21538486096173,-26.27598592297736,-27.142553830153187,1
231509.34+001026.2,-24.273321889637018,-24.42399316674157,-24.75304802801696,-24.75694334050718,-24.90187659963752,-23.26615098114942,-23.96494080815366,-25.07400679172864,-25.28214224618562,-25.593172633471088,-26.38983482605417,-27.376084265774924,1
231635.00-002841.7,-24.42918236311744,-24.48174916737392,-24.79998000017681,-24.84520175159192,-24.953850963044214,-23.09139016028241,-23.833264043741213,-24.83670585412101,-25.41213733446176,-25.58155580825583,-26.395604763325387,-27.34838857824304,1
231805.97+182706.7,-23.04898719830712,-23.279927964254146,-23.81369239090249,-23.97057848870872,-24.25113385912104,-22.24614500948944,-22.62652833101087,-24.314297695524388,-24.699562416639385,-24.891819819780068,-25.28409810290125,-25.899816898873617,1
231857.26-002931.9,-24.253553680126984,-24.374190124074676,-24.770009274541213,-24.9644919908841,-25.223756824560027,-23.24967910195269,-23.877882307728576,-25.439669066530808,-25.764546815260303,-26.14752325127592,-26.720194579657264,-27.62677068769696,1
231928.83+044951.3,-24.21172514110466,-24.34998952480611,-24.798557924114085,-24.862415468557597,-25.02986412841712,-23.66430385876661,-23.84220250063115,-24.77176501633448,-25.207363405962635,-25.25698837280386,-26.342712356348155,-27.22142438179929,1
232202.60+211356.5,-24.31098915300355,-24.509068515389558,-24.81942948309172,-24.891303332124988,-24.9689131816166,-23.79681726550377,-24.349987644014984,-25.309644873927144,-25.61927722721461,-25.94217631408392,-26.573965697750037,-27.372506010304207,1
232214.72-103725.1,-24.51979644458549,-24.58361655455422,-24.89121973897217,-25.08236053206913,-25.05259438553773,-24.35284379059814,-24.329307165147117,-24.789791208779736,-25.27354136903812,-25.33822404522045,-26.053934458786262,-26.979041364462898,1
232356.15+163314.2,-24.15911699319358,-24.24344677515475,-24.604677578421967,-24.725488503190395,-24.9137019367149,-23.20673227019722,-23.92882523841002,-24.982544538778267,-25.54690223902532,-25.649096397710448,-26.15152924731814,-27.007513604334456,1
232533.05+165554.9,-23.510961923952102,-23.765351463687168,-24.178497591814697,-24.26847148859095,-24.42812765177796,-22.63131588352287,-23.48888497982112,-24.786945683379827,-24.822575175823275,-23.97305922975288,-24.87948311345605,-25.48986939877204,1
232605.03+035903.0,-24.0581120212325,-24.24304420574849,-24.63975942844949,-24.6113336516998,-24.743756744929644,-22.00454259955072,-23.386871844506224,-24.47793483011851,-24.976202028026087,-25.33955709688346,-26.06489719295266,-26.81890368769276,1
232649.80+043508.5,-23.819757438855756,-24.03889191854725,-24.503300153484265,-24.67284640298732,-24.831079211254867,-23.0181439705026,-23.164471688402102,-24.892248181466616,-24.834262055524803,-25.25554309725308,-25.561203342471472,-26.20841837996695,1
232654.29+090811.5,-23.455355620224783,-23.773781509932704,-24.29770975026022,-24.441137578127837,-24.8104341448941,-22.61116861537176,-23.30957067522842,-24.90094818582096,-25.04589701063893,-25.32721123434517,-25.2073366603113,-25.925502928878267,1
232734.66+032332.9,-24.493365671193104,-24.684926111848505,-25.003457631817792,-24.999557074093765,-25.20080152107651,-24.813226107984278,-24.65426410284426,-25.27685375704043,-25.50671431036853,-25.751163621587263,-26.387512876850764,-27.183120968309225,1
232805.48+065119.0,-23.86063788886836,-23.95770698614201,-24.24364184998912,-24.332946272103907,-24.37984631815184,-23.164499619747087,-23.107702429545387,-24.320483722848422,-24.84411352116344,-25.112292895266584,-25.304624299677283,-26.036158805468112,1
232941.89+263054.8,-23.93638805817991,-24.1197145560034,-24.55624637546319,-24.644950516678648,-24.909906457396755,-22.69166418282092,-23.502353827662837,-24.880117475560912,-25.4572801320158,-25.517027009424112,-26.0359884445186,-26.94383380361627,1
233353.27+284430.8,-21.87897925539448,-22.4066985661838,-22.886128847332827,-22.967903170691567,-23.30303879636286,-20.374941036208533,-20.90294036151133,-23.39718527003896,-24.129555914886257,-24.00402154565733,-24.781529332515493,-25.61828401489052,1
233908.79-000637.8,-23.153756814826952,-23.37459744881605,-23.729588543878016,-23.83951862896277,-24.095786383506773,-22.473775129563588,-22.785253014997288,-24.137658192411045,-24.72926491197237,-24.748999682052517,-25.40981101277284,-26.34933941342812,1
233936.09+111034.5,-23.2305431742289,-23.454031573089992,-23.931805669699735,-24.078618204206744,-24.331295337238423,-22.27492902553261,-22.302089665951456,-24.03334575374941,-24.662317969482444,-24.72043421096387,-25.523580138296985,-26.38680906103808,1
234415.08+324713.2,-23.05774722026957,-23.17467968651989,-23.467077977065284,-23.477877750640136,-23.70182035382706,-22.759888407593436,-22.55925600021442,-23.557105383491564,-24.268248388479115,-24.36466178973688,-25.08986470870921,-25.915062812406795,1
234500.43-005936.0,-25.06687842313857,-25.11582899429296,-25.45963808133185,-25.47605349261333,-25.581871711863396,-23.92434312043798,-24.348653777186826,-25.450913710437582,-25.5813647646058,-25.717057997423318,-26.44949510929541,-27.403674211421823,1
235409.17-001947.9,-22.68411173855053,-22.96913242350557,-23.46312455243323,-23.593582798206405,-23.874039172535586,-22.08062387593374,-22.30667577871131,-23.76554803618404,-24.51534324698788,-24.57329429020856,-25.58387980955364,-26.493976713548225,1
235451.67-040503.4,-23.218166757111288,-23.562965233802043,-23.958368811544776,-24.19549330930082,-24.44249478638612,-23.05793151509093,-23.351096524307977,-24.760107027336492,-25.0101427120792,-25.262842598381354,-25.457890394579746,-26.15912325458783,1
235700.36+052700.1,-23.26550452075179,-23.517533514122064,-23.78235034574041,-23.93927669544552,-24.169508424894357,-23.45360181153043,-23.79788255570769,-24.84474554116389,-25.107560666601827,-25.56168545942672,-25.64975172784694,-26.547304964544235,1
235720.28+111234.1,-23.767205543218356,-23.94652298771721,-24.30909885225305,-24.309430337746434,-24.47013987004204,-23.72741660339432,-23.68967418389738,-24.71243689868029,-25.357745901532198,-25.27988203698695,-25.917127285063543,-26.700885675857503,1
235736.27+003056.4,-23.81904922520437,-23.991970564741862,-24.34761973314701,-24.52945853752236,-24.76540321697328,-22.89435931896745,-23.5320018991696,-24.842011109554317,-25.335362645826745,-25.04309881485261,-26.01099629635936,-26.919793943268036,1
235945.78+251909.4,-23.465044255896025,-23.601986279966656,-23.75981443299291,-23.805740012159102,-23.985430626190453,-23.0733404051274,-23.019847992302918,-23.72254453091245,-24.195514538774635,-24.19882588620077,-25.12049366061309,-25.94804394820551,1
235946.11+220030.2,-24.01547572493279,-24.26240013004204,-24.52567146439034,-24.518591332537795,-24.662677046644784,-23.84879418923032,-24.119475663461667,-24.33793159061348,-24.96603173060897,-25.335127470132772,-26.076378441336157,-26.80742021857091,1
