SDSS_NAME,M_u,M_g,M_r,M_i,M_z,M_FUV,M_NUV,M_2j,M_2h,M_2k,M_W1,M_W2,community
000016.43-001833.4,-23.24364145126596,-23.64149275501093,-24.16493942337125,-24.41370534905733,-24.54303254355193,-22.628809456787327,-22.750693167024703,-24.743009277263933,-24.78239300797845,-25.525749541177536,-26.076806759653127,-26.928642476760665,3
000051.09+111411.2,-24.725485659583438,-24.91478983576032,-25.303424772829484,-25.41876290826266,-25.59063543362181,-22.39325283162999,-23.86181212283897,-26.01634965853665,-25.660094250073257,-26.285363855504485,-26.732497628758924,-27.532409811961674,3
000115.18+081503.3,-23.96634332673101,-24.314537689944363,-24.8102498664814,-24.983364052513668,-25.17893524271553,-22.968683646931183,-23.774331776212307,-25.61495426836129,-25.432784192739284,-25.94826102108122,-26.39814102681693,-27.219689561340093,3
000701.32+002242.3,-24.460654475418043,-24.634651110760352,-24.97466097866182,-25.18737751565851,-25.3626744281769,-23.154217595134803,-24.48605620846648,-25.548062699827312,-25.817657034296666,-26.086018184416723,-26.937862484063047,-27.78644568488241,3
000734.61+181246.7,-24.642239633405254,-24.798658068273596,-25.145641035072376,-25.248961782120368,-25.372866611374896,-24.02257970196294,-24.271526833349192,-25.561181526288777,-25.373227645370697,-25.944294965774667,-26.460980323252105,-27.24222038367627,3
000754.68-040942.9,-23.068469826882254,-23.301357567109555,-23.50194383608501,-23.59375115367585,-23.64596372923216,-23.058928629680235,-23.05586048703387,-24.260956000489653,-24.1625769383462,-24.867303268012915,-25.37633574126401,-26.15944326040469,3
000814.35+121201.3,-24.478290213683447,-24.67395117791914,-25.103946891526316,-25.185316754501223,-25.36868942407504,-24.48876383831298,-24.37151440736069,-25.146824800578525,-25.06140508799567,-25.477876811891573,-25.97693143161703,-26.80064748862829,3
000859.26+255305.2,-23.95818134333124,-24.242631387553,-24.3145694867984,-24.668843083060697,-24.853209486902244,-23.471608953234725,-23.728260478666904,-25.02287321378589,-24.974270079469623,-25.520890771488297,-26.295285818759453,-27.110393522196187,3
000912.53+265022.9,-24.32315629114592,-24.375051242083305,-24.674163258223523,-24.67937653124587,-24.93636332716829,-23.066683269219237,-23.911292154837355,-25.20982925861818,-25.009120788231293,-25.642218914366183,-26.36401591194822,-27.297042985388437,3
001614.98+205213.5,-23.559105386499173,-23.71902272195521,-24.031621254184937,-24.025617046526207,-24.117121148870773,-23.723893255226347,-23.638485519034734,-24.654978969226963,-24.554703403634928,-25.27453915449846,-25.727194020746,-26.643527557804084,3
001753.48+191816.2,-22.871769578451048,-23.305998112153212,-23.60651555588891,-23.71540797202501,-23.499870273833668,-22.79935800174896,-23.1513194250754,-24.627115871764392,-24.655529621913587,-24.939208209258556,-25.46402313065274,-26.30682382421231,3
001859.75+061931.9,-24.459328245061787,-24.638156428800432,-24.938425931527146,-24.94855273717198,-25.0954203671646,-23.8584051545702,-24.0365685646612,-25.338378900528564,-25.04858515929932,-25.390868331956938,-26.220819375764226,-26.90566242491115,3
002310.68+184551.8,-23.682075850056687,-23.93550635284141,-24.32805160273435,-24.40247676847053,-24.59454191045904,-23.060094243364627,-23.630697861811267,-24.99294344982138,-24.994052669577755,-25.30176287479237,-25.90110383210596,-26.6213477860196,3
002312.69+072455.4,-23.279219500615078,-23.629154183956963,-24.00864818050153,-24.10480742215533,-24.27226180424896,-20.6904947380814,-22.683849518223106,-24.357916048542787,-25.04558404502762,-25.258059934463876,-26.089194331964496,-27.087416221219467,3
002422.23+042924.9,-23.70834001359109,-23.844128024967382,-24.23518653660861,-24.38328849823787,-24.549879776263044,-22.887470917682503,-23.67234299014613,-25.028820886747905,-25.092939146805527,-25.139835241005542,-26.439605796668676,-27.31030470598392,3
002818.88-035610.6,-23.102418609666103,-23.43696722216209,-23.83884212640728,-24.13620972833065,-24.405906365555136,-22.18145894150573,-22.690925680787675,-24.34811730888852,-24.53607853507856,-25.176100820250696,-26.26562855958795,-27.21016084827689,3
002909.79+034328.0,-23.879100722427182,-23.998121104950588,-24.381200107262345,-24.493656137317902,-24.696841775156333,-22.736036818169328,-23.934215261091044,-24.72027095738672,-23.58208210617037,-25.16727296083619,-25.95859354288816,-26.72770263556707,3
002933.96+323802.5,-24.5538397538725,-24.85949277755782,-25.29345565368745,-25.343621071423733,-25.508079751470685,-23.98394174763121,-24.368102080765706,-25.515579592893435,-25.32969803752081,-25.89503653566189,-26.45510975918406,-27.236756662493026,3
003340.21-005525.5,-24.26609994549973,-24.55630661291494,-24.88541484533476,-25.059177926622983,-25.087149403936863,-23.158387294002303,-24.311337154868475,-25.539103337130346,-25.44609032523907,-25.933394423316194,-26.45242008107065,-27.22872381397384,3
003346.91+231419.9,-24.020513482543723,-24.18050737015882,-24.4928268113663,-24.61372889779045,-24.877356327655452,-23.011747560649617,-23.81841283504429,-25.01061588574909,-24.97727187117249,-25.54774285369836,-26.295279879657556,-27.12138749019802,3
003525.49-035510.8,-24.47669355153144,-24.54651969695933,-24.844960377764277,-24.974752750704475,-25.1348885830222,-22.138485688825384,-23.93874145092757,-25.303764933864404,-25.318911774313914,-25.555282720430263,-26.004845916168566,-26.983591640812197,3
003546.82+041152.9,-23.7902592007356,-23.96844874993208,-24.313418169745383,-24.40790013957781,-24.534601306216704,-22.583220935464716,-23.61621650623105,-24.898151007357956,-24.92293963107421,-25.267565942477173,-25.885894135688527,-26.688623564633883,3
003853.97+013043.3,-23.8161004820048,-23.802434674512867,-24.04809517070412,-24.263811381667587,-24.30100711587852,-23.73168458730969,-23.558022520882304,-24.681568336976586,-24.47942322745679,-25.098091932446334,-25.277754576131585,-26.147395577462884,3
004030.88-095359.3,-22.690147509347423,-22.9663046778099,-23.42627463080041,-23.489631408977942,-23.721009727887477,-22.509690889296174,-22.55237241651976,-23.788780524139767,-23.76367045822652,-24.54130623048033,-24.4465459806896,-25.33390929706877,3
004130.84+183627.6,-24.345690571504644,-24.484717743883508,-24.83796041714362,-25.02730456537904,-25.28628183612978,-23.54987498679053,-24.232631021858573,-25.40298661477976,-25.33336064876988,-25.89672933971315,-26.37076588847811,-27.336063788363827,3
004549.40+182532.3,-23.76134555411075,-23.942439685307008,-24.354823645084014,-24.49868394811804,-24.7054123012943,-22.027724222610725,-23.37251361881108,-25.020394244825784,-24.736757558857565,-24.68256389384024,-25.96521614002262,-26.887203338028083,3
004607.82+245632.5,-23.971113205036257,-24.12815286886271,-24.405741854751323,-24.54601786143285,-24.670793440189456,-22.41953510467944,-23.46113884465926,-24.681627947692498,-24.75483464663648,-25.340599576175716,-25.88215191527249,-26.60735735674466,3
004704.39+331723.7,-23.225448538104164,-23.52955089976721,-23.82519817737951,-24.040911598979548,-24.273482838157733,-21.74345879953432,-23.15472820120357,-24.744824050840933,-24.13852145486555,-25.485802282476325,-25.47727609890983,-26.356376697871447,3
005119.41+254136.7,-23.149157823836145,-23.40742573074316,-23.76194332027265,-23.766831789647643,-23.955541875398254,-23.00775669483501,-23.30330717009618,-24.887168815754592,-24.58411044450386,-24.86834883909536,-24.61710571511165,-25.40261986447629,3
005121.26+004521.5,-23.100585592976703,-23.362650439858395,-23.851101474452275,-24.08237932580713,-24.31281762836774,-22.55182481015981,-23.12908940519836,-24.569155659602277,-24.612481037611584,-25.09580299546113,-25.76569433345157,-26.558157829738438,3
005721.68+094855.5,-23.39552444452342,-23.55470010326523,-24.103207485507347,-24.37660393500524,-24.505888819518542,-21.718962501544677,-22.77367208106432,-24.86352683557616,-24.980155322771072,-25.09111684302884,-25.744078263744186,-26.61299033929607,3
010000.59+070637.4,-24.33784755582845,-24.535720812594192,-24.95325355369732,-25.066678211232933,-25.2150350560747,-22.15759432197702,-23.598805582010897,-25.3362886719322,-25.35222179103992,-25.37012010100864,-26.51995252083982,-27.256721844247178,3
010002.32+001642.4,-24.42496254016234,-24.56848891604514,-24.89930061884444,-24.98419103407628,-25.13463050906057,-17.616516710922294,-17.246697551757965,-25.36240736539073,-25.3381682636198,-25.391700930666207,-26.32290340899943,-27.376660022568696,3
010130.52+195507.0,-23.092531609691637,-23.46759796511497,-23.95180682121716,-24.17101346551013,-24.356200013472076,-22.987307926287407,-23.20730208566849,-24.306152446102768,-24.47000788252307,-25.092199743320577,-25.75483155941023,-26.665412710856145,3
010208.11+020930.1,-23.268312432960823,-23.466393781020024,-23.89232780442438,-23.994185582998277,-24.22302774666438,-22.481743047549884,-23.17885821640073,-24.90169548127288,-24.92931627518366,-25.40789134609692,-25.563268744952843,-26.2608322040995,3
010549.39+085214.6,-23.480960255471302,-23.76543084660531,-24.23109679692069,-24.41527147051991,-24.637063851712785,-23.049525522455586,-23.088237821995893,-24.99295791376541,-24.858137059330364,-25.204961917827564,-25.654963603016142,-26.559294068337437,3
011257.34+150340.3,-23.414037729789417,-23.48752921103883,-23.84210407685827,-24.006275592119632,-24.082793441932267,-21.483189460984278,-22.957613032310935,-24.721455962117275,-24.933241501665336,-25.723777675880942,-25.414839930309117,-26.28001118514698,3
011852.01+110255.0,-23.65599452400313,-23.87652576766033,-24.28271289234776,-24.395434866059134,-24.66843323676754,-22.60357520265585,-23.37898580338401,-25.07281996073776,-25.18022404021112,-25.37060100956182,-26.1293729340774,-27.063420789948456,3
011910.02+013127.9,-23.18384425167253,-23.474688830602144,-24.033660734288777,-24.21619019793882,-24.365469611382192,-22.863525750327906,-22.95899908731263,-24.183625194203167,-24.37364386656437,-25.168719628062995,-25.95954570794951,-26.741251585490165,3
011952.09+105402.1,-23.728241368459205,-23.91140975474648,-24.184541589262704,-24.28866839342696,-24.414390067768345,-22.72100215797344,-22.971545467523782,-24.52105104220541,-24.36964111530709,-25.380127430739478,-25.79098100284095,-26.687865238297988,3
012101.32+034412.9,-23.721766517912386,-24.03819733437661,-24.447818422405152,-24.48816511686564,-24.881151320388884,-23.055026662075377,-23.89471927973697,-25.16747769995642,-24.91785320899841,-25.45278224520064,-26.33380229968482,-27.088023566264376,3
012447.76+320727.4,-24.536864165977367,-24.786411020924422,-25.18345286160965,-25.218436630975063,-25.39385249694678,-24.214979893728152,-24.45033237611872,-25.16912346884251,-25.149406396376648,-25.78290429390516,-26.675289079442933,-27.496624945780702,3
012513.46+090348.0,-23.116868902578865,-23.46187923190591,-23.909705047287996,-24.108918721297258,-24.31171608076213,-20.943303889054796,-22.41848341998861,-24.923590532240684,-24.44679399463444,-25.70143472714529,-25.947368268155323,-26.679672115287502,3
012526.78+085630.5,-24.504096458182257,-24.587281734241557,-24.85362032561342,-25.01715850681349,-25.177921190350773,-23.68585383996888,-24.19122477761091,-25.339796161819766,-25.092213038346998,-25.84224902471385,-26.142213005641207,-27.05003428693469,3
012801.89+090428.0,-23.69526023532612,-23.847635559824635,-24.137661613428463,-24.176497368780296,-24.38125162897701,-22.10538261297675,-23.592771755517564,-25.103920395796045,-25.08698533801407,-25.704929388226493,-26.14918289236798,-27.080599841974056,3
012857.23-011949.1,-25.14709853937474,-25.42261557913403,-25.91618537010896,-26.08500121347089,-26.23861352989543,-24.503843119989565,-25.12730134380332,-26.468287285841548,-26.30335859382104,-26.66244946041944,-27.17578183549566,-28.03156281956328,3
012923.64+085612.2,-23.966626270185746,-23.9886055979208,-24.30495641849121,-24.406990241876542,-24.506844498530263,-22.744734003147187,-23.511786799060022,-24.5603839282917,-24.672285547015868,-25.441659379447945,-26.045314723275823,-26.952417577084915,3
013446.25+274643.1,-23.44722952410292,-23.738759820886592,-24.11979244449714,-24.171969977333976,-24.41492434334631,-23.25650065735344,-23.469924779543955,-24.92652577461375,-24.560762969292043,-25.59096450849642,-25.95031552704222,-26.90494913941284,3
013620.23-023342.0,-24.93177067742664,-25.04656217895106,-25.355391625058807,-25.30721905307177,-25.425495676701868,-24.342225331170443,-24.887729297558643,-25.38323904885443,-25.378993495673956,-25.89815925106349,-26.786545249058776,-27.65230858178085,3
013759.30+020341.7,-22.49467542185759,-22.65948526093897,-22.905348542674297,-22.94781047325301,-23.151185128979314,-22.77216047892569,-22.40124647798454,-23.842850745909978,-23.776477222807145,-24.08477280437433,-24.1800337640788,-25.20412039682697,3
014047.09+291355.7,-24.40232647567012,-24.613560493600342,-24.86145413756513,-24.863735110532424,-25.01261424050407,-23.83622096303604,-24.11424601341111,-25.063495579175672,-25.136856891097164,-25.70393768626444,-26.33906135418563,-27.21051274699351,3
014202.17+112436.2,-23.89873696736919,-24.229523779648076,-24.660861990799585,-24.7398138152448,-25.024257087778256,-22.79958485434342,-23.953922991150613,-25.18680553120916,-25.305679408665,-25.640369520349516,-26.22204078340444,-26.985814680049483,3
014552.72+152300.9,-23.97424139895809,-24.081849745820605,-24.377582937711303,-24.45915554711628,-24.573909040873065,-22.420805399724827,-23.50628667959102,-24.844595885048797,-25.055948197016903,-25.81176271461552,-25.808570370664963,-26.604108669817432,3
015217.49+071811.8,-23.63562062217363,-23.75776204810032,-24.21125541562167,-24.439924938835222,-24.73002372182673,-22.65165228947171,-23.169203492477507,-25.057761340741543,-25.110071671246587,-25.36649692258817,-25.72967107834129,-26.622473407017303,3
015237.06-014358.4,-25.33669489829086,-25.40901503995894,-25.77217284237589,-25.935726078821983,-26.09674507099721,-24.73990221464721,-25.29862026068897,-26.342396168982205,-26.4177942617094,-26.73404086664591,-27.53726036055536,-28.47873940266704,3
015455.66+071156.3,-24.42614801831408,-24.72566240358271,-25.254124376385537,-25.363115115761065,-25.55041087205214,-22.577398785185576,-23.723559847641475,-25.698515234579745,-25.534003875840856,-26.03250806355628,-26.295385435245294,-27.12512134784555,3
015538.38-010631.6,-23.501834846180035,-23.885225597398563,-24.34110600459517,-24.6330228403666,-24.960253988860917,-22.15965359805363,-23.118898153797847,-25.31789455491388,-25.32663808209937,-25.504977395305215,-25.95744409063621,-26.760159500384606,3
015618.48+093833.4,-23.283189488104075,-23.71404061997516,-23.99364891265667,-24.067609262000463,-24.307938796319995,-23.070844811601077,-23.467689400186178,-24.60057114369186,-24.612445509371423,-25.14761744928306,-25.7191348326956,-26.51732679049732,3
015752.54+270038.2,-23.979713675890885,-24.15161737770715,-24.52213224561133,-24.65581813688432,-24.1859983093922,-21.975520711715248,-23.977266188536053,-25.213867261140265,-25.302481877095698,-25.481370585154245,-26.36721690617591,-27.350720778301373,3
015836.26+010631.9,-23.5948834411483,-23.97880369272596,-24.57084428091626,-24.85354548545321,-25.023884752029947,-22.54621015330081,-23.05201101018087,-25.273346660856035,-25.031117868673604,-25.63615843739668,-26.25107860375461,-26.97209396351476,3
020258.80+265911.8,-23.541717886729355,-23.72425791712225,-24.08553932726899,-24.34873607994768,-24.429340503013915,-22.017649347755334,-23.017509326869384,-25.166095458686748,-24.816311597497823,-25.56647899305524,-25.50577094909593,-26.074479047421708,3
020413.08-090818.9,-23.328960921674597,-23.64092856384566,-24.03103772365377,-24.17725619512915,-24.374419052880715,-22.29972786420385,-23.116611743223444,-24.608927634621363,-24.76794613944536,-25.27008908601532,-26.055833186173498,-27.002265568464555,3
020541.31-043707.4,-23.93906388525073,-24.1067052465986,-24.416037303594468,-24.49003794803184,-24.61141544523021,-23.81688345454683,-23.764012862744977,-25.051843269907952,-24.957418644833187,-25.450030501474224,-25.845124455222603,-26.66407575293704,3
020705.72-023416.3,-23.578130514059307,-23.860015986217118,-24.216183919673185,-24.30039981079056,-24.447377951315325,-23.95091170891893,-23.8135871768117,-24.67000368291645,-24.682902223541227,-25.33613225435419,-25.79004012182119,-26.76474524893772,3
021640.73-044404.8,-25.617816722964303,-25.681352226183204,-25.97318604268593,-26.26007563152054,-26.43659981151128,-23.92684355020169,-24.8396751753877,-26.42800896628087,-26.37850970032396,-26.510796691647556,-26.99935529242124,-27.809527193254283,3
021715.25-033212.8,-23.24940529494192,-23.678055893455795,-23.95168144221223,-24.150241838831853,-24.14415329585805,-23.357258152897817,-23.540334535633768,-24.403036057165536,-24.41124111890118,-25.039569755602106,-25.27248526752032,-26.18934376145897,3
021727.38+034347.6,-23.649939413231213,-23.90738836745573,-24.35266903961166,-24.562077399284423,-24.70727851577749,-22.762225511670305,-23.342275542959964,-25.05148462710753,-25.14119066302592,-25.287366685371428,-25.94608838104314,-26.900578127489805,3
022614.46+001529.8,-24.20212727550008,-24.31193378054133,-24.75336385801483,-24.89064902497702,-25.051390074684036,-16.942344352286028,-17.813014066729547,-25.0820912883981,-25.139625573453355,-25.544006456583197,-26.09508152768009,-26.885981498386485,3
023234.39-073103.6,-23.83048145855709,-24.005589959749862,-24.374940868716816,-24.431603224732232,-24.596286479715648,-23.757837619321823,-23.784043579063795,-24.620443089278307,-24.38319276948549,-25.12366085459778,-25.810228429409936,-26.59017686965354,3
023342.57-074325.8,-22.93011839249814,-23.114065582668008,-23.270472116052197,-23.545926621670635,-23.71978609430401,-23.401861008858084,-23.322000482614097,-23.54485573702018,-23.54019640128702,-24.30174878508708,-24.97000561675805,-25.805986711961605,3
023739.82+042047.1,-22.94160360486364,-23.16987143798036,-23.59951189309608,-23.714306806457053,-24.01205839568084,-22.448808951024805,-23.25425645994341,-24.73589737454042,-24.791301235854228,-25.21418591698098,-25.23773759862333,-26.167947021976868,3
024131.89-053139.6,-24.121223043963408,-24.286590488482894,-24.651926072067173,-24.8725812545552,-25.06822045051449,-23.40402290612014,-23.884796805342024,-25.31351317233777,-25.36979893385689,-25.422895237102377,-26.386534570070936,-27.310065303822,3
025221.02+000559.2,-24.604858355963646,-24.876301272306225,-25.26102992136932,-25.326929188445025,-25.521875494109025,-23.440400622180388,-24.288307588671348,-25.774882282587026,-25.61752467287319,-26.040383261343088,-26.47621201919813,-27.31902722509628,3
025508.23-081846.1,-23.68131186295149,-23.746257819762608,-24.105279725584708,-24.28743657503036,-24.49108084756341,-23.3548439772069,-23.291546061071845,-24.338024216499576,-24.333213027224176,-24.72239102703345,-25.45902443488264,-26.322350121200024,3
033706.22-004747.6,-24.230845771490547,-24.567029936318814,-24.98032379029314,-25.283287490738047,-25.38347139327924,-23.02152914089073,-23.428813982963188,-25.3770250223236,-25.42951545122113,-25.77388906362373,-26.57880401344868,-27.51144783471917,3
035648.30-061238.5,-23.79983983164841,-23.93501343200088,-24.32395551718219,-24.423776240753465,-24.592532541104227,-23.32487901961559,-23.827568366651736,-24.858139310798837,-24.67396526489241,-25.32481435055785,-26.15839216167408,-27.11172570856401,3
073627.08+274405.8,-23.53921459822768,-23.742577303897413,-24.05914861827312,-24.20894360478594,-24.37591074496216,-22.66071106266867,-23.20721079376927,-24.46575115213164,-24.47676497200492,-25.10173015561776,-25.45642560422791,-26.228661990984133,3
073658.07+260449.9,-23.79585094909245,-24.057844969025314,-24.406465419007493,-24.5339499915214,-24.656433753000652,-22.50602533012636,-23.899216243729416,-24.810213119472607,-24.733040491667243,-25.167617342062105,-25.871920211272844,-26.59614009954996,3
073844.88+280153.5,-23.97101312211532,-24.21026057426701,-24.47435902827804,-24.44053095829693,-24.60261149114666,-23.411795207601028,-23.94037273700305,-25.064983228210597,-25.065058547515907,-25.302549808481132,-25.81879431308793,-26.640860463683715,3
074344.97+232838.9,-23.675597156157085,-24.082673975223365,-24.470553186877662,-24.47510633009735,-24.698086237754744,-22.34169571745253,-23.32537987613877,-25.27602788414578,-25.181880648298467,-25.49133552446488,-25.580685465911248,-26.365975756052457,3
074528.14+191952.6,-23.944286014083065,-24.183978610835204,-24.46519961489832,-24.47660296035054,-24.624945043251007,-23.727367068416672,-23.936132256278107,-24.92531548150614,-24.813404833674888,-25.49972972088861,-25.98669432836772,-26.866330324932875,3
075448.85+303355.0,-24.182461564797634,-24.45004465033439,-24.877958103799006,-24.90685055425663,-25.08378151340293,-22.748271680505884,-23.782517850810525,-25.504111979290546,-25.500396155235805,-25.739238163833544,-25.98834213459528,-26.704020032425525,3
080222.90+345314.1,-24.176065000667663,-24.290310664148898,-24.674938177335644,-24.92963874158068,-25.06483584212695,-23.35964114642153,-23.791522315619805,-25.40165946396535,-25.54548351153929,-26.000514599724653,-26.574024115169458,-27.51286871287172,3
080519.55+380032.2,-23.88883817571757,-24.28064073589038,-24.818234889897276,-25.01687460996119,-25.259703987606443,-21.933724063630496,-23.26910211211355,-25.574478291247026,-25.30263402564662,-26.11493537055604,-26.751785177545496,-27.69114424196991,3
080816.70+331829.7,-23.77738424336193,-24.028413245150976,-24.47211144056653,-24.686386225330377,-24.80714111380658,-21.71619906216036,-22.888703621705623,-25.18390976474897,-25.331575597738183,-26.090739491405145,-26.41366392227446,-27.39431042889033,3
081014.48+280337.1,-23.78828623537721,-24.177415447360016,-24.484026632507984,-24.622802530022152,-24.799700970146347,-23.00045313121371,-23.81388309777296,-24.69761625378984,-24.677579668186937,-25.174262557563956,-25.435803278280627,-26.228415609783017,3
081313.10+541646.9,-24.234960284358312,-24.53033811594249,-24.90429585504466,-24.96654494728676,-25.142519875687384,-23.48868287556469,-24.31277293059571,-25.34188840564285,-25.314155670394268,-25.637513641059847,-26.68768053274491,-27.564673420040528,3
081522.84+134834.1,-23.961495164242702,-24.072080273866813,-24.497432491415577,-24.54361637164805,-24.523610074127635,-22.77370220198165,-23.880570281551627,-25.105546077276813,-25.1467079943809,-25.111431415013488,-25.919422517244588,-26.724772444481893,3
081607.70+285830.8,-24.2082940551857,-24.288132157106254,-24.64146099157172,-24.813332436833228,-24.909261923918677,-22.230239569939464,-23.874108326294493,-24.828699270725625,-25.108118566066093,-25.3488583466369,-25.972996269691837,-26.807927455267016,3
081638.06+262050.3,-23.71778850052788,-24.044132948862657,-24.39870988668661,-24.57167196454621,-24.68598848724052,-21.741800295618862,-22.73619593769969,-24.99466009338496,-24.9896270156786,-25.38017618878204,-25.80778114449833,-26.568790765201555,3
081707.88+330812.6,-24.23760019378643,-24.343342124635036,-24.70771455178844,-24.82935240235755,-24.917443510566283,-23.042610901005,-23.649255340795374,-25.10907084527163,-25.08444166272242,-25.005509169672848,-26.354319350087536,-27.22616378057961,3
082658.85+061142.6,-23.227311724243133,-23.5483259455316,-23.995488640833607,-24.09377262522995,-24.29447206693862,-23.16270311316074,-23.05923676843063,-24.173524092771256,-24.250644516196218,-24.85956860026823,-25.45478833109365,-26.367308531698573,3
082717.36+305253.5,-24.04473071691353,-24.36186081599445,-24.733167057268147,-24.852686530088864,-25.02041518555757,-22.31283055458999,-23.47553970204471,-25.24632810774828,-24.970139331190037,-25.705256166211715,-26.6216914228215,-27.53006909678459,3
083054.40+040708.3,-22.833355397439053,-23.23710760554176,-23.674464145355664,-23.825962618091783,-24.13867952274152,-17.985251559118645,-17.34259904064691,-24.60928155580356,-24.684657172751383,-25.089067132396696,-25.945510128287864,-26.91667135128657,3
083144.69+493244.4,-23.431928254142587,-23.7290589710822,-24.09171676325952,-24.17376222437381,-24.309449109028275,-22.23907675333373,-23.14420238131425,-24.89310261630033,-24.666594822758228,-25.264985335816966,-25.382928610240757,-26.20762679445837,3
083314.52+274823.3,-23.97301835720066,-24.281682980313505,-24.64540927091497,-24.729082390029838,-25.01026826168953,-23.42492192009233,-24.029253766237364,-25.17634237683458,-25.12359603469342,-25.544781064197064,-25.603185464372768,-26.314705507104645,3
083406.16+244858.5,-24.02989889363114,-24.3070071530661,-24.73183273783819,-24.86400401743332,-25.081092312548023,-22.549266760228345,-23.76004168308763,-25.43800082669079,-25.43838074440198,-25.86624597534528,-26.31235179414507,-27.225052218811893,3
083743.68+273419.2,-24.36820672699473,-24.56760982758368,-24.92244921494853,-24.96559300564008,-25.13345241199632,-24.114791436692872,-24.317341516930373,-25.512980854108797,-25.234504400943035,-25.95922035519581,-26.554630540661385,-27.411821430657568,3
083809.22+422750.2,-24.522511152744897,-24.648624657159367,-24.959069535013565,-25.15438940795537,-25.33305213906823,-22.192957134946468,-23.825095400302303,-25.355903484937027,-25.309763936732832,-25.829636556274504,-26.829091694677928,-27.663622730559855,3
084023.54+170742.8,-23.697769860109464,-23.834080175756256,-24.21529007822308,-24.39252355642456,-24.62571860216595,-22.208234278768963,-23.3977963010057,-25.008325318689383,-25.00648275010209,-25.321070455414223,-25.808402664426744,-26.65757066116295,3
084028.39+442010.8,-23.97726352921074,-24.062819645443533,-24.261432562764465,-24.271318556627627,-24.37323509125039,-23.493282501856875,-23.681782594882662,-24.967324406461312,-24.39596638662338,-25.320594115830826,-25.866936286981208,-26.66481311949676,3
084038.01+124945.2,-23.784050034217216,-24.00972221226303,-24.32646669727025,-24.400944928635223,-24.53801713585212,-23.00516872435555,-23.324427431972005,-24.949785246640943,-24.903504574892576,-25.412785694084143,-25.81484190603692,-26.68021244675761,3
084058.64+412520.5,-24.619843265293976,-24.68598500782604,-24.976847976792808,-24.93640057954937,-25.00902730461445,-23.297978925149067,-23.74141073269407,-25.01906422807367,-25.04843661822344,-25.49176223659159,-26.10261864893722,-27.05500645240793,3
084141.67+405237.6,-24.606136090217277,-24.82373199252724,-25.1422242783719,-25.348172981933093,-25.450203337472857,-23.16736435107624,-23.83036245917973,-25.707843857116185,-25.594607890516222,-26.30715867123598,-26.772366755481148,-27.619990031905843,3
084349.49+411741.6,-24.966613323321504,-25.08771879789497,-25.29555127431253,-25.42868148205036,-25.58243493991245,-23.80726329367493,-24.25506167485487,-25.29278003000404,-25.407553972309167,-25.472569167015905,-26.603103964034556,-27.573588309170685,3
084808.36+083208.1,-24.24720215716046,-24.402029181889503,-24.826831558298363,-25.016351916404663,-25.086147775708056,-23.953183785179995,-24.07111807188839,-25.09299812382727,-25.10656751905511,-25.544712941275304,-26.46095993628137,-27.29287600920093,3
084822.24+274554.3,-23.741435801121064,-23.941137133563192,-24.270296936364797,-24.31822019999903,-24.43014375206452,-23.33973718748275,-23.473887854784586,-24.933446679309164,-24.693238065294285,-25.205230760597203,-25.62835487612063,-26.399769722881626,3
084842.26+175145.5,-23.504077987830915,-23.688273251804414,-24.035735595196485,-24.148727993355127,-24.384717647244468,-22.53406345785629,-23.42863764381297,-25.109973420351448,-24.529100232618404,-25.329629236060825,-25.815707104922904,-26.713320890093435,3
085051.97+083026.6,-23.168844221891312,-23.40680776826711,-23.77823391113906,-23.918733929955003,-24.04900614573725,-21.144344981621877,-22.40524979619121,-24.446068676724725,-24.60699806099552,-25.277872929639333,-25.937804517593648,-26.862313088717503,3
085053.12+445122.4,-23.493230076158696,-23.791774616878307,-24.312721202291417,-24.408424538375943,-24.5802654525761,-22.102689573658093,-23.11712371386762,-24.563439637006564,-24.448921501200477,-25.183249805251048,-25.817289730239555,-26.65647158082455,3
085147.00+073053.7,-24.710578622044697,-24.86618765118205,-25.233525197071323,-25.357169449733146,-25.48638176958317,-20.806222075668213,-24.25899425374496,-25.913929586798243,-25.24990889573496,-26.065731018184884,-26.205866237024917,-27.070677436889845,3
085435.84+311020.7,-24.582507825944365,-24.756890666134705,-25.18274646887326,-25.399886633158875,-25.614862749969383,-23.808014700906085,-24.406708309063376,-25.69492579644705,-25.72279268242124,-26.07576894425548,-27.170491943984995,-28.06486029691496,3
085725.82+213041.6,-23.21763025564221,-23.6524733387596,-23.99896695329863,-24.178887795465208,-24.4287115864888,-21.049591908458307,-23.22127003424728,-24.81351948429009,-24.343985173091564,-25.32291019028809,-25.361999467463605,-25.942524681020288,3
085813.33+203746.0,-24.309260899224927,-24.433951433196764,-24.750922360137537,-24.802005354938093,-24.874053044087283,-23.782576637311163,-24.335773632615226,-24.754575277501083,-24.676315210229703,-25.087364163425303,-26.096110501061283,-26.870965670769277,3
085850.00+255146.0,-23.45043215564392,-23.681554176487804,-24.121106526597483,-24.258181945295757,-24.3937852101948,-21.6744081731714,-23.504930319460183,-25.12023881298914,-25.39062842295822,-25.47863474781165,-25.808820190302075,-26.60024557900502,3
085924.35+463717.2,-24.91009665015461,-25.19998744040252,-25.512660863452847,-25.52050366073508,-25.64717538149584,-23.90801136236709,-25.068174678827283,-26.106120287474884,-25.698284489790307,-26.12587363292411,-26.896075369353927,-27.77839513564594,3
090420.88+013038.0,-25.137078784470887,-25.30361564023966,-25.68902278943605,-25.801655071691904,-25.886777398293976,-24.63140533322545,-24.864592576000284,-25.961978260648287,-25.935762285683445,-26.49207094239116,-27.603436169966216,-28.54233034011036,3
090544.26+371028.9,-23.16868792300844,-23.444751067350488,-23.927888085862552,-24.157762320325265,-24.367571416086,-23.4249039134387,-23.375119885769344,-24.611433111358323,-24.81388836350444,-25.669421659016287,-26.37816050557249,-27.327343628158555,3
090745.28+532421.4,-24.215400024338027,-24.3142751006891,-24.61062255748924,-24.613690423000783,-24.699053674456284,-23.353387311863926,-24.12802894318169,-25.050514583163544,-24.875515255277417,-25.259011340232934,-26.15172211151342,-27.04030389392897,3
090916.08+163522.5,-24.964017352466776,-25.005003751785107,-25.29705709670853,-25.47407897040736,-25.62713854233118,-23.31589250774933,-24.82982384399473,-25.753597970292223,-25.65329492799331,-25.96286416889357,-26.761566050266303,-27.695287056903204,3
091239.76+454655.8,-24.309752110206627,-24.53913423505644,-24.88470073633312,-24.9187206846286,-24.992045381243983,-23.77039129776193,-24.48220378181396,-25.267940829543544,-25.104951295476667,-25.977438293009858,-26.53681801072468,-27.34925581608231,3
091440.38+282330.6,-23.980419307300718,-24.02278673390593,-24.29743764361925,-24.37861909205829,-24.43404349069376,-23.76299427127773,-23.858252985510155,-24.870924095408284,-24.80885558211941,-24.92758140511685,-26.03183066048679,-26.910564400188647,3
091638.02+183815.2,-24.745376379709445,-24.883137856702916,-25.2307676778286,-25.42288863079333,-25.51286421916478,-23.563641656653907,-24.82121285336896,-25.768200434493373,-25.637610485501977,-25.862921917370453,-26.37172138794599,-27.283512197118537,3
091741.62+034012.8,-23.213770614462025,-23.41989347154803,-23.6884937623795,-23.728336391712556,-23.84473782119977,-23.28062020044114,-23.233397249923424,-24.11285387413141,-24.088903506069315,-24.727001102626584,-25.219559608382305,-26.11797718714347,3
091845.91+060226.0,-24.250080591466396,-24.4669708377644,-24.751147067726222,-24.723442301762123,-24.88296536203578,-23.37101425957612,-24.11188947223422,-25.17005976589556,-24.73803741987948,-25.264678830222724,-25.969727304049023,-26.880389604956164,3
091858.15+232555.3,-23.75555812030069,-24.11299079117254,-24.483047441954145,-24.44367169372404,-24.630585708187517,-22.906949636127496,-23.24889975932912,-25.136937202115966,-25.213772616623665,-25.454524311258577,-25.90355443408506,-26.732927732521077,3
092105.50+290012.0,-24.9854744508082,-25.1344127541322,-25.511554621209985,-25.652799590957617,-25.81149972873327,-24.36586500717773,-24.776020890505205,-25.92140474546365,-25.899643307328255,-26.27232856349304,-27.022096545362206,-28.012196882254948,3
092131.37+135048.2,-23.60086766820884,-23.91181136225612,-24.263881107371866,-24.289079560427204,-24.573895823275283,-22.547465890906956,-23.585451597023297,-25.196641345249983,-25.13211156146757,-25.78883145952128,-26.08274371834928,-26.80787903756036,3
092358.79+584906.2,-24.85651366713684,-25.018706973641045,-25.415362575186094,-25.517780295198,-25.59473409310188,-24.38730979955506,-24.478150746849025,-25.607913648616424,-25.567815525738013,-26.151701308613045,-26.82228561245861,-27.791314443387883,3
092423.42+064250.6,-24.036245559582703,-24.25556314208818,-24.58775902926387,-24.68200097442611,-24.86683744809192,-24.44454148602885,-24.23787204582904,-25.12384908092079,-25.143982258235862,-25.62669924935157,-26.150399334402017,-26.98692644015812,3
092441.81+295848.3,-24.078473069741,-24.23770152393647,-24.645211890275156,-24.76687569340051,-24.88112258286692,-21.993183069242924,-23.92820237481134,-25.214208670673468,-25.16662633761464,-25.808947302618176,-26.137572615011106,-26.96659219717613,3
092517.12+181247.0,-23.796282409258637,-24.0227706210266,-24.3952780049572,-24.474955520268324,-24.55034102996079,-23.122909145674505,-23.2050498885852,-24.991662908393668,-25.057758279379662,-25.171675450569573,-26.148822698580208,-27.17550979204297,3
092820.79+390446.3,-24.689728029158783,-24.819634560247664,-25.239575460478427,-25.46407099835084,-25.37960755174222,-24.30498402919333,-24.014164124231936,-25.47533295169039,-25.358029369467022,-26.02282944001505,-26.93136740291397,-27.810602296251822,3
093307.84+174534.7,-24.181380337141047,-24.3533214926221,-24.71030691638426,-24.85229065166581,-24.912602754362783,-21.98116717264107,-23.999670119816805,-25.5177878468925,-25.155564983064732,-25.748291185230556,-26.242637683757952,-27.171218725597384,3
093456.60+193740.1,-23.039320692740915,-23.212538363119627,-23.597302178180808,-23.64556637436928,-23.83909409759909,-22.480910864158005,-23.15074273518831,-24.43966004798808,-24.498732835082645,-24.91299059807024,-25.1849966465874,-26.120976633939005,3
094033.75+462315.0,-23.839052957264776,-24.119200448755464,-24.671153142767988,-24.9426410306359,-25.095139689152468,-23.30067732974378,-23.507852995414183,-25.0872763213884,-25.19947258458745,-25.92409722310824,-26.5193076433662,-27.506276082875317,3
094040.86+220250.7,-23.44896806917569,-23.775186382775985,-24.158794782459854,-24.2023136357908,-24.354301775296477,-22.09510047151136,-23.91786195519352,-25.0612069757296,-25.407901376520226,-25.681258984055734,-26.17718799794298,-27.10928441433327,3
094418.84+233119.8,-23.751693055176396,-23.993650597268584,-24.41463128868476,-24.541213009162853,-24.669793108441333,-21.88405319851505,-23.788365012828,-25.24994513706933,-25.58085064512467,-25.899905345219857,-26.38646107758539,-27.124649558404368,3
094430.79+435421.3,-23.402411494542683,-23.61574391752879,-24.02835818639702,-24.126153266343845,-24.318349602015267,-23.5290142443422,-22.875361989722204,-24.23699732795306,-24.36405343118125,-24.90091670933058,-25.55860972751545,-26.243108161757647,3
094735.08+583046.4,-24.351224718975413,-24.401885230933363,-24.671768621568567,-24.782862275959573,-24.94700676077205,-23.027384629290918,-24.09595139480945,-25.071789182134285,-25.080845872507265,-25.41875699473578,-26.07200546777244,-26.95409197061666,3
095206.38+235245.2,-24.104035756658547,-24.323000841006472,-24.609672418387635,-24.796835873386968,-24.91063759162435,-23.60873274573072,-24.376642060216582,-25.35126799113126,-25.33616794653861,-25.868548299186635,-26.23195855036149,-27.054865851083505,3
095207.47+213510.2,-24.52057675689393,-24.59612120005667,-25.03437892929235,-25.19416028343137,-25.382736033593236,-22.766996745855952,-24.262642736858936,-25.66885934306191,-25.45298076400932,-25.961199131596857,-26.54309931862557,-27.5073215424964,3
095303.08+503025.5,-22.471183155302736,-22.602182586587222,-22.857980600417772,-22.88163415762619,-23.128730470465783,-22.03907461908465,-22.205672353105594,-23.628584323807225,-23.278607879966373,-24.041883753552973,-24.471787162004464,-25.326962962147004,3
095616.39+123436.5,-23.92144739485576,-24.165692467929777,-24.603675926163053,-24.78962696586987,-24.989743138769576,-22.582584066034084,-23.67578706600935,-25.18526285971006,-25.21042325203141,-25.605663459595213,-26.237874918937525,-27.236585304258227,3
095651.43+164644.7,-22.83835494804584,-23.2242698317306,-23.560877567510182,-23.64769138065389,-23.90171812577726,-22.31551235780772,-22.51272127856981,-23.80773979176101,-23.876036048673484,-24.521935652075044,-25.28039683958925,-26.183213769331097,3
095702.81+563136.0,-23.58696045047784,-23.83959710149406,-24.207054286111852,-24.355258289149628,-24.432263429353668,-23.66228124789683,-23.53303937693092,-24.670635881451936,-24.514433237135083,-24.95179897924985,-25.194856669582357,-25.9904395810307,3
095711.78+631010.1,-25.24428523271237,-25.46843673675928,-25.80318977860556,-25.86629608897266,-26.074979139558888,-18.712317298679096,-19.10940417310776,-26.343898240283888,-26.263598344462142,-26.534185506924903,-26.91994298754101,-27.87646068356037,3
095811.91+210422.5,-24.00487107822829,-24.03963154012958,-24.363050808513776,-24.497066974632183,-24.649843495855706,-21.95896728646203,-24.00989933514928,-25.232475688938884,-24.433267924857443,-25.66866134863176,-26.01348922637117,-26.9134711351178,3
095837.83+141221.2,-23.57543591003423,-23.75332621151856,-24.068711072999225,-24.21127279538356,-24.29067602954801,-22.495505377829225,-23.71853155754839,-24.858992878825468,-24.76946623259717,-24.877628800469225,-25.3490119511025,-26.179871337904363,3
095905.92+430417.1,-23.9866306191073,-24.2734595425983,-24.59313809350403,-24.64852387267162,-24.87181889243261,-22.71257716817093,-23.900531705209502,-25.294629574812458,-24.83109122801127,-25.34098744765117,-26.03605553342239,-26.885832379144382,3
100102.55+594414.3,-25.64091643240154,-25.724829029941382,-26.10634036618451,-26.26649454579162,-26.33472148068244,-25.169076739408183,-25.165134199092066,-26.35167456336981,-26.37718088895696,-26.678446338592064,-27.397527652160537,-28.435306409091133,3
100157.28+372645.7,-24.41887498319472,-24.58346191515349,-24.939706192600685,-25.073858791301117,-25.24763188966258,-23.79522187922327,-24.19465131435644,-25.623916535865742,-25.563303724643838,-26.023032644634533,-26.48748046237757,-27.40222501642496,3
100254.51+324039.0,-24.211278579473625,-24.48147991783833,-24.90761940903603,-25.084826898385703,-25.27300953122303,-23.4969549197912,-24.334099781038493,-25.310559585176303,-25.136531256287476,-25.52521634165267,-26.74575859852343,-27.565959630586296,3
100306.76+681316.8,-25.590606440198588,-25.863497869983394,-26.324095482452723,-26.610316982294343,-26.73219012423476,-25.01975300526674,-25.278970241910592,-26.993916241529423,-27.046819486430795,-27.40458199906906,-27.906243227147986,-28.760105929822,3
100409.63+564630.2,-24.66252302219529,-24.80556421777788,-25.12173983133197,-25.268015409711552,-25.403949105023443,-23.46240917933255,-24.592101038149544,-25.394993704100987,-25.5268063242947,-25.64694568133668,-26.272101109691864,-27.08649995091893,3
100558.91+305252.9,-23.37746605236651,-23.570167200971603,-23.830356561293407,-23.958267563397595,-24.127886008590583,-22.693403478431687,-22.814782736786466,-24.42706183536125,-24.29266285770393,-25.392930326883427,-26.15582463245377,-27.104174713012284,3
100954.77+522052.8,-24.528619461312523,-24.653508755559347,-24.861574527782302,-24.911171778335905,-25.070722581615364,-19.77134253345914,-24.33210558977117,-25.47560064411795,-24.634869677085256,-25.73260560088183,-26.225850129301584,-27.21617089288274,3
101425.44+244903.1,-23.896157418962105,-24.02279762769004,-24.399460398254472,-24.52329997513096,-24.8229003382344,-21.828307616802416,-23.37500929672488,-25.31979949561257,-24.720679485397408,-25.32729334982068,-26.013013591916376,-26.941988452729746,3
101443.13+581743.3,-24.44279629361478,-24.66736040201049,-24.99504387876578,-25.102977661404708,-25.23785889340143,-23.70962664426164,-24.527461809945407,-25.324760891580965,-24.96265828713065,-25.723939392321007,-26.342194248593028,-27.033918588765456,3
101557.05+010913.7,-24.988909844970863,-25.188541221810407,-25.541956046651872,-25.567175603176032,-25.768998409133427,-24.68882339955095,-25.14711610158133,-25.99417400359019,-25.91836277423328,-26.092895017393047,-26.7613004171476,-27.5454691430596,3
101635.40+614940.9,-24.120371570661195,-24.234311546110277,-24.578080167592272,-24.784100941788044,-25.05557512962964,-23.06994800425452,-23.859196911902316,-25.26130735257854,-25.083376575113327,-25.44065461176529,-26.283878288138045,-27.303776484249145,3
101652.60+194309.3,-24.60467872327846,-24.779692248295422,-25.12598484032849,-25.2843002810302,-25.461137298119358,-19.13395550377703,-17.91330028931077,-25.65847708825708,-25.44123863671653,-25.99813406534094,-26.75270488698285,-27.654511528591232,3
101702.11+353405.4,-23.56794700578143,-23.910482998351537,-24.36179168200051,-24.539659141530134,-24.74379580038928,-22.68750264465957,-23.34968997620573,-25.06332222596136,-24.981434426186567,-24.58425644308362,-26.543314252605533,-27.48533195127157,3
101707.63+095452.4,-24.244310840656528,-24.39557314196464,-24.760163550643608,-24.742312680475436,-24.909054100578928,-23.161931379146925,-24.48099389568724,-25.310002529206624,-25.234936173909265,-25.72022743718042,-26.203027979101737,-27.01018322519867,3
101923.86+534816.0,-24.194887410122416,-24.44132927618316,-24.75148014293025,-24.80768910002815,-24.880794034813423,-23.77470185724145,-24.328447534152676,-25.37641266724555,-25.14240018148605,-25.66826999911399,-25.988813306264127,-26.919851052097044,3
102134.27+255102.6,-23.572734935798568,-23.77708613166705,-24.021313235304174,-24.03831819833672,-24.18162647232572,-22.628515322482805,-23.447453359840704,-24.77135308740054,-24.44862812470714,-25.449537784665512,-25.55362453780866,-26.454813336281145,3
102157.91+263823.9,-23.953561182460238,-24.12242033229169,-24.448788137529817,-24.553249678697927,-24.729202785964578,-21.49905075402901,-23.85919079324607,-25.121922002931328,-24.36873103633325,-25.301961593543822,-26.06698454283886,-26.91763004152277,3
102217.60+281905.8,-23.16713064777414,-23.34913027556628,-23.78919297806385,-23.87559438563696,-24.054144606917504,-22.93888456894005,-22.979467805920088,-24.2922979664705,-24.31137710721104,-24.83064710650732,-25.300365423612647,-26.053955314216765,3
102218.99+013218.8,-25.18409597984761,-25.227889435177467,-25.488136925827487,-25.529643496231905,-25.624632966693337,-24.585196036448075,-25.013597486099897,-25.68353918688314,-25.713687761806145,-26.214286074549708,-27.112250983902708,-27.874771588622043,3
102325.40+274639.0,-22.415835055417205,-22.631451471516307,-22.873586785342464,-23.027381772133488,-23.23382822011117,-22.380747650441197,-22.36673456864914,-23.16064829902428,-23.18667400828459,-23.87558577070719,-24.31979186013139,-25.07841686886765,3
102432.87-023343.9,-23.166464807884815,-23.541279864935483,-24.078046906527533,-24.34924111417056,-24.431848438768213,-23.381432371236624,-23.58861270951903,-24.66998927461569,-24.920885624293145,-25.487646405684742,-25.64429655101974,-26.52895461843848,3
102439.31+290014.8,-23.521313321205724,-23.731619816155064,-24.020713443288948,-24.019019618201337,-24.09736972735889,-23.16100029575093,-23.993586516080903,-24.76275006257692,-24.584339223593886,-25.68896610150625,-25.61556790335036,-26.56990673091356,3
103312.52+501849.5,-23.673194535960874,-24.14245526796745,-24.58942220131184,-24.73074254813299,-24.91709976557022,-21.64539621134025,-23.04553236889074,-25.1390365296865,-25.14356457003509,-25.855862742317264,-26.289560723476736,-27.144274378466758,3
103430.55+241224.4,-23.55782754136027,-23.751770557454652,-24.00512837504444,-24.02767720627882,-24.23027556915716,-22.389591580784813,-23.43355369942472,-24.467374275494368,-24.53721614983863,-25.1240097328959,-25.911862434229292,-26.72325598354036,3
103444.85+160056.6,-24.40652604306502,-24.52042939904412,-24.894718206276977,-25.107878659088342,-25.351292247602046,-22.673896401194384,-24.25320291675462,-25.694446460369523,-25.54388175098548,-25.57928151260749,-26.622309263864764,-27.575333067069277,3
103703.91+230330.3,-23.63228385536048,-23.737157379967847,-24.126368795725043,-24.265026361317076,-24.5325409979445,-21.53604177431019,-23.468698052017952,-24.77443703462811,-25.43295225089188,-25.804899033901837,-25.72708734998493,-26.607892077328664,3
103848.12+372924.5,-24.130204247762794,-24.370064948662066,-24.747363684097994,-24.825927542317007,-24.956379156523788,-22.794202559608305,-24.13959523154364,-25.41218493319369,-25.320427295051307,-25.431354560580395,-25.899495465664245,-26.60276476478915,3
104146.77+523328.2,-24.88656189652112,-25.02227562164807,-25.324439842557428,-25.25023827529049,-25.39939752620149,-24.632159559818685,-24.432502460640794,-25.248756498468342,-24.9568059760734,-25.793763489126466,-26.40994934312781,-27.243660193656847,3
104335.86+115129.1,-25.779138670120386,-25.950438007480663,-26.2595727451846,-26.353290642006733,-26.479098719310763,-24.91027324152423,-25.47232200296854,-26.429049648606043,-26.38799955069374,-26.79526136182117,-27.72146460153536,-28.681238289886757,3
104424.95+465213.1,-23.718467743267222,-23.951898111050564,-24.2540226604658,-24.36293226181084,-24.40587098362112,-23.955409889555668,-24.08833745625196,-24.363305966811872,-24.44896063904661,-25.22016410438541,-25.742627158779463,-26.485345491218485,3
104529.74+013350.6,-23.98253327392609,-24.184352880963058,-24.55157898426598,-24.7514264084578,-24.82627594125547,-23.553943999849043,-23.62329572941999,-25.00457326656347,-25.06016919698205,-25.364995285529336,-25.91036724502355,-26.953307962489006,3
104839.02+234458.8,-24.17483127354176,-24.2786851136564,-24.55788537039828,-24.720806817213827,-24.941664244188424,-22.706737784118843,-23.99531123975234,-25.158876976194303,-25.22315470445277,-25.36039048729617,-26.300125165133664,-27.159145706886424,3
105118.31+325752.6,-24.366896082620062,-24.545308228238984,-24.86233941698227,-24.855508760456537,-24.983692744646607,-23.71886049594149,-24.039639436987017,-24.86427661321512,-24.845039657627577,-25.50577752125047,-26.38937298777068,-27.23577377824197,3
105256.96+372831.3,-24.583314894684374,-24.691269060629576,-24.988646134464517,-25.135932592350397,-25.37742281235064,-23.40595729695016,-24.490103762557656,-25.27073857276412,-25.346791482503143,-25.73553176560579,-26.361424281991496,-27.2591551628948,3
105540.81+421241.2,-23.5825892222033,-23.753641522429607,-24.02281547500555,-24.103123527435585,-24.164199137414656,-23.771871552305623,-23.346470769204377,-24.390833314837835,-24.37267115941751,-25.177745140875903,-25.286059629236632,-26.159694974852037,3
105544.09+210642.6,-23.528141217429884,-23.70884534893856,-24.164811530283973,-24.2861478689872,-24.45236021668238,-23.010761390747923,-23.511445028310725,-24.76963019975056,-23.753111615286567,-25.39821270564445,-25.575234388611317,-26.381013474701493,3
105625.27+163621.0,-23.09112423951157,-23.329568786098108,-23.742476474000977,-23.84505031318914,-24.02046858445143,-22.259287146874808,-22.492509767562048,-23.77303663137291,-23.594751327366616,-24.2044125586826,-25.132616309760333,-26.046622720803043,3
105727.54+213722.9,-25.080284939086813,-25.202591479647133,-25.56402693208824,-25.678696204505336,-25.80669179659964,-24.01577604499273,-24.82111401497243,-25.8281029508656,-25.44807220330037,-25.64062487693315,-26.39795929411473,-27.23684922644417,3
105829.18+243437.0,-24.616740829463037,-24.63173779207717,-24.87572118925732,-24.980880738473044,-25.1558405773259,-23.81103606999105,-24.437352596291397,-25.33485155094967,-25.44808655249065,-25.74135239540276,-26.487298593520613,-27.45717480062197,3
105910.89+051935.4,-24.050718863901672,-24.26685159516864,-24.62013144932997,-24.74878479775588,-24.90184819539873,-23.5479006068482,-23.89898649668827,-25.20385275069724,-25.005886233921355,-26.026654207413,-26.33066108751672,-27.225945332390665,3
105958.82+251708.8,-24.12097122691277,-24.240557672133065,-24.53409354950181,-24.563322426162507,-24.65017797096512,-24.373650085249253,-24.216397023385493,-24.88832411035885,-24.796683501314508,-25.08209517842016,-25.89408827973434,-26.75467798719857,3
110535.66+310804.5,-23.765413116656845,-23.854113055977493,-24.22219461412827,-24.26491566287776,-24.394014351379365,-22.75180016240003,-23.354292488381468,-24.280880707268736,-24.2897939374424,-24.96702213362298,-25.694393540460126,-26.678183840160543,3
111206.94+352741.2,-24.66379361663919,-24.769903380782758,-25.086885581726563,-25.17809993315292,-25.32626248515968,-21.939143302299644,-24.620618671304808,-25.490661863660005,-25.05017113539124,-25.80497277143934,-26.33526542082805,-27.282572823576817,3
111239.11+353928.2,-23.821088466083182,-24.021832053591044,-24.255603512038903,-24.293224109358142,-24.42292521038568,-24.06022446897056,-23.945298054680485,-24.71200896816848,-24.736138233787653,-25.127041118226305,-25.94997309049519,-27.00359194675904,3
111307.45+253108.2,-24.479525530455312,-24.55769256476207,-24.8373333695024,-24.90580793921867,-25.00303794252272,-23.891607839944776,-24.316764701411795,-25.208487985382423,-25.210827786472624,-25.58343398708892,-26.421780548251014,-27.366209090124844,3
111438.71+403720.3,-24.390168755817488,-24.618089257455463,-24.99164858671822,-24.99850947165688,-25.18138973707242,-23.80256684943801,-24.197509594707984,-25.427959066600085,-25.067405636608974,-25.897976722216555,-26.20278505125801,-27.02373404621368,3
111458.11+511738.4,-24.435194543890244,-24.590871484456937,-24.917243357272586,-24.98022942643806,-25.09061428502658,-24.476011977500622,-24.10486549571555,-25.00137596827709,-24.67642350428106,-25.62457031361846,-26.62130225856729,-27.59207631802709,3
111537.94+542725.3,-22.392693807530613,-22.585779586640918,-22.99089129402929,-23.160092451306944,-23.432257075010494,-21.93110598805427,-22.687467077896848,-23.969862526255376,-23.862800268275308,-24.44983996728932,-24.93388109855517,-25.67119457015064,3
112021.13+404517.2,-24.231118391688938,-24.425612479525867,-24.870768273570736,-24.97471189122168,-25.162073159268715,-23.66072092493764,-23.65879406106134,-24.570657081966576,-24.52790825181726,-24.96686918552048,-26.12426056785518,-26.9861189818056,3
112209.46+192204.8,-24.141162915339496,-24.2843338266962,-24.70213513594035,-24.77533621897912,-24.89591617503728,-22.91486767221591,-23.864245332889592,-25.041762308182097,-25.04143355026157,-25.74814707763655,-26.360263586891808,-27.337443265249703,3
112621.25+343628.9,-23.47836505350241,-23.6692007436668,-23.95451094236121,-24.01184547688284,-24.181383252366555,-20.94326924055064,-22.498031900101065,-24.47990032176296,-24.31544200250002,-24.70079591751761,-25.17209588569387,-26.02647124688429,3
112624.58+414155.7,-22.66534593804216,-22.97454984129384,-23.313034910815745,-23.43714884150098,-23.69741073882031,-22.04154545986061,-22.45726420635265,-23.970403713844465,-23.99454352846737,-24.365732673616687,-25.16518688165598,-26.053529357933275,3
112736.38+265450.5,-23.57487354959684,-23.80472542171015,-24.274693226374488,-24.368696127650946,-24.480136272434027,-23.457966553481977,-23.42873319178789,-24.200190399402825,-24.355066780211143,-24.91142070521033,-25.484788508778607,-26.303241748568684,3
112843.08+462529.2,-24.64496732406428,-24.756093269722363,-25.12295199400404,-25.30474700049753,-25.502052228680288,-22.883989067833063,-24.502350774509896,-25.58432828275415,-25.540145908221863,-25.835618474651568,-26.472747412081063,-27.34731234603844,3
113245.23+244840.5,-23.11611641366159,-23.36980535620046,-23.826173130143253,-24.07326944590877,-24.370951404000724,-22.108761538443,-22.62755870437221,-24.421295337406224,-24.358013391716767,-24.880316429216496,-25.24044145734695,-26.039066031184905,3
113321.24+130643.1,-23.69321585102658,-23.89825571683813,-24.3313647953246,-24.51913676662423,-24.656598943690856,-22.270606287006505,-23.551281442608783,-24.71624062472269,-24.59360080685329,-25.260307341772364,-25.980456215148568,-26.85665877082598,3
113338.63+220026.8,-23.26892743092327,-23.75933534762687,-24.176647604004017,-24.29015398193901,-24.472707259610388,-21.57394530500796,-22.3981592141047,-24.5544116766559,-24.567279711904245,-25.603300496167638,-26.37897257860221,-27.32133250838683,3
113427.80+414722.0,-23.67259150080794,-24.014453406828927,-24.36485836128361,-24.392917229759117,-24.59314306727433,-22.17343489685345,-23.296652527607076,-24.92332204324754,-25.011500845693323,-25.30288312514734,-25.837746023758104,-26.83386546620285,3
113809.20+680738.6,-23.605495839765023,-23.84524300228392,-24.250713447926422,-24.394328426757284,-24.54448555005196,-23.27377174584413,-23.54079374800081,-24.58485202647978,-24.608016939326014,-25.01935221698287,-25.298479635055173,-26.11122550917416,3
113944.64+121436.0,-23.641551238373417,-23.864305025400384,-24.350308253092063,-24.509038091627414,-24.70212034257089,-22.84319385113451,-22.873148472819025,-24.786127333819003,-24.78863911655723,-25.527421379398465,-26.087940532560147,-26.90707962156779,3
114046.06+113649.5,-23.762920026505743,-23.959360777113005,-24.20547473238495,-24.26205594907813,-24.37026047029405,-23.73715982846534,-23.84598172625349,-24.63485041294789,-24.53062383205052,-25.470320691290265,-25.71667309860808,-26.55648001645237,3
114114.61-032623.8,-23.89036649399208,-24.11457637790742,-24.53678685308779,-24.70586450365785,-24.835717429710588,-22.04531228381991,-23.302459700352795,-25.118801228970295,-25.563245883324527,-25.924246189285032,-26.711455434381072,-27.642816117413822,3
114552.18+620633.6,-24.7052014189942,-24.80572861251048,-25.091452684044214,-25.252285954868707,-25.331223860712463,-24.49926051354013,-24.814763767281413,-25.43535559878761,-25.478119503448102,-25.897296108436244,-26.72940641733956,-27.692332143535992,3
114804.00+453428.2,-24.48242540396899,-24.510115021284943,-24.7405596080016,-24.7159926852708,-24.81537751445208,-23.79042941530718,-24.128466538876832,-24.711658910319898,-24.8814012443105,-25.461068447720468,-26.02774946510069,-27.005719337959007,3
115050.82+110725.9,-24.021745775945867,-24.264314792652783,-24.638034231660637,-24.7470253167058,-24.93701622087401,-22.92592634217003,-23.325775603109744,-25.2141675316182,-24.83150745628592,-25.168426498923047,-25.641402952743267,-26.39197647294534,3
115109.30+472855.6,-24.67256389767302,-24.876711471286796,-25.18621845180582,-25.27508713887876,-25.37597361798284,-23.58018356133712,-24.478625025168828,-25.717746332350867,-25.29512793069643,-25.945627708444533,-26.51307392810936,-27.285303200675795,3
115504.07+034850.3,-23.81746449330991,-24.292210543070272,-24.52656628561858,-24.5349401447495,-24.685632228859856,-22.013921618708405,-23.761734321550424,-25.321238394459037,-25.60964808031529,-26.02079103004636,-26.599894909279307,-27.410212245591165,3
115518.29+193942.2,-25.594921076292973,-25.640595942171352,-25.963123570544788,-26.02483649752334,-26.14737944699346,-23.76701775552196,-25.04862853231351,-26.456482090106608,-26.45565263429448,-26.963727034054884,-27.49990152624488,-28.3843896626695,3
120216.23+262604.0,-24.478274036753785,-24.653194078452845,-25.033884084671648,-25.26620205297333,-25.342080275740447,-22.82211824914575,-23.97880022808454,-25.519227542603552,-25.65928021527928,-26.179934531759365,-26.92827304188761,-27.839429688392187,3
120303.29+355736.4,-24.92862966154521,-24.92954083623744,-25.21913716497287,-25.429339726398965,-25.661812183971417,-24.20645792471513,-25.069948145709485,-25.60661641786235,-25.830634987068585,-26.169332123226564,-26.94029834920868,-27.938913565183935,3
120329.85+480313.6,-25.62844521050916,-25.61704438230864,-26.0160021670506,-26.04027859767843,-26.14865625016271,-25.22411914493827,-25.56070834603313,-26.22426036234869,-26.14450798745386,-26.34680286198877,-26.378401669156403,-27.237559957727512,3
120333.19+513014.2,-24.699633137468616,-24.914150002252864,-25.34330122636477,-25.47571199916012,-25.65036316148606,-24.052429235511383,-24.78827451680894,-25.85236555044997,-25.78240292309982,-25.809220133741647,-26.2923001964543,-27.20344503769512,3
120633.07+412536.1,-23.35743534598315,-23.77249053902317,-24.382760914935336,-24.55784045876112,-24.779911892245863,-22.33099885033408,-22.108471731955724,-24.698312275927226,-24.818067737016133,-25.543581201804678,-26.35729626010788,-27.28559726482356,3
120734.62+150643.7,-23.46587278938776,-24.132574518521253,-24.675335467663047,-24.958248214503843,-25.13808601613932,-20.90037527503928,-22.15710201371045,-25.3691290057099,-25.314102800929025,-26.04189938715071,-26.548943566960283,-27.463763065750395,3
120821.99+221958.1,-22.9855182581086,-23.363760917457984,-23.783873630433355,-23.92230318977133,-24.141823092388893,-22.525902883089763,-23.27814990170692,-25.22135660285367,-25.235363266268312,-25.43313224798751,-25.483728687960937,-26.22771678917785,3
120853.62+170001.5,-24.363128388609955,-24.51226550745846,-24.84763877110872,-25.00480837503682,-25.105909277445043,-22.277300637783146,-24.09689103482794,-25.227233025097984,-25.66075406972584,-25.8911054874221,-26.42395307681299,-27.34449956354352,3
121044.02+190939.0,-23.671682849694072,-24.07442339109517,-24.407267195127037,-24.4071620347719,-24.61883358792887,-22.848669527138394,-23.7443631985643,-25.354109990940884,-25.331909937328085,-25.44047135268955,-26.21473842277801,-27.08076881675333,3
121232.46+430133.3,-23.92483707484678,-24.13538515406132,-24.517049782067662,-24.69733945046618,-24.90350996511037,-21.4954290371156,-23.162435532004952,-24.99325759391113,-24.995168462285957,-25.78847461328298,-26.23718099094776,-27.206267480592476,3
121309.11+140832.2,-23.749064346277528,-24.05987026387793,-24.386127625135195,-24.43136061679313,-24.677540033771862,-23.605292684910676,-23.99258027534255,-24.94557883571281,-24.80991843151457,-25.2642640035416,-26.16316666121311,-26.953271166839045,3
121340.21+255156.5,-23.71816441483885,-24.0997364487222,-24.49401113921036,-24.653030180736422,-24.833799772304683,-22.816267745706813,-23.35502872728333,-25.213521590618765,-25.114272686670624,-26.080277833725923,-26.677116974013984,-27.68775820170658,3
121453.37+185359.7,-24.16033281719738,-24.44019140301452,-24.94953898210259,-25.208582408739005,-25.42266233523681,-18.31329765377748,-16.438337470595485,-25.599136725113397,-25.619069774147384,-25.96646402916445,-26.86223413847731,-27.80963234474835,3
121620.24+493315.1,-23.78950754002164,-24.022161787294657,-24.35119955010363,-24.46809973652757,-24.52323524311368,-23.09602778823484,-23.411264502861503,-24.96923942798856,-24.918490295597497,-25.17282826513925,-25.65093866746554,-26.520934737391475,3
121740.80+493118.0,-24.24026849764521,-24.635425552143115,-24.92269910083021,-25.00262743031422,-25.192216492967987,-23.43702704305312,-24.1661957859708,-25.51657622610496,-25.31126909787225,-26.08558977965301,-26.54134897852792,-27.35552624688079,3
122222.54+041315.7,-25.00380670643959,-25.24143996827665,-25.61507871320757,-25.949398256022555,-26.28225567699395,-23.11519564147918,-24.254119967546863,-25.485723073695013,-25.66426975181128,-26.19890640396724,-27.465711426816647,-28.23545535748996,3
122249.86+334750.4,-24.62307823741512,-24.79500895239577,-25.15030306839257,-25.29864095905151,-25.505561528371405,-23.21884951879674,-24.49609447971205,-25.837027833986717,-26.061287748562727,-26.380047005190548,-26.72344030841017,-27.588980634554037,3
122558.27+604939.8,-24.57296012031395,-24.731123836327576,-25.02046506177467,-25.046115939408583,-25.26139617716103,-22.87516040053785,-23.90404519999593,-25.32671960466976,-25.10372939867431,-25.438915007440965,-26.152743641518807,-26.95376390228821,3
122616.29+104850.6,-23.75108687817917,-24.060598248928045,-24.470861896259382,-24.605533114561,-24.8254732077951,-22.002859997221325,-23.435755508823917,-25.190145464030795,-24.803040995813937,-25.399689619073133,-25.94023376572464,-26.78753113232976,3
123107.10+025724.5,-23.870398491349025,-23.980246801337017,-24.2134619708288,-24.25871041402292,-24.364920728554356,-22.659044261552623,-23.18309955627973,-24.70325336515621,-24.717952949289423,-25.290276565628016,-25.93647553670534,-26.687469466468382,3
123949.27+173627.9,-24.61112770770064,-24.577590425418787,-25.052776208868924,-25.153475302786724,-25.326951640262248,-22.65366007278262,-23.925551529471704,-25.416443612622032,-25.16968720364295,-26.004428779752523,-26.65498890117595,-27.660571797725293,3
124009.12+242531.2,-24.934257076923828,-24.95119749915272,-25.27496703988757,-25.380649212177666,-25.57483157890421,-23.23304892152061,-24.64561171821724,-25.50363472640291,-25.501850197116585,-26.12244218150969,-26.68417006355041,-27.640292128750627,3
124035.50+094941.0,-24.438260828230035,-24.585989241405724,-24.958745269980643,-25.071492444082875,-25.200419024403832,-23.39688727700236,-24.49590078059827,-25.554154812106432,-25.487311652957374,-25.65911786376241,-26.044414525628817,-26.92495625634345,3
124135.98+255250.9,-23.28338907019077,-23.38832877323929,-23.68913923999478,-23.86208544090822,-23.95312685854474,-23.26303472190152,-23.039898651693097,-24.277420558491748,-24.16176133323842,-24.970876934069885,-25.33937110112268,-26.13947847930576,3
124244.58+022954.4,-24.68989284968116,-24.79320941872251,-25.200035144299715,-25.37165344522029,-25.602268344315775,-22.906562347342955,-24.73575291139604,-25.48957230540061,-25.276474950328925,-25.869258425806454,-26.651206210139044,-27.54173837622489,3
124312.51+480838.4,-23.84078626747669,-24.145769073550507,-24.556397901390817,-24.65188288637556,-24.804015190776784,-22.56438416095273,-23.762071164941105,-24.91431174625497,-24.934981316668846,-25.340437814548384,-25.827769316386725,-26.67487539223057,3
124627.18+211104.7,-24.65852258096577,-24.798663575480184,-25.13762979088945,-25.15247733398303,-25.288397282374454,-24.328854069100142,-24.562817528705487,-25.45398092192544,-25.23117201161497,-25.928359709186296,-26.49177908335216,-27.41081147246228,3
124902.54+171454.8,-24.867494367890774,-24.953741595538805,-25.35511436291347,-25.477468570072148,-25.6290995263476,-23.94038544090733,-24.60689768006269,-25.881107356191595,-25.872129458116834,-26.207472370599863,-26.556186043057902,-27.449539636809675,3
125210.43+295717.4,-23.4660930581642,-23.68188360426153,-23.999722573730647,-24.080147439800427,-24.209644590167628,-23.375966564230016,-23.45243533451776,-24.474190050869897,-24.476167977114432,-25.00320288338305,-25.59976115046309,-26.39709725981747,3
125224.99+291321.1,-24.56350081629962,-24.641581769441785,-25.04962050506607,-25.1488005473214,-25.295431051989883,-23.95238585827496,-24.518737153628454,-25.490622299957025,-25.33314178653425,-25.892465810236388,-26.71409932460024,-27.707617167826868,3
125240.06+184505.7,-23.81443868079287,-24.015833848628706,-24.463811152412127,-24.64577117695571,-24.81709166154713,-19.55261106685349,-18.21062304438485,-24.436246789019243,-24.290124499800463,-25.213605207568005,-25.86483488603815,-26.73145484054014,3
125249.86+112933.1,-24.72766400168497,-24.915726432744744,-25.22696816862996,-25.365447294475885,-25.502435271059337,-23.40930242262194,-24.471608532884304,-25.68783440640328,-25.577787064846603,-26.013972503699573,-26.499211652451844,-27.2471106243926,3
125313.42+101926.4,-23.985702774448853,-24.202271196777964,-24.5477476355054,-24.68093403106201,-24.8132029652302,-23.24414662900225,-23.578467151939872,-25.026915857703365,-25.1023209061632,-25.236610685147177,-26.212856675322698,-27.131739211551533,3
125317.56+310550.6,-25.11167551282026,-25.212994187509672,-25.48894239901805,-25.69300151814833,-25.790201415089676,-24.362256085548506,-24.922782670039343,-25.88805725303105,-25.875972048212148,-26.459063408057503,-27.25394416660538,-28.26275517748924,3
125524.39+480041.0,-24.159208986874884,-24.30225119413524,-24.60359097568279,-24.8514641856602,-25.050453787745667,-23.155818769531557,-24.46806050166756,-25.638934735633278,-25.46707311539755,-25.62120937592343,-26.471485836005822,-27.51187255297796,3
125547.61+401230.7,-24.29571378820668,-24.43175909607053,-24.757965455432736,-24.951397233562734,-25.116649056794568,-22.13382056332084,-24.0734147171746,-25.021421892768004,-25.306409316200615,-25.38428655674944,-26.101906779413177,-26.96336004326057,3
125550.30-001830.9,-23.80152726976733,-23.937239378563067,-24.211573998732256,-24.206930225064887,-24.30366309627742,-23.23432840444794,-23.651152503241917,-24.68376045064201,-24.635268366058884,-25.03556450349865,-26.020781990999623,-26.85604765007108,3
125844.38+120224.5,-24.401011167743103,-24.534571312281024,-24.91106580157274,-25.08089948603008,-25.369599063606124,-23.342695986188374,-24.526916105986707,-25.5677600829856,-25.83484018350263,-26.27492086892536,-26.611646527527373,-27.562697341219103,3
130114.47+155616.3,-23.59331175195256,-23.8585222964752,-24.20714669600128,-24.24079020701132,-24.377272357539088,-23.37982538785421,-23.4428449787866,-24.642610096143063,-24.559297098921554,-24.90160112134309,-25.64418855224861,-26.58448601674587,3
130207.79+585431.3,-23.79994436003008,-24.143598846545785,-24.586035588401824,-24.78595913385259,-24.984579782276352,-22.096007789065467,-23.381816604606684,-25.187814402933338,-25.10713489533214,-25.63948415589668,-26.677697658674283,-27.67519494626093,3
130435.03+184749.0,-24.93057466031301,-25.079882907811,-25.453307801681262,-25.63268434025794,-25.800394243686306,-24.833300778453648,-24.688861907522323,-25.955591419372062,-26.043639007575024,-26.368129684992205,-26.71174992111088,-27.497443451277643,3
130627.03+244123.8,-24.05759070054145,-24.276863156448584,-24.68756908264934,-24.868341150592805,-25.0777472117698,-23.786576190262878,-24.21325478848001,-25.564383679686618,-25.578710867930496,-25.99265909789301,-26.348098895544137,-27.28555203964921,3
130631.63+435100.4,-24.61509174801428,-24.709988979415712,-24.982158366011944,-25.17551768744348,-25.223337624949107,-23.679541431154043,-24.112179644971174,-25.492677394793123,-25.543636351390926,-25.75204413587184,-26.04602453406416,-26.800202672459378,3
130741.65+512803.8,-24.03923505220326,-24.233748004001168,-24.601210111558565,-24.69362303568621,-24.88436722380029,-22.65348117762028,-24.06707254474285,-25.179479818667694,-24.9115092167921,-24.823577451869035,-25.904186065451327,-26.892970501413664,3
130753.47+115803.3,-25.24769786111052,-25.40322755109261,-25.727474023925662,-25.891854054611446,-26.09398895273418,-24.346778669511185,-25.100631567160946,-26.080183997390545,-26.07444326923452,-26.49039915861376,-27.004773516668827,-27.8861158542291,3
130754.27+004422.0,-24.1613863888114,-24.31325760828453,-24.64619073518445,-24.763945798172564,-24.873588430150296,-23.820504074946445,-24.11529231123175,-25.017473517806724,-24.72144247909573,-25.67536353635749,-26.241222128119347,-27.188065585301764,3
130906.92-022916.5,-24.763923697205968,-24.932788151158835,-25.307007366445028,-25.43368784240034,-25.59811100571508,-23.64181301975525,-24.34992604406204,-25.85629954057943,-25.911106318828768,-26.156785224926832,-26.697042507142108,-27.5045006643116,3
130952.89+011950.6,-23.523372227616328,-23.767141838925447,-24.2288431150418,-24.381205537549413,-24.649397666863564,-21.876839290343405,-22.896721658808065,-24.89979274444711,-25.106102441188803,-25.510510538454174,-25.800991968096984,-26.69941759793963,3
131206.53+063622.8,-24.258399023990695,-24.32331892187015,-24.60948151335933,-24.701511635911565,-24.686356708841387,-23.90882703417112,-23.853812626402767,-24.72144355139,-24.764978885597085,-25.378409753813315,-26.24184557815014,-27.25040477831519,3
131211.13+480925.2,-24.35529480451893,-24.58661807511687,-24.889072087229728,-24.88993669689101,-25.0826950537932,-23.61766568653116,-24.164582704169955,-25.1431836107577,-24.99774987894445,-25.076782535493184,-25.868448412607297,-26.73171803140469,3
131430.78+130745.5,-24.986059756384137,-25.105224268100308,-25.410543012225435,-25.538215868635334,-25.57762583432364,-24.952955658982653,-25.11936698607433,-25.89396047371031,-25.939211570018195,-26.36630962890616,-26.836565826317987,-27.74293176887385,3
131448.06+381255.4,-23.83367848154388,-24.126611578930927,-24.42741764790853,-24.51005762134544,-24.65522998140584,-23.09963132950877,-24.10385415457621,-25.10371939404845,-25.178439405605232,-25.405100681916597,-26.062877858928463,-27.013403285728877,3
131520.94+315921.7,-24.11706033821288,-24.279861352100077,-24.568202053201667,-24.63670925941711,-24.798883202797334,-23.069749782944672,-23.706742383266334,-25.00794603741047,-24.9746518413969,-25.77184945610992,-26.123094399252945,-26.9137848189302,3
131956.81+422208.3,-23.976066873990245,-24.20150060917357,-24.689827666619813,-24.84644280735184,-25.15792761397332,-20.891245396323583,-22.56683070941978,-24.988731463924577,-25.306960358791752,-25.662006377287906,-26.20168229069972,-27.02873652053485,3
132518.84+661459.9,-24.98638473154867,-25.062682119326773,-25.30324393988394,-25.366957141787125,-25.41515386574368,-24.41766619899789,-24.56491594027637,-25.33012139308,-25.355874631314883,-25.858878559651814,-26.652313644087915,-27.474532703352907,3
132657.18+273316.7,-23.94453382938974,-24.06206456418886,-24.451297714778416,-24.704690628987677,-24.80821861711489,-22.651834094517493,-23.198267486804955,-24.667620820214463,-24.727794164731574,-25.341795184862768,-26.33431464003668,-27.318826940177946,3
132742.36+093633.3,-24.729958718041445,-24.81573756591729,-25.109653672076416,-25.265050001353806,-25.3413491642942,-24.329392046639988,-24.578359273177256,-25.536454039716464,-25.608031696550672,-26.118397967912426,-26.56781190242705,-27.49808035810237,3
132756.15+111443.6,-23.5233533094777,-23.862052557425105,-24.30318370621287,-24.44006974625803,-24.58073674421824,-22.878097215638928,-23.54510666538209,-24.83899175853701,-25.0168268931072,-25.347144940119712,-25.743017558142064,-26.7389488789505,3
133108.29+303032.9,-24.562443829328405,-24.65085140130409,-24.98199839992801,-25.21816736661539,-25.40835679443713,-23.400315669045487,-24.413767753894664,-25.625283286460988,-25.676466149761755,-26.37137622092926,-26.49890815281601,-27.158781719813724,3
133221.56+083019.3,-24.022511382939737,-24.18021481050525,-24.588751951394883,-24.733556349690087,-24.950018737634053,-23.96210161088713,-23.970850263797395,-25.006182130872716,-25.075184943825008,-25.55992260062466,-26.18443384661012,-27.097483704854763,3
133821.87+291445.8,-24.526723581543077,-24.730520986172877,-25.0997760671518,-25.246957086080275,-25.34147214045187,-24.619229756106503,-24.37895318579983,-25.31420920468327,-25.357739369825573,-25.853720528929895,-26.347292141160427,-27.12618691642703,3
133910.57+063923.2,-23.896136082033028,-24.0809092600833,-24.536457900246297,-24.77197094073911,-24.874134431254586,-23.09942232333197,-23.1760762562862,-24.95497153020959,-24.882928127020357,-25.46298354231121,-26.32899234889116,-27.27354795730622,3
134100.12+352308.8,-23.28825737238329,-23.54786120376928,-23.89214934483705,-24.049941544359505,-24.29747995906625,-22.305659201114377,-23.259332647277954,-24.75976305416213,-25.08529404788759,-25.453286853679664,-25.665321398628983,-26.6320704284824,3
134300.17+284407.5,-24.589714853824123,-24.915094477993133,-25.330242158625968,-25.42146582685746,-25.601770178094004,-24.203236132076174,-25.010019611909662,-25.94747686415623,-25.802661562301232,-26.48462208818459,-26.826554552493278,-27.44122045268261,3
134701.54+215401.1,-23.44750501413361,-23.811364244606477,-24.011303416165045,-24.00171080766996,-24.162896742738248,-23.56133566337499,-23.37714245343164,-24.500898508397757,-24.074964364399182,-24.492737414736705,-25.599073848525915,-26.47617183428488,3
134719.40+590232.7,-26.220842353432168,-26.25972992375344,-26.564245417425024,-26.685324249203592,-26.681377465362107,-26.00695354154586,-26.05474562889967,-26.345882726415653,-26.34947178504179,-26.72680896961943,-28.134358010945427,-28.96523152157051,3
135328.46+194512.5,-24.110968323100494,-24.266904556098265,-24.59611725373029,-24.72275035567945,-24.880605622241283,-23.25061406730686,-23.833794693869912,-25.040407197137657,-24.95025026730965,-25.023449421051108,-26.14602914608449,-27.04106204029445,3
135535.47+155750.0,-25.126988310075543,-25.42734288029109,-25.869007489494464,-26.065739869684528,-26.20409092974836,-24.836698608530245,-25.01106300639002,-26.352339564651263,-26.257808393861648,-26.706497580988263,-27.40014843564197,-28.16903107435812,3
135559.88+260039.0,-24.90625624637474,-25.16468243049872,-25.53443808394881,-25.68387502093193,-25.892491838925498,-24.07572291936319,-24.79228747355321,-26.169495281362227,-25.970858667828708,-26.28805703860696,-26.865148451114543,-27.677707371072177,3
135729.09-024738.0,-24.149530651070386,-24.312837753396725,-24.559520757619563,-24.599211801323648,-24.755079727129655,-24.56166060653617,-24.215426620236013,-24.716544004252448,-24.68835457922597,-25.219350701597406,-26.01333331009585,-26.893950911320463,3
135850.03+390413.4,-24.426527002436167,-24.61284648332002,-24.9249708704362,-25.033388864999672,-25.168218075679757,-23.708563762455185,-24.243443488124512,-25.4548807627253,-25.45939187391209,-25.69583087082924,-26.320515549677616,-27.17281377497976,3
135925.82+354640.2,-24.179818494096526,-24.30963221630461,-24.727564015691154,-24.828787738130128,-25.06213135480455,-23.35133799767756,-24.102091952532906,-24.8247096387616,-24.805993706828502,-25.291442727917783,-25.610034754163213,-26.42494391061286,3
140626.60+250921.0,-24.996790555077464,-25.158912069622044,-25.567389049454462,-25.5481845928186,-25.73942864053165,-24.17401060710523,-24.99181464901357,-26.27837839794343,-26.112983019326396,-26.29095148126611,-26.48133019040603,-27.30981168420381,3
141235.06+614009.6,-24.369228576570155,-24.57476332709009,-24.980974363661613,-25.20427651852028,-25.385764337133217,-22.358150540075357,-23.30820809958496,-25.491775560231385,-25.598211156758875,-26.00196898112806,-26.75463125853008,-27.767827884492657,3
141442.90+450233.8,-24.02324862197629,-24.269797548533777,-24.6888237818768,-24.871727656888897,-25.05677292430465,-21.521571204147172,-22.997010491088226,-25.13333386518578,-25.160022746711423,-25.829382028574702,-26.070350058766422,-26.969073318653503,3
141659.76+535806.6,-23.36199654682194,-23.59724832985083,-24.00152873167906,-24.09069482556911,-24.2625029470843,-20.788817820330667,-22.47828409165888,-24.674065635812727,-25.105533896811664,-25.4758707219823,-25.759762347143106,-26.68851483611679,3
141721.79+534102.6,-20.88003376169203,-21.16986734546108,-21.59099344421423,-21.67775694928021,-21.78261350857401,-20.10347218354967,-20.168532358648356,-22.2273319681355,-22.075528417705964,-22.73163029413853,-23.021715663007985,-23.55307464930584,3
141743.92+602952.4,-24.63624549913374,-24.632036832178088,-24.95957398841596,-25.187389053756043,-25.26513085766602,-21.4191928802408,-23.729850024832576,-25.17946727957834,-25.26531142697425,-26.03992634578756,-26.878201305093366,-27.951445029891964,3
141948.63+322717.2,-25.135111578362142,-25.19456409353936,-25.47945951230874,-25.64028057834206,-25.786047173606125,-23.981352310575065,-24.91159847437698,-25.839502039613865,-25.89743232092708,-26.317456305619263,-26.938054123423694,-27.85665188911152,3
142145.91+351839.4,-24.70244384936184,-24.814745770778583,-25.21407204746034,-25.416104856246804,-25.631815193382096,-23.40954498161713,-24.14967818239753,-25.82113873144382,-25.669404001831364,-26.26047930023501,-26.91806971396276,-27.826646891147373,3
142240.36-010646.1,-23.74600841596812,-24.08184553926537,-24.42483844577942,-24.482943031676957,-24.68569013632458,-22.71188116369257,-23.86568108780224,-24.8115707415922,-25.00530689445444,-25.23641440917609,-25.77306481313821,-26.58611849171097,3
142242.49+041439.1,-24.686284863626884,-24.880138095544744,-25.23090433826337,-25.34964498561497,-25.43931138896825,-23.56853852917224,-24.52964404417268,-25.880694826055407,-25.65840410047602,-25.59105016660056,-26.355532779777725,-27.015797281247888,3
142415.51+600738.5,-24.03332245733148,-24.140502827671277,-24.49518752470862,-24.59775519487801,-24.686345123462832,-23.502957953405893,-23.75640864401818,-24.982180723772213,-24.92485858546704,-24.91284893196664,-25.613707055645644,-26.69679932656276,3
142609.74+594629.5,-23.71219313690392,-23.9142476471922,-24.39536734548153,-24.716871668778747,-24.900502762600308,-22.933792859827253,-23.62078036036156,-25.242001432900643,-25.10906230831794,-25.78641015463976,-25.983391029720696,-26.947176798825435,3
142712.80+480207.6,-23.655766608410627,-23.859332219912712,-24.239144251798727,-24.259688589814605,-24.426070626292592,-23.210333439782275,-23.501252520931835,-24.77758048874893,-24.77127597537611,-25.31088374060833,-25.97566529581054,-26.937578756574283,3
142715.08+232911.0,-21.63443195576069,-21.97975181221832,-22.3651923115413,-22.51490408677025,-22.54353110057442,-20.94037828034459,-21.414545687693984,-23.954082003407,-23.64721498364985,-24.657569621191573,-24.4360915536574,-25.13862995762637,3
143216.78+095519.2,-24.3864445602625,-24.428320630269155,-24.70150166834068,-24.792228350909653,-24.62262009880093,-24.084816623757625,-24.242212998903533,-25.033380775751542,-24.823584468036938,-25.92846982370117,-26.5344466728733,-27.455883837580046,3
143234.22+560059.9,-22.358863929072744,-22.566836485157086,-22.96621613427487,-23.060137613101897,-23.24948527837338,-22.22751268502582,-22.286972976741264,-23.581508985746822,-23.47856922267839,-23.98624780702095,-24.6459307679145,-25.48434963008539,3
143255.27+151703.0,-24.43537160481187,-24.44779471078702,-24.69540885670986,-24.753016998749523,-24.90661469866004,-22.900489916114783,-24.24862849942189,-25.243875608201908,-24.79231063286702,-25.45556878764396,-26.16442228176816,-27.133819044343007,3
143916.86+190732.1,-24.356741445034803,-24.476501641364845,-24.78562194476291,-24.90787873473201,-25.004048362375094,-22.914201877811283,-24.01390759807191,-25.0567992351956,-25.01236360706581,-25.567323850414443,-26.549213549150263,-27.441114931293956,3
144134.37+194445.8,-24.05784017115735,-24.106262610965583,-24.41379045921531,-24.53568638572216,-24.621208120256508,-23.044590338155366,-23.654740506697863,-24.812959323444197,-24.813356525527084,-25.35899455128357,-26.106164087373426,-26.933503102052956,3
144314.18-024722.1,-24.116394068873056,-24.4302921347944,-24.892791673717397,-25.069514192728956,-25.22547144470768,-22.099457545987185,-23.466347099949036,-25.39697236168359,-25.33258931630025,-25.50059907107693,-26.42110895725392,-27.36261695441109,3
144325.31+080957.4,-23.648039634400977,-23.78899061310246,-24.171398422122618,-24.30346725923704,-24.38013009514178,-21.996089087152637,-23.444458582770046,-24.94824461087396,-24.05741005979814,-25.29665872684985,-25.860466696753814,-26.72080137522862,3
144626.53+213257.9,-24.248468945001992,-24.418921735781893,-24.799585243483158,-24.977064973345133,-25.242275028986285,-21.62891420836424,-24.02609251129596,-25.911233231980315,-25.550190995650883,-26.229532207505123,-26.32921355676956,-27.30921045535291,3
144818.02+455916.3,-23.118937232482665,-23.52170296379901,-23.92648573121768,-24.02583024385001,-24.255620132574293,-21.891983836629013,-23.50364065376973,-24.85232708931532,-25.06328422090149,-25.403058146033104,-25.895996381482338,-26.740611951318385,3
144837.68+020628.0,-23.88578764326999,-24.04145674611524,-24.45347353371839,-24.62111023767141,-24.70474750824192,-23.396497908913474,-23.293900895259224,-24.970398801701386,-25.04225886427023,-25.26670654937031,-26.09932705745433,-27.13943113075196,3
144916.81+130243.6,-23.37645827664328,-23.795065596375505,-24.19358235989757,-24.35371401268847,-24.61825254723542,-22.51938136347493,-23.583027002172987,-25.15177374620858,-25.08424823610293,-25.673372204527016,-26.101250325343138,-27.013778569798603,3
144925.60+080207.9,-25.20211562420689,-25.44028396787268,-25.796161231415347,-25.817789124450574,-25.96995394715142,-23.84727510470444,-24.43534467627048,-25.98043611526805,-26.03462119441003,-26.20792863215508,-26.833404924196486,-27.68733476890359,3
145255.44+134944.7,-24.04761968660379,-24.16853064198166,-24.42791029788952,-24.458796003596564,-24.552826154312207,-23.048022367257357,-23.980112283103114,-24.83692243072027,-24.60767242832655,-25.340364729699463,-26.12289439829521,-27.068148764319293,3
145535.46+185900.5,-24.75767263672193,-24.801663561462064,-25.02661948574308,-24.997844116643588,-25.11671633923478,-24.19566683454767,-24.48319889427649,-25.48114665485702,-25.338847881826997,-25.95692547717221,-26.728736937072348,-27.684903336875056,3
145712.86+431849.9,-23.94160232312812,-24.394055929094485,-24.78215744070357,-24.886967364567774,-25.033860157715413,-20.72168569288616,-23.26138982053524,-25.34461646165632,-25.107022727893234,-25.948338666976653,-26.577438699748228,-27.49923831058521,3
145741.92+253951.9,-23.350619620899117,-23.59966135573218,-24.040256190918043,-24.261436039564927,-24.42848834776904,-21.950231225786247,-23.047499508986547,-24.660257105196365,-25.0730836382124,-25.56458160660761,-25.896448613569632,-26.84304526956291,3
145934.82+180433.1,-24.43917814858894,-24.496795204867365,-24.76507627820124,-24.857144807727032,-24.90259924651305,-23.856367824633832,-24.06316493359052,-25.080106680496723,-25.08109425661723,-25.508290870270734,-26.43581156510437,-27.392479742264637,3
150229.27+261158.7,-23.48897510826257,-23.952524580291627,-24.305455824340875,-24.451806320354947,-24.64152680893866,-22.767978311092424,-23.52164517047436,-25.329378648036403,-25.240932287861344,-25.6794970889147,-26.23767605834789,-27.082805783004552,3
150235.43+045218.0,-23.726402855335465,-24.06544678878605,-24.377535999973105,-24.397134688694894,-24.68937791818949,-22.696923664983768,-23.86987852671327,-25.29980626686048,-25.06907338080653,-25.41765743821611,-26.27171037555692,-27.117165196897457,3
150307.76+100422.5,-24.14253062511133,-24.303647859045576,-24.56649625082156,-24.77617320327264,-24.91742605669994,-23.172421453438638,-23.472617920687448,-25.115279157054992,-25.198200021178977,-25.33528438156563,-25.705980887151743,-26.620106847957675,3
150555.19+532613.8,-24.961754199064096,-25.01170829852357,-25.4089167361783,-25.468057739798024,-25.63350270865832,-24.028404875029853,-24.987159894897005,-26.159208516527027,-26.123401232545312,-26.257765819568693,-26.529409247084526,-27.485130717329454,3
152024.30+604500.0,-23.628424530699487,-23.83391122626584,-24.32805230108709,-24.457419361755072,-24.6458134790454,-22.486596541815025,-23.72512831796969,-25.181498393775332,-24.841151771882625,-25.40268190553996,-25.834291921300498,-26.745766005588912,3
152506.60+103405.9,-23.657638678623147,-23.84868836654189,-24.280192570677265,-24.52484753782204,-24.68598521741365,-23.44035656931101,-23.337407436077672,-24.74564785493048,-24.81374373429305,-25.496731533834964,-25.882276730863385,-26.708213956320897,3
153036.32+235236.7,-24.849440667271352,-25.29178030435272,-25.70561025607247,-25.81027542003996,-26.08924084852898,-23.311765479950704,-24.37267327689793,-26.121926723215037,-26.19579805740423,-26.73666268832333,-27.23819535876517,-28.099054087075675,3
153106.33+455750.6,-24.71862972573224,-24.768052166775146,-24.931282343227043,-25.12907604201288,-25.39051626165789,-22.630727417482667,-23.87044879374824,-25.26199374576588,-25.437315620809823,-25.74521521413153,-26.344238075241933,-27.315789645784072,3
153434.46+514941.0,-22.21177758954717,-22.41881538729548,-22.92318998016971,-23.077976638613467,-23.155964050443227,-21.937594764667026,-22.02195275768543,-23.34198501104961,-23.096237049682237,-23.84246755498595,-23.87814445778647,-24.61069938842629,3
153602.46+393207.0,-24.77524145909032,-24.984981216377985,-25.311987103701927,-25.3673006650247,-25.494250402673924,-24.43640571864195,-24.90981916489264,-25.817923346795716,-25.84029823445955,-26.24747110331175,-27.090057085784643,-28.03286880227184,3
153646.97+414059.8,-24.152857083498432,-24.556853006391407,-24.873986974301392,-24.99027081477212,-25.276150846384343,-22.63480513228808,-23.856411213982128,-25.526701447687756,-25.65375406017392,-26.251070427682933,-26.70798823676573,-27.603249780306857,3
153934.80+473531.2,-25.457391514100827,-25.77806927413868,-26.094200681627925,-26.183284051179346,-26.3752178311438,-24.13569607704657,-25.1443275698391,-26.893680116888905,-26.91674215026869,-27.299687146336947,-27.60819303906851,-28.460102778295656,3
154007.66+252835.9,-23.319422168615176,-23.568493981588887,-23.78764679754064,-23.857019663824044,-24.010778233913214,-23.360039977642195,-23.57172241749378,-24.617943831192203,-24.515887226681706,-25.061063489778192,-25.682961311958184,-26.546530917505407,3
154017.02+555959.8,-24.13401759982909,-24.28939824556168,-24.60456905509864,-24.765570702671656,-24.830750483918607,-23.70036730536812,-23.95867225858568,-25.0478283771016,-24.79825465607765,-25.294681187190623,-25.86529711702419,-26.801899524642614,3
154401.98+401607.5,-22.718192372093093,-22.89593463473799,-23.10069037249849,-23.126782312778055,-23.41491169604005,-22.42192338614475,-22.42233696210505,-23.321378497246084,-22.951378288061694,-23.7858332137913,-24.06242898343132,-24.786881680375934,3
154416.77+074303.4,-22.483408146280524,-23.018992219797045,-23.343854370004635,-23.48557628724532,-23.54152943472632,-20.94793159819376,-21.633924421220534,-23.742916560353123,-23.776597395687908,-24.64113022453674,-25.152068160373133,-25.906305261315367,3
154420.30+591227.1,-23.974981791405792,-24.21253632939255,-24.56763819741204,-24.69770305292297,-24.834211305648928,-23.571688983778333,-24.016972272203542,-25.32792455424938,-25.328377924901226,-25.825496304640897,-26.40602467141005,-27.390625591072013,3
154500.30+450345.8,-24.0631172831567,-24.207161340012096,-24.493355355905138,-24.609677820219552,-24.71733258290284,-23.349305556338063,-23.535383949956984,-24.808369399026247,-24.73937728658233,-25.533973228223854,-26.02145495332312,-26.843669468982053,3
154620.98+453916.7,-22.79874100340941,-23.23074333683309,-23.79970081743102,-24.060404174018043,-24.16066428174446,-20.11010098093468,-22.01628812507849,-24.19227606180052,-23.9802023878783,-24.15542672247146,-24.41995102135172,-25.413531885433425,3
154758.44+234805.8,-23.81313827451053,-23.91236435386654,-24.149735074386943,-24.153504151175603,-24.25251065867724,-23.06995170833716,-23.441315500294888,-24.487004083944047,-24.39895852663066,-25.112075145511728,-25.48369798583214,-26.405635044135373,3
155249.50+402802.7,-23.582873477046512,-23.832502587780024,-24.2092986338534,-24.206384655857583,-24.36617567381265,-23.12404504494485,-23.5274936451293,-25.233549435331124,-24.82538278190224,-25.115221475755817,-25.082613297104626,-25.94370861766171,3
155449.11+084204.8,-24.363355193527163,-24.62819059569297,-25.03600394059028,-25.189417776815784,-25.30533101102588,-23.01083906991505,-23.734544894550275,-25.44037471514357,-25.625589615070894,-25.990863646319,-26.628533641769277,-27.49242428994776,3
155527.31+241044.9,-24.320190216422237,-24.451796993160983,-24.80174261374319,-24.92627745535993,-25.10696495434087,-22.123709817680364,-23.84177355587913,-24.962456915224163,-25.38008463964345,-25.706346452247264,-26.09404806361057,-26.888085023005495,3
155557.06-003608.4,-24.13137911483228,-24.33182827552201,-24.71290527751397,-24.839856537979056,-24.931199120377805,-23.488813183175125,-24.218663638052835,-25.16338043007124,-24.953881816525477,-25.527263694804468,-26.25756755169047,-27.224493172131695,3
155700.38+312020.1,-24.447554420269512,-24.68250292812592,-24.99286070020116,-25.121533383501088,-25.23819035710049,-22.496423012790604,-23.742861530448675,-25.561836785083184,-25.58551703468364,-26.322761554651613,-27.253109153469754,-28.242187913630527,3
160129.90+415435.5,-24.285370147399096,-24.382107676090524,-24.62619756019791,-24.609872270292183,-24.656982707153023,-22.847039737869807,-23.68307804020376,-25.22007026166931,-25.23121468050914,-25.650364001100943,-25.94176466691618,-26.902443851076768,3
160226.89+274141.9,-24.118637831471776,-24.29723621243265,-24.644188994782574,-24.73627050078119,-24.855924892662333,-22.821144988330484,-23.731493721929255,-25.449683129055117,-24.689083671928906,-25.526236922177134,-25.85522895450265,-26.716457292154622,3
160228.93+134040.6,-23.3170299731371,-23.641803908835893,-23.98937216941362,-24.119499416436337,-24.31238662998997,-22.94954109792649,-23.37313538397629,-24.91241731597493,-24.92939715462158,-25.30362663379475,-25.612384946473792,-26.451411292700502,3
160527.53+372801.8,-24.13875314022842,-24.3277447495581,-24.717127449535862,-24.807335337598435,-24.93989201096183,-23.97783279618136,-24.281130471699324,-25.282132062907795,-25.029593252620828,-25.56528057802219,-26.03006535722573,-26.847792567309497,3
160623.56+540555.7,-24.19441466175144,-24.382513430147668,-24.67718269706553,-24.794172209030616,-24.903570230023025,-23.270836376742608,-23.963529355458085,-25.292767240841364,-25.225719799130584,-25.66253528751904,-26.103680813019583,-26.87917541507616,3
160918.93+082416.4,-23.939992724364306,-24.096258626651004,-24.39900371834372,-24.38720327656862,-24.535495808457807,-23.092909871305498,-23.47775762975908,-24.67445861928088,-23.34692497417164,-24.84626159452537,-25.317824966856204,-25.96464702459005,3
161033.12+202420.1,-23.73805924045736,-24.023942266893147,-24.417645745518204,-24.54070502391496,-24.682379111081787,-23.756430968691195,-23.63878653493718,-24.88628607154857,-24.69735490872894,-25.087693200359556,-25.34231804331484,-26.18781942917408,3
161239.75+200622.2,-24.14851814306771,-24.409635976316693,-24.759539000228884,-24.86485706257464,-25.069259433385877,-23.733561599528667,-24.075400248746952,-25.30836528190324,-25.23000389364598,-25.765059545898666,-26.289060139955343,-27.19348751668213,3
161450.51+093312.3,-24.169208810435297,-24.401838111540123,-24.86733783042981,-25.11088453780212,-25.283562532399248,-22.072294734886917,-23.691852928226627,-25.623073282851703,-25.48894586001103,-26.284262789074138,-26.74490434996937,-27.65272816087966,3
161644.68+554638.8,-24.132583654796843,-24.139998075054592,-24.472130303319823,-24.628917239549143,-24.69976209165032,-22.49104379425703,-23.762612887048025,-25.189062148613505,-25.12439747263115,-25.48659740652625,-26.02614313781689,-26.98610494822031,3
161815.84+304705.8,-24.195350399517285,-24.365715778415808,-24.7917624390902,-25.011359185299646,-25.10925069605899,-23.68193804405475,-23.943838863391605,-25.21050682374915,-25.38135696677976,-25.847577474796378,-26.24662185065109,-27.036082007986888,3
161924.11+260907.2,-24.241647948902795,-24.346218874813456,-24.7669297390609,-24.85864854638052,-25.145410597500412,-24.064909624663287,-23.738242159866108,-25.062684777639227,-24.98820771899464,-25.38782231592852,-25.889489537196518,-26.82682549789353,3
162723.39+145603.4,-24.248150940611428,-24.305464384106838,-24.636672630526235,-24.74326239775798,-24.98085371744817,-22.23328480351288,-23.91378024951314,-25.248374577565816,-25.50134181439908,-25.84643445615824,-26.493763204608644,-27.51845319145952,3
162845.13+184859.2,-23.640023491528304,-23.69225039276199,-23.929360762954733,-23.972499414048468,-23.98321501516825,-23.139344662803374,-23.38476052053712,-24.620197281946904,-24.47585124037778,-25.53881388109319,-26.0160885932738,-26.840706935606278,3
163108.20+561227.4,-24.418995578725035,-24.522095976611546,-24.932386640937352,-25.245207593194465,-25.443498782439335,-23.747722429140957,-24.22544093473148,-25.84998935088892,-25.947869265591816,-26.44939005738622,-26.805130124129764,-27.73829716446443,3
163302.66+234928.5,-26.39446076749494,-26.67705548317788,-27.070708187789503,-27.23509578497115,-27.32890840005996,-24.96575111033342,-25.997636802268275,-27.51993708195391,-27.348406544349903,-27.629540751436767,-28.17210021286506,-28.966775339994783,3
163642.91+332729.0,-24.841864910335094,-24.98422788524004,-25.317733435284925,-25.53316648399825,-25.71985435570658,-24.041801179947303,-24.73583641929194,-25.71701476092927,-25.7915167026282,-25.74672486141611,-26.746969966359504,-27.651149284862942,3
163709.31+414030.8,-24.21168925089312,-24.675064433674876,-24.90824904504142,-24.978177548243387,-25.08288248507853,-23.99578811256537,-24.409560044448188,-25.62049665816549,-25.648363557841257,-26.03594028108047,-26.742205587635603,-27.58184278402087,3
163738.82+335324.4,-24.202802839575472,-24.271520975556708,-24.51926479842111,-24.53824321690825,-24.623053493706028,-23.611723600097022,-24.05796612579879,-24.85561254774092,-24.749462522997543,-25.50902227582851,-26.11851614852672,-27.08307675754608,3
164346.89+434645.0,-24.34446863612877,-24.44233028140488,-24.755104904007823,-24.87315518625925,-25.058504735109288,-22.78756372124532,-24.119173274961447,-25.26537442431844,-24.706473638145752,-25.711490176104395,-26.19999304278283,-27.11585525751499,3
164845.39+192956.0,-23.760846398030598,-24.08233531938141,-24.492920791036404,-24.49944003040027,-24.677825433782008,-21.855391939689305,-23.41644228389442,-24.9275834226126,-24.983145075216918,-25.067992832966222,-26.471093995372424,-27.377355456433303,3
165321.72+435159.2,-24.4481599230537,-24.622437796901767,-24.96678584110328,-25.07934472571247,-25.23265316504009,-23.135490733895733,-24.490103444215222,-25.598029665164567,-25.391125291698494,-25.9018823907956,-26.611135360234552,-27.38282258580638,3
165338.67+634010.6,-21.85769968104012,-22.150029700496653,-22.480283082209343,-22.58574712609188,-22.62718216488906,-21.30391799513349,-21.53102159392069,-22.97643792167805,-22.889374762131435,-23.910383042281826,-24.538487669224857,-25.46299427627524,3
165638.97+265120.1,-23.616495343824816,-23.846236610378057,-24.24548694681666,-24.484471328170443,-24.593374495479623,-22.58011361782749,-23.023086968420632,-24.715396865804536,-23.66704936028185,-25.702094531222663,-26.249828314749266,-27.265988170966168,3
165652.55+320551.3,-23.422385821999683,-23.735227318141103,-24.01977381309772,-24.139811898382032,-24.205216851128107,-23.104570362108827,-22.984149326346586,-24.471629312274796,-24.4654534251238,-25.015974318334116,-25.26289887294608,-26.014543389991275,3
165759.07+480653.3,-25.351530855261643,-25.38635471628617,-25.62253522105101,-25.78341668740429,-25.96640722889347,-24.49936864856758,-25.072089247347293,-26.065020980076145,-26.15536738850594,-26.4559959704581,-27.13528049152325,-28.05206433502569,3
165817.31+480229.6,-23.431401779185197,-23.541442226663165,-23.841220361285853,-23.97392092506044,-24.159816540584817,-20.996805912458296,-23.303406575786735,-24.80606542906482,-24.457210492860405,-25.45842834067009,-26.09554071039063,-26.955165859913592,3
165931.91+373528.8,-24.054995568308197,-24.30462056969745,-24.593396219330923,-24.629498885353243,-24.72892070856684,-23.450748507092808,-23.917380456833204,-25.00149992608014,-24.67242140984122,-25.39666538388963,-25.738594125213137,-26.56664580169804,3
170334.04+375410.4,-23.705717547319868,-23.9298835205892,-24.2738216518,-24.39470965201865,-24.58150255987992,-22.83039027489623,-22.94961305550048,-24.382811082653635,-24.490510137886627,-25.15267979356472,-25.58270543812857,-26.256070369043087,3
170518.80+240402.0,-24.682245033327767,-24.77352337922307,-25.04594412101474,-25.0884159705454,-25.17707640905444,-24.58029754069202,-24.59441318011825,-25.014519822374297,-25.07685411290324,-25.481525026603016,-26.602120743696585,-27.557731997729785,3
171010.90+374905.3,-24.093743093943992,-24.306132623036248,-24.66743547604821,-24.805181931909587,-24.956907448439072,-23.628986037420752,-23.909264575924105,-25.020000777651603,-24.85723144281921,-25.849166960967157,-26.241414179750493,-27.25302863259957,3
171131.30+333543.3,-24.13320491404757,-24.310165410945807,-24.766196582293112,-24.763729997230158,-24.932736130550747,-15.55180241365865,-17.805638811393123,-24.526110623769974,-24.912860116606254,-25.56814960580364,-26.276957893868687,-27.22163267876595,3
171510.69+403137.5,-23.34102890462353,-23.621344028720568,-23.87409793905608,-23.958813562260595,-24.082631663068927,-22.665798635788608,-22.91039248189405,-24.50033847966486,-24.52390022605722,-25.001442621235554,-25.34616190633177,-26.20118928296021,3
171911.96+291546.5,-23.267927571873035,-23.689231567471698,-24.15845454532257,-24.35277033063874,-24.578394243803118,-22.33848294218596,-22.935024402484665,-25.18296432055416,-25.123246733681125,-24.97357538121986,-25.536482750040985,-26.594764944230057,3
172354.30+374841.3,-24.51413199435005,-24.70226853798506,-25.07121119742095,-25.08273706467078,-25.228341959433973,-23.64506479494861,-24.464167757730227,-25.597672865391463,-25.215256987135508,-25.53206144321672,-26.13105897320828,-26.98094173941219,3
205706.58+010030.5,-23.863096048283737,-24.119214173603343,-24.49702090719032,-24.64360992862771,-24.883102695634367,-23.015716124992075,-23.786138913780228,-25.43994702114198,-25.31958060432448,-25.71369052001856,-25.87653192130666,-26.81482179753245,3
211230.57+001427.3,-24.080285267615206,-24.136632951553796,-24.51907568185565,-24.675033436203744,-24.80316396251687,-22.33993395098983,-23.58795176833533,-24.80223482939654,-25.07253063202015,-25.47868258620614,-25.834357214527177,-26.759299096407283,3
212001.32+100106.9,-23.791439899029044,-23.94298564880537,-24.18635250301953,-24.169975909647327,-24.25674535666608,-23.122338175203534,-22.882979681630623,-24.652515319275164,-24.36214202150163,-25.28675099421883,-25.32759552917031,-26.232596933759865,3
213645.32+015958.4,-23.5072582761964,-23.749853607835696,-24.16463191010975,-24.40131361303779,-24.6930449991175,-22.50919923844615,-23.306023764539425,-25.01423780358239,-25.10286310619756,-25.367104587897558,-26.15101722772776,-27.10199865602308,3
214854.63+010107.2,-23.58389419410453,-23.731754868484657,-24.10465613297097,-24.32770472049221,-24.48169312663588,-21.616840064272587,-22.406006318949636,-24.681246067586663,-23.55456341679888,-25.469550835491468,-26.120527029842883,-27.05862636050044,3
215631.06+290256.2,-23.946825100856696,-24.184082816226947,-24.49479068132833,-24.630076108252805,-24.84929654189353,-22.678854062805428,-23.65157824569878,-25.352618199281164,-25.488799090510252,-25.84798839848476,-25.76764227894264,-26.59027268029932,3
221520.49+312404.2,-23.954756749577214,-23.99736844635216,-24.25230089354638,-24.347144307365188,-24.550668457663104,-22.71343141095791,-23.391221701390435,-24.951266356509887,-24.294917146037864,-25.46528794060092,-25.76780974381584,-26.56745623541807,3
221756.92+010119.4,-23.95826824082146,-24.04977198556057,-24.421771665526062,-24.5461088704592,-24.73808971084009,-22.90647850235448,-23.603569513320775,-25.25363429455552,-25.492227839295857,-25.44187399179417,-26.166834668525844,-27.13398540662574,3
222400.07+303743.0,-23.26771699786297,-23.52793272289064,-23.9230973381795,-24.108636506959083,-24.21825460031395,-22.48061353301085,-23.60391552185525,-25.12147794616541,-24.39241247676148,-25.88756857996465,-25.53456818216832,-26.447676651165764,3
222600.63+191849.6,-24.00895674922005,-24.190734702664876,-24.537645024211507,-24.641066874667512,-24.809817390470403,-23.666491731981782,-24.20120128422171,-25.3095745854404,-25.041977101166346,-25.741663538092347,-26.321116364366787,-27.283567705627732,3
222726.27-002855.7,-23.73414369145925,-24.05153958495685,-24.47736903671793,-24.68806437568246,-24.899759733847382,-22.27862927889756,-22.88463570849446,-25.05284054490893,-24.879809523484035,-25.751894276004748,-26.21761099793348,-27.03492910964197,3
222842.38+052921.1,-23.9878102593111,-24.14839945631412,-24.46800975139289,-24.6004051185558,-24.78849784433273,-21.55646815807055,-23.50254089079759,-25.31921835573267,-25.31454901197633,-26.104458737456813,-25.986733268492326,-26.78468376658552,3
223819.30+041231.6,-24.83961421904672,-25.0845247411605,-25.4532201301222,-25.618238224533705,-25.7674851330376,-23.158030755529683,-24.5072285195624,-26.02122368025118,-25.96501226301209,-26.072115506996223,-26.603101923245596,-27.41795821126853,3
224031.43+142414.5,-22.6489247727457,-22.852857609967703,-23.30902713489249,-23.412574953539256,-23.514018298679904,-21.881185824544676,-22.198034074683008,-23.38247059157553,-23.00038190901148,-24.53221063019525,-24.927634860148174,-25.56475917655577,3
224645.75+003629.4,-25.09474085651062,-25.242742705689007,-25.51543142627529,-25.64568071050348,-25.793030157619047,-22.835902651734788,-24.600101318937572,-25.938147395376337,-25.718646028186495,-26.2483689405917,-27.1199567561267,-28.01024603315344,3
224739.33-003952.7,-24.718132069731936,-24.87488109280479,-25.13073962424282,-25.31082846933677,-25.394779247110403,-23.46612288757173,-24.03712187854449,-25.44718875988366,-25.526199259362546,-25.94931393088318,-26.757791235548808,-27.70346432223091,3
225238.79+193308.9,-24.28202852715321,-24.4739023241117,-24.81598811977984,-24.84081597034404,-24.99489933668069,-21.096313497299743,-23.90210631182686,-25.17854323917321,-25.02491034846748,-25.96810483632558,-26.285399081413665,-27.243081511839183,3
225308.65+050501.3,-23.53778972289698,-23.793603194975013,-24.17440716456652,-24.225198637089093,-24.495230150915777,-22.87819049499805,-23.60153714505824,-24.85318178271506,-24.93437534178615,-25.27802496900264,-25.65822271069219,-26.535160409197125,3
225448.43+261905.0,-22.3729197090846,-22.7506556285906,-23.33793899271873,-23.476103798590717,-23.921861874795862,-21.55185272950651,-22.03499575475239,-24.02631387219453,-23.833513752805,-24.436549173994123,-24.696628062026928,-25.488296508860635,3
225541.65+145715.9,-24.909431700680287,-25.01207944352297,-25.387098243752497,-25.538182466702555,-25.648486991434016,-23.45817219005455,-24.199377829497283,-25.768397484295427,-25.80197200158189,-26.219525477496543,-27.055094730070145,-28.04942860199534,3
230018.07+301812.9,-23.32314180507339,-23.501193514710856,-23.80683821230693,-23.941634058856128,-24.1589872864471,-22.74630997010765,-23.317528405276175,-24.83310259344072,-24.950474988332285,-25.347653050999227,-25.271183557433687,-26.156079617391264,3
230307.99+290542.6,-22.24354747950833,-22.88700319914709,-23.459881455401757,-23.705579016172557,-23.894304996370888,-21.104660913649585,-20.734928267123447,-24.54649201910953,-23.22390341507632,-24.822293041647253,-25.38913305629072,-26.333488987983845,3
230720.15+055305.2,-22.32222831750244,-22.586789541922144,-23.11790135547135,-23.32293481921325,-23.544537051842525,-22.13318065085444,-22.101234391494657,-23.978892580125752,-24.07727334747962,-24.73424576262009,-25.40760008225264,-26.34910054845152,3
231019.71+183710.6,-23.864392038751458,-24.06606451937585,-24.391869733332275,-24.54225127282542,-24.743520753016853,-21.592885548521608,-22.98074082197324,-24.917803258432397,-25.0534512622518,-25.64368766199713,-26.13966117003737,-26.98210754874005,3
231025.86+341141.1,-23.64837239945548,-23.86860854153652,-24.370539124939796,-24.59657727863785,-24.83019178708839,-22.40618120279381,-23.38405212554386,-25.1777448004318,-25.080472855726004,-25.738974847668675,-26.31552336220361,-27.21328789833225,3
231142.77+311513.4,-22.65951699889704,-23.088664416496265,-23.42241211402482,-23.522356621553868,-23.80992917463649,-21.89936853512753,-22.280272890111977,-24.73289918855413,-24.6769614297522,-25.10351534503772,-25.671151958117058,-26.499763500455074,3
231318.04-013604.8,-23.889798808173385,-24.06461237025382,-24.505352164744984,-24.66104277738104,-24.86810015422792,-22.92169354378167,-24.18625584957485,-25.015997784925805,-25.07934079547184,-25.45656266712248,-26.36657302870398,-27.222305259776583,3
232812.20+040200.6,-23.56903522227164,-23.90816179421881,-24.30200635964671,-24.49951159802231,-24.693440672676857,-22.686373410848628,-23.39143374487828,-25.101221374712267,-25.010550389119803,-25.67506377434921,-26.35960502649424,-27.36579248755295,3
233059.48+033810.7,-23.432888982387887,-23.75066346149837,-24.20898127075428,-24.348960039582074,-24.59973112998904,-22.563008502298786,-23.58260225854264,-24.846513653463376,-24.803521755334152,-25.516704165874717,-26.188990860236213,-27.25646487865772,3
233121.45+192156.6,-23.869972685036725,-24.01463371922343,-24.45502857857489,-24.572058296660284,-24.85726677892956,-21.986655104863093,-23.353198866922742,-24.96991426868389,-25.22424679683996,-25.56387838503581,-26.05119318106336,-26.965001794870663,3
233527.69-001339.3,-23.401466517814097,-23.66063589348118,-24.01128463266942,-24.17944980193667,-24.46480636850932,-22.27321585238461,-23.23739897820206,-24.927065894993422,-25.04264277781113,-25.3729605638526,-26.003740014658803,-26.96393186426499,3
233547.47-090441.5,-23.9625562759564,-24.08513783225057,-24.394668664562687,-24.544948728569,-24.618319906502165,-23.562365210010864,-23.80866945906004,-24.80322379401479,-24.949391575738893,-25.162913904340535,-26.14639180822932,-27.09389422745292,3
233847.03+354054.1,-23.89761809296952,-24.06504942318768,-24.457904880954597,-24.44763890024542,-24.6028805973014,-23.286253809383307,-23.82914919270768,-24.91760158869123,-24.830620723332867,-25.10524663662595,-25.692970618640864,-26.51417161475876,3
234046.54+145351.0,-23.99012839193017,-24.36459603827733,-24.75266456876209,-25.026121415670936,-25.213793074695943,-22.87454317619145,-23.78053019312711,-25.356337995498947,-25.226154802126203,-25.78604648841056,-26.59285369766653,-27.482343848195832,3
234055.38+315543.6,-23.44916742571661,-23.542139766085867,-23.91726662930689,-23.992182316564094,-24.101524108999605,-22.73297086550245,-23.01753710465851,-24.53947965643389,-23.998184285908483,-24.785620921286185,-25.563552573315256,-26.30562137281611,3
235023.72+273518.4,-23.66155696108168,-23.79809688366552,-24.16304084451772,-24.24649607912934,-24.38045383293874,-21.77177781642153,-23.44692826168529,-24.92713891279833,-25.04310476355357,-25.02545780415259,-25.2377933736779,-25.939060000124435,3
235321.28-015314.2,-23.00426811417316,-23.258455619307373,-23.59272010351188,-23.769859370727094,-23.986517869649266,-23.10268384614925,-23.10760032136239,-24.550340521084,-24.229498767669103,-25.432906481593392,-25.84246472941154,-26.85557828104167,3
235321.62-002840.6,-23.35584094864688,-23.686470875469357,-24.03970142298794,-24.100174486970623,-24.254180905526965,-21.326645559170043,-22.78935911566649,-24.70732087500098,-24.715870461837767,-25.295700836150623,-25.540691886232786,-26.38103324389191,3
235426.17+215411.1,-23.720893038219653,-23.8504221185561,-24.14983649978679,-24.150936421933743,-24.40011426221061,-22.896550164227527,-23.822903760954752,-24.89017451862483,-24.85830286778362,-25.51946913647656,-25.903340604687003,-26.764204058520736,3
235622.00-013619.4,-24.655313920766044,-24.897138146030848,-25.221200293667465,-25.238450298627143,-25.349426413274607,-24.41240960071276,-24.30001880233774,-25.498495234066137,-25.56075962648283,-26.048173483219884,-26.73749200085549,-27.69847406776989,3
